timestamp,users_holding
"2018-05-02 04:55:33",153
"2018-05-02 06:40:45",153
"2018-05-03 00:37:34",163
"2018-05-03 06:35:52",163
"2018-05-03 06:50:51",163
"2018-05-03 07:09:08",163
"2018-05-03 07:36:22",163
"2018-05-03 07:45:34",163
"2018-05-03 11:21:27",163
"2018-05-03 12:44:51",163
"2018-05-03 13:44:51",163
"2018-05-03 14:44:52",163
"2018-05-03 15:44:52",162
"2018-05-03 16:44:52",165
"2018-05-03 17:44:52",168
"2018-05-03 18:44:51",169
"2018-05-03 19:44:51",169
"2018-05-03 20:44:51",168
"2018-05-03 21:44:51",168
"2018-05-03 22:44:52",168
"2018-05-03 23:44:51",168
"2018-05-04 00:44:51",168
"2018-05-04 01:44:52",168
"2018-05-04 02:44:53",168
"2018-05-04 03:44:51",168
"2018-05-04 04:44:51",168
"2018-05-04 05:44:51",168
"2018-05-04 06:44:51",168
"2018-05-04 07:44:51",168
"2018-05-04 08:44:53",168
"2018-05-04 09:44:52",168
"2018-05-04 10:44:52",168
"2018-05-04 11:44:51",168
"2018-05-04 12:44:50",168
"2018-05-04 20:49:35",166
"2018-05-04 20:55:35",166
"2018-05-04 21:01:35",166
"2018-05-04 21:07:34",167
"2018-05-04 21:13:34",167
"2018-05-04 21:19:33",167
"2018-05-04 21:25:33",167
"2018-05-04 21:31:33",167
"2018-05-04 21:44:50",167
"2018-05-04 22:44:51",167
"2018-05-04 23:44:52",167
"2018-05-05 00:44:50",167
"2018-05-05 01:44:52",167
"2018-05-05 02:44:51",167
"2018-05-05 03:44:51",167
"2018-05-05 04:44:52",167
"2018-05-05 05:44:50",167
"2018-05-05 06:44:52",167
"2018-05-05 07:44:52",167
"2018-05-05 08:44:52",167
"2018-05-05 09:44:50",167
"2018-05-05 10:44:52",167
"2018-05-05 11:44:51",167
"2018-05-05 12:44:52",167
"2018-05-05 13:44:52",167
"2018-05-05 14:44:52",167
"2018-05-05 15:44:53",167
"2018-05-05 16:44:52",167
"2018-05-05 17:44:52",167
"2018-05-05 18:44:51",167
"2018-05-05 19:44:51",167
"2018-05-05 20:44:52",167
"2018-05-05 21:44:50",167
"2018-05-05 22:44:52",167
"2018-05-05 23:44:50",167
"2018-05-06 00:44:51",167
"2018-05-06 01:44:51",167
"2018-05-06 02:44:52",167
"2018-05-06 03:44:51",167
"2018-05-06 04:44:51",167
"2018-05-06 05:44:51",167
"2018-05-06 06:44:51",167
"2018-05-06 07:44:55",167
"2018-05-06 08:44:50",167
"2018-05-06 09:44:50",167
"2018-05-06 10:44:50",167
"2018-05-06 11:44:52",167
"2018-05-06 12:44:50",167
"2018-05-06 13:44:52",167
"2018-05-06 14:44:51",167
"2018-05-06 15:44:51",167
"2018-05-06 16:44:51",167
"2018-05-06 17:44:51",167
"2018-05-06 18:44:52",167
"2018-05-06 19:44:51",167
"2018-05-06 20:44:52",167
"2018-05-06 21:44:52",167
"2018-05-06 22:44:51",167
"2018-05-06 23:44:51",167
"2018-05-07 00:44:51",167
"2018-05-07 01:44:51",167
"2018-05-07 01:58:27",167
"2018-05-07 02:44:52",167
"2018-05-07 03:44:52",167
"2018-05-07 04:44:51",167
"2018-05-07 05:44:51",167
"2018-05-07 06:44:50",167
"2018-05-07 07:44:51",167
"2018-05-07 08:44:53",167
"2018-05-07 09:44:51",167
"2018-05-07 10:44:51",167
"2018-05-07 11:44:51",167
"2018-05-07 12:44:50",167
"2018-05-07 13:45:02",167
"2018-05-07 14:44:51",165
"2018-05-07 15:44:52",166
"2018-05-07 16:44:56",166
"2018-05-07 22:44:52",164
"2018-05-07 23:44:52",164
"2018-05-08 00:44:54",164
"2018-05-08 01:44:58",164
"2018-05-08 02:44:52",164
"2018-05-08 03:44:52",164
"2018-05-08 04:44:53",164
"2018-05-08 05:44:51",164
"2018-05-08 06:44:52",164
"2018-05-08 07:44:52",164
"2018-05-08 08:44:52",164
"2018-05-08 09:44:51",164
"2018-05-08 10:44:50",164
"2018-05-08 11:44:49",164
"2018-05-08 12:44:49",164
"2018-05-08 13:44:51",164
"2018-05-08 14:44:53",164
"2018-05-08 15:44:52",164
"2018-05-08 16:44:51",164
"2018-05-08 17:44:51",162
"2018-05-08 18:44:52",161
"2018-05-08 19:44:51",161
"2018-05-08 20:44:51",162
"2018-05-08 21:44:51",162
"2018-05-08 22:44:52",162
"2018-05-08 23:44:57",162
"2018-05-09 00:44:52",162
"2018-05-09 01:44:52",162
"2018-05-09 02:44:51",162
"2018-05-09 03:44:51",162
"2018-05-09 04:44:52",162
"2018-05-09 05:44:53",162
"2018-05-09 06:44:51",162
"2018-05-09 07:44:52",162
"2018-05-09 08:44:52",162
"2018-05-09 09:44:50",162
"2018-05-09 10:44:51",162
"2018-05-09 11:44:51",162
"2018-05-09 12:44:51",162
"2018-05-09 13:44:54",162
"2018-05-09 14:44:52",161
"2018-05-09 15:44:51",161
"2018-05-09 16:44:52",161
"2018-05-09 17:44:53",161
"2018-05-09 18:44:52",160
"2018-05-09 19:44:52",160
"2018-05-09 20:44:50",160
"2018-05-09 21:44:52",160
"2018-05-09 22:44:51",160
"2018-05-09 23:44:51",160
"2018-05-10 00:44:52",160
"2018-05-10 01:44:52",160
"2018-05-10 02:44:53",160
"2018-05-10 03:44:54",160
"2018-05-10 04:44:54",160
"2018-05-10 05:44:53",160
"2018-05-10 06:44:53",160
"2018-05-10 07:44:54",160
"2018-05-10 08:44:53",160
"2018-05-10 09:44:52",160
"2018-05-10 10:44:53",160
"2018-05-10 11:44:53",160
"2018-05-10 12:44:53",160
"2018-05-10 13:45:03",160
"2018-05-10 14:44:54",160
"2018-05-10 15:44:54",159
"2018-05-10 16:44:53",159
"2018-05-10 17:44:53",158
"2018-05-10 18:44:53",157
"2018-05-10 19:44:54",158
"2018-05-10 20:44:53",158
"2018-05-10 21:44:53",158
"2018-05-10 22:44:53",158
"2018-05-10 23:44:54",158
"2018-05-11 00:44:53",158
"2018-05-11 01:44:54",158
"2018-05-11 02:44:53",158
"2018-05-11 03:44:53",158
"2018-05-11 04:44:53",158
"2018-05-11 05:44:55",158
"2018-05-11 06:44:53",158
"2018-05-11 07:44:53",158
"2018-05-11 08:44:53",158
"2018-05-11 09:44:52",158
"2018-05-11 10:44:52",158
"2018-05-11 11:44:53",158
"2018-05-11 12:44:52",158
"2018-05-11 13:44:55",158
"2018-05-11 14:44:53",159
"2018-05-11 15:44:54",158
"2018-05-11 16:44:53",156
"2018-05-11 17:44:54",156
"2018-05-11 18:44:53",156
"2018-05-11 19:44:54",156
"2018-05-11 20:44:52",156
"2018-05-11 21:44:53",157
"2018-05-11 22:44:52",157
"2018-05-11 23:44:52",157
"2018-05-12 00:44:53",157
"2018-05-12 01:44:53",157
"2018-05-12 02:44:55",157
"2018-05-12 03:44:53",157
"2018-05-12 04:44:53",157
"2018-05-12 05:44:53",157
"2018-05-12 06:44:53",157
"2018-05-12 07:44:53",157
"2018-05-12 08:44:53",157
"2018-05-12 09:44:52",157
"2018-05-12 10:44:53",157
"2018-05-12 11:44:53",157
"2018-05-12 12:44:53",157
"2018-05-12 13:44:54",157
"2018-05-12 14:44:53",157
"2018-05-12 15:44:54",157
"2018-05-12 16:44:53",157
"2018-05-12 17:44:54",157
"2018-05-12 18:44:52",157
"2018-05-12 19:44:54",157
"2018-05-12 20:44:53",157
"2018-05-12 21:44:52",157
"2018-05-12 22:44:53",157
"2018-05-12 23:44:53",157
"2018-05-13 00:44:53",157
"2018-05-13 01:44:53",157
"2018-05-13 02:44:52",157
"2018-05-13 03:44:52",157
"2018-05-13 04:44:53",157
"2018-05-13 05:44:53",157
"2018-05-13 06:44:54",157
"2018-05-13 07:44:53",157
"2018-05-13 08:44:52",157
"2018-05-13 09:44:53",157
"2018-05-13 10:44:51",157
"2018-05-13 11:44:51",157
"2018-05-13 12:44:53",157
"2018-05-13 13:44:53",157
"2018-05-13 14:44:52",157
"2018-05-13 15:44:53",157
"2018-05-13 16:44:54",157
"2018-05-13 17:44:53",157
"2018-05-13 18:44:54",157
"2018-05-13 19:44:52",157
"2018-05-13 20:44:54",157
"2018-05-13 21:44:53",157
"2018-05-13 22:44:54",157
"2018-05-13 23:44:54",157
"2018-05-14 00:44:53",157
"2018-05-14 01:44:54",157
"2018-05-14 02:44:54",157
"2018-05-14 03:44:53",157
"2018-05-14 04:44:54",157
"2018-05-14 05:44:53",157
"2018-05-14 06:44:52",157
"2018-05-14 07:44:52",157
"2018-05-14 08:44:52",157
"2018-05-14 09:44:52",157
"2018-05-14 10:44:52",157
"2018-05-14 11:44:53",157
"2018-05-14 12:44:51",157
"2018-05-14 13:44:56",157
"2018-05-14 14:44:54",155
"2018-05-14 15:44:53",155
"2018-05-14 16:44:52",155
"2018-05-14 17:44:52",155
"2018-05-14 18:44:55",155
"2018-05-14 19:44:52",156
"2018-05-14 20:44:53",157
"2018-05-14 21:44:52",157
"2018-05-14 22:44:53",157
"2018-05-14 23:44:53",157
"2018-05-15 00:44:54",157
"2018-05-15 01:44:54",157
"2018-05-15 02:44:54",157
"2018-05-15 03:44:53",157
"2018-05-15 04:44:54",157
"2018-05-15 05:44:53",157
"2018-05-15 06:44:52",157
"2018-05-15 07:44:52",157
"2018-05-15 08:44:53",157
"2018-05-15 09:44:52",157
"2018-05-15 10:44:54",157
"2018-05-15 11:44:52",157
"2018-05-15 12:44:52",157
"2018-05-15 13:44:53",157
"2018-05-15 14:44:53",156
"2018-05-15 15:44:53",155
"2018-05-15 16:44:53",155
"2018-05-15 17:44:52",155
"2018-05-15 18:44:56",154
"2018-05-15 19:44:52",154
"2018-05-15 20:44:51",154
"2018-05-15 21:44:50",154
"2018-05-15 22:44:52",154
"2018-05-15 23:44:52",154
"2018-05-16 00:44:51",154
"2018-05-16 01:44:52",154
"2018-05-16 02:44:52",154
"2018-05-16 03:44:53",154
"2018-05-16 04:44:53",154
"2018-05-16 05:44:52",154
"2018-05-16 06:44:52",154
"2018-05-16 07:44:52",154
"2018-05-16 08:44:53",154
"2018-05-16 09:44:51",154
"2018-05-16 10:44:51",154
"2018-05-16 11:44:52",154
"2018-05-16 12:44:53",154
"2018-05-16 13:44:53",154
"2018-05-16 14:44:52",154
"2018-05-16 15:44:52",154
"2018-05-16 16:44:52",154
"2018-05-16 17:44:53",154
"2018-05-16 18:44:51",154
"2018-05-16 19:44:51",154
"2018-05-16 20:44:51",152
"2018-05-16 21:44:51",152
"2018-05-16 22:44:51",152
"2018-05-16 23:44:51",152
"2018-05-17 00:44:54",152
"2018-05-17 01:44:51",152
"2018-05-17 02:44:52",152
"2018-05-17 03:44:52",152
"2018-05-17 04:44:53",152
"2018-05-17 05:44:52",152
"2018-05-17 06:44:54",152
"2018-05-17 07:44:52",152
"2018-05-17 08:44:56",152
"2018-05-17 09:44:52",152
"2018-05-17 10:44:51",152
"2018-05-17 11:44:53",152
"2018-05-17 12:44:51",152
"2018-05-17 13:44:54",152
"2018-05-17 14:44:52",152
"2018-05-17 15:44:53",153
"2018-05-18 07:44:53",153
"2018-05-18 08:44:53",153
"2018-05-18 09:44:51",153
"2018-05-18 10:44:51",153
"2018-05-18 11:44:52",153
"2018-05-18 12:44:53",153
"2018-05-18 13:44:54",153
"2018-05-18 14:44:53",152
"2018-05-18 15:44:52",152
"2018-05-18 16:44:53",152
"2018-05-18 17:44:52",152
"2018-05-18 18:44:52",152
"2018-05-18 19:44:53",151
"2018-05-18 20:44:53",151
"2018-05-18 21:44:51",151
"2018-05-18 22:44:53",151
"2018-05-18 23:44:52",151
"2018-05-19 00:44:52",151
"2018-05-19 01:44:54",151
"2018-05-19 02:44:54",151
"2018-05-19 03:44:54",151
"2018-05-19 04:44:53",151
"2018-05-19 05:44:53",151
"2018-05-19 06:44:55",151
"2018-05-19 07:44:52",151
"2018-05-19 08:44:53",151
"2018-05-19 09:44:53",151
"2018-05-19 10:44:51",151
"2018-05-19 11:44:52",151
"2018-05-19 12:44:52",151
"2018-05-19 13:44:54",151
"2018-05-19 14:44:53",151
"2018-05-19 15:44:53",151
"2018-05-19 16:44:53",151
"2018-05-19 17:44:53",151
"2018-05-19 18:44:53",151
"2018-05-19 19:44:53",151
"2018-05-19 20:44:53",151
"2018-05-19 21:44:53",151
"2018-05-19 22:44:52",151
"2018-05-19 23:44:52",151
"2018-05-20 00:44:53",151
"2018-05-20 01:44:54",151
"2018-05-20 02:44:52",151
"2018-05-20 03:44:52",151
"2018-05-20 04:44:53",151
"2018-05-20 05:44:53",151
"2018-05-20 06:44:51",151
"2018-05-20 07:44:52",151
"2018-05-20 08:44:53",151
"2018-05-20 09:44:53",151
"2018-05-20 10:44:52",151
"2018-05-20 11:44:52",151
"2018-05-20 12:44:52",151
"2018-05-20 13:44:52",151
"2018-05-20 14:44:55",151
"2018-05-20 15:44:53",151
"2018-05-20 16:44:52",151
"2018-05-20 17:44:54",151
"2018-05-20 18:44:53",151
"2018-05-20 19:44:52",151
"2018-05-20 20:44:52",151
"2018-05-20 21:44:52",151
"2018-05-20 22:44:53",151
"2018-05-20 23:44:52",151
"2018-05-21 00:44:54",151
"2018-05-21 01:45:07",151
"2018-05-21 02:45:01",151
"2018-05-21 03:44:54",151
"2018-05-21 04:44:58",151
"2018-05-21 05:44:52",151
"2018-05-21 06:44:53",151
"2018-05-21 07:44:53",151
"2018-05-21 08:44:56",151
"2018-05-21 09:44:53",151
"2018-05-21 10:44:51",151
"2018-05-21 11:44:52",151
"2018-05-21 12:44:57",151
"2018-05-21 13:44:53",151
"2018-05-21 14:44:53",150
"2018-05-21 15:44:52",149
"2018-05-21 16:44:52",149
"2018-05-21 17:44:51",149
"2018-05-21 18:44:52",149
"2018-05-21 19:44:52",149
"2018-05-21 20:44:52",149
"2018-05-21 21:44:52",149
"2018-05-21 22:44:51",149
"2018-05-21 23:44:51",149
"2018-05-22 00:44:52",149
"2018-05-22 01:44:53",149
"2018-05-22 02:44:52",149
"2018-05-22 03:44:52",149
"2018-05-22 04:44:53",149
"2018-05-22 05:44:50",149
"2018-05-22 06:44:51",149
"2018-05-22 07:44:52",149
"2018-05-22 08:44:58",149
"2018-05-22 09:44:51",149
"2018-05-22 10:44:51",149
"2018-05-22 11:44:51",149
"2018-05-22 12:44:53",149
"2018-05-22 13:44:55",149
"2018-05-22 14:44:54",149
"2018-05-22 15:44:54",149
"2018-05-22 16:44:53",152
"2018-05-22 17:44:52",151
"2018-05-22 18:44:52",152
"2018-05-22 19:44:53",151
"2018-05-22 20:44:54",151
"2018-05-22 21:44:52",151
"2018-05-22 22:44:52",151
"2018-05-22 23:44:53",151
"2018-05-23 00:44:52",151
"2018-05-23 01:44:53",151
"2018-05-23 02:44:52",151
"2018-05-23 03:44:54",151
"2018-05-23 04:44:53",151
"2018-05-23 05:44:54",151
"2018-05-23 06:44:53",151
"2018-05-23 07:44:57",151
"2018-05-23 08:44:53",151
"2018-05-23 09:44:53",151
"2018-05-23 10:44:54",151
"2018-05-23 11:44:53",151
"2018-05-23 12:44:51",151
"2018-05-23 13:44:53",151
"2018-05-23 14:44:53",152
"2018-05-23 15:44:53",151
"2018-05-23 16:44:55",151
"2018-05-23 17:44:53",151
"2018-05-23 18:44:52",151
"2018-05-23 19:44:53",153
"2018-05-23 20:44:54",152
"2018-05-23 21:44:53",152
"2018-05-23 22:44:52",152
"2018-05-23 23:44:51",152
"2018-05-24 00:44:51",152
"2018-05-24 01:44:52",152
"2018-05-24 02:44:53",152
"2018-05-24 03:44:51",152
"2018-05-24 04:44:51",152
"2018-05-24 06:44:52",152
"2018-05-24 07:44:52",152
"2018-05-24 08:44:52",152
"2018-05-24 09:44:52",152
"2018-05-24 10:44:53",152
"2018-05-24 11:44:52",152
"2018-05-24 12:44:52",152
"2018-05-24 20:14:00",152
"2018-05-24 20:44:52",152
"2018-05-24 21:44:53",152
"2018-05-24 22:44:53",152
"2018-05-24 23:44:53",152
"2018-05-25 00:44:53",152
"2018-05-25 01:44:54",152
"2018-05-25 02:44:53",152
"2018-05-25 03:44:53",152
"2018-05-25 04:44:53",152
"2018-05-25 05:44:54",152
"2018-05-25 06:44:53",152
"2018-05-25 07:44:53",152
"2018-05-25 08:44:52",152
"2018-05-25 09:44:52",152
"2018-05-25 10:44:53",152
"2018-05-25 11:44:53",152
"2018-05-25 12:44:53",152
"2018-05-25 13:44:53",152
"2018-05-25 14:44:53",153
"2018-05-25 15:44:53",153
"2018-05-25 16:44:54",154
"2018-05-25 17:44:52",154
"2018-05-25 18:44:53",153
"2018-05-25 19:44:53",153
"2018-05-25 20:44:52",155
"2018-05-25 21:44:52",155
"2018-05-25 22:44:52",155
"2018-05-25 23:44:53",155
"2018-05-26 00:44:53",155
"2018-05-26 01:44:53",155
"2018-05-26 02:44:53",155
"2018-05-26 03:44:52",155
"2018-05-26 04:44:52",155
"2018-05-26 05:44:53",155
"2018-05-26 06:44:52",155
"2018-05-26 07:44:53",155
"2018-05-26 08:44:53",155
"2018-05-26 09:44:51",155
"2018-05-26 10:44:52",155
"2018-05-26 11:44:52",155
"2018-05-26 12:44:53",155
"2018-05-26 13:44:53",155
"2018-05-26 14:44:53",155
"2018-05-26 15:44:53",155
"2018-05-26 16:44:53",155
"2018-05-26 17:44:53",155
"2018-05-26 18:44:54",155
"2018-05-26 19:44:56",155
"2018-05-26 20:44:53",155
"2018-05-26 21:44:52",155
"2018-05-26 22:44:53",155
"2018-05-26 23:44:53",155
"2018-05-27 00:44:53",155
"2018-05-27 01:44:53",155
"2018-05-27 02:44:53",155
"2018-05-27 03:44:52",155
"2018-05-27 04:44:52",155
"2018-05-27 05:44:54",155
"2018-05-27 06:44:53",155
"2018-05-27 07:44:52",155
"2018-05-27 08:44:52",155
"2018-05-27 09:44:52",155
"2018-05-27 10:44:52",155
"2018-05-27 11:44:52",155
"2018-05-27 12:44:52",155
"2018-05-27 13:44:54",155
"2018-05-27 14:44:53",155
"2018-05-27 15:44:53",155
"2018-05-27 16:44:52",155
"2018-05-27 17:44:52",155
"2018-05-27 18:44:53",155
"2018-05-27 19:44:52",155
"2018-05-27 20:44:53",155
"2018-05-27 21:44:54",155
"2018-05-27 22:44:54",155
"2018-05-27 23:44:53",155
"2018-05-28 00:44:53",155
"2018-05-28 01:44:52",155
"2018-05-28 02:44:53",155
"2018-05-28 03:44:53",155
"2018-05-28 04:44:52",155
"2018-05-28 05:44:52",155
"2018-05-28 06:44:53",155
"2018-05-28 07:44:52",155
"2018-05-28 08:44:52",155
"2018-05-28 09:44:53",155
"2018-05-28 10:44:52",155
"2018-05-28 11:44:53",155
"2018-05-28 12:44:52",155
"2018-05-28 13:44:52",155
"2018-05-28 14:44:52",155
"2018-05-28 15:44:53",155
"2018-05-28 16:44:52",155
"2018-05-28 17:44:53",155
"2018-05-28 18:44:53",155
"2018-05-28 19:44:53",155
"2018-05-28 20:44:53",155
"2018-05-28 21:44:52",155
"2018-05-28 22:44:53",155
"2018-05-28 23:44:53",155
"2018-05-29 00:44:52",155
"2018-05-29 01:44:51",155
"2018-05-29 02:44:53",155
"2018-05-29 03:44:53",155
"2018-05-29 04:44:53",155
"2018-05-29 05:44:53",155
"2018-05-29 06:44:53",155
"2018-05-29 07:44:52",155
"2018-05-29 08:44:59",155
"2018-05-29 09:44:53",155
"2018-05-29 10:44:52",155
"2018-05-29 11:44:52",155
"2018-05-29 12:44:52",155
"2018-05-30 19:55:33",161
"2018-05-30 20:44:52",160
"2018-05-30 21:44:53",160
"2018-05-30 22:44:52",160
"2018-05-30 23:44:53",160
"2018-05-31 00:44:53",160
"2018-05-31 01:44:55",160
"2018-05-31 02:44:53",160
"2018-05-31 03:44:57",160
"2018-05-31 04:44:52",160
"2018-05-31 05:44:52",160
"2018-05-31 06:44:53",160
"2018-05-31 07:44:52",160
"2018-05-31 08:44:53",160
"2018-05-31 09:44:52",160
"2018-05-31 10:44:53",160
"2018-05-31 11:44:52",160
"2018-05-31 12:44:53",160
"2018-05-31 13:44:55",160
"2018-05-31 14:44:53",160
"2018-05-31 15:44:53",159
"2018-05-31 16:44:52",159
"2018-05-31 17:44:53",159
"2018-05-31 18:44:54",159
"2018-05-31 19:44:53",158
"2018-05-31 20:44:54",158
"2018-05-31 21:44:52",158
"2018-05-31 22:44:53",158
"2018-05-31 23:44:53",158
"2018-06-01 00:44:53",158
"2018-06-01 01:44:53",158
"2018-06-01 02:44:53",158
"2018-06-01 03:44:53",158
"2018-06-01 04:44:52",158
"2018-06-01 05:44:52",158
"2018-06-01 06:44:53",158
"2018-06-01 07:44:54",158
"2018-06-01 08:44:55",158
"2018-06-01 09:44:52",158
"2018-06-01 10:44:52",158
"2018-06-01 11:44:53",158
"2018-06-01 12:44:52",158
"2018-06-01 13:45:02",158
"2018-06-01 14:44:54",158
"2018-06-01 15:44:55",160
"2018-06-01 16:44:54",160
"2018-06-01 17:44:55",160
"2018-06-01 18:44:53",160
"2018-06-01 19:44:55",160
"2018-06-01 20:44:54",160
"2018-06-01 21:44:54",160
"2018-06-01 22:44:55",160
"2018-06-01 23:44:54",160
"2018-06-02 00:44:54",160
"2018-06-02 01:44:54",160
"2018-06-02 02:44:55",160
"2018-06-02 03:44:54",160
"2018-06-02 04:44:54",160
"2018-06-02 05:44:54",160
"2018-06-02 06:44:53",160
"2018-06-02 07:44:54",160
"2018-06-02 08:44:53",160
"2018-06-02 09:44:56",160
"2018-06-02 10:44:53",160
"2018-06-02 11:44:53",160
"2018-06-02 12:44:55",160
"2018-06-02 13:44:55",160
"2018-06-02 14:44:55",160
"2018-06-02 15:44:55",160
"2018-06-02 16:44:54",160
"2018-06-02 17:44:54",160
"2018-06-02 18:44:53",160
"2018-06-02 19:44:55",160
"2018-06-02 20:44:54",160
"2018-06-02 21:44:54",160
"2018-06-02 22:44:54",160
"2018-06-02 23:44:55",160
"2018-06-03 00:44:53",160
"2018-06-03 01:44:54",160
"2018-06-03 02:44:54",160
"2018-06-03 03:44:53",160
"2018-06-03 04:44:53",160
"2018-06-03 05:44:54",160
"2018-06-03 06:44:54",160
"2018-06-03 19:47:10",160
"2018-06-03 20:44:55",160
"2018-06-03 21:44:54",160
"2018-06-03 22:44:54",160
"2018-06-03 23:44:54",160
"2018-06-04 00:44:54",160
"2018-06-04 01:44:54",160
"2018-06-04 02:44:54",160
"2018-06-04 03:44:53",160
"2018-06-04 04:44:56",160
"2018-06-04 05:44:54",160
"2018-06-04 06:44:54",160
"2018-06-04 07:44:54",160
"2018-06-04 08:44:54",160
"2018-06-04 09:44:54",160
"2018-06-04 10:44:46",160
"2018-06-04 11:44:46",160
"2018-06-04 12:44:46",160
"2018-06-04 13:44:48",160
"2018-06-04 14:44:48",162
"2018-06-04 15:44:48",162
"2018-06-04 16:44:47",162
"2018-06-04 17:44:47",162
"2018-06-04 18:44:48",163
"2018-06-04 19:44:49",162
"2018-06-04 20:44:48",162
"2018-06-04 21:44:48",162
"2018-06-04 22:44:50",162
"2018-06-04 23:44:50",162
"2018-06-05 00:44:50",162
"2018-06-05 01:44:49",162
"2018-06-05 02:44:50",162
"2018-06-05 03:44:49",162
"2018-06-05 04:44:51",162
"2018-06-05 05:44:50",162
"2018-06-05 06:44:50",162
"2018-06-05 07:44:49",162
"2018-06-05 08:44:49",162
"2018-06-05 09:44:49",162
"2018-06-05 10:44:50",162
"2018-06-05 11:44:49",162
"2018-06-05 12:44:48",162
"2018-06-05 13:45:29",162
"2018-06-05 14:44:52",161
"2018-06-05 15:44:50",161
"2018-06-05 16:44:50",161
"2018-06-05 17:44:49",162
"2018-06-05 18:44:49",163
"2018-06-05 19:44:50",162
"2018-06-05 20:44:50",163
"2018-06-05 21:44:50",163
"2018-06-05 22:44:50",163
"2018-06-05 23:44:50",163
"2018-06-06 00:44:50",163
"2018-06-06 01:44:49",163
"2018-06-06 02:44:50",163
"2018-06-06 03:44:51",163
"2018-06-06 04:44:50",163
"2018-06-06 05:44:50",163
"2018-06-06 06:44:49",163
"2018-06-06 07:44:49",163
"2018-06-06 08:44:50",163
"2018-06-06 09:44:49",163
"2018-06-06 10:44:50",163
"2018-06-06 11:44:50",163
"2018-06-06 12:44:49",163
"2018-06-06 13:44:50",163
"2018-06-06 14:44:50",164
"2018-06-06 15:44:51",164
"2018-06-06 16:44:51",164
"2018-06-06 17:44:50",164
"2018-06-06 18:44:50",163
"2018-06-06 19:44:50",163
"2018-06-06 20:44:50",165
"2018-06-06 21:44:51",165
"2018-06-06 22:44:53",165
"2018-06-06 23:44:54",165
"2018-06-07 00:44:54",165
"2018-06-07 01:44:54",165
"2018-06-07 02:44:54",165
"2018-06-07 03:44:53",165
"2018-06-07 04:44:54",165
"2018-06-07 05:44:55",165
"2018-06-07 06:44:54",165
"2018-06-07 07:44:54",165
"2018-06-07 08:44:54",165
"2018-06-07 09:44:54",165
"2018-06-07 10:44:53",165
"2018-06-07 11:44:54",165
"2018-06-07 12:44:54",165
"2018-06-07 13:44:54",165
"2018-06-07 14:44:55",164
"2018-06-07 15:44:54",164
"2018-06-07 16:44:55",163
"2018-06-07 17:44:55",163
"2018-06-07 18:44:54",162
"2018-06-07 19:44:55",162
"2018-06-07 20:44:55",161
"2018-06-07 21:44:54",161
"2018-06-07 22:44:55",161
"2018-06-07 23:44:55",161
"2018-06-08 00:44:55",161
"2018-06-08 01:44:54",161
"2018-06-08 02:44:55",161
"2018-06-08 03:44:55",161
"2018-06-08 04:44:56",161
"2018-06-08 05:44:54",161
"2018-06-08 06:44:56",161
"2018-06-08 07:44:56",161
"2018-06-08 08:44:55",161
"2018-06-08 09:44:54",161
"2018-06-08 10:44:54",162
"2018-06-08 11:44:53",162
"2018-06-08 12:44:56",162
"2018-06-08 13:44:56",162
"2018-06-08 14:44:55",160
"2018-06-08 15:44:54",159
"2018-06-08 16:44:55",159
"2018-06-08 17:44:55",159
"2018-06-08 18:44:55",159
"2018-06-08 19:44:55",159
"2018-06-08 20:44:55",158
"2018-06-08 21:44:54",158
"2018-06-08 22:44:54",158
"2018-06-08 23:44:54",158
"2018-06-09 00:44:54",158
"2018-06-09 01:44:55",158
"2018-06-09 02:44:54",158
"2018-06-09 03:44:55",158
"2018-06-09 04:44:56",158
"2018-06-09 05:44:54",158
"2018-06-09 06:44:57",158
"2018-06-09 07:44:54",158
"2018-06-09 08:44:54",158
"2018-06-09 09:44:55",158
"2018-06-09 10:44:55",158
"2018-06-09 11:44:56",158
"2018-06-09 12:44:56",158
"2018-06-09 13:44:56",158
"2018-06-09 14:44:55",158
"2018-06-09 15:44:58",158
"2018-06-09 16:44:55",158
"2018-06-09 17:44:57",158
"2018-06-09 18:44:57",158
"2018-06-09 19:44:56",158
"2018-06-09 20:44:56",158
"2018-06-09 21:44:56",158
"2018-06-09 22:44:54",158
"2018-06-09 23:44:54",158
"2018-06-10 00:44:55",158
"2018-06-10 01:44:55",158
"2018-06-10 02:44:55",158
"2018-06-10 03:44:55",158
"2018-06-10 04:44:56",158
"2018-06-10 05:44:54",158
"2018-06-10 06:44:55",158
"2018-06-10 07:44:56",158
"2018-06-10 08:44:55",158
"2018-06-10 09:44:55",158
"2018-06-10 10:44:56",158
"2018-06-10 11:44:55",158
"2018-06-10 12:44:54",158
"2018-06-10 13:44:54",158
"2018-06-10 14:44:56",158
"2018-06-10 15:44:54",158
"2018-06-10 16:44:56",158
"2018-06-10 17:44:55",158
"2018-06-10 18:44:56",158
"2018-06-10 19:44:55",158
"2018-06-10 20:44:54",158
"2018-06-10 21:44:54",158
"2018-06-10 22:44:55",158
"2018-06-10 23:44:55",158
"2018-06-11 00:44:55",158
"2018-06-11 01:44:54",158
"2018-06-11 02:44:54",158
"2018-06-11 03:44:55",158
"2018-06-11 04:44:55",158
"2018-06-11 06:44:54",158
"2018-06-11 07:44:54",158
"2018-06-11 08:44:55",158
"2018-06-11 09:44:54",158
"2018-06-11 10:44:54",158
"2018-06-11 11:44:53",158
"2018-06-11 12:44:55",158
"2018-06-11 13:44:56",158
"2018-06-11 14:44:55",159
"2018-06-11 15:44:55",159
"2018-06-11 16:44:55",158
"2018-06-11 17:44:54",159
"2018-06-11 18:44:55",160
"2018-06-11 19:44:54",160
"2018-06-11 20:44:55",161
"2018-06-11 21:44:54",161
"2018-06-11 22:44:53",161
"2018-06-11 23:44:54",161
"2018-06-12 00:44:55",161
"2018-06-12 01:44:56",161
"2018-06-12 02:44:55",161
"2018-06-12 03:44:56",161
"2018-06-12 04:44:55",161
"2018-06-12 05:44:55",161
"2018-06-12 06:44:55",161
"2018-06-12 07:44:56",161
"2018-06-12 08:44:55",161
"2018-06-12 09:44:54",161
"2018-06-12 10:44:54",161
"2018-06-12 11:44:54",161
"2018-06-12 12:44:55",161
"2018-06-12 13:44:57",161
"2018-06-12 14:44:55",159
"2018-06-12 15:44:54",161
"2018-06-12 16:44:55",160
"2018-06-12 17:44:54",159
"2018-06-12 18:44:55",159
"2018-06-12 19:44:55",159
"2018-06-12 20:44:54",159
"2018-06-12 21:44:54",159
"2018-06-12 22:44:53",159
"2018-06-12 23:44:55",159
"2018-06-13 00:44:55",159
"2018-06-13 01:44:54",159
"2018-06-13 02:44:54",159
"2018-06-13 03:44:55",159
"2018-06-13 04:44:56",159
"2018-06-13 05:44:55",159
"2018-06-13 06:44:55",159
"2018-06-13 07:44:55",159
"2018-06-13 08:44:56",159
"2018-06-13 09:44:54",159
"2018-06-13 10:44:54",159
"2018-06-13 11:44:54",159
"2018-06-13 12:44:55",159
"2018-06-13 13:44:57",159
"2018-06-13 14:44:56",161
"2018-06-13 15:44:55",160
"2018-06-13 16:44:55",160
"2018-06-13 17:44:55",160
"2018-06-13 18:44:56",160
"2018-06-13 19:44:55",160
"2018-06-13 20:44:55",161
"2018-06-13 21:44:56",161
"2018-06-13 22:44:54",161
"2018-06-13 23:44:54",161
"2018-06-14 00:44:55",161
"2018-06-14 01:44:56",161
"2018-06-14 02:44:55",161
"2018-06-14 03:44:56",161
"2018-06-14 04:44:55",161
"2018-06-14 05:44:57",161
"2018-06-14 06:44:55",161
"2018-06-14 07:44:55",161
"2018-06-14 08:44:55",161
"2018-06-14 09:44:53",161
"2018-06-14 10:44:54",162
"2018-06-14 11:44:56",162
"2018-06-14 12:44:56",162
"2018-06-14 13:44:56",162
"2018-06-14 14:44:54",160
"2018-06-14 15:44:56",159
"2018-06-14 16:44:54",159
"2018-06-14 17:44:54",159
"2018-06-14 18:44:55",161
"2018-06-14 19:44:56",161
"2018-06-14 20:44:55",160
"2018-06-14 21:44:55",160
"2018-06-14 22:44:56",160
"2018-06-14 23:44:55",160
"2018-06-15 00:44:54",160
"2018-06-15 01:44:54",160
"2018-06-15 02:44:54",160
"2018-06-15 03:44:55",160
"2018-06-15 04:44:55",160
"2018-06-15 05:44:57",160
"2018-06-15 06:44:56",160
"2018-06-15 07:44:54",160
"2018-06-15 08:44:54",160
"2018-06-15 09:44:54",160
"2018-06-15 10:44:55",160
"2018-06-15 11:44:54",160
"2018-06-15 12:44:54",160
"2018-06-15 13:44:56",160
"2018-06-15 14:44:56",161
"2018-06-15 15:44:55",162
"2018-06-15 16:44:55",162
"2018-06-15 17:44:54",163
"2018-06-15 18:44:56",163
"2018-06-15 19:44:54",163
"2018-06-15 20:44:55",163
"2018-06-15 21:44:54",163
"2018-06-15 22:44:54",163
"2018-06-15 23:44:55",163
"2018-06-16 00:44:55",163
"2018-06-16 01:44:55",163
"2018-06-16 02:44:58",163
"2018-06-16 03:44:55",163
"2018-06-16 04:44:57",163
"2018-06-16 05:44:57",163
"2018-06-16 06:44:55",163
"2018-06-16 07:44:54",163
"2018-06-16 08:44:55",163
"2018-06-16 09:44:55",163
"2018-06-16 10:44:54",163
"2018-06-16 11:44:55",163
"2018-06-16 12:44:55",163
"2018-06-16 13:44:56",163
"2018-06-16 14:44:56",163
"2018-06-16 15:44:55",163
"2018-06-16 16:44:55",163
"2018-06-16 17:44:55",163
"2018-06-16 18:44:55",163
"2018-06-16 19:44:55",163
"2018-06-16 20:44:55",163
"2018-06-16 21:44:55",163
"2018-06-16 22:44:56",163
"2018-06-16 23:44:55",163
"2018-06-17 00:44:55",163
"2018-06-17 01:44:55",163
"2018-06-17 02:44:58",163
"2018-06-17 03:44:55",163
"2018-06-17 04:44:55",163
"2018-06-17 05:44:55",163
"2018-06-17 06:44:54",163
"2018-06-17 07:44:54",163
"2018-06-17 08:44:55",163
"2018-06-17 09:44:54",163
"2018-06-17 10:44:53",163
"2018-06-17 11:44:54",163
"2018-06-17 12:44:55",163
"2018-06-17 13:44:55",163
"2018-06-17 14:44:55",163
"2018-06-17 15:44:54",163
"2018-06-17 16:44:54",163
"2018-06-17 17:44:55",163
"2018-06-17 18:44:53",163
"2018-06-17 19:44:56",163
"2018-06-17 20:44:56",163
"2018-06-17 21:44:55",163
"2018-06-17 22:44:55",163
"2018-06-17 23:44:55",163
"2018-06-18 00:44:56",163
"2018-06-18 01:44:55",163
"2018-06-18 02:44:56",163
"2018-06-18 03:44:55",163
"2018-06-18 04:44:55",163
"2018-06-18 05:44:55",163
"2018-06-18 06:44:54",163
"2018-06-18 07:44:54",163
"2018-06-18 08:45:01",163
"2018-06-18 09:44:55",163
"2018-06-18 10:44:54",163
"2018-06-18 11:44:55",163
"2018-06-18 12:44:54",163
"2018-06-18 13:44:58",163
"2018-06-18 14:44:56",162
"2018-06-18 15:44:56",161
"2018-06-18 16:44:55",161
"2018-06-18 17:44:55",162
"2018-06-18 18:44:56",162
"2018-06-18 19:44:55",162
"2018-06-18 20:44:55",162
"2018-06-18 21:44:54",162
"2018-06-18 22:44:54",162
"2018-06-18 23:44:55",162
"2018-06-19 00:44:55",162
"2018-06-19 01:44:54",162
"2018-06-19 02:44:56",162
"2018-06-19 03:44:55",162
"2018-06-19 04:44:55",162
"2018-06-19 05:44:55",162
"2018-06-19 06:44:55",162
"2018-06-19 07:44:58",162
"2018-06-19 08:44:56",162
"2018-06-19 09:44:54",162
"2018-06-19 10:44:55",162
"2018-06-19 11:44:54",162
"2018-06-19 12:44:54",162
"2018-06-19 13:44:58",162
"2018-06-19 14:44:56",161
"2018-06-19 15:44:55",159
"2018-06-19 16:44:54",158
"2018-06-19 17:44:55",158
"2018-06-19 18:44:55",159
"2018-06-19 19:44:55",159
"2018-06-19 20:44:54",158
"2018-06-19 21:44:55",158
"2018-06-19 22:44:54",158
"2018-06-19 23:44:56",158
"2018-06-20 00:45:05",158
"2018-06-20 01:44:57",158
"2018-06-20 02:44:54",158
"2018-06-20 03:44:56",158
"2018-06-20 04:44:55",158
"2018-06-20 05:44:54",158
"2018-06-20 06:44:54",158
"2018-06-20 07:44:55",158
"2018-06-20 08:44:55",158
"2018-06-20 09:44:54",158
"2018-06-20 10:44:55",158
"2018-06-20 11:44:54",158
"2018-06-20 12:44:54",158
"2018-06-20 14:09:29",159
"2018-06-20 14:44:57",159
"2018-06-20 15:44:56",159
"2018-06-20 16:44:56",159
"2018-06-20 17:44:56",159
"2018-06-20 18:44:56",158
"2018-06-20 19:44:57",157
"2018-06-20 20:44:55",157
"2018-06-20 21:44:56",157
"2018-06-20 22:44:55",157
"2018-06-20 23:44:56",157
"2018-06-21 00:44:56",157
"2018-06-21 01:44:56",157
"2018-06-21 02:44:56",157
"2018-06-21 03:44:56",157
"2018-06-21 04:44:57",157
"2018-06-21 05:44:58",157
"2018-06-21 06:44:55",157
"2018-06-21 07:44:56",157
"2018-06-21 08:44:59",157
"2018-06-21 09:44:54",157
"2018-06-21 10:44:55",156
"2018-06-21 11:44:54",156
"2018-06-21 12:44:54",156
"2018-06-21 13:44:57",156
"2018-06-21 14:44:57",155
"2018-06-21 15:44:57",156
"2018-06-21 16:44:56",156
"2018-06-21 17:44:56",156
"2018-06-21 18:44:56",156
"2018-06-21 19:44:56",156
"2018-06-21 20:44:56",156
"2018-06-21 21:44:57",156
"2018-06-21 22:44:56",156
"2018-06-21 23:44:55",156
"2018-06-22 00:44:56",156
"2018-06-22 01:44:55",156
"2018-06-22 02:44:56",156
"2018-06-22 03:44:56",156
"2018-06-22 04:44:56",156
"2018-06-22 05:44:57",156
"2018-06-22 06:44:56",156
"2018-06-22 07:44:55",156
"2018-06-22 08:44:56",156
"2018-06-22 09:44:55",156
"2018-06-22 10:44:55",156
"2018-06-22 11:44:55",156
"2018-06-22 12:44:56",156
"2018-06-22 13:44:58",156
"2018-06-22 15:08:59",158
"2018-06-22 15:44:57",158
"2018-06-22 16:44:57",158
"2018-06-22 17:44:57",159
"2018-06-22 18:44:56",159
"2018-06-22 19:44:57",159
"2018-06-22 20:44:55",159
"2018-06-22 21:44:56",159
"2018-06-22 22:44:56",159
"2018-06-22 23:44:56",159
"2018-06-23 00:45:23",159
"2018-06-23 01:46:11",159
"2018-06-23 02:44:56",159
"2018-06-23 03:44:57",159
"2018-06-23 04:44:56",159
"2018-06-23 05:44:56",159
"2018-06-23 06:44:56",159
"2018-06-23 07:44:56",159
"2018-06-23 08:44:56",159
"2018-06-23 09:44:55",159
"2018-06-23 10:44:55",159
"2018-06-23 11:44:57",159
"2018-06-23 12:44:55",159
"2018-06-23 13:44:56",159
"2018-06-23 14:44:56",159
"2018-06-23 15:44:57",159
"2018-06-23 16:44:56",159
"2018-06-23 17:44:56",159
"2018-06-23 18:44:56",159
"2018-06-23 19:44:57",159
"2018-06-23 20:44:57",159
"2018-06-23 21:44:56",159
"2018-06-23 22:44:56",159
"2018-06-23 23:44:55",159
"2018-06-24 00:45:15",159
"2018-06-24 01:44:55",159
"2018-06-24 02:44:55",159
"2018-06-24 03:45:00",159
"2018-06-24 04:44:56",159
"2018-06-24 05:44:55",159
"2018-06-24 06:44:57",159
"2018-06-24 07:44:56",159
"2018-06-24 08:44:55",159
"2018-06-24 09:44:56",159
"2018-06-24 10:45:48",159
"2018-06-24 11:44:55",159
"2018-06-24 12:44:59",159
"2018-06-24 13:44:55",159
"2018-06-24 14:45:14",159
"2018-06-24 15:45:22",159
"2018-06-24 16:44:55",159
"2018-06-24 17:44:56",159
"2018-06-24 18:44:56",159
"2018-06-24 19:44:56",159
"2018-06-24 20:44:56",159
"2018-06-24 21:44:56",159
"2018-06-24 22:44:55",159
"2018-06-24 23:44:57",159
"2018-06-25 00:44:56",159
"2018-06-25 01:44:56",159
"2018-06-25 02:44:57",159
"2018-06-25 03:45:08",159
"2018-06-25 04:45:05",159
"2018-06-25 05:44:58",159
"2018-06-25 06:44:55",159
"2018-06-25 07:44:55",159
"2018-06-25 08:44:57",159
"2018-06-25 09:44:57",159
"2018-06-25 10:44:56",159
"2018-06-25 11:44:56",159
"2018-06-25 12:44:55",159
"2018-06-25 13:44:59",159
"2018-06-25 14:44:56",158
"2018-06-25 15:44:56",158
"2018-06-25 16:44:55",157
"2018-06-25 17:44:56",157
"2018-06-25 18:44:55",157
"2018-06-25 19:44:56",157
"2018-06-25 20:44:57",156
"2018-06-25 21:44:57",156
"2018-06-25 22:44:55",156
"2018-06-26 01:13:22",156
"2018-06-26 01:44:56",156
"2018-06-26 02:44:56",156
"2018-06-26 03:45:13",156
"2018-06-26 04:45:11",156
"2018-06-26 05:44:59",156
"2018-06-26 06:44:56",156
"2018-06-26 07:44:58",156
"2018-06-26 08:44:57",156
"2018-06-26 09:44:58",156
"2018-06-26 10:45:01",156
"2018-06-26 11:45:08",156
"2018-06-26 12:45:15",156
"2018-06-26 13:44:59",156
"2018-06-26 14:44:57",157
"2018-06-26 15:45:18",158
"2018-06-26 16:44:57",159
"2018-06-26 17:44:56",159
"2018-06-26 18:44:56",159
"2018-06-26 19:44:58",160
"2018-06-26 20:44:57",160
"2018-06-26 21:44:56",160
"2018-06-26 22:44:55",160
"2018-06-26 23:44:55",160
"2018-06-27 00:44:57",160
"2018-06-27 01:44:55",160
"2018-06-27 02:44:56",160
"2018-06-27 03:44:59",160
"2018-06-27 04:45:04",160
"2018-06-27 05:44:58",160
"2018-06-27 06:44:57",160
"2018-06-27 07:44:55",160
"2018-06-27 08:44:55",160
"2018-06-27 09:44:56",160
"2018-06-27 10:44:55",160
"2018-06-27 11:44:55",160
"2018-06-27 12:44:56",160
"2018-06-27 13:45:23",160
"2018-06-27 14:45:21",160
"2018-06-27 15:45:21",160
"2018-06-27 16:44:58",158
"2018-06-27 17:44:56",157
"2018-06-27 18:44:57",157
"2018-06-27 19:44:58",157
"2018-06-27 20:44:56",156
"2018-06-27 21:44:55",156
"2018-06-27 22:44:55",156
"2018-06-27 23:44:56",156
"2018-06-28 00:44:57",156
"2018-06-28 01:44:56",156
"2018-06-28 02:45:07",156
"2018-06-28 03:45:16",156
"2018-06-28 04:45:14",156
"2018-06-28 05:45:09",156
"2018-06-28 06:44:57",156
"2018-06-28 07:44:57",156
"2018-06-28 08:44:57",156
"2018-06-28 09:44:55",156
"2018-06-28 10:44:56",156
"2018-06-28 11:44:56",156
"2018-06-28 12:44:55",156
"2018-06-28 13:44:58",156
"2018-06-28 14:45:15",156
"2018-06-28 15:45:20",157
"2018-06-28 16:44:55",157
"2018-06-28 17:44:58",159
"2018-06-28 18:44:55",159
"2018-06-28 19:45:00",159
"2018-06-28 20:44:55",159
"2018-06-28 21:44:56",159
"2018-06-28 22:44:55",159
"2018-06-28 23:44:57",159
"2018-06-29 00:44:57",159
"2018-06-29 01:44:56",159
"2018-06-29 02:44:56",159
"2018-06-29 03:45:07",159
"2018-06-29 04:45:01",159
"2018-06-29 05:44:59",159
"2018-06-29 06:44:58",159
"2018-06-29 07:44:57",159
"2018-06-29 08:44:58",159
"2018-06-29 09:44:56",159
"2018-06-29 10:44:55",159
"2018-06-29 11:44:57",159
"2018-06-29 12:45:05",159
"2018-06-29 13:44:59",159
"2018-06-29 14:44:58",159
"2018-06-29 15:44:58",159
"2018-06-29 16:44:57",161
"2018-06-29 17:44:56",162
"2018-06-29 18:44:58",162
"2018-06-29 19:45:03",163
"2018-06-29 20:44:57",163
"2018-06-29 21:45:00",163
"2018-06-29 22:44:59",163
"2018-06-29 23:45:01",163
"2018-06-30 00:45:00",163
"2018-06-30 01:44:56",163
"2018-06-30 02:44:58",163
"2018-06-30 03:45:11",163
"2018-06-30 04:45:05",163
"2018-06-30 05:45:04",163
"2018-06-30 06:45:02",163
"2018-06-30 07:44:57",163
"2018-06-30 08:44:57",163
"2018-06-30 09:44:56",163
"2018-06-30 10:44:58",163
"2018-06-30 11:45:00",163
"2018-06-30 12:45:07",163
"2018-06-30 13:45:19",163
"2018-06-30 14:45:01",163
"2018-06-30 15:45:18",163
"2018-06-30 16:45:02",163
"2018-06-30 17:44:57",163
"2018-06-30 18:44:57",163
"2018-06-30 19:45:07",163
"2018-06-30 20:44:56",163
"2018-06-30 21:44:57",163
"2018-06-30 22:44:57",163
"2018-06-30 23:44:57",163
"2018-07-01 00:44:57",163
"2018-07-01 01:44:57",163
"2018-07-01 02:44:57",163
"2018-07-01 03:44:57",163
"2018-07-01 04:44:56",163
"2018-07-01 05:44:57",163
"2018-07-01 06:44:57",163
"2018-07-01 07:44:56",163
"2018-07-01 08:44:57",163
"2018-07-01 09:44:57",163
"2018-07-01 10:44:57",163
"2018-07-01 11:44:57",163
"2018-07-01 12:44:58",163
"2018-07-01 13:44:57",163
"2018-07-01 14:44:57",163
"2018-07-01 15:44:57",163
"2018-07-01 16:45:01",163
"2018-07-01 17:44:58",163
"2018-07-01 18:44:57",163
"2018-07-01 19:45:00",163
"2018-07-01 20:44:58",163
"2018-07-01 21:44:58",163
"2018-07-01 22:44:56",163
"2018-07-01 23:44:57",163
"2018-07-02 00:44:58",163
"2018-07-02 01:44:59",163
"2018-07-02 02:44:58",163
"2018-07-02 03:44:57",163
"2018-07-02 04:44:56",163
"2018-07-02 05:44:58",163
"2018-07-02 06:44:58",163
"2018-07-02 07:44:57",163
"2018-07-02 08:44:58",163
"2018-07-02 09:44:58",163
"2018-07-02 10:44:56",163
"2018-07-02 11:44:55",163
"2018-07-02 12:44:57",163
"2018-07-02 13:44:59",163
"2018-07-02 14:44:57",164
"2018-07-02 15:44:58",164
"2018-07-02 16:44:59",165
"2018-07-02 17:44:58",165
"2018-07-02 18:44:57",165
"2018-07-02 19:45:00",165
"2018-07-02 20:44:57",166
"2018-07-02 21:44:56",166
"2018-07-02 22:44:58",166
"2018-07-02 23:44:58",166
"2018-07-03 00:54:33",166
"2018-07-03 01:44:57",166
"2018-07-03 02:44:57",166
"2018-07-03 03:44:57",166
"2018-07-03 04:44:57",166
"2018-07-03 05:44:57",166
"2018-07-03 06:44:56",166
"2018-07-03 07:44:57",166
"2018-07-03 08:44:57",166
"2018-07-03 09:44:58",166
"2018-07-03 10:44:55",166
"2018-07-03 11:44:56",166
"2018-07-03 12:44:57",166
"2018-07-03 13:44:58",166
"2018-07-03 14:44:57",166
"2018-07-03 15:44:57",165
"2018-07-03 16:44:57",164
"2018-07-03 17:44:58",165
"2018-07-03 18:44:56",165
"2018-07-03 19:45:02",165
"2018-07-03 20:44:57",165
"2018-07-03 21:44:57",165
"2018-07-03 22:44:57",165
"2018-07-03 23:44:56",165
"2018-07-04 00:44:56",165
"2018-07-04 01:44:58",165
"2018-07-04 02:44:58",165
"2018-07-04 03:44:58",165
"2018-07-04 04:44:56",165
"2018-07-04 05:44:57",165
"2018-07-04 06:44:58",165
"2018-07-04 07:44:57",165
"2018-07-04 08:44:59",165
"2018-07-04 09:44:57",165
"2018-07-04 10:44:57",165
"2018-07-04 11:44:56",165
"2018-07-04 12:44:56",165
"2018-07-04 13:44:58",165
"2018-07-04 14:44:57",165
"2018-07-04 15:44:56",165
"2018-07-04 16:44:57",165
"2018-07-04 17:44:57",165
"2018-07-04 18:44:57",165
"2018-07-04 19:44:58",165
"2018-07-04 20:44:58",165
"2018-07-04 21:44:57",165
"2018-07-04 22:44:56",165
"2018-07-04 23:44:57",165
"2018-07-05 00:44:56",165
"2018-07-05 01:44:56",165
"2018-07-05 02:44:58",165
"2018-07-05 03:44:58",165
"2018-07-05 04:44:57",165
"2018-07-05 05:44:56",165
"2018-07-05 06:44:56",165
"2018-07-05 07:44:57",165
"2018-07-05 08:44:58",165
"2018-07-05 09:44:57",165
"2018-07-05 10:44:57",165
"2018-07-05 11:44:58",165
"2018-07-05 12:44:57",165
"2018-07-05 13:44:58",165
"2018-07-05 14:44:57",165
"2018-07-05 15:44:58",165
"2018-07-05 16:44:57",165
"2018-07-05 17:44:59",165
"2018-07-05 18:44:56",165
"2018-07-05 19:45:05",166
"2018-07-05 20:44:56",165
"2018-07-05 21:44:58",165
"2018-07-05 22:44:57",165
"2018-07-05 23:44:57",165
"2018-07-06 00:44:57",165
"2018-07-06 01:44:58",165
"2018-07-06 02:44:57",165
"2018-07-06 03:44:58",165
"2018-07-06 04:44:58",165
"2018-07-06 05:44:57",165
"2018-07-06 06:44:56",165
"2018-07-06 07:44:57",165
"2018-07-06 08:44:58",165
"2018-07-06 09:44:57",165
"2018-07-06 10:44:58",165
"2018-07-06 11:45:02",165
"2018-07-06 12:44:58",165
"2018-07-06 13:45:02",165
"2018-07-06 14:45:00",165
"2018-07-06 15:45:00",165
"2018-07-06 16:44:59",165
"2018-07-06 17:44:59",164
"2018-07-06 18:44:57",162
"2018-07-06 19:45:04",162
"2018-07-06 20:44:58",162
"2018-07-06 21:44:57",162
"2018-07-06 22:44:57",162
"2018-07-06 23:44:57",162
"2018-07-07 00:44:57",162
"2018-07-07 01:44:57",162
"2018-07-07 02:44:59",162
"2018-07-07 03:44:58",162
"2018-07-07 04:44:58",162
"2018-07-07 05:44:57",162
"2018-07-07 06:44:57",162
"2018-07-07 07:44:57",162
"2018-07-07 08:44:58",162
"2018-07-07 09:44:57",162
"2018-07-07 10:44:57",162
"2018-07-07 11:44:57",162
"2018-07-07 12:44:58",162
"2018-07-07 13:44:58",162
"2018-07-07 14:44:58",162
"2018-07-07 15:44:57",162
"2018-07-07 16:44:58",162
"2018-07-07 17:44:59",162
"2018-07-07 18:44:59",162
"2018-07-07 19:45:04",162
"2018-07-07 20:44:58",162
"2018-07-07 21:44:57",162
"2018-07-07 22:44:59",162
"2018-07-07 23:44:58",162
"2018-07-08 00:44:58",162
"2018-07-08 01:44:58",162
"2018-07-08 02:44:59",162
"2018-07-08 03:44:59",162
"2018-07-08 04:44:59",162
"2018-07-08 05:44:58",162
"2018-07-08 06:44:58",162
"2018-07-08 07:44:58",162
"2018-07-08 08:44:57",162
"2018-07-08 09:44:58",162
"2018-07-08 10:44:56",162
"2018-07-08 11:44:58",162
"2018-07-08 12:44:58",162
"2018-07-08 13:44:57",162
"2018-07-08 14:44:57",162
"2018-07-08 15:44:57",162
"2018-07-08 16:44:58",162
"2018-07-08 17:44:57",162
"2018-07-08 18:44:59",162
"2018-07-08 19:45:08",162
"2018-07-08 20:44:59",162
"2018-07-08 21:44:58",162
"2018-07-08 22:44:57",162
"2018-07-08 23:44:57",162
"2018-07-09 00:44:58",162
"2018-07-09 01:44:58",162
"2018-07-09 02:44:58",162
"2018-07-09 03:45:00",162
"2018-07-09 04:44:57",162
"2018-07-09 05:44:58",162
"2018-07-09 06:44:56",162
"2018-07-09 07:44:57",162
"2018-07-09 08:44:59",162
"2018-07-09 09:44:58",162
"2018-07-09 10:44:58",162
"2018-07-09 11:44:57",162
"2018-07-09 12:44:58",162
"2018-07-09 13:45:06",162
"2018-07-09 14:44:58",165
"2018-07-09 15:44:59",167
"2018-07-09 16:44:59",167
"2018-07-09 17:44:58",167
"2018-07-09 18:45:00",169
"2018-07-09 19:45:22",168
"2018-07-09 20:44:58",169
"2018-07-09 21:44:58",169
"2018-07-09 22:44:58",169
"2018-07-09 23:44:58",169
"2018-07-10 00:44:57",169
"2018-07-10 01:45:00",169
"2018-07-10 02:44:58",169
"2018-07-10 03:44:59",169
"2018-07-10 04:44:59",169
"2018-07-10 05:44:58",169
"2018-07-10 06:44:58",169
"2018-07-10 07:44:57",169
"2018-07-10 08:44:58",169
"2018-07-10 09:44:57",169
"2018-07-10 10:44:57",169
"2018-07-10 11:44:58",169
"2018-07-10 12:44:57",169
"2018-07-10 13:45:07",169
"2018-07-10 14:45:02",169
"2018-07-10 15:44:59",168
"2018-07-10 16:44:58",168
"2018-07-10 17:45:00",168
"2018-07-10 18:44:58",168
"2018-07-10 19:45:05",167
"2018-07-10 20:44:58",166
"2018-07-10 21:44:57",166
"2018-07-10 22:45:04",166
"2018-07-10 23:44:58",166
"2018-07-11 00:44:59",166
"2018-07-11 01:44:59",166
"2018-07-11 02:44:59",166
"2018-07-11 03:44:59",166
"2018-07-11 04:44:59",166
"2018-07-11 05:44:59",166
"2018-07-11 06:44:59",166
"2018-07-11 07:44:57",166
"2018-07-11 08:44:58",166
"2018-07-11 09:44:58",166
"2018-07-11 10:44:57",166
"2018-07-11 11:44:57",166
"2018-07-11 12:44:57",166
"2018-07-11 13:45:01",166
"2018-07-11 14:45:00",166
"2018-07-11 15:44:59",165
"2018-07-11 16:44:58",165
"2018-07-11 17:44:57",165
"2018-07-11 18:44:58",166
"2018-07-11 19:45:01",166
"2018-07-11 20:44:58",166
"2018-07-11 21:44:57",166
"2018-07-11 22:44:58",166
"2018-07-11 23:44:58",166
"2018-07-12 00:44:58",166
"2018-07-12 01:44:57",166
"2018-07-12 02:44:59",166
"2018-07-12 03:44:58",166
"2018-07-12 04:44:59",166
"2018-07-12 05:45:00",166
"2018-07-12 06:44:59",166
"2018-07-12 07:44:58",166
"2018-07-12 08:44:58",166
"2018-07-12 09:44:59",166
"2018-07-12 10:44:57",166
"2018-07-12 11:44:57",166
"2018-07-12 12:44:58",166
"2018-07-12 13:45:02",166
"2018-07-12 14:45:01",166
"2018-07-12 15:45:00",166
"2018-07-12 16:45:03",168
"2018-07-12 17:45:00",168
"2018-07-12 18:45:01",168
"2018-07-12 19:45:15",168
"2018-07-12 20:44:57",170
"2018-07-12 21:44:58",170
"2018-07-12 22:45:00",170
"2018-07-12 23:45:00",170
"2018-07-13 00:44:59",170
"2018-07-13 01:44:59",170
"2018-07-13 02:45:00",170
"2018-07-13 03:45:00",170
"2018-07-13 04:45:00",170
"2018-07-13 05:45:00",170
"2018-07-13 06:45:00",170
"2018-07-13 07:44:58",170
"2018-07-13 08:45:00",170
"2018-07-13 09:44:58",170
"2018-07-13 10:44:57",170
"2018-07-13 11:44:58",170
"2018-07-13 12:44:59",170
"2018-07-13 13:45:07",170
"2018-07-13 14:45:02",169
"2018-07-13 15:45:02",169
"2018-07-13 16:45:00",169
"2018-07-13 17:45:00",168
"2018-07-13 18:45:01",168
"2018-07-13 19:45:01",167
"2018-07-13 20:44:59",167
"2018-07-13 21:44:57",168
"2018-07-13 22:44:59",168
"2018-07-13 23:45:00",168
"2018-07-14 00:44:59",168
"2018-07-14 01:44:58",168
"2018-07-14 02:44:59",168
"2018-07-14 03:44:59",168
"2018-07-14 04:44:59",168
"2018-07-14 05:44:59",168
"2018-07-14 06:44:59",168
"2018-07-14 07:44:58",168
"2018-07-14 08:44:58",168
"2018-07-14 09:44:59",168
"2018-07-14 10:44:59",168
"2018-07-14 11:44:59",168
"2018-07-14 12:44:59",168
"2018-07-14 13:45:00",168
"2018-07-14 14:45:00",168
"2018-07-14 15:44:59",168
"2018-07-14 16:45:00",168
"2018-07-14 17:44:59",168
"2018-07-14 18:45:00",168
"2018-07-14 19:45:03",168
"2018-07-14 20:44:59",168
"2018-07-14 21:44:59",168
"2018-07-14 22:45:00",168
"2018-07-14 23:44:59",168
"2018-07-15 00:44:58",168
"2018-07-15 01:44:59",168
"2018-07-15 02:45:00",168
"2018-07-15 03:44:59",168
"2018-07-15 04:44:58",168
"2018-07-15 05:44:58",168
"2018-07-15 06:44:59",168
"2018-07-15 07:44:58",168
"2018-07-15 08:44:59",168
"2018-07-15 09:44:59",168
"2018-07-15 10:44:58",168
"2018-07-15 11:44:58",168
"2018-07-15 12:44:58",168
"2018-07-15 13:44:59",168
"2018-07-15 14:44:58",168
"2018-07-15 15:45:00",168
"2018-07-15 16:45:00",168
"2018-07-15 17:44:59",168
"2018-07-15 18:44:58",168
"2018-07-15 19:45:12",168
"2018-07-15 20:45:00",168
"2018-07-15 21:45:11",168
"2018-07-15 22:45:00",168
"2018-07-15 23:45:00",168
"2018-07-16 00:44:59",168
"2018-07-16 01:44:59",168
"2018-07-16 02:44:59",168
"2018-07-16 03:45:00",168
"2018-07-16 04:45:01",168
"2018-07-16 05:44:59",168
"2018-07-16 06:45:00",168
"2018-07-16 07:45:08",168
"2018-07-16 08:45:01",168
"2018-07-16 09:44:58",168
"2018-07-16 10:44:58",168
"2018-07-16 11:44:58",168
"2018-07-16 12:44:58",168
"2018-07-16 13:45:17",168
"2018-07-16 14:45:00",170
"2018-07-16 15:45:01",171
"2018-07-16 16:45:01",171
"2018-07-16 17:45:02",170
"2018-07-16 18:45:01",170
"2018-07-16 19:45:42",170
"2018-07-16 20:45:00",175
"2018-07-16 21:45:00",176
"2018-07-16 22:44:58",176
"2018-07-16 23:44:59",176
"2018-07-17 00:45:15",176
"2018-07-17 01:45:00",176
"2018-07-17 02:45:00",176
"2018-07-17 03:44:58",176
"2018-07-17 04:45:00",176
"2018-07-17 05:45:01",176
"2018-07-17 06:45:00",176
"2018-07-17 07:45:10",176
"2018-07-17 08:44:59",176
"2018-07-17 09:44:58",176
"2018-07-17 10:44:59",176
"2018-07-17 11:44:58",176
"2018-07-17 12:44:59",176
"2018-07-17 13:45:04",178
"2018-07-17 14:45:02",181
"2018-07-17 15:45:00",179
"2018-07-17 16:45:00",177
"2018-07-17 17:45:00",175
"2018-07-17 18:45:02",175
"2018-07-17 19:45:23",176
"2018-07-17 20:44:59",176
"2018-07-17 21:44:59",176
"2018-07-17 22:44:58",176
"2018-07-17 23:45:02",176
"2018-07-18 00:45:04",176
"2018-07-18 01:45:02",176
"2018-07-18 02:45:13",176
"2018-07-18 03:45:04",176
"2018-07-18 04:45:03",176
"2018-07-18 05:45:06",176
"2018-07-18 06:45:02",176
"2018-07-18 07:45:02",176
"2018-07-18 08:45:07",176
"2018-07-18 09:45:02",176
"2018-07-18 10:45:02",176
"2018-07-18 11:45:02",176
"2018-07-18 12:45:01",176
"2018-07-18 13:45:09",176
"2018-07-18 14:45:07",174
"2018-07-18 15:45:04",173
"2018-07-18 16:45:05",173
"2018-07-18 17:45:05",173
"2018-07-18 18:45:05",172
"2018-07-18 19:45:14",172
"2018-07-18 20:45:02",172
"2018-07-18 21:45:03",172
"2018-07-18 22:45:04",172
"2018-07-18 23:45:03",172
"2018-07-19 00:45:03",172
"2018-07-19 01:45:03",172
"2018-07-19 02:45:04",172
"2018-07-19 03:45:09",172
"2018-07-19 04:45:12",172
"2018-07-19 05:45:07",172
"2018-07-19 06:45:09",172
"2018-07-19 07:45:15",172
"2018-07-19 08:45:04",172
"2018-07-19 09:45:03",172
"2018-07-19 10:45:03",172
"2018-07-19 11:45:03",172
"2018-07-19 12:45:03",172
"2018-07-19 13:45:08",173
"2018-07-19 14:45:05",173
"2018-07-19 15:45:07",172
"2018-07-19 16:45:05",174
"2018-07-19 17:45:06",174
"2018-07-19 18:45:06",173
"2018-07-19 19:45:09",172
"2018-07-19 20:45:05",169
"2018-07-19 21:45:04",169
"2018-07-19 22:45:05",169
"2018-07-19 23:45:07",169
"2018-07-20 00:45:04",169
"2018-07-20 01:45:05",169
"2018-07-20 02:45:06",169
"2018-07-20 03:45:10",169
"2018-07-20 04:45:11",169
"2018-07-20 05:45:10",169
"2018-07-20 06:45:09",169
"2018-07-20 07:45:08",169
"2018-07-20 08:45:03",169
"2018-07-20 09:45:16",169
"2018-07-20 10:45:02",169
"2018-07-20 11:45:02",169
"2018-07-20 12:45:01",169
"2018-07-20 14:08:38",167
"2018-07-20 14:45:06",167
"2018-07-20 15:45:07",167
"2018-07-20 16:45:06",169
"2018-07-20 17:45:04",169
"2018-07-20 18:45:07",168
"2018-07-20 19:45:17",168
"2018-07-20 20:45:03",170
"2018-07-20 21:45:03",170
"2018-07-20 22:45:02",170
"2018-07-20 23:45:05",170
"2018-07-21 00:45:04",170
"2018-07-21 01:45:05",170
"2018-07-21 02:45:06",170
"2018-07-21 03:45:13",170
"2018-07-21 04:45:04",170
"2018-07-21 05:45:03",170
"2018-07-21 06:45:04",170
"2018-07-21 07:45:03",170
"2018-07-21 08:45:02",170
"2018-07-21 09:45:05",170
"2018-07-21 10:45:03",170
"2018-07-21 11:45:02",170
"2018-07-21 12:45:03",170
"2018-07-21 13:45:05",170
"2018-07-21 14:45:04",170
"2018-07-21 15:45:05",170
"2018-07-21 16:45:06",170
"2018-07-21 17:45:03",170
"2018-07-21 18:45:06",170
"2018-07-21 19:45:10",170
"2018-07-21 20:45:03",170
"2018-07-21 21:45:03",170
"2018-07-21 22:45:03",170
"2018-07-21 23:45:04",170
"2018-07-22 00:45:03",170
"2018-07-22 01:45:03",170
"2018-07-22 02:45:04",170
"2018-07-22 03:45:06",170
"2018-07-22 04:45:04",170
"2018-07-22 05:45:03",170
"2018-07-22 06:45:18",170
"2018-07-22 07:45:14",170
"2018-07-22 08:45:03",170
"2018-07-22 09:45:02",170
"2018-07-22 10:45:02",170
"2018-07-22 11:45:03",170
"2018-07-22 12:45:05",170
"2018-07-22 13:45:04",170
"2018-07-22 14:45:08",170
"2018-07-22 15:45:04",170
"2018-07-22 16:45:04",170
"2018-07-22 17:45:02",170
"2018-07-22 18:45:03",170
"2018-07-22 19:45:14",170
"2018-07-22 20:45:03",170
"2018-07-22 21:45:03",170
"2018-07-22 22:45:03",170
"2018-07-22 23:45:03",170
"2018-07-23 00:45:04",170
"2018-07-23 01:45:03",170
"2018-07-23 02:45:05",170
"2018-07-23 03:45:03",170
"2018-07-23 04:45:03",170
"2018-07-23 05:45:02",170
"2018-07-23 06:45:02",170
"2018-07-23 07:45:03",170
"2018-07-23 08:45:05",170
"2018-07-23 09:45:09",170
"2018-07-23 23:45:18",172
"2018-07-24 00:45:04",172
"2018-07-24 01:45:04",172
"2018-07-24 02:45:05",172
"2018-07-24 03:45:04",172
"2018-07-24 04:45:03",172
"2018-07-24 05:45:02",172
"2018-07-24 06:45:03",172
"2018-07-24 07:45:02",172
"2018-07-24 08:45:03",172
"2018-07-24 09:45:02",172
"2018-07-24 10:45:02",172
"2018-07-24 11:45:03",172
"2018-07-24 12:45:03",172
"2018-07-24 13:45:17",172
"2018-07-24 14:45:04",179
"2018-07-24 15:45:04",180
"2018-07-24 16:45:06",184
"2018-07-24 17:45:04",183
"2018-07-24 18:45:03",183
"2018-07-24 19:45:04",183
"2018-07-24 20:45:02",181
"2018-07-24 21:45:02",181
"2018-07-24 22:45:03",181
"2018-07-24 23:45:03",181
"2018-07-25 00:45:03",181
"2018-07-25 01:45:03",181
"2018-07-25 02:45:03",181
"2018-07-25 03:45:04",181
"2018-07-25 04:45:04",181
"2018-07-25 05:45:02",181
"2018-07-25 06:45:03",181
"2018-07-25 07:45:02",181
"2018-07-25 08:45:04",181
"2018-07-25 09:45:03",181
"2018-07-25 10:45:02",181
"2018-07-25 11:45:02",181
"2018-07-25 12:45:02",181
"2018-07-25 13:45:12",181
"2018-07-25 14:45:06",176
"2018-07-25 15:45:08",175
"2018-07-25 16:45:07",175
"2018-07-25 17:45:13",175
"2018-07-25 18:45:07",175
"2018-07-25 19:45:08",176
"2018-07-25 20:45:06",176
"2018-07-25 21:45:07",176
"2018-07-25 22:45:05",176
"2018-07-25 23:45:04",176
"2018-07-26 00:45:04",176
"2018-07-26 01:45:05",176
"2018-07-26 02:45:06",176
"2018-07-26 03:45:06",176
"2018-07-26 04:45:05",176
"2018-07-26 05:45:07",176
"2018-07-26 06:45:05",176
"2018-07-26 07:45:04",176
"2018-07-26 08:45:04",176
"2018-07-26 09:45:05",176
"2018-07-26 10:45:04",176
"2018-07-26 11:45:04",176
"2018-07-26 12:45:04",176
"2018-07-26 14:45:08",178
"2018-07-26 15:45:07",178
"2018-07-26 16:45:07",178
"2018-07-26 17:45:06",178
"2018-07-26 18:45:07",178
"2018-07-26 19:45:08",176
"2018-07-26 20:45:05",177
"2018-07-26 21:45:04",177
"2018-07-26 22:45:04",177
"2018-07-26 23:45:05",177
"2018-07-27 00:45:05",177
"2018-07-27 01:45:06",177
"2018-07-27 02:45:04",177
"2018-07-27 03:45:05",177
"2018-07-27 04:45:06",177
"2018-07-27 05:45:06",177
"2018-07-27 06:45:05",177
"2018-07-27 07:45:04",177
"2018-07-27 08:45:04",177
"2018-07-27 09:45:03",177
"2018-07-27 10:45:04",177
"2018-07-27 11:45:03",177
"2018-07-27 12:45:04",177
"2018-07-27 13:45:13",177
"2018-07-27 14:45:07",173
"2018-07-27 15:45:05",175
"2018-07-27 16:45:04",175
"2018-07-27 17:45:05",175
"2018-07-27 18:45:05",175
"2018-07-27 19:45:05",176
"2018-07-27 20:45:04",177
"2018-07-27 21:45:04",177
"2018-07-27 22:45:03",177
"2018-07-27 23:45:04",177
"2018-07-28 00:45:04",177
"2018-07-28 01:45:04",177
"2018-07-28 02:45:04",177
"2018-07-28 03:45:05",177
"2018-07-28 04:45:04",177
"2018-07-28 05:45:05",177
"2018-07-28 06:45:04",177
"2018-07-28 07:45:04",177
"2018-07-28 08:45:04",177
"2018-07-28 09:45:04",177
"2018-07-28 10:45:03",177
"2018-07-28 11:45:03",177
"2018-07-28 12:45:04",177
"2018-07-28 13:45:03",177
"2018-07-28 14:45:03",177
"2018-07-28 15:45:05",177
"2018-07-28 16:45:04",177
"2018-07-28 17:45:05",177
"2018-07-28 18:45:05",177
"2018-07-28 19:45:29",177
"2018-07-28 20:45:18",177
"2018-07-28 21:45:05",177
"2018-07-28 22:45:04",177
"2018-07-28 23:45:05",177
"2018-07-29 00:45:04",177
"2018-07-29 01:45:05",177
"2018-07-29 02:45:04",177
"2018-07-29 03:45:04",177
"2018-07-29 04:45:05",177
"2018-07-29 05:45:05",177
"2018-07-29 06:45:05",177
"2018-07-29 07:45:03",177
"2018-07-29 08:45:04",177
"2018-07-29 09:45:04",177
"2018-07-29 10:45:04",177
"2018-07-29 11:45:03",177
"2018-07-29 12:45:05",177
"2018-07-29 13:45:05",177
"2018-07-29 14:45:04",177
"2018-07-29 15:45:03",177
"2018-07-29 16:45:06",177
"2018-07-29 17:45:05",177
"2018-07-29 18:45:04",177
"2018-07-29 19:45:06",177
"2018-07-29 20:45:05",177
"2018-07-29 21:45:06",177
"2018-07-29 22:45:05",177
"2018-07-29 23:45:05",177
"2018-07-30 00:45:04",177
"2018-07-30 01:45:05",177
"2018-07-30 02:45:04",177
"2018-07-30 03:45:05",177
"2018-07-30 04:45:04",177
"2018-07-30 05:45:04",177
"2018-07-30 06:45:02",177
"2018-07-30 07:45:04",177
"2018-07-30 08:45:04",177
"2018-07-30 09:45:04",177
"2018-07-30 10:45:03",177
"2018-07-30 11:45:04",177
"2018-07-30 12:45:04",177
"2018-07-30 13:45:13",177
"2018-07-30 14:45:08",174
"2018-07-30 15:45:07",177
"2018-07-30 16:45:07",177
"2018-07-30 17:45:07",174
"2018-07-30 18:45:04",174
"2018-07-30 19:45:08",174
"2018-07-30 20:45:04",172
"2018-07-30 21:45:04",172
"2018-07-30 22:45:05",172
"2018-07-30 23:45:03",172
"2018-07-31 00:45:06",172
"2018-07-31 01:45:05",172
"2018-07-31 02:45:05",172
"2018-07-31 03:45:04",172
"2018-07-31 04:45:04",172
"2018-07-31 05:45:04",172
"2018-07-31 06:45:04",172
"2018-07-31 07:45:05",172
"2018-07-31 08:45:33",172
"2018-07-31 09:52:00",172
"2018-07-31 10:45:04",172
"2018-07-31 11:45:03",172
"2018-07-31 12:45:04",172
"2018-07-31 13:45:14",172
"2018-07-31 14:45:06",173
"2018-07-31 15:45:05",173
"2018-07-31 16:45:06",173
"2018-07-31 17:45:05",173
"2018-07-31 18:45:05",173
"2018-07-31 19:45:07",173
"2018-07-31 20:45:05",174
"2018-07-31 21:45:04",174
"2018-07-31 22:45:05",174
"2018-07-31 23:45:05",174
"2018-08-01 00:45:06",174
"2018-08-01 01:45:04",174
"2018-08-01 02:45:04",174
"2018-08-01 03:45:05",174
"2018-08-01 04:45:05",174
"2018-08-01 05:45:05",174
"2018-08-01 06:45:04",174
"2018-08-01 07:45:04",174
"2018-08-01 08:45:05",174
"2018-08-01 09:45:05",174
"2018-08-01 10:45:03",174
"2018-08-01 11:45:05",174
"2018-08-01 12:45:04",174
"2018-08-01 14:10:13",176
"2018-08-01 14:45:06",176
"2018-08-01 15:45:06",176
"2018-08-01 16:45:06",177
"2018-08-01 17:45:07",176
"2018-08-01 18:45:05",175
"2018-08-01 19:46:35",176
"2018-08-01 20:45:04",177
"2018-08-01 21:45:04",177
"2018-08-01 22:45:04",177
"2018-08-01 23:45:04",177
"2018-08-02 00:45:06",177
"2018-08-02 01:45:05",177
"2018-08-02 02:45:05",177
"2018-08-02 03:45:05",177
"2018-08-02 04:45:06",177
"2018-08-02 05:45:04",177
"2018-08-02 06:45:04",177
"2018-08-02 07:45:04",177
"2018-08-02 08:45:04",177
"2018-08-02 09:45:05",177
"2018-08-02 10:45:04",177
"2018-08-02 11:45:04",177
"2018-08-02 12:45:04",177
"2018-08-02 13:45:12",177
"2018-08-02 14:45:11",176
"2018-08-02 15:45:09",179
"2018-08-02 16:45:06",178
"2018-08-02 17:45:09",178
"2018-08-02 18:45:07",179
"2018-08-02 19:45:08",178
"2018-08-02 20:45:06",179
"2018-08-02 21:45:05",178
"2018-08-02 22:45:05",178
"2018-08-02 23:45:05",178
"2018-08-03 00:45:05",178
"2018-08-03 01:45:07",178
"2018-08-03 02:45:06",178
"2018-08-03 03:45:06",178
"2018-08-03 04:45:06",178
"2018-08-03 05:45:06",178
"2018-08-03 06:45:06",178
"2018-08-03 07:45:04",178
"2018-08-03 08:45:06",178
"2018-08-03 09:45:06",178
"2018-08-03 10:45:06",178
"2018-08-03 11:47:07",178
"2018-08-03 13:10:04",178
"2018-08-03 13:45:13",178
"2018-08-03 14:45:07",180
"2018-08-03 15:45:06",179
"2018-08-03 16:45:06",180
"2018-08-03 17:45:06",180
"2018-08-03 18:45:06",180
"2018-08-03 19:45:06",181
"2018-08-03 20:45:07",182
"2018-08-03 21:45:04",182
"2018-08-03 22:45:05",182
"2018-08-03 23:45:05",182
"2018-08-04 00:45:05",182
"2018-08-04 01:45:05",182
"2018-08-04 02:45:06",182
"2018-08-04 03:45:05",182
"2018-08-04 04:45:05",182
"2018-08-04 05:45:06",182
"2018-08-04 06:45:06",182
"2018-08-04 07:45:06",182
"2018-08-04 08:45:05",182
"2018-08-04 09:45:06",182
"2018-08-04 10:45:05",182
"2018-08-04 11:45:04",182
"2018-08-04 12:45:04",182
"2018-08-04 13:45:07",182
"2018-08-04 14:45:04",182
"2018-08-04 15:45:06",182
"2018-08-04 16:45:05",182
"2018-08-04 17:45:05",182
"2018-08-04 18:45:06",182
"2018-08-04 19:45:06",182
"2018-08-04 20:45:05",182
"2018-08-04 21:45:04",182
"2018-08-04 22:45:04",182
"2018-08-04 23:45:06",182
"2018-08-05 00:45:04",182
"2018-08-05 01:45:05",182
"2018-08-05 02:45:06",182
"2018-08-05 03:45:05",182
"2018-08-05 04:45:05",182
"2018-08-05 05:45:05",182
"2018-08-05 06:45:05",182
"2018-08-05 07:45:04",182
"2018-08-05 08:45:05",182
"2018-08-05 09:45:05",182
"2018-08-05 10:45:05",182
"2018-08-05 11:45:05",182
"2018-08-05 12:45:05",182
"2018-08-05 13:45:05",182
"2018-08-05 14:45:05",182
"2018-08-05 15:45:06",182
"2018-08-05 16:45:06",182
"2018-08-05 17:45:05",182
"2018-08-05 18:45:05",182
"2018-08-05 19:45:06",182
"2018-08-05 20:45:05",182
"2018-08-05 21:45:06",182
"2018-08-05 22:45:04",182
"2018-08-05 23:45:06",182
"2018-08-06 00:45:05",182
"2018-08-06 01:45:04",182
"2018-08-06 02:45:05",182
"2018-08-06 03:45:05",182
"2018-08-06 04:45:04",182
"2018-08-06 05:45:04",182
"2018-08-06 06:45:04",182
"2018-08-06 07:45:05",182
"2018-08-06 08:45:05",182
"2018-08-06 09:45:05",182
"2018-08-06 10:45:05",182
"2018-08-06 11:45:04",182
"2018-08-06 12:45:04",182
"2018-08-06 13:45:09",182
"2018-08-06 14:45:07",182
"2018-08-06 15:45:06",182
"2018-08-06 16:45:36",181
"2018-08-06 17:45:08",182
"2018-08-06 18:45:08",183
"2018-08-06 19:45:07",183
"2018-08-06 20:45:07",183
"2018-08-06 21:45:08",183
"2018-08-06 22:45:06",183
"2018-08-06 23:45:06",183
"2018-08-07 00:45:06",183
"2018-08-07 01:45:06",183
"2018-08-07 02:45:08",183
"2018-08-07 03:45:09",183
"2018-08-07 04:45:07",183
"2018-08-07 05:45:06",183
"2018-08-07 06:45:06",183
"2018-08-07 07:45:06",183
"2018-08-07 08:45:05",183
"2018-08-07 09:45:05",183
"2018-08-07 10:45:05",183
"2018-08-07 11:45:06",183
"2018-08-07 12:45:06",183
"2018-08-07 13:45:14",183
"2018-08-07 14:45:08",182
"2018-08-07 15:45:07",182
"2018-08-07 16:45:07",181
"2018-08-07 17:45:09",181
"2018-08-07 18:45:08",181
"2018-08-07 19:45:09",180
"2018-08-07 20:45:07",180
"2018-08-07 21:45:07",180
"2018-08-07 22:45:06",180
"2018-08-07 23:45:06",180
"2018-08-08 00:45:07",180
"2018-08-08 01:45:09",180
"2018-08-08 02:45:08",180
"2018-08-08 03:45:07",180
"2018-08-08 04:45:06",180
"2018-08-08 05:45:08",180
"2018-08-08 06:45:07",180
"2018-08-08 07:45:08",180
"2018-08-08 08:45:08",180
"2018-08-08 09:45:08",180
"2018-08-08 10:45:08",180
"2018-08-08 11:45:08",180
"2018-08-08 12:45:08",180
"2018-08-08 13:45:12",180
"2018-08-08 14:45:07",180
"2018-08-08 15:45:09",179
"2018-08-08 16:45:09",180
"2018-08-08 17:45:07",181
"2018-08-08 18:45:06",181
"2018-08-08 19:45:08",182
"2018-08-08 20:45:06",182
"2018-08-08 21:45:06",182
"2018-08-08 22:45:05",182
"2018-08-10 00:23:22",182
"2018-08-10 00:45:10",182
"2018-08-10 01:45:12",182
"2018-08-10 02:45:11",182
"2018-08-10 03:45:06",182
"2018-08-10 04:45:10",182
"2018-08-10 05:45:13",182
"2018-08-10 06:45:09",182
"2018-08-10 07:45:11",182
"2018-08-10 08:45:10",182
"2018-08-10 09:45:09",182
"2018-08-10 10:45:09",182
"2018-08-10 11:45:09",182
"2018-08-10 12:45:08",182
"2018-08-10 13:45:15",182
"2018-08-10 14:45:13",182
"2018-08-10 15:45:12",182
"2018-08-10 16:45:12",183
"2018-08-10 17:45:11",183
"2018-08-10 18:45:10",183
"2018-08-10 19:45:11",183
"2018-08-10 20:45:11",182
"2018-08-10 21:45:11",182
"2018-08-10 22:45:10",183
"2018-08-10 23:45:11",183
"2018-08-11 00:45:09",183
"2018-08-11 01:45:10",183
"2018-08-11 02:45:10",183
"2018-08-11 03:45:10",183
"2018-08-11 04:45:09",183
"2018-08-11 05:45:10",183
"2018-08-11 06:45:09",183
"2018-08-11 07:45:09",183
"2018-08-11 08:45:08",183
"2018-08-11 09:45:08",183
"2018-08-11 10:45:09",183
"2018-08-11 11:45:09",183
"2018-08-11 12:45:08",183
"2018-08-11 13:45:09",183
"2018-08-11 14:45:08",183
"2018-08-11 15:45:10",183
"2018-08-11 16:45:09",183
"2018-08-11 17:45:09",183
"2018-08-11 18:45:11",183
"2018-08-11 19:45:09",183
"2018-08-11 20:45:09",183
"2018-08-11 21:45:10",183
"2018-08-11 22:45:09",183
"2018-08-11 23:45:09",183
"2018-08-12 00:45:09",183
"2018-08-12 01:45:09",183
"2018-08-12 02:45:09",183
"2018-08-12 03:45:08",183
"2018-08-12 04:45:09",183
"2018-08-12 05:45:09",183
"2018-08-12 06:45:08",183
"2018-08-12 07:45:08",183
"2018-08-12 08:45:08",183
"2018-08-12 09:45:07",183
"2018-08-12 10:45:07",183
"2018-08-12 11:45:08",183
"2018-08-12 12:45:09",183
"2018-08-12 13:45:10",183
"2018-08-12 14:45:10",183
"2018-08-12 15:45:11",183
"2018-08-12 16:45:10",183
"2018-08-12 17:45:09",183
"2018-08-12 18:45:09",183
"2018-08-12 19:45:09",183
"2018-08-12 20:45:10",183
"2018-08-12 21:45:09",183
"2018-08-12 22:45:09",183
"2018-08-12 23:45:09",183
"2018-08-13 00:45:08",183
"2018-08-13 01:45:10",183
"2018-08-13 02:45:10",183
"2018-08-13 03:45:09",183
"2018-08-13 04:45:10",183
"2018-08-13 05:45:08",183
"2018-08-13 06:45:09",183
"2018-08-13 07:45:09",183
"2018-08-13 08:45:11",183
"2018-08-13 09:45:10",183
"2018-08-13 10:45:09",183
"2018-08-13 11:45:08",183
"2018-08-13 12:45:09",183
"2018-08-13 13:45:14",183
"2018-08-13 14:45:13",182
"2018-08-13 15:45:14",181
"2018-08-13 16:45:12",182
"2018-08-13 17:45:10",181
"2018-08-13 18:45:10",183
"2018-08-13 19:45:13",182
"2018-08-13 20:45:11",182
"2018-08-13 21:45:11",182
"2018-08-13 22:45:10",182
"2018-08-13 23:45:10",182
"2018-08-14 00:45:12",182
"2018-08-14 01:45:12",182
"2018-08-14 02:45:11",182
"2018-08-14 03:45:10",182
"2018-08-14 04:45:11",182
"2018-08-14 05:45:10",182
"2018-08-14 06:45:11",182
"2018-08-14 07:45:11",182
"2018-08-14 08:45:11",182
"2018-08-14 09:45:10",182
"2018-08-14 10:45:10",182
"2018-08-14 11:45:09",182
"2018-08-14 12:45:10",182
"2018-08-14 13:45:12",182
"2018-08-14 14:45:11",182
"2018-08-14 15:45:12",180
"2018-08-14 16:45:11",181
"2018-08-14 17:45:09",182
"2018-08-14 18:45:11",182
"2018-08-14 19:45:11",182
"2018-08-14 20:45:11",182
"2018-08-14 21:45:10",182
"2018-08-14 22:45:10",182
"2018-08-14 23:45:10",182
"2018-08-15 00:45:11",182
"2018-08-15 01:45:11",182
"2018-08-15 02:45:12",182
"2018-08-15 03:45:11",182
"2018-08-15 04:45:11",182
"2018-08-15 05:45:10",182
"2018-08-15 06:45:12",182
"2018-08-15 07:45:09",182
"2018-08-15 08:45:11",182
"2018-08-15 09:45:11",182
"2018-08-15 10:45:10",182
"2018-08-15 11:45:09",182
"2018-08-15 12:45:09",182
"2018-08-15 14:10:46",180
"2018-08-15 14:45:11",180
"2018-08-15 15:45:12",180
"2018-08-15 16:45:13",179
"2018-08-15 17:45:10",180
"2018-08-15 18:45:10",182
"2018-08-15 19:45:10",182
"2018-08-15 20:45:09",182
"2018-08-15 21:45:09",182
"2018-08-15 22:45:09",182
"2018-08-15 23:45:11",182
"2018-08-16 00:45:12",182
"2018-08-16 01:45:11",182
"2018-08-16 02:45:12",182
"2018-08-16 03:45:12",182
"2018-08-16 04:45:10",182
"2018-08-16 05:45:10",182
"2018-08-16 06:45:09",182
"2018-08-16 07:45:11",182
"2018-08-16 08:45:10",182
"2018-08-16 09:45:09",182
"2018-08-16 10:45:10",182
"2018-08-16 11:45:09",182
"2018-08-16 12:45:09",182
"2018-08-16 13:45:14",182
"2018-08-16 14:45:11",180
"2018-08-16 15:45:13",181
"2018-08-16 16:45:11",180
"2018-08-16 17:45:11",180
"2018-08-16 18:45:10",180
"2018-08-16 19:45:12",179
"2018-08-16 20:45:10",178
"2018-08-16 21:45:10",178
"2018-08-16 22:45:09",178
"2018-08-16 23:45:10",178
"2018-08-17 00:45:10",178
"2018-08-17 01:45:10",178
"2018-08-17 02:45:12",178
"2018-08-17 03:45:11",178
"2018-08-17 04:45:12",178
"2018-08-17 05:45:09",178
"2018-08-17 06:45:09",178
"2018-08-17 07:45:09",178
"2018-08-17 08:45:10",178
"2018-08-17 09:45:09",178
"2018-08-17 10:45:09",178
"2018-08-17 11:45:09",178
"2018-08-17 12:45:08",178
"2018-08-17 13:45:14",178
"2018-08-17 14:45:13",177
"2018-08-17 15:45:12",176
"2018-08-17 16:45:10",176
"2018-08-17 17:45:09",175
"2018-08-17 18:45:10",174
"2018-08-17 19:45:11",173
"2018-08-17 20:46:39",173
"2018-08-17 21:45:09",173
"2018-08-17 22:45:10",173
"2018-08-17 23:45:08",173
"2018-08-18 00:45:10",173
"2018-08-18 01:45:11",173
"2018-08-18 02:45:10",173
"2018-08-18 03:45:10",173
"2018-08-18 04:45:09",173
"2018-08-18 05:45:09",173
"2018-08-18 06:45:10",173
"2018-08-18 07:45:09",173
"2018-08-18 08:45:09",173
"2018-08-18 09:45:09",173
"2018-08-18 10:45:08",173
"2018-08-18 11:45:09",173
"2018-08-18 12:45:11",173
"2018-08-18 13:45:11",173
"2018-08-18 14:45:11",173
"2018-08-18 15:45:11",173
"2018-08-18 16:45:10",173
"2018-08-18 17:45:10",173
"2018-08-18 18:45:10",173
"2018-08-18 19:45:10",173
"2018-08-18 20:45:10",173
"2018-08-18 21:45:09",173
"2018-08-18 22:45:09",173
"2018-08-18 23:45:08",173
"2018-08-19 00:45:09",173
"2018-08-19 01:45:09",173
"2018-08-19 02:45:10",173
"2018-08-19 03:45:09",173
"2018-08-19 04:45:10",173
"2018-08-19 05:45:09",173
"2018-08-19 06:45:09",173
"2018-08-19 07:45:10",173
"2018-08-19 08:45:09",173
"2018-08-19 09:45:08",173
"2018-08-19 10:45:09",173
"2018-08-19 11:45:09",173
"2018-08-19 12:45:10",173
"2018-08-19 13:45:09",173
"2018-08-19 14:45:08",173
"2018-08-19 15:45:10",173
"2018-08-19 16:45:08",173
"2018-08-19 17:45:10",173
"2018-08-19 18:45:10",173
"2018-08-19 19:45:10",173
"2018-08-19 20:45:11",173
"2018-08-19 21:45:12",173
"2018-08-19 22:45:10",173
"2018-08-19 23:45:12",173
"2018-08-20 00:45:10",173
"2018-08-20 01:45:11",173
"2018-08-20 02:45:10",173
"2018-08-20 03:45:09",173
"2018-08-20 04:45:09",173
"2018-08-20 05:45:09",173
"2018-08-20 06:45:10",173
"2018-08-20 07:45:09",173
"2018-08-20 08:45:13",173
"2018-08-20 09:45:08",173
"2018-08-20 10:45:09",173
"2018-08-20 11:45:10",173
"2018-08-20 12:45:09",173
"2018-08-20 13:45:16",173
"2018-08-20 14:45:15",173
"2018-08-20 15:45:13",173
"2018-08-20 16:45:12",173
"2018-08-20 17:45:10",173
"2018-08-20 18:45:10",174
"2018-08-20 19:45:10",174
"2018-08-20 20:45:09",178
"2018-08-20 21:45:08",178
"2018-08-20 22:45:09",178
"2018-08-20 23:45:09",178
"2018-08-21 00:45:10",178
"2018-08-21 01:45:11",178
"2018-08-21 02:45:11",178
"2018-08-21 03:45:11",178
"2018-08-21 04:45:10",178
"2018-08-21 05:45:09",178
"2018-08-21 06:45:10",178
"2018-08-21 07:45:09",178
"2018-08-21 08:45:10",178
"2018-08-21 09:45:09",178
"2018-08-21 10:45:10",178
"2018-08-21 11:45:09",178
"2018-08-21 12:45:09",178
"2018-08-21 13:45:16",178
"2018-08-21 14:45:12",178
"2018-08-21 15:45:10",178
"2018-08-21 16:45:09",179
"2018-08-21 17:45:08",178
"2018-08-21 18:45:09",179
"2018-08-21 19:45:10",178
"2018-08-21 20:45:09",178
"2018-08-21 21:45:08",178
"2018-08-21 22:45:09",178
"2018-08-21 23:45:09",178
"2018-08-22 00:45:09",178
"2018-08-22 01:45:09",178
"2018-08-22 02:45:09",178
"2018-08-22 03:45:10",178
"2018-08-22 04:45:10",178
"2018-08-22 05:45:09",178
"2018-08-22 06:45:08",178
"2018-08-22 07:45:08",178
"2018-08-22 08:45:08",178
"2018-08-22 09:45:09",178
"2018-08-22 10:45:08",178
"2018-08-22 11:45:09",178
"2018-08-22 12:45:08",178
"2018-08-22 13:45:16",178
"2018-08-22 14:45:10",176
"2018-08-22 15:45:09",176
"2018-08-22 16:45:10",176
"2018-08-22 17:45:09",175
"2018-08-22 18:45:10",175
"2018-08-22 19:45:09",175
"2018-08-22 20:45:07",175
"2018-08-22 21:45:07",175
"2018-08-22 22:45:08",175
"2018-08-22 23:45:09",175
"2018-08-23 00:45:09",175
"2018-08-23 01:45:10",175
"2018-08-23 02:45:09",175
"2018-08-23 03:45:10",175
"2018-08-23 04:45:10",175
"2018-08-23 05:45:09",175
"2018-08-23 06:45:08",175
"2018-08-23 07:45:08",175
"2018-08-23 08:45:09",175
"2018-08-23 09:45:08",175
"2018-08-23 10:45:08",175
"2018-08-23 11:45:09",175
"2018-08-23 12:45:09",175
"2018-08-23 13:45:16",175
"2018-08-23 14:45:09",176
"2018-08-23 15:45:10",177
"2018-08-23 16:45:11",176
"2018-08-23 17:45:08",177
"2018-08-23 18:45:11",176
"2018-08-23 19:45:11",176
"2018-08-23 20:45:11",176
"2018-08-23 21:45:08",176
"2018-08-23 22:45:09",176
"2018-08-23 23:45:09",176
"2018-08-24 00:45:09",176
"2018-08-24 01:45:10",176
"2018-08-24 02:45:09",176
"2018-08-24 03:45:08",176
"2018-08-24 20:03:29",177
"2018-08-24 20:45:10",177
"2018-08-24 21:45:10",177
"2018-08-24 22:45:09",177
"2018-08-24 23:45:08",177
"2018-08-25 00:45:09",177
"2018-08-25 01:45:09",177
"2018-08-25 02:45:10",177
"2018-08-25 03:45:09",177
"2018-08-25 04:45:08",177
"2018-08-25 05:45:09",177
"2018-08-25 06:45:08",177
"2018-08-25 07:45:07",177
"2018-08-25 08:45:09",177
"2018-08-25 09:45:08",177
"2018-08-25 10:45:09",177
"2018-08-25 11:45:08",177
"2018-08-25 12:45:09",177
"2018-08-25 13:45:10",177
"2018-08-25 14:45:10",177
"2018-08-25 15:45:09",177
"2018-08-25 16:45:08",177
"2018-08-25 17:45:11",177
"2018-08-25 18:45:10",177
"2018-08-25 19:45:09",177
"2018-08-25 20:45:09",177
"2018-08-25 21:45:09",177
"2018-08-25 22:45:10",177
"2018-08-25 23:45:09",177
"2018-08-26 00:45:09",177
"2018-08-26 01:45:09",177
"2018-08-26 02:45:11",177
"2018-08-26 03:45:09",177
"2018-08-26 04:45:09",177
"2018-08-26 05:45:07",177
"2018-08-26 06:45:09",177
"2018-08-26 07:45:09",177
"2018-08-26 08:45:08",177
"2018-08-26 09:45:08",177
"2018-08-26 10:45:08",177
"2018-08-26 11:45:09",177
"2018-08-26 12:45:10",177
"2018-08-26 13:45:09",177
"2018-08-26 14:45:08",177
"2018-08-26 15:45:08",177
"2018-08-26 16:45:09",177
"2018-08-26 17:45:08",177
"2018-08-26 18:45:08",177
"2018-08-26 19:45:09",177
"2018-08-26 20:45:09",177
"2018-08-26 21:45:08",177
"2018-08-26 22:45:09",177
"2018-08-26 23:45:09",177
"2018-08-27 00:45:09",177
"2018-08-27 01:45:09",177
"2018-08-27 02:45:09",177
"2018-08-27 03:45:09",177
"2018-08-27 04:45:09",177
"2018-08-27 05:45:10",177
"2018-08-27 06:45:09",177
"2018-08-27 07:45:08",177
"2018-08-27 08:45:09",177
"2018-08-27 09:45:08",177
"2018-08-27 10:45:08",177
"2018-08-27 11:45:08",177
"2018-08-27 12:45:08",177
"2018-08-27 14:09:15",176
"2018-08-27 14:45:12",176
"2018-08-27 15:45:10",176
"2018-08-27 16:45:11",177
"2018-08-27 17:45:10",177
"2018-08-27 18:45:10",175
"2018-08-27 19:45:12",175
"2018-08-27 20:45:10",175
"2018-08-27 21:45:09",175
"2018-08-27 22:45:09",175
"2018-08-27 23:45:09",175
"2018-08-28 00:45:09",175
"2018-08-28 01:45:10",175
"2018-08-28 02:45:08",175
"2018-08-28 03:45:08",175
"2018-08-28 04:45:10",175
"2018-08-28 05:45:09",175
"2018-08-28 06:45:09",175
"2018-08-28 07:45:09",175
"2018-08-28 08:45:08",175
"2018-08-28 09:45:08",175
"2018-08-28 10:45:09",175
"2018-08-28 11:45:09",175
"2018-08-28 12:45:09",175
"2018-08-28 13:45:28",175
"2018-08-28 14:45:22",174
"2018-08-28 15:45:22",173
"2018-08-28 16:45:23",173
"2018-08-28 17:45:22",173
"2018-08-28 18:45:24",173
"2018-08-28 19:45:21",173
"2018-08-28 20:45:21",173
"2018-08-28 21:45:21",172
"2018-08-28 22:45:22",172
"2018-08-28 23:45:21",172
"2018-08-29 00:45:23",172
"2018-08-29 01:45:22",172
"2018-08-29 02:45:21",172
"2018-08-29 03:45:21",172
"2018-08-29 04:45:21",172
"2018-08-29 05:45:20",172
"2018-08-29 06:45:20",172
"2018-08-29 07:45:21",172
"2018-08-29 08:45:20",172
"2018-08-29 09:45:20",172
"2018-08-29 10:45:19",172
"2018-08-29 11:45:19",172
"2018-08-29 12:45:20",172
"2018-08-29 14:09:02",171
"2018-08-29 14:45:25",171
"2018-08-29 15:45:24",170
"2018-08-29 16:45:23",169
"2018-08-29 17:45:25",168
"2018-08-29 18:45:26",168
"2018-08-29 19:45:24",168
"2018-08-29 20:45:21",167
"2018-08-29 21:45:21",167
"2018-08-29 22:45:21",167
"2018-08-29 23:45:22",167
"2018-08-30 00:46:07",167
"2018-08-30 01:46:07",167
"2018-08-30 02:45:23",167
"2018-08-30 03:45:23",167
"2018-08-30 04:45:22",167
"2018-08-30 05:45:22",167
"2018-08-30 06:45:22",167
"2018-08-30 07:45:21",167
"2018-08-30 08:45:26",167
"2018-08-30 09:45:22",167
"2018-08-30 10:45:22",167
"2018-08-30 11:45:21",167
"2018-08-30 12:45:20",167
"2018-08-30 13:45:32",167
"2018-08-30 14:45:23",167
"2018-08-30 15:45:22",167
"2018-08-30 16:45:24",167
"2018-08-30 17:45:22",168
"2018-08-30 18:45:24",168
"2018-08-30 19:45:23",168
"2018-08-30 20:45:20",168
"2018-08-30 21:45:21",168
"2018-08-30 22:45:20",168
"2018-08-30 23:45:21",168
"2018-08-31 00:45:26",168
"2018-08-31 01:45:22",168
"2018-08-31 02:45:21",168
"2018-08-31 03:45:22",168
"2018-08-31 04:45:22",168
"2018-08-31 05:45:22",168
"2018-08-31 06:45:22",168
"2018-08-31 07:45:21",168
"2018-08-31 08:45:21",168
"2018-08-31 09:45:22",168
"2018-08-31 10:45:21",168
"2018-08-31 11:45:23",168
"2018-08-31 12:45:23",168
"2018-08-31 13:45:28",168
"2018-08-31 14:45:23",169
"2018-08-31 15:45:24",171
"2018-08-31 16:45:22",171
"2018-08-31 17:45:24",171
"2018-08-31 18:45:23",170
"2018-08-31 19:45:23",171
"2018-08-31 20:45:23",170
"2018-08-31 21:45:21",170
"2018-08-31 22:45:21",170
"2018-08-31 23:45:21",170
"2018-09-01 00:45:22",170
"2018-09-01 01:45:22",170
"2018-09-01 02:45:22",170
"2018-09-01 03:45:21",170
"2018-09-01 04:45:23",170
"2018-09-01 05:45:22",170
"2018-09-01 06:45:22",170
"2018-09-01 07:45:22",170
"2018-09-01 08:45:22",170
"2018-09-01 09:45:21",170
"2018-09-01 10:45:22",170
"2018-09-01 11:45:22",170
"2018-09-01 12:45:22",170
"2018-09-01 13:45:23",170
"2018-09-01 14:45:25",170
"2018-09-01 15:45:22",170
"2018-09-01 16:45:21",170
"2018-09-01 17:45:21",170
"2018-09-01 18:45:22",170
"2018-09-01 19:45:21",170
"2018-09-01 20:45:21",170
"2018-09-01 21:45:21",170
"2018-09-01 22:45:29",170
"2018-09-01 23:45:22",170
"2018-09-02 00:45:23",170
"2018-09-02 01:45:22",170
"2018-09-02 02:45:22",170
"2018-09-02 03:45:23",170
"2018-09-02 04:45:22",170
"2018-09-02 05:45:22",170
"2018-09-02 06:45:22",170
"2018-09-02 07:45:20",170
"2018-09-02 08:45:22",170
"2018-09-02 09:45:20",170
"2018-09-02 10:45:21",170
"2018-09-02 11:45:22",170
"2018-09-02 12:45:21",170
"2018-09-02 13:45:22",170
"2018-09-02 14:45:23",170
"2018-09-02 15:45:23",170
"2018-09-02 16:45:23",170
"2018-09-02 17:45:22",170
"2018-09-02 18:45:21",170
"2018-09-02 19:45:21",170
"2018-09-02 20:45:21",170
"2018-09-02 21:45:22",170
"2018-09-02 22:45:22",170
"2018-09-02 23:45:23",170
"2018-09-03 00:45:22",170
"2018-09-03 01:45:23",170
"2018-09-03 02:45:23",170
"2018-09-03 03:45:22",170
"2018-09-03 04:45:22",170
"2018-09-03 05:45:22",170
"2018-09-03 06:45:21",170
"2018-09-03 07:45:21",170
"2018-09-03 08:45:25",170
"2018-09-03 09:45:22",170
"2018-09-03 10:45:21",170
"2018-09-03 11:45:23",170
"2018-09-03 12:45:21",170
"2018-09-03 13:45:23",170
"2018-09-03 14:45:21",170
"2018-09-03 15:45:20",170
"2018-09-03 16:45:21",170
"2018-09-03 17:45:21",170
"2018-09-03 18:45:22",170
"2018-09-03 19:45:20",170
"2018-09-03 20:45:23",170
"2018-09-03 21:45:21",170
"2018-09-03 22:45:22",170
"2018-09-03 23:45:20",170
"2018-09-04 00:45:21",170
"2018-09-04 01:45:22",170
"2018-09-04 02:45:22",170
"2018-09-04 03:45:23",170
"2018-09-04 04:45:21",170
"2018-09-04 05:45:22",170
"2018-09-04 06:45:21",170
"2018-09-04 07:45:23",170
"2018-09-04 08:45:22",170
"2018-09-04 09:45:21",170
"2018-09-04 10:45:22",170
"2018-09-04 11:45:20",170
"2018-09-04 12:45:22",170
"2018-09-04 13:45:31",170
"2018-09-04 14:45:24",170
"2018-09-04 15:45:23",170
"2018-09-04 16:45:26",170
"2018-09-04 17:45:24",170
"2018-09-04 18:45:25",171
"2018-09-04 19:45:26",173
"2018-09-04 20:45:23",174
"2018-09-04 21:45:21",174
"2018-09-04 22:45:22",174
"2018-09-04 23:45:22",174
"2018-09-05 00:45:22",174
"2018-09-05 01:45:22",174
"2018-09-05 02:45:23",174
"2018-09-05 03:45:20",174
"2018-09-05 04:45:22",174
"2018-09-05 05:45:22",174
"2018-09-05 06:45:21",174
"2018-09-05 07:45:22",174
"2018-09-05 08:45:22",174
"2018-09-05 09:45:22",174
"2018-09-05 10:45:20",174
"2018-09-05 11:45:24",174
"2018-09-05 12:45:21",174
"2018-09-05 13:45:35",174
"2018-09-05 14:45:29",174
"2018-09-05 15:45:23",173
"2018-09-05 16:45:23",172
"2018-09-05 17:45:24",172
"2018-09-05 18:45:25",172
"2018-09-05 19:45:24",171
"2018-09-05 20:45:21",171
"2018-09-05 21:45:21",171
"2018-09-05 22:45:21",171
"2018-09-05 23:45:22",171
"2018-09-06 00:45:23",171
"2018-09-06 01:45:22",171
"2018-09-06 02:45:23",171
"2018-09-06 03:45:23",171
"2018-09-06 04:45:23",171
"2018-09-06 05:45:24",171
"2018-09-06 06:45:21",171
"2018-09-06 07:45:21",171
"2018-09-06 08:45:22",171
"2018-09-06 09:45:21",171
"2018-09-06 10:45:21",171
"2018-09-06 11:45:22",171
"2018-09-06 13:10:26",171
"2018-09-06 13:45:31",171
"2018-09-06 14:45:23",172
"2018-09-06 15:45:24",171
"2018-09-06 16:45:24",170
"2018-09-06 17:45:22",170
"2018-09-06 18:45:22",169
"2018-09-06 19:45:23",170
"2018-09-06 20:45:21",170
"2018-09-06 21:45:20",170
"2018-09-06 22:45:21",170
"2018-09-06 23:45:23",170
"2018-09-07 00:45:22",170
"2018-09-07 01:45:22",170
"2018-09-07 02:45:23",170
"2018-09-07 03:45:22",170
"2018-09-07 04:45:22",170
"2018-09-07 05:45:27",170
"2018-09-07 06:45:27",170
"2018-09-07 08:45:26",170
"2018-09-07 09:45:26",170
"2018-09-07 10:45:25",170
"2018-09-07 11:45:23",170
"2018-09-07 12:45:22",169
"2018-09-07 13:45:32",169
"2018-09-07 14:45:22",169
"2018-09-07 15:45:24",168
"2018-09-07 16:45:25",167
"2018-09-07 17:45:24",167
"2018-09-07 18:45:27",167
"2018-09-07 19:45:23",167
"2018-09-07 20:45:21",169
"2018-09-07 21:45:21",169
"2018-09-07 22:45:21",169
"2018-09-07 23:45:21",169
"2018-09-08 00:45:21",169
"2018-09-08 01:45:21",169
"2018-09-08 02:45:22",169
"2018-09-08 03:45:22",169
"2018-09-08 04:45:22",169
"2018-09-08 05:45:22",169
"2018-09-08 06:45:21",169
"2018-09-08 07:45:20",169
"2018-09-08 08:45:21",169
"2018-09-08 09:45:20",169
"2018-09-08 10:45:20",169
"2018-09-08 11:45:21",169
"2018-09-08 12:45:22",169
"2018-09-08 13:45:23",169
"2018-09-08 14:45:21",169
"2018-09-08 15:45:22",169
"2018-09-08 16:45:22",169
"2018-09-08 17:45:22",169
"2018-09-08 18:45:22",169
"2018-09-08 19:45:22",169
"2018-09-08 20:45:21",169
"2018-09-08 21:45:21",169
"2018-09-08 22:45:22",169
"2018-09-08 23:45:23",169
"2018-09-09 00:45:21",169
"2018-09-09 01:45:23",169
"2018-09-09 02:45:23",169
"2018-09-09 03:45:22",169
"2018-09-09 04:45:22",169
"2018-09-09 05:45:21",169
"2018-09-09 06:45:21",169
"2018-09-09 07:45:21",169
"2018-09-09 08:45:22",169
"2018-09-09 09:45:22",169
"2018-09-09 10:45:21",169
"2018-09-09 11:45:22",169
"2018-09-09 12:45:22",169
"2018-09-09 13:45:23",169
"2018-09-09 14:45:23",169
"2018-09-09 15:45:21",169
"2018-09-09 16:45:21",169
"2018-09-09 17:45:22",169
"2018-09-09 18:45:23",169
"2018-09-09 19:45:22",169
"2018-09-09 20:45:21",169
"2018-09-09 21:45:22",169
"2018-09-09 22:45:21",169
"2018-09-09 23:45:22",169
"2018-09-10 00:45:23",169
"2018-09-10 01:45:24",169
"2018-09-10 02:45:24",169
"2018-09-10 03:45:23",169
"2018-09-10 04:45:22",169
"2018-09-10 05:45:20",169
"2018-09-10 06:45:21",169
"2018-09-10 07:45:20",169
"2018-09-10 08:45:21",169
"2018-09-10 09:45:21",169
"2018-09-10 10:45:21",169
"2018-09-10 11:45:21",169
"2018-09-10 12:45:21",169
"2018-09-10 13:45:28",168
"2018-09-10 14:45:23",169
"2018-09-10 15:45:24",169
"2018-09-10 16:45:25",169
"2018-09-10 17:45:23",170
"2018-09-10 18:45:25",169
"2018-09-10 19:45:23",169
"2018-09-10 20:45:22",169
"2018-09-10 21:45:20",169
"2018-09-10 22:45:22",169
"2018-09-10 23:45:22",169
"2018-09-11 00:45:23",169
"2018-09-11 01:45:23",169
"2018-09-11 02:45:24",169
"2018-09-11 03:45:23",169
"2018-09-11 04:45:22",169
"2018-09-11 05:45:23",169
"2018-09-11 06:45:22",169
"2018-09-11 07:45:22",169
"2018-09-11 08:45:22",169
"2018-09-11 09:45:21",169
"2018-09-11 10:45:21",169
"2018-09-11 11:45:20",169
"2018-09-11 12:45:22",169
"2018-09-11 13:45:29",169
"2018-09-11 14:45:23",169
"2018-09-11 15:45:23",170
"2018-09-11 16:45:23",169
"2018-09-11 17:45:23",170
"2018-09-11 18:45:24",171
"2018-09-11 19:45:24",171
"2018-09-11 20:45:21",172
"2018-09-11 21:45:21",172
"2018-09-11 22:45:20",172
"2018-09-11 23:45:22",172
"2018-09-12 00:45:23",172
"2018-09-12 01:45:24",172
"2018-09-12 20:45:27",175
"2018-09-12 21:45:22",175
"2018-09-12 22:45:21",175
"2018-09-12 23:45:21",175
"2018-09-13 00:45:21",175
"2018-09-13 01:45:22",175
"2018-09-13 02:45:27",175
"2018-09-13 03:45:22",175
"2018-09-13 04:45:21",175
"2018-09-13 05:45:22",175
"2018-09-13 06:45:30",175
"2018-09-13 07:45:22",175
"2018-09-13 08:45:22",175
"2018-09-13 09:45:20",175
"2018-09-13 10:45:21",175
"2018-09-13 11:45:21",175
"2018-09-13 12:45:22",175
"2018-09-13 14:45:24",173
"2018-09-13 15:45:25",173
"2018-09-13 16:45:29",177
"2018-09-13 17:45:23",177
"2018-09-13 18:45:25",177
"2018-09-13 19:45:24",177
"2018-09-13 20:45:22",177
"2018-09-13 21:45:21",177
"2018-09-13 22:45:22",177
"2018-09-13 23:45:22",177
"2018-09-14 00:45:22",177
"2018-09-14 01:45:22",177
"2018-09-14 02:45:23",177
"2018-09-14 03:45:23",177
"2018-09-14 04:45:23",177
"2018-09-14 05:45:22",177
"2018-09-14 06:45:21",177
"2018-09-14 07:45:30",177
"2018-09-14 08:45:25",177
"2018-09-14 09:45:23",177
"2018-09-14 10:45:23",177
"2018-09-14 11:45:20",177
"2018-09-14 12:45:25",177
"2018-09-14 13:45:33",177
"2018-09-14 14:45:28",174
"2018-09-14 15:45:31",175
"2018-09-14 16:45:26",175
"2018-09-14 17:45:26",175
"2018-09-14 18:45:24",175
"2018-09-14 19:45:24",175
"2018-09-14 20:45:22",175
"2018-09-14 21:45:22",175
"2018-09-14 22:45:22",175
"2018-09-14 23:45:22",175
"2018-09-15 00:45:24",175
"2018-09-15 01:45:23",175
"2018-09-15 02:45:24",175
"2018-09-15 03:45:22",175
"2018-09-15 04:45:22",175
"2018-09-15 05:45:22",175
"2018-09-15 06:45:21",175
"2018-09-15 07:45:23",175
"2018-09-15 08:45:21",175
"2018-09-15 09:45:22",175
"2018-09-15 10:45:22",175
"2018-09-15 11:45:21",175
"2018-09-15 12:45:24",175
"2018-09-15 13:45:23",175
"2018-09-15 14:45:22",175
"2018-09-15 15:45:23",175
"2018-09-15 16:45:22",175
"2018-09-15 17:45:21",175
"2018-09-15 18:45:21",175
"2018-09-15 19:45:23",175
"2018-09-15 20:45:23",175
"2018-09-15 21:45:21",175
"2018-09-15 22:45:22",175
"2018-09-15 23:45:21",175
"2018-09-16 00:45:22",175
"2018-09-16 01:45:23",175
"2018-09-16 02:45:24",175
"2018-09-16 03:45:22",175
"2018-09-16 04:45:23",175
"2018-09-16 05:45:22",175
"2018-09-16 06:45:23",175
"2018-09-16 07:45:21",175
"2018-09-16 08:45:22",175
"2018-09-16 09:45:22",175
"2018-09-16 10:45:21",175
"2018-09-16 11:45:22",175
"2018-09-16 12:45:22",175
"2018-09-16 13:45:22",175
"2018-09-16 14:45:22",175
"2018-09-16 15:45:23",175
"2018-09-16 16:45:23",175
"2018-09-16 17:45:22",175
"2018-09-16 18:45:23",175
"2018-09-16 19:45:22",175
"2018-09-16 20:45:22",175
"2018-09-16 21:45:22",175
"2018-09-16 22:45:22",175
"2018-09-16 23:45:23",175
"2018-09-17 00:45:23",175
"2018-09-17 01:45:23",175
"2018-09-17 02:45:23",175
"2018-09-17 03:45:23",175
"2018-09-17 04:45:23",175
"2018-09-17 05:45:22",175
"2018-09-17 06:45:21",175
"2018-09-17 07:45:23",175
"2018-09-17 08:45:23",175
"2018-09-17 09:45:22",175
"2018-09-17 10:45:21",175
"2018-09-17 11:45:21",175
"2018-09-17 12:45:21",175
"2018-09-17 13:45:30",175
"2018-09-17 14:45:24",177
"2018-09-17 15:45:30",177
"2018-09-17 16:45:25",176
"2018-09-17 17:45:23",177
"2018-09-17 18:45:23",177
"2018-09-17 19:45:24",177
"2018-09-17 20:45:23",176
"2018-09-17 21:45:23",176
"2018-09-17 22:45:22",176
"2018-09-17 23:45:22",176
"2018-09-18 00:45:22",176
"2018-09-18 01:45:23",176
"2018-09-18 02:45:23",176
"2018-09-18 03:45:23",176
"2018-09-18 04:45:24",176
"2018-09-18 05:45:23",176
"2018-09-18 06:45:23",176
"2018-09-18 07:45:21",176
"2018-09-18 08:45:22",176
"2018-09-18 09:45:22",176
"2018-09-18 10:45:21",176
"2018-09-18 11:45:20",176
"2018-09-18 12:45:23",176
"2018-09-18 13:45:28",176
"2018-09-18 14:45:27",176
"2018-09-18 15:45:23",176
"2018-09-18 16:45:25",176
"2018-09-18 17:45:26",176
"2018-09-18 18:45:30",177
"2018-09-18 19:45:28",177
"2018-09-18 20:45:22",177
"2018-09-18 21:45:22",177
"2018-09-18 22:45:22",177
"2018-09-18 23:45:22",177
"2018-09-19 00:45:25",177
"2018-09-19 01:45:24",177
"2018-09-19 02:45:24",177
"2018-09-19 03:45:23",177
"2018-09-19 04:45:22",177
"2018-09-19 05:45:23",177
"2018-09-19 06:45:24",177
"2018-09-19 07:45:22",177
"2018-09-19 08:45:22",177
"2018-09-19 09:45:22",177
"2018-09-19 10:45:22",177
"2018-09-19 11:45:21",177
"2018-09-19 12:45:22",177
"2018-09-19 13:46:40",177
"2018-09-19 14:45:31",177
"2018-09-19 15:45:30",176
"2018-09-19 16:45:25",176
"2018-09-19 17:45:25",176
"2018-09-19 18:45:24",175
"2018-09-19 19:45:35",176
"2018-09-19 20:45:23",176
"2018-09-19 21:45:23",176
"2018-09-19 22:45:22",176
"2018-09-19 23:45:23",176
"2018-09-20 00:45:23",176
"2018-09-20 01:45:28",176
"2018-09-20 02:45:26",176
"2018-09-20 03:45:27",176
"2018-09-20 04:45:24",176
"2018-09-20 05:45:24",176
"2018-09-20 06:45:23",176
"2018-09-20 07:45:21",176
"2018-09-20 08:45:27",176
"2018-09-20 09:46:08",176
"2018-09-20 10:45:23",176
"2018-09-20 11:45:23",176
"2018-09-20 13:11:29",176
"2018-09-20 14:45:32",175
"2018-09-20 15:45:26",174
"2018-09-20 16:45:24",174
"2018-09-20 17:45:25",174
"2018-09-20 18:45:24",174
"2018-09-20 19:45:25",172
"2018-09-20 20:45:24",173
"2018-09-20 21:45:22",173
"2018-09-20 22:45:22",173
"2018-09-20 23:45:23",173
"2018-09-21 00:45:24",173
"2018-09-21 01:45:23",173
"2018-09-21 02:45:24",173
"2018-09-21 03:45:23",173
"2018-09-21 04:45:25",173
"2018-09-21 06:45:23",173
"2018-09-21 07:45:54",173
"2018-09-21 08:45:23",173
"2018-09-21 09:45:23",173
"2018-09-21 10:45:22",173
"2018-09-21 11:45:24",173
"2018-09-21 13:12:57",173
"2018-09-21 13:45:33",173
"2018-09-21 14:45:24",172
"2018-09-21 15:45:26",172
"2018-09-21 16:45:26",172
"2018-09-21 17:45:25",171
"2018-09-21 18:45:54",172
"2018-09-21 19:45:26",172
"2018-09-21 20:45:23",171
"2018-09-21 21:45:22",171
"2018-09-21 22:45:21",171
"2018-09-21 23:45:23",171
"2018-09-22 00:45:22",171
"2018-09-22 01:45:22",171
"2018-09-22 02:45:22",171
"2018-09-22 03:45:22",171
"2018-09-22 04:45:23",171
"2018-09-22 05:45:23",171
"2018-09-22 06:45:22",171
"2018-09-22 07:45:22",171
"2018-09-22 08:45:21",171
"2018-09-22 09:45:22",171
"2018-09-22 10:45:22",171
"2018-09-22 11:45:23",171
"2018-09-22 12:45:22",171
"2018-09-22 13:45:23",171
"2018-09-22 14:45:24",171
"2018-09-22 15:45:24",171
"2018-09-22 16:45:23",171
"2018-09-22 17:45:23",171
"2018-09-22 18:45:23",171
"2018-09-22 19:45:23",171
"2018-09-22 20:45:23",171
"2018-09-22 21:45:22",171
"2018-09-22 22:45:22",171
"2018-09-22 23:45:23",171
"2018-09-23 00:45:53",171
"2018-09-23 01:45:23",171
"2018-09-23 02:45:22",171
"2018-09-23 03:45:24",171
"2018-09-23 04:45:25",171
"2018-09-23 05:45:22",171
"2018-09-23 06:45:22",171
"2018-09-23 07:45:24",171
"2018-09-23 08:45:22",171
"2018-09-23 09:45:22",171
"2018-09-23 10:45:22",171
"2018-09-23 11:45:24",171
"2018-09-23 12:45:22",171
"2018-09-23 13:45:23",171
"2018-09-23 14:45:24",171
"2018-09-23 15:45:23",171
"2018-09-23 16:45:23",171
"2018-09-23 17:45:22",171
"2018-09-23 18:45:23",171
"2018-09-23 19:45:23",171
"2018-09-23 20:45:22",171
"2018-09-23 21:45:24",171
"2018-09-23 22:45:23",171
"2018-09-23 23:45:23",171
"2018-09-24 00:45:22",171
"2018-09-24 01:45:24",171
"2018-09-24 02:45:23",171
"2018-09-24 03:45:23",171
"2018-09-24 04:45:25",171
"2018-09-24 05:45:22",171
"2018-09-24 06:45:22",171
"2018-09-24 07:45:23",171
"2018-09-24 08:45:22",171
"2018-09-24 09:45:22",171
"2018-09-24 10:45:21",171
"2018-09-24 11:45:23",171
"2018-09-24 12:45:23",171
"2018-09-24 13:45:33",171
"2018-09-24 14:45:25",170
"2018-09-24 15:45:23",168
"2018-09-24 16:45:23",168
"2018-09-24 17:45:24",168
"2018-09-24 18:45:24",168
"2018-09-24 19:45:25",167
"2018-09-24 20:45:24",166
"2018-09-24 21:45:22",166
"2018-09-24 22:45:23",166
"2018-09-24 23:45:23",166
"2018-09-25 00:45:23",166
"2018-09-25 01:45:22",166
"2018-09-25 02:45:22",166
"2018-09-25 03:45:22",166
"2018-09-25 04:45:25",166
"2018-09-25 05:45:23",166
"2018-09-25 06:45:23",166
"2018-09-25 07:45:23",166
"2018-09-25 08:45:22",166
"2018-09-25 09:45:22",166
"2018-09-25 10:45:22",166
"2018-09-25 11:45:23",166
"2018-09-25 12:45:23",166
"2018-09-25 13:45:30",166
"2018-09-25 14:45:27",166
"2018-09-25 15:45:24",167
"2018-09-25 16:45:26",167
"2018-09-25 17:45:23",167
"2018-09-25 18:45:26",167
"2018-09-25 19:45:25",167
"2018-09-25 20:45:23",167
"2018-09-25 21:45:23",167
"2018-09-25 22:45:24",167
"2018-09-25 23:45:24",167
"2018-09-26 00:45:26",167
"2018-09-26 01:45:29",167
"2018-09-26 02:45:27",167
"2018-09-26 03:45:27",167
"2018-09-26 04:45:25",167
"2018-09-26 05:45:25",167
"2018-09-26 06:45:24",167
"2018-09-26 07:45:23",167
"2018-09-26 08:45:24",167
"2018-09-26 09:45:24",167
"2018-09-26 10:45:22",167
"2018-09-26 11:45:22",167
"2018-09-26 13:12:00",167
"2018-09-26 13:45:34",167
"2018-09-26 14:45:26",166
"2018-09-26 15:45:27",166
"2018-09-26 16:45:28",166
"2018-09-26 17:45:26",167
"2018-09-26 18:45:28",167
"2018-09-26 19:45:26",167
"2018-09-26 20:45:25",166
"2018-09-26 21:45:25",166
"2018-09-26 22:45:24",166
"2018-09-26 23:45:25",166
"2018-09-27 00:45:26",166
"2018-09-27 01:45:24",166
"2018-09-27 02:45:26",166
"2018-09-27 03:45:25",166
"2018-09-27 04:45:24",166
"2018-09-27 05:45:25",166
"2018-09-27 06:45:25",166
"2018-09-27 07:45:24",166
"2018-09-27 08:45:24",166
"2018-09-27 09:45:24",166
"2018-09-27 10:45:24",166
"2018-09-27 11:45:24",166
"2018-09-27 12:45:24",166
"2018-09-27 13:45:30",166
"2018-09-27 14:45:27",166
"2018-09-27 15:45:26",166
"2018-09-27 17:11:10",166
"2018-09-27 17:45:28",166
"2018-09-27 18:45:31",166
"2018-09-27 19:45:29",166
"2018-09-27 20:45:27",166
"2018-09-27 21:45:26",166
"2018-09-27 22:45:25",166
"2018-09-27 23:45:27",166
"2018-09-28 00:45:29",166
"2018-09-28 01:45:26",166
"2018-09-28 02:45:24",166
"2018-09-28 03:45:26",166
"2018-09-28 04:45:25",166
"2018-09-28 05:45:25",166
"2018-09-28 06:45:26",166
"2018-09-28 07:45:26",166
"2018-09-28 08:45:25",166
"2018-09-28 09:45:27",166
"2018-09-28 10:45:26",165
"2018-09-28 11:45:26",165
"2018-09-28 12:45:26",165
"2018-09-28 13:45:33",165
"2018-09-28 14:45:29",164
"2018-09-28 15:45:34",163
"2018-09-28 16:45:30",163
"2018-09-28 17:45:31",163
"2018-09-28 18:45:30",163
"2018-09-28 19:45:30",163
"2018-09-28 20:45:26",164
"2018-09-28 21:45:26",164
"2018-09-28 22:45:25",165
"2018-09-28 23:45:23",165
"2018-09-29 00:45:23",165
"2018-09-29 01:45:30",165
"2018-09-29 02:45:31",165
"2018-09-29 03:45:25",165
"2018-09-29 04:45:24",165
"2018-09-29 05:45:23",165
"2018-09-29 06:45:23",165
"2018-09-29 07:45:24",165
"2018-09-29 08:45:24",165
"2018-09-29 09:45:24",165
"2018-09-29 10:45:24",165
"2018-09-29 11:45:25",165
"2018-09-29 12:45:25",165
"2018-09-29 13:45:25",165
"2018-09-29 14:45:25",165
"2018-09-29 15:45:26",165
"2018-09-29 16:45:24",165
"2018-09-29 17:45:24",165
"2018-09-29 18:45:26",165
"2018-09-29 19:45:24",165
"2018-09-29 20:45:25",165
"2018-09-29 21:45:25",165
"2018-09-29 22:45:24",165
"2018-09-29 23:45:24",165
"2018-09-30 00:45:25",165
"2018-09-30 01:45:24",165
"2018-09-30 02:45:22",165
"2018-09-30 03:45:25",165
"2018-09-30 04:45:24",165
"2018-09-30 05:45:22",165
"2018-09-30 06:45:23",165
"2018-09-30 07:45:22",165
"2018-09-30 08:45:23",165
"2018-09-30 09:45:22",165
"2018-09-30 10:45:23",165
"2018-09-30 11:45:22",165
"2018-09-30 12:45:23",165
"2018-09-30 13:45:23",165
"2018-09-30 14:45:22",165
"2018-09-30 15:45:23",165
"2018-09-30 16:45:23",165
"2018-09-30 17:45:22",165
"2018-09-30 18:45:23",165
"2018-09-30 19:45:24",165
"2018-09-30 20:45:23",165
"2018-09-30 21:45:22",165
"2018-09-30 22:45:24",165
"2018-09-30 23:45:25",165
"2018-10-01 00:45:26",165
"2018-10-01 01:45:24",165
"2018-10-01 02:45:26",165
"2018-10-01 03:45:25",165
"2018-10-01 04:45:25",165
"2018-10-01 05:45:25",165
"2018-10-01 06:45:25",165
"2018-10-01 07:45:24",165
"2018-10-01 08:45:26",165
"2018-10-01 09:45:23",165
"2018-10-01 10:45:22",165
"2018-10-01 11:45:23",165
"2018-10-01 12:45:24",165
"2018-10-01 14:10:43",168
"2018-10-01 14:45:29",168
"2018-10-01 15:45:25",169
"2018-10-01 16:45:26",170
"2018-10-01 17:45:31",170
"2018-10-01 18:45:26",170
"2018-10-01 19:45:29",170
"2018-10-01 20:45:24",169
"2018-10-01 21:45:25",169
"2018-10-01 22:45:24",169
"2018-10-01 23:45:27",169
"2018-10-02 00:45:30",169
"2018-10-02 01:45:26",169
"2018-10-02 02:45:25",169
"2018-10-02 03:45:25",169
"2018-10-02 04:45:26",169
"2018-10-02 05:45:24",169
"2018-10-02 06:45:25",169
"2018-10-02 07:45:25",169
"2018-10-02 08:45:24",169
"2018-10-02 09:45:24",169
"2018-10-02 10:45:22",169
"2018-10-02 11:45:24",169
"2018-10-02 12:45:24",169
"2018-10-02 13:45:31",169
"2018-10-02 14:45:59",169
"2018-10-02 15:45:28",167
"2018-10-02 16:45:27",166
"2018-10-02 17:45:26",166
"2018-10-02 18:45:26",166
"2018-10-02 19:45:26",166
"2018-10-02 20:45:26",166
"2018-10-02 21:45:25",166
"2018-10-02 22:45:24",166
"2018-10-02 23:45:25",166
"2018-10-03 00:45:24",166
"2018-10-03 01:45:23",166
"2018-10-03 02:45:56",166
"2018-10-03 03:45:27",166
"2018-10-03 04:45:30",166
"2018-10-03 05:45:28",166
"2018-10-03 06:45:25",166
"2018-10-03 07:45:27",166
"2018-10-03 08:45:27",166
"2018-10-03 09:45:27",166
"2018-10-03 10:45:27",166
"2018-10-03 11:45:27",166
"2018-10-03 12:45:26",166
"2018-10-03 13:46:42",166
"2018-10-03 15:10:35",166
"2018-10-03 15:45:28",166
"2018-10-03 16:45:29",166
"2018-10-03 17:45:28",166
"2018-10-03 18:45:27",167
"2018-10-03 19:45:26",166
"2018-10-03 20:45:25",166
"2018-10-03 21:45:25",166
"2018-10-03 22:45:26",166
"2018-10-03 23:45:25",166
"2018-10-04 00:46:45",166
"2018-10-04 01:45:27",166
"2018-10-04 02:45:24",166
"2018-10-04 03:45:23",166
"2018-10-04 04:45:24",166
"2018-10-04 05:45:25",166
"2018-10-04 06:45:23",166
"2018-10-04 07:45:24",166
"2018-10-04 08:45:22",166
"2018-10-04 09:45:23",166
"2018-10-04 10:45:24",167
"2018-10-04 11:45:23",167
"2018-10-04 12:45:24",167
"2018-10-04 14:11:37",167
"2018-10-04 14:45:27",167
"2018-10-04 15:45:25",167
"2018-10-04 16:45:29",167
"2018-10-04 17:45:28",167
"2018-10-04 18:45:27",166
"2018-10-04 19:45:28",167
"2018-10-04 20:45:25",167
"2018-10-04 21:45:25",168
"2018-10-04 22:45:24",169
"2018-10-04 23:45:24",169
"2018-10-05 00:45:25",169
"2018-10-05 01:45:25",169
"2018-10-05 02:45:25",169
"2018-10-05 03:45:25",169
"2018-10-05 04:45:26",169
"2018-10-05 05:45:27",169
"2018-10-05 06:45:25",169
"2018-10-05 07:45:24",169
"2018-10-05 08:45:23",169
"2018-10-05 09:45:25",169
"2018-10-05 10:45:25",169
"2018-10-05 11:45:25",169
"2018-10-05 12:45:24",169
"2018-10-05 13:45:33",169
"2018-10-05 14:45:27",169
"2018-10-05 15:45:28",170
"2018-10-05 16:45:31",170
"2018-10-05 17:45:31",170
"2018-10-05 18:45:29",170
"2018-10-05 19:45:26",170
"2018-10-05 20:45:25",170
"2018-10-05 21:45:24",170
"2018-10-05 22:45:24",170
"2018-10-05 23:45:23",170
"2018-10-06 00:45:26",170
"2018-10-06 01:45:26",170
"2018-10-06 02:45:26",170
"2018-10-06 03:45:25",170
"2018-10-06 04:45:25",170
"2018-10-06 05:45:25",170
"2018-10-06 06:45:26",170
"2018-10-06 07:45:26",170
"2018-10-06 08:45:24",170
"2018-10-06 09:45:25",170
"2018-10-06 10:45:25",170
"2018-10-06 11:45:24",170
"2018-10-06 12:45:24",170
"2018-10-06 13:45:24",170
"2018-10-06 14:45:26",170
"2018-10-06 15:45:26",170
"2018-10-06 16:45:25",170
"2018-10-06 17:45:24",170
"2018-10-06 18:45:25",170
"2018-10-06 19:45:26",170
"2018-10-06 20:45:24",170
"2018-10-06 21:45:55",170
"2018-10-06 22:45:25",170
"2018-10-06 23:45:25",170
"2018-10-07 00:45:24",170
"2018-10-07 01:45:25",170
"2018-10-07 02:45:25",170
"2018-10-07 03:45:25",170
"2018-10-07 04:45:25",170
"2018-10-07 05:45:26",170
"2018-10-07 06:45:26",170
"2018-10-07 07:45:26",170
"2018-10-07 08:45:24",170
"2018-10-07 09:45:24",170
"2018-10-07 10:45:24",170
"2018-10-07 11:45:24",170
"2018-10-07 12:45:25",170
"2018-10-07 13:45:26",170
"2018-10-07 14:45:26",170
"2018-10-07 15:45:26",170
"2018-10-07 16:45:26",170
"2018-10-07 17:45:26",170
"2018-10-07 18:45:25",170
"2018-10-07 19:45:25",170
"2018-10-07 20:45:26",170
"2018-10-07 21:45:25",170
"2018-10-07 22:45:25",170
"2018-10-07 23:45:25",170
"2018-10-08 00:45:24",170
"2018-10-08 01:45:24",170
"2018-10-08 02:45:26",170
"2018-10-08 03:45:24",170
"2018-10-08 04:45:24",170
"2018-10-08 05:45:24",170
"2018-10-08 06:45:25",170
"2018-10-08 07:45:23",170
"2018-10-08 08:45:23",170
"2018-10-08 09:45:23",170
"2018-10-08 10:45:23",170
"2018-10-08 11:45:23",170
"2018-10-08 12:45:23",170
"2018-10-08 13:45:38",170
"2018-10-08 14:45:30",169
"2018-10-08 15:45:59",167
"2018-10-08 16:45:29",165
"2018-10-08 17:45:28",164
"2018-10-08 18:45:27",164
"2018-10-08 19:45:27",164
"2018-10-08 20:45:24",164
"2018-10-08 21:45:25",164
"2018-10-08 22:45:22",164
"2018-10-08 23:45:26",164
"2018-10-09 00:45:23",164
"2018-10-09 01:45:54",164
"2018-10-09 02:45:24",164
"2018-10-09 03:45:28",164
"2018-10-09 04:45:23",164
"2018-10-09 05:45:23",164
"2018-10-09 06:45:23",164
"2018-10-09 07:45:23",164
"2018-10-09 08:45:22",164
"2018-10-09 09:45:22",164
"2018-10-09 10:45:22",164
"2018-10-09 11:45:23",164
"2018-10-09 12:45:23",164
"2018-10-09 13:45:33",164
"2018-10-09 14:45:29",164
"2018-10-09 15:45:27",164
"2018-10-09 16:45:24",164
"2018-10-09 17:45:24",164
"2018-10-09 18:45:24",164
"2018-10-09 19:45:23",164
"2018-10-09 21:45:21",164
"2018-10-09 22:45:24",164
"2018-10-09 23:45:23",164
"2018-10-10 00:45:23",164
"2018-10-10 01:45:23",164
"2018-10-10 02:45:24",164
"2018-10-10 03:45:32",164
"2018-10-10 04:45:24",164
"2018-10-10 05:45:24",164
"2018-10-10 06:45:23",164
"2018-10-10 07:45:23",164
"2018-10-10 08:45:25",164
"2018-10-10 09:45:23",164
"2018-10-10 10:45:24",164
"2018-10-10 11:45:22",164
"2018-10-10 12:45:23",164
"2018-10-10 13:45:31",164
"2018-10-10 14:45:28",163
"2018-10-10 15:45:29",163
"2018-10-10 16:45:25",163
"2018-10-10 17:45:24",163
"2018-10-10 18:45:31",164
"2018-10-10 19:45:32",164
"2018-10-10 20:45:27",163
"2018-10-10 21:45:23",163
"2018-10-10 22:45:24",163
"2018-10-10 23:45:25",163
"2018-10-11 00:45:26",163
"2018-10-11 01:45:24",163
"2018-10-11 02:45:23",163
"2018-10-11 03:45:22",163
"2018-10-11 04:45:22",163
"2018-10-11 05:45:22",163
"2018-10-11 06:45:23",163
"2018-10-11 07:45:21",163
"2018-10-11 08:45:24",163
"2018-10-11 09:45:23",163
"2018-10-11 10:45:25",163
"2018-10-11 11:45:23",163
"2018-10-11 12:45:22",163
"2018-10-11 13:45:32",163
"2018-10-11 14:45:23",162
"2018-10-11 15:45:26",162
"2018-10-11 16:45:28",162
"2018-10-11 17:45:25",162
"2018-10-11 18:45:30",161
"2018-10-11 19:45:27",161
"2018-10-11 20:45:25",159
"2018-10-11 21:45:25",159
"2018-10-11 22:45:22",159
"2018-10-11 23:45:25",159
"2018-10-12 00:45:23",159
"2018-10-12 01:45:23",159
"2018-10-12 02:45:25",159
"2018-10-12 03:45:23",159
"2018-10-12 04:45:24",159
"2018-10-12 05:45:22",159
"2018-10-12 06:45:22",159
"2018-10-12 07:45:22",159
"2018-10-12 08:45:22",159
"2018-10-12 09:45:24",159
"2018-10-12 10:45:23",159
"2018-10-12 11:45:24",159
"2018-10-12 12:45:24",159
"2018-10-12 13:45:34",159
"2018-10-12 14:45:26",159
"2018-10-12 15:45:28",158
"2018-10-12 16:45:29",158
"2018-10-12 17:45:25",159
"2018-10-12 18:45:24",159
"2018-10-12 19:45:27",159
"2018-10-12 20:45:24",159
"2018-10-12 21:45:24",159
"2018-10-12 22:45:24",159
"2018-10-12 23:45:24",159
"2018-10-13 00:45:24",159
"2018-10-13 01:45:25",159
"2018-10-13 02:45:26",159
"2018-10-13 03:45:26",159
"2018-10-13 04:45:25",159
"2018-10-13 05:45:23",159
"2018-10-13 06:45:24",159
"2018-10-13 07:45:26",159
"2018-10-13 08:45:26",159
"2018-10-13 09:45:25",159
"2018-10-13 10:45:24",159
"2018-10-13 11:45:23",159
"2018-10-13 12:45:24",159
"2018-10-13 13:45:24",159
"2018-10-13 14:45:25",159
"2018-10-13 15:45:24",159
"2018-10-13 16:45:24",159
"2018-10-13 17:45:24",159
"2018-10-13 18:45:24",159
"2018-10-13 19:45:25",159
"2018-10-13 20:45:26",159
"2018-10-13 21:45:25",159
"2018-10-13 22:45:28",159
"2018-10-13 23:45:25",159
"2018-10-14 00:45:28",159
"2018-10-14 01:45:25",159
"2018-10-14 02:45:24",159
"2018-10-14 03:45:25",159
"2018-10-14 04:45:25",159
"2018-10-14 05:45:23",159
"2018-10-14 06:45:24",159
"2018-10-14 07:45:24",159
"2018-10-14 08:45:23",159
"2018-10-14 09:45:24",159
"2018-10-14 10:45:24",159
"2018-10-14 11:45:24",159
"2018-10-14 12:45:25",159
"2018-10-14 13:45:23",159
"2018-10-14 14:45:24",159
"2018-10-14 15:45:25",159
"2018-10-14 16:45:22",159
"2018-10-14 17:45:23",159
"2018-10-14 18:45:25",159
"2018-10-14 19:45:24",159
"2018-10-14 20:45:23",159
"2018-10-14 21:45:25",159
"2018-10-14 22:45:24",159
"2018-10-14 23:45:24",159
"2018-10-15 00:45:26",159
"2018-10-15 01:45:24",159
"2018-10-15 02:45:23",159
"2018-10-15 03:45:25",159
"2018-10-15 04:45:23",159
"2018-10-15 05:45:24",159
"2018-10-15 06:45:26",159
"2018-10-15 07:45:25",159
"2018-10-15 08:45:37",159
"2018-10-15 09:45:24",159
"2018-10-15 10:45:23",159
"2018-10-15 11:45:22",159
"2018-10-15 12:45:23",159
"2018-10-15 13:45:31",159
"2018-10-15 14:45:27",158
"2018-10-15 15:45:28",157
"2018-10-15 16:45:29",157
"2018-10-15 17:45:28",158
"2018-10-15 18:45:26",160
"2018-10-15 19:45:28",160
"2018-10-15 20:45:28",161
"2018-10-15 21:45:28",161
"2018-10-15 22:45:25",161
"2018-10-15 23:45:26",161
"2018-10-16 00:45:28",161
"2018-10-16 01:45:29",161
"2018-10-16 02:45:26",161
"2018-10-16 03:45:25",161
"2018-10-16 04:45:27",161
"2018-10-16 09:45:23",161
"2018-10-16 10:45:24",161
"2018-10-16 11:45:22",161
"2018-10-16 12:45:24",161
"2018-10-16 13:45:33",161
"2018-10-16 14:45:28",163
"2018-10-16 15:45:30",160
"2018-10-16 16:45:25",159
"2018-10-16 17:45:31",159
"2018-10-16 18:45:30",159
"2018-10-16 19:45:30",159
"2018-10-16 20:45:27",160
"2018-10-16 21:45:25",160
"2018-10-16 22:45:27",160
"2018-10-16 23:45:26",160
"2018-10-17 00:45:26",160
"2018-10-17 01:45:26",160
"2018-10-17 02:45:26",160
"2018-10-17 03:45:26",160
"2018-10-17 04:45:25",160
"2018-10-17 05:45:26",160
"2018-10-17 06:45:25",160
"2018-10-17 07:45:26",160
"2018-10-17 08:45:25",160
"2018-10-17 09:45:26",160
"2018-10-17 10:45:24",160
"2018-10-17 11:45:24",160
"2018-10-17 12:45:25",160
"2018-10-17 14:11:31",161
"2018-10-17 14:45:26",161
"2018-10-17 15:45:29",161
"2018-10-17 16:45:27",160
"2018-10-17 17:45:29",160
"2018-10-17 18:45:28",160
"2018-10-17 19:45:27",159
"2018-10-17 20:45:28",159
"2018-10-17 21:45:27",159
"2018-10-17 22:45:25",159
"2018-10-17 23:45:25",159
"2018-10-18 00:45:27",159
"2018-10-18 01:45:27",159
"2018-10-18 02:45:27",159
"2018-10-18 03:45:28",159
"2018-10-18 04:45:23",159
"2018-10-18 05:45:24",159
"2018-10-18 06:45:23",159
"2018-10-18 07:45:24",159
"2018-10-18 08:45:23",159
"2018-10-18 09:45:23",159
"2018-10-18 10:45:24",159
"2018-10-18 11:45:22",159
"2018-10-18 13:10:26",159
"2018-10-18 13:45:29",159
"2018-10-18 14:45:29",157
"2018-10-18 15:45:30",158
"2018-10-18 16:45:26",158
"2018-10-18 17:45:26",158
"2018-10-18 18:45:24",158
"2018-10-18 19:45:25",159
"2018-10-18 20:45:25",160
"2018-10-18 21:45:26",160
"2018-10-18 22:45:24",160
"2018-10-18 23:45:23",160
"2018-10-19 00:45:26",160
"2018-10-19 01:45:27",160
"2018-10-19 02:45:25",160
"2018-10-19 03:45:26",160
"2018-10-19 04:45:24",160
"2018-10-19 05:45:23",160
"2018-10-19 06:45:24",160
"2018-10-19 07:45:25",160
"2018-10-19 08:45:23",160
"2018-10-19 09:45:23",160
"2018-10-19 10:45:23",160
"2018-10-19 11:45:24",160
"2018-10-19 13:09:59",160
"2018-10-19 13:45:31",160
"2018-10-19 14:45:26",162
"2018-10-19 15:45:27",162
"2018-10-19 16:45:26",162
"2018-10-19 17:45:25",161
"2018-10-19 18:45:26",162
"2018-10-19 19:45:26",160
"2018-10-19 20:45:26",160
"2018-10-19 21:45:24",160
"2018-10-19 22:45:24",160
"2018-10-19 23:45:53",160
"2018-10-20 00:45:24",160
"2018-10-20 01:45:26",160
"2018-10-20 02:45:23",160
"2018-10-20 03:45:23",160
"2018-10-20 04:45:24",160
"2018-10-20 05:45:25",160
"2018-10-20 06:45:25",160
"2018-10-20 07:45:23",160
"2018-10-20 08:45:24",160
"2018-10-20 09:45:23",160
"2018-10-20 10:45:25",160
"2018-10-20 11:45:24",160
"2018-10-20 12:45:24",160
"2018-10-20 13:45:26",160
"2018-10-20 14:45:27",160
"2018-10-20 15:45:26",160
"2018-10-20 16:45:25",160
"2018-10-20 17:45:24",160
"2018-10-20 18:45:24",160
"2018-10-20 19:45:25",160
"2018-10-20 20:45:25",160
"2018-10-20 21:45:26",160
"2018-10-20 22:45:24",160
"2018-10-20 23:45:24",160
"2018-10-21 00:45:25",160
"2018-10-21 01:45:26",160
"2018-10-21 02:45:24",160
"2018-10-21 03:45:26",160
"2018-10-21 04:45:24",160
"2018-10-21 05:45:24",160
"2018-10-21 06:45:23",160
"2018-10-21 07:45:29",160
"2018-10-21 08:45:24",160
"2018-10-21 09:45:23",160
"2018-10-21 10:45:22",160
"2018-10-21 11:45:23",160
"2018-10-21 12:45:23",160
"2018-10-21 13:45:30",160
"2018-10-21 14:45:27",160
"2018-10-21 15:45:26",160
"2018-10-21 16:45:24",160
"2018-10-21 17:45:25",160
"2018-10-21 18:45:25",160
"2018-10-21 19:45:24",160
"2018-10-21 20:45:24",160
"2018-10-21 21:45:23",160
"2018-10-21 22:45:25",160
"2018-10-21 23:45:25",160
"2018-10-22 00:45:28",160
"2018-10-22 01:45:29",160
"2018-10-22 02:45:28",160
"2018-10-22 03:45:28",160
"2018-10-22 04:45:28",160
"2018-10-22 05:45:25",160
"2018-10-22 06:45:25",160
"2018-10-22 07:45:29",160
"2018-10-22 08:45:24",160
"2018-10-22 09:45:25",160
"2018-10-22 10:45:26",160
"2018-10-22 11:45:25",160
"2018-10-22 12:45:27",160
"2018-10-22 13:45:30",160
"2018-10-22 14:45:30",160
"2018-10-22 15:45:27",160
"2018-10-22 16:45:26",160
"2018-10-22 17:45:26",159
"2018-10-22 18:45:24",159
"2018-10-22 19:45:26",159
"2018-10-22 20:45:25",159
"2018-10-22 21:45:26",159
"2018-10-22 22:45:26",159
"2018-10-22 23:45:26",159
"2018-10-23 00:45:27",159
"2018-10-23 01:45:26",159
"2018-10-23 02:45:25",159
"2018-10-23 03:45:25",159
"2018-10-23 04:45:24",159
"2018-10-23 05:45:24",159
"2018-10-23 06:45:24",159
"2018-10-23 07:45:27",159
"2018-10-23 08:45:23",159
"2018-10-23 09:45:24",159
"2018-10-23 10:45:24",159
"2018-10-23 11:45:24",159
"2018-10-23 12:45:23",159
"2018-10-23 13:45:31",159
"2018-10-23 14:45:27",159
"2018-10-23 15:45:25",158
"2018-10-23 16:45:26",157
"2018-10-23 17:45:26",157
"2018-10-23 18:45:27",157
"2018-10-23 19:45:26",157
"2018-10-23 20:45:24",157
"2018-10-23 21:45:26",157
"2018-10-23 22:45:25",157
"2018-10-23 23:45:24",157
"2018-10-24 00:45:25",157
"2018-10-24 01:45:27",157
"2018-10-24 02:45:28",157
"2018-10-24 03:45:27",157
"2018-10-24 04:45:27",157
"2018-10-24 05:45:27",157
"2018-10-24 06:45:29",157
"2018-10-24 07:45:27",157
"2018-10-24 08:45:26",157
"2018-10-24 09:45:25",157
"2018-10-24 10:45:24",157
"2018-10-24 11:45:24",157
"2018-10-24 12:45:23",157
"2018-10-24 13:45:29",157
"2018-10-24 14:45:29",156
"2018-10-24 15:45:28",155
"2018-10-24 16:45:26",154
"2018-10-24 17:45:26",154
"2018-10-24 18:45:27",153
"2018-10-24 19:45:27",153
"2018-10-24 20:45:31",152
"2018-10-24 21:45:27",152
"2018-10-24 22:45:26",152
"2018-10-24 23:45:24",152
"2018-10-25 00:45:26",152
"2018-10-25 01:45:26",152
"2018-10-25 02:45:26",152
"2018-10-25 03:45:25",152
"2018-10-25 04:45:26",152
"2018-10-25 05:45:26",152
"2018-10-25 06:45:26",152
"2018-10-25 07:45:26",152
"2018-10-25 08:45:27",152
"2018-10-25 09:45:25",152
"2018-10-25 10:45:26",152
"2018-10-25 11:45:28",152
"2018-10-25 14:11:38",151
"2018-10-25 14:45:30",151
"2018-10-25 15:45:30",151
"2018-10-25 16:45:27",151
"2018-10-25 17:45:28",151
"2018-10-25 18:45:30",151
"2018-10-25 19:45:27",150
"2018-10-25 20:45:27",150
"2018-10-25 21:45:27",150
"2018-10-25 22:45:26",150
"2018-10-25 23:45:28",150
"2018-10-26 00:45:26",150
"2018-10-26 01:45:27",150
"2018-10-26 02:45:29",150
"2018-10-26 03:45:30",150
"2018-10-26 04:45:30",150
"2018-10-26 05:45:25",150
"2018-10-26 06:45:25",150
"2018-10-26 07:45:25",150
"2018-10-26 08:45:25",150
"2018-10-26 09:45:25",150
"2018-10-26 10:45:25",150
"2018-10-26 11:45:25",150
"2018-10-26 12:45:25",150
"2018-10-26 13:45:27",150
"2018-10-26 14:45:27",149
"2018-10-26 15:45:27",149
"2018-10-26 16:45:26",149
"2018-10-26 17:45:26",149
"2018-10-26 18:45:25",149
"2018-10-26 19:45:25",149
"2018-10-26 20:45:25",148
"2018-10-26 21:45:25",148
"2018-10-26 22:45:25",148
"2018-10-26 23:45:24",148
"2018-10-27 00:45:25",148
"2018-10-27 01:45:25",148
"2018-10-27 02:45:24",148
"2018-10-27 03:45:24",148
"2018-10-27 04:45:24",148
"2018-10-27 05:45:24",148
"2018-10-27 06:45:25",148
"2018-10-27 07:45:26",148
"2018-10-27 08:45:26",148
"2018-10-27 09:45:25",148
"2018-10-27 10:45:25",148
"2018-10-27 11:45:25",148
"2018-10-27 12:45:25",148
"2018-10-27 13:45:24",148
"2018-10-27 14:45:25",148
"2018-10-27 15:45:26",148
"2018-10-27 16:45:25",148
"2018-10-27 17:45:25",148
"2018-10-27 18:45:24",148
"2018-10-27 19:45:25",148
"2018-10-27 20:45:24",148
"2018-10-27 21:45:24",148
"2018-10-27 22:45:24",148
"2018-10-27 23:45:24",148
"2018-10-28 00:45:24",148
"2018-10-28 01:45:25",148
"2018-10-28 02:45:24",148
"2018-10-28 03:45:25",148
"2018-10-28 04:45:24",148
"2018-10-28 05:45:25",148
"2018-10-28 06:45:24",148
"2018-10-28 07:45:23",148
"2018-10-28 08:45:24",148
"2018-10-28 09:45:25",148
"2018-10-28 10:45:24",148
"2018-10-28 11:45:23",148
"2018-10-28 12:45:23",148
"2018-10-28 13:45:25",148
"2018-10-28 14:45:24",148
"2018-10-28 15:45:24",148
"2018-10-28 16:45:25",148
"2018-10-28 17:45:24",148
"2018-10-28 18:45:24",148
"2018-10-28 19:45:23",148
"2018-10-28 20:45:24",148
"2018-10-28 21:45:24",148
"2018-10-28 22:45:24",148
"2018-10-28 23:45:23",148
"2018-10-29 00:45:24",148
"2018-10-29 01:45:25",148
"2018-10-29 02:45:25",148
"2018-10-29 03:45:23",148
"2018-10-29 04:45:26",148
"2018-10-29 05:45:24",148
"2018-10-29 06:45:25",148
"2018-10-29 07:45:23",148
"2018-10-29 08:45:25",148
"2018-10-29 09:45:24",148
"2018-10-29 10:45:24",148
"2018-10-29 11:45:24",148
"2018-10-29 12:45:24",148
"2018-10-29 13:45:29",148
"2018-10-29 14:45:27",147
"2018-10-29 15:45:24",147
"2018-10-29 16:45:27",147
"2018-10-29 17:45:26",147
"2018-10-29 18:45:26",147
"2018-10-29 19:45:27",147
"2018-10-29 20:45:25",147
"2018-10-29 21:45:25",147
"2018-10-29 22:45:26",147
"2018-10-29 23:45:25",147
"2018-10-30 00:45:25",147
"2018-10-30 01:45:24",147
"2018-10-30 02:45:26",147
"2018-10-30 03:45:25",147
"2018-10-30 04:45:26",147
"2018-10-30 05:45:24",147
"2018-10-30 06:45:24",147
"2018-10-30 07:45:23",147
"2018-10-30 08:45:23",147
"2018-10-30 09:45:24",147
"2018-10-30 10:45:25",147
"2018-10-30 11:45:25",147
"2018-10-30 12:45:24",147
"2018-10-30 13:45:31",147
"2018-10-30 14:45:30",147
"2018-10-30 15:45:29",148
"2018-10-30 16:45:26",148
"2018-10-30 17:45:24",148
"2018-10-30 18:45:25",148
"2018-10-30 19:45:25",148
"2018-10-30 20:45:25",148
"2018-10-30 21:45:25",147
"2018-10-30 22:45:24",147
"2018-10-30 23:45:24",147
"2018-10-31 00:45:25",147
"2018-10-31 01:45:27",147
"2018-10-31 02:45:26",147
"2018-10-31 03:45:24",147
"2018-10-31 04:45:25",147
"2018-10-31 05:45:25",147
"2018-10-31 06:45:24",147
"2018-10-31 07:45:23",147
"2018-10-31 08:45:25",147
"2018-10-31 09:45:24",147
"2018-10-31 10:45:24",147
"2018-10-31 11:45:25",147
"2018-10-31 12:45:26",147
"2018-10-31 14:12:02",147
"2018-10-31 14:45:28",147
"2018-10-31 15:45:27",147
"2018-10-31 16:45:27",149
"2018-10-31 17:45:25",149
"2018-10-31 18:45:26",149
"2018-10-31 19:45:26",149
"2018-10-31 20:45:25",150
"2018-10-31 21:45:24",150
"2018-10-31 22:45:24",150
"2018-10-31 23:45:25",150
"2018-11-01 00:45:24",150
"2018-11-01 01:45:24",150
"2018-11-01 02:45:24",150
"2018-11-01 03:45:24",150
"2018-11-01 04:45:24",150
"2018-11-01 05:45:24",150
"2018-11-01 06:45:25",150
"2018-11-01 07:45:24",150
"2018-11-01 08:45:25",150
"2018-11-01 09:45:25",150
"2018-11-01 10:45:26",150
"2018-11-01 11:45:24",150
"2018-11-01 12:45:25",150
"2018-11-01 13:45:27",150
"2018-11-01 14:45:30",151
"2018-11-01 15:45:30",151
"2018-11-01 16:45:28",150
"2018-11-01 17:45:26",151
"2018-11-01 18:45:30",151
"2018-11-01 19:45:30",151
"2018-11-01 20:45:30",151
"2018-11-01 21:45:27",151
"2018-11-01 22:45:27",151
"2018-11-01 23:45:26",151
"2018-11-02 00:45:25",151
"2018-11-02 01:45:25",151
"2018-11-02 02:45:26",151
"2018-11-02 03:45:28",151
"2018-11-02 04:45:25",151
"2018-11-02 05:45:25",151
"2018-11-02 06:45:24",151
"2018-11-02 07:45:25",151
"2018-11-02 08:45:25",151
"2018-11-02 09:45:26",151
"2018-11-02 10:45:24",151
"2018-11-02 11:45:23",151
"2018-11-02 12:45:25",151
"2018-11-02 14:10:04",151
"2018-11-02 14:45:31",151
"2018-11-02 15:45:30",151
"2018-11-02 16:45:30",151
"2018-11-02 17:45:32",152
"2018-11-02 18:45:26",151
"2018-11-02 19:45:28",151
"2018-11-02 20:45:28",151
"2018-11-02 21:45:27",151
"2018-11-02 22:45:27",151
"2018-11-02 23:45:27",151
"2018-11-03 00:45:29",151
"2018-11-03 01:45:27",151
"2018-11-03 02:45:30",151
"2018-11-03 03:45:27",151
"2018-11-03 04:45:26",151
"2018-11-03 05:45:27",151
"2018-11-03 06:45:25",151
"2018-11-03 07:45:24",151
"2018-11-03 08:45:26",151
"2018-11-03 09:45:27",151
"2018-11-03 10:45:25",151
"2018-11-03 11:45:26",151
"2018-11-03 12:45:26",151
"2018-11-03 13:45:25",151
"2018-11-03 14:45:26",151
"2018-11-03 15:45:26",151
"2018-11-03 16:45:26",151
"2018-11-03 17:45:35",151
"2018-11-03 18:45:32",151
"2018-11-03 19:45:27",151
"2018-11-03 20:45:37",151
"2018-11-03 21:46:29",151
"2018-11-03 22:45:26",151
"2018-11-03 23:45:27",151
"2018-11-04 00:45:27",151
"2018-11-04 01:45:27",151
"2018-11-04 02:45:27",151
"2018-11-04 03:45:27",151
"2018-11-04 04:45:28",151
"2018-11-04 05:45:26",151
"2018-11-04 06:45:27",151
"2018-11-04 07:45:26",151
"2018-11-04 08:45:28",151
"2018-11-04 09:45:25",151
"2018-11-04 10:45:25",151
"2018-11-04 11:45:26",151
"2018-11-04 12:45:26",151
"2018-11-04 13:45:26",151
"2018-11-04 14:45:26",151
"2018-11-04 15:45:26",151
"2018-11-04 16:45:26",151
"2018-11-04 17:45:26",151
"2018-11-04 18:45:27",151
"2018-11-04 19:45:27",151
"2018-11-04 20:45:25",151
"2018-11-04 21:45:26",151
"2018-11-04 22:45:27",151
"2018-11-04 23:45:27",151
"2018-11-05 00:45:26",151
"2018-11-05 01:45:27",151
"2018-11-05 02:45:26",151
"2018-11-05 03:46:14",151
"2018-11-05 04:45:29",151
"2018-11-05 05:45:28",151
"2018-11-05 06:45:25",151
"2018-11-05 07:45:29",151
"2018-11-05 08:45:26",151
"2018-11-05 09:45:26",151
"2018-11-05 10:45:26",151
"2018-11-05 11:45:25",151
"2018-11-05 12:45:25",151
"2018-11-05 13:45:26",151
"2018-11-05 14:45:35",151
"2018-11-05 15:45:29",151
"2018-11-05 16:45:34",150
"2018-11-05 17:45:26",151
"2018-11-05 18:45:25",151
"2018-11-05 19:45:26",151
"2018-11-05 20:45:28",151
"2018-11-05 21:45:30",151
"2018-11-05 22:45:30",151
"2018-11-05 23:45:26",151
"2018-11-06 00:45:25",151
"2018-11-06 01:45:26",151
"2018-11-06 02:45:26",151
"2018-11-06 03:45:28",151
"2018-11-06 04:45:27",151
"2018-11-06 05:45:27",151
"2018-11-06 06:45:26",151
"2018-11-06 07:45:28",151
"2018-11-06 08:45:27",151
"2018-11-06 09:45:27",151
"2018-11-06 10:45:28",151
"2018-11-06 11:45:27",151
"2018-11-06 12:45:27",151
"2018-11-06 13:45:28",151
"2018-11-06 14:45:35",151
"2018-11-06 15:45:36",150
"2018-11-06 16:45:32",150
"2018-11-06 17:45:39",150
"2018-11-06 18:45:31",150
"2018-11-06 19:45:28",150
"2018-11-06 20:45:30",150
"2018-11-06 21:45:28",150
"2018-11-06 22:45:30",150
"2018-11-06 23:45:28",150
"2018-11-07 00:45:29",150
"2018-11-07 01:45:27",150
"2018-11-07 02:45:29",150
"2018-11-07 03:45:28",150
"2018-11-07 04:45:27",150
"2018-11-07 05:45:28",150
"2018-11-07 06:45:27",150
"2018-11-07 07:45:28",150
"2018-11-07 08:45:27",150
"2018-11-07 09:45:26",150
"2018-11-07 10:45:27",150
"2018-11-07 11:45:28",150
"2018-11-07 12:45:27",150
"2018-11-07 13:45:27",150
"2018-11-07 14:45:36",150
"2018-11-07 15:45:30",151
"2018-11-07 16:45:28",152
"2018-11-07 17:45:33",152
"2018-11-07 18:45:32",152
"2018-11-07 19:45:32",153
"2018-11-07 20:45:31",153
"2018-11-07 21:45:28",153
"2018-11-07 22:45:29",153
"2018-11-07 23:45:28",153
"2018-11-08 00:45:27",153
"2018-11-08 01:45:28",153
"2018-11-08 02:45:28",153
"2018-11-08 03:45:28",153
"2018-11-08 04:45:28",153
"2018-11-08 05:45:28",153
"2018-11-08 06:45:40",153
"2018-11-08 07:45:28",153
"2018-11-08 08:45:28",153
"2018-11-08 09:45:27",153
"2018-11-08 10:45:27",153
"2018-11-08 11:45:27",153
"2018-11-08 12:45:28",153
"2018-11-08 13:45:27",153
"2018-11-08 14:45:32",153
"2018-11-08 15:45:32",152
"2018-11-08 16:45:32",151
"2018-11-08 17:45:28",152
"2018-11-08 18:45:27",152
"2018-11-08 19:45:28",151
"2018-11-08 20:45:33",150
"2018-11-08 21:45:31",151
"2018-11-08 22:45:28",151
"2018-11-08 23:45:27",151
"2018-11-09 00:45:29",151
"2018-11-09 01:45:28",151
"2018-11-09 02:45:29",151
"2018-11-09 03:45:29",151
"2018-11-09 04:45:29",151
"2018-11-09 05:45:29",151
"2018-11-09 06:45:27",151
"2018-11-09 07:45:28",151
"2018-11-09 08:45:27",151
"2018-11-09 09:45:27",151
"2018-11-09 10:45:26",151
"2018-11-09 11:45:27",151
"2018-11-09 12:45:27",151
"2018-11-09 13:45:26",151
"2018-11-09 15:09:33",150
"2018-11-09 15:45:31",150
"2018-11-09 16:45:31",150
"2018-11-09 17:45:29",149
"2018-11-09 18:45:28",149
"2018-11-09 19:45:56",149
"2018-11-09 20:45:32",149
"2018-11-09 21:45:30",149
"2018-11-09 22:45:30",149
"2018-11-09 23:45:28",149
"2018-11-10 00:45:28",149
"2018-11-10 01:45:29",149
"2018-11-10 02:45:27",149
"2018-11-10 03:45:28",149
"2018-11-10 04:45:28",149
"2018-11-10 05:45:27",149
"2018-11-10 06:45:27",149
"2018-11-10 07:45:27",149
"2018-11-10 08:45:27",149
"2018-11-10 09:45:28",149
"2018-11-10 10:45:26",149
"2018-11-10 11:45:28",149
"2018-11-10 12:45:26",149
"2018-11-10 13:45:27",149
"2018-11-10 14:45:28",149
"2018-11-10 15:45:32",149
"2018-11-10 16:45:29",149
"2018-11-10 17:45:29",149
"2018-11-10 18:45:31",149
"2018-11-10 19:45:30",149
"2018-11-10 20:45:28",149
"2018-11-10 21:45:29",149
"2018-11-10 22:45:29",149
"2018-11-10 23:45:28",149
"2018-11-11 00:45:29",149
"2018-11-11 01:45:29",149
"2018-11-11 02:45:27",149
"2018-11-11 03:45:30",149
"2018-11-11 04:45:27",149
"2018-11-11 05:45:29",149
"2018-11-11 06:45:27",149
"2018-11-11 07:45:29",149
"2018-11-11 08:45:27",149
"2018-11-11 09:45:30",149
"2018-11-11 10:45:29",149
"2018-11-11 11:45:27",149
"2018-11-11 12:45:28",149
"2018-11-11 13:45:27",149
"2018-11-11 14:45:29",149
"2018-11-11 15:45:29",149
"2018-11-11 16:45:28",149
"2018-11-11 17:45:29",149
"2018-11-11 18:45:28",149
"2018-11-11 19:45:27",149
"2018-11-11 20:45:29",149
"2018-11-11 21:45:27",149
"2018-11-11 22:45:29",149
"2018-11-11 23:45:27",149
"2018-11-12 00:45:30",149
"2018-11-12 01:45:26",149
"2018-11-12 02:45:29",149
"2018-11-12 03:45:29",149
"2018-11-12 04:45:28",149
"2018-11-12 05:45:29",149
"2018-11-12 06:45:29",149
"2018-11-12 07:45:28",149
"2018-11-12 08:45:29",149
"2018-11-12 09:45:28",149
"2018-11-12 10:45:28",149
"2018-11-12 11:45:30",149
"2018-11-12 12:45:27",149
"2018-11-12 13:45:28",149
"2018-11-12 14:45:32",149
"2018-11-12 15:45:29",150
"2018-11-12 16:45:30",151
"2018-11-12 17:45:27",151
"2018-11-12 18:45:28",151
"2018-11-12 19:45:30",151
"2018-11-12 20:45:29",151
"2018-11-12 21:45:28",151
"2018-11-12 22:46:13",151
"2018-11-12 23:45:27",151
"2018-11-13 00:45:30",151
"2018-11-13 01:45:28",151
"2018-11-13 02:45:30",151
"2018-11-13 03:45:29",151
"2018-11-13 04:45:28",151
"2018-11-13 05:45:27",151
"2018-11-13 06:45:28",151
"2018-11-13 07:45:29",151
"2018-11-13 08:45:31",151
"2018-11-13 09:45:29",151
"2018-11-13 10:45:29",151
"2018-11-13 11:45:29",151
"2018-11-13 12:45:28",151
"2018-11-13 13:45:27",151
"2018-11-13 14:45:33",151
"2018-11-13 15:45:30",150
"2018-11-13 16:45:29",149
"2018-11-13 17:45:29",149
"2018-11-13 18:45:27",149
"2018-11-13 19:45:28",149
"2018-11-13 20:45:28",149
"2018-11-13 21:45:28",149
"2018-11-13 22:45:27",149
"2018-11-13 23:45:28",149
"2018-11-14 00:45:28",149
"2018-11-14 01:45:28",149
"2018-11-14 02:45:27",149
"2018-11-14 03:45:28",149
"2018-11-14 04:45:27",149
"2018-11-14 05:45:28",149
"2018-11-14 06:45:28",149
"2018-11-14 07:45:28",149
"2018-11-14 08:45:27",149
"2018-11-14 09:45:28",149
"2018-11-14 10:45:28",149
"2018-11-14 11:45:30",149
"2018-11-14 12:45:28",149
"2018-11-14 13:45:28",149
"2018-11-14 14:45:32",149
"2018-11-14 15:45:31",149
"2018-11-14 16:45:32",150
"2018-11-14 17:45:31",148
"2018-11-14 18:45:34",148
"2018-11-14 19:45:31",147
"2018-11-14 20:45:31",147
"2018-11-14 21:45:32",147
"2018-11-14 22:45:31",147
"2018-11-14 23:45:30",147
"2018-11-15 00:45:28",147
"2018-11-15 01:45:29",147
"2018-11-15 02:45:28",147
"2018-11-15 03:45:28",147
"2018-11-15 04:45:29",147
"2018-11-15 05:45:29",147
"2018-11-15 06:45:28",147
"2018-11-15 07:45:26",147
"2018-11-15 08:45:27",147
"2018-11-15 09:45:28",147
"2018-11-15 10:45:28",147
"2018-11-15 11:45:28",147
"2018-11-15 12:45:27",147
"2018-11-15 13:45:28",147
"2018-11-15 14:45:31",147
"2018-11-15 15:45:30",147
"2018-11-15 16:45:28",147
"2018-11-15 17:45:34",147
"2018-11-15 18:45:29",147
"2018-11-15 19:45:27",147
"2018-11-15 20:45:32",147
"2018-11-15 21:45:34",147
"2018-11-15 22:45:31",147
"2018-11-15 23:45:29",147
"2018-11-16 00:45:28",147
"2018-11-16 01:45:28",147
"2018-11-16 02:45:27",147
"2018-11-16 03:45:28",147
"2018-11-16 04:45:28",147
"2018-11-16 05:45:27",147
"2018-11-16 06:45:29",147
"2018-11-16 07:45:29",147
"2018-11-16 08:45:28",147
"2018-11-16 09:45:28",147
"2018-11-16 10:45:27",147
"2018-11-16 11:45:27",147
"2018-11-16 12:45:27",147
"2018-11-16 13:45:28",147
"2018-11-16 14:45:33",147
"2018-11-16 15:45:30",146
"2018-11-16 16:45:29",146
"2018-11-16 17:45:29",146
"2018-11-16 18:45:28",146
"2018-11-16 19:45:28",146
"2018-11-16 20:45:40",146
"2018-11-16 21:45:31",145
"2018-11-16 22:45:31",145
"2018-11-16 23:45:30",145
"2018-11-17 00:45:31",145
"2018-11-17 01:45:28",145
"2018-11-17 02:45:27",145
"2018-11-17 03:45:31",145
"2018-11-17 04:45:27",145
"2018-11-17 05:45:28",145
"2018-11-17 06:45:29",145
"2018-11-17 07:45:25",145
"2018-11-17 08:45:27",145
"2018-11-17 09:45:27",145
"2018-11-17 10:45:27",145
"2018-11-17 11:45:27",145
"2018-11-17 12:45:28",145
"2018-11-17 13:45:28",145
"2018-11-17 14:45:30",145
"2018-11-17 15:45:28",145
"2018-11-17 16:45:26",145
"2018-11-17 17:45:30",145
"2018-11-17 18:45:27",145
"2018-11-17 19:45:27",145
"2018-11-17 20:45:26",145
"2018-11-17 21:45:26",145
"2018-11-17 22:45:26",145
"2018-11-17 23:45:27",145
"2018-11-18 00:45:26",145
"2018-11-18 01:45:27",145
"2018-11-18 02:45:27",145
"2018-11-18 03:45:28",145
"2018-11-18 04:45:26",145
"2018-11-18 05:45:26",145
"2018-11-18 06:45:27",145
"2018-11-18 07:45:27",145
"2018-11-18 08:45:26",145
"2018-11-18 09:45:27",145
"2018-11-18 10:45:26",145
"2018-11-18 11:45:26",145
"2018-11-18 12:45:26",145
"2018-11-18 13:45:26",145
"2018-11-18 14:45:27",145
"2018-11-18 15:45:27",145
"2018-11-18 16:45:26",145
"2018-11-18 17:45:27",145
"2018-11-18 18:45:27",145
"2018-11-18 19:45:26",145
"2018-11-18 20:45:27",145
"2018-11-18 21:45:26",145
"2018-11-18 22:45:27",145
"2018-11-18 23:45:27",145
"2018-11-19 00:45:27",145
"2018-11-19 01:45:27",145
"2018-11-19 02:45:27",145
"2018-11-19 03:45:27",145
"2018-11-19 04:45:26",145
"2018-11-19 05:45:26",145
"2018-11-19 06:45:26",145
"2018-11-19 07:45:27",145
"2018-11-19 08:45:26",145
"2018-11-19 09:45:26",145
"2018-11-19 10:45:28",145
"2018-11-19 12:45:27",145
"2018-11-19 13:45:27",145
"2018-11-19 14:45:31",145
"2018-11-19 15:45:27",146
"2018-11-19 16:45:32",145
"2018-11-19 17:45:31",145
"2018-11-19 18:45:30",145
"2018-11-19 19:45:29",146
"2018-11-19 20:45:29",144
"2018-11-19 21:45:28",144
"2018-11-19 22:45:29",144
"2018-11-19 23:45:29",144
"2018-11-20 00:45:29",144
"2018-11-20 01:45:28",144
"2018-11-20 02:45:30",144
"2018-11-20 03:45:30",144
"2018-11-20 04:45:27",144
"2018-11-20 05:45:27",144
"2018-11-20 06:45:29",144
"2018-11-20 07:45:28",144
"2018-11-20 08:45:28",144
"2018-11-20 09:45:29",144
"2018-11-20 10:45:28",144
"2018-11-20 11:45:27",144
"2018-11-20 12:45:28",144
"2018-11-20 13:45:30",144
"2018-11-20 14:45:33",144
"2018-11-20 15:45:36",144
"2018-11-20 16:45:28",144
"2018-11-20 17:45:28",144
"2018-11-20 18:45:34",144
"2018-11-20 19:45:30",144
"2018-11-20 20:45:30",144
"2018-11-20 21:45:34",144
"2018-11-20 22:45:29",144
"2018-11-20 23:45:28",144
"2018-11-21 00:45:26",144
"2018-11-21 01:45:27",144
"2018-11-21 02:45:27",144
"2018-11-21 03:45:28",144
"2018-11-21 04:45:28",144
"2018-11-21 05:45:30",144
"2018-11-21 06:45:30",144
"2018-11-21 07:45:30",144
"2018-11-21 08:45:29",144
"2018-11-21 09:45:27",144
"2018-11-21 10:45:27",144
"2018-11-21 11:45:27",144
"2018-11-21 12:45:27",144
"2018-11-21 13:45:26",144
"2018-11-21 14:45:32",144
"2018-11-21 16:45:32",145
"2018-11-21 17:45:33",145
"2018-11-21 18:45:28",146
"2018-11-21 19:45:30",146
"2018-11-21 20:45:30",146
"2018-11-21 21:45:29",146
"2018-11-21 22:45:29",146
"2018-11-21 23:45:27",146
"2018-11-22 00:45:27",146
"2018-11-22 01:45:27",146
"2018-11-22 02:45:28",146
"2018-11-22 03:45:28",146
"2018-11-22 04:45:29",146
"2018-11-22 05:45:27",146
"2018-11-22 06:45:28",146
"2018-11-22 07:45:27",146
"2018-11-22 08:45:27",146
"2018-11-22 09:45:27",146
"2018-11-22 10:45:28",146
"2018-11-22 11:45:29",146
"2018-11-22 12:45:28",146
"2018-11-22 13:45:27",146
"2018-11-22 14:45:27",146
"2018-11-22 15:45:28",146
"2018-11-22 16:45:26",146
"2018-11-22 17:45:28",146
"2018-11-22 18:45:27",146
"2018-11-22 19:45:27",146
"2018-11-22 20:45:28",146
"2018-11-22 21:45:27",146
"2018-11-22 22:45:28",146
"2018-11-22 23:45:27",146
"2018-11-23 00:45:27",146
"2018-11-23 01:45:26",146
"2018-11-23 02:45:27",146
"2018-11-23 03:45:28",146
"2018-11-23 04:45:28",146
"2018-11-23 05:45:28",146
"2018-11-23 06:45:27",146
"2018-11-23 07:45:27",146
"2018-11-23 08:45:27",146
"2018-11-23 09:45:28",146
"2018-11-23 10:45:28",146
"2018-11-23 11:45:29",146
"2018-11-23 12:45:28",146
"2018-11-23 13:45:27",146
"2018-11-23 14:45:29",146
"2018-11-23 15:45:28",146
"2018-11-23 16:45:27",146
"2018-11-23 17:45:27",146
"2018-11-23 18:45:27",145
"2018-11-23 19:45:28",145
"2018-11-23 20:45:28",145
"2018-11-23 21:45:29",145
"2018-11-23 22:45:27",145
"2018-11-23 23:45:29",145
"2018-11-24 00:45:27",145
"2018-11-24 01:45:28",145
"2018-11-24 02:45:31",145
"2018-11-24 03:45:29",145
"2018-11-24 04:45:30",145
"2018-11-24 05:45:29",145
"2018-11-24 06:45:29",145
"2018-11-24 07:45:28",145
"2018-11-24 08:45:29",145
"2018-11-24 09:45:27",145
"2018-11-24 10:45:27",145
"2018-11-24 11:45:29",145
"2018-11-24 12:45:28",145
"2018-11-24 13:45:27",145
"2018-11-24 14:45:28",145
"2018-11-24 15:45:28",145
"2018-11-24 16:45:27",145
"2018-11-24 17:45:29",145
"2018-11-24 18:45:28",145
"2018-11-24 19:45:27",145
"2018-11-24 20:45:29",145
"2018-11-24 21:45:28",145
"2018-11-24 22:45:28",145
"2018-11-24 23:45:28",145
"2018-11-25 00:45:28",145
"2018-11-25 01:45:28",145
"2018-11-25 02:45:28",145
"2018-11-25 03:45:28",145
"2018-11-25 04:45:29",145
"2018-11-25 05:45:28",145
"2018-11-25 06:45:28",145
"2018-11-25 07:45:28",145
"2018-11-25 08:45:27",145
"2018-11-25 09:45:28",145
"2018-11-25 10:45:28",145
"2018-11-25 11:45:29",145
"2018-11-25 12:45:27",145
"2018-11-25 13:45:28",145
"2018-11-25 14:45:29",145
"2018-11-25 15:45:28",145
"2018-11-25 16:45:29",145
"2018-11-25 17:45:29",145
"2018-11-25 18:45:29",145
"2018-11-25 19:45:30",145
"2018-11-25 20:45:28",145
"2018-11-25 21:45:27",145
"2018-11-25 22:45:28",145
"2018-11-25 23:45:28",145
"2018-11-26 00:45:27",145
"2018-11-26 01:45:28",145
"2018-11-26 02:45:30",145
"2018-11-26 03:45:28",145
"2018-11-26 04:45:28",145
"2018-11-26 05:45:28",145
"2018-11-26 06:45:27",145
"2018-11-26 07:45:27",145
"2018-11-26 08:45:27",145
"2018-11-26 09:45:28",145
"2018-11-26 10:45:28",145
"2018-11-26 11:45:28",145
"2018-11-26 12:45:28",145
"2018-11-26 13:45:27",145
"2018-11-26 14:45:34",145
"2018-11-26 15:45:29",143
"2018-11-26 16:45:28",143
"2018-11-26 17:45:28",142
"2018-11-26 18:45:29",142
"2018-11-26 19:45:28",142
"2018-11-26 20:45:29",142
"2018-11-26 21:45:26",142
"2018-11-26 22:45:33",142
"2018-11-26 23:45:32",142
"2018-11-27 00:45:31",142
"2018-11-27 01:45:30",142
"2018-11-27 02:45:30",142
"2018-11-27 03:45:27",142
"2018-11-27 04:45:28",142
"2018-11-27 05:45:28",142
"2018-11-27 06:45:28",142
"2018-11-27 07:45:27",142
"2018-11-27 08:45:27",142
"2018-11-27 09:45:27",142
"2018-11-27 10:47:16",142
"2018-11-27 11:45:27",142
"2018-11-27 12:45:27",142
"2018-11-27 13:45:28",142
"2018-11-27 14:45:33",142
"2018-11-27 15:45:30",142
"2018-11-27 16:45:33",142
"2018-11-27 17:45:32",142
"2018-11-27 18:45:31",142
"2018-11-27 19:45:31",142
"2018-11-27 20:45:30",142
"2018-11-27 21:45:32",142
"2018-11-27 22:45:31",142
"2018-11-27 23:45:31",142
"2018-11-28 00:45:30",142
"2018-11-28 01:45:30",142
"2018-11-28 02:45:29",142
"2018-11-28 03:45:31",142
"2018-11-28 04:45:32",142
"2018-11-28 05:45:30",142
"2018-11-28 06:45:29",142
"2018-11-28 07:45:28",142
"2018-11-28 08:45:31",142
"2018-11-28 09:45:32",142
"2018-11-28 10:45:29",142
"2018-11-28 11:45:28",142
"2018-11-28 12:45:28",142
"2018-11-28 14:10:32",142
"2018-11-28 14:45:32",142
"2018-11-28 15:45:36",142
"2018-11-28 16:45:32",142
"2018-11-28 17:45:35",142
"2018-11-28 18:45:33",144
"2018-11-28 19:45:30",144
"2018-11-28 20:45:33",144
"2018-11-28 21:45:28",144
"2018-11-28 22:45:28",144
"2018-11-28 23:45:26",144
"2018-11-29 00:45:27",144
"2018-11-29 01:45:30",144
"2018-11-29 02:45:28",144
"2018-11-29 03:45:28",144
"2018-11-29 04:45:27",144
"2018-11-29 05:45:28",144
"2018-11-29 06:45:28",144
"2018-11-29 07:45:27",144
"2018-11-29 08:45:26",144
"2018-11-29 09:45:28",144
"2018-11-29 10:45:28",144
"2018-11-29 11:45:27",144
"2018-11-29 12:45:28",144
"2018-11-29 13:45:29",144
"2018-11-29 15:10:39",145
"2018-11-29 15:45:28",145
"2018-11-29 16:45:29",145
"2018-11-29 17:45:34",145
"2018-11-29 18:45:34",145
"2018-11-29 19:45:30",144
"2018-11-29 20:45:28",144
"2018-11-29 21:45:30",144
"2018-11-29 22:45:29",144
"2018-11-29 23:45:30",144
"2018-11-30 00:45:31",144
"2018-11-30 01:45:31",144
"2018-11-30 02:45:27",144
"2018-11-30 03:45:30",144
"2018-11-30 04:45:28",144
"2018-11-30 05:45:31",144
"2018-11-30 06:45:29",144
"2018-11-30 07:45:28",144
"2018-11-30 08:45:27",144
"2018-11-30 09:45:29",144
"2018-11-30 10:45:29",144
"2018-11-30 11:45:27",144
"2018-11-30 12:45:28",144
"2018-11-30 13:45:27",144
"2018-11-30 14:45:32",144
"2018-11-30 15:45:30",145
"2018-11-30 16:45:30",145
"2018-11-30 17:45:30",145
"2018-11-30 18:45:28",146
"2018-11-30 19:45:29",146
"2018-11-30 20:45:30",146
"2018-11-30 21:45:28",146
"2018-11-30 22:45:32",147
"2018-11-30 23:45:30",147
"2018-12-01 00:45:28",146
"2018-12-01 01:45:28",146
"2018-12-01 02:45:27",146
"2018-12-01 03:45:28",146
"2018-12-01 04:45:27",146
"2018-12-01 05:45:29",146
"2018-12-01 06:45:27",146
"2018-12-01 07:45:27",146
"2018-12-01 08:45:27",146
"2018-12-01 09:45:27",146
"2018-12-01 10:45:27",146
"2018-12-01 11:45:28",146
"2018-12-01 12:45:28",146
"2018-12-01 13:45:28",146
"2018-12-01 14:45:28",146
"2018-12-01 15:45:28",146
"2018-12-01 16:45:27",146
"2018-12-01 17:45:27",146
"2018-12-01 18:45:28",146
"2018-12-01 19:45:27",146
"2018-12-01 20:45:28",146
"2018-12-01 21:45:26",146
"2018-12-01 22:45:32",146
"2018-12-01 23:45:29",146
"2018-12-02 00:45:26",146
"2018-12-02 01:45:27",146
"2018-12-02 02:45:27",146
"2018-12-02 03:45:28",146
"2018-12-02 04:45:27",146
"2018-12-02 05:45:28",146
"2018-12-02 06:45:27",146
"2018-12-02 07:45:30",146
"2018-12-02 08:45:30",146
"2018-12-02 09:45:27",146
"2018-12-02 10:45:29",146
"2018-12-02 11:45:27",146
"2018-12-02 12:45:26",146
"2018-12-02 13:45:27",146
"2018-12-02 14:45:26",146
"2018-12-02 15:45:28",146
"2018-12-02 16:45:27",146
"2018-12-02 17:45:27",146
"2018-12-02 18:45:27",146
"2018-12-02 19:45:27",146
"2018-12-02 20:45:27",146
"2018-12-02 21:45:27",146
"2018-12-02 22:45:26",146
"2018-12-02 23:45:27",146
"2018-12-03 00:45:28",146
"2018-12-03 01:45:27",146
"2018-12-03 02:45:27",146
"2018-12-03 03:45:28",146
"2018-12-03 04:45:29",146
"2018-12-03 05:45:26",146
"2018-12-03 06:45:30",146
"2018-12-03 07:45:28",146
"2018-12-03 08:45:27",146
"2018-12-03 09:45:29",146
"2018-12-03 10:45:28",146
"2018-12-03 11:45:28",146
"2018-12-03 12:45:26",146
"2018-12-03 13:45:26",146
"2018-12-03 14:45:36",146
"2018-12-03 15:45:29",145
"2018-12-03 16:45:32",145
"2018-12-03 17:45:32",147
"2018-12-03 18:45:29",147
"2018-12-03 19:45:27",146
"2018-12-03 20:45:28",146
"2018-12-03 21:45:27",147
"2018-12-03 22:45:31",147
"2018-12-03 23:45:33",147
"2018-12-04 00:45:30",147
"2018-12-04 01:45:28",147
"2018-12-04 02:45:29",147
"2018-12-04 03:45:29",147
"2018-12-04 04:45:27",147
"2018-12-04 05:45:33",147
"2018-12-04 06:45:30",147
"2018-12-04 07:45:29",147
"2018-12-04 08:45:29",147
"2018-12-04 09:45:27",147
"2018-12-04 10:45:26",147
"2018-12-04 11:45:27",147
"2018-12-04 12:45:28",147
"2018-12-04 13:45:28",147
"2018-12-04 15:12:03",147
"2018-12-04 15:45:31",147
"2018-12-04 16:45:28",147
"2018-12-04 17:45:29",147
"2018-12-04 18:45:29",148
"2018-12-04 19:45:30",149
"2018-12-04 20:45:30",149
"2018-12-04 21:45:30",149
"2018-12-04 22:45:33",149
"2018-12-04 23:45:32",149
"2018-12-05 00:45:31",149
"2018-12-05 01:45:32",149
"2018-12-05 02:45:31",149
"2018-12-05 03:45:30",149
"2018-12-05 04:45:35",149
"2018-12-05 05:45:34",149
"2018-12-05 06:45:30",149
"2018-12-05 07:45:28",149
"2018-12-05 08:45:28",149
"2018-12-05 09:45:27",149
"2018-12-05 10:45:29",149
"2018-12-05 11:45:28",149
"2018-12-05 12:45:27",149
"2018-12-05 13:45:27",149
"2018-12-05 14:45:27",149
"2018-12-05 15:45:30",149
"2018-12-05 16:45:28",149
"2018-12-05 17:45:28",149
"2018-12-05 18:45:28",149
"2018-12-05 19:45:31",149
"2018-12-05 20:45:30",149
"2018-12-05 21:45:31",149
"2018-12-05 22:45:31",149
"2018-12-05 23:45:31",149
"2018-12-06 00:45:31",149
"2018-12-06 01:45:29",149
"2018-12-06 02:45:28",149
"2018-12-06 03:45:29",149
"2018-12-06 04:45:26",149
"2018-12-06 05:45:28",149
"2018-12-06 06:45:28",149
"2018-12-06 07:45:26",149
"2018-12-06 08:45:30",149
"2018-12-06 09:45:30",149
"2018-12-06 10:45:27",149
"2018-12-06 11:45:29",149
"2018-12-06 12:45:30",149
"2018-12-06 13:45:29",149
"2018-12-06 14:45:32",149
"2018-12-06 15:45:30",149
"2018-12-06 16:45:30",149
"2018-12-06 17:45:32",149
"2018-12-06 18:45:29",149
"2018-12-06 19:45:29",149
"2018-12-06 20:45:28",149
"2018-12-06 21:45:28",149
"2018-12-06 22:45:27",149
"2018-12-06 23:45:34",149
"2018-12-07 00:45:37",149
"2018-12-07 01:45:36",149
"2018-12-07 02:45:33",149
"2018-12-07 03:45:36",149
"2018-12-07 04:45:38",149
"2018-12-07 05:45:35",149
"2018-12-07 06:45:36",149
"2018-12-07 07:45:37",149
"2018-12-07 08:45:33",149
"2018-12-07 09:45:34",149
"2018-12-07 10:45:33",149
"2018-12-07 11:45:33",149
"2018-12-07 12:45:34",149
"2018-12-07 14:10:34",149
"2018-12-07 14:45:40",149
"2018-12-07 16:10:42",150
"2018-12-07 16:45:35",150
"2018-12-07 17:45:36",151
"2018-12-07 18:45:35",151
"2018-12-07 19:45:38",152
"2018-12-07 20:45:37",152
"2018-12-07 21:45:35",152
"2018-12-07 22:45:38",152
"2018-12-07 23:45:39",152
"2018-12-08 00:45:36",152
"2018-12-08 01:45:34",152
"2018-12-08 03:45:38",152
"2018-12-08 04:45:36",152
"2018-12-08 05:45:37",152
"2018-12-08 06:45:34",152
"2018-12-08 07:45:36",152
"2018-12-08 08:45:34",152
"2018-12-08 09:45:34",152
"2018-12-08 10:45:35",152
"2018-12-08 11:45:34",152
"2018-12-08 12:45:36",152
"2018-12-08 13:45:34",152
"2018-12-08 14:45:34",152
"2018-12-08 15:45:34",152
"2018-12-08 16:45:36",152
"2018-12-08 17:45:36",152
"2018-12-08 18:45:34",152
"2018-12-08 19:45:35",152
"2018-12-08 20:45:41",152
"2018-12-08 21:45:39",152
"2018-12-08 22:45:35",152
"2018-12-08 23:45:37",152
"2018-12-09 00:45:35",152
"2018-12-09 01:45:38",152
"2018-12-09 02:45:36",152
"2018-12-09 03:45:35",152
"2018-12-09 04:45:34",152
"2018-12-09 05:45:34",152
"2018-12-09 06:45:36",152
"2018-12-09 07:45:37",152
"2018-12-09 08:45:36",152
"2018-12-09 09:45:40",152
"2018-12-09 10:45:35",152
"2018-12-09 11:45:37",152
"2018-12-09 12:45:35",152
"2018-12-09 13:45:35",152
"2018-12-09 14:45:34",152
"2018-12-09 15:45:36",152
"2018-12-09 16:45:34",152
"2018-12-09 17:45:34",152
"2018-12-09 18:45:35",152
"2018-12-09 19:45:34",152
"2018-12-09 20:45:35",152
"2018-12-09 21:45:34",152
"2018-12-09 22:45:40",152
"2018-12-09 23:45:37",152
"2018-12-10 00:45:37",152
"2018-12-10 01:45:34",152
"2018-12-10 02:45:34",152
"2018-12-10 03:45:35",152
"2018-12-10 04:45:38",152
"2018-12-10 05:45:34",152
"2018-12-10 06:45:40",152
"2018-12-10 07:45:39",152
"2018-12-10 08:45:36",152
"2018-12-10 09:45:35",152
"2018-12-10 10:45:35",152
"2018-12-10 11:45:34",152
"2018-12-10 12:45:36",152
"2018-12-10 13:45:41",152
"2018-12-10 15:09:12",155
"2018-12-10 15:45:33",155
"2018-12-10 16:45:35",155
"2018-12-10 17:45:37",154
"2018-12-10 18:45:35",154
"2018-12-10 19:45:36",154
"2018-12-10 20:45:33",154
"2018-12-10 21:45:36",154
"2018-12-10 22:45:34",154
"2018-12-10 23:45:36",154
"2018-12-11 00:45:34",154
"2018-12-11 01:45:33",154
"2018-12-11 02:45:34",154
"2018-12-11 03:45:35",154
"2018-12-11 04:45:33",154
"2018-12-11 05:45:37",154
"2018-12-11 06:45:36",154
"2018-12-11 07:45:35",154
"2018-12-11 08:45:35",154
"2018-12-11 09:45:34",154
"2018-12-11 10:45:34",154
"2018-12-11 11:45:35",154
"2018-12-11 12:45:35",154
"2018-12-11 13:45:33",154
"2018-12-11 15:10:08",154
"2018-12-11 15:45:35",154
"2018-12-11 16:45:35",155
"2018-12-11 17:45:34",155
"2018-12-11 18:45:35",154
"2018-12-11 19:45:36",154
"2018-12-11 20:45:34",154
"2018-12-11 21:45:38",154
"2018-12-11 22:45:36",154
"2018-12-11 23:45:36",154
"2018-12-12 00:45:33",154
"2018-12-12 01:45:33",154
"2018-12-12 02:45:35",154
"2018-12-12 03:45:34",154
"2018-12-12 04:45:33",154
"2018-12-12 05:45:33",154
"2018-12-12 06:45:34",154
"2018-12-12 07:45:34",154
"2018-12-12 08:45:34",154
"2018-12-12 09:45:34",154
"2018-12-12 10:45:34",154
"2018-12-12 11:45:38",154
"2018-12-12 12:45:39",154
"2018-12-12 14:11:13",154
"2018-12-12 14:45:38",154
"2018-12-12 15:45:36",154
"2018-12-12 16:45:37",156
"2018-12-12 17:45:37",156
"2018-12-12 18:45:34",156
"2018-12-12 19:45:36",156
"2018-12-12 20:45:34",156
"2018-12-12 21:45:35",156
"2018-12-12 22:45:37",156
"2018-12-12 23:45:36",156
"2018-12-13 00:45:34",156
"2018-12-13 01:45:35",156
"2018-12-13 02:45:36",156
"2018-12-13 03:45:34",156
"2018-12-13 04:45:42",156
"2018-12-13 05:45:39",156
"2018-12-13 06:45:37",156
"2018-12-13 07:45:35",156
"2018-12-13 08:45:33",156
"2018-12-13 09:45:34",156
"2018-12-13 10:45:34",156
"2018-12-13 11:45:33",156
"2018-12-13 12:45:33",156
"2018-12-13 14:09:38",156
"2018-12-13 14:45:37",156
"2018-12-13 15:45:37",156
"2018-12-13 16:45:34",156
"2018-12-13 17:45:38",154
"2018-12-13 18:45:37",154
"2018-12-13 19:45:37",154
"2018-12-13 20:45:36",154
"2018-12-13 21:45:34",155
"2018-12-13 22:45:36",155
"2018-12-13 23:45:35",155
"2018-12-14 00:45:34",155
"2018-12-14 01:45:34",155
"2018-12-14 02:45:34",155
"2018-12-14 03:45:33",155
"2018-12-14 04:45:39",155
"2018-12-14 05:45:35",155
"2018-12-14 06:45:36",155
"2018-12-14 07:45:36",155
"2018-12-14 08:45:34",155
"2018-12-14 09:45:34",155
"2018-12-14 10:45:35",155
"2018-12-14 11:45:35",155
"2018-12-14 12:45:34",155
"2018-12-14 14:09:38",155
"2018-12-14 14:45:40",155
"2018-12-14 15:45:37",155
"2018-12-14 16:45:36",155
"2018-12-14 17:45:38",154
"2018-12-14 18:45:41",154
"2018-12-14 19:45:41",154
"2018-12-14 20:45:41",154
"2018-12-14 21:45:36",154
"2018-12-14 22:45:39",154
"2018-12-14 23:45:37",154
"2018-12-15 00:45:37",154
"2018-12-15 01:45:38",154
"2018-12-15 02:45:35",154
"2018-12-15 03:45:36",154
"2018-12-15 04:45:35",154
"2018-12-15 05:45:39",154
"2018-12-15 06:45:37",154
"2018-12-15 07:45:36",154
"2018-12-15 08:45:35",154
"2018-12-15 09:45:35",154
"2018-12-15 10:45:36",154
"2018-12-15 11:45:35",154
"2018-12-15 12:45:36",154
"2018-12-15 13:45:35",154
"2018-12-15 14:45:36",154
"2018-12-15 15:45:36",154
"2018-12-15 16:45:36",154
"2018-12-15 17:45:39",154
"2018-12-15 18:45:36",154
"2018-12-15 19:45:36",154
"2018-12-15 20:45:35",154
"2018-12-15 21:45:35",154
"2018-12-15 22:45:36",154
"2018-12-15 23:45:35",154
"2018-12-16 00:45:36",154
"2018-12-16 01:45:35",154
"2018-12-16 02:45:35",154
"2018-12-16 03:45:37",154
"2018-12-16 04:45:40",154
"2018-12-16 05:45:35",154
"2018-12-16 06:45:38",154
"2018-12-16 07:45:37",154
"2018-12-16 08:45:34",154
"2018-12-16 09:45:39",154
"2018-12-16 10:45:36",154
"2018-12-16 11:45:36",154
"2018-12-16 12:45:34",154
"2018-12-16 13:45:35",154
"2018-12-16 14:45:36",154
"2018-12-16 15:45:35",154
"2018-12-16 16:45:35",154
"2018-12-16 17:45:40",154
"2018-12-16 18:45:35",154
"2018-12-16 19:45:37",154
"2018-12-16 20:45:36",154
"2018-12-16 21:45:35",154
"2018-12-16 22:45:40",154
"2018-12-16 23:45:38",154
"2018-12-17 00:45:38",154
"2018-12-17 01:45:35",154
"2018-12-17 02:45:36",154
"2018-12-17 03:45:35",154
"2018-12-17 04:45:42",154
"2018-12-17 05:45:35",154
"2018-12-17 06:45:38",154
"2018-12-17 07:45:36",154
"2018-12-17 08:45:35",154
"2018-12-17 09:45:36",154
"2018-12-17 10:45:36",154
"2018-12-17 11:45:35",154
"2018-12-17 12:45:36",154
"2018-12-17 13:45:39",154
"2018-12-17 14:45:42",154
"2018-12-17 15:45:38",154
"2018-12-17 16:45:38",155
"2018-12-17 17:45:36",155
"2018-12-17 18:45:37",155
"2018-12-17 20:11:10",155
"2018-12-17 20:45:37",155
"2018-12-17 21:45:39",155
"2018-12-17 22:45:38",155
"2018-12-17 23:45:36",155
"2018-12-18 00:45:36",155
"2018-12-18 01:45:37",155
"2018-12-18 02:45:35",155
"2018-12-18 03:45:36",155
"2018-12-18 04:45:35",155
"2018-12-18 05:45:36",155
"2018-12-18 06:45:35",155
"2018-12-18 07:45:35",155
"2018-12-18 08:45:35",155
"2018-12-18 09:45:34",155
"2018-12-18 10:45:35",155
"2018-12-18 11:45:34",155
"2018-12-18 12:45:35",155
"2018-12-18 13:45:36",155
"2018-12-18 14:45:37",155
"2018-12-18 15:45:36",155
"2018-12-18 16:45:35",155
"2018-12-18 17:45:36",155
"2018-12-18 18:45:35",155
"2018-12-18 19:45:35",155
"2018-12-18 20:45:39",156
"2018-12-18 21:45:38",156
"2018-12-18 22:45:44",156
"2018-12-18 23:45:38",156
"2018-12-19 00:45:35",156
"2018-12-19 01:45:37",156
"2018-12-19 02:45:36",156
"2018-12-19 03:45:39",156
"2018-12-19 04:45:39",156
"2018-12-19 05:45:39",156
"2018-12-19 06:45:37",156
"2018-12-19 07:45:36",156
"2018-12-19 08:45:35",156
"2018-12-19 09:45:37",156
"2018-12-19 11:45:36",156
"2018-12-19 12:45:35",156
"2018-12-19 13:45:35",156
"2018-12-19 14:45:37",156
"2018-12-19 15:45:36",156
"2018-12-19 16:45:36",156
"2018-12-19 17:45:34",156
"2018-12-19 18:45:38",156
"2018-12-19 19:45:36",156
"2018-12-19 20:45:37",156
"2018-12-19 21:45:44",156
"2018-12-19 22:45:42",156
"2018-12-19 23:45:42",156
"2018-12-20 00:45:42",156
"2018-12-20 01:45:41",156
"2018-12-20 02:45:40",156
"2018-12-20 03:45:40",156
"2018-12-20 04:45:41",156
"2018-12-20 05:45:36",156
"2018-12-20 06:45:37",156
"2018-12-20 07:45:41",156
"2018-12-20 08:45:39",156
"2018-12-20 09:45:35",156
"2018-12-20 10:45:37",156
"2018-12-20 11:45:35",156
"2018-12-20 12:45:35",156
"2018-12-20 13:45:37",156
"2018-12-20 14:45:41",156
"2018-12-20 15:45:38",156
"2018-12-20 16:45:44",156
"2018-12-20 17:45:38",157
"2018-12-20 18:45:36",157
"2018-12-20 19:45:36",157
"2018-12-20 20:45:40",157
"2018-12-20 21:45:39",157
"2018-12-20 22:45:40",157
"2018-12-20 23:45:40",157
"2018-12-21 00:45:37",157
"2018-12-21 01:45:39",157
"2018-12-21 02:45:39",157
"2018-12-21 03:45:37",157
"2018-12-21 04:45:41",157
"2018-12-21 05:45:35",157
"2018-12-21 06:45:38",157
"2018-12-21 07:45:34",157
"2018-12-21 08:45:35",157
"2018-12-21 09:45:35",157
"2018-12-21 10:45:34",157
"2018-12-21 11:45:35",157
"2018-12-21 12:45:36",157
"2018-12-21 13:45:36",157
"2018-12-21 14:45:39",157
"2018-12-21 15:45:39",157
"2018-12-21 16:45:39",158
"2018-12-21 17:45:40",158
"2018-12-21 18:45:43",158
"2018-12-21 19:45:36",158
"2018-12-21 20:45:44",158
"2018-12-21 21:45:40",158
"2018-12-21 22:45:40",158
"2018-12-21 23:45:38",158
"2018-12-22 00:45:42",158
"2018-12-22 01:45:40",158
"2018-12-22 02:45:43",158
"2018-12-22 03:45:35",158
"2018-12-22 04:45:41",158
"2018-12-22 05:45:35",158
"2018-12-22 06:45:40",158
"2018-12-22 07:45:39",158
"2018-12-22 08:45:35",158
"2018-12-22 09:45:35",158
"2018-12-22 10:45:36",158
"2018-12-22 11:45:35",158
"2018-12-22 12:45:34",158
"2018-12-22 13:45:34",158
"2018-12-22 14:45:36",158
"2018-12-22 15:45:36",158
"2018-12-22 16:45:34",158
"2018-12-22 17:45:36",158
"2018-12-22 18:45:35",158
"2018-12-22 19:45:40",158
"2018-12-22 20:45:38",158
"2018-12-22 21:45:38",158
"2018-12-22 22:45:39",158
"2018-12-22 23:45:36",158
"2018-12-23 00:45:36",158
"2018-12-23 01:45:37",158
"2018-12-23 02:45:35",158
"2018-12-23 03:45:39",158
"2018-12-23 04:45:38",158
"2018-12-23 05:45:36",158
"2018-12-23 06:45:41",158
"2018-12-23 07:45:36",158
"2018-12-23 08:45:38",158
"2018-12-23 09:45:36",158
"2018-12-23 10:45:43",158
"2018-12-23 11:45:39",158
"2018-12-23 12:45:36",158
"2018-12-23 13:45:38",158
"2018-12-23 14:45:38",158
"2018-12-23 15:45:41",158
"2018-12-23 16:45:41",158
"2018-12-23 17:45:42",158
"2018-12-23 18:45:40",158
"2018-12-23 19:45:39",158
"2018-12-23 20:45:42",158
"2018-12-23 21:45:40",158
"2018-12-23 22:45:38",158
"2018-12-23 23:45:35",158
"2018-12-24 00:45:38",158
"2018-12-24 01:45:42",158
"2018-12-24 02:45:42",158
"2018-12-24 03:45:42",158
"2018-12-24 04:45:35",158
"2018-12-24 05:45:37",158
"2018-12-24 06:45:37",158
"2018-12-24 07:45:41",158
"2018-12-24 08:45:36",158
"2018-12-24 09:45:43",158
"2018-12-24 10:45:37",158
"2018-12-24 11:45:38",158
"2018-12-24 12:45:36",158
"2018-12-24 13:45:39",158
"2018-12-24 15:09:19",158
"2018-12-24 15:45:42",158
"2018-12-24 16:45:39",157
"2018-12-24 17:45:41",157
"2018-12-24 18:45:42",156
"2018-12-24 19:45:43",156
"2018-12-24 20:45:42",156
"2018-12-24 21:45:35",156
"2018-12-24 22:45:36",156
"2018-12-24 23:45:35",156
"2018-12-25 00:45:37",156
"2018-12-25 01:45:35",156
"2018-12-25 02:45:41",156
"2018-12-25 03:45:39",156
"2018-12-25 04:45:37",156
"2018-12-25 05:45:37",156
"2018-12-25 06:45:39",156
"2018-12-25 07:45:37",156
"2018-12-25 08:45:37",156
"2018-12-25 09:45:35",156
"2018-12-25 10:45:35",156
"2018-12-25 11:45:35",156
"2018-12-25 12:45:36",156
"2018-12-25 13:45:36",156
"2018-12-25 14:45:35",156
"2018-12-25 15:45:36",156
"2018-12-25 16:45:35",156
"2018-12-25 17:45:39",156
"2018-12-25 18:45:36",156
"2018-12-25 19:45:36",156
"2018-12-25 20:45:36",156
"2018-12-25 21:45:35",156
"2018-12-25 22:45:37",156
"2018-12-25 23:45:36",156
"2018-12-26 00:45:37",156
"2018-12-26 01:45:36",156
"2018-12-26 02:45:37",156
"2018-12-26 03:45:35",156
"2018-12-26 04:45:35",156
"2018-12-26 05:45:34",156
"2018-12-26 06:45:41",156
"2018-12-26 07:45:39",156
"2018-12-26 08:45:39",156
"2018-12-26 09:45:35",156
"2018-12-26 10:45:37",156
"2018-12-26 11:45:35",156
"2018-12-26 12:45:36",156
"2018-12-26 13:45:44",156
"2018-12-26 15:10:48",157
"2018-12-26 15:45:39",157
"2018-12-26 16:45:38",157
"2018-12-26 17:45:40",157
"2018-12-26 18:45:36",157
"2018-12-26 19:45:39",157
"2018-12-26 20:45:42",157
"2018-12-26 21:45:40",156
"2018-12-26 22:45:42",156
"2018-12-26 23:45:40",156
"2018-12-27 00:45:41",156
"2018-12-27 01:45:41",156
"2018-12-27 02:45:41",156
"2018-12-27 03:45:42",156
"2018-12-27 04:45:36",156
"2018-12-27 05:45:39",156
"2018-12-27 06:45:38",156
"2018-12-27 07:45:39",156
"2018-12-27 08:45:35",156
"2018-12-27 09:45:37",156
"2018-12-27 10:45:39",156
"2018-12-27 11:45:35",156
"2018-12-27 12:45:36",156
"2018-12-27 13:45:34",156
"2018-12-27 14:45:38",156
"2018-12-27 15:45:35",153
"2018-12-27 16:45:36",152
"2018-12-27 17:45:41",152
"2018-12-27 18:45:43",152
"2018-12-27 19:45:41",152
"2018-12-27 20:45:38",153
"2018-12-27 21:45:39",153
"2018-12-27 22:45:47",152
"2018-12-27 23:45:49",152
"2018-12-28 00:45:47",152
"2018-12-28 01:45:43",152
"2018-12-28 02:45:44",152
"2018-12-28 03:45:38",152
"2018-12-28 04:45:40",152
"2018-12-28 05:45:37",152
"2018-12-28 06:45:48",152
"2018-12-28 07:45:46",152
"2018-12-28 08:45:42",152
"2018-12-28 09:45:41",152
"2018-12-28 10:45:37",152
"2018-12-28 11:45:38",152
"2018-12-28 12:45:36",152
"2018-12-28 13:45:37",152
"2018-12-28 14:45:39",153
"2018-12-28 16:11:14",153
"2018-12-28 16:45:38",153
"2018-12-28 17:45:44",153
"2018-12-28 18:45:41",153
"2018-12-28 19:45:37",153
"2018-12-28 20:45:41",153
"2018-12-28 21:45:42",152
"2018-12-28 22:45:36",152
"2018-12-28 23:45:39",152
"2018-12-29 00:45:38",152
"2018-12-29 01:45:36",152
"2018-12-29 02:45:38",152
"2018-12-29 03:45:35",152
"2018-12-29 04:45:36",152
"2018-12-29 05:45:37",152
"2018-12-29 06:45:35",152
"2018-12-29 07:45:46",152
"2018-12-29 08:45:43",152
"2018-12-29 09:45:40",152
"2018-12-29 10:45:38",152
"2018-12-29 11:45:37",152
"2018-12-29 12:45:36",152
"2018-12-29 13:45:38",152
"2018-12-29 14:45:35",152
"2018-12-29 15:45:35",152
"2018-12-29 16:45:39",152
"2018-12-29 17:45:35",152
"2018-12-29 18:45:42",152
"2018-12-29 19:45:43",152
"2018-12-29 20:45:36",152
"2018-12-29 21:45:43",152
"2018-12-29 22:45:37",152
"2018-12-29 23:45:43",152
"2018-12-30 00:45:36",152
"2018-12-30 01:45:39",152
"2018-12-30 02:45:35",152
"2018-12-30 03:45:37",152
"2018-12-30 04:45:36",152
"2018-12-30 05:45:35",152
"2018-12-30 06:45:35",152
"2018-12-30 07:45:35",152
"2018-12-30 08:45:35",152
"2018-12-30 09:45:35",152
"2018-12-30 10:45:34",152
"2018-12-30 11:45:36",152
"2018-12-30 12:45:35",152
"2018-12-30 13:45:36",152
"2018-12-30 14:45:35",152
"2018-12-30 15:45:34",152
"2018-12-30 16:45:34",152
"2018-12-30 17:45:36",152
"2018-12-30 18:45:34",152
"2018-12-30 19:45:36",152
"2018-12-30 20:45:36",152
"2018-12-30 21:45:37",152
"2018-12-30 22:45:40",152
"2018-12-30 23:45:38",152
"2018-12-31 00:45:37",152
"2018-12-31 01:45:35",152
"2018-12-31 02:45:34",152
"2018-12-31 03:45:39",152
"2018-12-31 04:45:38",152
"2018-12-31 05:45:39",152
"2018-12-31 06:45:37",152
"2018-12-31 07:45:36",152
"2018-12-31 08:45:36",152
"2018-12-31 09:45:39",152
"2018-12-31 10:45:39",152
"2018-12-31 11:45:36",152
"2018-12-31 12:45:35",152
"2018-12-31 13:45:35",152
"2018-12-31 14:45:43",152
"2018-12-31 15:45:37",152
"2018-12-31 16:45:37",152
"2018-12-31 17:45:39",152
"2018-12-31 18:45:38",152
"2018-12-31 19:45:40",152
"2018-12-31 20:45:40",152
"2018-12-31 21:45:39",152
"2018-12-31 22:45:38",152
"2018-12-31 23:45:36",152
"2019-01-01 00:45:37",152
"2019-01-01 01:45:40",152
"2019-01-01 02:45:37",152
"2019-01-01 03:45:36",152
"2019-01-01 04:45:37",152
"2019-01-01 05:45:36",152
"2019-01-01 06:45:37",152
"2019-01-01 07:45:36",152
"2019-01-01 08:45:37",152
"2019-01-01 09:45:35",152
"2019-01-01 10:45:35",152
"2019-01-01 11:45:36",152
"2019-01-01 12:45:36",152
"2019-01-01 13:45:36",152
"2019-01-01 14:45:36",152
"2019-01-01 15:45:36",152
"2019-01-01 16:45:36",152
"2019-01-01 17:45:37",152
"2019-01-01 18:45:35",152
"2019-01-01 19:45:36",152
"2019-01-01 20:45:35",152
"2019-01-01 21:45:37",152
"2019-01-01 22:45:40",152
"2019-01-01 23:45:36",152
"2019-01-02 00:45:37",152
"2019-01-02 01:45:35",152
"2019-01-02 02:45:38",152
"2019-01-02 03:45:37",152
"2019-01-02 04:45:36",152
"2019-01-02 05:45:40",152
"2019-01-02 06:45:37",152
"2019-01-02 07:45:38",152
"2019-01-02 08:45:37",152
"2019-01-02 09:45:37",152
"2019-01-02 10:45:40",152
"2019-01-02 11:45:35",152
"2019-01-02 12:45:35",152
"2019-01-02 13:45:35",152
"2019-01-02 15:10:45",152
"2019-01-02 15:45:39",152
"2019-01-02 16:45:35",153
"2019-01-02 17:45:36",153
"2019-01-02 18:45:40",153
"2019-01-02 19:45:41",153
"2019-01-02 20:45:39",154
"2019-01-02 21:45:36",154
"2019-01-02 22:45:37",154
"2019-01-02 23:45:43",154
"2019-01-03 00:45:39",154
"2019-01-03 01:45:36",154
"2019-01-03 02:45:37",154
"2019-01-03 03:45:36",154
"2019-01-03 05:45:40",154
"2019-01-03 06:45:37",154
"2019-01-03 07:45:38",154
"2019-01-03 08:45:36",154
"2019-01-03 09:45:37",154
"2019-01-03 10:45:37",154
"2019-01-03 11:45:36",154
"2019-01-03 12:45:36",154
"2019-01-03 13:45:35",154
"2019-01-03 14:45:43",154
"2019-01-03 15:45:43",155
"2019-01-03 16:45:43",155
"2019-01-03 17:45:45",155
"2019-01-03 18:45:40",155
"2019-01-03 19:45:41",155
"2019-01-03 20:45:37",154
"2019-01-03 21:45:41",154
"2019-01-03 22:45:44",154
"2019-01-03 23:45:37",154
"2019-01-04 00:45:40",154
"2019-01-04 01:45:38",154
"2019-01-04 02:45:44",154
"2019-01-04 03:45:38",154
"2019-01-04 04:45:37",154
"2019-01-04 05:45:41",154
"2019-01-04 06:45:42",154
"2019-01-04 07:45:37",154
"2019-01-04 08:45:40",154
"2019-01-04 09:45:40",154
"2019-01-04 10:45:37",154
"2019-01-04 11:45:37",154
"2019-01-04 12:45:37",154
"2019-01-04 13:45:37",154
"2019-01-04 15:10:32",153
"2019-01-04 15:45:42",153
"2019-01-04 16:45:39",154
"2019-01-04 17:45:38",154
"2019-01-04 18:45:41",154
"2019-01-04 19:45:43",154
"2019-01-04 20:45:40",153
"2019-01-04 21:45:40",154
"2019-01-04 22:45:35",154
"2019-01-04 23:45:39",154
"2019-01-05 00:45:42",154
"2019-01-05 01:45:38",154
"2019-01-05 02:45:39",154
"2019-01-05 03:45:37",154
"2019-01-05 04:45:37",154
"2019-01-05 05:45:37",154
"2019-01-05 06:45:36",154
"2019-01-05 07:45:36",154
"2019-01-05 08:45:40",154
"2019-01-05 09:45:40",154
"2019-01-05 10:45:36",154
"2019-01-05 11:45:35",154
"2019-01-05 12:45:36",154
"2019-01-05 13:45:37",154
"2019-01-05 14:45:36",154
"2019-01-05 15:45:36",154
"2019-01-05 16:45:35",154
"2019-01-05 17:45:36",154
"2019-01-05 18:45:37",154
"2019-01-05 19:45:44",154
"2019-01-05 20:45:39",154
"2019-01-05 21:45:39",154
"2019-01-05 22:45:36",154
"2019-01-05 23:45:36",154
"2019-01-06 00:45:37",154
"2019-01-06 01:45:36",154
"2019-01-06 02:45:36",154
"2019-01-06 03:45:37",154
"2019-01-06 04:45:37",154
"2019-01-06 05:45:37",154
"2019-01-06 06:45:35",154
"2019-01-06 07:45:37",154
"2019-01-06 08:45:35",154
"2019-01-06 09:45:35",154
"2019-01-06 10:45:35",154
"2019-01-06 11:45:36",154
"2019-01-06 12:45:36",154
"2019-01-06 13:45:36",154
"2019-01-06 14:45:36",154
"2019-01-06 15:45:36",154
"2019-01-06 16:45:36",154
"2019-01-06 17:45:36",154
"2019-01-06 18:45:36",154
"2019-01-06 19:45:35",154
"2019-01-06 20:45:35",154
"2019-01-06 21:45:36",154
"2019-01-06 22:45:36",154
"2019-01-06 23:45:37",154
"2019-01-07 00:45:35",154
"2019-01-07 01:45:35",154
"2019-01-07 02:45:38",154
"2019-01-07 03:45:38",154
"2019-01-07 04:45:36",154
"2019-01-07 05:45:35",154
"2019-01-07 06:45:36",154
"2019-01-07 07:45:36",154
"2019-01-07 08:45:36",154
"2019-01-07 09:45:37",154
"2019-01-07 10:45:40",154
"2019-01-07 11:45:37",154
"2019-01-07 12:45:38",154
"2019-01-07 14:11:09",154
"2019-01-07 14:45:39",154
"2019-01-07 15:45:42",154
"2019-01-07 16:45:42",153
"2019-01-07 17:45:42",153
"2019-01-07 18:45:40",153
"2019-01-07 19:45:37",152
"2019-01-07 20:45:42",152
"2019-01-07 21:45:39",152
"2019-01-07 22:45:37",152
"2019-01-07 23:45:43",152
"2019-01-08 00:45:35",152
"2019-01-08 01:45:37",152
"2019-01-08 02:45:41",152
"2019-01-08 03:45:39",152
"2019-01-08 04:45:38",152
"2019-01-08 05:45:38",152
"2019-01-08 06:45:37",152
"2019-01-08 07:45:36",152
"2019-01-08 08:45:38",152
"2019-01-08 09:45:36",152
"2019-01-08 10:45:38",152
"2019-01-08 11:45:39",152
"2019-01-08 12:45:38",152
"2019-01-08 13:45:40",152
"2019-01-08 14:45:43",152
"2019-01-08 15:45:42",152
"2019-01-08 16:45:40",152
"2019-01-08 17:45:38",152
"2019-01-08 18:45:39",153
"2019-01-08 19:45:38",153
"2019-01-08 20:45:36",152
"2019-01-08 21:45:39",152
"2019-01-08 22:45:36",152
"2019-01-08 23:45:40",152
"2019-01-09 00:45:40",152
"2019-01-09 01:45:37",152
"2019-01-09 02:46:31",152
"2019-01-09 04:45:41",152
"2019-01-09 05:45:41",152
"2019-01-09 06:45:38",152
"2019-01-09 07:45:46",152
"2019-01-09 08:45:45",152
"2019-01-09 09:45:38",152
"2019-01-09 10:45:39",152
"2019-01-09 11:45:36",152
"2019-01-09 12:45:36",152
"2019-01-09 14:11:09",152
"2019-01-09 14:45:44",152
"2019-01-09 15:45:40",152
"2019-01-09 16:45:42",153
"2019-01-09 17:45:39",153
"2019-01-09 18:45:39",155
"2019-01-09 19:45:40",155
"2019-01-09 20:45:46",156
"2019-01-09 21:45:40",155
"2019-01-09 22:45:38",155
"2019-01-09 23:45:38",155
"2019-01-10 00:45:35",155
"2019-01-10 01:45:35",155
"2019-01-10 02:45:37",155
"2019-01-10 03:45:35",155
"2019-01-10 04:45:35",155
"2019-01-10 05:45:36",155
"2019-01-10 06:45:34",155
"2019-01-10 07:45:37",155
"2019-01-10 08:45:36",155
"2019-01-10 09:45:35",155
"2019-01-10 10:45:35",155
"2019-01-10 11:45:35",155
"2019-01-10 12:45:35",155
"2019-01-10 13:45:37",155
"2019-01-10 15:10:15",155
"2019-01-10 15:45:41",155
"2019-01-10 16:45:40",155
"2019-01-10 17:45:39",155
"2019-01-10 18:45:36",156
"2019-01-10 19:45:37",156
"2019-01-10 20:45:42",157
"2019-01-10 21:45:40",156
"2019-01-10 22:45:36",156
"2019-01-10 23:45:38",156
"2019-01-11 00:45:38",156
"2019-01-11 01:45:37",156
"2019-01-11 02:45:39",156
"2019-01-11 03:45:37",156
"2019-01-11 04:45:39",156
"2019-01-11 05:45:38",156
"2019-01-11 06:45:36",156
"2019-01-11 07:45:42",156
"2019-01-11 08:45:37",156
"2019-01-11 09:45:38",156
"2019-01-11 10:45:36",156
"2019-01-11 11:45:37",156
"2019-01-11 12:45:37",156
"2019-01-11 13:45:36",156
"2019-01-11 14:45:42",156
"2019-01-11 15:45:42",156
"2019-01-11 16:45:36",156
"2019-01-11 17:45:38",156
"2019-01-11 18:45:37",156
"2019-01-11 19:45:42",156
"2019-01-11 20:45:40",156
"2019-01-11 21:45:35",156
"2019-01-11 22:45:37",156
"2019-01-11 23:45:36",156
"2019-01-12 00:45:37",156
"2019-01-12 01:45:39",156
"2019-01-12 02:45:36",156
"2019-01-12 03:45:37",156
"2019-01-12 04:45:34",156
"2019-01-12 05:45:34",156
"2019-01-12 06:45:37",156
"2019-01-12 07:45:33",156
"2019-01-12 08:45:35",156
"2019-01-12 09:45:36",156
"2019-01-12 10:45:35",156
"2019-01-12 11:45:35",156
"2019-01-12 12:45:34",156
"2019-01-12 13:45:34",156
"2019-01-12 14:45:35",156
"2019-01-12 15:45:34",156
"2019-01-12 16:45:38",156
"2019-01-12 17:45:37",156
"2019-01-12 18:45:34",156
"2019-01-12 19:45:39",156
"2019-01-12 20:45:37",156
"2019-01-12 21:45:35",156
"2019-01-12 22:45:36",156
"2019-01-12 23:45:42",156
"2019-01-13 00:45:35",156
"2019-01-13 01:45:35",156
"2019-01-13 02:45:36",156
"2019-01-13 03:45:35",156
"2019-01-13 04:45:38",156
"2019-01-13 05:45:36",156
"2019-01-13 06:45:36",156
"2019-01-13 07:45:35",156
"2019-01-13 08:45:35",156
"2019-01-13 09:45:37",156
"2019-01-13 10:45:45",156
"2019-01-13 11:45:40",156
"2019-01-13 12:45:35",156
"2019-01-13 13:45:36",156
"2019-01-13 14:45:34",156
"2019-01-13 15:45:36",156
"2019-01-13 16:45:35",156
"2019-01-13 17:45:36",156
"2019-01-13 18:45:35",156
"2019-01-13 19:45:36",156
"2019-01-13 20:45:38",156
"2019-01-13 21:45:35",156
"2019-01-13 22:45:37",156
"2019-01-13 23:45:36",156
"2019-01-14 00:45:35",156
"2019-01-14 01:45:37",156
"2019-01-14 02:45:36",156
"2019-01-14 03:45:35",156
"2019-01-14 04:45:37",156
"2019-01-14 05:45:37",156
"2019-01-14 06:45:35",156
"2019-01-14 07:45:34",156
"2019-01-14 08:45:35",156
"2019-01-14 09:45:36",156
"2019-01-14 10:45:37",156
"2019-01-14 11:45:35",156
"2019-01-14 12:45:35",156
"2019-01-14 13:45:37",156
"2019-01-14 14:45:38",156
"2019-01-14 15:45:41",157
"2019-01-14 16:45:37",156
"2019-01-14 17:45:36",156
"2019-01-14 18:45:37",156
"2019-01-14 19:45:40",156
"2019-01-14 20:45:35",156
"2019-01-14 21:45:36",156
"2019-01-14 22:45:35",156
"2019-01-14 23:45:35",156
"2019-01-15 00:45:35",156
"2019-01-15 01:45:34",156
"2019-01-15 02:45:35",156
"2019-01-15 03:45:35",156
"2019-01-15 04:45:42",156
"2019-01-15 05:45:35",156
"2019-01-15 06:45:34",156
"2019-01-15 07:45:35",156
"2019-01-15 08:45:35",156
"2019-01-15 09:45:34",156
"2019-01-15 10:45:35",156
"2019-01-15 11:45:34",156
"2019-01-15 12:45:35",156
"2019-01-15 13:45:34",156
"2019-01-15 14:45:42",156
"2019-01-15 15:45:39",156
"2019-01-15 16:45:40",157
"2019-01-15 17:45:35",159
"2019-01-15 18:45:36",160
"2019-01-15 19:45:35",161
"2019-01-15 20:45:37",164
"2019-01-15 21:45:37",171
"2019-01-15 22:45:38",171
"2019-01-15 23:45:39",172
"2019-01-16 00:45:36",172
"2019-01-16 01:45:45",172
"2019-01-16 02:45:36",172
"2019-01-16 03:45:34",172
"2019-01-16 04:45:35",172
"2019-01-16 05:45:34",172
"2019-01-16 06:45:34",172
"2019-01-16 07:45:35",172
"2019-01-16 08:45:33",172
"2019-01-16 09:45:34",172
"2019-01-16 10:45:34",172
"2019-01-16 11:45:33",172
"2019-01-16 12:45:33",172
"2019-01-16 14:12:10",172
"2019-01-16 15:11:11",174
"2019-01-16 15:45:38",174
"2019-01-16 16:45:37",173
"2019-01-16 17:45:36",174
"2019-01-16 18:45:42",176
"2019-01-16 19:45:38",175
"2019-01-16 20:45:36",173
"2019-01-16 21:45:37",173
"2019-01-16 22:45:35",173
"2019-01-16 23:45:34",173
"2019-01-17 00:45:36",173
"2019-01-17 01:45:36",173
"2019-01-17 02:45:40",173
"2019-01-17 03:45:37",173
"2019-01-17 04:45:38",173
"2019-01-17 05:45:35",173
"2019-01-17 06:45:36",173
"2019-01-17 07:45:35",173
"2019-01-17 08:45:35",173
"2019-01-17 09:45:36",173
"2019-01-17 10:45:36",173
"2019-01-17 11:45:36",173
"2019-01-17 12:45:35",173
"2019-01-17 13:45:34",173
"2019-01-17 15:11:43",172
"2019-01-17 15:45:40",172
"2019-01-17 16:45:35",170
"2019-01-17 17:45:35",170
"2019-01-17 18:45:36",170
"2019-01-17 19:45:41",166
"2019-01-17 20:45:39",165
"2019-01-17 21:45:35",162
"2019-01-17 22:45:36",162
"2019-01-17 23:45:35",162
"2019-01-18 00:45:36",162
"2019-01-18 01:45:37",162
"2019-01-18 02:45:35",162
"2019-01-18 03:45:40",162
"2019-01-18 04:45:37",162
"2019-01-18 05:45:36",162
"2019-01-18 06:45:35",162
"2019-01-18 07:45:36",162
"2019-01-18 08:45:35",162
"2019-01-18 09:45:36",162
"2019-01-18 10:45:35",162
"2019-01-18 11:45:35",162
"2019-01-18 12:45:36",162
"2019-01-18 13:45:36",162
"2019-01-18 14:45:41",162
"2019-01-18 15:45:40",162
"2019-01-18 16:45:39",162
"2019-01-18 17:45:39",162
"2019-01-18 18:45:37",162
"2019-01-18 19:45:35",161
"2019-01-18 20:45:39",160
"2019-01-18 21:45:36",159
"2019-01-18 22:45:35",159
"2019-01-18 23:45:36",159
"2019-01-19 00:45:35",159
"2019-01-19 01:45:36",159
"2019-01-19 02:45:36",159
"2019-01-19 03:45:36",159
"2019-01-19 04:45:37",159
"2019-01-19 05:45:35",159
"2019-01-19 06:45:35",159
"2019-01-19 07:45:35",159
"2019-01-19 08:45:35",159
"2019-01-19 09:45:36",159
"2019-01-19 10:45:36",159
"2019-01-19 11:45:35",159
"2019-01-19 12:45:34",159
"2019-01-19 13:45:36",159
"2019-01-19 14:45:35",159
"2019-01-19 15:45:37",159
"2019-01-19 16:45:35",159
"2019-01-19 17:45:35",159
"2019-01-19 18:45:34",159
"2019-01-19 19:45:35",159
"2019-01-19 20:45:35",159
"2019-01-19 21:45:35",159
"2019-01-19 22:45:35",159
"2019-01-19 23:45:36",159
"2019-01-20 00:45:37",159
"2019-01-20 01:45:35",159
"2019-01-20 02:45:36",159
"2019-01-20 03:45:36",159
"2019-01-20 04:45:38",159
"2019-01-20 05:45:36",159
"2019-01-20 06:45:36",159
"2019-01-20 07:45:35",159
"2019-01-20 08:45:35",159
"2019-01-20 09:45:35",159
"2019-01-20 10:45:34",159
"2019-01-20 11:45:35",159
"2019-01-20 12:45:35",159
"2019-01-20 13:45:35",159
"2019-01-20 14:45:35",159
"2019-01-20 15:45:36",159
"2019-01-20 16:45:36",159
"2019-01-20 17:45:36",159
"2019-01-20 18:45:35",159
"2019-01-20 19:45:35",159
"2019-01-20 20:45:36",159
"2019-01-20 21:45:35",159
"2019-01-20 22:45:35",159
"2019-01-20 23:45:36",159
"2019-01-21 00:45:36",159
"2019-01-21 01:45:36",159
"2019-01-21 02:45:36",159
"2019-01-21 03:45:35",159
"2019-01-21 04:45:36",159
"2019-01-21 05:45:36",159
"2019-01-21 06:45:35",159
"2019-01-21 07:45:34",159
"2019-01-21 08:45:35",159
"2019-01-21 09:45:36",159
"2019-01-21 10:45:36",159
"2019-01-21 11:45:35",159
"2019-01-21 12:45:35",159
"2019-01-21 13:45:34",159
"2019-01-21 14:45:34",159
"2019-01-21 15:45:34",159
"2019-01-21 16:45:35",159
"2019-01-21 17:45:35",159
"2019-01-21 18:45:34",159
"2019-01-21 19:45:34",159
"2019-01-21 20:45:35",159
"2019-01-21 21:45:34",159
"2019-01-21 22:45:35",159
"2019-01-21 23:45:34",159
"2019-01-22 00:45:35",159
"2019-01-22 01:45:34",159
"2019-01-22 02:45:35",159
"2019-01-22 03:45:35",159
"2019-01-22 04:45:39",159
"2019-01-22 05:45:37",159
"2019-01-22 06:45:34",159
"2019-01-22 07:45:35",159
"2019-01-22 08:45:35",159
"2019-01-22 09:45:34",159
"2019-01-22 10:45:34",159
"2019-01-22 11:45:34",159
"2019-01-22 12:45:34",159
"2019-01-22 13:45:35",159
"2019-01-22 14:45:35",159
"2019-01-22 15:45:35",159
"2019-01-22 16:45:35",161
"2019-01-22 17:45:35",161
"2019-01-22 18:45:35",161
"2019-01-22 19:45:38",162
"2019-01-22 20:45:36",161
"2019-01-22 21:45:37",161
"2019-01-22 22:45:34",161
"2019-01-22 23:45:35",162
"2019-01-23 00:45:35",162
"2019-01-23 01:45:36",162
"2019-01-23 02:45:35",162
"2019-01-23 03:45:36",162
"2019-01-23 04:45:36",162
"2019-01-23 05:45:35",162
"2019-01-23 06:45:38",162
"2019-01-23 07:45:37",162
"2019-01-23 08:45:37",162
"2019-01-23 09:45:39",162
"2019-01-23 10:45:37",162
"2019-01-23 11:45:34",162
"2019-01-23 12:45:35",162
"2019-01-23 13:45:35",162
"2019-01-23 15:09:38",164
"2019-01-23 15:45:35",164
"2019-01-23 16:45:35",164
"2019-01-23 17:45:35",164
"2019-01-23 18:45:35",165
"2019-01-23 19:45:35",165
"2019-01-23 20:45:34",165
"2019-01-23 21:45:35",165
"2019-01-23 22:45:35",165
"2019-01-23 23:45:35",165
"2019-01-30 08:17:41",162
"2019-01-30 08:23:42",162
"2019-01-30 08:51:19",162
"2019-01-30 08:51:23",162
"2019-01-30 09:51:15",162
"2019-01-30 09:51:22",162
"2019-01-30 10:51:18",162
"2019-01-30 10:51:21",162
"2019-01-30 11:51:13",162
"2019-01-30 11:51:24",162
"2019-01-30 12:51:18",162
"2019-01-30 12:51:23",162
"2019-01-30 13:51:15",162
"2019-01-30 13:51:19",162
"2019-01-30 14:51:13",162
"2019-01-30 14:51:24",162
"2019-01-30 15:51:19",162
"2019-01-30 15:51:24",162
"2019-01-30 16:51:16",162
"2019-01-30 16:51:20",162
"2019-01-30 17:51:17",162
"2019-01-30 17:51:25",162
"2019-01-30 18:51:13",162
"2019-01-30 18:51:24",162
"2019-01-30 19:51:24",162
"2019-01-30 19:51:28",162
"2019-01-30 20:46:46",162
"2019-01-30 21:51:18",161
"2019-01-30 21:51:22",161
"2019-01-30 22:51:18",161
"2019-01-30 22:51:23",161
"2019-01-30 23:51:21",160
"2019-01-30 23:51:26",160
"2019-01-31 00:51:22",160
"2019-01-31 00:51:26",160
"2019-01-31 01:51:18",160
"2019-01-31 01:51:22",160
"2019-01-31 02:51:19",160
"2019-01-31 02:51:23",160
"2019-01-31 03:51:20",160
"2019-01-31 03:51:24",160
"2019-01-31 04:51:18",160
"2019-01-31 04:51:22",160
"2019-01-31 05:51:19",160
"2019-01-31 05:51:23",160
"2019-01-31 06:51:19",160
"2019-01-31 06:51:23",160
"2019-01-31 08:19:08",160
"2019-01-31 08:45:43",160
"2019-01-31 10:09:16",160
"2019-01-31 10:45:43",160
"2019-01-31 11:45:42",160
"2019-01-31 12:45:40",160
"2019-01-31 13:45:43",160
"2019-01-31 15:45:44",161
"2019-01-31 16:45:47",159
"2019-01-31 17:45:45",161
"2019-01-31 18:45:45",163
"2019-01-31 19:45:47",164
"2019-01-31 20:45:45",164
"2019-01-31 21:45:43",167
"2019-01-31 22:45:41",167
"2019-01-31 23:45:41",167
"2019-02-01 00:45:42",167
"2019-02-01 01:45:43",167
"2019-02-01 02:45:46",167
"2019-02-01 03:45:44",167
"2019-02-01 04:45:43",167
"2019-02-01 05:45:42",167
"2019-02-01 06:45:43",167
"2019-02-01 07:45:46",167
"2019-02-01 08:45:43",167
"2019-02-01 09:45:43",167
"2019-02-01 10:45:42",167
"2019-02-01 11:45:43",167
"2019-02-01 12:45:41",167
"2019-02-01 13:45:43",167
"2019-02-01 14:45:45",167
"2019-02-01 15:45:44",164
"2019-02-01 16:45:45",163
"2019-02-01 17:45:43",163
"2019-02-01 18:45:50",161
"2019-02-01 19:45:46",161
"2019-02-01 20:45:43",161
"2019-02-01 21:45:47",160
"2019-02-01 22:45:46",160
"2019-02-02 00:10:48",160
"2019-02-02 00:45:43",160
"2019-02-02 01:45:44",160
"2019-02-02 02:45:43",160
"2019-02-02 03:45:42",160
"2019-02-02 04:45:43",160
"2019-02-02 05:45:43",160
"2019-02-02 06:45:43",160
"2019-02-02 07:45:43",160
"2019-02-02 08:45:41",160
"2019-02-02 09:45:42",160
"2019-02-02 10:45:41",160
"2019-02-02 11:45:41",160
"2019-02-02 12:45:43",160
"2019-02-02 13:45:44",160
"2019-02-02 14:45:44",160
"2019-02-02 15:45:42",160
"2019-02-02 16:45:49",160
"2019-02-02 17:45:46",160
"2019-02-02 18:45:45",160
"2019-02-02 19:45:43",160
"2019-02-02 20:45:45",160
"2019-02-02 21:45:43",160
"2019-02-02 22:45:43",160
"2019-02-02 23:45:44",160
"2019-02-03 00:45:43",160
"2019-02-03 01:45:43",160
"2019-02-03 02:45:44",160
"2019-02-03 03:45:45",160
"2019-02-03 04:45:44",160
"2019-02-03 05:45:40",160
"2019-02-03 06:45:43",160
"2019-02-03 07:45:43",160
"2019-02-03 08:45:41",160
"2019-02-03 09:45:42",160
"2019-02-03 10:45:41",160
"2019-02-03 11:45:43",160
"2019-02-03 12:45:43",160
"2019-02-03 13:45:44",160
"2019-02-03 14:45:45",160
"2019-02-03 15:45:42",160
"2019-02-03 16:45:43",160
"2019-02-03 17:45:44",160
"2019-02-03 18:45:46",160
"2019-02-03 19:45:41",160
"2019-02-03 20:45:44",160
"2019-02-03 21:45:47",160
"2019-02-03 22:45:46",160
"2019-02-03 23:45:46",160
"2019-02-04 00:45:44",160
"2019-02-04 01:45:43",160
"2019-02-04 02:45:46",160
"2019-02-04 03:45:45",160
"2019-02-04 04:45:45",160
"2019-02-04 05:45:42",160
"2019-02-04 06:45:42",160
"2019-02-04 07:45:42",160
"2019-02-04 08:45:42",160
"2019-02-04 09:45:43",160
"2019-02-04 10:45:43",160
"2019-02-04 11:45:44",160
"2019-02-04 12:45:41",160
"2019-02-04 13:45:42",160
"2019-02-04 14:45:45",160
"2019-02-04 15:45:46",160
"2019-02-04 16:45:44",161
"2019-02-04 17:45:44",161
"2019-02-04 18:45:46",161
"2019-02-04 19:45:43",161
"2019-02-04 20:45:46",161
"2019-02-04 21:45:46",161
"2019-02-04 22:45:45",161
"2019-02-04 23:45:45",161
"2019-02-05 00:45:44",161
"2019-02-05 01:45:49",161
"2019-02-05 02:45:46",161
"2019-02-05 03:45:46",161
"2019-02-05 04:46:01",161
"2019-02-05 05:45:44",161
"2019-02-05 06:45:45",161
"2019-02-05 07:45:44",161
"2019-02-05 08:45:47",161
"2019-02-05 09:45:44",161
"2019-02-05 10:45:44",161
"2019-02-05 11:45:43",161
"2019-02-05 12:45:42",161
"2019-02-05 13:45:44",161
"2019-02-05 14:45:46",161
"2019-02-05 15:45:44",161
"2019-02-05 16:45:48",162
"2019-02-05 17:45:46",162
"2019-02-05 18:45:49",163
"2019-02-05 19:45:48",163
"2019-02-05 20:45:46",163
"2019-02-05 21:45:45",161
"2019-02-05 22:45:46",161
"2019-02-05 23:45:49",161
"2019-02-06 00:45:46",161
"2019-02-06 01:45:44",161
"2019-02-06 02:45:45",161
"2019-02-06 03:45:47",161
"2019-02-06 04:45:45",161
"2019-02-06 05:45:45",161
"2019-02-06 06:45:49",161
"2019-02-06 07:45:47",161
"2019-02-06 08:45:39",161
"2019-02-06 09:45:40",161
"2019-02-07 02:45:55",159
"2019-02-07 03:45:43",159
"2019-02-07 04:45:43",159
"2019-02-07 05:45:43",159
"2019-02-07 06:45:42",159
"2019-02-07 07:45:41",159
"2019-02-07 08:45:42",159
"2019-02-07 09:45:42",159
"2019-02-07 10:45:47",159
"2019-02-07 11:45:48",159
"2019-02-07 12:45:46",159
"2019-02-07 13:45:47",159
"2019-02-07 15:09:18",158
"2019-02-07 15:45:48",158
"2019-02-07 16:45:50",158
"2019-02-07 17:45:46",161
"2019-02-07 18:45:52",161
"2019-02-07 19:45:51",162
"2019-02-07 20:45:48",163
"2019-02-07 21:45:47",162
"2019-02-07 22:45:46",162
"2019-02-07 23:45:46",162
"2019-02-08 00:46:17",162
"2019-02-08 01:45:46",162
"2019-02-08 02:45:46",162
"2019-02-08 03:45:52",162
"2019-02-08 04:45:46",162
"2019-02-08 05:45:46",162
"2019-02-08 06:45:44",162
"2019-02-08 07:45:44",162
"2019-02-08 08:45:44",162
"2019-02-08 09:45:46",162
"2019-02-08 10:45:46",162
"2019-02-08 11:45:47",162
"2019-02-08 12:45:48",162
"2019-02-08 13:45:47",162
"2019-02-08 15:10:20",162
"2019-02-08 15:45:44",162
"2019-02-08 16:45:46",162
"2019-02-08 17:45:50",161
"2019-02-08 18:45:51",159
"2019-02-08 19:45:52",159
"2019-02-08 20:45:50",158
"2019-02-08 21:45:48",158
"2019-02-08 22:45:46",158
"2019-02-08 23:45:46",158
"2019-02-09 00:45:47",158
"2019-02-09 01:45:45",158
"2019-02-09 02:45:46",158
"2019-02-09 03:45:46",158
"2019-02-09 04:45:49",158
"2019-02-09 05:45:47",158
"2019-02-09 06:45:47",158
"2019-02-09 07:45:46",158
"2019-02-09 08:45:44",158
"2019-02-09 09:45:45",158
"2019-02-09 10:45:46",158
"2019-02-09 11:45:43",158
"2019-02-09 12:45:48",158
"2019-02-09 13:45:45",158
"2019-02-09 14:45:47",158
"2019-02-09 15:45:49",158
"2019-02-09 16:45:48",158
"2019-02-09 17:45:49",158
"2019-02-09 18:45:47",158
"2019-02-09 19:45:48",158
"2019-02-09 20:45:47",158
"2019-02-09 21:45:49",158
"2019-02-09 22:45:47",158
"2019-02-09 23:45:48",158
"2019-02-10 00:45:46",158
"2019-02-10 01:45:48",158
"2019-02-10 02:45:48",158
"2019-02-10 03:45:46",158
"2019-02-10 04:45:52",158
"2019-02-10 05:45:52",158
"2019-02-10 06:45:51",158
"2019-02-10 07:45:46",158
"2019-02-10 08:45:46",158
"2019-02-10 09:45:46",158
"2019-02-10 10:45:45",158
"2019-02-10 11:45:45",158
"2019-02-10 12:45:46",158
"2019-02-10 13:45:47",158
"2019-02-10 14:45:48",158
"2019-02-10 15:45:51",158
"2019-02-10 16:45:51",158
"2019-02-10 17:45:49",158
"2019-02-10 18:45:48",158
"2019-02-10 19:45:51",158
"2019-02-10 20:45:49",158
"2019-02-10 21:45:47",158
"2019-02-10 22:45:50",158
"2019-02-10 23:45:51",158
"2019-02-11 00:45:50",158
"2019-02-11 01:45:49",158
"2019-02-11 02:45:53",158
"2019-02-11 03:45:51",158
"2019-02-11 04:45:53",158
"2019-02-11 05:45:51",158
"2019-02-11 06:45:51",158
"2019-02-11 07:45:47",158
"2019-02-11 08:45:46",158
"2019-02-11 09:45:46",158
"2019-02-11 10:45:51",158
"2019-02-11 11:45:45",158
"2019-02-11 12:45:46",158
"2019-02-11 13:45:47",158
"2019-02-11 14:45:48",158
"2019-02-11 15:45:47",157
"2019-02-11 16:45:49",157
"2019-02-11 17:45:49",157
"2019-02-11 18:45:49",157
"2019-02-11 19:45:48",157
"2019-02-11 20:45:48",157
"2019-02-11 21:45:46",157
"2019-02-11 22:45:46",157
"2019-02-11 23:45:48",157
"2019-02-12 00:45:47",157
"2019-02-12 01:45:45",157
"2019-02-12 02:45:53",157
"2019-02-12 03:45:47",157
"2019-02-12 04:45:50",157
"2019-02-12 05:45:48",157
"2019-02-12 06:45:48",157
"2019-02-12 07:45:48",157
"2019-02-12 08:45:47",157
"2019-02-12 09:45:49",157
"2019-02-12 10:45:49",157
"2019-02-12 11:45:50",157
"2019-02-12 12:45:47",157
"2019-02-12 13:45:49",157
"2019-02-12 14:45:49",157
"2019-02-12 15:45:53",157
"2019-02-12 16:45:48",158
"2019-02-12 17:45:48",158
"2019-02-12 18:45:48",157
"2019-02-12 19:45:50",157
"2019-02-12 20:45:49",157
"2019-02-12 21:45:49",157
"2019-02-12 22:45:49",157
"2019-02-12 23:45:48",157
"2019-02-13 00:45:50",157
"2019-02-13 01:45:51",157
"2019-02-13 02:45:50",157
"2019-02-13 03:45:50",157
"2019-02-13 04:45:50",157
"2019-02-13 05:45:50",157
"2019-02-13 06:45:48",157
"2019-02-13 07:45:47",157
"2019-02-13 08:45:46",157
"2019-02-13 09:45:46",157
"2019-02-13 10:45:47",157
"2019-02-13 11:45:46",157
"2019-02-13 12:45:49",157
"2019-02-13 13:45:46",157
"2019-02-13 14:45:46",157
"2019-02-13 15:45:49",157
"2019-02-13 16:45:45",157
"2019-02-13 17:45:50",157
"2019-02-13 18:45:45",157
"2019-02-13 19:45:46",157
"2019-02-13 20:45:47",157
"2019-02-13 21:45:46",157
"2019-02-13 22:45:51",157
"2019-02-13 23:45:50",155
"2019-02-14 00:45:47",155
"2019-02-14 01:45:51",155
"2019-02-14 02:45:50",155
"2019-02-14 03:45:52",155
"2019-02-14 04:45:49",155
"2019-02-14 05:45:51",155
"2019-02-14 06:45:47",155
"2019-02-14 07:45:47",155
"2019-02-14 08:45:44",155
"2019-02-14 09:45:44",155
"2019-02-14 10:45:45",155
"2019-02-14 11:45:48",155
"2019-02-14 12:45:46",155
"2019-02-14 13:45:48",155
"2019-02-14 14:45:48",155
"2019-02-14 15:45:49",155
"2019-02-14 16:45:44",155
"2019-02-14 17:45:47",154
"2019-02-14 18:45:47",155
"2019-02-14 19:45:48",155
"2019-02-14 20:45:49",156
"2019-02-14 21:45:48",155
"2019-02-14 22:45:50",155
"2019-02-15 00:45:50",155
"2019-02-15 01:45:52",155
"2019-02-15 02:45:53",155
"2019-02-15 03:45:54",155
"2019-02-15 04:45:54",155
"2019-02-15 05:45:48",155
"2019-02-15 06:45:45",155
"2019-02-15 07:45:49",155
"2019-02-15 08:45:46",155
"2019-02-15 09:45:48",155
"2019-02-15 10:45:48",155
"2019-02-15 11:45:49",155
"2019-02-15 12:45:47",155
"2019-02-15 14:10:51",155
"2019-02-15 14:45:50",155
"2019-02-15 15:46:01",155
"2019-02-15 16:45:53",155
"2019-02-15 17:45:48",155
"2019-02-15 18:45:54",156
"2019-02-15 19:45:52",155
"2019-02-15 20:45:48",155
"2019-02-15 21:45:50",155
"2019-02-15 22:45:52",155
"2019-02-15 23:45:52",155
"2019-02-16 00:45:53",155
"2019-02-16 01:45:59",155
"2019-02-16 02:45:57",155
"2019-02-16 03:45:54",155
"2019-02-16 04:45:49",155
"2019-02-16 05:45:52",155
"2019-02-16 06:45:48",155
"2019-02-16 07:45:47",155
"2019-02-16 08:45:48",155
"2019-02-16 09:45:51",155
"2019-02-16 10:45:49",155
"2019-02-16 11:45:48",155
"2019-02-16 12:45:49",155
"2019-02-16 13:45:54",155
"2019-02-16 14:45:51",155
"2019-02-16 15:45:57",155
"2019-02-16 16:45:47",155
"2019-02-16 17:45:48",155
"2019-02-16 18:45:48",155
"2019-02-16 19:45:47",155
"2019-02-16 20:45:50",155
"2019-02-16 21:45:49",155
"2019-02-16 22:45:48",155
"2019-02-16 23:45:47",155
"2019-02-17 00:45:48",155
"2019-02-17 01:45:47",155
"2019-02-17 02:45:45",155
"2019-02-17 03:45:52",155
"2019-02-17 04:45:47",155
"2019-02-17 05:45:49",155
"2019-02-17 06:45:47",155
"2019-02-17 07:45:48",155
"2019-02-17 08:45:46",155
"2019-02-17 09:45:44",155
"2019-02-17 10:45:47",155
"2019-02-17 11:45:46",155
"2019-02-17 12:45:43",155
"2019-02-17 13:45:48",155
"2019-02-17 14:45:46",155
"2019-02-17 15:45:51",155
"2019-02-17 16:45:47",155
"2019-02-17 17:45:48",155
"2019-02-17 18:45:48",155
"2019-02-17 19:45:49",155
"2019-02-17 20:45:50",155
"2019-02-17 21:45:46",155
"2019-02-17 22:45:46",155
"2019-02-17 23:45:46",155
"2019-02-18 00:45:47",155
"2019-02-18 01:45:49",155
"2019-02-18 02:45:51",155
"2019-02-18 03:45:51",155
"2019-02-18 04:45:46",155
"2019-02-18 05:45:47",155
"2019-02-18 06:45:45",155
"2019-02-18 07:45:47",155
"2019-02-18 08:45:46",155
"2019-02-18 09:45:48",155
"2019-02-18 10:45:45",155
"2019-02-18 11:45:45",155
"2019-02-18 12:45:46",155
"2019-02-18 13:45:50",155
"2019-02-18 14:45:49",155
"2019-02-18 15:45:50",155
"2019-02-18 16:45:49",155
"2019-02-18 17:45:50",155
"2019-02-18 18:45:49",155
"2019-02-18 19:45:48",155
"2019-02-18 20:45:51",155
"2019-02-18 21:45:47",155
"2019-02-18 22:45:46",155
"2019-02-18 23:45:47",155
"2019-02-19 00:45:47",155
"2019-02-19 01:45:50",155
"2019-02-19 02:45:48",155
"2019-02-19 03:45:48",155
"2019-02-19 04:45:48",155
"2019-02-19 05:45:48",155
"2019-02-19 06:45:47",155
"2019-02-19 07:45:46",155
"2019-02-19 08:45:47",155
"2019-02-19 09:45:44",155
"2019-02-19 10:45:43",155
"2019-02-19 11:45:41",155
"2019-02-19 12:45:42",155
"2019-02-19 14:10:18",155
"2019-02-19 14:45:47",155
"2019-02-19 15:45:51",154
"2019-02-19 16:45:49",153
"2019-02-19 17:45:50",154
"2019-02-19 18:45:54",154
"2019-02-19 19:45:51",154
"2019-02-19 20:45:54",154
"2019-02-19 21:45:52",153
"2019-02-19 22:45:54",153
"2019-02-19 23:45:51",153
"2019-02-20 00:45:59",153
"2019-02-20 01:45:53",153
"2019-02-20 02:45:54",153
"2019-02-20 03:46:01",153
"2019-02-20 04:45:55",153
"2019-02-20 05:45:50",153
"2019-02-20 06:45:50",153
"2019-02-20 07:45:47",153
"2019-02-20 08:45:52",153
"2019-02-20 09:45:51",153
"2019-02-20 10:45:48",153
"2019-02-20 11:45:51",153
"2019-02-20 12:45:50",153
"2019-02-20 13:45:50",153
"2019-02-20 14:45:54",153
"2019-02-20 15:45:54",152
"2019-02-20 16:45:52",152
"2019-02-20 17:45:52",154
"2019-02-20 18:45:52",154
"2019-02-20 19:45:54",154
"2019-02-20 20:45:55",154
"2019-02-20 21:45:54",154
"2019-02-20 22:45:55",154
"2019-02-20 23:45:50",154
"2019-02-21 00:45:51",154
"2019-02-21 01:45:53",154
"2019-02-21 02:45:56",154
"2019-02-21 03:45:54",154
"2019-02-21 04:45:51",154
"2019-02-21 05:45:52",154
"2019-02-21 06:45:50",154
"2019-02-21 07:45:49",154
"2019-02-21 08:45:47",154
"2019-02-21 09:45:48",154
"2019-02-21 10:45:49",154
"2019-02-21 11:45:49",154
"2019-02-21 12:45:47",154
"2019-02-21 13:45:47",154
"2019-02-21 14:45:51",154
"2019-02-21 15:45:54",154
"2019-02-21 17:09:50",155
"2019-02-21 17:45:47",155
"2019-02-21 18:45:47",156
"2019-02-21 19:45:49",156
"2019-02-21 20:45:52",156
"2019-02-21 21:45:46",156
"2019-02-21 22:45:49",156
"2019-02-21 23:45:48",156
"2019-02-22 00:45:49",156
"2019-02-22 01:45:52",156
"2019-02-22 02:45:50",156
"2019-02-22 03:45:51",156
"2019-02-22 04:45:50",156
"2019-02-22 05:45:48",156
"2019-02-22 06:45:48",156
"2019-02-22 07:45:53",156
"2019-02-22 08:45:52",156
"2019-02-22 09:45:50",156
"2019-02-22 10:45:48",156
"2019-02-22 11:45:49",156
"2019-02-22 12:45:48",156
"2019-02-22 13:45:46",156
"2019-02-22 14:45:51",156
"2019-02-22 15:45:51",156
"2019-02-22 16:45:50",156
"2019-02-22 17:45:49",155
"2019-02-22 18:45:51",155
"2019-02-22 19:45:49",155
"2019-02-22 20:45:47",155
"2019-02-22 21:45:53",155
"2019-02-22 22:45:49",155
"2019-02-22 23:45:53",155
"2019-02-23 00:45:47",155
"2019-02-23 01:45:52",155
"2019-02-23 02:45:55",155
"2019-02-23 03:45:55",155
"2019-02-23 04:45:52",155
"2019-02-23 05:45:51",155
"2019-02-23 06:45:47",155
"2019-02-23 07:45:48",155
"2019-02-23 08:45:49",155
"2019-02-23 09:45:48",155
"2019-02-23 10:45:48",155
"2019-02-23 11:45:49",155
"2019-02-23 12:45:48",155
"2019-02-23 13:45:47",155
"2019-02-23 14:45:49",155
"2019-02-23 15:45:50",155
"2019-02-23 16:45:47",155
"2019-02-23 17:45:48",155
"2019-02-23 18:45:50",155
"2019-02-23 19:45:49",155
"2019-02-23 20:45:49",155
"2019-02-23 21:45:51",155
"2019-02-23 22:45:48",155
"2019-02-23 23:45:49",155
"2019-02-24 00:45:50",155
"2019-02-24 01:45:50",155
"2019-02-24 02:45:50",155
"2019-02-24 03:45:50",155
"2019-02-24 04:45:49",155
"2019-02-24 05:45:51",155
"2019-02-24 06:45:49",155
"2019-02-24 07:45:49",155
"2019-02-24 08:45:48",155
"2019-02-24 09:45:48",155
"2019-02-24 10:45:46",155
"2019-02-24 11:45:47",155
"2019-02-24 12:45:47",155
"2019-02-24 13:45:47",155
"2019-02-24 14:45:47",155
"2019-02-24 15:45:49",155
"2019-02-24 16:45:48",155
"2019-02-24 17:45:52",155
"2019-02-24 18:45:50",155
"2019-02-24 19:45:50",155
"2019-02-24 20:45:47",155
"2019-02-24 21:45:47",155
"2019-02-24 22:45:50",155
"2019-02-24 23:45:49",155
"2019-02-25 00:45:50",155
"2019-02-25 01:45:49",155
"2019-02-25 02:45:49",155
"2019-02-25 03:45:51",155
"2019-02-25 04:45:49",155
"2019-02-25 05:45:48",155
"2019-02-25 06:45:46",155
"2019-02-25 07:45:49",155
"2019-02-25 08:45:49",155
"2019-02-25 09:45:48",155
"2019-02-25 10:45:46",155
"2019-02-25 11:45:50",155
"2019-02-25 12:45:48",155
"2019-02-25 14:10:53",155
"2019-02-25 14:45:49",155
"2019-02-25 15:45:52",154
"2019-02-25 16:45:49",154
"2019-02-25 17:45:51",154
"2019-02-25 18:45:53",154
"2019-02-25 19:45:48",154
"2019-02-25 20:45:50",153
"2019-02-25 21:45:50",154
"2019-02-25 22:45:48",154
"2019-02-25 23:45:50",154
"2019-02-26 00:45:51",154
"2019-02-26 01:45:49",154
"2019-02-26 02:45:53",154
"2019-02-26 03:45:54",154
"2019-02-26 04:45:54",154
"2019-02-26 05:45:49",154
"2019-02-26 06:45:54",154
"2019-02-26 07:45:53",154
"2019-02-26 08:45:50",154
"2019-02-26 09:45:49",154
"2019-02-26 10:45:45",154
"2019-02-26 11:45:49",154
"2019-02-26 12:45:47",154
"2019-02-26 13:45:49",154
"2019-02-26 14:45:51",154
"2019-02-26 15:45:55",154
"2019-02-26 16:45:51",153
"2019-02-26 17:45:51",154
"2019-02-26 18:45:48",154
"2019-02-26 19:45:56",154
"2019-02-26 20:45:52",155
"2019-02-26 21:45:49",155
"2019-02-26 22:45:55",155
"2019-02-26 23:45:52",155
"2019-02-27 00:45:56",155
"2019-02-27 01:45:55",155
"2019-02-27 03:46:24",155
"2019-02-27 04:45:55",155
"2019-02-27 05:45:53",155
"2019-02-27 06:45:55",155
"2019-02-27 07:45:53",155
"2019-02-27 08:45:50",155
"2019-02-27 09:45:48",155
"2019-02-27 10:45:49",155
"2019-02-27 11:45:53",155
"2019-02-27 12:45:55",155
"2019-02-27 13:45:51",155
"2019-02-27 14:45:55",155
"2019-02-27 15:45:58",154
"2019-02-27 16:45:50",154
"2019-02-27 17:45:50",154
"2019-02-27 18:45:55",154
"2019-02-27 19:45:53",154
"2019-02-27 20:45:51",154
"2019-02-27 21:45:52",154
"2019-02-27 22:45:54",154
"2019-02-27 23:45:51",154
"2019-02-28 01:45:50",154
"2019-02-28 02:45:53",154
"2019-02-28 04:45:52",154
"2019-02-28 05:45:51",154
"2019-02-28 06:45:48",154
"2019-02-28 07:45:50",154
"2019-02-28 08:45:51",154
"2019-02-28 09:45:50",154
"2019-02-28 10:45:51",154
"2019-02-28 11:45:52",154
"2019-02-28 12:45:51",154
"2019-02-28 13:45:52",154
"2019-02-28 15:09:58",154
"2019-02-28 15:45:47",154
"2019-02-28 16:45:54",154
"2019-02-28 17:45:54",153
"2019-02-28 18:45:57",153
"2019-02-28 19:45:54",153
"2019-02-28 20:45:50",153
"2019-02-28 21:45:50",152
"2019-02-28 22:45:53",152
"2019-02-28 23:45:51",152
"2019-03-01 00:45:51",152
"2019-03-01 01:45:53",152
"2019-03-01 02:45:55",152
"2019-03-01 03:45:58",152
"2019-03-01 04:45:54",152
"2019-03-01 05:45:54",152
"2019-03-01 06:45:52",152
"2019-03-01 07:45:53",152
"2019-03-01 08:45:52",152
"2019-03-01 09:45:48",152
"2019-03-01 10:45:51",152
"2019-03-01 11:45:50",152
"2019-03-01 12:45:48",152
"2019-03-01 13:45:58",152
"2019-03-01 14:45:57",152
"2019-03-01 15:45:54",151
"2019-03-01 16:45:53",151
"2019-03-01 17:45:52",151
"2019-03-01 18:45:55",151
"2019-03-01 19:45:55",151
"2019-03-01 20:45:57",151
"2019-03-01 21:45:57",151
"2019-03-01 22:45:58",151
"2019-03-01 23:45:58",151
"2019-03-02 07:45:54",151
"2019-03-02 08:45:52",151
"2019-03-02 09:45:49",151
"2019-03-02 10:45:49",151
"2019-03-02 11:45:53",151
"2019-03-02 15:45:59",151
"2019-03-02 16:45:54",151
"2019-03-02 17:45:52",151
"2019-03-04 02:45:56",151
"2019-03-04 07:45:55",151
"2019-03-04 10:45:51",151
"2019-03-04 11:45:50",151
"2019-03-04 12:45:46",151
"2019-03-04 13:45:44",151
"2019-03-04 14:45:54",151
"2019-03-04 15:45:50",152
"2019-03-04 16:45:53",152
"2019-03-04 17:45:53",153
"2019-03-04 18:45:50",153
"2019-03-04 19:45:55",154
"2019-03-04 20:45:54",154
"2019-03-04 21:45:52",154
"2019-03-04 22:45:54",154
"2019-03-04 23:45:52",154
"2019-03-05 00:45:55",154
"2019-03-05 01:45:52",154
"2019-03-05 02:45:56",154
"2019-03-05 03:45:57",154
"2019-03-05 04:45:54",154
"2019-03-05 05:45:52",154
"2019-03-05 06:45:50",154
"2019-03-05 07:45:50",154
"2019-03-05 08:45:49",154
"2019-03-05 09:45:52",154
"2019-03-05 10:45:48",154
"2019-03-05 11:45:46",154
"2019-03-05 12:45:49",154
"2019-03-05 14:11:03",154
"2019-03-05 14:45:52",154
"2019-03-05 15:45:57",153
"2019-03-05 16:45:55",153
"2019-03-05 17:45:54",152
"2019-03-05 18:45:54",151
"2019-03-05 19:45:53",152
"2019-03-05 20:45:54",152
"2019-03-05 21:45:54",151
"2019-03-05 22:45:56",151
"2019-03-05 23:45:56",151
"2019-03-06 00:45:56",151
"2019-03-06 01:45:55",151
"2019-03-06 02:45:54",151
"2019-03-06 03:45:56",151
"2019-03-06 04:45:59",151
"2019-03-06 05:45:55",151
"2019-03-06 06:45:58",151
"2019-03-06 07:45:52",151
"2019-03-06 08:45:49",151
"2019-03-06 09:45:51",151
"2019-03-06 10:45:55",151
"2019-03-06 11:46:58",151
"2019-03-06 12:46:21",151
"2019-03-06 14:11:00",151
"2019-03-06 14:46:34",151
"2019-03-06 15:46:27",151
"2019-03-06 16:45:48",151
"2019-03-06 17:45:59",151
"2019-03-06 18:45:56",151
"2019-03-06 19:45:54",150
"2019-03-06 20:45:53",150
"2019-03-06 21:45:53",150
"2019-03-06 22:45:53",150
"2019-03-06 23:45:53",150
"2019-03-07 00:45:53",150
"2019-03-07 01:45:55",150
"2019-03-07 02:45:57",150
"2019-03-07 04:46:05",150
"2019-03-07 05:45:56",150
"2019-03-07 06:45:51",150
"2019-03-07 07:45:53",150
"2019-03-07 08:45:55",150
"2019-03-07 09:45:53",150
"2019-03-07 10:45:50",150
"2019-03-07 11:45:52",150
"2019-03-07 12:45:51",150
"2019-03-07 13:45:52",150
"2019-03-07 14:45:56",150
"2019-03-07 15:45:50",151
"2019-03-07 16:45:53",150
"2019-03-07 17:45:57",151
"2019-03-07 18:45:55",153
"2019-03-07 20:10:28",155
"2019-03-07 20:45:53",155
"2019-03-07 21:45:56",155
"2019-03-07 22:46:00",155
"2019-03-07 23:45:51",155
"2019-03-08 00:45:55",155
"2019-03-08 01:45:55",155
"2019-03-08 02:45:53",155
"2019-03-08 04:45:53",155
"2019-03-08 05:45:52",155
"2019-03-08 06:45:52",155
"2019-03-08 07:45:51",155
"2019-03-08 08:45:51",155
"2019-03-08 09:45:50",155
"2019-03-08 10:45:49",155
"2019-03-08 11:45:50",155
"2019-03-08 12:45:51",155
"2019-03-08 14:10:58",155
"2019-03-08 14:45:49",155
"2019-03-08 15:45:56",154
"2019-03-08 16:45:50",154
"2019-03-08 17:45:50",154
"2019-03-08 18:45:54",153
"2019-03-08 19:45:54",153
"2019-03-08 20:45:48",152
"2019-03-08 21:45:58",152
"2019-03-08 22:45:49",152
"2019-03-08 23:45:55",152
"2019-03-09 00:46:00",152
"2019-03-09 01:45:55",152
"2019-03-09 02:45:51",152
"2019-03-09 03:45:55",152
"2019-03-09 04:45:53",152
"2019-03-09 05:45:51",152
"2019-03-09 06:45:50",152
"2019-03-09 07:45:50",152
"2019-03-09 08:45:48",152
"2019-03-09 09:45:45",152
"2019-03-09 10:45:48",152
"2019-03-09 11:45:47",152
"2019-03-09 12:45:49",152
"2019-03-09 13:45:47",152
"2019-03-09 14:45:51",152
"2019-03-09 15:45:53",152
"2019-03-09 16:45:51",152
"2019-03-09 17:45:50",152
"2019-03-09 18:45:51",152
"2019-03-09 19:45:51",152
"2019-03-09 20:45:50",152
"2019-03-09 21:45:48",152
"2019-03-09 22:45:51",152
"2019-03-09 23:45:50",152
"2019-03-10 00:45:51",152
"2019-03-10 01:45:51",152
"2019-03-10 02:45:53",152
"2019-03-10 03:45:50",152
"2019-03-10 04:45:48",152
"2019-03-10 05:45:49",152
"2019-03-10 06:45:51",152
"2019-03-10 07:45:47",152
"2019-03-10 08:45:45",152
"2019-03-10 09:45:49",152
"2019-03-10 10:45:46",152
"2019-03-10 11:45:47",152
"2019-03-10 12:45:48",152
"2019-03-10 13:45:47",152
"2019-03-10 14:45:47",152
"2019-03-10 15:45:54",152
"2019-03-10 16:45:50",152
"2019-03-10 17:45:54",152
"2019-03-10 18:45:56",152
"2019-03-10 19:45:50",152
"2019-03-10 20:45:49",152
"2019-03-10 21:45:49",152
"2019-03-10 22:45:48",152
"2019-03-10 23:45:50",152
"2019-03-11 00:45:51",152
"2019-03-11 01:45:52",152
"2019-03-11 02:45:50",152
"2019-03-11 03:45:50",152
"2019-03-11 04:45:50",152
"2019-03-11 05:45:50",152
"2019-03-11 06:45:48",152
"2019-03-11 07:45:49",152
"2019-03-11 08:45:46",152
"2019-03-11 09:45:49",152
"2019-03-11 10:45:50",152
"2019-03-11 11:45:47",152
"2019-03-11 12:45:54",152
"2019-03-11 13:45:53",152
"2019-03-11 14:45:52",152
"2019-03-11 15:45:50",153
"2019-03-11 16:45:50",153
"2019-03-11 17:45:50",154
"2019-03-11 18:45:51",154
"2019-03-11 19:45:50",157
"2019-03-11 20:45:50",159
"2019-03-11 21:45:52",159
"2019-03-11 22:45:50",159
"2019-03-11 23:45:53",159
"2019-03-12 00:45:56",159
"2019-03-12 01:45:51",159
"2019-03-12 02:45:50",159
"2019-03-12 03:45:54",159
"2019-03-12 04:45:51",159
"2019-03-12 05:45:52",159
"2019-03-12 06:45:52",159
"2019-03-12 07:45:48",159
"2019-03-12 08:45:49",159
"2019-03-12 09:45:47",159
"2019-03-12 10:45:52",159
"2019-03-12 11:45:49",159
"2019-03-12 12:45:52",159
"2019-03-12 13:45:52",159
"2019-03-12 14:45:51",158
"2019-03-12 15:45:50",160
"2019-03-12 16:45:50",162
"2019-03-12 17:45:50",161
"2019-03-12 18:45:51",161
"2019-03-12 19:45:49",161
"2019-03-12 20:45:51",161
"2019-03-12 21:45:50",161
"2019-03-12 22:45:53",161
"2019-03-12 23:45:56",161
"2019-03-13 00:45:54",161
"2019-03-13 01:45:54",161
"2019-03-13 02:45:51",161
"2019-03-13 03:45:54",161
"2019-03-13 04:45:54",161
"2019-03-13 05:45:53",161
"2019-03-13 06:45:51",161
"2019-03-13 07:45:54",161
"2019-03-13 08:45:51",161
"2019-03-13 09:45:51",161
"2019-03-13 10:45:48",161
"2019-03-13 11:45:48",161
"2019-03-13 13:09:52",161
"2019-03-13 13:45:51",161
"2019-03-13 14:45:50",160
"2019-03-13 15:45:51",158
"2019-03-13 16:45:54",158
"2019-03-13 17:45:54",156
"2019-03-13 18:45:48",157
"2019-03-13 19:45:52",156
"2019-03-13 20:45:51",157
"2019-03-13 21:45:52",157
"2019-03-13 22:45:49",157
"2019-03-13 23:45:52",157
"2019-03-14 00:45:50",157
"2019-03-14 01:45:53",157
"2019-03-14 02:45:54",157
"2019-03-14 03:45:50",157
"2019-03-14 04:45:52",157
"2019-03-14 05:45:49",157
"2019-03-14 06:45:51",157
"2019-03-14 07:45:50",157
"2019-03-14 08:45:48",157
"2019-03-14 09:45:47",157
"2019-03-14 10:45:53",157
"2019-03-14 11:45:50",157
"2019-03-14 13:10:25",157
"2019-03-14 13:45:50",157
"2019-03-14 14:45:53",156
"2019-03-14 15:45:53",156
"2019-03-14 16:45:51",156
"2019-03-14 17:45:53",155
"2019-03-14 18:45:50",155
"2019-03-14 19:45:58",155
"2019-03-14 20:45:52",155
"2019-03-14 21:45:54",155
"2019-03-14 22:45:57",155
"2019-03-14 23:45:56",155
"2019-03-15 00:45:53",155
"2019-03-15 01:45:53",155
"2019-03-15 02:45:54",155
"2019-03-15 03:45:53",155
"2019-03-15 04:45:52",155
"2019-03-15 05:45:50",155
"2019-03-15 06:45:47",155
"2019-03-15 07:45:51",155
"2019-03-15 08:45:54",155
"2019-03-15 09:45:54",155
"2019-03-15 10:45:56",155
"2019-03-15 11:45:53",155
"2019-03-15 12:45:52",155
"2019-03-15 13:45:55",155
"2019-03-15 14:45:52",156
"2019-03-15 15:45:57",156
"2019-03-15 16:45:57",156
"2019-03-15 17:45:57",155
"2019-03-15 18:45:54",155
"2019-03-15 19:45:54",155
"2019-03-15 20:45:54",155
"2019-03-15 21:45:52",155
"2019-03-15 22:45:52",155
"2019-03-15 23:45:56",155
"2019-03-16 00:45:54",155
"2019-03-16 01:45:51",155
"2019-03-16 02:45:55",155
"2019-03-16 03:45:56",155
"2019-03-16 04:45:57",155
"2019-03-16 05:45:56",155
"2019-03-16 06:45:53",155
"2019-03-16 07:45:53",155
"2019-03-16 08:45:56",155
"2019-03-16 09:45:52",155
"2019-03-16 10:45:51",155
"2019-03-16 11:45:52",155
"2019-03-16 12:45:52",155
"2019-03-16 13:45:55",155
"2019-03-16 14:45:51",155
"2019-03-16 15:45:53",155
"2019-03-16 16:45:53",155
"2019-03-16 17:45:52",155
"2019-03-16 18:45:52",155
"2019-03-16 19:45:51",155
"2019-03-16 20:45:55",155
"2019-03-16 21:45:56",155
"2019-03-16 22:45:55",155
"2019-03-16 23:45:52",155
"2019-03-17 00:45:55",155
"2019-03-17 01:45:54",155
"2019-03-17 02:45:59",155
"2019-03-17 03:45:56",155
"2019-03-17 04:45:55",155
"2019-03-17 05:45:55",155
"2019-03-17 06:45:53",155
"2019-03-17 07:45:52",155
"2019-03-17 08:45:49",155
"2019-03-17 09:45:53",155
"2019-03-17 10:45:49",155
"2019-03-17 11:45:50",155
"2019-03-17 12:45:50",155
"2019-03-17 13:45:50",155
"2019-03-17 14:45:50",155
"2019-03-17 15:45:49",155
"2019-03-17 16:45:48",155
"2019-03-17 17:45:50",155
"2019-03-17 18:45:51",155
"2019-03-17 19:45:51",155
"2019-03-17 20:45:50",155
"2019-03-17 21:45:48",155
"2019-03-17 22:45:49",155
"2019-03-17 23:45:51",155
"2019-03-18 00:45:52",155
"2019-03-18 01:45:50",155
"2019-03-18 02:45:52",155
"2019-03-18 03:45:52",155
"2019-03-18 04:45:52",155
"2019-03-18 05:45:49",155
"2019-03-18 06:45:49",155
"2019-03-18 07:45:51",155
"2019-03-18 08:45:49",155
"2019-03-18 09:45:50",155
"2019-03-18 10:45:49",155
"2019-03-18 11:45:47",155
"2019-03-18 12:45:52",155
"2019-03-18 13:45:55",155
"2019-03-18 14:45:53",155
"2019-03-18 15:45:59",157
"2019-03-18 16:45:51",156
"2019-03-18 17:45:57",156
"2019-03-18 18:45:56",155
"2019-03-18 19:45:55",155
"2019-03-18 20:45:54",155
"2019-03-18 21:45:55",155
"2019-03-18 22:45:58",155
"2019-03-18 23:45:55",155
"2019-03-19 00:46:00",155
"2019-03-19 01:45:57",155
"2019-03-19 02:45:56",155
"2019-03-19 03:45:54",155
"2019-03-19 04:45:53",155
"2019-03-19 05:45:50",155
"2019-03-19 06:45:59",155
"2019-03-19 07:45:54",155
"2019-03-19 08:45:51",155
"2019-03-19 09:45:53",155
"2019-03-19 10:45:55",155
"2019-03-19 11:45:53",155
"2019-03-19 12:45:55",155
"2019-03-19 13:45:54",155
"2019-03-19 14:45:54",155
"2019-03-19 15:45:56",154
"2019-03-19 16:45:53",154
"2019-03-19 17:46:01",155
"2019-03-19 18:45:55",155
"2019-03-19 19:46:00",155
"2019-03-19 20:45:58",154
"2019-03-19 21:46:05",155
"2019-03-19 22:46:01",155
"2019-03-19 23:45:56",155
"2019-03-20 00:46:03",155
"2019-03-20 01:46:00",155
"2019-03-20 02:46:01",155
"2019-03-20 03:46:03",155
"2019-03-20 04:45:59",155
"2019-03-20 05:45:57",155
"2019-03-20 06:46:04",155
"2019-03-20 07:46:04",155
"2019-03-20 08:46:00",155
"2019-03-20 09:45:57",155
"2019-03-20 10:45:58",155
"2019-03-20 11:45:58",155
"2019-03-20 13:10:08",155
"2019-03-20 13:45:58",155
"2019-03-20 14:45:59",156
"2019-03-20 15:46:01",155
"2019-03-20 16:45:56",155
"2019-03-20 17:45:57",155
"2019-03-20 18:45:56",155
"2019-03-20 19:45:56",155
"2019-03-20 20:45:53",157
"2019-03-20 21:45:52",157
"2019-03-20 22:45:54",158
"2019-03-20 23:45:53",158
"2019-03-21 00:45:54",158
"2019-03-21 01:45:52",158
"2019-03-21 02:45:56",158
"2019-03-21 03:45:57",158
"2019-03-21 04:45:53",158
"2019-03-21 05:45:57",158
"2019-03-21 06:45:51",158
"2019-03-21 07:45:51",158
"2019-03-21 08:45:48",158
"2019-03-21 09:45:51",158
"2019-03-21 10:45:54",158
"2019-03-21 11:45:52",158
"2019-03-21 13:10:53",158
"2019-03-21 13:45:51",158
"2019-03-21 14:45:53",159
"2019-03-21 15:45:52",161
"2019-03-21 16:45:49",162
"2019-03-21 17:45:51",163
"2019-03-21 18:45:55",164
"2019-03-21 19:45:52",164
"2019-03-21 20:45:45",164
"2019-03-21 21:45:48",164
"2019-03-21 22:45:47",163
"2019-03-21 23:45:48",163
"2019-03-22 00:45:48",163
"2019-03-22 01:45:48",163
"2019-03-22 02:45:57",163
"2019-03-22 03:45:49",163
"2019-03-22 04:45:47",163
"2019-03-22 05:45:48",163
"2019-03-22 06:45:45",163
"2019-03-22 07:45:46",163
"2019-03-22 08:45:58",163
"2019-03-22 09:45:49",163
"2019-03-22 10:45:47",163
"2019-03-22 11:45:46",162
"2019-03-22 12:45:57",162
"2019-03-22 13:45:47",162
"2019-03-22 14:45:47",165
"2019-03-22 15:45:48",164
"2019-03-22 16:45:49",163
"2019-03-22 17:45:52",164
"2019-03-22 18:45:49",164
"2019-03-22 19:45:47",166
"2019-03-22 20:45:49",166
"2019-03-22 21:45:46",166
"2019-03-22 22:45:48",166
"2019-03-22 23:45:46",166
"2019-03-23 00:45:49",166
"2019-03-23 01:45:57",166
"2019-03-23 02:45:49",166
"2019-03-23 03:45:47",166
"2019-03-23 04:45:46",166
"2019-03-23 05:45:47",166
"2019-03-23 06:45:46",166
"2019-03-23 07:45:53",166
"2019-03-23 08:45:46",166
"2019-03-23 09:45:48",166
"2019-03-23 10:45:46",166
"2019-03-23 11:45:47",166
"2019-03-23 12:45:47",166
"2019-03-23 13:45:51",166
"2019-03-23 14:45:48",166
"2019-03-23 15:45:48",166
"2019-03-23 16:45:46",166
"2019-03-23 17:45:47",166
"2019-03-23 18:45:48",166
"2019-03-23 19:45:53",166
"2019-03-23 20:45:49",166
"2019-03-23 21:45:48",166
"2019-03-23 22:45:46",166
"2019-03-23 23:45:47",166
"2019-03-24 00:45:48",166
"2019-03-24 01:45:49",166
"2019-03-24 02:45:48",166
"2019-03-24 03:45:50",166
"2019-03-24 04:45:57",166
"2019-03-24 05:45:49",166
"2019-03-24 06:45:49",166
"2019-03-24 07:45:49",166
"2019-03-24 08:45:48",166
"2019-03-24 09:45:55",166
"2019-03-24 10:45:51",166
"2019-03-24 11:45:44",166
"2019-03-24 12:45:45",166
"2019-03-24 13:45:52",166
"2019-03-24 14:45:47",166
"2019-03-24 15:45:47",166
"2019-03-24 16:45:47",166
"2019-03-24 17:45:47",166
"2019-03-24 18:45:48",166
"2019-03-24 19:45:48",166
"2019-03-24 20:45:50",166
"2019-03-24 21:45:57",166
"2019-03-24 22:45:50",166
"2019-03-24 23:45:49",166
"2019-03-25 00:45:49",166
"2019-03-25 01:45:49",166
"2019-03-25 02:45:51",166
"2019-03-25 03:46:00",166
"2019-03-25 04:45:49",166
"2019-03-25 05:45:50",166
"2019-03-25 06:45:48",166
"2019-03-25 07:45:49",166
"2019-03-25 08:45:51",166
"2019-03-25 09:45:48",166
"2019-03-25 10:45:49",166
"2019-03-25 11:46:01",166
"2019-03-25 13:09:54",166
"2019-03-25 13:45:57",166
"2019-03-25 14:45:50",166
"2019-03-25 15:45:50",166
"2019-03-25 16:45:49",167
"2019-03-25 17:45:51",167
"2019-03-25 18:45:52",168
"2019-03-25 19:45:57",168
"2019-03-25 20:45:50",168
"2019-03-25 21:45:48",168
"2019-03-25 22:46:05",168
"2019-03-25 23:46:01",168
"2019-03-26 00:45:52",168
"2019-03-26 01:45:52",168
"2019-03-26 02:45:55",168
"2019-03-26 03:45:51",168
"2019-03-26 04:45:50",168
"2019-03-26 05:45:52",168
"2019-03-26 06:45:48",168
"2019-03-26 07:45:48",168
"2019-03-26 08:45:47",168
"2019-03-26 09:45:48",168
"2019-03-26 10:45:54",168
"2019-03-26 11:45:49",168
"2019-03-26 12:45:52",168
"2019-03-26 13:46:00",168
"2019-03-26 14:45:47",169
"2019-03-26 15:45:59",169
"2019-03-26 16:45:56",169
"2019-03-26 17:45:51",169
"2019-03-26 18:45:56",169
"2019-03-26 19:46:02",168
"2019-03-26 20:45:52",168
"2019-03-26 21:45:51",168
"2019-03-26 22:45:50",168
"2019-03-26 23:45:51",168
"2019-03-27 00:45:58",168
"2019-03-27 01:45:51",168
"2019-03-27 02:45:48",168
"2019-03-27 03:46:00",168
"2019-03-27 04:45:55",168
"2019-03-27 05:45:52",168
"2019-03-27 06:46:00",168
"2019-03-27 07:45:49",168
"2019-03-27 08:45:49",168
"2019-03-27 09:45:50",168
"2019-03-27 10:45:57",168
"2019-03-27 11:45:49",168
"2019-03-27 13:10:35",168
"2019-03-27 13:45:52",168
"2019-03-27 14:46:00",174
"2019-03-27 15:45:50",175
"2019-03-27 16:45:53",176
"2019-03-27 17:46:05",176
"2019-03-27 18:45:50",176
"2019-03-27 19:45:48",176
"2019-03-27 20:45:54",176
"2019-03-27 21:45:52",176
"2019-03-27 22:46:06",176
"2019-03-27 23:45:56",176
"2019-03-28 00:45:53",176
"2019-03-28 01:45:51",176
"2019-03-28 02:46:05",176
"2019-03-28 03:45:54",176
"2019-03-28 04:45:58",176
"2019-03-28 05:45:50",176
"2019-03-28 06:45:47",176
"2019-03-28 07:45:49",176
"2019-03-28 08:45:47",176
"2019-03-28 09:45:48",176
"2019-03-28 10:45:48",176
"2019-03-28 11:45:47",176
"2019-03-28 13:10:25",176
"2019-03-28 13:45:56",176
"2019-03-28 14:45:50",176
"2019-03-28 15:45:53",175
"2019-03-28 16:45:55",176
"2019-03-28 17:45:51",177
"2019-03-28 18:45:52",177
"2019-03-28 19:45:51",178
"2019-03-28 20:45:55",177
"2019-03-28 21:45:52",177
"2019-03-28 22:45:50",177
"2019-03-28 23:45:51",177
"2019-03-29 00:45:50",177
"2019-03-29 01:46:09",177
"2019-03-29 02:45:58",177
"2019-03-29 03:46:04",177
"2019-03-29 04:45:56",177
"2019-03-29 05:45:50",177
"2019-03-29 06:45:47",177
"2019-03-29 07:45:49",177
"2019-03-29 08:45:56",177
"2019-03-29 09:45:50",177
"2019-03-29 10:45:51",177
"2019-03-29 11:45:54",177
"2019-03-29 13:10:53",177
"2019-03-29 13:45:53",177
"2019-03-29 14:45:54",177
"2019-03-29 15:45:52",177
"2019-03-29 16:45:45",180
"2019-03-29 17:45:57",179
"2019-03-29 18:46:13",179
"2019-03-29 19:45:55",178
"2019-03-29 20:45:56",180
"2019-03-29 21:45:54",180
"2019-03-29 22:46:02",180
"2019-03-29 23:46:10",180
"2019-03-30 00:46:01",180
"2019-03-30 01:45:58",180
"2019-03-30 02:46:03",180
"2019-03-30 03:46:01",180
"2019-03-30 04:46:02",180
"2019-03-30 05:45:54",180
"2019-03-30 06:45:54",180
"2019-03-30 07:45:55",180
"2019-03-30 08:46:20",180
"2019-03-30 09:45:56",180
"2019-03-30 10:45:56",180
"2019-03-30 11:45:54",180
"2019-03-30 12:46:04",180
"2019-03-30 13:45:48",180
"2019-03-30 14:45:48",180
"2019-03-30 15:45:47",180
"2019-03-30 16:45:47",180
"2019-03-30 17:45:57",180
"2019-03-30 18:45:46",180
"2019-03-30 19:45:48",180
"2019-03-30 20:45:47",180
"2019-03-30 21:45:49",180
"2019-03-30 22:45:57",180
"2019-03-30 23:45:48",180
"2019-03-31 00:45:49",180
"2019-03-31 01:45:53",180
"2019-03-31 02:45:59",180
"2019-03-31 03:45:51",180
"2019-03-31 04:45:48",180
"2019-03-31 05:45:47",180
"2019-03-31 06:45:58",180
"2019-03-31 07:45:49",180
"2019-03-31 08:45:47",180
"2019-03-31 09:45:47",180
"2019-03-31 10:45:52",180
"2019-03-31 11:45:48",180
"2019-03-31 12:45:49",180
"2019-03-31 13:45:54",180
"2019-03-31 14:45:47",180
"2019-03-31 15:45:49",180
"2019-03-31 16:45:51",180
"2019-03-31 17:46:02",180
"2019-03-31 18:45:49",180
"2019-03-31 19:45:49",180
"2019-03-31 20:45:49",180
"2019-03-31 21:45:49",180
"2019-03-31 22:45:48",180
"2019-03-31 23:45:54",180
"2019-04-01 00:46:00",180
"2019-04-01 01:45:54",180
"2019-04-01 02:45:58",180
"2019-04-01 03:46:12",180
"2019-04-01 04:45:52",180
"2019-04-01 05:45:52",180
"2019-04-01 06:45:53",180
"2019-04-01 07:45:58",180
"2019-04-01 08:45:51",180
"2019-04-01 09:45:53",180
"2019-04-01 10:45:59",180
"2019-04-01 11:45:58",180
"2019-04-01 13:46:07",179
"2019-04-01 14:46:01",181
"2019-04-01 15:46:12",177
"2019-04-01 16:46:05",175
"2019-04-01 17:45:56",175
"2019-04-01 18:45:51",174
"2019-04-01 19:46:08",175
"2019-04-01 20:45:53",176
"2019-04-01 21:45:49",176
"2019-04-01 22:45:55",176
"2019-04-01 23:45:54",176
"2019-04-02 00:46:02",176
"2019-04-02 01:46:22",176
"2019-04-02 02:45:55",176
"2019-04-02 03:46:04",176
"2019-04-02 04:45:55",176
"2019-04-02 05:45:51",176
"2019-04-02 06:45:50",176
"2019-04-02 07:45:58",176
"2019-04-02 08:45:51",176
"2019-04-02 09:46:00",176
"2019-04-02 10:45:50",176
"2019-04-02 11:45:49",176
"2019-04-02 13:10:33",176
"2019-04-02 13:45:53",176
"2019-04-02 14:45:50",177
"2019-04-02 15:46:04",177
"2019-04-02 16:45:53",179
"2019-04-02 17:46:02",182
"2019-04-02 18:45:55",182
"2019-04-02 19:45:58",181
"2019-04-02 20:46:04",182
"2019-04-02 21:45:54",182
"2019-04-02 22:45:53",182
"2019-04-02 23:45:54",182
"2019-04-03 00:46:16",182
"2019-04-03 01:45:55",182
"2019-04-03 02:45:55",182
"2019-04-03 03:45:57",182
"2019-04-03 04:45:59",182
"2019-04-03 05:45:57",182
"2019-04-03 06:46:01",182
"2019-04-03 07:45:53",182
"2019-04-03 08:45:54",182
"2019-04-03 09:46:12",182
"2019-04-03 10:46:07",182
"2019-04-03 11:45:57",182
"2019-04-03 13:10:34",182
"2019-04-03 13:45:57",182
"2019-04-03 14:46:03",181
"2019-04-03 15:46:05",180
"2019-04-03 16:45:52",181
"2019-04-03 17:45:51",181
"2019-04-03 18:45:51",181
"2019-04-03 19:45:56",180
"2019-04-03 20:45:55",179
"2019-04-03 21:45:51",179
"2019-04-03 22:45:48",179
"2019-04-03 23:45:58",179
"2019-04-04 00:45:49",179
"2019-04-04 01:45:52",179
"2019-04-04 02:45:51",179
"2019-04-04 03:45:59",179
"2019-04-04 04:45:48",179
"2019-04-04 05:45:48",179
"2019-04-04 06:45:47",179
"2019-04-04 07:45:50",179
"2019-04-04 08:45:57",179
"2019-04-04 09:45:48",179
"2019-04-04 10:45:49",179
"2019-04-04 11:45:58",179
"2019-04-04 12:45:50",179
"2019-04-04 13:45:51",179
"2019-04-04 14:46:02",176
"2019-04-04 15:45:53",177
"2019-04-04 16:46:03",178
"2019-04-04 17:45:49",177
"2019-04-04 18:45:57",177
"2019-04-04 19:45:51",177
"2019-04-04 20:45:49",177
"2019-04-04 21:45:55",177
"2019-04-04 22:46:06",177
"2019-04-04 23:45:50",177
"2019-04-05 00:45:52",177
"2019-04-05 01:45:49",177
"2019-04-05 02:45:49",177
"2019-04-05 03:46:09",177
"2019-04-05 04:45:51",177
"2019-04-05 05:45:50",177
"2019-04-05 06:45:49",177
"2019-04-05 07:45:50",177
"2019-04-05 08:46:05",177
"2019-04-05 09:45:51",177
"2019-04-05 10:46:00",177
"2019-04-05 11:45:51",177
"2019-04-05 13:10:02",177
"2019-04-05 13:45:57",177
"2019-04-05 14:45:56",178
"2019-04-05 15:46:02",180
"2019-04-05 16:45:50",180
"2019-04-05 17:45:52",181
"2019-04-05 18:45:55",181
"2019-04-05 19:45:53",181
"2019-04-05 20:45:53",181
"2019-04-05 21:46:00",181
"2019-04-05 22:45:53",181
"2019-04-05 23:45:57",181
"2019-04-06 00:45:56",181
"2019-04-06 01:46:11",181
"2019-04-06 02:45:59",181
"2019-04-06 03:45:59",181
"2019-04-06 04:46:04",181
"2019-04-06 05:45:55",181
"2019-04-06 06:45:54",181
"2019-04-06 07:45:56",181
"2019-04-06 08:46:08",181
"2019-04-06 09:45:54",181
"2019-04-06 10:45:54",181
"2019-04-06 11:45:56",181
"2019-04-06 12:45:55",181
"2019-04-06 13:45:51",181
"2019-04-06 14:45:51",181
"2019-04-06 15:46:01",181
"2019-04-06 16:45:51",181
"2019-04-06 17:45:51",181
"2019-04-06 18:45:53",181
"2019-04-06 19:45:52",181
"2019-04-06 20:45:49",181
"2019-04-06 21:46:05",181
"2019-04-06 22:45:53",181
"2019-04-06 23:45:52",181
"2019-04-07 00:45:52",181
"2019-04-07 01:45:49",181
"2019-04-07 02:45:56",181
"2019-04-07 03:46:03",181
"2019-04-07 04:45:54",181
"2019-04-07 05:45:54",181
"2019-04-07 06:45:57",181
"2019-04-07 07:46:06",181
"2019-04-07 08:45:55",181
"2019-04-07 09:46:00",181
"2019-04-07 10:45:51",181
"2019-04-07 11:46:00",181
"2019-04-07 12:45:56",181
"2019-04-07 13:46:03",181
"2019-04-07 14:45:53",181
"2019-04-07 15:45:58",181
"2019-04-07 16:46:01",181
"2019-04-07 17:45:53",181
"2019-04-07 18:45:54",181
"2019-04-07 19:45:53",181
"2019-04-07 20:46:01",181
"2019-04-07 21:45:51",181
"2019-04-07 22:45:52",181
"2019-04-07 23:45:50",181
"2019-04-08 00:46:06",181
"2019-04-08 01:45:57",181
"2019-04-08 02:45:53",181
"2019-04-08 03:45:53",181
"2019-04-08 04:45:48",181
"2019-04-08 05:46:01",181
"2019-04-08 06:45:48",181
"2019-04-08 07:45:48",181
"2019-04-08 08:45:49",181
"2019-04-08 09:45:52",181
"2019-04-08 10:45:51",181
"2019-04-08 11:46:06",181
"2019-04-08 12:45:50",181
"2019-04-08 13:46:02",181
"2019-04-08 14:45:49",178
"2019-04-08 15:45:56",178
"2019-04-08 16:46:11",178
"2019-04-08 17:45:53",178
"2019-04-08 18:45:53",178
"2019-04-08 19:45:53",178
"2019-04-08 20:45:52",179
"2019-04-08 21:45:55",179
"2019-04-08 22:45:54",179
"2019-04-08 23:45:52",179
"2019-04-09 00:46:02",179
"2019-04-09 01:45:54",179
"2019-04-09 02:45:56",179
"2019-04-09 03:45:55",179
"2019-04-09 04:45:53",179
"2019-04-09 05:45:59",179
"2019-04-09 06:45:53",179
"2019-04-09 07:45:51",179
"2019-04-09 08:45:56",179
"2019-04-09 09:46:10",179
"2019-04-09 10:45:51",179
"2019-04-09 11:45:55",179
"2019-04-09 13:11:15",179
"2019-04-09 13:45:53",179
"2019-04-09 14:45:53",179
"2019-04-09 15:46:11",178
"2019-04-09 16:45:55",180
"2019-04-09 17:45:54",180
"2019-04-09 18:45:55",180
"2019-04-09 19:45:54",179
"2019-04-09 20:45:54",179
"2019-04-09 21:45:54",179
"2019-04-09 22:45:54",179
"2019-04-09 23:46:05",179
"2019-04-10 00:45:55",179
"2019-04-10 01:45:58",179
"2019-04-10 02:45:58",179
"2019-04-10 03:46:01",179
"2019-04-10 04:46:05",179
"2019-04-10 05:45:53",179
"2019-04-10 06:45:53",179
"2019-04-10 07:45:53",179
"2019-04-10 08:46:05",179
"2019-04-10 09:45:56",179
"2019-04-10 10:45:54",179
"2019-04-10 11:45:59",179
"2019-04-10 12:46:09",179
"2019-04-10 13:46:11",179
"2019-04-10 14:45:56",180
"2019-04-10 15:45:59",182
"2019-04-10 16:45:57",183
"2019-04-10 17:46:07",183
"2019-04-10 18:46:01",184
"2019-04-10 19:45:58",184
"2019-04-10 20:45:54",184
"2019-04-10 21:45:50",184
"2019-04-10 22:45:52",184
"2019-04-10 23:46:05",184
"2019-04-11 00:45:54",184
"2019-04-11 01:45:51",184
"2019-04-11 02:45:55",184
"2019-04-11 03:45:58",184
"2019-04-11 04:45:59",184
"2019-04-11 05:45:56",184
"2019-04-11 06:45:52",184
"2019-04-11 18:46:03",184
"2019-04-11 19:46:16",185
"2019-04-11 20:45:55",186
"2019-04-11 21:45:54",186
"2019-04-11 22:45:53",186
"2019-04-11 23:45:55",186
"2019-04-12 00:45:54",186
"2019-04-12 01:45:58",186
"2019-04-12 02:46:06",186
"2019-04-12 03:45:58",186
"2019-04-12 04:45:55",186
"2019-04-12 05:45:55",186
"2019-04-12 06:45:52",186
"2019-04-12 07:45:53",186
"2019-04-12 08:45:54",186
"2019-04-12 09:46:00",186
"2019-04-12 10:45:53",186
"2019-04-12 11:45:52",186
"2019-04-12 13:09:39",186
"2019-04-12 13:45:56",186
"2019-04-12 14:45:53",184
"2019-04-12 15:46:02",184
"2019-04-12 16:45:58",185
"2019-04-12 17:45:54",183
"2019-04-12 18:45:54",182
"2019-04-12 19:45:54",183
"2019-04-12 20:45:53",182
"2019-04-12 21:45:52",182
"2019-04-12 22:46:07",182
"2019-04-12 23:45:52",182
"2019-04-13 00:45:56",182
"2019-04-13 01:45:54",182
"2019-04-13 02:45:56",182
"2019-04-13 03:46:13",182
"2019-04-13 04:45:57",182
"2019-04-13 05:45:54",182
"2019-04-13 06:45:56",182
"2019-04-13 07:45:50",182
"2019-04-13 08:45:54",182
"2019-04-13 09:45:59",182
"2019-04-13 10:45:51",182
"2019-04-13 11:45:55",182
"2019-04-13 12:45:53",182
"2019-04-13 13:45:56",182
"2019-04-13 14:45:58",182
"2019-04-13 15:45:58",182
"2019-04-13 16:45:56",182
"2019-04-13 17:45:52",182
"2019-04-13 18:45:54",182
"2019-04-13 19:45:55",182
"2019-04-13 20:45:53",182
"2019-04-13 21:46:01",182
"2019-04-13 22:45:53",182
"2019-04-13 23:45:52",182
"2019-04-14 00:45:55",182
"2019-04-14 01:45:58",182
"2019-04-14 02:45:53",182
"2019-04-14 03:45:55",182
"2019-04-14 04:46:04",182
"2019-04-14 05:45:53",182
"2019-04-14 06:45:54",182
"2019-04-14 07:45:58",182
"2019-04-14 08:45:53",182
"2019-04-14 09:45:56",182
"2019-04-14 10:45:51",182
"2019-04-14 11:45:59",182
"2019-04-14 12:45:51",182
"2019-04-14 13:45:56",182
"2019-04-14 14:46:04",182
"2019-04-14 15:45:58",182
"2019-04-14 16:45:59",182
"2019-04-14 17:45:56",182
"2019-04-14 18:46:26",182
"2019-04-14 19:45:58",182
"2019-04-14 20:46:01",182
"2019-04-14 21:46:08",182
"2019-04-14 22:45:54",182
"2019-04-14 23:45:57",182
"2019-04-15 00:45:55",182
"2019-04-15 01:45:54",182
"2019-04-15 02:45:55",182
"2019-04-15 03:46:10",182
"2019-04-15 04:45:56",182
"2019-04-15 05:45:55",182
"2019-04-15 06:45:51",182
"2019-04-15 07:45:53",182
"2019-04-15 08:46:00",182
"2019-04-15 09:45:51",182
"2019-04-15 10:45:51",182
"2019-04-15 11:45:53",182
"2019-04-15 13:11:37",182
"2019-04-15 13:45:52",182
"2019-04-15 14:45:56",184
"2019-04-15 15:46:04",185
"2019-04-15 16:45:54",188
"2019-04-15 17:46:02",189
"2019-04-15 18:46:01",190
"2019-04-15 19:46:22",192
"2019-04-15 20:45:54",201
"2019-04-15 21:45:56",200
"2019-04-15 22:45:57",200
"2019-04-15 23:46:01",200
"2019-04-16 00:45:57",200
"2019-04-16 01:45:55",200
"2019-04-16 02:45:57",200
"2019-04-16 03:46:03",200
"2019-04-16 04:45:56",200
"2019-04-16 05:45:54",200
"2019-04-16 06:45:54",200
"2019-04-16 07:45:52",200
"2019-04-16 08:46:09",200
"2019-04-16 09:45:53",200
"2019-04-16 10:46:03",200
"2019-04-16 11:45:52",200
"2019-04-16 13:09:56",201
"2019-04-16 13:45:55",201
"2019-04-16 14:46:00",194
"2019-04-16 15:45:53",195
"2019-04-16 16:45:53",194
"2019-04-16 17:45:50",193
"2019-04-16 18:46:03",193
"2019-04-16 19:45:53",192
"2019-04-16 20:45:54",188
"2019-04-16 21:45:51",188
"2019-04-16 22:45:51",188
"2019-04-16 23:45:52",188
"2019-04-17 00:45:53",188
"2019-04-17 01:45:56",188
"2019-04-17 02:46:02",188
"2019-04-17 03:45:53",188
"2019-04-17 04:45:53",188
"2019-04-17 05:45:53",188
"2019-04-17 06:46:11",188
"2019-04-17 07:45:54",188
"2019-04-17 08:45:52",188
"2019-04-17 09:46:02",188
"2019-04-17 10:45:52",188
"2019-04-17 11:45:53",188
"2019-04-17 13:11:02",188
"2019-04-17 13:45:56",188
"2019-04-17 14:45:54",180
"2019-04-17 15:46:32",177
"2019-04-17 16:45:55",177
"2019-04-17 17:46:02",176
"2019-04-17 18:45:53",175
"2019-04-17 19:45:53",175
"2019-04-17 20:45:54",175
"2019-04-17 21:45:52",175
"2019-04-17 22:45:55",175
"2019-04-18 00:45:54",175
"2019-04-18 01:45:55",175
"2019-04-18 02:45:52",175
"2019-04-18 03:46:06",175
"2019-04-18 04:45:55",175
"2019-04-18 05:46:02",175
"2019-04-18 06:45:52",175
"2019-04-18 07:45:52",175
"2019-04-18 08:46:01",175
"2019-04-18 09:45:52",175
"2019-04-18 10:45:54",175
"2019-04-18 11:45:58",175
"2019-04-18 13:10:56",175
"2019-04-18 13:45:56",175
"2019-04-18 14:46:03",175
"2019-04-18 15:45:55",175
"2019-04-18 16:45:59",175
"2019-04-18 17:46:03",173
"2019-04-18 18:45:55",174
"2019-04-18 19:45:52",173
"2019-04-18 20:45:53",174
"2019-04-18 21:45:56",174
"2019-04-18 22:45:55",174
"2019-04-18 23:46:01",174
"2019-04-19 00:47:59",174
"2019-04-19 02:45:54",174
"2019-04-19 03:46:07",174
"2019-04-19 04:45:53",174
"2019-04-19 05:45:52",174
"2019-04-19 06:45:54",174
"2019-04-19 07:46:01",174
"2019-04-19 08:45:57",174
"2019-04-19 09:45:53",174
"2019-04-19 10:45:56",174
"2019-04-19 11:45:51",174
"2019-04-19 12:45:54",174
"2019-04-19 13:45:57",174
"2019-04-19 14:46:00",174
"2019-04-19 15:45:52",174
"2019-04-19 16:45:57",174
"2019-04-19 17:46:05",174
"2019-04-19 18:45:54",174
"2019-04-19 19:45:53",174
"2019-04-19 20:45:53",174
"2019-04-19 21:45:53",174
"2019-04-19 22:45:53",174
"2019-04-19 23:45:56",174
"2019-04-20 00:46:03",174
"2019-04-20 01:45:57",174
"2019-04-20 02:45:56",174
"2019-04-20 03:45:53",174
"2019-04-20 04:46:02",174
"2019-04-20 05:45:54",174
"2019-04-20 06:45:53",174
"2019-04-20 07:45:58",174
"2019-04-20 08:45:54",174
"2019-04-20 09:46:01",174
"2019-04-20 10:45:54",174
"2019-04-20 11:45:50",174
"2019-04-20 12:46:08",174
"2019-04-20 13:47:15",174
"2019-04-20 14:45:53",174
"2019-04-20 15:45:51",174
"2019-04-20 16:45:58",174
"2019-04-20 17:45:57",174
"2019-04-20 18:45:52",174
"2019-04-20 19:45:53",174
"2019-04-20 20:45:52",174
"2019-04-20 21:45:51",174
"2019-04-20 22:45:53",174
"2019-04-20 23:46:03",174
"2019-04-21 00:45:52",174
"2019-04-21 01:45:52",174
"2019-04-21 02:45:55",174
"2019-04-21 03:45:55",174
"2019-04-21 04:45:59",174
"2019-04-21 05:45:52",174
"2019-04-21 06:45:50",174
"2019-04-21 07:46:01",174
"2019-04-21 08:45:50",174
"2019-04-21 09:45:51",174
"2019-04-21 10:45:54",174
"2019-04-21 11:45:56",174
"2019-04-21 12:45:52",174
"2019-04-21 13:45:52",174
"2019-04-21 14:46:02",174
"2019-04-21 15:45:53",174
"2019-04-21 16:45:54",174
"2019-04-21 17:45:54",174
"2019-04-21 18:45:51",174
"2019-04-21 19:46:02",174
"2019-04-21 20:45:51",174
"2019-04-21 21:45:52",174
"2019-04-21 22:45:50",174
"2019-04-21 23:45:51",174
"2019-04-22 00:45:51",174
"2019-04-22 01:46:00",174
"2019-04-22 02:46:04",174
"2019-04-22 03:45:54",174
"2019-04-22 04:45:49",174
"2019-04-22 05:45:52",174
"2019-04-22 06:45:57",174
"2019-04-22 07:45:55",174
"2019-04-22 08:45:52",174
"2019-04-22 09:45:50",174
"2019-04-22 10:45:58",174
"2019-04-22 11:45:57",174
"2019-04-22 13:11:29",174
"2019-04-22 13:45:58",174
"2019-04-22 14:46:00",175
"2019-04-22 15:45:54",175
"2019-04-22 16:45:54",176
"2019-04-22 17:45:56",175
"2019-04-22 18:46:00",175
"2019-04-22 19:45:58",175
"2019-04-22 20:45:53",175
"2019-04-22 21:45:54",175
"2019-04-22 22:45:54",175
"2019-04-22 23:45:59",175
"2019-04-23 00:45:57",175
"2019-04-23 01:45:53",175
"2019-04-23 02:45:54",175
"2019-04-23 03:45:58",175
"2019-04-23 04:46:01",175
"2019-04-23 05:45:54",175
"2019-04-23 06:46:31",175
"2019-04-23 07:45:54",175
"2019-04-23 08:45:50",175
"2019-04-23 09:45:53",175
"2019-04-23 10:45:57",175
"2019-04-23 11:45:58",175
"2019-04-23 13:11:59",175
"2019-04-23 13:45:54",175
"2019-04-23 14:45:53",175
"2019-04-23 15:46:00",173
"2019-04-23 16:45:55",173
"2019-04-23 17:45:54",173
"2019-04-23 18:45:52",172
"2019-04-23 19:45:56",172
"2019-04-23 20:46:06",171
"2019-04-23 21:45:56",171
"2019-04-23 22:45:53",171
"2019-04-23 23:45:55",171
"2019-04-24 00:45:52",171
"2019-04-24 01:45:55",171
"2019-04-24 02:46:02",171
"2019-04-24 03:45:56",171
"2019-04-24 04:45:53",171
"2019-04-24 05:45:51",171
"2019-04-24 06:45:56",171
"2019-04-24 07:46:02",171
"2019-04-24 08:45:53",171
"2019-04-24 09:45:54",171
"2019-04-24 10:46:00",171
"2019-04-24 11:46:00",171
"2019-04-24 12:45:52",171
"2019-04-24 13:46:14",171
"2019-04-24 14:45:59",172
"2019-04-24 15:45:59",176
"2019-04-24 16:45:59",177
"2019-04-24 17:45:59",176
"2019-04-24 18:46:14",177
"2019-04-24 19:45:56",178
"2019-04-24 20:45:58",177
"2019-04-24 21:45:57",177
"2019-04-24 22:45:55",177
"2019-04-24 23:46:08",177
"2019-04-25 00:45:58",177
"2019-04-25 01:45:56",177
"2019-04-25 02:45:55",177
"2019-04-25 03:46:06",177
"2019-04-25 04:45:54",177
"2019-04-25 05:45:54",177
"2019-04-25 06:46:01",177
"2019-04-25 07:45:54",177
"2019-04-25 08:45:58",177
"2019-04-25 09:45:53",177
"2019-04-25 10:45:59",177
"2019-04-25 11:45:58",177
"2019-04-25 13:10:31",177
"2019-04-25 13:45:54",177
"2019-04-25 14:46:03",178
"2019-04-25 15:45:54",178
"2019-04-25 16:46:01",177
"2019-04-25 17:45:51",176
"2019-04-25 18:45:51",176
"2019-04-25 19:45:59",176
"2019-04-25 20:45:51",176
"2019-04-25 21:46:01",176
"2019-04-25 22:45:51",176
"2019-04-25 23:45:51",176
"2019-04-26 00:45:55",176
"2019-04-26 01:46:03",176
"2019-04-26 02:45:54",176
"2019-04-26 03:45:54",176
"2019-04-26 04:45:57",176
"2019-04-26 05:46:00",176
"2019-04-26 06:45:57",176
"2019-04-26 07:45:53",176
"2019-04-26 08:46:02",176
"2019-04-26 09:45:51",176
"2019-04-26 10:46:05",176
"2019-04-26 11:45:52",176
"2019-04-26 12:45:53",176
"2019-04-26 13:45:59",176
"2019-04-26 14:45:52",175
"2019-04-26 15:45:59",175
"2019-04-26 16:45:51",175
"2019-04-26 17:46:08",175
"2019-04-26 18:45:53",175
"2019-04-26 19:45:52",175
"2019-04-26 20:45:58",175
"2019-04-26 21:45:51",175
"2019-04-26 22:45:50",175
"2019-04-26 23:45:53",175
"2019-04-27 00:45:53",175
"2019-04-27 01:45:58",175
"2019-04-27 02:45:51",175
"2019-04-27 03:45:50",175
"2019-04-27 04:45:49",175
"2019-04-27 05:45:53",175
"2019-04-27 06:45:58",175
"2019-04-27 07:45:49",175
"2019-04-27 08:45:49",175
"2019-04-27 09:45:55",175
"2019-04-27 10:45:53",175
"2019-04-27 11:45:47",175
"2019-04-27 12:45:49",175
"2019-04-27 13:45:55",175
"2019-04-27 14:45:50",175
"2019-04-27 15:45:48",175
"2019-04-27 16:45:52",175
"2019-04-27 17:46:00",175
"2019-04-27 18:45:52",175
"2019-04-27 19:45:47",175
"2019-04-27 20:45:52",175
"2019-04-27 21:45:54",175
"2019-04-27 22:45:49",175
"2019-04-27 23:45:49",175
"2019-04-28 00:45:50",175
"2019-04-28 01:45:52",175
"2019-04-28 02:45:51",175
"2019-04-28 03:45:50",175
"2019-04-28 04:46:00",175
"2019-04-28 05:45:50",175
"2019-04-28 06:45:49",175
"2019-04-28 07:45:48",175
"2019-04-28 08:45:54",175
"2019-04-28 09:45:49",175
"2019-04-28 10:45:54",175
"2019-04-28 11:45:53",175
"2019-04-28 12:45:48",175
"2019-04-28 13:45:49",175
"2019-04-28 14:45:56",175
"2019-04-28 15:45:50",175
"2019-04-28 16:45:49",175
"2019-04-28 17:45:51",175
"2019-04-28 18:45:51",175
"2019-04-28 20:45:50",175
"2019-04-28 21:45:51",175
"2019-04-28 22:45:50",175
"2019-04-28 23:45:52",175
"2019-04-29 00:45:58",175
"2019-04-29 01:45:48",175
"2019-04-29 02:45:48",175
"2019-04-29 03:45:51",175
"2019-04-29 04:45:57",175
"2019-04-29 05:45:50",175
"2019-04-29 06:45:49",175
"2019-04-29 07:45:51",175
"2019-04-29 08:45:56",175
"2019-04-29 09:45:54",175
"2019-04-29 10:45:49",175
"2019-04-29 11:45:50",175
"2019-04-29 12:45:58",175
"2019-04-29 13:45:49",175
"2019-04-29 14:45:58",176
"2019-04-29 15:45:49",175
"2019-04-29 16:45:54",175
"2019-04-29 17:45:52",175
"2019-04-29 18:45:52",174
"2019-04-29 19:45:55",174
"2019-04-29 20:46:04",174
"2019-04-29 21:45:51",174
"2019-04-29 22:45:49",174
"2019-04-29 23:45:53",174
"2019-04-30 00:45:50",174
"2019-04-30 01:45:56",174
"2019-04-30 02:45:58",174
"2019-04-30 03:46:00",174
"2019-04-30 04:45:54",174
"2019-04-30 05:45:55",174
"2019-04-30 06:45:53",174
"2019-04-30 07:45:53",174
"2019-04-30 08:45:56",174
"2019-04-30 09:46:00",174
"2019-04-30 10:45:56",174
"2019-04-30 11:45:53",174
"2019-04-30 13:09:57",175
"2019-04-30 13:45:56",175
"2019-04-30 14:45:57",174
"2019-04-30 15:45:57",175
"2019-04-30 16:45:57",175
"2019-04-30 17:46:04",175
"2019-04-30 18:45:54",176
"2019-04-30 19:45:58",178
"2019-04-30 20:45:53",178
"2019-04-30 21:45:54",178
"2019-04-30 22:45:50",178
"2019-04-30 23:45:58",178
"2019-05-01 00:45:50",178
"2019-05-01 01:46:02",178
"2019-05-01 02:45:55",178
"2019-05-01 03:46:05",178
"2019-05-01 04:46:02",178
"2019-05-01 05:45:58",178
"2019-05-01 06:45:51",178
"2019-05-01 07:45:58",178
"2019-05-01 08:45:56",178
"2019-05-01 09:45:57",178
"2019-05-01 10:45:51",178
"2019-05-01 11:45:55",178
"2019-05-01 13:09:56",178
"2019-05-01 13:45:58",178
"2019-05-01 14:45:48",179
"2019-05-01 15:45:59",179
"2019-05-01 16:45:54",179
"2019-05-01 17:45:50",179
"2019-05-01 18:45:58",179
"2019-05-01 19:46:03",182
"2019-05-01 20:46:01",183
"2019-05-01 21:45:56",183
"2019-05-01 22:46:00",183
"2019-05-01 23:46:00",183
"2019-05-02 00:46:03",183
"2019-05-02 01:45:55",183
"2019-05-02 02:46:04",183
"2019-05-02 03:45:57",183
"2019-05-02 04:46:05",183
"2019-05-02 05:46:06",183
"2019-05-02 06:46:04",183
"2019-05-02 07:46:00",183
"2019-05-02 08:46:00",183
"2019-05-02 09:45:55",183
"2019-05-02 10:46:02",183
"2019-05-02 11:45:54",183
"2019-05-02 13:46:08",183
"2019-05-02 14:45:55",182
"2019-05-02 15:45:56",181
"2019-05-02 16:46:04",182
"2019-05-02 17:45:56",182
"2019-05-02 18:45:57",182
"2019-05-02 19:46:06",182
"2019-05-02 20:45:57",182
"2019-05-02 21:46:01",182
"2019-05-02 22:46:09",182
"2019-05-02 23:45:54",182
"2019-05-03 00:45:56",182
"2019-05-03 01:46:10",182
"2019-05-03 02:45:58",182
"2019-05-03 03:46:07",182
"2019-05-03 04:45:57",182
"2019-05-03 05:46:18",182
"2019-05-03 06:46:01",182
"2019-05-03 07:46:02",182
"2019-05-03 08:46:03",182
"2019-05-03 09:46:00",182
"2019-05-03 10:46:06",182
"2019-05-03 11:46:00",182
"2019-05-03 13:09:12",181
"2019-05-03 13:46:17",181
"2019-05-03 14:46:08",181
"2019-05-03 15:46:05",181
"2019-05-03 16:46:03",181
"2019-05-03 17:46:06",182
"2019-05-03 18:46:16",182
"2019-05-03 19:46:11",182
"2019-05-03 20:45:57",182
"2019-05-03 21:46:12",182
"2019-05-03 22:45:59",182
"2019-05-03 23:46:08",182
"2019-05-04 00:46:02",182
"2019-05-04 01:46:06",182
"2019-05-04 02:46:11",182
"2019-05-04 03:46:14",182
"2019-05-04 04:46:07",182
"2019-05-04 05:46:04",182
"2019-05-04 06:46:06",182
"2019-05-04 07:46:06",182
"2019-05-04 08:45:57",182
"2019-05-04 09:46:01",182
"2019-05-04 10:45:56",182
"2019-05-04 11:46:03",182
"2019-05-04 12:46:06",182
"2019-05-04 13:46:07",182
"2019-05-04 14:45:58",182
"2019-05-04 15:45:59",182
"2019-05-04 16:46:02",182
"2019-05-04 17:45:57",182
"2019-05-04 18:45:59",182
"2019-05-04 19:46:01",182
"2019-05-04 20:45:56",182
"2019-05-04 21:45:58",182
"2019-05-04 22:46:01",182
"2019-05-04 23:46:04",182
"2019-05-05 00:46:00",182
"2019-05-05 01:46:06",182
"2019-05-05 02:45:59",182
"2019-05-05 03:46:04",182
"2019-05-05 04:46:04",182
"2019-05-05 05:46:06",182
"2019-05-05 06:46:05",182
"2019-05-05 07:45:59",182
"2019-05-05 08:45:54",182
"2019-05-05 09:45:55",182
"2019-05-05 10:45:58",182
"2019-05-05 11:46:01",182
"2019-05-05 12:45:58",182
"2019-05-05 13:46:00",182
"2019-05-05 14:46:00",182
"2019-05-05 15:45:58",182
"2019-05-05 16:45:57",182
"2019-05-05 17:46:07",182
"2019-05-05 18:45:58",182
"2019-05-05 19:45:56",182
"2019-05-05 20:45:58",182
"2019-05-05 21:45:59",182
"2019-05-05 22:46:01",182
"2019-05-05 23:46:02",182
"2019-05-06 00:45:57",182
"2019-05-06 01:45:56",182
"2019-05-06 02:45:57",182
"2019-05-06 03:46:03",182
"2019-05-06 04:45:55",182
"2019-05-06 05:45:54",182
"2019-05-06 06:45:55",182
"2019-05-06 07:46:00",182
"2019-05-06 08:45:56",182
"2019-05-06 09:45:52",182
"2019-05-06 10:45:59",182
"2019-05-06 11:46:00",182
"2019-05-06 13:11:17",183
"2019-05-06 13:46:19",183
"2019-05-06 14:46:17",183
"2019-05-06 15:45:55",183
"2019-05-06 16:46:00",183
"2019-05-06 17:37:51",183
"2019-05-06 17:45:55",183
"2019-05-06 18:45:59",183
"2019-05-06 19:46:00",182
"2019-05-06 20:45:53",182
"2019-05-06 21:45:52",182
"2019-05-06 22:45:57",182
"2019-05-06 23:45:51",182
"2019-05-07 00:45:54",182
"2019-05-07 01:46:07",182
"2019-05-07 02:45:54",182
"2019-05-07 03:45:57",182
"2019-05-07 04:45:57",182
"2019-05-07 05:45:54",182
"2019-05-07 06:45:51",182
"2019-05-07 07:45:53",182
"2019-05-07 08:45:49",182
"2019-05-07 09:45:56",182
"2019-05-07 10:45:53",182
"2019-05-07 11:45:50",182
"2019-05-07 12:45:59",182
"2019-05-07 13:45:58",182
"2019-05-07 14:45:52",182
"2019-05-07 15:45:50",182
"2019-05-07 16:45:59",182
"2019-05-07 17:45:58",182
"2019-05-07 18:45:57",182
"2019-05-07 19:45:59",182
"2019-05-07 20:45:54",182
"2019-05-07 21:45:52",182
"2019-05-07 22:45:53",182
"2019-05-07 23:45:58",182
"2019-05-08 00:45:53",182
"2019-05-08 01:45:54",182
"2019-05-08 02:45:54",182
"2019-05-08 03:46:00",182
"2019-05-08 04:45:55",182
"2019-05-08 05:45:56",182
"2019-05-08 06:45:55",182
"2019-05-08 07:45:53",182
"2019-05-08 08:45:52",182
"2019-05-08 09:46:03",182
"2019-05-08 10:45:52",182
"2019-05-08 11:45:57",182
"2019-05-08 13:10:00",182
"2019-05-08 13:45:56",182
"2019-05-08 14:46:01",182
"2019-05-08 15:45:59",182
"2019-05-08 16:45:57",182
"2019-05-08 17:45:59",182
"2019-05-08 18:46:06",182
"2019-05-08 19:45:56",182
"2019-05-08 20:45:53",181
"2019-05-08 21:45:56",181
"2019-05-08 22:45:54",181
"2019-05-08 23:46:08",181
"2019-05-09 00:45:55",181
"2019-05-09 01:45:57",181
"2019-05-09 02:46:00",181
"2019-05-09 03:46:06",181
"2019-05-09 04:46:06",181
"2019-05-09 05:45:56",181
"2019-05-09 06:46:02",181
"2019-05-09 07:45:59",181
"2019-05-09 08:45:58",181
"2019-05-09 09:46:06",181
"2019-05-09 10:45:56",181
"2019-05-09 11:46:01",181
"2019-05-09 13:09:30",181
"2019-05-09 13:45:57",181
"2019-05-09 14:45:59",182
"2019-05-09 15:46:00",180
"2019-05-09 16:45:57",179
"2019-05-09 17:46:05",179
"2019-05-09 18:45:56",179
"2019-05-09 19:45:58",179
"2019-05-09 20:45:56",179
"2019-05-09 21:45:53",179
"2019-05-09 22:46:06",179
"2019-05-09 23:45:53",179
"2019-05-10 00:45:57",179
"2019-05-10 01:46:00",179
"2019-05-10 02:46:12",179
"2019-05-10 03:45:55",179
"2019-05-10 04:46:07",179
"2019-05-10 05:45:55",179
"2019-05-10 06:46:28",179
"2019-05-10 07:45:54",179
"2019-05-10 08:46:01",179
"2019-05-10 09:45:55",179
"2019-05-10 10:45:57",179
"2019-05-10 11:45:55",179
"2019-05-10 12:46:05",179
"2019-05-10 13:45:56",179
"2019-05-10 14:46:01",179
"2019-05-10 15:45:56",179
"2019-05-10 16:45:56",179
"2019-05-10 17:45:57",179
"2019-05-10 18:46:05",179
"2019-05-10 19:45:57",179
"2019-05-10 20:45:55",179
"2019-05-10 21:45:56",179
"2019-05-10 22:46:02",179
"2019-05-10 23:46:00",179
"2019-05-11 00:46:09",179
"2019-05-11 01:45:55",179
"2019-05-11 02:46:07",179
"2019-05-11 03:45:56",179
"2019-05-11 04:45:56",179
"2019-05-11 05:46:10",179
"2019-05-11 06:45:53",179
"2019-05-11 07:45:53",179
"2019-05-11 08:46:02",179
"2019-05-11 09:45:53",179
"2019-05-11 10:46:07",179
"2019-05-11 11:45:55",179
"2019-05-11 12:45:55",179
"2019-05-11 13:46:01",179
"2019-05-11 14:45:55",179
"2019-05-11 15:45:58",179
"2019-05-11 16:46:09",179
"2019-05-11 17:45:56",179
"2019-05-11 18:45:59",179
"2019-05-11 19:45:58",179
"2019-05-11 20:45:56",179
"2019-05-11 21:46:02",179
"2019-05-11 22:46:00",179
"2019-05-11 23:45:57",179
"2019-05-12 00:45:55",179
"2019-05-12 01:45:56",179
"2019-05-12 02:45:57",179
"2019-05-12 03:46:06",179
"2019-05-12 04:45:56",179
"2019-05-12 05:45:58",179
"2019-05-12 06:45:55",179
"2019-05-12 07:46:02",179
"2019-05-12 08:45:54",179
"2019-05-12 09:45:59",179
"2019-05-12 10:45:54",179
"2019-05-12 11:45:53",179
"2019-05-12 12:45:53",179
"2019-05-12 13:46:00",179
"2019-05-12 14:45:54",179
"2019-05-12 15:45:55",179
"2019-05-12 16:45:58",179
"2019-05-12 17:46:03",179
"2019-05-12 18:45:55",179
"2019-05-12 19:45:55",179
"2019-05-12 20:45:54",179
"2019-05-12 21:45:53",179
"2019-05-12 22:46:04",179
"2019-05-12 23:45:54",179
"2019-05-13 00:45:57",179
"2019-05-13 01:45:52",179
"2019-05-13 02:45:53",179
"2019-05-13 03:46:00",179
"2019-05-13 04:45:52",179
"2019-05-13 05:45:51",179
"2019-05-13 06:45:59",179
"2019-05-13 07:45:50",179
"2019-05-13 08:45:54",179
"2019-05-13 09:45:54",179
"2019-05-13 10:46:00",179
"2019-05-13 11:45:55",179
"2019-05-13 13:09:29",179
"2019-05-13 13:45:54",179
"2019-05-13 14:45:54",179
"2019-05-13 15:46:02",179
"2019-05-13 16:45:54",179
"2019-05-13 17:45:54",179
"2019-05-13 18:45:56",179
"2019-05-13 19:45:59",179
"2019-05-13 20:45:52",180
"2019-05-13 21:45:55",180
"2019-05-13 22:45:53",180
"2019-05-13 23:45:54",180
"2019-05-14 00:46:18",180
"2019-05-14 01:45:53",180
"2019-05-14 02:45:56",180
"2019-05-14 03:46:03",180
"2019-05-14 04:45:54",180
"2019-05-14 05:45:53",180
"2019-05-14 06:46:03",180
"2019-05-14 07:45:55",180
"2019-05-14 08:45:55",180
"2019-05-14 09:46:02",180
"2019-05-14 10:45:53",180
"2019-05-14 11:45:53",180
"2019-05-14 13:09:02",180
"2019-05-14 13:45:58",180
"2019-05-14 14:45:55",179
"2019-05-14 15:45:59",179
"2019-05-14 16:45:56",180
"2019-05-14 17:46:00",180
"2019-05-14 18:45:56",180
"2019-05-14 19:45:52",180
"2019-05-14 20:45:53",180
"2019-05-14 21:45:52",180
"2019-05-14 22:46:01",180
"2019-05-14 23:45:56",180
"2019-05-15 00:45:54",180
"2019-05-15 01:45:56",180
"2019-05-15 02:45:55",180
"2019-05-15 03:46:01",180
"2019-05-15 04:45:57",180
"2019-05-15 05:45:58",180
"2019-05-15 06:46:00",180
"2019-05-15 07:45:56",180
"2019-05-15 08:45:58",180
"2019-05-15 09:46:04",180
"2019-05-15 10:46:06",180
"2019-05-15 11:45:54",180
"2019-05-15 13:10:01",180
"2019-05-15 13:45:56",180
"2019-05-15 14:45:58",180
"2019-05-15 15:45:54",180
"2019-05-15 16:46:04",183
"2019-05-15 17:45:57",182
"2019-05-15 18:46:02",184
"2019-05-15 19:45:57",185
"2019-05-15 20:45:58",185
"2019-05-15 21:45:59",185
"2019-05-15 22:45:55",185
"2019-05-15 23:45:55",185
"2019-05-16 00:45:54",185
"2019-05-16 01:46:06",185
"2019-05-16 02:46:00",185
"2019-05-16 03:45:54",185
"2019-05-16 04:45:56",185
"2019-05-16 05:46:02",185
"2019-05-16 06:45:58",185
"2019-05-16 07:46:05",185
"2019-05-16 08:46:04",185
"2019-05-16 09:46:04",185
"2019-05-16 10:46:22",185
"2019-05-16 11:45:59",185
"2019-05-16 13:09:06",185
"2019-05-16 13:46:15",185
"2019-05-16 14:45:58",185
"2019-05-16 15:45:58",184
"2019-05-16 16:46:05",184
"2019-05-16 17:45:58",184
"2019-05-16 18:46:02",183
"2019-05-16 19:46:02",183
"2019-05-16 20:45:57",183
"2019-05-16 21:46:03",183
"2019-05-16 22:46:05",183
"2019-05-16 23:46:02",183
"2019-05-17 00:46:14",183
"2019-05-17 01:46:05",183
"2019-05-17 02:45:59",183
"2019-05-17 03:45:57",183
"2019-05-17 04:45:58",183
"2019-05-17 05:46:00",183
"2019-05-17 06:46:07",183
"2019-05-17 07:46:00",183
"2019-05-17 08:46:09",183
"2019-05-17 09:46:07",183
"2019-05-17 10:45:58",183
"2019-05-17 11:46:05",183
"2019-05-17 13:10:35",183
"2019-05-17 13:46:17",183
"2019-05-17 14:46:01",182
"2019-05-17 15:45:57",182
"2019-05-17 16:46:03",182
"2019-05-17 17:45:58",182
"2019-05-17 18:45:58",182
"2019-05-17 19:46:05",182
"2019-05-17 20:45:57",182
"2019-05-17 21:45:58",182
"2019-05-17 22:45:58",182
"2019-05-17 23:45:58",182
"2019-05-18 00:45:57",182
"2019-05-18 01:46:02",182
"2019-05-18 02:46:01",182
"2019-05-18 04:45:54",182
"2019-05-18 05:45:47",182
"2019-05-18 06:45:52",182
"2019-05-18 07:45:48",182
"2019-05-18 08:45:49",182
"2019-05-18 09:45:48",182
"2019-05-18 10:45:47",182
"2019-05-18 11:45:53",182
"2019-05-18 12:45:48",182
"2019-05-18 13:45:51",182
"2019-05-18 14:45:48",182
"2019-05-18 15:45:54",182
"2019-05-18 16:45:48",182
"2019-05-18 17:45:50",182
"2019-05-18 18:45:47",182
"2019-05-18 19:45:48",182
"2019-05-18 20:45:48",182
"2019-05-18 21:45:49",182
"2019-05-18 22:45:48",182
"2019-05-18 23:45:47",182
"2019-05-19 00:45:46",182
"2019-05-19 01:45:47",182
"2019-05-19 02:45:47",182
"2019-05-19 03:45:46",182
"2019-05-19 04:45:51",182
"2019-05-19 05:45:47",182
"2019-05-19 06:45:47",182
"2019-05-19 07:45:47",182
"2019-05-19 08:45:46",182
"2019-05-19 09:45:46",182
"2019-05-19 10:45:46",182
"2019-05-19 11:45:49",182
"2019-05-19 12:45:50",182
"2019-05-19 13:45:50",182
"2019-05-19 14:45:47",182
"2019-05-19 15:45:47",182
"2019-05-19 16:45:50",182
"2019-05-19 17:45:49",182
"2019-05-19 18:45:47",182
"2019-05-19 19:45:48",182
"2019-05-19 20:45:50",182
"2019-05-19 21:45:49",182
"2019-05-19 22:45:47",182
"2019-05-19 23:45:49",182
"2019-05-20 00:45:49",182
"2019-05-20 01:45:49",182
"2019-05-20 02:45:52",182
"2019-05-20 03:45:49",182
"2019-05-20 04:45:51",182
"2019-05-20 05:45:49",182
"2019-05-20 06:45:49",182
"2019-05-20 07:45:50",182
"2019-05-20 08:45:49",182
"2019-05-20 09:45:50",182
"2019-05-20 10:45:48",182
"2019-05-20 11:45:50",182
"2019-05-20 12:45:54",182
"2019-05-20 13:45:51",182
"2019-05-20 14:45:49",182
"2019-05-20 15:45:47",182
"2019-05-20 16:45:50",182
"2019-05-20 17:45:48",182
"2019-05-20 18:45:46",182
"2019-05-20 19:45:47",182
"2019-05-20 20:45:47",182
"2019-05-20 21:45:47",182
"2019-05-20 22:45:48",182
"2019-05-20 23:45:54",182
"2019-05-21 00:45:48",182
"2019-05-21 01:45:50",182
"2019-05-21 02:45:48",182
"2019-05-21 03:45:48",182
"2019-05-21 04:45:51",182
"2019-05-21 05:45:48",182
"2019-05-21 06:45:46",182
"2019-05-21 07:45:50",182
"2019-05-21 08:45:48",182
"2019-05-21 09:45:45",182
"2019-05-21 10:45:49",182
"2019-05-21 11:45:47",182
"2019-05-21 13:09:51",182
"2019-05-21 13:45:48",182
"2019-05-21 14:45:50",182
"2019-05-21 15:45:47",182
"2019-05-21 16:45:46",182
"2019-05-21 17:45:47",182
"2019-05-21 18:45:48",182
"2019-05-21 19:45:49",182
"2019-05-21 20:45:48",182
"2019-05-21 21:45:47",182
"2019-05-21 22:45:52",182
"2019-05-21 23:45:49",182
"2019-05-22 00:45:47",182
"2019-05-22 01:45:48",182
"2019-05-22 02:45:47",182
"2019-05-22 03:45:47",182
"2019-05-22 04:45:51",182
"2019-05-22 05:45:48",182
"2019-05-22 06:45:47",182
"2019-05-22 07:45:49",182
"2019-05-22 08:45:55",182
"2019-05-22 09:45:55",182
"2019-05-22 10:45:47",182
"2019-05-22 11:45:49",182
"2019-05-22 12:45:49",182
"2019-05-22 13:45:49",182
"2019-05-22 14:45:48",182
"2019-05-22 15:45:53",182
"2019-05-22 16:45:50",182
"2019-05-22 17:45:47",182
"2019-05-22 18:45:48",182
"2019-05-22 19:45:46",182
"2019-05-22 20:45:46",181
"2019-05-22 21:45:48",181
"2019-05-22 22:45:46",181
"2019-05-22 23:45:46",181
"2019-05-23 00:45:49",181
"2019-05-23 01:45:47",181
"2019-05-23 02:45:50",181
"2019-05-23 03:45:49",181
"2019-05-23 04:45:52",181
"2019-05-23 05:45:49",181
"2019-05-23 06:45:48",181
"2019-05-23 07:45:50",181
"2019-05-23 08:45:49",181
"2019-05-23 09:45:48",181
"2019-05-23 10:45:49",181
"2019-05-23 11:45:47",181
"2019-05-23 12:45:53",181
"2019-05-23 13:45:49",181
"2019-05-23 14:45:50",181
"2019-05-23 15:45:48",181
"2019-05-23 16:45:48",181
"2019-05-23 17:45:49",181
"2019-05-23 18:45:48",181
"2019-05-23 19:45:52",181
"2019-05-23 20:45:50",181
"2019-05-23 21:45:49",181
"2019-05-23 22:45:48",181
"2019-05-23 23:45:50",181
"2019-05-24 00:45:50",181
"2019-05-24 01:45:50",181
"2019-05-24 02:45:48",181
"2019-05-24 03:45:48",181
"2019-05-24 04:45:49",181
"2019-05-24 05:45:53",181
"2019-05-24 06:45:48",181
"2019-05-24 07:45:47",181
"2019-05-24 08:45:49",181
"2019-05-24 09:45:50",181
"2019-05-24 10:45:52",181
"2019-05-24 11:45:49",181
"2019-05-24 13:09:52",181
"2019-05-24 13:45:48",181
"2019-05-24 14:45:48",181
"2019-05-24 15:45:48",180
"2019-05-24 16:45:47",180
"2019-05-24 17:45:49",180
"2019-05-24 18:45:51",180
"2019-05-24 19:45:49",180
"2019-05-24 20:45:51",180
"2019-05-24 21:45:54",180
"2019-05-24 22:45:51",180
"2019-05-24 23:45:55",180
"2019-05-25 00:45:51",180
"2019-05-25 01:45:49",180
"2019-05-25 04:45:52",180
"2019-05-26 04:45:54",180
"2019-05-26 05:45:51",180
"2019-05-26 06:45:50",180
"2019-05-26 07:45:52",180
"2019-05-26 08:45:48",180
"2019-05-26 09:45:49",180
"2019-05-26 10:45:50",180
"2019-05-26 11:45:51",180
"2019-05-26 12:45:49",180
"2019-05-26 13:45:48",180
"2019-05-26 14:45:51",180
"2019-05-26 15:45:48",180
"2019-05-26 16:45:49",180
"2019-05-26 17:45:53",180
"2019-05-26 18:45:50",180
"2019-05-26 19:46:36",180
"2019-05-26 20:45:48",180
"2019-05-26 21:45:50",180
"2019-05-26 22:45:50",180
"2019-05-26 23:45:48",180
"2019-05-27 00:45:48",180
"2019-05-27 01:45:50",180
"2019-05-27 02:45:50",180
"2019-05-27 03:45:51",180
"2019-05-27 04:45:52",180
"2019-05-27 05:45:50",180
"2019-05-27 06:45:50",180
"2019-05-27 07:45:56",180
"2019-05-27 08:45:55",180
"2019-05-27 09:45:55",180
"2019-05-27 10:45:52",180
"2019-05-27 11:45:48",180
"2019-05-27 12:45:48",180
"2019-05-27 13:45:50",180
"2019-05-27 14:45:49",180
"2019-05-27 15:45:50",180
"2019-05-27 16:45:49",180
"2019-05-27 17:45:54",180
"2019-05-27 18:45:49",180
"2019-05-27 19:45:48",180
"2019-05-27 20:45:48",180
"2019-05-27 21:45:48",180
"2019-05-27 22:45:47",180
"2019-05-27 23:45:48",180
"2019-05-28 00:45:48",180
"2019-05-28 01:45:50",180
"2019-05-28 02:45:52",180
"2019-05-28 03:45:50",180
"2019-05-28 04:45:50",180
"2019-05-28 05:45:50",180
"2019-05-28 06:45:55",180
"2019-05-28 07:45:52",180
"2019-05-28 08:45:49",180
"2019-05-28 09:45:52",180
"2019-05-28 10:45:49",180
"2019-05-28 11:45:49",180
"2019-05-28 12:45:49",180
"2019-05-28 13:45:51",180
"2019-05-28 14:45:51",180
"2019-05-28 15:45:50",180
"2019-05-28 16:45:50",181
"2019-05-28 17:45:54",181
"2019-05-28 18:45:51",181
"2019-05-28 19:45:49",181
"2019-05-28 20:45:50",181
"2019-05-28 21:45:50",181
"2019-05-28 22:45:51",181
"2019-05-28 23:45:51",181
"2019-05-29 00:45:52",181
"2019-05-29 01:45:50",181
"2019-05-29 02:45:50",181
"2019-05-29 03:45:49",181
"2019-05-29 04:45:49",181
"2019-05-29 05:45:52",181
"2019-05-29 06:45:50",181
"2019-05-29 07:45:53",181
"2019-05-29 08:45:49",181
"2019-05-29 09:45:58",181
"2019-05-29 10:45:50",181
"2019-05-29 11:45:48",181
"2019-05-29 13:08:54",181
"2019-05-29 13:45:51",181
"2019-05-29 14:45:52",181
"2019-05-29 15:45:50",180
"2019-05-29 16:45:49",180
"2019-05-29 17:45:50",181
"2019-05-29 18:45:50",181
"2019-05-29 19:45:53",181
"2019-05-29 20:45:48",181
"2019-05-29 21:45:51",181
"2019-05-29 22:45:50",181
"2019-05-29 23:45:52",181
"2019-05-30 00:45:49",181
"2019-05-30 01:45:51",181
"2019-05-30 02:45:52",181
"2019-05-30 03:45:51",181
"2019-05-30 04:45:51",181
"2019-05-30 05:45:52",181
"2019-05-30 06:45:49",181
"2019-05-30 07:45:49",181
"2019-05-30 08:45:57",181
"2019-05-30 09:45:50",181
"2019-05-30 10:45:48",181
"2019-05-30 11:45:50",181
"2019-05-30 12:45:54",181
"2019-05-30 13:45:48",181
"2019-05-30 14:45:52",181
"2019-05-30 15:45:51",182
"2019-05-30 16:45:49",182
"2019-05-30 17:45:51",182
"2019-05-30 18:45:50",182
"2019-05-30 19:45:50",182
"2019-05-30 20:45:49",182
"2019-05-30 21:45:49",182
"2019-05-30 22:45:52",182
"2019-05-30 23:45:49",182
"2019-05-31 00:45:49",182
"2019-05-31 01:45:50",182
"2019-05-31 02:45:48",182
"2019-05-31 03:45:49",182
"2019-05-31 04:45:49",182
"2019-05-31 05:45:49",182
"2019-05-31 06:45:51",182
"2019-05-31 07:45:48",182
"2019-05-31 08:45:50",182
"2019-05-31 09:45:51",182
"2019-05-31 10:45:50",182
"2019-05-31 11:45:49",182
"2019-05-31 12:46:35",182
"2019-05-31 13:45:52",182
"2019-05-31 14:45:50",181
"2019-05-31 15:45:51",181
"2019-05-31 16:45:50",181
"2019-05-31 17:45:54",181
"2019-05-31 18:45:49",181
"2019-05-31 19:45:48",181
"2019-05-31 20:45:49",182
"2019-05-31 21:45:50",182
"2019-05-31 22:45:47",182
"2019-05-31 23:45:49",182
"2019-06-01 00:45:49",182
"2019-06-01 01:45:49",182
"2019-06-01 02:45:49",182
"2019-06-01 03:45:49",182
"2019-06-01 04:45:49",182
"2019-06-01 05:45:49",182
"2019-06-01 06:45:54",182
"2019-06-01 07:45:48",182
"2019-06-01 08:45:51",182
"2019-06-01 09:45:49",182
"2019-06-01 10:45:51",182
"2019-06-01 11:45:49",182
"2019-06-01 12:45:49",182
"2019-06-01 13:45:48",182
"2019-06-01 14:45:55",182
"2019-06-01 15:45:51",182
"2019-06-01 16:45:49",182
"2019-06-01 17:45:51",182
"2019-06-01 18:45:49",182
"2019-06-01 19:45:51",182
"2019-06-01 20:45:48",182
"2019-06-01 21:45:51",182
"2019-06-01 22:45:50",182
"2019-06-01 23:45:51",182
"2019-06-02 00:45:52",182
"2019-06-02 01:45:56",182
"2019-06-02 02:45:51",182
"2019-06-02 03:45:50",182
"2019-06-02 04:45:50",182
"2019-06-02 05:45:55",182
"2019-06-02 06:45:50",182
"2019-06-02 07:45:49",182
"2019-06-02 08:45:49",182
"2019-06-02 09:45:49",182
"2019-06-02 10:45:49",182
"2019-06-02 11:45:48",182
"2019-06-02 12:45:54",182
"2019-06-02 13:45:50",182
"2019-06-02 14:45:52",182
"2019-06-02 15:45:47",182
"2019-06-02 16:45:48",182
"2019-06-02 17:45:50",182
"2019-06-02 18:45:51",182
"2019-06-02 19:45:50",182
"2019-06-02 20:45:49",182
"2019-06-02 21:45:50",182
"2019-06-02 22:45:50",182
"2019-06-02 23:45:49",182
"2019-06-03 00:45:49",182
"2019-06-03 01:45:53",182
"2019-06-03 02:45:50",182
"2019-06-03 03:45:49",182
"2019-06-03 04:45:48",182
"2019-06-03 05:45:48",182
"2019-06-03 06:45:49",182
"2019-06-03 07:45:48",182
"2019-06-03 08:45:50",182
"2019-06-03 09:45:49",182
"2019-06-03 10:45:51",182
"2019-06-03 11:45:51",182
"2019-06-03 12:45:47",182
"2019-06-03 13:45:52",182
"2019-06-03 14:45:52",183
"2019-06-03 15:45:50",184
"2019-06-03 16:45:49",184
"2019-06-03 17:45:49",184
"2019-06-03 18:45:51",184
"2019-06-03 19:45:52",184
"2019-06-03 20:45:49",184
"2019-06-03 21:45:51",184
"2019-06-03 22:45:50",184
"2019-06-03 23:45:54",184
"2019-06-04 00:45:49",184
"2019-06-04 01:45:51",184
"2019-06-04 02:45:51",184
"2019-06-04 03:46:39",184
"2019-06-04 04:45:51",184
"2019-06-04 05:45:49",184
"2019-06-04 06:45:49",184
"2019-06-04 07:45:48",184
"2019-06-04 08:45:54",184
"2019-06-04 09:45:49",184
"2019-06-04 10:45:51",184
"2019-06-04 11:45:49",184
"2019-06-04 13:08:23",184
"2019-06-04 13:45:50",184
"2019-06-04 14:45:55",184
"2019-06-04 15:45:50",184
"2019-06-04 16:45:51",184
"2019-06-04 17:45:53",182
"2019-06-04 18:45:50",182
"2019-06-04 19:45:50",182
"2019-06-04 20:45:51",182
"2019-06-04 21:45:48",182
"2019-06-04 22:45:50",182
"2019-06-04 23:45:54",182
"2019-06-05 00:45:49",182
"2019-06-05 01:45:51",182
"2019-06-05 02:45:53",182
"2019-06-05 03:45:52",182
"2019-06-05 04:45:55",182
"2019-06-05 05:45:49",182
"2019-06-05 06:45:49",182
"2019-06-05 07:45:50",182
"2019-06-05 08:45:57",182
"2019-06-05 09:45:50",182
"2019-06-05 10:45:49",182
"2019-06-05 11:45:55",182
"2019-06-05 13:09:54",182
"2019-06-05 13:45:49",182
"2019-06-05 14:45:48",182
"2019-06-05 15:45:50",182
"2019-06-05 16:45:50",182
"2019-06-05 17:45:50",182
"2019-06-05 18:45:49",182
"2019-06-05 19:45:54",182
"2019-06-05 20:45:50",182
"2019-06-05 21:45:49",182
"2019-06-05 22:45:50",182
"2019-06-05 23:45:50",182
"2019-06-06 00:45:49",182
"2019-06-06 01:45:48",182
"2019-06-06 02:45:50",182
"2019-06-06 03:45:50",182
"2019-06-06 04:45:57",182
"2019-06-06 05:45:50",182
"2019-06-06 06:45:52",182
"2019-06-06 07:45:49",182
"2019-06-06 08:45:58",182
"2019-06-06 09:45:53",182
"2019-06-06 10:45:57",182
"2019-06-06 11:45:49",182
"2019-06-06 13:09:53",182
"2019-06-06 13:45:50",182
"2019-06-06 14:45:50",182
"2019-06-06 15:45:53",182
"2019-06-06 16:45:50",183
"2019-06-06 17:45:52",183
"2019-06-06 18:45:54",183
"2019-06-06 19:45:53",184
"2019-06-06 20:45:49",185
"2019-06-06 21:45:51",185
"2019-06-06 22:45:49",185
"2019-06-06 23:45:48",185
"2019-06-07 00:45:53",185
"2019-06-07 01:45:51",185
"2019-06-07 02:45:53",185
"2019-06-07 03:45:51",185
"2019-06-07 04:45:55",185
"2019-06-07 05:45:49",185
"2019-06-07 06:45:54",185
"2019-06-07 07:45:51",185
"2019-06-07 08:45:52",185
"2019-06-07 09:45:54",185
"2019-06-07 10:45:50",185
"2019-06-07 11:45:51",185
"2019-06-07 13:09:57",185
"2019-06-07 13:45:54",185
"2019-06-07 14:45:53",186
"2019-06-07 15:45:52",189
"2019-06-07 16:45:51",192
"2019-06-07 17:45:50",194
"2019-06-07 18:45:51",195
"2019-06-07 19:45:49",194
"2019-06-07 20:45:50",194
"2019-06-07 21:45:52",194
"2019-06-07 22:45:48",194
"2019-06-07 23:45:55",194
"2019-06-08 00:45:51",194
"2019-06-08 01:45:56",194
"2019-06-08 02:45:53",194
"2019-06-08 03:45:56",194
"2019-06-08 04:45:52",194
"2019-06-08 05:45:59",194
"2019-06-08 06:45:54",194
"2019-06-08 07:45:56",194
"2019-06-08 08:45:51",194
"2019-06-08 09:45:52",194
"2019-06-08 10:45:53",194
"2019-06-08 11:45:52",194
"2019-06-08 12:45:51",194
"2019-06-08 13:45:50",194
"2019-06-08 14:45:48",194
"2019-06-08 15:45:53",194
"2019-06-08 16:45:52",194
"2019-06-08 17:45:51",194
"2019-06-08 18:45:52",194
"2019-06-08 19:45:49",194
"2019-06-08 20:45:51",194
"2019-06-08 21:45:49",194
"2019-06-08 22:45:50",194
"2019-06-08 23:45:54",194
"2019-06-09 00:45:49",194
"2019-06-09 01:45:50",194
"2019-06-09 02:45:57",194
"2019-06-09 03:45:58",194
"2019-06-09 04:45:50",194
"2019-06-09 05:45:55",194
"2019-06-09 06:45:49",194
"2019-06-09 07:45:55",194
"2019-06-09 08:45:50",194
"2019-06-09 09:45:52",194
"2019-06-09 10:45:51",194
"2019-06-09 11:45:51",194
"2019-06-09 12:45:53",194
"2019-06-09 13:45:51",194
"2019-06-09 14:45:50",194
"2019-06-09 15:45:53",194
"2019-06-09 16:45:51",194
"2019-06-09 17:45:54",194
"2019-06-09 18:45:50",194
"2019-06-09 19:45:51",194
"2019-06-09 20:45:50",194
"2019-06-09 21:45:51",194
"2019-06-09 22:45:56",194
"2019-06-09 23:45:52",194
"2019-06-10 00:45:51",194
"2019-06-10 01:45:55",194
"2019-06-10 02:45:50",194
"2019-06-10 03:45:55",194
"2019-06-10 04:45:52",194
"2019-06-10 05:45:54",194
"2019-06-10 06:45:50",194
"2019-06-10 07:45:56",194
"2019-06-10 08:45:50",194
"2019-06-10 09:45:50",194
"2019-06-10 10:45:57",194
"2019-06-10 11:45:53",194
"2019-06-10 12:46:00",194
"2019-06-10 13:45:57",192
"2019-06-10 14:45:52",190
"2019-06-10 15:45:54",189
"2019-06-10 16:45:56",189
"2019-06-10 17:45:54",189
"2019-06-10 18:45:56",189
"2019-06-10 19:45:55",190
"2019-06-10 20:45:53",190
"2019-06-10 21:45:53",190
"2019-06-10 22:45:55",190
"2019-06-10 23:45:55",190
"2019-06-11 00:45:55",190
"2019-06-11 01:45:58",190
"2019-06-11 02:45:56",190
"2019-06-11 03:45:55",190
"2019-06-11 04:45:54",190
"2019-06-11 05:45:55",190
"2019-06-11 06:45:54",190
"2019-06-11 07:45:53",190
"2019-06-11 08:45:53",190
"2019-06-11 09:45:56",190
"2019-06-11 10:45:54",190
"2019-06-11 11:45:56",190
"2019-06-11 13:09:30",190
"2019-06-11 13:45:59",190
"2019-06-11 14:45:54",189
"2019-06-11 15:45:54",189
"2019-06-11 16:45:59",189
"2019-06-11 17:45:54",189
"2019-06-11 18:45:57",189
"2019-06-11 19:45:54",189
"2019-06-11 20:45:56",189
"2019-06-11 21:45:54",189
"2019-06-11 22:45:54",189
"2019-06-11 23:45:52",189
"2019-06-12 00:45:58",189
"2019-06-12 01:45:57",189
"2019-06-12 02:45:57",189
"2019-06-12 03:46:01",189
"2019-06-12 04:45:57",189
"2019-06-12 05:45:56",189
"2019-06-12 06:45:56",189
"2019-06-12 07:45:59",189
"2019-06-12 08:45:57",189
"2019-06-12 09:46:01",189
"2019-06-12 10:45:57",189
"2019-06-12 11:45:59",189
"2019-06-12 13:09:01",189
"2019-06-12 13:45:55",189
"2019-06-12 14:45:55",189
"2019-06-12 15:45:57",190
"2019-06-12 16:45:56",193
"2019-06-12 17:45:54",193
"2019-06-12 18:45:56",193
"2019-06-12 19:46:00",192
"2019-06-12 20:45:58",195
"2019-06-12 21:45:57",195
"2019-06-12 22:45:54",195
"2019-06-12 23:45:54",195
"2019-06-13 00:45:55",195
"2019-06-13 01:45:58",195
"2019-06-13 02:46:13",195
"2019-06-13 03:45:54",195
"2019-06-13 04:45:56",195
"2019-06-13 05:46:00",195
"2019-06-13 06:45:56",195
"2019-06-13 07:45:52",195
"2019-06-13 08:45:53",195
"2019-06-13 09:45:54",195
"2019-06-13 10:46:00",195
"2019-06-13 11:45:52",195
"2019-06-13 13:09:57",195
"2019-06-13 13:45:58",195
"2019-06-13 14:45:57",192
"2019-06-13 15:45:58",191
"2019-06-13 16:45:58",191
"2019-06-13 17:45:55",191
"2019-06-13 18:45:54",191
"2019-06-13 19:45:56",191
"2019-06-13 20:45:51",192
"2019-06-13 21:45:53",192
"2019-06-13 22:45:55",192
"2019-06-13 23:45:55",192
"2019-06-14 00:45:55",192
"2019-06-14 01:45:57",192
"2019-06-14 02:45:59",192
"2019-06-14 03:45:56",192
"2019-06-14 04:45:55",192
"2019-06-14 05:45:56",192
"2019-06-14 06:46:03",192
"2019-06-14 07:45:58",192
"2019-06-14 08:45:57",192
"2019-06-14 09:45:55",192
"2019-06-14 10:45:59",192
"2019-06-14 11:45:58",192
"2019-06-14 12:45:58",192
"2019-06-14 13:45:55",192
"2019-06-14 14:45:58",192
"2019-06-14 15:45:59",192
"2019-06-14 16:45:59",192
"2019-06-14 17:45:56",192
"2019-06-14 18:45:56",192
"2019-06-14 19:45:56",190
"2019-06-14 20:45:55",190
"2019-06-14 21:45:58",190
"2019-06-14 22:45:55",190
"2019-06-14 23:45:57",190
"2019-06-15 00:45:59",190
"2019-06-15 01:45:59",190
"2019-06-15 02:45:56",190
"2019-06-15 03:45:56",190
"2019-06-15 04:45:57",190
"2019-06-15 05:45:59",190
"2019-06-15 06:45:56",190
"2019-06-15 07:45:58",190
"2019-06-15 08:45:57",190
"2019-06-15 09:45:56",190
"2019-06-15 10:45:59",190
"2019-06-15 11:45:57",190
"2019-06-15 12:46:00",190
"2019-06-15 13:46:04",190
"2019-06-15 14:45:56",190
"2019-06-15 15:45:55",190
"2019-06-15 16:45:57",190
"2019-06-15 17:45:56",190
"2019-06-15 18:45:59",190
"2019-06-15 19:45:57",190
"2019-06-15 20:45:57",190
"2019-06-15 21:46:03",190
"2019-06-15 22:46:04",190
"2019-06-15 23:45:57",190
"2019-06-16 00:45:57",190
"2019-06-16 01:46:02",190
"2019-06-16 02:45:59",190
"2019-06-16 03:45:57",190
"2019-06-16 04:46:02",190
"2019-06-16 05:45:58",190
"2019-06-16 06:46:00",190
"2019-06-16 07:46:03",190
"2019-06-16 08:45:57",190
"2019-06-16 09:45:55",190
"2019-06-16 10:45:54",190
"2019-06-16 11:45:54",190
"2019-06-16 12:45:57",190
"2019-06-16 13:45:54",190
"2019-06-16 14:45:58",190
"2019-06-16 15:45:58",190
"2019-06-16 16:46:00",190
"2019-06-16 17:46:00",190
"2019-06-16 18:46:00",190
"2019-06-16 19:45:57",190
"2019-06-16 20:45:56",190
"2019-06-16 21:46:00",190
"2019-06-16 22:45:58",190
"2019-06-16 23:46:00",190
"2019-06-17 00:45:57",190
"2019-06-17 01:45:57",190
"2019-06-17 02:46:02",190
"2019-06-17 03:46:03",190
"2019-06-17 04:46:00",190
"2019-06-17 05:45:58",190
"2019-06-17 06:45:56",190
"2019-06-17 07:45:55",190
"2019-06-17 08:45:57",190
"2019-06-17 09:45:56",190
"2019-06-17 10:45:58",190
"2019-06-17 11:45:58",190
"2019-06-17 13:10:30",190
"2019-06-17 13:45:56",190
"2019-06-17 14:45:58",191
"2019-06-17 15:46:00",191
"2019-06-17 16:46:10",191
"2019-06-17 17:46:01",191
"2019-06-17 18:46:03",191
"2019-06-17 19:45:58",191
"2019-06-17 20:46:00",192
"2019-06-17 21:45:56",192
"2019-06-17 22:45:58",192
"2019-06-17 23:45:55",192
"2019-06-18 00:45:56",192
"2019-06-18 01:45:55",192
"2019-06-18 02:46:10",192
"2019-06-18 03:45:58",192
"2019-06-18 04:45:58",192
"2019-06-18 05:45:59",192
"2019-06-18 06:45:57",192
"2019-06-18 07:45:58",192
"2019-06-18 08:46:08",192
"2019-06-18 09:45:54",192
"2019-06-18 10:45:55",192
"2019-06-18 11:45:56",192
"2019-06-18 13:08:29",192
"2019-06-18 13:45:58",192
"2019-06-18 14:45:56",193
"2019-06-18 15:45:56",191
"2019-06-18 16:45:57",192
"2019-06-18 17:45:55",192
"2019-06-18 18:46:01",191
"2019-06-18 19:46:02",191
"2019-06-18 20:45:55",192
"2019-06-18 21:45:56",192
"2019-06-18 22:45:56",192
"2019-06-18 23:45:57",192
"2019-06-19 00:45:56",192
"2019-06-19 01:45:59",192
"2019-06-19 02:46:01",192
"2019-06-19 03:46:00",192
"2019-06-19 04:45:56",192
"2019-06-19 05:46:18",192
"2019-06-19 06:46:15",192
"2019-06-19 07:46:02",192
"2019-06-19 08:46:04",192
"2019-06-19 09:45:56",192
"2019-06-19 10:46:01",192
"2019-06-19 11:45:59",192
"2019-06-19 13:08:33",192
"2019-06-19 13:45:59",192
"2019-06-19 14:45:59",190
"2019-06-19 15:45:57",189
"2019-06-19 16:46:11",189
"2019-06-19 17:45:59",189
"2019-06-19 18:45:56",189
"2019-06-19 19:46:00",191
"2019-06-19 20:45:58",192
"2019-06-19 21:45:58",192
"2019-06-19 22:45:57",192
"2019-06-19 23:45:57",192
"2019-06-20 00:45:58",192
"2019-06-20 01:45:55",192
"2019-06-20 02:45:55",192
"2019-06-20 03:45:56",192
"2019-06-20 04:45:57",192
"2019-06-20 05:45:55",192
"2019-06-20 06:45:54",192
"2019-06-20 07:45:55",192
"2019-06-20 08:45:55",192
"2019-06-20 09:45:59",192
"2019-06-20 10:45:56",192
"2019-06-20 11:45:54",192
"2019-06-20 13:10:11",192
"2019-06-20 13:46:00",192
"2019-06-20 14:45:57",190
"2019-06-20 15:45:58",192
"2019-06-20 16:45:58",192
"2019-06-20 17:45:59",192
"2019-06-20 18:45:56",192
"2019-06-20 19:45:57",192
"2019-06-20 20:46:14",191
"2019-06-20 21:45:58",191
"2019-06-20 22:45:56",192
"2019-06-20 23:45:57",192
"2019-06-21 00:45:57",192
"2019-06-21 01:45:58",192
"2019-06-21 02:45:59",192
"2019-06-21 03:45:57",192
"2019-06-21 04:45:59",192
"2019-06-21 05:45:59",192
"2019-06-21 06:45:59",192
"2019-06-21 07:46:00",192
"2019-06-21 08:45:58",192
"2019-06-21 09:45:58",192
"2019-06-21 10:45:56",192
"2019-06-21 11:45:55",192
"2019-06-21 12:45:57",192
"2019-06-21 13:45:58",192
"2019-06-21 14:45:57",193
"2019-06-21 15:45:57",193
"2019-06-21 16:45:58",191
"2019-06-21 17:45:57",190
"2019-06-21 18:45:58",190
"2019-06-21 19:45:55",189
"2019-06-21 20:45:57",190
"2019-06-21 21:45:56",190
"2019-06-21 22:45:57",190
"2019-06-21 23:46:26",190
"2019-06-22 00:45:57",190
"2019-06-22 01:46:02",190
"2019-06-22 02:46:00",190
"2019-06-22 03:45:55",190
"2019-06-22 04:45:57",190
"2019-06-22 05:45:59",190
"2019-06-22 06:46:00",190
"2019-06-22 07:45:57",190
"2019-06-22 08:45:59",190
"2019-06-22 09:46:00",190
"2019-06-22 10:46:02",190
"2019-06-22 11:45:55",190
"2019-06-22 12:46:04",190
"2019-06-22 13:45:57",190
"2019-06-22 14:46:02",190
"2019-06-22 15:46:17",190
"2019-06-22 16:46:08",190
"2019-06-22 17:45:58",190
"2019-06-22 18:46:03",190
"2019-06-22 19:46:00",190
"2019-06-22 20:45:59",190
"2019-06-22 21:45:57",190
"2019-06-22 22:46:04",190
"2019-06-22 23:45:59",190
"2019-06-23 00:46:10",190
"2019-06-23 01:46:03",190
"2019-06-23 02:46:04",190
"2019-06-23 03:46:00",190
"2019-06-23 04:45:57",190
"2019-06-23 05:46:02",190
"2019-06-23 06:45:57",190
"2019-06-23 07:45:56",190
"2019-06-23 08:45:58",190
"2019-06-23 09:45:59",190
"2019-06-23 10:45:56",190
"2019-06-23 11:45:58",190
"2019-06-23 12:45:56",190
"2019-06-23 13:45:57",190
"2019-06-23 14:45:55",190
"2019-06-23 15:45:57",190
"2019-06-23 16:45:59",190
"2019-06-23 17:46:00",190
"2019-06-23 18:45:54",190
"2019-06-23 19:45:54",190
"2019-06-23 20:45:58",190
"2019-06-23 21:45:56",190
"2019-06-23 22:45:56",190
"2019-06-23 23:45:56",190
"2019-06-24 00:46:00",190
"2019-06-24 01:45:56",190
"2019-06-24 02:45:58",190
"2019-06-24 03:46:03",190
"2019-06-24 04:46:01",190
"2019-06-24 05:46:00",190
"2019-06-24 06:46:04",190
"2019-06-24 07:45:57",190
"2019-06-24 08:45:58",190
"2019-06-24 09:46:02",190
"2019-06-24 10:45:55",190
"2019-06-24 11:46:03",190
"2019-06-24 13:45:57",190
"2019-06-24 14:46:00",189
"2019-06-24 15:45:59",190
"2019-06-24 16:46:05",190
"2019-06-24 17:46:03",190
"2019-06-24 18:46:04",190
"2019-06-24 19:46:03",190
"2019-06-24 20:46:02",191
"2019-06-24 21:46:01",191
"2019-06-24 22:45:58",191
"2019-06-24 23:46:00",191
"2019-06-25 00:45:59",191
"2019-06-25 01:46:01",191
"2019-06-25 02:46:04",191
"2019-06-25 03:46:00",191
"2019-06-25 04:45:58",191
"2019-06-25 05:45:59",191
"2019-06-25 06:46:03",191
"2019-06-25 07:46:00",191
"2019-06-25 08:45:58",191
"2019-06-25 09:46:00",191
"2019-06-25 10:45:58",191
"2019-06-25 11:45:55",191
"2019-06-25 13:09:30",191
"2019-06-25 13:45:57",191
"2019-06-25 14:46:00",189
"2019-06-25 15:45:58",189
"2019-06-25 16:45:59",189
"2019-06-25 17:46:01",189
"2019-06-25 18:45:59",189
"2019-06-25 19:45:55",189
"2019-06-25 20:45:58",189
"2019-06-25 21:45:55",189
"2019-06-25 22:45:54",189
"2019-06-25 23:46:02",189
"2019-06-26 00:46:00",189
"2019-06-26 01:45:57",189
"2019-06-26 02:45:59",189
"2019-06-26 03:46:13",189
"2019-06-26 04:46:01",189
"2019-06-26 05:45:59",189
"2019-06-26 06:45:58",189
"2019-06-26 07:46:00",189
"2019-06-26 08:45:55",189
"2019-06-26 09:45:54",189
"2019-06-26 10:45:56",189
"2019-06-26 11:45:55",189
"2019-06-26 13:08:29",189
"2019-06-26 13:45:59",189
"2019-06-26 14:45:58",188
"2019-06-26 15:45:56",187
"2019-06-26 16:46:00",188
"2019-06-26 17:45:55",189
"2019-06-26 18:45:57",190
"2019-06-26 19:45:57",190
"2019-06-26 20:45:55",190
"2019-06-26 21:45:56",190
"2019-06-26 22:45:58",190
"2019-06-26 23:45:56",190
"2019-06-27 00:46:00",190
"2019-06-27 01:45:57",190
"2019-06-27 02:46:00",190
"2019-06-27 03:45:54",190
"2019-06-27 04:46:00",190
"2019-06-27 05:45:57",190
"2019-06-27 06:45:59",190
"2019-06-27 07:45:53",190
"2019-06-27 08:45:55",190
"2019-06-27 09:45:56",190
"2019-06-27 10:45:57",190
"2019-06-27 11:45:53",190
"2019-06-27 13:08:31",190
"2019-06-27 13:45:54",190
"2019-06-27 14:45:54",188
"2019-06-27 15:45:58",189
"2019-06-27 16:45:56",189
"2019-06-27 17:45:55",189
"2019-06-27 18:45:55",190
"2019-06-27 19:45:53",189
"2019-06-27 20:45:59",188
"2019-06-27 21:45:59",188
"2019-06-27 22:45:52",188
"2019-06-27 23:46:17",188
"2019-06-28 00:45:57",188
"2019-06-28 01:45:55",188
"2019-06-28 02:45:55",188
"2019-06-28 03:45:58",188
"2019-06-28 04:45:58",188
"2019-06-28 05:45:55",188
"2019-06-28 06:45:56",188
"2019-06-28 07:45:55",188
"2019-06-28 08:45:54",188
"2019-06-28 09:45:55",188
"2019-06-28 10:45:52",188
"2019-06-28 11:45:55",188
"2019-06-28 13:09:35",188
"2019-06-28 13:45:52",188
"2019-06-28 14:45:53",188
"2019-06-28 15:45:56",187
"2019-06-28 16:45:54",187
"2019-06-28 17:45:54",187
"2019-06-28 18:45:52",187
"2019-06-28 19:45:54",189
"2019-06-28 20:45:55",189
"2019-06-28 21:45:54",189
"2019-06-28 22:45:54",189
"2019-06-28 23:45:53",189
"2019-06-29 00:45:57",189
"2019-06-29 01:46:01",189
"2019-06-29 02:45:56",189
"2019-06-29 03:45:53",189
"2019-06-29 04:45:54",189
"2019-06-29 05:45:55",189
"2019-06-29 06:45:55",189
"2019-06-29 07:45:55",189
"2019-06-29 08:45:54",189
"2019-06-29 09:45:56",189
"2019-06-29 10:45:55",189
"2019-06-29 11:45:59",189
"2019-06-29 12:45:58",189
"2019-06-29 13:45:56",189
"2019-06-29 14:45:56",189
"2019-06-29 15:45:57",189
"2019-06-29 16:46:00",189
"2019-06-29 17:45:55",189
"2019-06-29 18:45:56",189
"2019-06-29 19:45:57",189
"2019-06-29 20:45:55",189
"2019-06-29 21:46:00",189
"2019-06-29 22:45:53",189
"2019-06-29 23:45:59",189
"2019-06-30 00:45:56",189
"2019-06-30 01:46:02",189
"2019-06-30 02:45:58",189
"2019-06-30 03:45:57",189
"2019-06-30 04:45:59",189
"2019-06-30 05:45:57",189
"2019-06-30 06:45:57",189
"2019-06-30 07:45:58",189
"2019-06-30 08:45:57",189
"2019-06-30 09:45:56",189
"2019-06-30 10:45:56",189
"2019-06-30 11:45:57",189
"2019-06-30 12:45:54",189
"2019-06-30 13:45:58",189
"2019-06-30 14:45:55",189
"2019-06-30 15:45:56",189
"2019-06-30 16:45:57",189
"2019-06-30 17:45:55",189
"2019-06-30 18:45:56",189
"2019-06-30 19:45:56",189
"2019-06-30 20:45:58",189
"2019-06-30 21:45:56",189
"2019-06-30 22:45:55",189
"2019-06-30 23:45:57",189
"2019-07-01 00:45:59",189
"2019-07-01 01:45:56",189
"2019-07-01 02:45:59",189
"2019-07-01 03:45:58",189
"2019-07-01 04:45:56",189
"2019-07-01 05:46:01",189
"2019-07-01 06:45:56",189
"2019-07-01 07:46:05",189
"2019-07-01 08:46:11",189
"2019-07-01 09:45:57",189
"2019-07-01 10:45:54",189
"2019-07-01 11:46:00",189
"2019-07-01 13:09:31",189
"2019-07-01 13:46:02",189
"2019-07-01 14:46:21",190
"2019-07-01 15:46:01",190
"2019-07-01 16:46:00",190
"2019-07-01 17:45:58",190
"2019-07-01 18:45:59",190
"2019-07-01 19:46:01",189
"2019-07-01 20:45:59",189
"2019-07-01 21:45:58",189
"2019-07-01 22:45:59",189
"2019-07-01 23:45:59",189
"2019-07-02 00:46:02",189
"2019-07-02 01:45:58",189
"2019-07-02 03:46:16",189
"2019-07-02 04:45:59",189
"2019-07-02 05:46:16",189
"2019-07-02 06:46:00",189
"2019-07-02 07:46:01",189
"2019-07-02 08:45:59",189
"2019-07-02 09:45:56",189
"2019-07-02 10:45:57",189
"2019-07-02 11:45:59",189
"2019-07-02 12:46:01",189
"2019-07-02 13:45:58",189
"2019-07-02 14:46:00",189
"2019-07-02 15:45:57",190
"2019-07-02 16:45:58",190
"2019-07-02 17:45:58",192
"2019-07-02 18:45:58",193
"2019-07-02 19:46:00",194
"2019-07-02 20:45:57",196
"2019-07-02 21:45:59",196
"2019-07-02 22:46:07",196
"2019-07-03 00:45:59",196
"2019-07-03 01:45:57",196
"2019-07-03 02:46:02",196
"2019-07-03 03:46:02",196
"2019-07-03 04:46:02",196
"2019-07-03 05:46:00",196
"2019-07-03 06:46:00",196
"2019-07-03 07:45:59",196
"2019-07-03 08:46:14",196
"2019-07-03 09:45:59",196
"2019-07-03 10:46:04",196
"2019-07-03 11:45:57",196
"2019-07-03 13:10:33",196
"2019-07-03 13:45:58",196
"2019-07-03 14:46:08",194
"2019-07-03 15:45:58",193
"2019-07-03 16:46:17",192
"2019-07-03 17:45:58",193
"2019-07-03 18:46:01",193
"2019-07-03 19:45:57",193
"2019-07-03 20:45:55",193
"2019-07-03 21:45:59",193
"2019-07-03 22:45:57",193
"2019-07-03 23:46:00",193
"2019-07-04 00:46:01",193
"2019-07-04 01:45:56",193
"2019-07-04 02:46:02",193
"2019-07-04 03:45:57",193
"2019-07-04 04:45:57",193
"2019-07-04 05:46:02",193
"2019-07-04 06:45:59",193
"2019-07-04 07:45:56",193
"2019-07-04 08:45:57",193
"2019-07-04 09:45:55",193
"2019-07-04 10:45:59",193
"2019-07-04 11:45:57",193
"2019-07-04 12:46:02",193
"2019-07-04 13:46:03",193
"2019-07-04 14:45:59",193
"2019-07-04 15:45:57",193
"2019-07-04 16:45:57",193
"2019-07-04 17:45:56",193
"2019-07-04 18:45:57",193
"2019-07-04 19:45:56",193
"2019-07-04 20:45:59",193
"2019-07-04 21:45:59",193
"2019-07-04 22:46:03",193
"2019-07-04 23:45:57",193
"2019-07-05 00:45:59",193
"2019-07-05 01:45:56",193
"2019-07-05 02:45:57",193
"2019-07-05 03:45:57",193
"2019-07-05 04:45:55",193
"2019-07-05 05:46:04",193
"2019-07-05 06:46:01",193
"2019-07-05 07:45:57",193
"2019-07-05 08:45:56",193
"2019-07-05 09:45:56",193
"2019-07-05 10:46:12",193
"2019-07-05 11:46:08",193
"2019-07-05 12:45:57",193
"2019-07-05 13:46:07",193
"2019-07-05 14:46:00",193
"2019-07-05 15:45:57",195
"2019-07-05 16:46:09",195
"2019-07-05 17:45:59",196
"2019-07-05 18:45:58",196
"2019-07-05 19:45:58",195
"2019-07-05 20:45:58",195
"2019-07-05 21:46:00",195
"2019-07-05 22:46:01",195
"2019-07-05 23:45:58",195
"2019-07-06 00:46:03",195
"2019-07-06 01:46:03",195
"2019-07-06 02:46:08",195
"2019-07-06 03:45:58",195
"2019-07-06 04:45:57",195
"2019-07-06 05:45:58",195
"2019-07-06 06:46:00",195
"2019-07-06 07:45:54",195
"2019-07-06 08:45:57",195
"2019-07-06 09:45:57",195
"2019-07-06 10:45:57",195
"2019-07-06 11:46:17",195
"2019-07-06 12:46:03",195
"2019-07-06 13:45:59",195
"2019-07-06 14:45:56",195
"2019-07-06 15:45:56",195
"2019-07-06 16:46:01",195
"2019-07-06 17:45:58",195
"2019-07-06 18:45:58",195
"2019-07-06 19:46:02",195
"2019-07-06 20:45:54",195
"2019-07-06 21:45:57",195
"2019-07-06 22:45:57",195
"2019-07-06 23:45:57",195
"2019-07-07 00:45:55",195
"2019-07-07 01:45:57",195
"2019-07-07 02:45:59",195
"2019-07-07 03:45:55",195
"2019-07-07 04:45:56",195
"2019-07-07 05:46:01",195
"2019-07-07 06:45:57",195
"2019-07-07 07:45:57",195
"2019-07-07 08:45:58",195
"2019-07-07 09:45:56",195
"2019-07-07 10:45:58",195
"2019-07-07 11:45:53",195
"2019-07-07 12:45:53",195
"2019-07-07 13:45:54",195
"2019-07-07 14:45:56",195
"2019-07-07 15:45:58",195
"2019-07-07 16:45:59",195
"2019-07-07 17:45:57",195
"2019-07-07 18:45:58",195
"2019-07-07 19:45:54",195
"2019-07-07 20:45:55",195
"2019-07-07 21:45:57",195
"2019-07-07 22:45:57",195
"2019-07-07 23:45:56",195
"2019-07-08 00:45:56",195
"2019-07-08 01:45:59",195
"2019-07-08 02:45:56",195
"2019-07-08 03:46:02",195
"2019-07-08 04:45:56",195
"2019-07-08 05:45:53",195
"2019-07-08 06:46:02",195
"2019-07-08 07:46:06",195
"2019-07-08 08:46:02",195
"2019-07-08 09:46:07",195
"2019-07-08 10:46:06",195
"2019-07-08 11:46:16",195
"2019-07-08 12:45:58",195
"2019-07-08 13:45:56",195
"2019-07-08 14:45:58",192
"2019-07-08 15:45:56",193
"2019-07-08 16:45:58",193
"2019-07-08 17:45:55",193
"2019-07-08 18:46:00",193
"2019-07-08 19:45:56",194
"2019-07-08 20:45:56",192
"2019-07-08 21:45:57",192
"2019-07-08 22:45:57",192
"2019-07-08 23:45:54",192
"2019-07-09 00:45:56",192
"2019-07-09 01:45:54",192
"2019-07-09 02:46:06",192
"2019-07-09 03:46:01",192
"2019-07-09 04:45:59",192
"2019-07-09 05:46:07",192
"2019-07-09 06:46:02",192
"2019-07-09 07:46:02",192
"2019-07-09 08:45:58",192
"2019-07-09 09:45:56",192
"2019-07-09 10:45:53",192
"2019-07-09 11:45:58",192
"2019-07-09 13:09:00",192
"2019-07-09 13:45:54",192
"2019-07-09 14:45:57",192
"2019-07-09 15:45:57",192
"2019-07-09 16:45:55",191
"2019-07-09 17:45:58",191
"2019-07-09 18:45:55",190
"2019-07-09 19:45:56",191
"2019-07-09 20:45:56",191
"2019-07-09 21:45:56",191
"2019-07-09 22:45:54",191
"2019-07-09 23:45:56",191
"2019-07-10 00:45:55",191
"2019-07-10 01:45:56",191
"2019-07-10 02:45:56",191
"2019-07-10 03:45:55",191
"2019-07-10 04:45:55",191
"2019-07-10 05:46:00",191
"2019-07-10 06:45:58",191
"2019-07-10 07:45:53",191
"2019-07-10 08:45:55",191
"2019-07-10 09:45:52",191
"2019-07-10 10:45:54",191
"2019-07-10 11:45:56",191
"2019-07-10 12:45:59",191
"2019-07-10 13:45:57",191
"2019-07-10 14:45:55",191
"2019-07-10 15:45:58",190
"2019-07-10 16:46:12",190
"2019-07-10 17:45:56",190
"2019-07-10 18:45:55",189
"2019-07-10 19:45:55",189
"2019-07-10 20:45:56",189
"2019-07-10 21:45:54",189
"2019-07-10 22:46:02",189
"2019-07-10 23:45:56",189
"2019-07-11 00:45:54",189
"2019-07-11 01:45:58",189
"2019-07-11 02:46:03",189
"2019-07-11 03:45:59",189
"2019-07-11 04:46:03",189
"2019-07-11 05:45:59",189
"2019-07-11 06:45:58",189
"2019-07-11 07:45:57",189
"2019-07-11 08:46:04",189
"2019-07-11 09:45:57",189
"2019-07-11 10:45:59",189
"2019-07-11 11:45:55",189
"2019-07-11 12:45:54",189
"2019-07-11 13:45:56",189
"2019-07-11 14:45:55",189
"2019-07-11 15:45:55",190
"2019-07-11 16:45:56",190
"2019-07-11 17:45:56",190
"2019-07-11 18:45:56",190
"2019-07-11 19:45:56",190
"2019-07-11 20:45:54",191
"2019-07-11 21:46:00",191
"2019-07-11 22:46:01",191
"2019-07-11 23:45:57",191
"2019-07-12 00:45:55",191
"2019-07-12 01:45:57",191
"2019-07-12 02:45:55",191
"2019-07-12 03:45:55",191
"2019-07-12 04:45:54",191
"2019-07-12 05:46:01",191
"2019-07-12 06:46:04",191
"2019-07-12 07:45:56",191
"2019-07-12 08:45:56",191
"2019-07-12 09:46:07",191
"2019-07-12 10:45:58",191
"2019-07-12 11:45:57",191
"2019-07-12 13:09:30",191
"2019-07-12 13:45:57",191
"2019-07-12 14:45:58",189
"2019-07-12 15:46:19",189
"2019-07-12 16:46:02",190
"2019-07-12 17:46:02",190
"2019-07-12 18:45:57",189
"2019-07-12 19:45:53",189
"2019-07-12 20:45:53",189
"2019-07-12 21:45:56",189
"2019-07-12 22:46:03",189
"2019-07-12 23:45:55",189
"2019-07-13 00:45:56",189
"2019-07-13 01:45:57",189
"2019-07-13 02:46:01",189
"2019-07-13 03:45:54",189
"2019-07-13 04:45:56",189
"2019-07-13 05:45:55",189
"2019-07-13 06:45:55",189
"2019-07-13 07:45:57",189
"2019-07-13 08:45:54",189
"2019-07-13 09:45:55",189
"2019-07-13 10:45:56",189
"2019-07-13 11:45:59",189
"2019-07-13 12:46:00",189
"2019-07-13 13:45:55",189
"2019-07-13 14:45:54",189
"2019-07-13 15:45:58",189
"2019-07-13 16:46:27",189
"2019-07-13 17:46:00",189
"2019-07-13 18:46:02",189
"2019-07-13 19:46:00",189
"2019-07-13 20:46:01",189
"2019-07-13 21:46:00",189
"2019-07-13 22:45:55",189
"2019-07-13 23:45:56",189
"2019-07-14 00:45:56",189
"2019-07-14 01:46:05",189
"2019-07-14 02:45:57",189
"2019-07-14 03:45:59",189
"2019-07-14 04:45:57",189
"2019-07-14 05:46:00",189
"2019-07-14 06:45:59",189
"2019-07-14 07:45:55",189
"2019-07-14 08:45:56",189
"2019-07-14 09:45:52",189
"2019-07-14 10:45:55",189
"2019-07-14 11:45:59",189
"2019-07-14 12:45:56",189
"2019-07-14 13:45:59",189
"2019-07-14 14:45:56",189
"2019-07-14 15:45:57",189
"2019-07-14 16:46:00",189
"2019-07-14 17:45:57",189
"2019-07-14 18:45:56",189
"2019-07-14 19:45:55",189
"2019-07-14 20:46:04",189
"2019-07-14 21:45:54",189
"2019-07-14 22:45:54",189
"2019-07-14 23:45:55",189
"2019-07-15 00:45:57",189
"2019-07-15 01:45:55",189
"2019-07-15 02:45:56",189
"2019-07-15 03:45:54",189
"2019-07-15 04:45:54",189
"2019-07-15 05:46:04",189
"2019-07-15 06:46:08",189
"2019-07-15 07:45:56",189
"2019-07-15 08:45:54",189
"2019-07-15 09:45:54",189
"2019-07-15 10:45:56",189
"2019-07-15 11:45:53",189
"2019-07-15 13:10:02",189
"2019-07-15 13:45:59",189
"2019-07-15 14:45:56",190
"2019-07-15 15:45:54",193
"2019-07-15 16:46:11",194
"2019-07-15 17:45:56",194
"2019-07-15 18:45:55",194
"2019-07-15 19:45:56",194
"2019-07-15 20:45:58",195
"2019-07-15 21:45:55",195
"2019-07-15 22:46:02",196
"2019-07-15 23:45:56",196
"2019-07-16 00:45:54",196
"2019-07-16 01:45:56",196
"2019-07-16 02:46:02",196
"2019-07-16 03:45:55",196
"2019-07-16 04:45:54",196
"2019-07-16 05:46:04",196
"2019-07-16 06:46:10",196
"2019-07-16 07:45:55",196
"2019-07-16 08:45:55",196
"2019-07-16 09:45:56",196
"2019-07-16 10:45:57",196
"2019-07-16 11:45:54",196
"2019-07-16 13:09:58",197
"2019-07-16 13:45:57",197
"2019-07-16 14:45:55",196
"2019-07-16 15:46:05",196
"2019-07-16 16:45:57",196
"2019-07-16 17:45:59",196
"2019-07-16 18:45:57",198
"2019-07-16 19:45:54",198
"2019-07-16 20:46:30",205
"2019-07-16 21:45:56",205
"2019-07-16 22:45:57",205
"2019-07-16 23:45:56",205
"2019-07-17 00:45:55",205
"2019-07-17 01:45:56",205
"2019-07-17 02:45:57",205
"2019-07-17 03:45:58",205
"2019-07-17 04:45:58",205
"2019-07-17 05:46:11",205
"2019-07-17 06:46:00",205
"2019-07-17 07:46:01",205
"2019-07-17 08:45:57",205
"2019-07-17 09:45:58",205
"2019-07-17 10:45:57",205
"2019-07-17 11:45:55",205
"2019-07-17 13:09:30",206
"2019-07-17 13:45:56",206
"2019-07-17 14:45:59",204
"2019-07-17 15:46:07",204
"2019-07-17 16:46:05",204
"2019-07-17 17:45:55",205
"2019-07-17 18:45:57",204
"2019-07-17 19:45:54",204
"2019-07-17 20:45:56",203
"2019-07-17 21:45:55",203
"2019-07-17 22:45:58",203
"2019-07-17 23:45:56",203
"2019-07-18 00:45:54",203
"2019-07-18 01:46:07",203
"2019-07-18 02:45:58",203
"2019-07-18 03:45:57",203
"2019-07-18 04:45:55",203
"2019-07-18 05:46:01",203
"2019-07-18 06:45:59",203
"2019-07-18 07:45:53",203
"2019-07-18 08:46:00",203
"2019-07-18 09:45:54",203
"2019-07-18 10:45:57",203
"2019-07-18 11:45:53",203
"2019-07-18 13:10:04",203
"2019-07-18 13:45:55",203
"2019-07-18 14:45:55",201
"2019-07-18 15:45:55",200
"2019-07-18 16:46:06",201
"2019-07-18 17:45:57",200
"2019-07-18 18:45:57",198
"2019-07-18 19:45:58",197
"2019-07-18 20:45:57",195
"2019-07-18 21:45:56",195
"2019-07-18 22:45:58",195
"2019-07-18 23:46:02",195
"2019-07-19 00:45:57",195
"2019-07-19 01:45:58",195
"2019-07-19 02:46:00",195
"2019-07-19 03:45:57",195
"2019-07-19 04:46:00",195
"2019-07-19 05:46:15",195
"2019-07-19 06:45:59",195
"2019-07-19 07:46:04",195
"2019-07-19 08:45:55",195
"2019-07-19 09:45:56",195
"2019-07-19 10:45:55",195
"2019-07-19 11:45:56",195
"2019-07-19 13:09:28",195
"2019-07-19 13:45:55",195
"2019-07-19 14:45:55",195
"2019-07-19 15:45:56",197
"2019-07-19 16:45:56",197
"2019-07-19 17:45:59",198
"2019-07-19 18:45:57",199
"2019-07-19 19:45:55",196
"2019-07-19 20:45:55",194
"2019-07-19 21:45:54",194
"2019-07-19 22:45:56",194
"2019-07-19 23:45:54",194
"2019-07-20 00:45:55",194
"2019-07-20 01:46:05",194
"2019-07-20 02:46:05",194
"2019-07-20 03:45:58",194
"2019-07-20 04:46:04",194
"2019-07-20 05:46:01",194
"2019-07-20 06:45:55",194
"2019-07-20 07:45:54",194
"2019-07-20 08:45:56",194
"2019-07-20 09:45:52",194
"2019-07-20 10:45:53",194
"2019-07-20 11:45:55",194
"2019-07-20 12:45:55",194
"2019-07-20 13:45:54",194
"2019-07-20 14:45:55",194
"2019-07-20 15:45:55",194
"2019-07-20 16:45:57",194
"2019-07-20 17:45:55",194
"2019-07-20 18:45:55",194
"2019-07-20 19:45:55",194
"2019-07-20 20:45:53",194
"2019-07-20 21:45:57",194
"2019-07-20 22:45:52",194
"2019-07-20 23:45:53",194
"2019-07-21 00:45:56",194
"2019-07-21 01:45:54",194
"2019-07-21 02:45:57",194
"2019-07-21 03:45:53",194
"2019-07-21 04:45:55",194
"2019-07-21 05:46:03",194
"2019-07-21 06:46:06",194
"2019-07-21 07:45:53",194
"2019-07-21 08:45:55",194
"2019-07-21 09:45:57",194
"2019-07-21 10:46:04",194
"2019-07-21 11:45:55",194
"2019-07-21 12:45:53",194
"2019-07-21 13:45:56",194
"2019-07-21 14:45:54",194
"2019-07-21 15:45:54",194
"2019-07-21 16:45:55",194
"2019-07-21 17:45:55",194
"2019-07-21 18:45:56",194
"2019-07-21 19:45:55",194
"2019-07-21 20:45:55",194
"2019-07-21 21:45:57",194
"2019-07-21 22:45:53",194
"2019-07-21 23:45:55",194
"2019-07-22 00:45:54",194
"2019-07-22 01:45:56",194
"2019-07-22 02:45:54",194
"2019-07-22 03:45:54",194
"2019-07-22 04:45:55",194
"2019-07-22 05:45:58",194
"2019-07-22 06:46:05",194
"2019-07-22 07:45:54",194
"2019-07-22 08:45:57",194
"2019-07-22 09:45:54",194
"2019-07-22 10:45:54",194
"2019-07-22 11:46:12",194
"2019-07-22 12:46:01",194
"2019-07-22 13:45:56",194
"2019-07-22 14:45:58",191
"2019-07-22 15:45:56",192
"2019-07-22 16:45:59",192
"2019-07-22 17:45:58",192
"2019-07-22 18:46:06",192
"2019-07-22 19:46:03",193
"2019-07-22 20:46:01",192
"2019-07-22 21:46:02",192
"2019-07-22 22:45:56",192
"2019-07-22 23:45:55",192
"2019-07-23 00:45:55",192
"2019-07-23 01:45:55",192
"2019-07-23 02:46:01",192
"2019-07-23 03:45:58",192
"2019-07-23 04:45:58",192
"2019-07-23 05:45:59",192
"2019-07-23 06:46:03",192
"2019-07-23 07:46:02",192
"2019-07-23 08:45:54",192
"2019-07-23 09:45:58",192
"2019-07-23 10:45:56",192
"2019-07-23 11:45:55",192
"2019-07-23 13:09:04",192
"2019-07-23 13:45:56",192
"2019-07-23 14:45:59",191
"2019-07-23 15:46:04",191
"2019-07-23 16:46:00",191
"2019-07-23 17:45:55",191
"2019-07-23 18:45:57",191
"2019-07-23 19:45:59",191
"2019-07-23 20:45:57",191
"2019-07-23 21:45:57",191
"2019-07-23 22:46:02",191
"2019-07-23 23:45:59",191
"2019-07-24 00:45:57",191
"2019-07-24 01:45:57",191
"2019-07-24 02:46:04",191
"2019-07-24 03:45:57",191
"2019-07-24 04:45:56",191
"2019-07-24 05:45:59",191
"2019-07-24 06:45:55",191
"2019-07-24 07:45:55",191
"2019-07-24 08:46:00",191
"2019-07-24 09:45:58",191
"2019-07-24 10:45:59",191
"2019-07-24 11:45:54",191
"2019-07-24 13:08:30",191
"2019-07-24 13:45:58",191
"2019-07-24 14:45:55",191
"2019-07-24 15:45:58",190
"2019-07-24 16:45:57",190
"2019-07-24 17:45:55",189
"2019-07-24 18:46:00",186
"2019-07-24 19:45:56",186
"2019-07-24 20:45:59",186
"2019-07-24 21:45:57",186
"2019-07-24 22:45:57",185
"2019-07-24 23:45:58",185
"2019-07-25 00:45:56",185
"2019-07-25 01:46:04",185
"2019-07-25 02:46:14",185
"2019-07-25 03:45:56",185
"2019-07-25 04:45:58",185
"2019-07-25 05:46:04",185
"2019-07-25 06:46:03",185
"2019-07-25 07:45:57",185
"2019-07-25 08:46:01",185
"2019-07-25 09:45:56",185
"2019-07-25 10:46:08",185
"2019-07-25 11:45:56",185
"2019-07-25 13:09:02",185
"2019-07-25 13:46:02",185
"2019-07-25 14:46:00",182
"2019-07-25 15:45:57",183
"2019-07-25 16:46:00",183
"2019-07-25 17:46:01",183
"2019-07-25 18:46:05",184
"2019-07-25 19:46:33",184
"2019-07-25 20:46:03",184
"2019-07-25 21:46:04",184
"2019-07-25 22:46:04",184
"2019-07-25 23:45:58",184
"2019-07-26 00:46:14",184
"2019-07-26 01:46:00",184
"2019-07-26 02:46:01",184
"2019-07-26 03:46:02",184
"2019-07-26 04:46:03",184
"2019-07-26 05:46:08",184
"2019-07-26 06:46:21",184
"2019-07-26 07:46:09",184
"2019-07-26 08:45:55",184
"2019-07-26 09:45:58",184
"2019-07-26 10:46:00",184
"2019-07-26 11:46:02",184
"2019-07-26 13:11:02",184
"2019-07-26 13:45:59",184
"2019-07-26 14:45:59",184
"2019-07-26 15:45:57",184
"2019-07-26 16:46:01",184
"2019-07-26 17:46:01",184
"2019-07-26 18:46:01",184
"2019-07-26 19:45:57",184
"2019-07-26 20:45:57",183
"2019-07-26 22:45:56",183
"2019-07-26 23:45:55",183
"2019-07-27 00:45:56",183
"2019-07-27 01:45:56",183
"2019-07-27 02:45:59",183
"2019-07-27 03:45:56",183
"2019-07-27 04:45:57",183
"2019-07-27 05:45:57",183
"2019-07-27 06:45:57",183
"2019-07-27 07:45:55",183
"2019-07-27 08:45:56",183
"2019-07-27 09:45:54",183
"2019-07-27 10:45:56",183
"2019-07-27 11:45:54",183
"2019-07-27 12:45:57",183
"2019-07-27 13:45:55",183
"2019-07-27 14:45:56",183
"2019-07-27 15:46:00",183
"2019-07-27 16:46:06",183
"2019-07-27 17:46:03",183
"2019-07-27 18:45:59",183
"2019-07-27 19:45:58",183
"2019-07-27 20:46:01",183
"2019-07-27 21:45:57",183
"2019-07-27 22:45:57",183
"2019-07-27 23:45:56",183
"2019-07-28 00:45:56",183
"2019-07-28 01:45:55",183
"2019-07-28 02:45:55",183
"2019-07-28 03:45:54",183
"2019-07-28 04:45:56",183
"2019-07-28 05:45:54",183
"2019-07-28 06:45:54",183
"2019-07-28 07:45:56",183
"2019-07-28 08:45:54",183
"2019-07-28 09:45:53",183
"2019-07-28 10:45:52",183
"2019-07-28 11:45:52",183
"2019-07-28 12:45:55",183
"2019-07-28 13:45:54",183
"2019-07-28 14:45:55",183
"2019-07-28 15:45:54",183
"2019-07-28 16:45:56",183
"2019-07-28 17:45:56",183
"2019-07-28 18:45:55",183
"2019-07-28 19:45:55",183
"2019-07-28 20:45:55",183
"2019-07-28 21:45:55",183
"2019-07-28 22:45:58",183
"2019-07-28 23:45:58",183
"2019-07-29 00:45:55",183
"2019-07-29 01:45:56",183
"2019-07-29 02:45:55",183
"2019-07-29 03:45:57",183
"2019-07-29 04:45:57",183
"2019-07-29 05:46:03",183
"2019-07-29 06:46:09",183
"2019-07-29 07:45:56",183
"2019-07-29 08:45:55",183
"2019-07-29 09:45:56",183
"2019-07-29 10:45:56",183
"2019-07-29 11:45:57",183
"2019-07-29 13:10:00",183
"2019-07-29 13:46:00",183
"2019-07-29 14:45:56",182
"2019-07-29 15:45:57",182
"2019-07-29 16:45:56",182
"2019-07-29 17:45:56",182
"2019-07-29 18:45:56",182
"2019-07-29 19:45:56",182
"2019-07-29 20:45:55",182
"2019-07-29 21:45:54",182
"2019-07-29 22:45:57",182
"2019-07-29 23:45:55",182
"2019-07-30 00:45:55",182
"2019-07-30 01:45:57",182
"2019-07-30 02:45:58",182
"2019-07-30 03:45:55",182
"2019-07-30 04:45:55",182
"2019-07-30 05:45:56",182
"2019-07-30 06:45:56",182
"2019-07-30 07:46:04",182
"2019-07-30 08:45:57",182
"2019-07-30 09:45:55",182
"2019-07-30 10:45:53",182
"2019-07-30 11:45:58",182
"2019-07-30 12:45:57",182
"2019-07-30 13:45:58",182
"2019-07-30 14:45:59",182
"2019-07-30 15:45:58",181
"2019-07-30 16:45:58",181
"2019-07-30 17:46:05",182
"2019-07-30 18:46:00",183
"2019-07-30 19:46:03",183
"2019-07-30 20:45:59",184
"2019-07-30 21:45:58",184
"2019-07-30 22:46:00",184
"2019-07-30 23:45:57",184
"2019-07-31 00:46:31",184
"2019-07-31 01:45:57",184
"2019-07-31 02:45:57",184
"2019-07-31 03:46:00",184
"2019-07-31 04:45:58",184
"2019-07-31 05:46:11",184
"2019-07-31 06:45:58",184
"2019-07-31 07:45:58",184
"2019-07-31 08:45:58",184
"2019-07-31 09:45:59",184
"2019-07-31 10:45:57",184
"2019-07-31 11:45:55",184
"2019-07-31 13:10:05",184
"2019-07-31 13:45:58",184
"2019-07-31 14:46:00",183
"2019-07-31 15:46:01",182
"2019-07-31 16:46:04",182
"2019-07-31 17:45:58",182
"2019-07-31 18:45:57",182
"2019-07-31 19:45:58",182
"2019-07-31 20:46:01",182
"2019-07-31 21:46:00",182
"2019-07-31 22:45:59",182
"2019-07-31 23:45:58",182
"2019-08-01 00:46:00",182
"2019-08-01 01:46:15",182
"2019-08-01 02:46:01",182
"2019-08-01 03:45:59",182
"2019-08-01 04:45:56",182
"2019-08-01 05:46:02",182
"2019-08-01 06:45:58",182
"2019-08-01 07:46:05",182
"2019-08-01 08:45:56",182
"2019-08-01 09:45:59",182
"2019-08-01 10:45:58",182
"2019-08-01 11:45:55",182
"2019-08-01 13:08:31",182
"2019-08-01 13:45:59",182
"2019-08-01 14:45:58",183
"2019-08-01 15:46:05",184
"2019-08-01 16:46:01",184
"2019-08-01 17:46:01",184
"2019-08-01 18:45:57",185
"2019-08-01 19:45:58",184
"2019-08-01 20:45:58",183
"2019-08-01 21:45:59",183
"2019-08-01 22:45:58",183
"2019-08-01 23:45:59",183
"2019-08-02 00:45:58",183
"2019-08-02 01:45:58",183
"2019-08-02 02:45:57",183
"2019-08-02 03:45:58",183
"2019-08-02 04:45:58",183
"2019-08-02 05:46:01",183
"2019-08-02 06:45:58",183
"2019-08-02 07:45:55",183
"2019-08-02 08:46:00",183
"2019-08-02 09:46:00",183
"2019-08-02 10:46:10",183
"2019-08-02 11:45:58",183
"2019-08-02 13:10:05",183
"2019-08-02 13:46:00",183
"2019-08-02 14:45:59",182
"2019-08-02 15:46:00",185
"2019-08-02 16:46:02",185
"2019-08-02 17:45:57",185
"2019-08-02 18:46:00",185
"2019-08-02 19:45:59",185
"2019-08-02 20:45:59",188
"2019-08-02 21:45:59",188
"2019-08-02 22:45:57",188
"2019-08-02 23:45:59",188
"2019-08-03 00:45:58",188
"2019-08-03 01:45:57",188
"2019-08-03 02:46:11",188
"2019-08-03 03:45:57",188
"2019-08-03 04:45:56",188
"2019-08-03 05:46:05",188
"2019-08-03 06:45:58",188
"2019-08-03 07:45:54",188
"2019-08-03 08:45:59",188
"2019-08-03 09:45:57",188
"2019-08-03 10:45:58",188
"2019-08-03 11:45:57",188
"2019-08-03 12:45:58",188
"2019-08-03 13:45:58",188
"2019-08-03 14:45:58",188
"2019-08-03 15:45:56",188
"2019-08-03 16:45:58",188
"2019-08-03 17:45:59",188
"2019-08-03 18:45:58",188
"2019-08-03 19:45:57",188
"2019-08-03 20:45:56",188
"2019-08-03 21:45:55",188
"2019-08-03 22:45:56",188
"2019-08-03 23:45:57",188
"2019-08-04 00:45:57",188
"2019-08-04 01:45:56",188
"2019-08-04 02:46:04",188
"2019-08-04 03:45:59",188
"2019-08-04 04:45:57",188
"2019-08-04 05:46:03",188
"2019-08-04 06:45:56",188
"2019-08-04 07:45:58",188
"2019-08-04 08:45:59",188
"2019-08-04 09:45:56",188
"2019-08-04 10:45:55",188
"2019-08-04 11:45:53",188
"2019-08-04 12:45:57",188
"2019-08-04 13:45:57",188
"2019-08-04 14:45:55",188
"2019-08-04 15:45:56",188
"2019-08-04 16:45:58",188
"2019-08-04 17:45:57",188
"2019-08-04 18:45:58",188
"2019-08-04 19:45:56",188
"2019-08-04 20:45:58",188
"2019-08-04 21:45:57",188
"2019-08-04 22:45:58",188
"2019-08-04 23:45:57",188
"2019-08-05 00:45:56",188
"2019-08-05 01:45:59",188
"2019-08-05 02:45:59",188
"2019-08-05 03:45:57",188
"2019-08-05 04:45:58",188
"2019-08-05 05:46:00",188
"2019-08-05 06:45:57",188
"2019-08-05 07:46:03",188
"2019-08-05 08:46:00",188
"2019-08-05 09:46:00",188
"2019-08-05 10:45:58",188
"2019-08-05 11:45:56",188
"2019-08-05 13:10:34",188
"2019-08-05 13:46:03",188
"2019-08-05 14:46:01",187
"2019-08-05 15:45:57",186
"2019-08-05 16:45:59",187
"2019-08-05 17:46:00",186
"2019-08-05 18:46:02",186
"2019-08-05 19:45:59",187
"2019-08-05 20:45:58",187
"2019-08-05 21:45:58",187
"2019-08-05 22:46:00",187
"2019-08-05 23:46:02",187
"2019-08-06 00:46:12",187
"2019-08-06 01:46:05",187
"2019-08-06 02:45:59",187
"2019-08-06 03:45:58",187
"2019-08-06 04:46:00",187
"2019-08-06 05:46:01",187
"2019-08-06 06:45:57",187
"2019-08-06 07:45:59",187
"2019-08-06 08:45:57",187
"2019-08-06 09:46:04",187
"2019-08-06 10:45:56",187
"2019-08-06 11:45:58",187
"2019-08-06 12:45:58",187
"2019-08-06 13:46:00",187
"2019-08-06 14:45:56",187
"2019-08-06 15:45:59",187
"2019-08-06 16:46:00",187
"2019-08-06 17:45:58",186
"2019-08-06 18:45:57",186
"2019-08-06 19:45:59",186
"2019-08-06 20:46:00",185
"2019-08-06 21:45:57",185
"2019-08-06 23:45:58",185
"2019-08-07 00:46:00",185
"2019-08-07 01:46:00",185
"2019-08-07 02:46:01",185
"2019-08-07 03:45:58",185
"2019-08-07 04:45:57",185
"2019-08-07 05:46:02",185
"2019-08-07 06:46:06",185
"2019-08-07 07:45:56",185
"2019-08-07 08:45:58",185
"2019-08-07 09:45:57",185
"2019-08-07 10:46:05",185
"2019-08-07 11:45:57",185
"2019-08-07 12:46:01",185
"2019-08-07 13:46:02",185
"2019-08-07 14:46:00",186
"2019-08-07 15:45:58",186
"2019-08-07 16:45:59",186
"2019-08-07 17:45:58",186
"2019-08-07 18:45:58",188
"2019-08-07 19:45:58",189
"2019-08-07 20:45:58",189
"2019-08-07 21:45:58",189
"2019-08-07 22:45:57",190
"2019-08-07 23:45:59",190
"2019-08-08 00:46:02",190
"2019-08-08 01:45:58",190
"2019-08-08 02:46:06",190
"2019-08-08 03:45:57",190
"2019-08-08 04:45:56",190
"2019-08-08 05:45:59",190
"2019-08-08 06:46:02",190
"2019-08-08 07:45:57",190
"2019-08-08 08:45:57",190
"2019-08-08 09:45:56",190
"2019-08-08 10:46:03",190
"2019-08-08 11:45:56",190
"2019-08-08 12:45:59",190
"2019-08-08 13:45:59",190
"2019-08-08 14:45:57",191
"2019-08-08 15:46:01",191
"2019-08-08 16:46:01",190
"2019-08-08 17:45:59",191
"2019-08-08 18:46:01",191
"2019-08-08 19:45:59",190
"2019-08-08 20:46:02",190
"2019-08-08 21:46:03",190
"2019-08-08 22:46:01",190
"2019-08-08 23:46:02",190
"2019-08-09 00:46:04",190
"2019-08-09 01:46:04",190
"2019-08-09 02:46:06",190
"2019-08-09 03:46:04",190
"2019-08-09 04:46:04",190
"2019-08-09 05:46:10",190
"2019-08-09 06:46:04",190
"2019-08-09 07:46:22",190
"2019-08-09 08:46:03",190
"2019-08-09 09:46:10",190
"2019-08-09 10:46:04",190
"2019-08-09 11:46:04",190
"2019-08-09 13:10:09",190
"2019-08-09 13:46:04",190
"2019-08-09 14:46:14",191
"2019-08-09 15:46:04",191
"2019-08-09 16:46:12",192
"2019-08-09 17:46:03",193
"2019-08-09 18:46:04",193
"2019-08-09 19:46:04",193
"2019-08-09 20:46:02",193
"2019-08-09 21:46:05",193
"2019-08-09 22:46:04",193
"2019-08-09 23:46:05",193
"2019-08-10 00:46:05",193
"2019-08-10 01:46:03",193
"2019-08-10 02:46:23",193
"2019-08-10 03:46:02",193
"2019-08-10 04:46:04",193
"2019-08-10 05:46:09",193
"2019-08-10 06:46:03",193
"2019-08-10 07:46:02",193
"2019-08-10 08:46:03",193
"2019-08-10 09:46:05",193
"2019-08-10 10:46:06",193
"2019-08-10 11:46:02",193
"2019-08-10 12:46:06",193
"2019-08-10 13:46:06",193
"2019-08-10 14:46:02",193
"2019-08-10 15:46:01",193
"2019-08-10 16:46:11",193
"2019-08-10 17:46:03",193
"2019-08-10 18:46:03",193
"2019-08-10 19:46:03",193
"2019-08-10 20:46:03",193
"2019-08-10 21:46:00",193
"2019-08-10 22:46:02",193
"2019-08-10 23:46:04",193
"2019-08-11 00:46:01",193
"2019-08-11 01:46:02",193
"2019-08-11 02:46:11",193
"2019-08-11 03:46:06",193
"2019-08-11 04:46:02",193
"2019-08-11 05:46:12",193
"2019-08-11 06:46:02",193
"2019-08-11 07:46:03",193
"2019-08-11 08:46:02",193
"2019-08-11 09:46:00",193
"2019-08-11 10:46:00",193
"2019-08-11 11:46:02",193
"2019-08-11 12:46:03",193
"2019-08-11 13:46:06",193
"2019-08-11 14:46:03",193
"2019-08-11 15:46:03",193
"2019-08-11 16:46:04",193
"2019-08-11 17:46:03",193
"2019-08-11 18:46:02",193
"2019-08-11 19:46:05",193
"2019-08-11 20:46:06",193
"2019-08-11 21:46:06",193
"2019-08-11 22:46:05",193
"2019-08-11 23:46:08",193
"2019-08-12 00:46:06",193
"2019-08-12 01:46:05",193
"2019-08-12 02:46:16",193
"2019-08-12 03:46:06",193
"2019-08-12 04:46:05",193
"2019-08-12 05:46:11",193
"2019-08-12 06:46:12",193
"2019-08-12 07:46:02",193
"2019-08-12 08:46:06",193
"2019-08-12 09:46:04",193
"2019-08-12 10:46:09",193
"2019-08-12 11:46:03",193
"2019-08-12 12:46:09",193
"2019-08-12 13:46:16",194
"2019-08-12 14:46:04",195
"2019-08-12 15:46:05",195
"2019-08-12 16:46:14",198
"2019-08-12 17:46:01",198
"2019-08-12 18:46:00",198
"2019-08-12 19:45:59",197
"2019-08-12 20:46:03",197
"2019-08-12 21:46:00",197
"2019-08-12 22:46:01",197
"2019-08-12 23:46:02",197
"2019-08-13 00:46:00",197
"2019-08-13 01:46:01",197
"2019-08-13 02:46:08",197
"2019-08-13 03:46:02",197
"2019-08-13 04:45:59",197
"2019-08-13 05:46:05",197
"2019-08-13 06:46:06",197
"2019-08-13 07:46:01",197
"2019-08-13 08:45:59",197
"2019-08-13 09:46:03",197
"2019-08-13 10:46:10",197
"2019-08-13 11:46:06",197
"2019-08-13 12:46:05",197
"2019-08-13 13:46:05",197
"2019-08-13 14:46:03",198
"2019-08-13 15:46:07",196
"2019-08-13 16:46:06",195
"2019-08-13 17:46:03",196
"2019-08-13 18:46:03",196
"2019-08-13 19:46:03",197
"2019-08-13 20:46:01",197
"2019-08-13 21:46:07",197
"2019-08-13 22:46:10",197
"2019-08-13 23:46:04",197
"2019-08-14 00:46:05",197
"2019-08-14 01:46:04",197
"2019-08-14 02:46:05",197
"2019-08-14 03:46:02",197
"2019-08-14 04:46:00",197
"2019-08-14 05:46:20",197
"2019-08-14 06:46:02",197
"2019-08-14 07:46:00",197
"2019-08-14 08:45:59",197
"2019-08-14 09:46:05",197
"2019-08-14 10:45:57",197
"2019-08-14 11:45:59",197
"2019-08-14 13:09:09",197
"2019-08-14 13:46:04",197
"2019-08-14 14:46:04",198
"2019-08-14 15:46:05",198
"2019-08-14 16:46:02",199
"2019-08-14 17:45:59",198
"2019-08-14 18:46:06",198
"2019-08-14 19:46:06",198
"2019-08-14 20:46:03",198
"2019-08-14 21:46:19",198
"2019-08-14 22:46:01",198
"2019-08-14 23:46:00",198
"2019-08-15 00:46:31",198
"2019-08-15 01:46:04",198
"2019-08-15 02:46:05",198
"2019-08-15 03:46:02",198
"2019-08-15 04:46:03",198
"2019-08-15 05:46:09",198
"2019-08-15 06:46:01",198
"2019-08-15 07:45:58",198
"2019-08-15 08:46:14",198
"2019-08-15 09:46:01",198
"2019-08-15 10:46:01",198
"2019-08-15 11:46:01",198
"2019-08-15 13:09:07",198
"2019-08-15 13:46:09",198
"2019-08-15 14:46:04",199
"2019-08-15 15:45:58",200
"2019-08-15 16:46:17",198
"2019-08-15 17:45:57",198
"2019-08-15 18:46:01",198
"2019-08-15 19:45:59",198
"2019-08-15 20:46:01",198
"2019-08-15 21:45:57",198
"2019-08-15 22:45:58",198
"2019-08-15 23:46:11",198
"2019-08-16 00:46:12",198
"2019-08-16 01:46:20",198
"2019-08-16 02:46:01",198
"2019-08-16 03:46:02",198
"2019-08-16 04:45:57",198
"2019-08-16 05:46:19",198
"2019-08-16 06:45:57",198
"2019-08-16 07:45:59",198
"2019-08-16 08:45:59",198
"2019-08-16 09:46:02",198
"2019-08-16 10:45:57",198
"2019-08-16 11:45:56",198
"2019-08-16 12:45:59",198
"2019-08-16 13:46:03",198
"2019-08-16 14:45:59",199
"2019-08-16 15:46:01",198
"2019-08-16 16:46:15",198
"2019-08-16 19:46:05",198
"2019-08-16 20:46:10",197
"2019-08-16 21:46:06",197
"2019-08-16 22:46:06",198
"2019-08-16 23:46:07",198
"2019-08-17 00:46:07",198
"2019-08-17 01:46:12",198
"2019-08-17 02:46:22",198
"2019-08-17 03:46:08",198
"2019-08-17 04:46:07",198
"2019-08-17 05:46:09",198
"2019-08-17 06:46:05",198
"2019-08-17 07:46:05",198
"2019-08-17 08:46:08",198
"2019-08-17 09:46:05",198
"2019-08-17 10:46:03",198
"2019-08-17 11:46:05",198
"2019-08-17 12:46:03",198
"2019-08-17 13:46:05",198
"2019-08-17 14:46:48",198
"2019-08-17 15:46:04",198
"2019-08-17 16:46:04",198
"2019-08-17 17:46:02",198
"2019-08-17 18:46:03",198
"2019-08-17 19:46:04",198
"2019-08-17 20:46:05",198
"2019-08-17 21:46:03",198
"2019-08-17 22:46:03",198
"2019-08-17 23:46:02",198
"2019-08-18 00:46:03",198
"2019-08-18 01:46:02",198
"2019-08-18 02:46:06",198
"2019-08-18 03:46:03",198
"2019-08-18 04:46:02",198
"2019-08-18 05:46:29",198
"2019-08-18 06:46:24",198
"2019-08-18 07:46:07",198
"2019-08-18 08:46:08",198
"2019-08-18 09:46:11",198
"2019-08-18 10:46:04",198
"2019-08-18 11:46:04",198
"2019-08-18 12:46:05",198
"2019-08-18 13:46:07",198
"2019-08-18 14:46:08",198
"2019-08-18 15:46:07",198
"2019-08-18 16:46:11",198
"2019-08-18 17:46:04",198
"2019-08-18 18:46:05",198
"2019-08-18 19:46:09",198
"2019-08-18 20:46:07",198
"2019-08-18 21:46:13",198
"2019-08-18 22:46:07",198
"2019-08-18 23:46:07",198
"2019-08-19 00:46:06",198
"2019-08-19 01:46:10",198
"2019-08-19 02:46:09",198
"2019-08-19 03:46:04",198
"2019-08-19 04:46:04",198
"2019-08-19 05:46:12",198
"2019-08-19 06:46:09",198
"2019-08-19 07:46:17",198
"2019-08-19 08:46:05",198
"2019-08-19 09:46:14",198
"2019-08-19 10:46:06",198
"2019-08-19 11:46:05",198
"2019-08-19 12:46:12",198
"2019-08-19 13:46:08",198
"2019-08-19 14:45:59",197
"2019-08-19 15:46:02",197
"2019-08-19 16:46:00",197
"2019-08-19 17:45:59",197
"2019-08-19 18:46:02",197
"2019-08-19 19:46:00",198
"2019-08-19 20:46:00",198
"2019-08-19 21:46:01",198
"2019-08-19 22:45:59",198
"2019-08-19 23:46:00",198
"2019-08-20 00:46:04",198
"2019-08-20 01:46:00",198
"2019-08-20 02:46:04",198
"2019-08-20 03:46:01",198
"2019-08-20 04:45:59",198
"2019-08-20 05:46:18",198
"2019-08-20 06:46:05",198
"2019-08-20 07:45:58",198
"2019-08-20 08:46:00",198
"2019-08-20 09:45:59",198
"2019-08-20 10:46:22",198
"2019-08-20 11:45:58",198
"2019-08-20 13:08:06",198
"2019-08-20 13:46:11",198
"2019-08-20 14:46:02",197
"2019-08-20 15:46:01",197
"2019-08-20 16:46:01",197
"2019-08-20 17:46:02",197
"2019-08-20 18:46:02",197
"2019-08-20 19:46:01",197
"2019-08-20 20:46:03",197
"2019-08-20 21:46:04",197
"2019-08-20 22:46:01",197
"2019-08-20 23:46:00",197
"2019-08-21 00:46:04",197
"2019-08-21 01:46:07",197
"2019-08-21 02:46:09",197
"2019-08-21 03:46:07",197
"2019-08-21 04:46:02",197
"2019-08-21 05:46:06",197
"2019-08-21 06:46:10",197
"2019-08-21 07:46:03",197
"2019-08-21 08:46:05",197
"2019-08-21 09:46:03",197
"2019-08-21 10:46:00",197
"2019-08-21 11:46:01",197
"2019-08-21 12:46:01",197
"2019-08-21 13:46:06",197
"2019-08-21 14:46:04",198
"2019-08-21 15:46:05",199
"2019-08-21 16:46:19",199
"2019-08-21 17:46:02",199
"2019-08-21 18:46:05",199
"2019-08-21 19:46:04",199
"2019-08-21 20:46:04",199
"2019-08-21 21:46:06",199
"2019-08-21 22:46:06",199
"2019-08-21 23:46:03",199
"2019-08-22 00:46:05",199
"2019-08-22 01:46:02",199
"2019-08-22 02:46:10",199
"2019-08-22 03:46:03",199
"2019-08-22 04:46:01",199
"2019-08-22 05:46:07",199
"2019-08-22 06:46:02",199
"2019-08-22 07:46:05",199
"2019-08-22 08:46:03",199
"2019-08-22 09:46:02",199
"2019-08-22 10:46:05",199
"2019-08-22 11:46:05",199
"2019-08-22 12:46:06",199
"2019-08-22 13:46:08",199
"2019-08-22 14:46:08",199
"2019-08-22 15:46:09",199
"2019-08-22 16:46:14",199
"2019-08-22 17:46:08",199
"2019-08-22 18:46:10",199
"2019-08-22 19:46:07",199
"2019-08-22 20:46:08",199
"2019-08-22 21:46:10",199
"2019-08-22 22:46:07",199
"2019-08-22 23:46:08",199
"2019-08-23 00:46:10",199
"2019-08-23 01:46:13",199
"2019-08-23 02:46:15",199
"2019-08-23 03:46:05",199
"2019-08-23 04:46:06",199
"2019-08-23 05:46:07",199
"2019-08-23 06:46:06",199
"2019-08-23 07:46:04",199
"2019-08-23 08:46:05",199
"2019-08-23 09:46:05",199
"2019-08-23 10:46:10",199
"2019-08-23 11:46:03",199
"2019-08-23 12:46:09",199
"2019-08-23 13:46:11",199
"2019-08-23 14:46:06",202
"2019-08-23 15:46:07",202
"2019-08-23 16:46:09",202
"2019-08-23 17:46:04",202
"2019-08-23 18:46:11",203
"2019-08-23 19:46:06",203
"2019-08-23 20:46:03",203
"2019-08-23 21:46:04",203
"2019-08-23 22:46:47",203
"2019-08-23 23:46:04",203
"2019-08-24 00:46:05",203
"2019-08-24 01:46:03",203
"2019-08-24 02:46:26",203
"2019-08-24 03:46:02",203
"2019-08-24 04:46:01",203
"2019-08-24 05:46:06",203
"2019-08-24 06:46:07",203
"2019-08-24 07:46:09",203
"2019-08-24 08:46:06",203
"2019-08-24 09:46:05",203
"2019-08-24 10:46:04",203
"2019-08-24 11:46:02",203
"2019-08-24 12:46:06",203
"2019-08-24 13:46:03",203
"2019-08-24 14:46:04",203
"2019-08-24 15:46:06",203
"2019-08-24 16:46:18",203
"2019-08-24 17:46:05",203
"2019-08-24 18:46:08",203
"2019-08-24 19:46:04",203
"2019-08-24 20:46:04",203
"2019-08-24 21:46:04",203
"2019-08-24 22:46:04",203
"2019-08-24 23:46:02",203
"2019-08-25 00:46:01",203
"2019-08-25 01:46:07",203
"2019-08-25 02:46:17",203
"2019-08-25 03:46:03",203
"2019-08-25 04:46:02",203
"2019-08-25 05:46:02",203
"2019-08-25 06:46:02",203
"2019-08-25 07:46:03",203
"2019-08-25 08:46:06",203
"2019-08-25 09:46:01",203
"2019-08-25 10:46:02",203
"2019-08-25 11:46:08",203
"2019-08-25 12:46:03",203
"2019-08-25 13:46:05",203
"2019-08-25 14:46:02",203
"2019-08-25 15:46:05",203
"2019-08-25 16:46:08",203
"2019-08-25 17:46:03",203
"2019-08-25 18:46:01",203
"2019-08-25 19:46:05",203
"2019-08-25 20:46:04",203
"2019-08-25 21:46:04",203
"2019-08-25 22:46:02",203
"2019-08-25 23:46:04",203
"2019-08-26 00:46:01",203
"2019-08-26 01:46:00",203
"2019-08-26 02:46:07",203
"2019-08-26 03:46:01",203
"2019-08-26 04:46:05",203
"2019-08-26 05:46:07",203
"2019-08-26 06:46:03",203
"2019-08-26 07:46:09",203
"2019-08-26 08:46:03",203
"2019-08-26 09:46:02",203
"2019-08-26 10:46:05",203
"2019-08-26 11:46:03",203
"2019-08-26 12:46:06",203
"2019-08-26 13:46:05",203
"2019-08-26 14:46:03",203
"2019-08-26 15:46:06",204
"2019-08-26 16:46:14",204
"2019-08-26 17:46:03",205
"2019-08-26 18:46:04",205
"2019-08-26 19:46:07",205
"2019-08-26 20:46:10",205
"2019-08-26 21:46:06",205
"2019-08-26 22:46:02",205
"2019-08-26 23:46:04",205
"2019-08-27 00:46:07",205
"2019-08-27 01:46:05",205
"2019-08-27 02:46:12",205
"2019-08-27 03:46:04",205
"2019-08-27 04:46:03",205
"2019-08-27 05:46:09",205
"2019-08-27 06:46:11",205
"2019-08-27 07:46:03",205
"2019-08-27 08:46:07",205
"2019-08-27 09:46:03",205
"2019-08-27 10:46:01",205
"2019-08-27 11:46:08",205
"2019-08-27 12:46:10",205
"2019-08-27 13:46:25",205
"2019-08-27 14:46:04",205
"2019-08-27 15:46:07",205
"2019-08-27 16:46:13",205
"2019-08-27 17:46:05",205
"2019-08-27 18:46:04",205
"2019-08-27 19:46:06",205
"2019-08-27 20:46:04",205
"2019-08-27 21:46:06",205
"2019-08-27 22:46:05",205
"2019-08-27 23:46:12",205
"2019-08-28 00:46:10",205
"2019-08-28 01:46:07",205
"2019-08-28 02:46:12",205
"2019-08-28 03:46:14",205
"2019-08-28 04:46:08",205
"2019-08-28 05:46:12",205
"2019-08-28 06:46:11",205
"2019-08-28 07:46:10",205
"2019-08-28 08:46:08",205
"2019-08-28 09:46:10",205
"2019-08-28 10:46:07",205
"2019-08-28 11:46:11",205
"2019-08-28 12:46:06",205
"2019-08-28 13:46:04",205
"2019-08-28 14:46:02",205
"2019-08-28 15:46:08",205
"2019-08-28 16:46:24",204
"2019-08-28 17:46:01",204
"2019-08-28 18:46:04",204
"2019-08-28 19:46:04",204
"2019-08-28 20:46:07",204
"2019-08-28 21:46:07",204
"2019-08-28 22:46:03",204
"2019-08-28 23:46:12",204
"2019-08-29 00:46:01",204
"2019-08-29 01:46:05",204
"2019-08-29 02:46:06",204
"2019-08-29 03:46:03",204
"2019-08-29 04:46:04",204
"2019-08-29 05:46:17",204
"2019-08-29 06:46:00",204
"2019-08-29 07:46:07",204
"2019-08-29 08:46:03",204
"2019-08-29 09:46:04",204
"2019-08-29 10:45:59",204
"2019-08-29 11:46:00",204
"2019-08-29 12:46:05",204
"2019-08-29 13:46:04",204
"2019-08-29 14:46:02",204
"2019-08-29 15:46:02",204
"2019-08-29 16:46:11",204
"2019-08-29 17:46:02",204
"2019-08-29 18:46:01",204
"2019-08-29 19:45:59",204
"2019-08-29 20:46:01",204
"2019-08-29 21:46:02",204
"2019-08-29 22:46:00",204
"2019-08-29 23:46:02",204
"2019-08-30 00:46:05",204
"2019-08-30 01:46:10",204
"2019-08-30 02:46:03",204
"2019-08-30 03:46:05",204
"2019-08-30 04:46:03",204
"2019-08-30 05:46:12",204
"2019-08-30 06:45:58",204
"2019-08-30 07:45:58",204
"2019-08-30 08:45:59",204
"2019-08-30 09:46:00",204
"2019-08-30 10:45:57",204
"2019-08-30 11:45:57",204
"2019-08-30 12:46:00",204
"2019-08-30 13:46:00",204
"2019-08-30 14:45:59",204
"2019-08-30 15:46:00",204
"2019-08-30 16:46:01",203
"2019-08-30 17:46:02",204
"2019-08-30 18:45:59",204
"2019-08-30 20:46:17",205
"2019-08-30 21:46:12",205
"2019-08-30 22:46:14",205
"2019-08-30 23:46:13",205
"2019-08-31 00:46:12",205
"2019-08-31 01:46:17",205
"2019-08-31 02:46:15",205
"2019-08-31 03:46:14",205
"2019-08-31 04:46:13",205
"2019-08-31 23:46:43",205
"2019-09-01 00:46:18",205
"2019-09-01 01:46:13",205
"2019-09-01 02:46:15",205
"2019-09-01 03:46:14",205
"2019-09-01 04:46:13",205
"2019-09-01 05:46:14",205
"2019-09-01 06:46:13",205
"2019-09-01 07:46:10",205
"2019-09-01 08:46:13",205
"2019-09-01 09:46:12",205
"2019-09-01 10:46:12",205
"2019-09-01 11:46:11",205
"2019-09-01 12:46:15",205
"2019-09-01 13:46:13",205
"2019-09-01 14:46:13",205
"2019-09-01 15:46:12",205
"2019-09-01 16:46:21",205
"2019-09-01 17:46:17",205
"2019-09-01 18:46:13",205
"2019-09-01 19:46:11",205
"2019-09-01 20:46:13",205
"2019-09-01 21:46:13",205
"2019-09-01 22:46:14",205
"2019-09-01 23:46:15",205
"2019-09-02 00:46:11",205
"2019-09-02 01:46:09",205
"2019-09-02 02:46:10",205
"2019-09-02 03:46:14",205
"2019-09-02 04:46:16",205
"2019-09-02 05:46:28",205
"2019-09-02 06:46:16",205
"2019-09-02 07:46:16",205
"2019-09-02 08:46:14",205
"2019-09-02 09:46:21",205
"2019-09-02 10:46:21",205
"2019-09-02 11:46:14",205
"2019-09-02 12:46:10",205
"2019-09-02 13:46:14",205
"2019-09-02 14:46:13",205
"2019-09-02 15:46:13",205
"2019-09-02 16:46:25",205
"2019-09-02 17:46:13",205
"2019-09-02 18:46:16",205
"2019-09-02 19:46:14",205
"2019-09-02 20:46:13",205
"2019-09-02 21:46:16",205
"2019-09-02 22:46:14",205
"2019-09-02 23:46:16",205
"2019-09-03 00:46:16",205
"2019-09-03 01:46:16",205
"2019-09-03 02:46:18",205
"2019-09-03 03:46:14",205
"2019-09-03 04:46:12",205
"2019-09-03 05:46:26",205
"2019-09-03 06:46:18",205
"2019-09-03 07:46:12",205
"2019-09-03 08:46:22",205
"2019-09-03 09:46:13",205
"2019-09-03 10:46:17",205
"2019-09-03 11:46:12",205
"2019-09-03 13:10:29",205
"2019-09-03 13:46:23",205
"2019-09-03 14:46:16",205
"2019-09-03 15:46:15",206
"2019-09-03 16:46:19",205
"2019-09-03 17:46:15",206
"2019-09-03 18:46:13",206
"2019-09-03 19:46:13",206
"2019-09-03 20:46:15",206
"2019-09-03 21:46:13",206
"2019-09-03 22:46:24",206
"2019-09-03 23:46:14",206
"2019-09-04 00:46:17",206
"2019-09-04 01:46:15",206
"2019-09-04 02:46:15",206
"2019-09-04 03:46:13",206
"2019-09-04 04:46:12",206
"2019-09-04 05:46:26",206
"2019-09-04 06:46:15",206
"2019-09-04 07:46:13",206
"2019-09-04 08:46:13",206
"2019-09-04 09:46:16",206
"2019-09-04 10:46:14",206
"2019-09-04 11:46:13",206
"2019-09-04 13:09:22",206
"2019-09-04 13:46:15",206
"2019-09-04 14:46:14",206
"2019-09-04 15:46:15",206
"2019-09-04 16:46:29",206
"2019-09-04 17:46:13",205
"2019-09-04 18:46:15",205
"2019-09-04 19:46:14",205
"2019-09-04 20:46:16",205
"2019-09-04 21:46:13",205
"2019-09-04 22:46:12",205
"2019-09-04 23:46:20",205
"2019-09-05 01:46:14",205
"2019-09-05 02:46:21",205
"2019-09-05 03:46:12",205
"2019-09-05 04:46:13",205
"2019-09-05 05:46:26",205
"2019-09-05 06:46:10",205
"2019-09-05 07:46:17",205
"2019-09-05 08:46:14",205
"2019-09-05 09:46:11",205
"2019-09-05 10:46:20",205
"2019-09-05 11:46:12",205
"2019-09-05 13:10:18",205
"2019-09-05 13:46:14",205
"2019-09-05 14:46:19",205
"2019-09-05 15:46:15",200
"2019-09-05 16:46:27",201
"2019-09-05 17:46:17",202
"2019-09-05 18:46:13",203
"2019-09-05 19:46:12",204
"2019-09-05 20:46:15",204
"2019-09-05 21:46:13",204
"2019-09-05 22:46:15",204
"2019-09-05 23:46:16",204
"2019-09-06 00:46:15",204
"2019-09-06 01:46:16",204
"2019-09-06 02:46:13",204
"2019-09-06 03:46:11",204
"2019-09-06 04:46:13",204
"2019-09-06 05:46:26",204
"2019-09-06 06:46:15",204
"2019-09-06 07:46:17",204
"2019-09-06 08:46:13",204
"2019-09-06 09:46:15",204
"2019-09-06 10:46:14",204
"2019-09-06 11:46:34",204
"2019-09-06 13:09:19",204
"2019-09-06 13:46:16",204
"2019-09-06 14:46:12",205
"2019-09-06 15:46:13",205
"2019-09-06 16:46:25",205
"2019-09-06 17:46:14",205
"2019-09-06 18:46:17",205
"2019-09-06 19:46:13",205
"2019-09-06 20:46:14",206
"2019-09-06 21:46:16",206
"2019-09-06 22:46:13",206
"2019-09-06 23:46:12",206
"2019-09-07 01:46:14",206
"2019-09-07 02:46:16",206
"2019-09-07 03:46:17",206
"2019-09-07 04:46:16",206
"2019-09-07 05:46:42",206
"2019-09-07 06:46:14",206
"2019-09-07 07:46:11",206
"2019-09-07 08:46:12",206
"2019-09-07 09:46:13",206
"2019-09-07 10:46:15",206
"2019-09-07 11:46:12",206
"2019-09-07 12:46:13",206
"2019-09-07 13:46:17",206
"2019-09-07 14:46:15",206
"2019-09-07 15:46:15",206
"2019-09-07 16:46:14",206
"2019-09-07 17:46:15",206
"2019-09-07 18:46:14",206
"2019-09-07 19:46:12",206
"2019-09-07 20:46:14",206
"2019-09-07 22:46:11",206
"2019-09-07 23:46:15",206
"2019-09-08 00:46:14",206
"2019-09-08 01:46:17",206
"2019-09-08 02:46:21",206
"2019-09-08 03:46:15",206
"2019-09-08 04:46:14",206
"2019-09-08 05:46:21",206
"2019-09-08 06:46:14",206
"2019-09-08 07:46:12",206
"2019-09-08 08:46:13",206
"2019-09-08 09:46:11",206
"2019-09-08 10:46:15",206
"2019-09-08 11:46:12",206
"2019-09-08 12:46:13",206
"2019-09-08 13:46:14",206
"2019-09-08 14:46:14",206
"2019-09-08 15:46:12",206
"2019-09-08 16:46:22",206
"2019-09-08 17:46:13",206
"2019-09-08 18:46:13",206
"2019-09-08 19:46:20",206
"2019-09-08 20:46:17",206
"2019-09-08 21:46:15",206
"2019-09-08 22:46:11",206
"2019-09-08 23:46:13",206
"2019-09-09 00:46:13",206
"2019-09-09 01:46:15",206
"2019-09-09 02:46:15",206
"2019-09-09 03:46:14",206
"2019-09-09 04:46:12",206
"2019-09-09 05:46:29",206
"2019-09-09 06:46:12",206
"2019-09-09 07:46:13",206
"2019-09-09 08:46:13",206
"2019-09-09 09:46:09",206
"2019-09-09 10:46:11",206
"2019-09-09 11:46:14",206
"2019-09-09 13:09:20",206
"2019-09-09 13:46:20",206
"2019-09-09 14:46:23",206
"2019-09-09 15:46:16",207
"2019-09-09 16:46:33",206
"2019-09-09 17:46:14",207
"2019-09-09 18:46:15",208
"2019-09-09 19:46:16",206
"2019-09-09 20:46:13",208
"2019-09-09 21:46:14",208
"2019-09-09 22:46:14",208
"2019-09-09 23:46:15",208
"2019-09-10 00:46:17",208
"2019-09-10 01:46:16",208
"2019-09-10 02:46:23",208
"2019-09-10 03:46:17",208
"2019-09-10 04:46:16",208
"2019-09-10 05:46:20",208
"2019-09-10 06:46:13",208
"2019-09-10 07:46:12",208
"2019-09-10 08:46:16",208
"2019-09-10 09:46:27",208
"2019-09-10 10:46:13",208
"2019-09-10 11:46:13",208
"2019-09-10 12:46:16",208
"2019-09-10 13:46:14",208
"2019-09-10 14:46:12",208
"2019-09-10 15:46:12",207
"2019-09-10 16:46:28",207
"2019-09-10 17:46:14",208
"2019-09-10 18:46:15",208
"2019-09-10 19:46:22",208
"2019-09-10 20:46:12",210
"2019-09-10 21:46:15",210
"2019-09-10 22:46:12",210
"2019-09-10 23:46:13",210
"2019-09-11 00:46:13",210
"2019-09-11 01:46:14",210
"2019-09-11 02:46:12",210
"2019-09-11 03:46:12",210
"2019-09-11 04:46:12",210
"2019-09-11 05:46:27",210
"2019-09-11 06:46:15",210
"2019-09-11 07:46:09",210
"2019-09-11 08:46:12",210
"2019-09-11 09:46:17",210
"2019-09-11 10:46:27",210
"2019-09-11 11:46:22",210
"2019-09-11 12:46:13",210
"2019-09-11 13:46:18",210
"2019-09-11 14:46:14",212
"2019-09-11 15:46:13",212
"2019-09-11 16:46:18",214
"2019-09-11 17:46:11",214
"2019-09-11 18:46:14",216
"2019-09-11 19:46:13",216
"2019-09-11 20:46:13",217
"2019-09-11 21:46:19",217
"2019-09-11 22:46:12",217
"2019-09-11 23:46:12",217
"2019-09-12 00:46:14",217
"2019-09-12 01:46:13",217
"2019-09-12 02:46:20",217
"2019-09-12 03:46:13",217
"2019-09-12 04:46:11",217
"2019-09-12 05:46:24",217
"2019-09-12 06:46:13",217
"2019-09-12 07:46:12",217
"2019-09-12 08:46:11",217
"2019-09-12 09:46:11",217
"2019-09-12 10:46:30",217
"2019-09-12 11:46:16",217
"2019-09-12 13:10:23",217
"2019-09-12 13:46:16",217
"2019-09-12 14:46:19",212
"2019-09-12 15:46:15",211
"2019-09-12 16:46:14",211
"2019-09-12 17:46:12",210
"2019-09-12 18:46:12",210
"2019-09-12 19:46:12",210
"2019-09-12 20:46:11",208
"2019-09-12 21:46:10",208
"2019-09-12 22:46:13",208
"2019-09-12 23:46:12",208
"2019-09-13 00:46:12",208
"2019-09-13 01:46:16",208
"2019-09-13 02:46:13",208
"2019-09-13 03:46:13",208
"2019-09-13 04:46:11",208
"2019-09-13 05:46:13",208
"2019-09-13 06:46:14",208
"2019-09-13 07:46:10",208
"2019-09-13 08:46:13",208
"2019-09-13 09:46:11",208
"2019-09-13 10:46:11",208
"2019-09-13 11:46:11",208
"2019-09-13 13:10:15",208
"2019-09-13 14:11:17",206
"2019-09-13 14:46:14",206
"2019-09-13 15:46:12",206
"2019-09-13 16:46:12",206
"2019-09-13 17:46:11",206
"2019-09-13 18:46:11",205
"2019-09-13 19:46:13",205
"2019-09-13 20:46:08",204
"2019-09-13 21:46:17",204
"2019-09-13 22:46:10",204
"2019-09-13 23:46:14",204
"2019-09-14 00:46:15",204
"2019-09-14 01:46:08",204
"2019-09-14 02:46:12",204
"2019-09-14 03:46:12",204
"2019-09-14 04:46:11",204
"2019-09-14 05:46:12",204
"2019-09-14 06:46:11",204
"2019-09-14 07:46:11",204
"2019-09-14 08:46:12",204
"2019-09-14 09:46:10",204
"2019-09-14 10:46:12",204
"2019-09-14 11:46:07",204
"2019-09-14 12:46:12",204
"2019-09-14 13:46:09",204
"2019-09-14 14:46:11",204
"2019-09-14 15:46:08",204
"2019-09-14 16:46:14",204
"2019-09-14 17:46:13",204
"2019-09-14 18:46:08",204
"2019-09-14 19:46:09",204
"2019-09-14 20:46:08",204
"2019-09-14 21:46:14",204
"2019-09-14 22:46:10",204
"2019-09-14 23:46:14",204
"2019-09-15 00:46:13",204
"2019-09-15 01:46:08",204
"2019-09-15 02:46:15",204
"2019-09-15 03:46:14",204
"2019-09-15 04:46:12",204
"2019-09-15 05:46:09",204
"2019-09-15 06:46:15",204
"2019-09-15 07:46:13",204
"2019-09-15 08:46:14",204
"2019-09-15 09:46:11",204
"2019-09-15 10:46:10",204
"2019-09-15 11:46:12",204
"2019-09-15 12:46:14",204
"2019-09-15 13:46:14",204
"2019-09-15 14:46:11",204
"2019-09-15 15:46:09",204
"2019-09-15 16:46:14",204
"2019-09-15 17:46:07",204
"2019-09-15 18:46:11",204
"2019-09-15 19:46:11",204
"2019-09-15 20:46:09",204
"2019-09-15 21:46:15",204
"2019-09-15 22:46:10",204
"2019-09-15 23:46:09",204
"2019-09-16 00:46:13",204
"2019-09-16 01:46:10",204
"2019-09-16 02:46:14",204
"2019-09-16 03:46:14",204
"2019-09-16 04:46:10",204
"2019-09-16 05:46:13",204
"2019-09-16 06:46:14",204
"2019-09-16 07:46:10",204
"2019-09-16 08:46:13",204
"2019-09-16 09:46:12",204
"2019-09-16 10:46:10",204
"2019-09-16 11:46:08",204
"2019-09-16 13:09:48",204
"2019-09-16 13:46:13",204
"2019-09-16 14:46:19",204
"2019-09-16 15:46:15",204
"2019-09-16 16:46:17",204
"2019-09-16 17:46:12",204
"2019-09-16 18:46:16",204
"2019-09-16 19:46:22",203
"2019-09-16 20:46:22",204
"2019-09-16 21:46:16",204
"2019-09-16 22:46:18",204
"2019-09-16 23:46:17",204
"2019-09-17 00:46:16",204
"2019-09-17 01:46:13",204
"2019-09-17 02:46:16",204
"2019-09-17 03:46:16",204
"2019-09-17 04:46:12",204
"2019-09-17 05:46:12",204
"2019-09-17 06:46:10",204
"2019-09-17 07:46:13",204
"2019-09-17 08:46:11",204
"2019-09-17 09:46:16",204
"2019-09-17 10:46:16",204
"2019-09-17 11:46:13",204
"2019-09-17 12:46:14",204
"2019-09-17 13:46:18",204
"2019-09-17 14:46:14",206
"2019-09-17 15:46:15",205
"2019-09-17 16:46:18",204
"2019-09-17 17:46:13",205
"2019-09-17 18:46:14",205
"2019-09-17 19:46:14",205
"2019-09-17 20:46:14",205
"2019-09-17 21:46:14",205
"2019-09-17 22:46:16",205
"2019-09-17 23:46:14",205
"2019-09-18 00:46:15",205
"2019-09-18 01:46:14",205
"2019-09-18 02:46:12",205
"2019-09-18 03:46:13",205
"2019-09-18 04:46:21",205
"2019-09-18 05:46:14",205
"2019-09-18 06:46:15",205
"2019-09-18 07:46:13",205
"2019-09-18 08:46:15",205
"2019-09-18 09:46:15",205
"2019-09-18 10:46:13",205
"2019-09-18 11:46:12",205
"2019-09-18 13:41:23",205
"2019-09-18 13:48:36",205
"2019-09-18 14:46:15",205
"2019-09-18 15:46:17",205
"2019-09-18 16:46:17",205
"2019-09-18 17:46:12",205
"2019-09-18 18:46:10",204
"2019-09-18 19:46:16",205
"2019-09-18 20:46:13",206
"2019-09-18 21:46:13",206
"2019-09-18 22:46:15",206
"2019-09-18 23:46:18",206
"2019-09-19 00:46:10",206
"2019-09-19 01:46:14",206
"2019-09-19 02:46:18",206
"2019-09-19 03:46:15",206
"2019-09-19 04:46:10",206
"2019-09-19 05:46:15",206
"2019-09-19 06:46:16",206
"2019-09-19 07:46:09",206
"2019-09-19 08:46:13",206
"2019-09-19 09:46:12",206
"2019-09-19 10:46:11",206
"2019-09-19 11:46:08",206
"2019-09-19 13:09:49",206
"2019-09-19 13:46:19",206
"2019-09-19 14:46:11",205
"2019-09-19 15:46:14",205
"2019-09-19 16:46:22",205
"2019-09-19 17:46:15",205
"2019-09-19 18:46:16",204
"2019-09-19 19:46:09",204
"2019-09-19 20:46:17",205
"2019-09-19 21:46:11",205
"2019-09-19 22:46:17",205
"2019-09-19 23:46:12",205
"2019-09-20 00:46:18",205
"2019-09-20 01:46:21",205
"2019-09-20 02:46:10",205
"2019-09-20 03:46:16",205
"2019-09-20 04:46:15",205
"2019-09-20 05:46:18",205
"2019-09-20 06:46:12",205
"2019-09-20 07:46:13",205
"2019-09-20 08:46:18",205
"2019-09-20 09:46:12",205
"2019-09-20 10:46:10",205
"2019-09-20 11:46:15",205
"2019-09-20 12:46:16",205
"2019-09-20 13:46:09",205
"2019-09-20 14:46:14",204
"2019-09-20 15:46:14",204
"2019-09-20 16:46:14",205
"2019-09-20 17:46:18",205
"2019-09-20 18:46:10",205
"2019-09-20 19:46:16",206
"2019-09-20 20:46:08",206
"2019-09-20 21:46:10",206
"2019-09-20 22:46:15",206
"2019-09-20 23:46:08",206
"2019-09-21 00:46:08",206
"2019-09-21 01:46:09",206
"2019-09-21 02:46:13",206
"2019-09-21 03:46:15",206
"2019-09-21 04:46:08",206
"2019-09-21 05:46:13",206
"2019-09-21 06:46:13",206
"2019-09-21 07:46:08",206
"2019-09-21 08:46:09",206
"2019-09-21 09:46:12",206
"2019-09-21 10:46:08",206
"2019-09-21 11:46:11",206
"2019-09-21 12:46:14",206
"2019-09-21 13:46:15",206
"2019-09-21 14:46:10",206
"2019-09-21 15:46:08",206
"2019-09-21 16:46:15",206
"2019-09-21 17:46:11",206
"2019-09-21 18:46:09",206
"2019-09-21 19:46:10",206
"2019-09-21 20:46:09",206
"2019-09-21 21:46:09",206
"2019-09-21 22:46:09",206
"2019-09-21 23:46:13",206
"2019-09-22 00:46:08",206
"2019-09-22 01:46:11",206
"2019-09-22 02:46:12",206
"2019-09-22 03:46:09",206
"2019-09-22 04:46:13",206
"2019-09-22 05:46:09",206
"2019-09-22 06:46:13",206
"2019-09-22 07:46:13",206
"2019-09-22 08:46:09",206
"2019-09-22 09:46:13",206
"2019-09-22 10:46:09",206
"2019-09-22 11:46:07",206
"2019-09-22 12:46:11",206
"2019-09-22 13:46:09",206
"2019-09-22 14:46:14",206
"2019-09-22 15:46:08",206
"2019-09-22 16:46:14",206
"2019-09-22 17:46:10",206
"2019-09-22 18:46:09",206
"2019-09-22 19:46:14",206
"2019-09-22 20:46:09",206
"2019-09-22 21:46:10",206
"2019-09-22 22:46:08",206
"2019-09-22 23:46:09",206
"2019-09-23 00:46:12",206
"2019-09-23 01:46:09",206
"2019-09-23 02:46:08",206
"2019-09-23 03:46:13",206
"2019-09-23 04:46:12",206
"2019-09-23 05:46:10",206
"2019-09-23 06:46:12",206
"2019-09-23 07:46:09",206
"2019-09-23 08:46:13",206
"2019-09-23 09:46:11",206
"2019-09-23 10:46:13",206
"2019-09-23 11:46:15",206
"2019-09-23 12:46:13",206
"2019-09-23 13:46:10",206
"2019-09-23 14:46:14",206
"2019-09-23 15:46:09",206
"2019-09-23 16:46:15",206
"2019-09-23 17:46:09",206
"2019-09-23 18:46:16",206
"2019-09-23 19:46:10",207
"2019-09-23 20:46:10",207
"2019-09-23 21:46:11",207
"2019-09-23 22:46:13",207
"2019-09-23 23:46:08",207
"2019-09-24 00:46:13",207
"2019-09-24 01:46:10",207
"2019-09-24 03:46:15",207
"2019-09-24 04:46:09",207
"2019-09-24 05:46:17",207
"2019-09-24 06:46:11",207
"2019-09-24 07:46:11",207
"2019-09-24 08:46:13",207
"2019-09-24 09:46:08",207
"2019-09-24 10:46:11",207
"2019-09-24 11:46:13",207
"2019-09-24 12:46:14",207
"2019-09-24 13:46:11",207
"2019-09-24 14:46:13",208
"2019-09-24 15:46:16",210
"2019-09-24 16:46:13",210
"2019-09-24 17:46:13",210
"2019-09-24 18:46:15",210
"2019-09-24 19:46:09",210
"2019-09-24 20:46:12",211
"2019-09-24 21:46:14",211
"2019-09-24 22:46:09",211
"2019-09-24 23:46:08",211
"2019-09-25 00:46:12",211
"2019-09-25 01:46:15",211
"2019-09-25 02:46:08",211
"2019-09-25 03:46:17",211
"2019-09-25 04:46:13",211
"2019-09-25 05:46:10",211
"2019-09-25 06:46:12",211
"2019-09-25 07:46:16",211
"2019-09-25 08:46:13",211
"2019-09-25 09:46:14",211
"2019-09-25 10:46:14",211
"2019-09-25 11:46:11",211
"2019-09-25 12:46:15",211
"2019-09-25 13:46:16",211
"2019-09-25 14:46:15",210
"2019-09-25 15:46:15",210
"2019-09-25 16:46:15",210
"2019-09-25 17:46:13",210
"2019-09-25 18:46:12",210
"2019-09-25 19:46:19",210
"2019-09-25 20:46:09",211
"2019-09-25 21:46:13",211
"2019-09-25 22:46:10",211
"2019-09-25 23:46:14",211
"2019-09-26 00:46:12",211
"2019-09-26 01:46:10",211
"2019-09-26 02:46:14",211
"2019-09-26 03:46:12",211
"2019-09-26 04:46:16",211
"2019-09-26 05:46:14",211
"2019-09-26 06:46:13",211
"2019-09-26 07:46:09",211
"2019-09-26 08:46:13",211
"2019-09-26 09:46:13",211
"2019-09-26 10:46:11",211
"2019-09-26 11:46:09",211
"2019-09-26 13:09:18",211
"2019-09-26 13:46:20",211
"2019-09-26 14:46:15",209
"2019-09-26 15:46:17",209
"2019-09-26 16:46:17",208
"2019-09-26 17:46:17",208
"2019-09-26 18:46:21",208
"2019-09-26 19:46:13",208
"2019-09-26 20:46:11",208
"2019-09-26 21:46:20",208
"2019-09-26 22:46:15",208
"2019-09-26 23:46:14",208
"2019-09-27 00:46:14",208
"2019-09-27 01:46:10",208
"2019-09-27 02:46:29",208
"2019-09-27 03:46:14",208
"2019-09-27 04:46:10",208
"2019-09-27 05:46:14",208
"2019-09-27 06:46:14",208
"2019-09-27 07:46:19",208
"2019-09-27 08:46:13",208
"2019-09-27 09:46:12",208
"2019-09-27 10:46:14",208
"2019-09-27 11:46:12",208
"2019-09-27 13:10:19",207
"2019-09-27 13:46:18",207
"2019-09-27 14:46:16",207
"2019-09-27 15:46:14",206
"2019-09-27 16:46:15",206
"2019-09-27 17:46:14",206
"2019-09-27 18:46:09",206
"2019-09-27 19:46:14",206
"2019-09-27 20:46:07",206
"2019-09-27 21:46:11",206
"2019-09-27 22:46:16",206
"2019-09-27 23:46:11",206
"2019-09-28 00:46:11",206
"2019-09-28 01:46:15",206
"2019-09-28 02:46:13",206
"2019-09-28 03:46:13",206
"2019-09-28 04:46:12",206
"2019-09-28 05:46:16",206
"2019-09-28 06:46:08",206
"2019-09-28 07:46:16",206
"2019-09-28 08:46:10",206
"2019-09-28 09:46:12",206
"2019-09-28 10:46:07",206
"2019-09-28 11:46:12",206
"2019-09-28 12:46:14",206
"2019-09-28 13:46:15",206
"2019-09-28 14:46:09",206
"2019-09-28 15:46:08",206
"2019-09-28 16:46:15",206
"2019-09-28 17:46:14",206
"2019-09-28 18:46:08",206
"2019-09-28 19:46:10",206
"2019-09-28 20:46:13",206
"2019-09-28 21:46:10",206
"2019-09-28 22:46:13",206
"2019-09-28 23:46:09",206
"2019-09-29 00:46:09",206
"2019-09-29 01:46:13",206
"2019-09-29 02:46:13",206
"2019-09-29 03:46:13",206
"2019-09-29 04:46:10",206
"2019-09-29 05:46:13",206
"2019-09-29 06:46:09",206
"2019-09-29 07:46:12",206
"2019-09-29 08:46:10",206
"2019-09-29 09:46:12",206
"2019-09-29 10:46:09",206
"2019-09-29 11:46:12",206
"2019-09-29 12:46:09",206
"2019-09-29 13:46:09",206
"2019-09-29 14:46:11",206
"2019-09-29 15:46:08",206
"2019-09-29 16:46:13",206
"2019-09-29 17:46:16",206
"2019-09-29 18:46:10",206
"2019-09-29 19:46:19",206
"2019-09-29 20:46:14",206
"2019-09-29 21:46:10",206
"2019-09-29 22:46:13",206
"2019-09-29 23:46:14",206
"2019-09-30 00:46:07",206
"2019-09-30 01:46:13",206
"2019-09-30 02:46:09",206
"2019-09-30 03:46:14",206
"2019-09-30 04:46:12",206
"2019-09-30 05:46:12",206
"2019-09-30 06:46:10",206
"2019-09-30 07:46:16",206
"2019-09-30 08:46:11",206
"2019-09-30 09:46:15",206
"2019-09-30 10:46:09",206
"2019-09-30 11:46:09",206
"2019-09-30 12:46:14",206
"2019-09-30 13:46:11",206
"2019-09-30 14:46:17",207
"2019-09-30 15:46:13",207
"2019-09-30 16:46:21",207
"2019-09-30 17:46:14",205
"2019-09-30 18:46:18",205
"2019-09-30 19:46:11",205
"2019-09-30 20:46:10",204
"2019-09-30 21:46:13",204
"2019-09-30 22:46:09",204
"2019-09-30 23:46:14",204
"2019-10-01 00:46:11",204
"2019-10-01 01:46:10",204
"2019-10-01 02:46:13",204
"2019-10-01 03:46:15",204
"2019-10-01 04:46:08",204
"2019-10-01 05:46:10",204
"2019-10-01 06:46:12",204
"2019-10-01 07:46:16",204
"2019-10-01 08:46:10",204
"2019-10-01 09:46:16",204
"2019-10-01 10:46:11",204
"2019-10-01 11:46:10",204
"2019-10-01 13:09:16",204
"2019-10-01 13:46:15",204
"2019-10-01 14:46:10",202
"2019-10-01 15:46:10",201
"2019-10-01 16:46:15",201
"2019-10-01 17:46:08",201
"2019-10-01 18:46:14",201
"2019-10-01 19:46:12",201
"2019-10-01 20:46:08",201
"2019-10-01 21:46:09",201
"2019-10-01 22:46:13",201
"2019-10-01 23:46:10",201
"2019-10-02 00:46:31",201
"2019-10-02 01:46:10",201
"2019-10-02 02:46:08",201
"2019-10-02 03:46:10",201
"2019-10-02 04:46:16",201
"2019-10-02 05:46:14",201
"2019-10-02 06:46:08",201
"2019-10-02 07:46:08",201
"2019-10-02 08:46:08",201
"2019-10-02 09:46:12",201
"2019-10-02 10:46:07",201
"2019-10-02 11:46:07",201
"2019-10-02 13:09:45",201
"2019-10-02 13:46:11",201
"2019-10-02 14:46:10",199
"2019-10-02 15:46:12",199
"2019-10-02 16:46:07",198
"2019-10-02 17:46:08",198
"2019-10-02 18:46:09",198
"2019-10-02 19:46:09",198
"2019-10-02 20:46:09",198
"2019-10-02 21:46:10",198
"2019-10-02 22:46:12",198
"2019-10-02 23:46:07",198
"2019-10-03 00:46:07",198
"2019-10-03 01:46:09",198
"2019-10-03 02:46:08",198
"2019-10-03 03:46:11",198
"2019-10-03 04:46:09",198
"2019-10-03 06:46:08",198
"2019-10-03 07:46:12",198
"2019-10-03 08:46:10",198
"2019-10-03 09:46:08",198
"2019-10-03 10:46:13",198
"2019-10-03 11:46:07",198
"2019-10-03 13:09:40",198
"2019-10-03 13:47:29",198
"2019-10-03 14:46:13",198
"2019-10-03 15:46:07",198
"2019-10-03 16:46:08",198
"2019-10-03 17:46:10",199
"2019-10-03 18:46:10",198
"2019-10-03 19:46:09",198
"2019-10-03 20:46:08",198
"2019-10-03 21:46:08",198
"2019-10-03 22:46:08",198
"2019-10-03 23:46:12",198
"2019-10-04 00:46:08",198
"2019-10-04 01:46:08",198
"2019-10-04 02:46:07",198
"2019-10-04 03:46:09",198
"2019-10-04 04:46:09",198
"2019-10-04 05:46:13",198
"2019-10-04 06:46:12",198
"2019-10-04 07:46:08",198
"2019-10-04 08:46:10",198
"2019-10-04 09:46:08",198
"2019-10-04 10:46:11",198
"2019-10-04 11:46:08",198
"2019-10-04 12:46:09",198
"2019-10-04 13:46:13",198
"2019-10-04 14:46:08",197
"2019-10-04 15:46:09",197
"2019-10-04 16:46:13",198
"2019-10-04 17:46:07",198
"2019-10-04 18:46:10",198
"2019-10-04 19:46:09",197
"2019-10-04 20:46:09",197
"2019-10-04 21:46:11",197
"2019-10-04 22:46:07",197
"2019-10-04 23:46:07",197
"2019-10-05 00:46:11",197
"2019-10-05 01:46:08",197
"2019-10-05 02:46:08",197
"2019-10-05 03:46:07",197
"2019-10-05 04:46:07",197
"2019-10-05 05:46:14",197
"2019-10-05 06:46:06",197
"2019-10-05 07:46:08",197
"2019-10-05 08:46:11",197
"2019-10-05 09:46:07",197
"2019-10-05 10:46:08",197
"2019-10-05 11:46:09",197
"2019-10-05 12:46:10",197
"2019-10-05 13:46:10",197
"2019-10-05 14:46:09",197
"2019-10-05 15:46:07",197
"2019-10-05 16:46:09",197
"2019-10-05 17:46:15",197
"2019-10-05 18:46:09",197
"2019-10-05 19:46:08",197
"2019-10-05 20:46:11",197
"2019-10-05 21:46:08",197
"2019-10-05 22:46:08",197
"2019-10-05 23:46:09",197
"2019-10-06 00:46:08",197
"2019-10-06 01:46:09",197
"2019-10-06 02:46:19",197
"2019-10-06 03:46:11",197
"2019-10-06 04:46:08",197
"2019-10-06 05:46:09",197
"2019-10-06 06:46:13",197
"2019-10-06 07:46:09",197
"2019-10-06 08:46:12",197
"2019-10-06 09:46:11",197
"2019-10-06 10:46:09",197
"2019-10-06 11:46:11",197
"2019-10-06 12:46:10",197
"2019-10-06 13:46:07",197
"2019-10-06 14:46:10",197
"2019-10-06 15:46:07",197
"2019-10-06 16:46:08",197
"2019-10-06 17:46:08",197
"2019-10-06 18:46:13",197
"2019-10-06 19:46:11",197
"2019-10-06 20:46:07",197
"2019-10-06 21:46:07",197
"2019-10-06 22:46:07",197
"2019-10-06 23:46:07",197
"2019-10-07 00:46:08",197
"2019-10-07 01:46:10",197
"2019-10-07 02:46:11",197
"2019-10-07 03:46:09",197
"2019-10-07 04:46:09",197
"2019-10-07 05:46:08",197
"2019-10-07 06:46:09",197
"2019-10-07 07:46:08",197
"2019-10-07 08:46:07",197
"2019-10-07 09:46:16",197
"2019-10-07 10:46:08",197
"2019-10-07 11:46:08",197
"2019-10-07 12:46:19",196
"2019-10-07 13:46:12",196
"2019-10-07 14:46:08",196
"2019-10-07 15:46:10",196
"2019-10-07 16:46:11",196
"2019-10-07 17:46:08",197
"2019-10-07 18:46:09",197
"2019-10-07 19:46:12",197
"2019-10-07 20:46:07",197
"2019-10-07 21:46:07",197
"2019-10-07 22:46:07",197
"2019-10-07 23:46:13",197
"2019-10-08 00:46:07",197
"2019-10-08 01:46:07",197
"2019-10-08 02:46:07",197
"2019-10-08 03:46:12",197
"2019-10-08 04:46:10",197
"2019-10-08 05:46:07",197
"2019-10-08 06:46:10",197
"2019-10-08 07:46:09",197
"2019-10-08 08:46:08",197
"2019-10-08 09:46:10",197
"2019-10-08 10:46:11",197
"2019-10-08 11:46:07",197
"2019-10-08 12:46:10",197
"2019-10-08 13:46:10",197
"2019-10-08 14:46:07",198
"2019-10-08 15:46:09",198
"2019-10-08 16:46:13",198
"2019-10-08 17:46:11",198
"2019-10-08 18:46:10",198
"2019-10-08 19:46:11",198
"2019-10-08 20:46:07",198
"2019-10-08 21:46:08",198
"2019-10-08 22:46:11",198
"2019-10-08 23:46:08",198
"2019-10-09 00:46:08",198
"2019-10-09 01:46:09",198
"2019-10-09 02:46:09",198
"2019-10-09 03:46:07",198
"2019-10-09 04:46:11",198
"2019-10-09 05:46:08",198
"2019-10-09 06:46:08",198
"2019-10-09 07:46:15",198
"2019-10-09 08:46:09",198
"2019-10-09 09:46:07",198
"2019-10-09 10:46:10",198
"2019-10-09 11:46:07",198
"2019-10-09 12:46:16",198
"2019-10-09 13:46:09",197
"2019-10-09 14:46:10",197
"2019-10-09 15:46:16",196
"2019-10-09 16:46:11",196
"2019-10-09 17:46:20",196
"2019-10-09 18:46:14",195
"2019-10-09 19:46:16",195
"2019-10-09 20:46:09",195
"2019-10-09 21:46:07",195
"2019-10-09 22:46:10",195
"2019-10-09 23:46:10",195
"2019-10-10 00:46:14",195
"2019-10-10 01:46:09",195
"2019-10-10 02:46:13",195
"2019-10-10 03:46:10",195
"2019-10-10 04:46:09",195
"2019-10-10 05:46:15",195
"2019-10-10 06:46:10",195
"2019-10-10 07:46:13",195
"2019-10-10 08:46:10",195
"2019-10-10 09:46:07",195
"2019-10-10 10:46:07",195
"2019-10-10 11:46:11",195
"2019-10-10 13:09:21",195
"2019-10-10 13:46:15",195
"2019-10-10 14:46:11",194
"2019-10-10 15:46:13",195
"2019-10-10 16:46:10",194
"2019-10-10 17:46:11",193
"2019-10-10 18:46:09",193
"2019-10-10 19:46:12",194
"2019-10-10 20:46:11",194
"2019-10-10 21:46:12",194
"2019-10-10 22:46:11",194
"2019-10-10 23:46:25",194
"2019-10-11 00:46:12",194
"2019-10-11 01:46:12",194
"2019-10-11 02:46:12",194
"2019-10-11 03:46:18",194
"2019-10-11 04:46:10",194
"2019-10-11 05:46:09",194
"2019-10-11 06:46:14",194
"2019-10-11 07:46:12",194
"2019-10-11 08:46:10",194
"2019-10-11 09:46:15",194
"2019-10-11 10:46:10",194
"2019-10-11 11:46:11",194
"2019-10-11 13:09:48",193
"2019-10-11 13:46:15",193
"2019-10-11 14:46:10",192
"2019-10-11 15:46:22",193
"2019-10-11 16:46:13",194
"2019-10-11 17:46:11",193
"2019-10-11 18:46:14",193
"2019-10-11 19:46:13",193
"2019-10-11 20:46:10",193
"2019-10-11 21:46:10",193
"2019-10-11 22:46:10",193
"2019-10-11 23:46:10",193
"2019-10-12 00:46:16",193
"2019-10-12 01:46:09",193
"2019-10-12 02:46:11",193
"2019-10-12 03:46:14",193
"2019-10-12 04:46:10",193
"2019-10-12 05:46:16",193
"2019-10-12 06:46:18",193
"2019-10-12 07:46:09",193
"2019-10-12 08:46:10",193
"2019-10-12 09:46:14",193
"2019-10-12 10:46:10",193
"2019-10-12 11:46:09",193
"2019-10-12 12:46:18",193
"2019-10-12 13:46:11",193
"2019-10-12 14:46:12",193
"2019-10-12 15:46:10",193
"2019-10-12 16:46:15",193
"2019-10-12 17:46:15",193
"2019-10-12 18:46:10",193
"2019-10-12 19:46:11",193
"2019-10-12 20:46:12",193
"2019-10-12 21:46:10",193
"2019-10-12 22:46:11",193
"2019-10-12 23:46:10",193
"2019-10-13 00:46:15",193
"2019-10-13 01:46:11",193
"2019-10-13 02:46:10",193
"2019-10-13 03:46:14",193
"2019-10-13 04:46:09",193
"2019-10-13 05:46:09",193
"2019-10-13 06:46:12",193
"2019-10-13 07:46:10",193
"2019-10-13 08:46:16",193
"2019-10-13 09:46:14",193
"2019-10-13 10:46:08",193
"2019-10-13 11:46:15",193
"2019-10-13 12:46:09",193
"2019-10-13 13:46:15",193
"2019-10-13 14:46:14",193
"2019-10-13 15:46:10",193
"2019-10-13 16:46:19",193
"2019-10-13 17:46:11",193
"2019-10-13 18:46:13",193
"2019-10-13 19:46:13",193
"2019-10-13 20:46:17",193
"2019-10-13 21:46:15",193
"2019-10-13 22:46:15",193
"2019-10-13 23:46:19",193
"2019-10-14 00:46:11",193
"2019-10-14 01:46:14",193
"2019-10-14 02:46:11",193
"2019-10-14 03:46:13",193
"2019-10-14 04:46:12",193
"2019-10-14 05:46:11",193
"2019-10-14 06:46:15",193
"2019-10-14 07:46:10",193
"2019-10-14 08:46:11",193
"2019-10-14 09:46:15",193
"2019-10-14 10:46:12",193
"2019-10-14 11:46:15",193
"2019-10-14 12:46:16",193
"2019-10-14 13:46:14",193
"2019-10-14 14:46:13",193
"2019-10-14 15:46:12",193
"2019-10-14 16:46:18",193
"2019-10-14 17:46:10",193
"2019-10-14 18:46:16",193
"2019-10-14 19:46:10",193
"2019-10-14 20:46:12",192
"2019-10-14 21:46:13",192
"2019-10-14 22:46:16",192
"2019-10-14 23:46:23",192
"2019-10-15 00:46:11",192
"2019-10-15 02:46:18",192
"2019-10-15 03:46:11",192
"2019-10-15 04:46:10",192
"2019-10-15 05:46:16",192
"2019-10-15 06:46:15",192
"2019-10-15 07:46:20",192
"2019-10-15 08:46:14",192
"2019-10-15 09:46:12",192
"2019-10-15 10:46:12",192
"2019-10-15 11:46:17",192
"2019-10-15 12:46:44",192
"2019-10-15 13:46:20",192
"2019-10-15 14:46:10",193
"2019-10-15 15:46:10",193
"2019-10-15 16:46:13",192
"2019-10-15 17:46:16",193
"2019-10-15 18:46:19",193
"2019-10-15 19:46:17",195
"2019-10-15 20:46:20",199
"2019-10-15 21:46:14",200
"2019-10-15 22:46:10",200
"2019-10-15 23:46:10",200
"2019-10-16 00:46:12",200
"2019-10-16 01:46:10",200
"2019-10-16 02:46:13",200
"2019-10-16 03:46:19",200
"2019-10-16 04:46:12",200
"2019-10-16 05:46:12",200
"2019-10-16 06:46:13",200
"2019-10-16 07:46:20",200
"2019-10-16 08:46:22",200
"2019-10-16 09:46:11",200
"2019-10-16 10:46:15",200
"2019-10-16 11:46:10",200
"2019-10-16 12:46:12",200
"2019-10-16 13:46:19",200
"2019-10-16 14:46:11",197
"2019-10-16 15:46:22",195
"2019-10-16 16:46:11",196
"2019-10-16 17:46:10",195
"2019-10-16 18:46:14",194
"2019-10-16 19:46:09",192
"2019-10-16 20:46:12",193
"2019-10-16 21:46:14",193
"2019-10-16 22:46:09",193
"2019-10-16 23:46:11",193
"2019-10-17 00:46:11",193
"2019-10-17 01:46:13",193
"2019-10-17 02:46:11",193
"2019-10-17 04:46:15",193
"2019-10-17 05:46:10",193
"2019-10-17 06:46:10",193
"2019-10-17 07:46:16",193
"2019-10-17 08:46:11",193
"2019-10-17 09:46:09",193
"2019-10-17 10:46:08",193
"2019-10-17 11:46:16",193
"2019-10-17 12:46:13",193
"2019-10-17 13:46:15",193
"2019-10-17 14:46:16",192
"2019-10-17 15:46:10",193
"2019-10-17 16:46:10",194
"2019-10-17 17:46:12",194
"2019-10-17 18:46:11",194
"2019-10-17 19:46:15",194
"2019-10-17 20:46:11",194
"2019-10-17 21:46:10",194
"2019-10-17 22:46:11",194
"2019-10-17 23:46:12",194
"2019-10-18 00:46:10",194
"2019-10-18 01:46:12",194
"2019-10-18 02:46:10",194
"2019-10-18 03:46:17",194
"2019-10-18 04:46:10",194
"2019-10-18 05:46:11",194
"2019-10-18 06:46:18",194
"2019-10-18 07:46:12",194
"2019-10-18 08:46:14",194
"2019-10-18 09:46:12",194
"2019-10-18 10:46:17",194
"2019-10-18 11:46:12",194
"2019-10-18 13:08:47",192
"2019-10-18 13:46:09",192
"2019-10-18 14:46:11",191
"2019-10-18 15:46:16",191
"2019-10-18 16:46:09",191
"2019-10-18 17:46:14",191
"2019-10-18 18:46:10",191
"2019-10-18 19:46:11",191
"2019-10-18 20:46:14",191
"2019-10-18 21:46:10",191
"2019-10-18 23:46:11",191
"2019-10-19 00:46:10",191
"2019-10-19 01:46:15",191
"2019-10-19 02:46:11",191
"2019-10-19 03:46:10",191
"2019-10-19 04:46:14",191
"2019-10-19 05:46:09",191
"2019-10-19 06:46:14",191
"2019-10-19 07:46:12",191
"2019-10-19 08:46:11",191
"2019-10-19 09:46:14",191
"2019-10-19 10:46:14",191
"2019-10-19 11:46:10",191
"2019-10-19 12:46:16",191
"2019-10-19 13:46:09",191
"2019-10-19 14:46:11",191
"2019-10-19 15:46:11",191
"2019-10-19 16:46:16",191
"2019-10-19 17:46:10",191
"2019-10-19 18:46:10",191
"2019-10-19 19:46:15",191
"2019-10-19 20:46:12",191
"2019-10-19 21:46:09",191
"2019-10-19 22:46:10",191
"2019-10-19 23:46:10",191
"2019-10-20 00:46:11",191
"2019-10-20 01:46:10",191
"2019-10-20 02:46:15",191
"2019-10-20 03:46:10",191
"2019-10-20 04:46:12",191
"2019-10-20 05:46:15",191
"2019-10-20 06:46:13",191
"2019-10-20 07:46:16",191
"2019-10-20 08:46:12",191
"2019-10-20 09:46:11",191
"2019-10-20 10:46:14",191
"2019-10-20 11:46:11",191
"2019-10-20 12:46:16",191
"2019-10-20 13:46:10",191
"2019-10-20 14:46:09",191
"2019-10-20 16:46:14",191
"2019-10-20 17:46:10",191
"2019-10-20 18:46:11",191
"2019-10-20 19:46:09",191
"2019-10-20 20:46:08",191
"2019-10-20 21:46:09",191
"2019-10-20 22:46:10",191
"2019-10-20 23:46:11",191
"2019-10-21 00:46:11",191
"2019-10-21 01:46:14",191
"2019-10-21 02:46:11",191
"2019-10-21 03:46:11",191
"2019-10-21 04:46:10",191
"2019-10-21 05:46:17",191
"2019-10-21 06:46:10",191
"2019-10-21 07:46:14",191
"2019-10-21 08:46:14",191
"2019-10-21 09:46:12",191
"2019-10-21 10:46:11",191
"2019-10-21 11:46:15",191
"2019-10-21 13:09:43",191
"2019-10-21 13:46:19",191
"2019-10-21 14:46:12",196
"2019-10-21 15:46:14",195
"2019-10-21 16:46:15",195
"2019-10-21 17:46:10",195
"2019-10-21 18:46:12",196
"2019-10-21 19:46:12",196
"2019-10-21 20:46:10",198
"2019-10-21 22:46:17",199
"2019-10-21 23:46:10",199
"2019-10-22 00:46:10",199
"2019-10-22 01:46:12",199
"2019-10-22 02:46:15",199
"2019-10-22 03:46:18",199
"2019-10-22 04:46:16",199
"2019-10-22 05:46:12",199
"2019-10-22 06:46:11",199
"2019-10-22 07:46:18",199
"2019-10-22 08:46:11",199
"2019-10-22 09:46:15",199
"2019-10-22 10:46:11",199
"2019-10-22 11:46:09",199
"2019-10-22 12:46:22",199
"2019-10-22 13:46:11",199
"2019-10-22 14:46:12",201
"2019-10-22 15:46:18",203
"2019-10-22 16:46:17",203
"2019-10-22 17:46:16",203
"2019-10-22 18:46:14",202
"2019-10-22 19:46:11",202
"2019-10-22 20:46:13",200
"2019-10-22 21:46:12",200
"2019-10-22 22:46:13",200
"2019-10-22 23:46:13",200
"2019-10-23 00:46:22",200
"2019-10-23 01:46:15",200
"2019-10-23 02:46:12",200
"2019-10-23 03:46:11",200
"2019-10-23 04:46:19",200
"2019-10-23 05:46:13",200
"2019-10-23 06:46:23",200
"2019-10-23 07:46:15",200
"2019-10-23 08:46:13",200
"2019-10-23 09:46:18",200
"2019-10-23 10:46:13",200
"2019-10-23 11:46:11",200
"2019-10-23 12:46:20",200
"2019-10-23 13:46:19",200
"2019-10-23 14:46:12",202
"2019-10-23 15:46:10",202
"2019-10-23 16:46:15",202
"2019-10-23 17:46:11",203
"2019-10-23 18:46:10",202
"2019-10-23 19:46:11",203
"2019-10-23 20:46:15",203
"2019-10-23 21:46:10",203
"2019-10-23 22:46:12",203
"2019-10-23 23:46:12",203
"2019-10-24 01:02:06",203
"2019-10-24 01:46:14",203
"2019-10-24 02:46:16",203
"2019-10-24 03:46:17",203
"2019-10-24 04:46:12",203
"2019-10-24 05:46:17",203
"2019-10-24 06:46:20",203
"2019-10-24 07:46:12",203
"2019-10-24 08:46:12",203
"2019-10-24 09:46:17",203
"2019-10-24 10:46:11",203
"2019-10-24 11:46:10",203
"2019-10-24 13:09:48",203
"2019-10-24 13:46:13",203
"2019-10-24 14:46:11",201
"2019-10-24 15:46:16",201
"2019-10-24 16:46:12",202
"2019-10-24 17:46:14",202
"2019-10-24 18:46:12",202
"2019-10-24 19:46:17",202
"2019-10-24 20:46:10",202
"2019-10-24 21:46:13",202
"2019-10-24 22:46:12",202
"2019-10-24 23:46:14",202
"2019-10-25 00:46:12",202
"2019-10-25 01:46:13",202
"2019-10-25 02:46:18",202
"2019-10-25 03:46:13",202
"2019-10-25 04:46:10",202
"2019-10-25 05:46:17",202
"2019-10-25 06:46:13",202
"2019-10-25 07:46:15",202
"2019-10-25 08:46:16",202
"2019-10-25 09:46:11",202
"2019-10-25 10:46:11",202
"2019-10-25 11:46:21",202
"2019-10-25 13:09:44",202
"2019-10-25 13:46:17",202
"2019-10-25 14:46:19",203
"2019-10-25 15:46:12",203
"2019-10-25 16:46:19",203
"2019-10-25 17:46:12",203
"2019-10-25 18:46:12",203
"2019-10-25 19:46:11",203
"2019-10-25 20:46:11",202
"2019-10-25 21:46:10",202
"2019-10-25 22:46:11",202
"2019-10-25 23:46:12",202
"2019-10-26 00:46:16",202
"2019-10-26 01:46:18",202
"2019-10-26 02:46:13",202
"2019-10-26 03:46:13",202
"2019-10-26 04:46:17",202
"2019-10-26 05:46:12",202
"2019-10-26 06:46:09",202
"2019-10-26 07:46:19",202
"2019-10-26 08:46:11",202
"2019-10-26 09:46:11",202
"2019-10-26 10:46:09",202
"2019-10-26 11:46:16",202
"2019-10-26 12:46:11",202
"2019-10-26 13:46:15",202
"2019-10-26 14:46:14",202
"2019-10-26 15:46:16",202
"2019-10-26 16:46:14",202
"2019-10-26 17:46:15",202
"2019-10-26 18:46:17",202
"2019-10-26 19:46:15",202
"2019-10-26 20:46:14",202
"2019-10-26 21:46:15",202
"2019-10-26 22:46:13",202
"2019-10-26 23:46:15",202
"2019-10-27 00:46:15",202
"2019-10-27 01:46:12",202
"2019-10-27 02:46:16",202
"2019-10-27 03:46:15",202
"2019-10-27 04:46:10",202
"2019-10-27 05:46:17",202
"2019-10-27 06:46:14",202
"2019-10-27 07:46:11",202
"2019-10-27 08:46:12",202
"2019-10-27 09:46:10",202
"2019-10-27 10:46:09",202
"2019-10-27 11:46:10",202
"2019-10-27 12:46:14",202
"2019-10-27 13:46:11",202
"2019-10-27 14:46:10",202
"2019-10-27 15:46:20",202
"2019-10-27 16:46:11",202
"2019-10-27 17:46:11",202
"2019-10-27 18:46:16",202
"2019-10-27 19:46:14",202
"2019-10-27 20:46:16",202
"2019-10-27 21:46:11",202
"2019-10-27 22:46:10",202
"2019-10-27 23:46:10",202
"2019-10-28 00:46:10",202
"2019-10-28 01:46:12",202
"2019-10-28 02:46:13",202
"2019-10-28 03:46:15",202
"2019-10-28 04:46:10",202
"2019-10-28 05:46:10",202
"2019-10-28 06:46:15",202
"2019-10-28 07:46:14",202
"2019-10-28 08:46:12",202
"2019-10-28 09:46:11",202
"2019-10-28 10:46:17",202
"2019-10-28 11:46:09",202
"2019-10-28 12:46:17",201
"2019-10-28 14:46:16",202
"2019-10-28 15:46:24",202
"2019-10-28 16:46:22",202
"2019-10-28 17:46:16",203
"2019-10-28 18:46:16",203
"2019-10-28 19:46:16",203
"2019-10-28 23:46:14",202
"2019-10-29 00:46:12",202
"2019-10-29 01:46:19",202
"2019-10-29 02:46:15",202
"2019-10-29 03:46:18",202
"2019-10-29 04:46:13",202
"2019-10-29 05:46:16",202
"2019-10-29 06:46:17",202
"2019-10-29 07:46:15",202
"2019-10-29 08:46:15",202
"2019-10-29 09:46:11",202
"2019-10-29 10:46:16",202
"2019-10-29 11:46:12",202
"2019-10-29 12:46:13",202
"2019-10-29 13:46:22",202
"2019-10-29 14:46:13",201
"2019-10-29 15:46:14",202
"2019-10-29 16:46:17",203
"2019-10-29 17:46:11",202
"2019-10-29 18:46:16",200
"2019-10-29 19:46:15",199
"2019-10-29 20:46:12",198
"2019-10-29 21:46:17",198
"2019-10-29 22:46:14",198
"2019-10-29 23:46:14",198
"2019-10-30 00:46:21",198
"2019-10-30 01:46:14",198
"2019-10-30 02:46:13",198
"2019-10-30 03:46:13",198
"2019-10-30 04:46:19",198
"2019-10-30 05:46:20",198
"2019-10-30 06:46:14",198
"2019-10-30 07:46:24",198
"2019-10-30 08:46:14",198
"2019-10-30 09:46:16",198
"2019-10-30 10:46:18",198
"2019-10-30 11:46:11",198
"2019-10-30 13:46:50",198
"2019-10-30 14:46:12",198
"2019-10-30 15:46:10",198
"2019-10-30 16:46:14",198
"2019-10-30 17:46:13",197
"2019-10-30 18:46:12",197
"2019-10-30 19:46:11",199
"2019-10-30 20:46:16",199
"2019-10-30 21:46:12",199
"2019-10-30 22:46:12",199
"2019-10-30 23:46:11",199
"2019-10-31 00:46:12",199
"2019-10-31 01:46:13",199
"2019-10-31 02:46:11",199
"2019-10-31 03:46:15",199
"2019-10-31 04:46:12",199
"2019-10-31 05:46:13",199
"2019-10-31 06:46:17",199
"2019-10-31 07:46:14",199
"2019-10-31 08:46:13",199
"2019-10-31 09:46:18",199
"2019-10-31 10:46:13",199
"2019-10-31 11:46:14",199
"2019-10-31 13:11:19",199
"2019-10-31 13:46:15",199
"2019-10-31 14:46:13",200
"2019-10-31 15:46:16",199
"2019-10-31 16:46:16",198
"2019-10-31 17:46:14",197
"2019-10-31 18:46:12",197
"2019-10-31 19:46:12",197
"2019-10-31 20:46:15",197
"2019-10-31 22:09:17",197
"2019-10-31 22:46:19",197
"2019-10-31 23:46:12",197
"2019-11-01 00:46:12",197
"2019-11-01 01:46:12",197
"2019-11-01 02:46:13",197
"2019-11-01 03:46:17",197
"2019-11-01 04:46:14",197
"2019-11-01 05:46:18",197
"2019-11-01 06:46:11",197
"2019-11-01 07:46:20",197
"2019-11-01 08:46:14",197
"2019-11-01 09:46:17",197
"2019-11-01 10:46:16",197
"2019-11-01 11:46:19",197
"2019-11-01 13:42:25",197
"2019-11-01 13:51:41",197
"2019-11-01 14:46:13",197
"2019-11-01 15:46:11",197
"2019-11-01 16:46:18",197
"2019-11-01 17:46:15",197
"2019-11-01 18:46:20",198
"2019-11-01 19:46:12",199
"2019-11-01 20:46:12",199
"2019-11-01 21:46:11",199
"2019-11-01 22:46:11",199
"2019-11-01 23:46:12",199
"2019-11-02 00:46:16",199
"2019-11-02 01:46:13",199
"2019-11-02 02:46:12",199
"2019-11-02 03:46:18",199
"2019-11-02 04:46:12",199
"2019-11-02 05:46:13",199
"2019-11-02 06:46:15",199
"2019-11-02 07:46:11",199
"2019-11-02 08:46:12",199
"2019-11-02 09:46:10",199
"2019-11-02 10:46:16",199
"2019-11-02 11:46:11",199
"2019-11-02 12:46:19",199
"2019-11-02 13:46:12",199
"2019-11-02 14:46:14",199
"2019-11-02 15:46:17",199
"2019-11-02 16:46:12",199
"2019-11-02 17:46:12",199
"2019-11-02 18:46:13",199
"2019-11-02 19:46:12",199
"2019-11-02 20:46:12",199
"2019-11-02 23:46:15",199
"2019-11-03 00:46:11",199
"2019-11-03 01:46:14",199
"2019-11-03 03:46:14",199
"2019-11-03 05:46:15",199
"2019-11-03 06:46:11",199
"2019-11-03 07:46:13",199
"2019-11-03 21:46:16",199
"2019-11-03 22:46:11",199
"2019-11-03 23:46:16",199
"2019-11-04 00:46:11",199
"2019-11-04 01:46:12",199
"2019-11-04 02:46:11",199
"2019-11-04 03:46:11",199
"2019-11-04 04:46:11",199
"2019-11-04 05:46:15",199
"2019-11-04 06:46:13",199
"2019-11-04 07:46:10",199
"2019-11-04 08:46:11",199
"2019-11-04 09:46:14",199
"2019-11-04 10:46:11",199
"2019-11-04 11:46:10",199
"2019-11-04 12:46:11",199
"2019-11-04 14:11:45",199
"2019-11-04 15:46:12",197
"2019-11-04 16:46:13",198
"2019-11-04 17:46:13",197
"2019-11-04 18:46:12",197
"2019-11-04 19:46:15",196
"2019-11-04 20:46:12",196
"2019-11-04 21:46:12",196
"2019-11-04 22:46:12",196
"2019-11-04 23:46:11",196
"2019-11-05 00:46:13",196
"2019-11-05 01:46:12",196
"2019-11-05 02:46:16",196
"2019-11-05 03:46:12",196
"2019-11-05 04:46:10",196
"2019-11-05 05:46:16",196
"2019-11-05 06:46:13",196
"2019-11-05 07:46:11",196
"2019-11-05 08:46:14",196
"2019-11-05 09:46:16",196
"2019-11-05 10:46:12",196
"2019-11-05 11:46:13",196
"2019-11-05 12:46:12",196
"2019-11-05 14:11:46",196
"2019-11-05 14:46:18",196
"2019-11-05 15:46:12",196
"2019-11-05 16:46:13",196
"2019-11-05 17:46:12",196
"2019-11-05 18:46:11",195
"2019-11-05 19:46:15",195
"2019-11-05 20:46:16",195
"2019-11-05 21:46:12",195
"2019-11-05 22:46:13",195
"2019-11-05 23:46:11",195
"2019-11-06 00:46:12",195
"2019-11-06 01:46:14",195
"2019-11-06 02:46:43",195
"2019-11-06 03:46:13",195
"2019-11-06 04:46:17",195
"2019-11-06 05:46:12",195
"2019-11-06 06:46:18",195
"2019-11-06 07:46:11",195
"2019-11-06 08:46:12",195
"2019-11-06 09:46:15",195
"2019-11-06 10:46:15",195
"2019-11-06 11:46:11",195
"2019-11-06 12:46:11",195
"2019-11-06 13:46:12",195
"2019-11-06 14:46:19",195
"2019-11-06 15:46:14",196
"2019-11-06 16:46:15",196
"2019-11-06 17:46:14",197
"2019-11-06 18:46:15",197
"2019-11-06 19:46:15",196
"2019-11-06 20:46:19",196
"2019-11-06 21:46:15",196
"2019-11-06 22:46:14",196
"2019-11-06 23:46:14",196
"2019-11-07 00:46:13",196
"2019-11-07 01:46:13",196
"2019-11-07 02:46:14",196
"2019-11-07 03:46:13",196
"2019-11-07 04:46:17",196
"2019-11-07 05:46:15",196
"2019-11-07 06:46:12",196
"2019-11-07 07:46:15",196
"2019-11-07 08:46:14",196
"2019-11-07 09:46:15",196
"2019-11-07 10:46:11",196
"2019-11-07 11:46:11",196
"2019-11-07 12:46:13",196
"2019-11-07 14:10:15",196
"2019-11-07 14:46:46",196
"2019-11-07 15:46:17",195
"2019-11-07 16:46:16",195
"2019-11-07 17:46:16",196
"2019-11-07 18:46:15",196
"2019-11-07 19:46:16",196
"2019-11-07 21:10:51",195
"2019-11-07 21:46:18",195
"2019-11-07 22:46:21",195
"2019-11-07 23:46:22",195
"2019-11-08 00:46:24",195
"2019-11-08 01:46:20",195
"2019-11-08 02:46:26",195
"2019-11-08 03:46:23",195
"2019-11-08 04:46:21",195
"2019-11-08 05:46:23",195
"2019-11-08 06:46:17",195
"2019-11-08 07:46:17",195
"2019-11-08 08:46:24",195
"2019-11-08 09:46:20",195
"2019-11-08 10:46:19",195
"2019-11-08 11:46:16",195
"2019-11-08 12:46:17",195
"2019-11-08 14:11:55",195
"2019-11-08 14:46:55",195
"2019-11-08 15:46:20",195
"2019-11-08 16:46:19",195
"2019-11-08 17:46:21",194
"2019-11-08 18:46:20",194
"2019-11-08 19:46:25",193
"2019-11-08 20:46:19",193
"2019-11-08 21:46:22",193
"2019-11-08 22:46:21",193
"2019-11-08 23:46:22",193
"2019-11-09 00:46:22",193
"2019-11-09 01:46:21",193
"2019-11-09 02:46:21",193
"2019-11-09 03:46:21",193
"2019-11-09 04:46:23",193
"2019-11-09 05:46:19",193
"2019-11-09 06:46:19",193
"2019-11-09 07:46:22",193
"2019-11-09 08:46:22",193
"2019-11-09 09:46:20",193
"2019-11-09 10:46:18",193
"2019-11-09 11:46:24",193
"2019-11-09 12:46:20",193
"2019-11-09 13:46:19",193
"2019-11-09 14:46:23",193
"2019-11-09 15:46:24",193
"2019-11-09 16:46:20",193
"2019-11-09 18:46:19",193
"2019-11-09 19:46:21",193
"2019-11-09 20:46:24",193
"2019-11-09 21:46:20",193
"2019-11-09 22:46:24",193
"2019-11-09 23:46:20",193
"2019-11-10 00:46:19",193
"2019-11-10 01:46:21",193
"2019-11-10 02:46:23",193
"2019-11-10 03:46:19",193
"2019-11-10 04:46:20",193
"2019-11-10 05:46:20",193
"2019-11-10 06:46:19",193
"2019-11-10 07:46:17",193
"2019-11-10 08:46:24",193
"2019-11-10 09:46:22",193
"2019-11-10 10:46:18",193
"2019-11-10 11:46:18",193
"2019-11-10 12:46:21",193
"2019-11-10 13:46:18",193
"2019-11-10 14:46:17",193
"2019-11-10 15:46:23",193
"2019-11-10 16:46:19",193
"2019-11-10 17:46:20",193
"2019-11-10 18:46:22",193
"2019-11-10 19:46:18",193
"2019-11-10 20:46:19",193
"2019-11-10 21:46:18",193
"2019-11-10 22:46:21",193
"2019-11-10 23:46:23",193
"2019-11-11 00:46:20",193
"2019-11-11 01:46:23",193
"2019-11-11 02:46:21",193
"2019-11-11 03:46:21",193
"2019-11-11 04:46:22",193
"2019-11-11 05:46:24",193
"2019-11-11 06:46:20",193
"2019-11-11 07:46:21",193
"2019-11-11 08:46:25",193
"2019-11-11 09:46:23",193
"2019-11-11 10:46:22",193
"2019-11-11 11:46:19",193
"2019-11-11 12:46:22",193
"2019-11-11 13:46:22",193
"2019-11-11 14:46:26",193
"2019-11-11 15:46:27",194
"2019-11-11 16:46:23",194
"2019-11-11 17:46:25",193
"2019-11-11 18:46:27",193
"2019-11-11 19:46:22",193
"2019-11-11 21:46:22",193
"2019-11-11 22:46:19",193
"2019-11-11 23:46:20",193
"2019-11-12 00:46:17",193
"2019-11-12 01:46:19",193
"2019-11-12 02:46:26",193
"2019-11-12 03:46:21",193
"2019-11-12 04:46:18",193
"2019-11-12 05:46:23",193
"2019-11-12 06:46:20",193
"2019-11-12 07:46:23",193
"2019-11-12 08:46:19",193
"2019-11-12 09:46:18",193
"2019-11-12 10:46:17",193
"2019-11-12 11:46:23",193
"2019-11-12 12:46:24",193
"2019-11-12 14:10:23",193
"2019-11-12 14:46:26",193
"2019-11-12 15:46:20",192
"2019-11-12 16:46:21",192
"2019-11-12 17:46:23",193
"2019-11-12 18:46:25",193
"2019-11-12 19:46:18",193
"2019-11-12 20:46:18",193
"2019-11-12 21:46:19",193
"2019-11-12 22:46:24",193
"2019-11-12 23:46:20",193
"2019-11-13 00:46:26",193
"2019-11-13 01:46:20",193
"2019-11-13 02:46:22",193
"2019-11-13 03:46:23",193
"2019-11-13 04:46:20",193
"2019-11-13 05:46:30",193
"2019-11-13 06:46:20",193
"2019-11-13 07:46:27",193
"2019-11-13 08:46:23",193
"2019-11-13 09:46:21",193
"2019-11-13 10:46:20",193
"2019-11-13 11:46:26",193
"2019-11-13 12:46:18",193
"2019-11-13 13:46:18",192
"2019-11-13 15:46:27",191
"2019-11-13 16:46:19",191
"2019-11-13 17:46:21",191
"2019-11-13 18:46:24",190
"2019-11-13 19:46:19",189
"2019-11-13 20:46:20",189
"2019-11-13 21:46:19",190
"2019-11-13 22:46:22",190
"2019-11-13 23:46:22",190
"2019-11-14 00:46:20",190
"2019-11-14 01:46:19",190
"2019-11-14 02:46:27",190
"2019-11-14 03:46:19",190
"2019-11-14 04:46:19",190
"2019-11-14 05:46:26",190
"2019-11-14 06:46:19",190
"2019-11-14 07:46:27",190
"2019-11-14 08:46:24",190
"2019-11-14 09:46:24",190
"2019-11-14 10:46:23",190
"2019-11-14 11:46:26",190
"2019-11-14 12:46:18",190
"2019-11-14 14:10:00",190
"2019-11-14 14:46:23",190
"2019-11-14 15:46:21",190
"2019-11-14 17:46:22",191
"2019-11-14 18:46:20",191
"2019-11-14 19:46:20",191
"2019-11-14 20:46:21",191
"2019-11-14 21:46:27",193
"2019-11-14 22:46:19",193
"2019-11-14 23:46:22",193
"2019-11-15 00:46:21",193
"2019-11-15 01:46:21",193
"2019-11-15 02:46:20",193
"2019-11-15 03:46:21",193
"2019-11-15 04:46:22",193
"2019-11-15 05:46:22",193
"2019-11-15 06:46:23",193
"2019-11-15 07:46:20",193
"2019-11-15 08:46:30",193
"2019-11-15 09:46:19",193
"2019-11-15 10:46:19",193
"2019-11-15 11:46:19",193
"2019-11-15 12:46:25",193
"2019-11-15 14:12:53",193
"2019-11-15 15:46:28",194
"2019-11-15 16:46:19",194
"2019-11-15 17:46:20",194
"2019-11-15 18:46:28",194
"2019-11-15 19:46:23",194
"2019-11-15 20:46:25",194
"2019-11-15 21:46:18",194
"2019-11-15 22:46:21",194
"2019-11-15 23:46:21",194
"2019-11-16 00:46:23",194
"2019-11-16 01:46:19",194
"2019-11-16 02:46:22",194
"2019-11-16 03:46:19",194
"2019-11-16 04:46:21",194
"2019-11-16 05:46:20",194
"2019-11-16 06:46:21",194
"2019-11-16 07:46:19",194
"2019-11-16 08:46:22",194
"2019-11-16 09:46:26",194
"2019-11-16 10:46:18",194
"2019-11-16 11:46:18",194
"2019-11-16 12:46:25",194
"2019-11-16 13:46:23",194
"2019-11-16 14:46:21",194
"2019-11-16 15:46:20",194
"2019-11-16 16:46:19",194
"2019-11-16 17:46:22",194
"2019-11-16 18:46:18",194
"2019-11-16 19:46:19",194
"2019-11-16 20:46:17",194
"2019-11-16 21:46:18",194
"2019-11-16 22:46:19",194
"2019-11-16 23:46:17",194
"2019-11-17 00:46:18",194
"2019-11-17 01:46:16",194
"2019-11-17 02:46:22",194
"2019-11-17 03:46:17",194
"2019-11-17 04:46:20",194
"2019-11-17 05:46:20",194
"2019-11-17 06:46:20",194
"2019-11-17 07:46:21",194
"2019-11-17 08:46:19",194
"2019-11-17 10:46:26",194
"2019-11-17 11:46:22",194
"2019-11-17 12:46:19",194
"2019-11-17 13:46:19",194
"2019-11-17 14:46:17",194
"2019-11-17 15:46:17",194
"2019-11-17 16:46:20",194
"2019-11-17 17:46:16",194
"2019-11-17 18:46:16",194
"2019-11-17 19:46:17",194
"2019-11-17 20:46:22",194
"2019-11-17 21:46:22",194
"2019-11-17 22:46:19",194
"2019-11-17 23:46:22",194
"2019-11-18 00:46:17",194
"2019-11-18 01:46:17",194
"2019-11-18 02:46:19",194
"2019-11-18 03:46:18",194
"2019-11-18 04:46:16",194
"2019-11-18 05:46:20",194
"2019-11-18 06:46:16",194
"2019-11-18 07:46:18",194
"2019-11-18 08:46:25",194
"2019-11-18 09:46:25",194
"2019-11-18 10:46:21",194
"2019-11-18 11:46:17",194
"2019-11-18 12:46:20",194
"2019-11-18 14:11:26",194
"2019-11-18 14:46:19",194
"2019-11-18 15:46:25",194
"2019-11-18 16:46:22",195
"2019-11-18 17:46:24",195
"2019-11-18 18:46:24",196
"2019-11-18 19:46:20",196
"2019-11-18 20:46:24",196
"2019-11-18 21:46:22",197
"2019-11-18 22:46:18",197
"2019-11-18 23:46:21",197
"2019-11-19 00:46:19",197
"2019-11-19 01:46:20",197
"2019-11-19 02:46:18",197
"2019-11-19 03:46:18",197
"2019-11-19 04:46:21",197
"2019-11-19 05:46:17",197
"2019-11-19 06:46:21",197
"2019-11-19 07:46:18",197
"2019-11-19 08:46:19",197
"2019-11-19 09:46:25",197
"2019-11-19 10:46:18",197
"2019-11-19 11:46:17",197
"2019-11-19 12:46:19",197
"2019-11-19 14:11:25",197
"2019-11-19 14:46:22",197
"2019-11-19 15:46:22",197
"2019-11-19 16:46:19",197
"2019-11-19 17:46:26",197
"2019-11-19 18:46:18",197
"2019-11-19 19:46:22",197
"2019-11-19 20:46:21",197
"2019-11-19 21:46:24",197
"2019-11-19 22:46:20",197
"2019-11-19 23:46:20",197
"2019-11-20 00:46:22",197
"2019-11-20 01:46:21",197
"2019-11-20 02:46:22",197
"2019-11-20 03:46:22",197
"2019-11-20 04:46:20",197
"2019-11-20 05:46:22",197
"2019-11-20 06:46:22",197
"2019-11-20 07:46:23",197
"2019-11-20 08:46:28",197
"2019-11-20 09:46:31",197
"2019-11-20 10:46:31",197
"2019-11-20 11:46:28",197
"2019-11-20 12:46:29",197
"2019-11-20 14:11:00",197
"2019-11-20 14:46:29",197
"2019-11-20 15:46:26",197
"2019-11-20 16:46:27",198
"2019-11-20 22:46:24",198
"2019-11-20 23:46:18",198
"2019-11-21 00:46:18",198
"2019-11-21 01:46:19",198
"2019-11-21 02:46:22",198
"2019-11-21 03:46:20",198
"2019-11-21 04:46:17",198
"2019-11-21 05:46:20",198
"2019-11-21 06:46:22",198
"2019-11-21 07:46:17",198
"2019-11-21 08:46:18",198
"2019-11-21 09:46:19",198
"2019-11-21 10:46:20",198
"2019-11-21 11:46:19",198
"2019-11-21 12:46:18",198
"2019-11-21 14:10:22",198
"2019-11-21 14:46:25",198
"2019-11-21 15:46:18",198
"2019-11-21 16:46:20",198
"2019-11-21 17:46:21",198
"2019-11-21 18:46:17",198
"2019-11-21 19:46:17",198
"2019-11-21 20:46:18",198
"2019-11-21 21:46:18",198
"2019-11-21 22:46:18",198
"2019-11-21 23:46:19",198
"2019-11-22 00:46:18",198
"2019-11-22 01:46:22",198
"2019-11-22 02:46:17",198
"2019-11-22 03:46:17",198
"2019-11-22 04:46:16",198
"2019-11-22 05:46:22",198
"2019-11-22 06:46:20",198
"2019-11-22 07:46:22",198
"2019-11-22 08:46:26",198
"2019-11-22 09:46:25",198
"2019-11-22 10:46:24",198
"2019-11-22 11:46:20",198
"2019-11-22 12:47:19",198
"2019-11-22 13:46:17",198
"2019-11-22 14:46:20",198
"2019-11-22 15:46:16",198
"2019-11-22 16:46:16",198
"2019-11-22 17:46:22",198
"2019-11-22 18:46:22",198
"2019-11-22 19:46:17",199
"2019-11-22 20:46:18",199
"2019-11-22 21:46:18",199
"2019-11-22 22:46:17",199
"2019-11-22 23:46:20",199
"2019-11-23 00:46:25",199
"2019-11-23 01:46:18",199
"2019-11-23 02:46:17",199
"2019-11-23 03:46:17",199
"2019-11-23 04:46:23",199
"2019-11-23 05:46:18",199
"2019-11-23 06:46:19",199
"2019-11-23 07:46:19",199
"2019-11-23 08:46:20",199
"2019-11-23 09:46:21",199
"2019-11-23 10:46:20",199
"2019-11-23 11:46:16",199
"2019-11-23 12:46:16",199
"2019-11-23 13:46:17",199
"2019-11-23 14:46:18",199
"2019-11-23 15:46:17",199
"2019-11-23 16:46:17",199
"2019-11-23 17:46:18",199
"2019-11-23 18:46:17",199
"2019-11-23 19:46:19",199
"2019-11-23 20:46:15",199
"2019-11-23 21:46:19",199
"2019-11-23 22:46:15",199
"2019-11-23 23:46:15",199
"2019-11-24 00:46:20",199
"2019-11-24 01:46:16",199
"2019-11-24 02:46:16",199
"2019-11-24 03:46:16",199
"2019-11-24 04:46:14",199
"2019-11-24 05:46:15",199
"2019-11-24 06:46:16",199
"2019-11-24 07:46:14",199
"2019-11-24 08:46:18",199
"2019-11-24 09:46:21",199
"2019-11-24 10:46:19",199
"2019-11-24 11:46:17",199
"2019-11-24 12:46:14",199
"2019-11-24 13:46:14",199
"2019-11-24 14:46:17",199
"2019-11-24 15:46:17",199
"2019-11-24 16:46:16",199
"2019-11-24 17:46:16",199
"2019-11-24 18:46:18",199
"2019-11-24 19:46:16",199
"2019-11-24 20:46:19",199
"2019-11-24 21:46:16",199
"2019-11-24 22:46:21",199
"2019-11-24 23:46:17",199
"2019-11-25 00:46:17",199
"2019-11-25 01:46:21",199
"2019-11-25 02:46:18",199
"2019-11-25 04:46:15",199
"2019-11-25 05:46:18",199
"2019-11-25 06:46:17",199
"2019-11-25 07:46:17",199
"2019-11-25 08:46:24",199
"2019-11-25 09:46:23",199
"2019-11-25 10:46:23",199
"2019-11-25 11:46:21",199
"2019-11-25 12:46:21",199
"2019-11-25 13:46:16",199
"2019-11-25 14:46:19",199
"2019-11-25 15:46:22",199
"2019-11-25 16:46:17",199
"2019-11-25 17:46:23",200
"2019-11-25 18:46:16",200
"2019-11-25 19:46:19",200
"2019-11-25 20:46:19",200
"2019-11-25 21:46:17",200
"2019-11-25 22:46:24",200
"2019-11-25 23:46:18",200
"2019-11-26 00:46:20",200
"2019-11-26 01:46:19",200
"2019-11-26 02:46:21",200
"2019-11-26 03:46:20",200
"2019-11-26 04:46:17",200
"2019-11-26 05:46:23",200
"2019-11-26 06:46:29",200
"2019-11-26 07:46:19",200
"2019-11-26 08:46:23",200
"2019-11-26 20:46:24",201
"2019-11-26 21:46:20",201
"2019-11-26 22:46:25",201
"2019-11-26 23:46:20",201
"2019-11-27 00:46:24",201
"2019-11-27 01:46:20",201
"2019-11-27 02:46:18",201
"2019-11-27 03:46:20",201
"2019-11-27 04:46:18",201
"2019-11-27 05:46:21",201
"2019-11-27 06:46:21",201
"2019-11-27 07:46:20",201
"2019-11-27 08:46:27",201
"2019-11-27 09:46:28",201
"2019-11-27 10:46:17",201
"2019-11-27 11:46:16",201
"2019-11-27 12:46:26",201
"2019-11-27 13:46:18",201
"2019-11-27 14:46:21",201
"2019-11-27 15:46:26",200
"2019-11-27 16:46:22",200
"2019-11-27 17:46:20",199
"2019-11-27 18:46:22",199
"2019-11-27 19:46:22",199
"2019-11-27 20:46:19",199
"2019-11-27 21:46:18",199
"2019-11-27 22:46:21",199
"2019-11-27 23:46:21",199
"2019-11-28 00:46:20",199
"2019-11-28 01:46:22",199
"2019-11-28 02:46:25",199
"2019-11-28 03:46:23",199
"2019-11-28 04:46:21",199
"2019-11-28 05:46:19",199
"2019-11-28 06:46:19",199
"2019-11-28 07:46:23",199
"2019-11-28 08:46:21",199
"2019-11-28 09:46:28",199
"2019-11-28 10:46:24",199
"2019-11-28 11:46:19",199
"2019-11-28 12:46:19",199
"2019-11-28 13:46:17",199
"2019-11-28 14:46:18",199
"2019-11-28 15:46:19",199
"2019-11-28 16:46:19",199
"2019-11-28 17:46:20",199
"2019-11-28 18:46:19",199
"2019-11-28 19:46:18",199
"2019-11-28 20:46:17",199
"2019-11-28 21:46:18",199
"2019-11-28 22:46:17",199
"2019-11-28 23:46:20",199
"2019-11-29 00:46:19",199
"2019-11-29 01:46:19",199
"2019-11-29 02:46:19",199
"2019-11-29 04:46:22",199
"2019-11-29 05:46:22",199
"2019-11-29 06:46:19",199
"2019-11-29 07:46:22",199
"2019-11-29 08:46:31",199
"2019-11-29 09:46:34",199
"2019-11-29 10:46:42",199
"2019-11-29 11:46:26",199
"2019-11-29 12:46:26",199
"2019-11-29 13:46:29",199
"2019-11-29 14:46:31",199
"2019-11-29 15:46:27",199
"2019-11-29 16:46:31",199
"2019-11-29 17:46:33",199
"2019-11-29 18:46:29",199
"2019-11-29 20:46:27",199
"2019-11-29 21:46:18",198
"2019-11-29 22:46:28",198
"2019-11-29 23:46:25",198
"2019-11-30 00:46:21",198
"2019-11-30 01:46:19",198
"2019-11-30 02:46:21",198
"2019-11-30 03:46:23",198
"2019-11-30 04:46:24",198
"2019-11-30 05:46:27",198
"2019-11-30 06:46:24",198
"2019-11-30 07:46:24",198
"2019-11-30 08:46:23",198
"2019-11-30 21:46:51",198
"2019-11-30 22:46:30",198
"2019-11-30 23:46:24",198
"2019-12-01 00:46:26",198
"2019-12-01 01:46:20",198
"2019-12-01 02:46:29",198
"2019-12-01 22:46:34",198
"2019-12-01 23:46:20",198
"2019-12-02 00:46:18",198
"2019-12-02 01:46:25",198
"2019-12-02 02:46:23",198
"2019-12-02 06:20:29",198
"2019-12-02 06:49:05",198
"2019-12-02 07:49:09",198
"2019-12-02 08:49:00",198
"2019-12-02 09:49:01",198
"2019-12-02 10:49:02",198
"2019-12-02 11:49:02",198
"2019-12-02 12:48:57",198
"2019-12-02 14:11:07",198
"2019-12-02 14:49:06",198
"2019-12-02 15:49:10",198
"2019-12-02 16:49:02",198
"2019-12-02 17:49:30",198
"2019-12-02 18:49:27",198
"2019-12-02 19:49:29",198
"2019-12-02 20:49:23",199
"2019-12-02 21:49:27",199
"2019-12-02 22:49:54",199
"2019-12-02 23:49:29",199
"2019-12-03 00:49:09",199
"2019-12-03 01:49:30",199
"2019-12-03 02:49:23",199
"2019-12-03 03:49:27",199
"2019-12-03 04:49:28",199
"2019-12-03 05:49:32",199
"2019-12-03 06:49:04",199
"2019-12-03 07:49:02",199
"2019-12-03 08:49:02",199
"2019-12-03 09:49:23",199
"2019-12-03 10:49:29",199
"2019-12-03 11:49:12",199
"2019-12-03 12:48:59",199
"2019-12-03 13:48:56",199
"2019-12-03 14:49:30",199
"2019-12-03 15:49:01",200
"2019-12-03 16:49:27",201
"2019-12-03 17:49:24",203
"2019-12-03 18:49:23",203
"2019-12-03 19:49:22",203
"2019-12-03 20:49:24",203
"2019-12-03 21:49:59",203
"2019-12-03 22:49:27",203
"2019-12-03 23:49:49",203
"2019-12-04 00:50:07",203
"2019-12-04 01:50:12",203
"2019-12-04 02:49:52",203
"2019-12-04 03:49:37",203
"2019-12-04 04:49:35",203
"2019-12-04 06:49:39",203
"2019-12-04 07:49:35",203
"2019-12-04 08:49:13",203
"2019-12-04 09:49:15",203
"2019-12-04 10:49:10",203
"2019-12-04 11:49:13",203
"2019-12-04 12:49:11",203
"2019-12-04 14:10:38",203
"2019-12-04 14:49:44",203
"2019-12-04 15:49:40",203
"2019-12-04 16:49:33",203
"2019-12-04 17:49:34",203
"2019-12-04 18:49:33",203
"2019-12-04 19:49:37",203
"2019-12-04 20:49:32",203
"2019-12-04 21:49:28",204
"2019-12-04 22:49:27",204
"2019-12-04 23:49:29",204
"2019-12-05 00:49:34",204
"2019-12-05 01:49:34",204
"2019-12-05 02:49:32",204
"2019-12-05 03:49:33",204
"2019-12-05 04:49:32",204
"2019-12-05 06:49:32",204
"2019-12-05 07:49:05",204
"2019-12-05 08:49:30",204
"2019-12-05 09:49:00",204
"2019-12-05 10:49:00",204
"2019-12-05 11:49:01",204
"2019-12-05 12:48:59",204
"2019-12-05 13:49:28",204
"2019-12-05 14:49:35",204
"2019-12-05 15:49:28",204
"2019-12-05 16:49:29",204
"2019-12-05 17:49:28",204
"2019-12-05 18:49:30",204
"2019-12-05 20:11:09",204
"2019-12-05 20:49:41",204
"2019-12-05 21:49:27",204
"2019-12-05 22:49:29",204
"2019-12-05 23:49:07",204
"2019-12-06 00:49:29",204
"2019-12-06 01:49:27",204
"2019-12-06 02:49:35",204
"2019-12-06 03:49:30",204
"2019-12-06 04:49:27",204
"2019-12-06 05:49:44",204
"2019-12-06 06:49:44",204
"2019-12-06 07:49:35",204
"2019-12-06 08:49:31",204
"2019-12-06 09:49:22",204
"2019-12-06 10:49:31",204
"2019-12-06 11:49:22",204
"2019-12-06 12:49:11",204
"2019-12-06 13:50:50",204
"2019-12-06 14:49:39",203
"2019-12-06 15:50:06",201
"2019-12-06 16:49:33",200
"2019-12-06 17:49:28",200
"2019-12-06 18:49:29",200
"2019-12-06 19:49:32",200
"2019-12-06 20:49:29",201
"2019-12-06 21:48:59",200
"2019-12-06 22:49:03",200
"2019-12-06 23:49:06",200
"2019-12-07 00:49:16",200
"2019-12-07 01:50:10",200
"2019-12-07 02:49:33",200
"2019-12-07 03:49:30",200
"2019-12-07 04:49:11",200
"2019-12-07 05:49:56",200
"2019-12-07 06:49:04",200
"2019-12-07 07:49:08",200
"2019-12-07 08:49:04",200
"2019-12-07 09:49:03",200
"2019-12-07 10:49:02",200
"2019-12-07 11:49:01",200
"2019-12-07 12:49:19",200
"2019-12-07 13:50:00",200
"2019-12-07 14:49:34",200
"2019-12-07 15:49:35",200
"2019-12-07 16:49:31",200
"2019-12-07 17:49:36",200
"2019-12-07 18:49:31",200
"2019-12-07 19:49:06",200
"2019-12-07 20:49:31",200
"2019-12-07 21:49:36",200
"2019-12-07 22:49:09",200
"2019-12-07 23:49:04",200
"2019-12-08 00:49:27",200
"2019-12-08 01:49:03",200
"2019-12-08 02:49:34",200
"2019-12-08 03:49:31",200
"2019-12-08 04:49:27",200
"2019-12-08 05:49:35",200
"2019-12-08 06:49:33",200
"2019-12-08 07:49:30",200
"2019-12-08 08:49:30",200
"2019-12-08 09:49:28",200
"2019-12-08 10:49:31",200
"2019-12-08 11:49:03",200
"2019-12-08 12:49:11",200
"2019-12-08 13:49:25",200
"2019-12-08 14:49:26",200
"2019-12-08 15:49:06",200
"2019-12-08 16:49:30",200
"2019-12-08 17:49:34",200
"2019-12-08 18:49:03",200
"2019-12-08 19:49:25",200
"2019-12-08 20:49:26",200
"2019-12-08 21:49:33",200
"2019-12-08 22:49:33",200
"2019-12-08 23:49:32",200
"2019-12-09 00:49:30",200
"2019-12-09 01:49:02",200
"2019-12-09 02:49:29",200
"2019-12-09 03:49:38",200
"2019-12-09 04:49:06",200
"2019-12-09 05:49:12",200
"2019-12-09 06:49:31",200
"2019-12-09 07:49:09",200
"2019-12-09 08:49:08",200
"2019-12-09 09:49:01",200
"2019-12-09 10:49:04",200
"2019-12-09 11:48:59",200
"2019-12-09 12:49:11",200
"2019-12-09 14:11:38",200
"2019-12-09 14:49:18",200
"2019-12-09 15:49:20",199
"2019-12-09 16:49:44",200
"2019-12-09 17:49:50",200
"2019-12-09 18:49:19",201
"2019-12-09 19:49:03",200
"2019-12-09 20:49:41",201
"2019-12-09 21:49:36",200
"2019-12-09 22:49:05",201
"2019-12-09 23:49:26",201
"2019-12-10 00:49:44",201
"2019-12-10 01:49:29",201
"2019-12-10 02:49:34",201
"2019-12-10 03:49:39",201
"2019-12-10 04:49:32",201
"2019-12-10 05:49:41",201
"2019-12-10 06:49:36",201
"2019-12-10 07:49:31",201
"2019-12-10 08:49:36",201
"2019-12-10 09:49:06",201
"2019-12-10 10:49:06",201
"2019-12-10 11:49:03",201
"2019-12-10 12:49:39",201
"2019-12-10 13:49:03",201
"2019-12-10 14:49:11",201
"2019-12-10 15:49:10",201
"2019-12-10 16:49:45",201
"2019-12-10 17:49:30",201
"2019-12-10 18:49:29",201
"2019-12-10 19:49:08",201
"2019-12-10 20:49:30",201
"2019-12-10 21:49:29",202
"2019-12-10 22:49:37",202
"2019-12-10 23:49:43",202
"2019-12-11 00:49:43",202
"2019-12-11 01:49:46",202
"2019-12-11 02:49:59",202
"2019-12-11 03:49:34",202
"2019-12-11 04:49:42",202
"2019-12-11 05:49:41",202
"2019-12-11 06:49:16",202
"2019-12-11 07:49:16",202
"2019-12-11 08:49:31",202
"2019-12-11 09:49:14",202
"2019-12-11 10:49:19",202
"2019-12-11 11:49:27",202
"2019-12-11 12:49:40",202
"2019-12-11 13:49:25",202
"2019-12-11 14:50:09",202
"2019-12-11 15:49:22",205
"2019-12-11 16:49:44",204
"2019-12-11 17:49:55",204
"2019-12-11 18:49:43",203
"2019-12-11 19:49:51",202
"2019-12-11 20:49:50",204
"2019-12-11 21:49:35",207
"2019-12-11 22:49:39",207
"2019-12-11 23:49:45",207
"2019-12-12 00:49:21",207
"2019-12-12 01:50:06",207
"2019-12-12 02:49:44",207
"2019-12-12 03:49:21",207
"2019-12-12 04:49:42",207
"2019-12-12 05:49:40",207
"2019-12-12 06:49:47",207
"2019-12-12 07:49:38",207
"2019-12-12 08:49:17",207
"2019-12-12 09:49:35",207
"2019-12-12 10:49:35",207
"2019-12-12 11:49:18",207
"2019-12-12 12:49:16",207
"2019-12-12 14:10:08",207
"2019-12-12 15:49:25",204
"2019-12-12 16:49:47",200
"2019-12-12 17:49:19",199
"2019-12-12 18:49:19",197
"2019-12-12 19:49:24",197
"2019-12-12 20:49:29",197
"2019-12-12 21:49:19",196
"2019-12-12 22:49:18",196
"2019-12-12 23:49:27",196
"2019-12-13 00:50:33",196
"2019-12-13 01:50:59",196
"2019-12-13 02:50:50",196
"2019-12-13 03:51:04",196
"2019-12-13 04:50:55",196
"2019-12-13 05:51:10",196
"2019-12-13 06:51:29",196
"2019-12-13 08:50:35",196
"2019-12-13 09:50:44",196
"2019-12-13 10:50:09",196
"2019-12-13 11:50:24",196
"2019-12-13 12:50:39",196
"2019-12-13 14:42:18",196
"2019-12-13 14:51:36",196
"2019-12-13 15:51:13",197
"2019-12-13 16:50:50",197
"2019-12-13 17:50:54",197
"2019-12-13 18:50:56",197
"2019-12-13 19:50:45",197
"2019-12-13 20:51:25",197
"2019-12-13 21:50:38",196
"2019-12-13 22:50:37",196
"2019-12-13 23:50:20",196
"2019-12-14 00:50:40",196
"2019-12-14 01:50:36",196
"2019-12-14 02:50:42",196
"2019-12-14 03:50:33",196
"2019-12-14 04:50:46",196
"2019-12-14 05:50:51",196
"2019-12-14 06:50:39",196
"2019-12-14 07:50:07",196
"2019-12-14 08:50:29",196
"2019-12-14 09:50:16",196
"2019-12-14 10:50:09",196
"2019-12-14 11:50:20",196
"2019-12-14 12:50:17",196
"2019-12-14 13:51:04",196
"2019-12-14 14:50:35",196
"2019-12-14 15:50:46",196
"2019-12-14 16:50:55",196
"2019-12-14 17:50:35",196
"2019-12-14 18:50:52",196
"2019-12-14 19:50:33",196
"2019-12-14 22:50:52",196
"2019-12-14 23:50:31",196
"2019-12-15 00:50:45",196
"2019-12-15 01:51:09",196
"2019-12-15 02:50:54",196
"2019-12-15 03:50:37",196
"2019-12-15 04:50:53",196
"2019-12-15 05:50:11",196
"2019-12-15 06:50:43",196
"2019-12-15 07:50:22",196
"2019-12-15 08:50:19",196
"2019-12-15 09:50:03",196
"2019-12-15 10:50:07",196
"2019-12-15 11:50:24",196
"2019-12-15 13:50:20",196
"2019-12-15 14:50:14",196
"2019-12-15 15:51:01",196
"2019-12-15 17:50:52",196
"2019-12-15 19:50:40",196
"2019-12-15 20:50:40",196
"2019-12-15 21:50:33",196
"2019-12-15 22:50:24",196
"2019-12-15 23:50:48",196
"2019-12-16 00:50:36",196
"2019-12-16 01:50:58",196
"2019-12-16 02:50:37",196
"2019-12-16 04:51:29",196
"2019-12-16 05:50:56",196
"2019-12-16 06:50:56",196
"2019-12-16 07:50:18",196
"2019-12-16 08:50:05",196
"2019-12-16 09:50:17",196
"2019-12-16 10:50:13",196
"2019-12-16 11:50:30",196
"2019-12-16 12:50:30",196
"2019-12-16 13:50:33",196
"2019-12-16 14:53:01",196
"2019-12-16 16:09:39",195
"2019-12-16 16:51:28",195
"2019-12-16 17:51:03",196
"2019-12-16 18:51:14",196
"2019-12-16 19:50:49",195
"2019-12-16 20:50:54",195
"2019-12-16 21:50:43",195
"2019-12-16 22:50:47",195
"2019-12-16 23:50:29",195
"2019-12-17 00:50:26",195
"2019-12-17 01:50:45",195
"2019-12-17 02:51:11",195
"2019-12-17 03:50:52",195
"2019-12-17 05:50:59",195
"2019-12-17 06:51:04",195
"2019-12-17 07:50:33",195
"2019-12-17 08:50:57",195
"2019-12-17 09:50:10",195
"2019-12-17 10:50:21",195
"2019-12-17 11:50:07",195
"2019-12-17 12:50:11",195
"2019-12-17 14:11:08",195
"2019-12-17 14:51:43",195
"2019-12-17 15:51:16",194
"2019-12-17 16:50:53",194
"2019-12-17 17:51:03",194
"2019-12-17 18:50:48",194
"2019-12-17 19:51:11",194
"2019-12-17 20:51:05",194
"2019-12-17 21:50:28",194
"2019-12-17 22:50:42",194
"2019-12-17 23:50:48",194
"2019-12-18 01:51:29",194
"2019-12-18 02:50:58",194
"2019-12-18 03:50:42",194
"2019-12-18 04:50:16",194
"2019-12-18 05:50:42",194
"2019-12-18 06:50:32",194
"2019-12-18 07:50:17",194
"2019-12-18 08:50:41",194
"2019-12-18 09:50:13",194
"2019-12-18 10:50:15",194
"2019-12-18 11:50:22",194
"2019-12-18 12:50:13",194
"2019-12-18 14:10:09",194
"2019-12-18 14:51:53",194
"2019-12-18 15:51:03",193
"2019-12-18 16:50:56",193
"2019-12-18 17:51:14",193
"2019-12-18 18:50:57",193
"2019-12-18 19:50:46",193
"2019-12-18 20:50:53",193
"2019-12-18 21:50:30",193
"2019-12-18 22:50:44",193
"2019-12-18 23:50:35",193
"2019-12-19 00:50:49",193
"2019-12-19 01:50:32",193
"2019-12-19 02:51:03",193
"2019-12-19 03:50:35",193
"2019-12-19 04:50:39",193
"2019-12-19 05:50:20",193
"2019-12-19 06:50:56",193
"2019-12-19 07:50:33",193
"2019-12-19 08:50:11",193
"2019-12-19 09:50:11",193
"2019-12-19 10:50:04",193
"2019-12-19 11:49:59",193
"2019-12-19 12:50:22",193
"2019-12-19 14:11:41",193
"2019-12-19 14:51:32",193
"2019-12-19 15:51:59",193
"2019-12-19 16:51:22",193
"2019-12-19 17:51:16",193
"2019-12-19 18:51:03",193
"2019-12-19 19:51:06",193
"2019-12-19 21:11:44",193
"2019-12-19 21:50:57",193
"2019-12-19 22:51:06",193
"2019-12-19 23:51:11",193
"2019-12-20 00:51:04",193
"2019-12-20 01:50:57",193
"2019-12-20 02:50:58",193
"2019-12-20 03:50:58",193
"2019-12-20 04:51:16",193
"2019-12-20 05:50:57",193
"2019-12-20 06:51:21",193
"2019-12-20 07:51:00",193
"2019-12-20 08:50:53",193
"2019-12-20 09:50:48",193
"2019-12-20 10:49:58",193
"2019-12-20 11:50:37",193
"2019-12-20 12:50:50",193
"2019-12-20 14:10:40",193
"2019-12-20 14:52:18",193
"2019-12-20 15:52:03",191
"2019-12-20 16:51:57",191
"2019-12-20 17:51:49",191
"2019-12-20 18:51:30",191
"2019-12-20 19:51:50",193
"2019-12-20 20:51:47",193
"2019-12-20 21:51:05",193
"2019-12-20 22:51:01",193
"2019-12-20 23:51:11",193
"2019-12-21 00:50:57",193
"2019-12-21 01:51:06",193
"2019-12-21 02:51:35",193
"2019-12-21 03:50:51",193
"2019-12-21 04:51:19",193
"2019-12-21 05:50:36",193
"2019-12-21 06:50:48",193
"2019-12-21 07:50:49",193
"2019-12-21 08:50:40",193
"2019-12-21 09:50:12",193
"2019-12-21 10:50:14",193
"2019-12-21 11:49:58",193
"2019-12-21 12:50:32",193
"2019-12-21 13:50:28",193
"2019-12-21 14:50:40",193
"2019-12-21 15:50:35",193
"2019-12-21 16:51:13",193
"2019-12-21 17:50:33",193
"2019-12-21 18:50:31",193
"2019-12-21 19:50:35",193
"2019-12-21 20:50:28",193
"2019-12-21 22:51:14",193
"2019-12-21 23:50:14",193
"2019-12-22 00:50:27",193
"2019-12-22 01:50:25",193
"2019-12-22 02:50:33",193
"2019-12-22 04:50:44",193
"2019-12-22 05:50:24",193
"2019-12-22 06:50:08",193
"2019-12-22 07:50:24",193
"2019-12-22 08:50:23",193
"2019-12-22 09:50:06",193
"2019-12-22 10:50:09",193
"2019-12-22 11:49:52",193
"2019-12-22 12:50:11",193
"2019-12-22 13:50:24",193
"2019-12-22 14:50:30",193
"2019-12-22 15:50:57",193
"2019-12-22 16:50:43",193
"2019-12-22 17:50:28",193
"2019-12-22 18:50:31",193
"2019-12-22 19:51:03",193
"2019-12-22 20:50:56",193
"2019-12-22 22:50:27",193
"2019-12-22 23:50:50",193
"2019-12-23 00:51:00",193
"2019-12-23 01:51:07",193
"2019-12-23 02:50:47",193
"2019-12-23 03:50:59",193
"2019-12-23 04:51:09",193
"2019-12-23 05:50:46",193
"2019-12-23 06:50:47",193
"2019-12-23 07:50:16",193
"2019-12-23 08:50:22",193
"2019-12-23 09:50:01",193
"2019-12-23 10:50:07",193
"2019-12-23 11:50:24",193
"2019-12-23 12:50:29",193
"2019-12-23 14:11:44",193
"2019-12-23 14:52:20",193
"2019-12-23 15:51:09",193
"2019-12-23 16:50:56",193
"2019-12-23 17:51:18",194
"2019-12-23 18:51:13",194
"2019-12-23 19:51:17",193
"2019-12-23 20:51:18",193
"2019-12-23 21:51:05",193
"2019-12-23 22:50:50",193
"2019-12-23 23:51:04",193
"2019-12-24 00:50:35",193
"2019-12-24 01:50:46",193
"2019-12-24 02:51:12",193
"2019-12-24 03:51:21",193
"2019-12-24 04:51:13",193
"2019-12-24 05:50:45",193
"2019-12-24 06:51:08",193
"2019-12-24 07:50:21",193
"2019-12-24 08:50:40",193
"2019-12-24 09:50:26",193
"2019-12-24 10:50:01",193
"2019-12-24 11:50:19",193
"2019-12-24 12:50:13",193
"2019-12-24 13:50:23",193
"2019-12-24 14:52:06",193
"2019-12-24 15:50:58",192
"2019-12-24 16:50:44",192
"2019-12-24 17:50:46",192
"2019-12-24 18:50:36",193
"2019-12-24 20:50:23",193
"2019-12-24 21:50:23",193
"2019-12-24 22:51:13",193
"2019-12-24 23:50:41",193
"2019-12-25 00:50:54",193
"2019-12-25 01:50:17",193
"2019-12-25 02:50:14",193
"2019-12-25 03:50:45",193
"2019-12-25 04:50:57",193
"2019-12-25 05:50:53",193
"2019-12-25 06:50:41",193
"2019-12-25 07:50:35",193
"2019-12-25 08:50:58",193
"2019-12-25 09:50:22",193
"2019-12-25 10:50:12",193
"2019-12-25 11:50:09",193
"2019-12-25 12:50:04",193
"2019-12-25 13:50:14",193
"2019-12-25 14:50:37",193
"2019-12-25 15:50:54",193
"2019-12-25 16:50:33",193
"2019-12-25 17:50:53",193
"2019-12-25 18:50:21",193
"2019-12-25 19:50:21",193
"2019-12-25 20:50:25",193
"2019-12-25 21:50:26",193
"2019-12-25 22:50:26",193
"2019-12-26 00:50:43",193
"2019-12-26 01:50:50",193
"2019-12-26 02:51:05",193
"2019-12-26 03:51:10",193
"2019-12-26 04:51:12",193
"2019-12-26 05:50:40",193
"2019-12-26 06:50:52",193
"2019-12-26 07:50:47",193
"2019-12-26 08:50:11",193
"2019-12-26 09:50:08",193
"2019-12-26 10:50:18",193
"2019-12-26 11:50:03",193
"2019-12-26 12:50:00",193
"2019-12-26 13:50:42",193
"2019-12-26 14:51:27",193
"2019-12-26 15:51:11",193
"2019-12-26 16:50:56",193
"2019-12-26 17:51:33",193
"2019-12-26 18:50:51",193
"2019-12-26 19:50:45",193
"2019-12-26 20:51:42",193
"2019-12-26 21:51:12",192
"2019-12-26 23:50:58",192
"2019-12-27 00:50:34",192
"2019-12-27 01:51:26",192
"2019-12-27 02:51:37",192
"2019-12-27 03:50:54",192
"2019-12-27 04:51:23",192
"2019-12-27 05:51:22",192
"2019-12-27 06:51:20",192
"2019-12-27 07:50:42",192
"2019-12-27 08:50:57",192
"2019-12-27 09:50:18",192
"2019-12-27 10:50:07",192
"2019-12-27 11:50:12",192
"2019-12-27 12:50:21",192
"2019-12-27 14:11:41",192
"2019-12-27 14:51:39",192
"2019-12-27 15:51:11",192
"2019-12-27 16:50:59",192
"2019-12-27 17:51:01",194
"2019-12-27 18:51:12",194
"2019-12-27 19:51:44",193
"2019-12-27 20:50:59",193
"2019-12-27 21:51:34",192
"2019-12-27 22:51:11",192
"2019-12-27 23:50:32",192
"2019-12-28 00:51:09",192
"2019-12-28 01:50:49",192
"2019-12-28 02:50:49",192
"2019-12-28 03:50:44",192
"2019-12-28 04:51:04",192
"2019-12-28 05:51:08",192
"2019-12-28 06:51:12",192
"2019-12-28 07:50:48",192
"2019-12-28 08:51:01",192
"2019-12-28 09:50:27",192
"2019-12-28 10:50:39",192
"2019-12-28 11:50:19",192
"2019-12-28 12:50:08",192
"2019-12-28 13:50:25",192
"2019-12-28 14:51:01",192
"2019-12-28 15:51:18",192
"2019-12-28 16:50:52",192
"2019-12-28 17:51:10",192
"2019-12-28 18:50:44",192
"2019-12-28 19:50:43",192
"2019-12-28 20:51:20",192
"2019-12-28 21:50:39",192
"2019-12-28 22:50:40",192
"2019-12-28 23:50:51",192
"2019-12-29 00:50:44",192
"2019-12-29 01:51:21",192
"2019-12-29 02:51:00",192
"2019-12-29 03:51:29",192
"2019-12-29 05:51:16",192
"2019-12-29 06:51:15",192
"2019-12-29 07:50:37",192
"2019-12-29 08:51:06",192
"2019-12-29 09:50:32",192
"2019-12-29 10:50:34",192
"2019-12-29 11:50:12",192
"2019-12-29 12:50:21",192
"2019-12-29 13:50:34",192
"2019-12-29 14:50:55",192
"2019-12-29 15:51:07",192
"2019-12-29 16:50:54",192
"2019-12-29 17:50:36",192
"2019-12-29 18:51:01",192
"2019-12-29 19:51:01",192
"2019-12-29 20:50:37",192
"2019-12-29 21:51:47",192
"2019-12-29 22:50:38",192
"2019-12-29 23:50:38",192
"2019-12-30 00:50:34",192
"2019-12-30 01:51:15",192
"2019-12-30 02:51:46",192
"2019-12-30 03:50:38",192
"2019-12-30 04:51:18",192
"2019-12-30 05:50:58",192
"2019-12-30 06:50:27",192
"2019-12-30 07:50:08",192
"2019-12-30 08:50:38",192
"2019-12-30 09:50:42",192
"2019-12-30 10:50:02",192
"2019-12-30 11:50:39",192
"2019-12-30 12:50:23",192
"2019-12-30 14:11:38",192
"2019-12-30 14:52:23",192
"2019-12-30 15:51:14",192
"2019-12-30 16:50:59",193
"2019-12-30 17:50:58",192
"2019-12-30 18:51:16",191
"2019-12-30 19:51:15",191
"2019-12-30 20:50:55",191
"2019-12-30 21:50:40",191
"2019-12-30 23:50:48",191
"2019-12-31 00:50:44",191
"2019-12-31 01:50:45",191
"2019-12-31 02:50:59",191
"2019-12-31 03:51:09",191
"2019-12-31 04:50:34",191
"2019-12-31 05:50:25",191
"2019-12-31 06:50:45",191
"2019-12-31 07:50:42",191
"2019-12-31 08:50:57",191
"2019-12-31 09:50:47",191
"2019-12-31 10:51:03",191
"2019-12-31 11:50:49",191
"2019-12-31 12:50:32",191
"2019-12-31 14:12:42",191
"2019-12-31 14:52:02",191
"2019-12-31 15:51:38",191
"2019-12-31 16:50:54",191
"2019-12-31 17:50:53",191
"2019-12-31 18:50:54",192
"2019-12-31 19:51:03",192
"2019-12-31 20:50:49",192
"2019-12-31 21:50:38",191
"2019-12-31 22:50:44",191
"2019-12-31 23:50:40",191
"2020-01-01 00:50:29",191
"2020-01-01 01:50:30",191
"2020-01-01 02:50:40",191
"2020-01-01 03:50:49",191
"2020-01-01 04:50:20",191
"2020-01-01 05:51:10",191
"2020-01-01 06:51:01",191
"2020-01-01 07:50:37",191
"2020-01-01 08:50:34",191
"2020-01-01 09:50:06",191
"2020-01-01 10:50:02",191
"2020-01-01 11:50:14",191
"2020-01-01 12:50:14",191
"2020-01-01 13:50:17",191
"2020-01-01 14:50:16",191
"2020-01-01 15:50:29",191
"2020-01-01 16:50:41",191
"2020-01-01 17:50:33",191
"2020-01-01 18:50:41",191
"2020-01-01 19:50:31",191
"2020-01-01 20:50:45",191
"2020-01-01 21:50:41",191
"2020-01-01 22:51:02",191
"2020-01-01 23:51:19",191
"2020-01-02 00:51:19",191
"2020-01-02 01:51:10",191
"2020-01-02 02:51:48",191
"2020-01-02 03:51:03",191
"2020-01-02 04:50:49",191
"2020-01-02 05:50:44",191
"2020-01-02 06:50:34",191
"2020-01-02 07:50:29",191
"2020-01-02 08:50:38",191
"2020-01-02 09:50:14",191
"2020-01-02 10:50:15",191
"2020-01-02 11:50:23",191
"2020-01-02 12:50:30",191
"2020-01-02 14:13:10",191
"2020-01-02 14:52:53",191
"2020-01-02 15:51:31",191
"2020-01-02 16:51:18",190
"2020-01-02 17:51:20",190
"2020-01-02 18:51:25",191
"2020-01-02 19:51:16",191
"2020-01-02 20:51:30",191
"2020-01-02 21:50:47",191
"2020-01-02 22:51:46",191
"2020-01-02 23:50:42",191
"2020-01-03 00:51:18",191
"2020-01-03 01:50:52",191
"2020-01-03 02:51:20",191
"2020-01-03 03:50:59",191
"2020-01-03 04:50:55",191
"2020-01-03 05:50:56",191
"2020-01-03 06:51:05",191
"2020-01-03 07:50:46",191
"2020-01-03 08:51:09",191
"2020-01-03 09:50:36",191
"2020-01-03 10:50:29",191
"2020-01-03 11:50:32",191
"2020-01-03 12:50:16",191
"2020-01-03 14:13:09",191
"2020-01-03 14:55:48",191
"2020-01-03 15:51:07",192
"2020-01-03 16:51:22",192
"2020-01-03 17:51:54",192
"2020-01-03 18:51:08",192
"2020-01-03 19:50:57",192
"2020-01-03 20:51:19",192
"2020-01-03 21:50:38",194
"2020-01-03 22:50:41",194
"2020-01-03 23:50:50",194
"2020-01-04 00:50:52",194
"2020-01-04 01:50:50",194
"2020-01-04 02:50:44",194
"2020-01-04 03:51:23",194
"2020-01-04 04:51:06",194
"2020-01-04 05:50:47",194
"2020-01-04 06:50:43",194
"2020-01-04 07:50:19",194
"2020-01-04 08:50:36",194
"2020-01-04 09:50:08",194
"2020-01-04 10:50:21",194
"2020-01-04 11:50:01",194
"2020-01-04 12:50:37",194
"2020-01-04 13:50:32",194
"2020-01-04 14:50:40",194
"2020-01-04 15:50:52",194
"2020-01-04 16:51:03",194
"2020-01-04 17:51:04",194
"2020-01-04 19:50:57",194
"2020-01-04 20:51:03",194
"2020-01-04 21:51:35",194
"2020-01-04 22:51:09",194
"2020-01-04 23:51:19",194
"2020-01-05 00:50:32",194
"2020-01-05 01:52:01",194
"2020-01-05 02:51:27",194
"2020-01-05 03:51:00",194
"2020-01-05 04:50:38",194
"2020-01-05 05:50:46",194
"2020-01-05 06:50:37",194
"2020-01-05 07:50:22",194
"2020-01-05 08:50:07",194
"2020-01-05 09:50:06",194
"2020-01-05 10:50:04",194
"2020-01-05 11:50:34",194
"2020-01-05 12:50:03",194
"2020-01-05 13:50:37",194
"2020-01-05 14:50:25",194
"2020-01-05 15:50:09",194
"2020-01-05 16:50:44",194
"2020-01-05 17:52:10",194
"2020-01-05 18:51:06",194
"2020-01-05 20:50:53",194
"2020-01-05 21:51:03",194
"2020-01-05 22:50:45",194
"2020-01-05 23:50:48",194
"2020-01-06 00:51:01",194
"2020-01-06 01:50:57",194
"2020-01-06 02:51:25",194
"2020-01-06 03:51:27",194
"2020-01-06 04:51:42",194
"2020-01-06 05:51:16",194
"2020-01-06 06:51:13",194
"2020-01-06 07:50:33",194
"2020-01-06 08:50:39",194
"2020-01-16 06:50:19",195
"2020-01-16 07:50:17",195
"2020-01-16 08:50:15",195
"2020-01-16 09:49:53",195
"2020-01-16 10:49:57",195
"2020-01-16 11:49:56",195
"2020-01-16 12:50:08",195
"2020-01-16 14:13:10",195
"2020-01-16 15:50:28",194
"2020-01-16 16:50:36",193
"2020-01-16 17:50:32",193
"2020-01-16 18:50:16",193
"2020-01-16 19:50:28",193
"2020-01-16 20:50:33",194
"2020-01-16 21:50:09",194
"2020-01-16 22:50:34",194
"2020-01-16 23:50:28",194
"2020-01-17 00:51:03",194
"2020-01-17 01:51:12",194
"2020-01-17 02:50:06",194
"2020-01-17 03:49:56",194
"2020-01-17 04:50:00",194
"2020-01-17 05:50:12",194
"2020-01-17 06:50:03",194
"2020-01-17 07:49:33",194
"2020-01-17 08:49:29",194
"2020-01-17 09:50:54",194
"2020-01-17 10:49:26",194
"2020-01-17 11:49:34",194
"2020-01-17 12:49:54",194
"2020-01-17 14:11:12",194
"2020-01-17 14:50:39",194
"2020-01-17 15:50:20",195
"2020-01-17 16:50:14",196
"2020-01-17 17:50:09",196
"2020-01-17 18:50:06",196
"2020-01-17 19:50:12",196
"2020-01-17 20:50:00",196
"2020-01-17 21:49:49",198
"2020-01-17 22:49:57",198
"2020-01-17 23:49:47",198
"2020-01-18 00:50:56",198
"2020-01-18 01:50:07",198
"2020-01-18 02:50:11",198
"2020-01-18 03:50:06",198
"2020-01-18 04:49:53",198
"2020-01-18 05:49:59",198
"2020-01-18 06:49:35",198
"2020-01-18 07:49:49",198
"2020-01-18 08:49:50",198
"2020-01-18 09:49:36",198
"2020-01-18 10:49:38",197
"2020-01-18 11:49:27",197
"2020-01-18 12:49:49",197
"2020-01-18 13:49:47",197
"2020-01-18 14:49:51",197
"2020-01-18 15:50:00",197
"2020-01-18 16:49:39",197
"2020-01-18 17:50:09",197
"2020-01-18 18:50:05",197
"2020-01-18 19:50:28",197
"2020-01-18 20:49:57",197
"2020-01-18 21:50:07",197
"2020-01-18 23:50:07",197
"2020-01-19 00:49:34",197
"2020-01-19 01:50:05",197
"2020-01-19 02:50:06",197
"2020-01-19 03:49:57",197
"2020-01-19 04:49:59",197
"2020-01-19 05:49:47",197
"2020-01-19 06:49:50",197
"2020-01-19 07:49:39",197
"2020-01-19 08:50:20",197
"2020-01-19 09:49:38",197
"2020-01-19 10:49:24",197
"2020-01-19 11:49:25",197
"2020-01-19 12:49:40",197
"2020-01-19 13:49:45",197
"2020-01-19 14:50:29",197
"2020-01-19 15:50:42",197
"2020-01-19 16:49:39",197
"2020-01-19 17:49:50",197
"2020-01-19 18:49:45",197
"2020-01-19 19:50:51",197
"2020-01-19 20:49:53",197
"2020-01-19 21:49:55",197
"2020-01-19 23:51:21",197
"2020-01-20 00:50:57",197
"2020-01-20 01:50:39",197
"2020-01-20 02:50:23",197
"2020-01-20 03:50:50",197
"2020-01-20 04:50:52",197
"2020-01-20 05:49:52",197
"2020-01-20 06:50:52",197
"2020-01-20 07:49:40",197
"2020-01-20 08:50:53",197
"2020-01-20 09:56:02",197
"2020-01-20 10:50:18",197
"2020-01-20 11:49:25",197
"2020-01-20 12:49:44",197
"2020-01-20 13:50:43",197
"2020-01-20 14:50:05",197
"2020-01-20 15:50:52",197
"2020-01-20 16:49:49",197
"2020-01-20 17:50:39",197
"2020-01-20 18:49:43",197
"2020-01-20 19:50:35",197
"2020-01-20 21:51:06",197
"2020-01-20 22:50:55",197
"2020-01-20 23:50:48",197
"2020-01-21 00:51:01",197
"2020-01-21 01:50:31",197
"2020-01-21 02:50:56",197
"2020-01-21 03:49:48",197
"2020-01-21 04:49:53",197
"2020-01-21 05:49:46",197
"2020-01-21 06:49:39",197
"2020-01-21 07:49:32",197
"2020-01-21 08:49:53",197
"2020-01-21 10:04:37",197
"2020-01-21 10:50:51",197
"2020-01-21 11:49:47",197
"2020-01-21 12:49:48",197
"2020-01-21 13:49:51",197
"2020-01-21 15:51:14",199
"2020-01-21 16:50:30",198
"2020-01-21 17:50:57",200
"2020-01-21 18:50:27",201
"2020-01-21 19:51:07",201
"2020-01-21 20:50:11",203
"2020-01-21 21:51:10",202
"2020-01-21 22:50:52",202
"2020-01-21 23:50:28",202
"2020-01-22 00:50:12",202
"2020-01-22 01:50:35",202
"2020-01-22 02:50:52",202
"2020-01-22 03:50:03",202
"2020-01-22 04:50:13",202
"2020-01-22 05:50:01",202
"2020-01-22 06:49:47",202
"2020-01-22 07:49:50",202
"2020-01-22 08:49:54",202
"2020-01-22 10:00:46",202
"2020-01-22 10:49:31",202
"2020-01-22 11:49:34",202
"2020-01-22 12:50:18",202
"2020-01-22 13:50:19",202
"2020-01-22 14:51:09",202
"2020-01-22 15:50:41",200
"2020-01-22 16:51:11",201
"2020-01-22 17:51:01",202
"2020-01-22 18:50:23",202
"2020-01-22 19:51:13",203
"2020-01-22 20:51:02",203
"2020-01-22 21:51:06",202
"2020-01-22 22:50:41",202
"2020-01-22 23:50:54",202
"2020-01-23 00:50:44",202
"2020-01-23 01:51:10",202
"2020-01-23 02:50:17",202
"2020-01-23 03:50:16",202
"2020-01-23 04:50:07",202
"2020-01-23 05:49:38",202
"2020-01-23 06:49:59",202
"2020-01-23 07:49:59",202
"2020-01-23 08:49:49",202
"2020-01-23 10:49:42",202
"2020-01-23 11:49:44",202
"2020-01-23 12:49:57",202
"2020-01-23 14:12:43",202
"2020-01-23 14:50:59",202
"2020-01-23 15:50:25",201
"2020-01-23 16:50:14",203
"2020-01-23 17:49:58",203
"2020-01-23 18:50:24",204
"2020-01-23 19:50:02",204
"2020-01-23 20:50:22",203
"2020-01-23 21:50:23",203
"2020-01-23 22:49:53",203
"2020-01-23 23:49:52",203
"2020-01-24 00:49:54",203
"2020-01-24 01:50:14",203
"2020-01-24 02:50:48",203
"2020-01-24 03:49:50",203
"2020-01-24 04:49:59",203
"2020-01-24 05:50:16",203
"2020-01-24 06:49:32",203
"2020-01-24 07:50:08",203
"2020-01-24 08:49:38",203
"2020-01-24 09:58:51",203
"2020-01-24 10:49:51",203
"2020-01-24 11:49:40",203
"2020-01-24 12:49:45",203
"2020-01-24 14:11:42",203
"2020-01-24 14:50:30",203
"2020-01-24 15:50:29",204
"2020-01-24 16:50:15",204
"2020-01-24 17:50:02",205
"2020-01-24 18:49:57",205
"2020-01-24 19:50:21",207
"2020-01-24 20:50:24",207
"2020-01-24 21:49:51",207
"2020-01-24 22:49:52",207
"2020-01-24 23:49:56",207
"2020-01-25 00:49:54",207
"2020-01-25 01:50:00",207
"2020-01-25 02:50:25",207
"2020-01-25 03:50:21",207
"2020-01-25 04:49:55",207
"2020-01-25 05:50:04",207
"2020-01-25 07:49:59",207
"2020-01-25 08:49:57",207
"2020-01-25 09:59:17",205
"2020-01-25 10:49:32",205
"2020-01-25 11:49:39",205
"2020-01-25 12:49:53",205
"2020-01-25 14:49:57",205
"2020-01-25 15:49:45",205
"2020-01-25 16:50:05",205
"2020-01-25 17:49:59",205
"2020-01-25 18:49:56",205
"2020-01-25 19:49:59",205
"2020-01-25 20:49:55",205
"2020-01-25 21:49:51",205
"2020-01-25 22:50:01",205
"2020-01-25 23:49:51",205
"2020-01-26 00:50:12",205
"2020-01-26 01:49:54",205
"2020-01-26 02:50:10",205
"2020-01-26 03:49:59",205
"2020-01-26 04:49:49",205
"2020-01-26 06:49:30",205
"2020-01-26 07:49:35",205
"2020-01-27 02:50:14",205
"2020-01-27 03:50:04",205
"2020-01-27 04:50:04",205
"2020-01-27 05:50:05",205
"2020-01-27 06:50:02",205
"2020-01-27 07:49:50",205
"2020-01-27 08:49:55",205
"2020-01-27 09:50:09",205
"2020-01-27 10:49:51",205
"2020-01-27 11:49:56",205
"2020-01-27 12:49:17",205
"2020-01-27 13:50:11",205
"2020-01-27 14:51:45",205
"2020-01-27 15:50:48",202
"2020-01-27 16:50:25",202
"2020-01-27 17:50:35",201
"2020-01-27 18:50:34",201
"2020-01-27 19:50:39",201
"2020-01-27 20:50:31",201
"2020-01-27 21:50:33",201
"2020-01-27 22:51:19",201
"2020-01-27 23:50:41",201
"2020-01-28 00:49:55",201
"2020-01-28 01:50:42",201
"2020-01-28 02:50:39",201
"2020-01-28 03:50:17",201
"2020-01-28 04:50:24",201
"2020-01-28 05:49:58",201
"2020-01-28 06:49:33",201
"2020-01-28 07:49:46",201
"2020-01-28 08:50:09",201
"2020-01-28 09:50:41",201
"2020-01-28 10:49:51",201
"2020-01-28 11:49:43",201
"2020-01-28 12:49:51",201
"2020-01-28 14:12:15",201
"2020-01-28 14:51:14",201
"2020-01-28 15:50:31",201
"2020-01-28 16:50:49",201
"2020-01-28 17:50:17",201
"2020-01-28 18:50:31",201
"2020-01-28 19:50:22",200
"2020-01-28 21:51:10",200
"2020-01-28 22:50:33",200
"2020-01-28 23:50:06",200
"2020-01-29 00:50:10",200
"2020-01-29 01:50:29",200
"2020-01-29 02:50:53",200
"2020-01-29 03:50:20",200
"2020-01-29 04:50:25",200
"2020-01-29 05:50:29",199
"2020-01-29 06:50:15",199
"2020-01-29 07:49:50",199
"2020-01-29 08:49:57",199
"2020-01-29 09:50:08",199
"2020-01-29 10:49:33",199
"2020-01-29 11:49:48",199
"2020-01-29 12:49:58",199
"2020-01-29 13:50:30",199
"2020-01-29 14:51:14",199
"2020-01-29 15:50:40",199
"2020-01-29 16:50:36",199
"2020-01-29 17:51:03",199
"2020-01-29 18:50:46",199
"2020-01-29 19:50:52",198
"2020-01-29 20:50:47",199
"2020-01-29 21:50:35",199
"2020-01-29 22:50:15",199
"2020-01-29 23:50:09",199
"2020-01-30 00:50:23",199
"2020-01-30 01:50:36",199
"2020-01-30 02:50:37",199
"2020-01-30 03:50:15",199
"2020-01-30 04:50:54",199
"2020-01-30 05:50:50",199
"2020-01-30 06:50:06",199
"2020-01-30 07:49:47",199
"2020-01-30 08:50:05",199
"2020-01-30 09:50:09",199
"2020-01-30 10:49:36",199
"2020-01-30 11:49:54",199
"2020-01-30 12:49:59",199
"2020-01-30 13:50:01",199
"2020-01-30 14:51:05",200
"2020-01-30 15:50:50",201
"2020-01-30 16:50:48",202
"2020-01-30 17:50:40",201
"2020-01-30 18:50:36",201
"2020-01-30 19:50:52",201
"2020-01-30 20:50:13",201
"2020-01-30 21:50:37",203
"2020-01-30 22:49:44",203
"2020-01-30 23:49:59",203
"2020-01-31 00:50:05",203
"2020-01-31 01:50:39",203
"2020-01-31 02:50:13",203
"2020-01-31 03:50:30",203
"2020-01-31 04:50:15",203
"2020-01-31 05:50:00",203
"2020-01-31 06:49:50",203
"2020-01-31 07:50:04",203
"2020-01-31 08:50:22",203
"2020-01-31 09:50:28",203
"2020-01-31 10:49:56",203
"2020-01-31 11:49:49",203
"2020-01-31 12:49:50",203
"2020-01-31 13:50:13",203
"2020-01-31 14:50:39",203
"2020-01-31 15:50:30",203
"2020-01-31 16:50:22",204
"2020-01-31 17:50:20",204
"2020-01-31 18:50:16",205
"2020-01-31 19:50:39",204
"2020-01-31 20:50:25",204
"2020-01-31 21:49:48",203
"2020-01-31 22:49:56",203
"2020-01-31 23:50:02",203
"2020-02-01 00:49:51",203
"2020-02-01 01:50:44",203
"2020-02-01 02:50:17",203
"2020-02-01 03:50:06",203
"2020-02-01 04:50:08",203
"2020-02-01 05:50:22",203
"2020-02-01 06:50:33",203
"2020-02-01 07:49:54",203
"2020-02-01 08:50:03",203
"2020-02-01 09:50:20",203
"2020-02-01 10:49:38",203
"2020-02-01 11:50:00",203
"2020-02-01 12:49:42",203
"2020-02-01 13:50:01",203
"2020-02-01 14:50:14",203
"2020-02-01 15:50:14",203
"2020-02-01 16:49:59",203
"2020-02-01 17:50:12",203
"2020-02-01 18:50:02",203
"2020-02-01 19:50:09",203
"2020-02-01 20:50:21",203
"2020-02-01 21:50:37",203
"2020-02-01 22:50:25",203
"2020-02-01 23:50:35",203
"2020-02-02 00:50:31",203
"2020-02-02 01:50:38",203
"2020-02-02 02:50:28",203
"2020-02-02 03:50:30",203
"2020-02-02 04:50:13",203
"2020-02-02 05:50:17",203
"2020-02-02 06:50:16",203
"2020-02-02 07:50:17",203
"2020-02-02 08:50:21",203
"2020-02-02 09:50:09",203
"2020-02-02 10:50:01",203
"2020-02-02 11:50:10",203
"2020-02-02 12:50:17",203
"2020-02-02 13:50:23",203
"2020-02-02 14:50:11",203
"2020-02-02 15:50:11",203
"2020-02-02 16:50:29",203
"2020-02-02 17:50:42",203
"2020-02-02 18:50:14",203
"2020-02-02 19:50:26",203
"2020-02-02 20:50:33",203
"2020-02-02 21:50:25",203
"2020-02-02 22:50:26",203
"2020-02-02 23:50:40",203
"2020-02-03 00:51:07",203
"2020-02-03 01:50:48",203
"2020-02-03 02:50:35",203
"2020-02-03 03:50:40",203
"2020-02-03 04:50:38",203
"2020-02-03 05:50:38",203
"2020-02-03 06:50:14",203
"2020-02-03 07:50:14",203
"2020-02-03 08:50:17",203
"2020-02-03 09:50:17",203
"2020-02-03 10:50:05",203
"2020-02-03 11:50:06",203
"2020-02-03 12:49:53",203
"2020-02-03 14:48:57",203
"2020-02-03 14:56:41",203
"2020-02-03 15:51:05",203
"2020-02-03 16:50:42",203
"2020-02-03 17:50:49",203
"2020-02-03 18:50:53",203
"2020-02-03 19:50:43",203
"2020-02-03 20:50:42",203
"2020-02-03 21:50:37",203
"2020-02-03 22:50:32",203
"2020-02-03 23:50:39",203
"2020-02-04 00:50:33",203
"2020-02-04 01:50:47",203
"2020-02-04 02:50:45",203
"2020-02-04 03:50:53",203
"2020-02-04 04:50:53",203
"2020-02-04 05:50:54",203
"2020-02-04 06:50:21",203
"2020-02-04 07:50:42",203
"2020-02-04 08:49:59",203
"2020-02-04 09:50:38",203
"2020-02-04 10:50:04",203
"2020-02-04 11:50:27",203
"2020-02-04 12:50:32",203
"2020-02-04 14:15:51",203
"2020-02-04 15:51:00",204
"2020-02-04 16:50:50",203
"2020-02-04 17:50:45",202
"2020-02-04 18:50:31",202
"2020-02-04 19:50:37",203
"2020-02-04 20:50:39",202
"2020-02-04 21:50:34",202
"2020-02-04 22:50:30",202
"2020-02-04 23:50:34",202
"2020-02-05 00:50:48",202
"2020-02-05 01:50:36",202
"2020-02-05 02:50:52",202
"2020-02-05 03:50:49",202
"2020-02-05 04:51:42",202
"2020-02-05 05:50:31",202
"2020-02-05 06:50:38",202
"2020-02-05 07:50:35",202
"2020-02-05 08:50:22",202
"2020-02-05 09:50:16",202
"2020-02-05 10:50:31",202
"2020-02-05 11:50:22",202
"2020-02-05 12:50:37",202
"2020-02-05 14:09:51",202
"2020-02-05 14:51:21",202
"2020-02-05 15:51:11",203
"2020-02-05 16:50:55",203
"2020-02-05 17:50:49",203
"2020-02-05 18:50:53",203
"2020-02-05 19:50:54",204
"2020-02-05 20:51:00",204
"2020-02-05 21:50:36",204
"2020-02-05 22:50:36",204
"2020-02-05 23:50:34",204
"2020-02-06 00:50:48",204
"2020-02-06 01:50:48",204
"2020-02-06 02:51:01",204
"2020-02-06 03:51:13",204
"2020-02-06 04:50:56",204
"2020-02-06 05:50:47",204
"2020-02-06 06:50:29",204
"2020-02-06 07:50:44",204
"2020-02-06 08:50:32",204
"2020-02-06 09:50:25",204
"2020-02-06 10:50:22",204
"2020-02-06 11:50:22",204
"2020-02-06 12:50:17",204
"2020-02-06 13:50:22",204
"2020-02-06 14:51:14",204
"2020-02-06 15:51:10",204
"2020-02-06 16:50:51",204
"2020-02-06 17:50:54",204
"2020-02-06 18:50:48",204
"2020-02-06 19:50:52",204
"2020-02-06 20:50:50",204
"2020-02-06 21:50:39",204
"2020-02-06 22:50:45",204
"2020-02-06 23:50:28",204
"2020-02-07 00:50:48",204
"2020-02-07 01:50:49",204
"2020-02-07 02:50:26",204
"2020-02-07 03:50:46",204
"2020-02-07 04:50:36",204
"2020-02-07 05:50:52",204
"2020-02-07 06:50:52",204
"2020-02-07 07:50:48",204
"2020-02-07 08:50:33",204
"2020-02-07 09:50:39",204
"2020-02-07 10:50:22",204
"2020-02-07 11:50:21",204
"2020-02-07 12:50:32",204
"2020-02-07 14:11:21",204
"2020-02-07 14:51:13",204
"2020-02-07 15:50:53",205
"2020-02-07 16:50:55",206
"2020-02-07 17:51:09",206
"2020-02-07 18:50:54",206
"2020-02-07 19:50:48",206
"2020-02-07 20:50:59",206
"2020-02-07 21:50:33",206
"2020-02-07 22:50:51",206
"2020-02-07 23:50:13",206
"2020-02-08 00:50:31",206
"2020-02-08 01:50:27",206
"2020-02-08 02:50:38",206
"2020-02-08 03:50:31",206
"2020-02-08 04:50:44",206
"2020-02-08 05:50:32",206
"2020-02-08 06:50:22",206
"2020-02-08 07:50:32",206
"2020-02-08 08:50:16",206
"2020-02-08 09:50:19",206
"2020-02-08 10:50:06",206
"2020-02-08 11:50:13",206
"2020-02-08 12:50:14",206
"2020-02-08 13:50:09",206
"2020-02-08 14:50:47",206
"2020-02-08 15:50:29",206
"2020-02-08 16:50:38",206
"2020-02-08 17:50:33",206
"2020-02-08 18:53:24",206
"2020-02-08 19:50:21",206
"2020-02-08 20:50:29",206
"2020-02-08 21:50:38",206
"2020-02-08 22:50:47",206
"2020-02-08 23:50:30",206
"2020-02-09 00:50:19",206
"2020-02-09 01:50:38",206
"2020-02-09 02:50:30",206
"2020-02-09 03:50:31",206
"2020-02-09 04:50:25",206
"2020-02-09 05:50:29",206
"2020-02-09 06:50:19",206
"2020-02-09 07:50:26",206
"2020-02-09 08:50:21",206
"2020-02-09 09:50:28",206
"2020-02-09 10:50:26",206
"2020-02-09 11:50:32",206
"2020-02-09 12:50:22",206
"2020-02-09 13:50:24",206
"2020-02-09 14:50:23",206
"2020-02-09 15:50:37",206
"2020-02-09 16:50:23",206
"2020-02-09 17:50:37",206
"2020-02-09 18:50:36",206
"2020-02-09 19:50:32",206
"2020-02-09 20:50:30",206
"2020-02-09 21:50:51",206
"2020-02-09 22:50:27",206
"2020-02-09 23:51:21",206
"2020-02-10 00:50:35",206
"2020-02-10 01:50:49",206
"2020-02-10 02:50:31",206
"2020-02-10 03:50:27",206
"2020-02-10 04:50:33",206
"2020-02-10 05:50:37",206
"2020-02-10 06:50:28",206
"2020-02-10 07:50:30",206
"2020-02-10 08:50:25",206
"2020-02-10 09:50:43",206
"2020-02-10 10:50:20",206
"2020-02-10 11:50:25",206
"2020-02-10 12:50:10",206
"2020-02-10 13:50:29",206
"2020-02-10 14:50:55",206
"2020-02-10 15:51:07",206
"2020-02-10 16:50:56",208
"2020-02-10 17:50:45",208
"2020-02-10 18:50:49",208
"2020-02-10 19:50:52",207
"2020-02-10 20:51:02",208
"2020-02-10 21:50:44",208
"2020-02-10 22:50:38",208
"2020-02-10 23:50:32",208
"2020-02-11 00:50:35",208
"2020-02-11 01:51:08",208
"2020-02-11 02:50:49",208
"2020-02-11 03:50:37",208
"2020-02-11 04:50:46",208
"2020-02-11 05:50:44",208
"2020-02-11 06:50:31",208
"2020-02-11 07:50:29",208
"2020-02-11 08:50:34",208
"2020-02-11 09:50:34",208
"2020-02-11 10:50:12",208
"2020-02-11 11:50:25",208
"2020-02-11 12:50:08",208
"2020-02-11 14:11:48",208
"2020-02-11 14:51:11",208
"2020-02-11 15:51:03",208
"2020-02-11 16:50:56",208
"2020-02-11 17:50:48",208
"2020-02-11 18:50:49",208
"2020-02-11 19:50:42",206
"2020-02-11 20:50:59",206
"2020-02-11 21:55:21",206
"2020-02-11 22:51:05",206
"2020-02-11 23:50:40",206
"2020-02-12 00:51:13",206
"2020-02-12 01:50:47",206
"2020-02-12 02:51:24",206
"2020-02-12 03:50:36",206
"2020-02-12 04:50:42",206
"2020-02-12 05:50:26",206
"2020-02-12 06:50:28",206
"2020-02-12 07:50:22",206
"2020-02-12 08:50:29",206
"2020-02-12 09:50:46",206
"2020-02-12 10:50:23",206
"2020-02-12 11:50:21",206
"2020-02-12 12:50:21",206
"2020-02-12 14:11:50",206
"2020-02-12 14:51:16",206
"2020-02-12 15:51:00",205
"2020-02-12 16:50:53",205
"2020-02-12 17:51:03",205
"2020-02-12 18:50:55",205
"2020-02-12 19:50:46",204
"2020-02-12 20:51:03",205
"2020-02-12 21:50:46",206
"2020-02-12 22:50:11",206
"2020-02-12 23:49:49",206
"2020-02-13 00:50:34",206
"2020-02-13 01:50:20",206
"2020-02-13 02:51:09",206
"2020-02-13 03:50:58",206
"2020-02-13 04:50:40",206
"2020-02-13 05:50:36",206
"2020-02-13 06:50:37",206
"2020-02-13 07:50:15",206
"2020-02-13 08:50:24",206
"2020-02-13 09:50:09",206
"2020-02-13 10:49:49",206
"2020-02-13 11:50:34",206
"2020-02-13 12:50:07",206
"2020-02-13 14:11:45",207
"2020-02-13 14:50:48",207
"2020-02-13 15:50:45",207
"2020-02-13 16:50:43",208
"2020-02-13 17:51:04",207
"2020-02-13 18:50:58",206
"2020-02-13 19:50:50",207
"2020-02-13 20:50:28",207
"2020-02-13 21:50:46",207
"2020-02-13 22:50:16",207
"2020-02-13 23:50:12",207
"2020-02-14 00:50:09",207
"2020-02-14 01:50:31",207
"2020-02-14 02:50:40",207
"2020-02-14 03:50:20",207
"2020-02-14 04:50:23",207
"2020-02-14 05:50:31",207
"2020-02-14 06:49:54",207
"2020-02-14 07:49:46",207
"2020-02-14 08:50:16",207
"2020-02-14 09:49:58",207
"2020-02-14 10:50:08",207
"2020-02-14 11:49:55",207
"2020-02-14 12:50:10",207
"2020-02-14 13:50:13",207
"2020-02-14 14:50:45",207
"2020-02-14 15:51:12",208
"2020-02-14 16:50:23",208
"2020-02-14 17:50:24",208
"2020-02-14 18:50:25",208
"2020-02-14 19:50:28",208
"2020-02-14 20:50:52",209
"2020-02-14 21:50:16",210
"2020-02-14 22:50:05",210
"2020-02-14 23:50:37",210
"2020-02-15 00:50:07",210
"2020-02-15 01:50:26",210
"2020-02-15 02:50:33",210
"2020-02-15 03:50:28",210
"2020-02-15 04:50:15",210
"2020-02-15 05:49:09",210
"2020-02-15 06:49:22",210
"2020-02-15 07:49:12",210
"2020-02-15 08:49:12",210
"2020-02-15 09:49:18",210
"2020-02-15 10:49:04",210
"2020-02-15 11:49:11",210
"2020-02-15 12:49:19",210
"2020-02-15 13:49:10",210
"2020-02-15 14:49:17",210
"2020-02-15 15:49:15",210
"2020-02-15 16:49:12",210
"2020-02-15 17:49:08",210
"2020-02-15 18:49:35",210
"2020-02-15 19:49:10",210
"2020-02-15 20:49:11",210
"2020-02-15 21:49:08",210
"2020-02-15 22:49:10",210
"2020-02-15 23:49:09",210
"2020-02-16 00:49:09",210
"2020-02-16 01:49:09",210
"2020-02-16 02:49:16",210
"2020-02-16 03:49:11",210
"2020-02-16 04:49:14",210
"2020-02-16 05:49:12",210
"2020-02-16 06:49:08",210
"2020-02-16 07:49:09",210
"2020-02-16 08:49:07",210
"2020-02-16 09:49:15",210
"2020-02-16 10:49:06",210
"2020-02-16 11:49:08",210
"2020-02-16 12:49:12",210
"2020-02-16 13:49:08",210
"2020-02-16 14:49:15",210
"2020-02-16 15:49:36",210
"2020-02-16 16:49:23",210
"2020-02-16 17:49:10",210
"2020-02-16 18:49:13",210
"2020-02-16 19:49:10",210
"2020-02-16 20:49:11",210
"2020-02-16 21:49:09",210
"2020-02-16 22:49:10",210
"2020-02-16 23:49:11",210
"2020-02-17 00:49:09",210
"2020-02-17 01:49:08",210
"2020-02-17 02:49:14",210
"2020-02-17 03:49:12",210
"2020-02-17 04:49:10",210
"2020-02-17 05:49:10",210
"2020-02-17 06:49:13",210
"2020-02-17 07:49:05",210
"2020-02-17 08:49:12",210
"2020-02-17 09:49:16",210
"2020-02-17 10:49:08",210
"2020-02-17 11:49:04",210
"2020-02-17 12:49:24",210
"2020-02-17 13:49:05",210
"2020-02-17 14:49:02",210
"2020-02-17 15:49:08",210
"2020-02-17 16:49:31",210
"2020-02-17 17:49:07",210
"2020-02-17 18:49:13",210
"2020-02-17 19:49:04",210
"2020-02-17 20:49:05",210
"2020-02-17 22:49:31",210
"2020-02-17 23:49:37",210
"2020-02-18 00:49:03",210
"2020-02-18 01:49:13",210
"2020-02-18 02:49:16",210
"2020-02-18 03:49:17",210
"2020-02-18 04:49:11",210
"2020-02-18 05:50:11",210
"2020-02-18 06:49:42",210
"2020-02-18 07:50:06",210
"2020-02-18 08:50:13",210
"2020-02-18 09:50:09",210
"2020-02-18 10:50:01",210
"2020-02-18 11:49:52",210
"2020-02-18 12:50:35",210
"2020-02-18 14:12:14",210
"2020-02-18 14:50:57",210
"2020-02-18 15:50:48",212
"2020-02-18 16:50:43",212
"2020-02-18 18:50:35",212
"2020-02-18 19:50:35",212
"2020-02-18 20:50:17",212
"2020-02-18 21:50:09",212
"2020-02-18 22:49:59",212
"2020-02-18 23:50:17",212
"2020-02-19 01:50:08",212
"2020-02-19 02:50:28",212
"2020-02-19 03:50:29",212
"2020-02-19 04:50:29",212
"2020-02-19 05:49:50",212
"2020-02-19 06:50:29",212
"2020-02-19 07:50:15",212
"2020-02-19 08:50:04",212
"2020-02-19 09:50:30",212
"2020-02-19 10:49:50",211
"2020-02-19 11:49:46",211
"2020-02-19 12:50:04",211
"2020-02-19 14:13:45",211
"2020-02-19 14:51:00",211
"2020-02-19 15:50:40",212
"2020-02-19 16:50:20",212
"2020-02-19 17:50:33",212
"2020-02-19 18:50:22",212
"2020-02-19 19:50:16",212
"2020-02-19 20:50:27",212
"2020-02-19 21:50:56",212
"2020-02-19 22:50:23",212
"2020-02-19 23:50:11",212
"2020-02-20 00:50:35",212
"2020-02-20 01:50:30",212
"2020-02-20 02:50:37",212
"2020-02-20 03:50:36",212
"2020-02-20 04:50:36",212
"2020-02-20 05:50:37",212
"2020-02-20 06:50:57",212
"2020-02-20 07:50:48",212
"2020-02-20 08:50:50",212
"2020-02-20 09:50:20",212
"2020-02-20 10:50:19",212
"2020-02-20 11:50:35",212
"2020-02-20 12:50:41",212
"2020-02-20 13:50:52",212
"2020-02-20 14:49:53",212
"2020-02-20 15:50:04",213
"2020-02-20 16:49:44",213
"2020-02-20 17:50:32",213
"2020-02-20 18:51:02",213
"2020-02-20 19:51:33",213
"2020-02-20 20:51:11",213
"2020-02-20 21:51:09",213
"2020-02-20 22:51:16",213
"2020-02-20 23:50:47",213
"2020-02-21 01:51:03",213
"2020-02-21 02:51:21",213
"2020-02-21 03:51:52",213
"2020-02-21 04:51:59",213
"2020-02-21 05:51:13",213
"2020-02-21 06:51:11",213
"2020-02-21 07:51:22",213
"2020-02-21 08:50:57",213
"2020-02-21 09:51:56",213
"2020-02-21 10:52:51",213
"2020-02-21 11:51:57",213
"2020-02-21 12:51:39",213
"2020-02-21 13:51:57",213
"2020-02-21 14:51:58",213
"2020-02-21 15:52:27",213
"2020-02-21 16:53:10",213
"2020-02-21 17:52:48",213
"2020-02-21 18:52:07",213
"2020-02-21 19:51:13",215
"2020-02-21 20:51:12",215
"2020-02-21 21:52:02",214
"2020-02-21 22:51:27",214
"2020-02-21 23:54:38",214
"2020-02-22 00:52:34",214
"2020-02-22 01:51:37",214
"2020-02-22 02:51:26",214
"2020-02-22 03:52:39",214
"2020-02-22 04:51:45",214
"2020-02-22 05:50:41",214
"2020-02-22 06:49:45",214
"2020-02-22 07:50:32",214
"2020-02-22 08:51:24",214
"2020-02-22 09:49:49",214
"2020-02-22 10:50:17",214
"2020-02-22 11:49:48",214
"2020-02-22 12:50:51",214
"2020-02-22 13:53:23",214
"2020-02-22 14:49:50",214
"2020-02-22 15:50:08",214
"2020-02-22 16:52:18",214
"2020-02-22 17:51:03",214
"2020-02-22 18:49:59",214
"2020-02-22 19:49:54",214
"2020-02-22 20:50:49",214
"2020-02-22 21:52:38",214
"2020-02-22 22:51:21",214
"2020-02-22 23:49:51",214
"2020-02-23 00:50:05",214
"2020-02-23 01:50:15",214
"2020-02-23 02:50:38",214
"2020-02-23 03:50:03",214
"2020-02-23 04:50:49",214
"2020-02-23 05:50:49",214
"2020-02-23 06:50:07",214
"2020-02-23 07:50:14",214
"2020-02-23 08:51:25",214
"2020-02-23 09:49:59",214
"2020-02-23 10:50:08",214
"2020-02-23 11:50:15",214
"2020-02-23 12:50:08",214
"2020-02-23 13:50:07",214
"2020-02-23 14:50:55",214
"2020-02-23 15:50:06",214
"2020-02-23 16:50:12",214
"2020-02-23 17:49:49",214
"2020-02-23 18:50:09",214
"2020-02-23 19:50:10",214
"2020-02-23 20:50:03",214
"2020-02-23 21:50:52",214
"2020-02-23 22:49:44",214
"2020-02-23 23:50:16",214
"2020-02-24 00:51:09",214
"2020-02-24 01:49:57",214
"2020-02-24 02:51:03",214
"2020-02-24 03:50:05",214
"2020-02-24 04:50:24",214
"2020-02-24 05:52:16",214
"2020-02-24 06:51:08",214
"2020-02-24 07:51:00",214
"2020-02-24 08:51:08",214
"2020-02-24 10:00:08",214
"2020-02-24 10:50:48",214
"2020-02-24 11:52:00",214
"2020-02-24 12:50:56",214
"2020-02-24 13:51:49",214
"2020-02-24 14:52:50",214
"2020-02-24 15:51:18",215
"2020-02-24 16:52:23",215
"2020-02-24 17:51:28",216
"2020-02-24 18:51:39",216
"2020-02-24 19:52:26",217
"2020-02-24 20:52:34",216
"2020-02-24 21:52:11",216
"2020-02-24 22:52:11",216
"2020-02-24 23:50:57",216
"2020-02-25 00:51:12",216
"2020-02-25 01:51:07",216
"2020-02-25 02:51:45",216
"2020-02-25 03:51:33",216
"2020-02-25 04:51:33",216
"2020-02-25 05:52:52",216
"2020-02-25 06:51:37",216
"2020-02-25 07:51:35",216
"2020-02-25 08:51:53",216
"2020-02-25 10:00:52",216
"2020-02-25 10:51:48",216
"2020-02-25 11:51:04",216
"2020-02-25 12:51:37",216
"2020-02-25 14:13:09",216
"2020-02-25 14:51:44",216
"2020-02-25 15:51:36",216
"2020-02-25 16:51:38",216
"2020-02-25 17:51:26",216
"2020-02-25 18:52:05",218
"2020-02-25 19:51:31",219
"2020-02-25 20:52:28",221
"2020-02-25 21:52:21",222
"2020-02-25 22:51:29",222
"2020-02-25 23:51:22",222
"2020-02-26 00:51:17",222
"2020-02-26 01:51:33",222
"2020-02-26 02:51:43",222
"2020-02-26 03:51:11",222
"2020-02-26 04:52:39",222
"2020-02-26 05:52:14",222
"2020-02-26 06:52:10",222
"2020-02-26 07:53:06",222
"2020-02-26 08:51:57",222
"2020-02-26 09:51:36",222
"2020-02-26 10:51:10",222
"2020-02-26 11:51:48",222
"2020-02-26 12:51:13",222
"2020-02-26 13:52:17",222
"2020-02-26 14:52:54",222
"2020-02-26 15:52:33",221
"2020-02-26 16:51:39",221
"2020-02-26 17:51:33",221
"2020-02-26 18:51:44",221
"2020-02-26 19:52:17",221
"2020-02-26 20:52:13",222
"2020-02-26 21:52:10",223
"2020-02-26 22:52:15",223
"2020-02-26 23:52:12",223
"2020-02-27 00:51:14",223
"2020-02-27 01:51:48",223
"2020-02-27 02:51:05",223
"2020-02-27 03:52:37",223
"2020-02-27 04:51:23",223
"2020-02-27 05:51:23",223
"2020-02-27 06:51:29",223
"2020-02-27 07:51:07",223
"2020-02-27 08:51:54",223
"2020-02-27 09:51:24",223
"2020-02-27 10:52:21",223
"2020-02-27 11:51:40",223
"2020-02-27 12:52:08",223
"2020-02-27 14:11:42",223
"2020-02-27 14:53:10",223
"2020-02-27 15:52:15",222
"2020-02-27 16:52:28",221
"2020-02-27 17:51:52",221
"2020-02-27 18:52:04",221
"2020-02-27 19:51:11",221
"2020-02-27 20:51:49",221
"2020-02-27 21:51:27",220
"2020-02-27 22:52:09",220
"2020-02-27 23:51:23",220
"2020-02-28 00:52:29",220
"2020-02-28 01:51:15",220
"2020-02-28 02:51:21",220
"2020-02-28 03:52:24",220
"2020-02-28 04:52:39",220
"2020-02-28 05:52:23",220
"2020-02-28 06:51:43",220
"2020-02-28 07:52:09",220
"2020-02-28 08:52:37",220
"2020-02-28 09:52:21",220
"2020-02-28 10:51:12",220
"2020-02-28 11:51:37",220
"2020-02-28 12:52:03",220
"2020-02-28 14:12:16",220
"2020-02-28 14:51:46",220
"2020-02-28 15:51:33",220
"2020-02-28 16:51:41",219
"2020-02-28 17:51:37",219
"2020-02-28 18:51:37",218
"2020-02-28 19:52:35",218
"2020-02-28 20:51:28",218
"2020-02-28 21:51:19",218
"2020-02-28 22:52:08",218
"2020-02-28 23:51:19",218
"2020-02-29 00:51:34",218
"2020-02-29 01:51:27",218
"2020-02-29 02:51:19",218
"2020-02-29 03:51:11",218
"2020-02-29 04:51:46",218
"2020-02-29 05:51:13",218
"2020-02-29 06:50:51",218
"2020-02-29 07:52:36",218
"2020-02-29 09:52:35",218
"2020-02-29 10:49:59",218
"2020-02-29 11:49:55",218
"2020-02-29 12:52:41",218
"2020-02-29 13:52:40",218
"2020-02-29 14:50:16",218
"2020-02-29 15:50:12",218
"2020-02-29 16:51:06",218
"2020-02-29 17:50:50",218
"2020-02-29 18:50:09",218
"2020-02-29 19:50:04",218
"2020-02-29 20:49:53",218
"2020-02-29 21:50:35",218
"2020-02-29 22:53:34",218
"2020-02-29 23:52:30",218
"2020-03-01 00:52:33",218
"2020-03-01 01:52:35",218
"2020-03-01 02:50:12",218
"2020-03-01 03:52:31",218
"2020-03-01 04:50:01",218
"2020-03-01 05:50:55",218
"2020-03-01 06:50:07",218
"2020-03-01 07:50:43",218
"2020-03-01 08:49:54",218
"2020-03-01 09:52:35",218
"2020-03-01 10:52:26",218
"2020-03-01 11:50:39",218
"2020-03-01 12:50:53",218
"2020-03-01 13:49:55",218
"2020-03-01 14:49:50",218
"2020-03-01 15:52:41",218
"2020-03-01 16:51:04",218
"2020-03-01 17:52:27",218
"2020-03-01 18:52:43",218
"2020-03-01 19:52:47",218
"2020-03-01 20:52:42",218
"2020-03-01 21:50:01",218
"2020-03-01 22:50:06",218
"2020-03-01 23:52:38",218
"2020-03-02 00:49:46",218
"2020-03-02 01:50:59",218
"2020-03-02 02:52:33",218
"2020-03-02 03:53:33",218
"2020-03-02 04:51:01",218
"2020-03-02 05:54:11",218
"2020-03-02 07:51:20",218
"2020-03-02 08:53:59",218
"2020-03-02 09:53:27",218
"2020-03-02 10:51:46",218
"2020-03-02 11:51:17",218
"2020-03-02 12:52:08",218
"2020-03-02 13:54:00",218
"2020-03-02 18:51:02",218
"2020-03-03 00:52:15",217
"2020-03-03 01:52:40",217
"2020-03-03 02:52:11",217
"2020-03-03 03:53:05",217
"2020-03-03 04:54:05",217
"2020-03-03 06:54:56",217
"2020-03-03 07:51:58",217
"2020-03-03 08:54:54",217
"2020-03-03 09:55:10",217
"2020-03-03 10:52:11",217
"2020-03-03 11:55:56",217
"2020-03-03 12:52:04",217
"2020-03-03 13:55:19",217
"2020-03-03 14:54:09",218
"2020-03-03 16:56:12",219
"2020-03-03 17:55:27",221
"2020-03-03 18:51:24",221
"2020-03-03 19:51:25",222
"2020-03-03 20:52:35",225
"2020-03-03 21:52:11",227
"2020-03-03 22:56:18",227
"2020-03-03 23:53:55",227
"2020-03-04 00:54:54",227
"2020-03-04 01:54:12",227
"2020-03-04 02:51:33",227
"2020-03-04 03:52:09",227
"2020-03-04 04:54:46",227
"2020-03-04 05:51:40",227
"2020-03-04 06:54:54",226
"2020-03-04 07:52:00",226
"2020-03-04 08:54:05",226
"2020-03-04 09:51:55",226
"2020-03-04 10:51:05",226
"2020-03-04 11:54:47",226
"2020-03-04 12:54:30",226
"2020-03-04 13:53:12",226
"2020-03-04 14:51:29",226
"2020-03-04 15:55:06",230
"2020-03-04 16:51:32",235
"2020-03-04 17:52:16",237
"2020-03-04 18:54:07",240
"2020-03-04 19:59:32",240
"2020-03-04 20:54:19",240
"2020-03-04 21:51:14",239
"2020-03-04 22:54:05",239
"2020-03-04 23:51:39",239
"2020-03-05 00:51:51",239
"2020-03-05 01:52:21",239
"2020-03-05 02:51:30",239
"2020-03-05 03:51:36",239
"2020-03-05 04:52:07",239
"2020-03-05 05:52:12",239
"2020-03-05 06:51:43",239
"2020-03-05 07:51:24",239
"2020-03-05 08:53:07",239
"2020-03-05 09:52:12",239
"2020-03-05 10:51:25",239
"2020-03-05 11:54:51",239
"2020-03-05 12:52:10",239
"2020-03-05 13:52:05",239
"2020-03-05 14:54:26",239
"2020-03-05 15:52:23",242
"2020-03-05 16:54:18",242
"2020-03-05 17:51:24",243
"2020-03-05 18:51:43",242
"2020-03-05 19:51:37",242
"2020-03-05 20:51:37",246
"2020-03-05 21:51:26",249
"2020-03-05 22:54:03",250
"2020-03-05 23:54:05",250
"2020-03-06 00:51:29",250
"2020-03-06 01:51:32",250
"2020-03-06 02:55:50",250
"2020-03-06 03:54:09",250
"2020-03-06 04:54:14",250
"2020-03-06 05:54:15",250
"2020-03-06 06:54:47",250
"2020-03-06 07:53:50",250
"2020-03-06 08:51:46",250
"2020-03-06 09:54:12",250
"2020-03-06 10:51:20",250
"2020-03-06 11:54:42",250
"2020-03-06 12:51:41",250
"2020-03-06 13:51:07",250
"2020-03-06 14:55:42",250
"2020-03-06 15:52:33",251
"2020-03-06 16:52:32",252
"2020-03-06 17:51:57",252
"2020-03-06 18:51:23",252
"2020-03-06 19:52:13",252
"2020-03-06 20:51:45",252
"2020-03-06 21:51:23",253
"2020-03-06 22:51:29",253
"2020-03-06 23:52:22",253
"2020-03-07 00:51:21",253
"2020-03-07 01:52:20",253
"2020-03-07 02:51:29",253
"2020-03-07 03:54:51",253
"2020-03-07 04:55:00",253
"2020-03-07 05:54:21",253
"2020-03-07 06:54:07",253
"2020-03-07 07:52:22",253
"2020-03-07 08:53:56",253
"2020-03-07 09:51:46",253
"2020-03-07 10:52:10",253
"2020-03-07 11:53:55",253
"2020-03-07 12:52:11",253
"2020-03-07 13:51:14",253
"2020-03-07 14:51:40",253
"2020-03-07 15:51:13",253
"2020-03-07 16:51:34",253
"2020-03-07 17:52:20",253
"2020-03-07 18:51:35",253
"2020-03-07 19:51:45",253
"2020-03-07 20:54:13",253
"2020-03-07 21:55:11",253
"2020-03-07 22:54:17",253
"2020-03-07 23:54:08",253
"2020-03-08 00:51:30",253
"2020-03-08 01:52:20",253
"2020-03-08 02:52:28",253
"2020-03-08 03:54:21",253
"2020-03-08 04:54:11",253
"2020-03-08 05:54:12",253
"2020-03-08 06:52:56",253
"2020-03-08 07:54:03",253
"2020-03-08 08:54:10",253
"2020-03-08 09:52:15",253
"2020-03-08 10:54:07",253
"2020-03-08 11:52:10",253
"2020-03-08 12:54:47",253
"2020-03-08 13:55:01",253
"2020-03-08 14:51:32",253
"2020-03-08 15:54:13",253
"2020-03-08 16:51:23",253
"2020-03-08 17:51:42",253
"2020-03-08 18:55:16",253
"2020-03-08 19:53:02",253
"2020-03-08 20:52:30",253
"2020-03-08 21:51:29",253
"2020-03-08 22:53:54",253
"2020-03-08 23:51:36",253
"2020-03-09 00:54:44",253
"2020-03-09 01:51:30",253
"2020-03-09 02:54:46",253
"2020-03-09 03:54:29",253
"2020-03-09 04:54:10",253
"2020-03-09 05:51:36",253
"2020-03-09 06:51:24",253
"2020-03-09 07:51:44",253
"2020-03-09 08:51:15",253
"2020-03-09 09:51:57",253
"2020-03-09 10:53:49",253
"2020-03-09 11:53:57",253
"2020-03-09 12:52:56",253
"2020-03-09 13:50:36",254
"2020-03-09 14:53:39",254
"2020-03-09 15:51:59",257
"2020-03-09 16:51:21",258
"2020-03-09 17:50:19",263
"2020-03-09 18:50:40",276
"2020-03-09 19:51:28",284
"2020-03-09 20:51:39",288
"2020-03-09 21:54:02",289
"2020-03-09 22:53:52",291
"2020-03-09 23:54:54",291
"2020-03-10 00:51:12",291
"2020-03-10 01:54:00",291
"2020-03-10 02:52:06",291
"2020-03-10 03:54:40",291
"2020-03-10 04:52:07",291
"2020-03-10 06:54:43",291
"2020-03-10 07:54:27",291
"2020-03-10 08:51:33",291
"2020-03-10 09:53:42",291
"2020-03-10 10:53:26",291
"2020-03-10 11:53:51",291
"2020-03-10 12:52:03",291
"2020-03-10 13:52:37",291
"2020-03-10 14:55:00",306
"2020-03-10 15:55:08",306
"2020-03-10 16:51:14",308
"2020-03-10 17:54:20",310
"2020-03-10 18:54:13",310
"2020-03-10 19:54:24",310
"2020-03-10 20:57:02",310
"2020-03-10 21:54:47",310
"2020-03-10 22:53:56",309
"2020-03-10 23:52:05",309
"2020-03-11 00:54:28",309
"2020-03-11 01:54:38",309
"2020-03-11 02:55:02",309
"2020-03-11 03:52:10",309
"2020-03-11 04:52:24",309
"2020-03-11 05:54:42",309
"2020-03-11 06:53:53",309
"2020-03-11 07:51:18",309
"2020-03-11 08:52:09",309
"2020-03-11 09:51:01",309
"2020-03-11 10:51:17",309
"2020-03-11 11:54:14",309
"2020-03-11 12:54:36",309
"2020-03-11 13:54:11",310
"2020-03-11 14:52:20",314
"2020-03-11 15:51:37",315
"2020-03-11 16:54:48",319
"2020-03-11 17:52:20",318
"2020-03-11 18:51:33",319
"2020-03-11 19:54:58",320
"2020-03-11 20:55:03",320
"2020-03-11 21:52:13",320
"2020-03-11 22:52:21",320
"2020-03-11 23:52:46",320
"2020-03-12 00:51:17",320
"2020-03-12 01:54:16",320
"2020-03-12 02:52:03",320
"2020-03-12 03:54:16",320
"2020-03-12 04:54:50",320
"2020-03-12 05:52:24",320
"2020-03-12 06:51:52",320
"2020-03-12 07:52:06",320
"2020-03-12 08:54:14",320
"2020-03-12 09:52:51",320
"2020-03-12 10:54:05",320
"2020-03-12 11:54:02",320
"2020-03-12 12:54:01",320
"2020-03-12 13:55:19",321
"2020-03-12 14:51:20",316
"2020-03-12 15:51:13",315
"2020-03-12 16:51:42",318
"2020-03-12 17:51:30",318
"2020-03-12 18:54:57",316
"2020-03-12 19:52:26",317
"2020-03-12 20:51:40",316
"2020-03-12 21:55:19",317
"2020-03-12 22:51:28",317
"2020-03-12 23:54:46",317
"2020-03-13 00:55:11",317
"2020-03-13 01:51:21",317
"2020-03-13 02:54:17",317
"2020-03-13 03:54:22",317
"2020-03-13 04:52:08",317
"2020-03-13 05:52:59",317
"2020-03-13 06:56:04",317
"2020-03-13 07:55:33",317
"2020-03-13 08:55:39",317
"2020-03-13 09:55:47",317
"2020-03-13 10:52:11",317
"2020-03-13 11:53:57",317
"2020-03-13 13:11:50",317
"2020-03-13 13:53:06",317
"2020-03-13 14:52:42",320
"2020-03-13 15:52:33",319
"2020-03-13 16:54:26",320
"2020-03-13 17:54:15",321
"2020-03-13 18:55:09",321
"2020-03-13 19:54:26",320
"2020-03-13 20:51:48",322
"2020-03-13 21:52:18",322
"2020-03-13 22:51:30",322
"2020-03-13 23:53:59",322
"2020-03-14 00:52:26",322
"2020-03-14 01:54:54",322
"2020-03-14 02:54:23",322
"2020-03-14 03:52:09",322
"2020-03-14 04:55:03",322
"2020-03-14 05:54:27",322
"2020-03-14 06:52:30",322
"2020-03-14 07:54:56",322
"2020-03-14 08:54:10",322
"2020-03-14 09:54:10",322
"2020-03-14 10:51:58",322
"2020-03-14 11:51:45",322
"2020-03-14 12:52:02",322
"2020-03-14 13:51:29",322
"2020-03-14 14:54:19",322
"2020-03-14 15:51:31",322
"2020-03-14 16:54:07",322
"2020-03-14 17:52:12",322
"2020-03-14 18:54:18",322
"2020-03-14 19:52:30",322
"2020-03-14 20:54:47",322
"2020-03-14 21:54:11",322
"2020-03-14 22:55:09",322
"2020-03-14 23:54:00",322
"2020-03-15 00:52:02",322
"2020-03-15 01:52:14",322
"2020-03-15 02:54:54",322
"2020-03-15 03:55:03",322
"2020-03-15 04:51:39",322
"2020-03-15 05:54:59",322
"2020-03-15 06:52:31",322
"2020-03-15 07:55:10",322
"2020-03-15 09:04:43",322
"2020-03-15 09:53:03",322
"2020-03-15 10:53:51",322
"2020-03-15 11:54:59",322
"2020-03-15 12:54:06",322
"2020-03-15 13:51:41",322
"2020-03-15 14:52:55",322
"2020-03-15 15:52:05",322
"2020-03-15 16:54:07",322
"2020-03-15 17:52:31",322
"2020-03-15 18:54:54",322
"2020-03-15 19:54:16",322
"2020-03-15 20:52:22",322
"2020-03-15 21:52:25",322
"2020-03-15 22:54:13",322
"2020-03-15 23:54:03",322
"2020-03-16 00:51:36",322
"2020-03-16 01:51:43",322
"2020-03-16 02:51:29",322
"2020-03-16 03:53:23",322
"2020-03-16 04:54:17",322
"2020-03-16 05:55:09",322
"2020-03-16 06:52:20",322
"2020-03-16 07:54:55",322
"2020-03-16 09:03:18",322
"2020-03-16 09:54:09",322
"2020-03-16 10:52:20",322
"2020-03-16 11:53:51",322
"2020-03-16 13:13:28",322
"2020-03-16 14:52:15",323
"2020-03-16 15:54:03",323
"2020-03-16 16:51:47",325
"2020-03-16 17:52:24",325
"2020-03-16 18:51:45",326
"2020-03-16 19:55:02",328
"2020-03-16 20:51:27",331
"2020-03-16 21:52:33",331
"2020-03-16 22:51:50",332
"2020-03-16 23:54:31",332
"2020-03-17 00:54:22",332
"2020-03-17 01:51:42",332
"2020-03-17 02:54:16",332
"2020-03-17 20:15:14",335
"2020-03-17 20:24:17",335
"2020-03-17 20:52:29",335
"2020-03-17 21:51:52",335
"2020-03-17 22:51:33",335
"2020-03-17 23:52:02",335
"2020-03-18 00:52:31",335
"2020-03-18 01:52:38",335
"2020-03-18 02:52:32",335
"2020-03-18 03:52:49",335
"2020-03-18 04:52:37",335
"2020-03-18 05:52:47",335
"2020-03-18 06:52:02",335
"2020-03-18 07:52:47",335
"2020-03-18 08:51:14",335
"2020-03-18 09:52:13",335
"2020-03-18 10:51:39",335
"2020-03-18 11:51:41",335
"2020-03-18 13:13:21",335
"2020-03-18 13:53:00",335
"2020-03-18 14:52:12",334
"2020-03-18 15:52:16",335
"2020-03-18 16:52:02",336
"2020-03-18 17:52:51",339
"2020-03-18 18:51:52",340
"2020-03-18 19:52:36",340
"2020-03-18 20:51:56",343
"2020-03-18 21:51:50",343
"2020-03-18 22:51:43",343
"2020-03-18 23:52:16",343
"2020-03-19 00:51:57",343
"2020-03-19 01:52:36",343
"2020-03-19 02:51:42",343
"2020-03-19 03:51:36",343
"2020-03-19 04:51:50",343
"2020-03-19 05:55:01",343
"2020-03-19 06:52:01",343
"2020-03-19 07:52:09",343
"2020-03-19 08:51:43",343
"2020-03-19 09:52:20",343
"2020-03-19 10:51:19",343
"2020-03-19 11:51:37",343
"2020-03-19 12:51:26",343
"2020-03-19 13:52:04",343
"2020-03-19 14:52:07",347
"2020-03-19 15:52:05",347
"2020-03-19 16:52:07",349
"2020-03-19 17:52:03",348
"2020-03-19 18:51:33",349
"2020-03-19 19:52:16",349
"2020-03-19 20:52:51",349
"2020-03-19 21:52:23",350
"2020-03-19 22:51:44",351
"2020-03-19 23:53:15",351
"2020-03-20 00:51:43",351
"2020-03-20 01:51:36",351
"2020-03-20 02:53:31",351
"2020-03-20 03:51:53",351
"2020-03-20 04:52:02",351
"2020-03-20 06:52:32",351
"2020-03-20 07:52:04",351
"2020-03-20 08:53:20",351
"2020-03-20 09:52:32",351
"2020-03-20 10:51:54",351
"2020-03-20 11:51:41",351
"2020-03-20 13:12:13",351
"2020-03-20 13:53:01",351
"2020-03-20 14:51:56",354
"2020-03-20 15:51:49",355
"2020-03-20 16:51:55",355
"2020-03-20 17:51:57",355
"2020-03-20 18:51:44",355
"2020-03-20 19:52:05",355
"2020-03-20 20:51:56",356
"2020-03-20 21:51:35",356
"2020-03-20 22:52:39",356
"2020-03-20 23:52:50",356
"2020-03-21 00:52:08",356
"2020-03-21 01:51:55",356
"2020-03-21 02:52:34",356
"2020-03-21 03:52:37",356
"2020-03-21 04:51:40",356
"2020-03-21 05:51:33",356
"2020-03-21 06:51:47",356
"2020-03-21 07:52:20",356
"2020-03-21 09:14:40",356
"2020-03-21 09:51:49",356
"2020-03-21 10:51:55",356
"2020-03-21 11:52:09",356
"2020-03-21 12:51:29",356
"2020-03-21 13:51:44",356
"2020-03-21 14:53:09",356
"2020-03-21 15:52:29",356
"2020-03-21 16:52:18",356
"2020-03-21 17:52:54",356
"2020-03-21 18:51:59",356
"2020-03-21 19:52:01",356
"2020-03-21 20:51:30",356
"2020-03-21 21:51:59",356
"2020-03-21 22:51:39",356
"2020-03-21 23:51:44",356
"2020-03-22 00:51:31",356
"2020-03-22 01:52:22",356
"2020-03-22 02:51:39",356
"2020-03-22 03:52:58",356
"2020-03-22 04:52:02",356
"2020-03-22 05:52:02",356
"2020-03-22 06:52:34",356
"2020-03-22 07:52:25",356
"2020-03-22 09:18:55",356
"2020-03-22 09:51:49",356
"2020-03-22 10:52:21",356
"2020-03-22 11:51:34",356
"2020-03-22 12:52:18",356
"2020-03-22 22:01:41",356
"2020-03-22 22:52:32",356
"2020-03-22 23:51:54",356
"2020-03-23 00:53:38",356
"2020-03-23 01:52:43",356
"2020-03-23 02:51:36",356
"2020-03-23 03:51:45",356
"2020-03-23 04:52:43",356
"2020-03-23 05:52:28",356
"2020-03-23 06:52:16",356
"2020-03-23 07:51:45",356
"2020-03-23 08:51:55",356
"2020-03-23 09:52:37",356
"2020-03-23 10:51:48",356
"2020-03-23 11:52:27",356
"2020-03-23 13:11:43",356
"2020-03-23 13:52:19",356
"2020-03-23 14:52:39",361
"2020-03-23 15:52:11",363
"2020-03-23 16:52:51",364
"2020-03-23 17:52:00",365
"2020-03-23 18:51:49",365
"2020-03-23 19:52:33",366
"2020-03-23 20:52:34",367
"2020-03-23 21:51:54",367
"2020-03-23 22:51:55",367
"2020-03-23 23:51:55",367
"2020-03-24 00:51:44",367
"2020-03-24 01:51:45",367
"2020-03-24 02:51:35",367
"2020-03-24 03:52:03",367
"2020-03-24 04:52:32",367
"2020-03-24 05:54:53",367
"2020-03-24 06:52:56",367
"2020-03-24 07:53:09",367
"2020-03-24 09:13:14",367
"2020-03-24 09:51:20",367
"2020-03-24 10:51:29",367
"2020-03-24 11:51:32",367
"2020-03-24 12:51:05",367
"2020-03-24 13:53:44",367
"2020-03-24 14:54:05",366
"2020-03-24 15:53:19",367
"2020-03-24 16:53:24",367
"2020-03-24 17:52:45",369
"2020-03-24 18:52:39",369
"2020-03-24 19:52:06",371
"2020-03-24 20:51:43",373
"2020-03-24 21:51:28",373
"2020-03-24 22:52:31",373
"2020-03-24 23:52:22",373
"2020-03-25 00:51:50",373
"2020-03-25 01:51:58",373
"2020-03-25 02:51:40",373
"2020-03-25 03:51:42",373
"2020-03-25 04:51:15",373
"2020-03-25 06:52:59",373
"2020-03-25 07:51:40",373
"2020-03-25 09:53:28",373
"2020-03-25 10:51:48",373
"2020-03-25 11:52:24",373
"2020-03-25 12:52:27",373
"2020-03-25 13:53:08",373
"2020-03-25 14:52:59",379
"2020-03-25 15:53:28",379
"2020-03-25 16:52:56",382
"2020-03-25 17:53:46",382
"2020-03-25 18:51:54",384
"2020-03-25 19:51:59",384
"2020-03-25 20:52:10",385
"2020-03-25 21:51:37",385
"2020-03-25 22:51:43",385
"2020-03-25 23:51:52",385
"2020-03-26 02:10:08",385
"2020-03-26 02:51:53",385
"2020-03-26 03:52:26",385
"2020-03-26 04:53:30",385
"2020-03-26 05:52:09",385
"2020-03-26 06:52:16",385
"2020-03-26 07:52:16",385
"2020-03-26 08:51:44",385
"2020-03-26 09:52:27",385
"2020-03-26 10:51:28",385
"2020-03-26 11:51:59",385
"2020-03-26 12:52:00",385
"2020-03-26 13:52:06",385
"2020-03-26 14:52:25",384
"2020-03-26 15:52:17",383
"2020-03-26 16:52:03",383
"2020-03-26 17:52:32",383
"2020-03-26 18:51:52",383
"2020-03-26 19:51:51",383
"2020-03-26 20:51:59",383
"2020-03-26 21:52:23",383
"2020-03-26 22:51:40",383
"2020-03-26 23:52:41",383
"2020-03-27 00:51:56",383
"2020-03-27 01:52:16",383
"2020-03-27 02:52:32",383
"2020-03-27 03:52:01",383
"2020-03-27 04:52:19",383
"2020-03-27 05:51:55",383
"2020-03-27 06:52:30",383
"2020-03-27 07:53:05",383
"2020-03-27 08:55:34",383
"2020-03-27 09:53:08",383
"2020-03-27 10:52:10",383
"2020-03-27 11:51:41",383
"2020-03-27 12:51:36",383
"2020-03-27 13:52:35",383
"2020-03-27 14:51:54",387
"2020-03-27 15:51:59",388
"2020-03-27 16:52:19",388
"2020-03-27 17:51:58",388
"2020-03-27 18:52:48",389
"2020-03-27 19:51:58",390
"2020-03-27 20:51:54",389
"2020-03-27 21:52:46",390
"2020-03-27 22:51:57",390
"2020-03-27 23:52:15",390
"2020-03-28 00:52:29",390
"2020-03-28 01:51:25",390
"2020-03-28 02:51:37",390
"2020-03-28 03:52:00",390
"2020-03-28 04:51:47",390
"2020-03-28 05:53:21",390
"2020-03-28 06:52:00",390
"2020-03-28 07:51:25",390
"2020-03-28 08:51:42",390
"2020-03-28 09:52:17",390
"2020-03-28 10:52:46",390
"2020-03-28 11:51:45",390
"2020-03-28 12:52:29",390
"2020-03-28 13:52:25",390
"2020-03-28 14:51:55",390
"2020-03-28 15:51:49",390
"2020-03-28 16:51:36",390
"2020-03-28 17:51:55",390
"2020-03-28 18:52:06",390
"2020-03-28 19:51:37",390
"2020-03-28 20:51:57",390
"2020-03-28 21:51:29",390
"2020-03-28 22:53:10",390
"2020-03-28 23:51:55",390
"2020-03-29 00:52:11",390
"2020-03-29 01:52:32",390
"2020-03-29 02:53:12",390
"2020-03-29 03:53:27",390
"2020-03-29 04:52:30",390
"2020-03-29 05:52:10",390
"2020-03-29 06:53:27",390
"2020-03-29 07:52:19",390
"2020-03-29 08:51:51",390
"2020-03-29 09:51:48",390
"2020-03-29 10:52:49",390
"2020-03-29 11:51:56",390
"2020-03-29 12:51:40",390
"2020-03-29 13:51:40",390
"2020-03-29 14:51:42",390
"2020-03-29 15:51:41",390
"2020-03-29 16:51:53",390
"2020-03-29 17:52:28",390
"2020-03-29 18:51:48",390
"2020-03-29 19:51:41",390
"2020-03-29 20:51:38",390
"2020-03-29 21:53:10",390
"2020-03-29 22:51:58",390
"2020-03-29 23:52:05",390
"2020-03-30 00:51:56",390
"2020-03-30 01:51:48",390
"2020-03-30 02:52:50",390
"2020-03-30 03:51:52",390
"2020-03-30 04:52:44",390
"2020-03-30 05:51:40",390
"2020-03-30 06:52:04",390
"2020-03-30 07:52:38",390
"2020-03-30 08:51:43",390
"2020-03-30 09:51:25",390
"2020-03-30 10:51:33",390
"2020-03-30 11:51:07",390
"2020-03-30 12:51:38",390
"2020-03-30 13:52:57",390
"2020-03-30 14:51:50",392
"2020-03-30 15:52:39",394
"2020-03-30 16:52:01",394
"2020-03-30 17:52:31",397
"2020-03-30 18:52:05",397
"2020-03-30 19:52:44",398
"2020-03-30 20:51:49",398
"2020-03-30 21:52:27",398
"2020-03-30 22:51:38",398
"2020-03-30 23:51:33",398
"2020-03-31 00:51:24",398
"2020-03-31 01:51:40",398
"2020-03-31 02:51:41",398
"2020-03-31 03:52:14",398
"2020-03-31 04:51:42",398
"2020-03-31 05:51:46",398
"2020-03-31 06:51:43",398
"2020-03-31 07:51:54",397
"2020-03-31 08:51:50",397
"2020-03-31 09:51:44",397
"2020-03-31 10:51:38",397
"2020-03-31 11:52:28",397
"2020-03-31 13:10:46",398
"2020-03-31 13:52:05",398
"2020-03-31 14:53:01",399
"2020-03-31 15:51:48",400
"2020-03-31 16:52:59",401
"2020-03-31 17:51:52",402
"2020-03-31 18:52:22",403
"2020-03-31 19:51:43",406
"2020-03-31 20:52:33",406
"2020-03-31 21:51:42",406
"2020-03-31 22:51:49",406
"2020-03-31 23:50:56",406
"2020-04-01 00:50:19",406
"2020-04-01 01:50:20",406
"2020-04-01 02:50:16",406
"2020-04-01 03:50:26",406
"2020-04-01 04:50:50",406
"2020-04-01 05:51:14",406
"2020-04-01 06:50:33",406
"2020-04-01 07:51:10",406
"2020-04-01 08:50:17",406
"2020-04-01 09:50:39",406
"2020-04-01 10:49:53",406
"2020-04-01 11:51:35",406
"2020-04-01 13:13:47",406
"2020-04-01 13:50:18",406
"2020-04-01 14:51:37",410
"2020-04-01 15:51:01",411
"2020-04-01 16:50:00",412
"2020-04-01 17:49:57",414
"2020-04-01 18:50:05",417
"2020-04-01 19:50:17",420
"2020-04-01 20:50:21",422
"2020-04-01 21:50:03",422
"2020-04-01 22:50:04",422
"2020-04-01 23:51:09",422
"2020-04-02 00:50:13",422
"2020-04-02 01:51:03",422
"2020-04-02 02:50:11",422
"2020-04-02 03:50:58",422
"2020-04-02 04:50:17",422
"2020-04-02 05:50:28",422
"2020-04-02 06:49:48",422
"2020-04-02 07:51:00",422
"2020-04-02 08:52:00",422
"2020-04-02 09:50:58",422
"2020-04-02 10:50:21",422
"2020-04-02 11:50:07",422
"2020-04-02 13:14:49",422
"2020-04-02 13:51:12",422
"2020-04-02 14:50:00",424
"2020-04-02 15:50:26",425
"2020-04-02 16:49:51",424
"2020-04-02 17:50:03",425
"2020-04-02 19:50:05",427
"2020-04-02 20:50:46",427
"2020-04-02 21:51:45",427
"2020-04-02 22:51:14",427
"2020-04-02 23:50:03",427
"2020-04-03 00:50:27",427
"2020-04-03 01:50:58",427
"2020-04-03 02:50:19",427
"2020-04-03 03:50:06",427
"2020-04-03 04:50:46",427
"2020-04-03 05:51:01",427
"2020-04-03 06:50:14",427
"2020-04-03 08:50:15",427
"2020-04-03 09:50:14",427
"2020-04-03 10:50:56",427
"2020-04-03 11:50:06",427
"2020-04-03 13:15:50",428
"2020-04-03 13:50:29",428
"2020-04-03 14:50:34",430
"2020-04-03 15:51:07",429
"2020-04-03 16:51:02",429
"2020-04-03 17:51:06",429
"2020-04-03 18:51:07",430
"2020-04-03 19:50:11",430
"2020-04-03 20:50:08",431
"2020-04-03 21:50:28",431
"2020-04-03 22:51:40",431
"2020-04-03 23:50:20",431
"2020-04-04 00:50:03",431
"2020-04-04 01:50:55",431
"2020-04-04 02:50:22",431
"2020-04-04 03:50:27",431
"2020-04-04 04:50:42",431
"2020-04-04 05:50:55",431
"2020-04-04 06:50:02",430
"2020-04-04 07:51:09",430
"2020-04-04 08:50:46",430
"2020-04-04 09:50:44",430
"2020-04-04 10:50:14",430
"2020-04-04 11:50:11",430
"2020-04-04 12:50:10",430
"2020-04-04 13:50:06",430
"2020-04-04 14:50:38",430
"2020-04-04 15:49:55",430
"2020-04-04 16:50:13",430
"2020-04-04 17:50:15",430
"2020-04-04 18:50:07",430
"2020-04-04 19:50:12",430
"2020-04-04 20:50:00",430
"2020-04-04 21:50:06",430
"2020-04-04 22:51:07",430
"2020-04-04 23:50:03",430
"2020-04-05 00:51:28",430
"2020-04-05 01:50:54",430
"2020-04-05 02:49:59",430
"2020-04-05 03:50:15",430
"2020-04-05 04:50:56",430
"2020-04-05 05:50:41",430
"2020-04-05 06:50:48",430
"2020-04-05 07:50:15",430
"2020-04-05 08:50:24",430
"2020-04-05 09:50:07",430
"2020-04-05 10:51:07",430
"2020-04-05 11:50:54",430
"2020-04-05 12:50:02",430
"2020-04-05 13:51:02",430
"2020-04-05 14:50:13",430
"2020-04-05 15:49:57",430
"2020-04-05 16:50:57",430
"2020-04-05 17:49:52",430
"2020-04-05 18:50:17",430
"2020-04-05 19:50:03",430
"2020-04-05 20:50:15",430
"2020-04-05 21:50:21",430
"2020-04-05 22:50:49",430
"2020-04-05 23:50:04",430
"2020-04-06 00:49:59",430
"2020-04-06 01:50:20",430
"2020-04-06 02:50:46",430
"2020-04-06 03:51:45",430
"2020-04-06 04:49:48",430
"2020-04-06 05:50:37",430
"2020-04-06 06:50:39",430
"2020-04-06 07:50:14",430
"2020-04-06 08:50:58",430
"2020-04-06 09:50:07",430
"2020-04-06 10:50:37",430
"2020-04-06 11:49:55",430
"2020-04-06 12:50:34",430
"2020-04-06 13:50:19",430
"2020-04-06 14:50:16",431
"2020-04-06 15:50:18",431
"2020-04-06 16:50:04",432
"2020-04-06 17:50:02",431
"2020-04-06 18:53:33",430
"2020-04-06 19:50:57",431
"2020-04-06 20:50:09",431
"2020-04-06 21:49:57",431
"2020-04-06 22:50:17",431
"2020-04-06 23:50:40",431
"2020-04-07 00:50:19",431
"2020-04-07 01:50:36",431
"2020-04-07 02:50:21",431
"2020-04-07 03:50:06",431
"2020-04-07 04:50:09",431
"2020-04-07 05:49:54",431
"2020-04-07 06:50:29",431
"2020-04-07 07:50:15",431
"2020-04-07 08:50:49",431
"2020-04-07 09:50:02",431
"2020-04-07 10:49:45",431
"2020-04-07 11:50:01",431
"2020-04-07 12:50:04",431
"2020-04-07 13:50:14",431
"2020-04-07 14:49:42",429
"2020-04-07 15:49:58",430
"2020-04-07 16:50:24",430
"2020-04-07 17:49:51",431
"2020-04-07 18:49:56",431
"2020-04-07 19:49:53",431
"2020-04-07 20:50:13",432
"2020-04-07 21:50:23",432
"2020-04-07 22:50:00",432
"2020-04-07 23:50:07",432
"2020-04-08 00:50:19",432
"2020-04-08 01:49:58",432
"2020-04-08 02:49:39",432
"2020-04-08 03:50:22",432
"2020-04-08 04:49:49",432
"2020-04-08 06:50:14",432
"2020-04-08 07:50:30",432
"2020-04-08 09:12:12",432
"2020-04-08 09:50:07",432
"2020-04-08 10:49:59",432
"2020-04-08 11:49:54",432
"2020-04-08 12:49:54",432
"2020-04-08 13:50:05",432
"2020-04-08 14:49:48",435
"2020-04-08 15:50:11",437
"2020-04-08 16:49:55",436
"2020-04-08 17:50:31",437
"2020-04-08 18:49:54",437
"2020-04-08 19:50:28",440
"2020-04-08 20:50:08",441
"2020-04-08 21:49:56",441
"2020-04-08 22:49:47",441
"2020-04-08 23:50:02",441
"2020-04-09 00:49:53",441
"2020-04-09 02:50:01",441
"2020-04-09 03:49:54",441
"2020-04-09 04:50:35",441
"2020-04-09 05:50:10",441
"2020-04-09 06:50:41",441
"2020-04-09 07:49:43",441
"2020-04-09 08:49:48",441
"2020-04-09 09:49:45",441
"2020-04-09 10:49:57",441
"2020-04-09 11:49:56",441
"2020-04-09 12:49:51",441
"2020-04-09 13:50:14",441
"2020-04-09 14:50:13",446
"2020-04-09 15:49:35",445
"2020-04-09 16:49:56",445
"2020-04-09 17:49:55",444
"2020-04-09 18:49:32",444
"2020-04-09 19:50:27",443
"2020-04-09 20:49:54",444
"2020-04-09 21:49:51",444
"2020-04-09 22:49:49",444
"2020-04-09 23:49:45",444
"2020-04-10 00:49:57",444
"2020-04-10 01:49:43",444
"2020-04-10 02:50:05",444
"2020-04-10 03:49:57",444
"2020-04-10 04:49:49",444
"2020-04-10 05:50:09",444
"2020-04-10 06:49:47",444
"2020-04-10 07:49:49",444
"2020-04-10 08:50:08",444
"2020-04-10 09:49:51",444
"2020-04-10 10:49:59",444
"2020-04-10 11:49:56",444
"2020-04-10 12:49:53",444
"2020-04-10 13:50:02",444
"2020-04-10 14:50:18",444
"2020-04-10 15:49:56",444
"2020-04-10 16:49:41",444
"2020-04-10 17:49:53",444
"2020-04-10 18:49:54",444
"2020-04-10 19:49:55",444
"2020-04-10 20:50:33",444
"2020-04-10 21:49:24",444
"2020-04-10 22:49:20",444
"2020-04-10 23:49:22",444
"2020-04-11 00:49:32",444
"2020-04-11 01:49:12",444
"2020-04-11 02:49:22",444
"2020-04-11 03:49:22",444
"2020-04-11 04:49:31",444
"2020-04-11 05:49:17",444
"2020-04-11 06:49:23",444
"2020-04-11 07:49:19",444
"2020-04-11 08:49:09",444
"2020-04-11 09:49:13",444
"2020-04-11 10:49:32",444
"2020-04-11 11:49:11",444
"2020-04-11 12:49:20",444
"2020-04-11 13:49:32",444
"2020-04-11 14:49:10",444
"2020-04-11 15:49:34",444
"2020-04-11 16:49:27",444
"2020-04-11 17:49:28",444
"2020-04-11 18:49:26",444
"2020-04-11 19:49:19",444
"2020-04-11 20:49:09",444
"2020-04-11 21:49:20",444
"2020-04-11 22:49:19",444
"2020-04-11 23:49:20",444
"2020-04-12 00:49:34",444
"2020-04-12 01:49:18",444
"2020-04-12 02:49:18",444
"2020-04-12 03:49:13",444
"2020-04-12 04:49:40",444
"2020-04-12 05:49:26",444
"2020-04-12 06:49:25",444
"2020-04-12 07:49:15",444
"2020-04-12 08:49:17",444
"2020-04-12 09:49:24",444
"2020-04-12 10:49:24",444
"2020-04-12 11:49:14",444
"2020-04-12 12:49:21",444
"2020-04-12 13:49:32",444
"2020-04-12 14:49:23",444
"2020-04-12 15:49:21",444
"2020-04-12 16:49:19",444
"2020-04-12 17:49:10",444
"2020-04-12 18:49:28",444
"2020-04-12 19:49:21",444
"2020-04-12 20:49:45",444
"2020-04-12 21:49:28",444
"2020-04-12 22:49:34",444
"2020-04-12 23:49:45",444
"2020-04-13 00:50:00",444
"2020-04-13 01:49:37",444
"2020-04-13 02:49:43",444
"2020-04-13 03:50:08",444
"2020-04-13 04:49:49",444
"2020-04-13 05:49:44",444
"2020-04-13 06:49:22",444
"2020-04-13 07:49:10",444
"2020-04-13 08:49:24",444
"2020-04-13 09:49:18",444
"2020-04-13 10:49:17",444
"2020-04-13 11:49:31",444
"2020-04-13 13:12:40",444
"2020-04-13 13:49:16",444
"2020-04-13 14:49:14",444
"2020-04-13 15:49:18",448
"2020-04-13 16:49:25",451
"2020-04-13 17:49:40",452
"2020-04-13 18:49:11",453
"2020-04-13 19:49:15",454
"2020-04-13 20:49:23",457
"2020-04-13 21:49:26",458
"2020-04-13 22:49:13",458
"2020-04-13 23:49:25",458
"2020-04-14 00:50:05",458
"2020-04-14 01:49:58",458
"2020-04-14 02:49:48",458
"2020-04-14 03:49:50",458
"2020-04-14 04:49:50",458
"2020-04-14 05:49:58",458
"2020-04-14 06:49:33",458
"2020-04-14 07:49:25",458
"2020-04-14 08:49:28",458
"2020-04-14 09:49:25",458
"2020-04-14 10:49:25",458
"2020-04-14 11:49:25",458
"2020-04-14 12:49:21",458
"2020-04-14 13:49:28",458
"2020-04-14 14:49:42",464
"2020-04-14 15:49:44",466
"2020-04-14 16:49:48",469
"2020-04-14 17:49:11",478
"2020-04-14 18:49:53",491
"2020-04-14 19:49:21",496
"2020-04-14 20:49:19",499
"2020-04-14 21:49:23",504
"2020-04-14 22:49:20",505
"2020-04-14 23:49:40",505
"2020-04-15 00:49:42",505
"2020-04-15 01:49:44",505
"2020-04-15 02:49:41",505
"2020-04-15 03:49:39",505
"2020-04-15 04:49:40",505
"2020-04-15 05:49:16",505
"2020-04-15 06:49:12",505
"2020-04-15 07:49:22",505
"2020-04-15 08:49:27",505
"2020-04-15 09:49:22",505
"2020-04-15 10:49:13",505
"2020-04-15 11:49:11",505
"2020-04-15 13:15:44",510
"2020-04-15 14:49:24",534
"2020-04-15 15:49:15",544
"2020-04-15 16:49:34",552
"2020-04-15 17:49:16",554
"2020-04-15 18:49:21",559
"2020-04-15 19:49:34",563
"2020-04-15 20:49:19",567
"2020-04-15 21:49:30",569
"2020-04-15 22:49:32",569
"2020-04-15 23:49:36",569
"2020-04-16 00:49:43",569
"2020-04-16 01:49:50",569
"2020-04-16 02:49:54",569
"2020-04-16 03:49:54",569
"2020-04-16 04:49:56",569
"2020-04-16 05:49:29",569
"2020-04-16 06:49:45",569
"2020-04-16 07:49:26",569
"2020-04-16 08:49:25",569
"2020-04-16 09:49:16",569
"2020-04-16 10:49:26",569
"2020-04-16 11:49:24",569
"2020-04-16 12:49:24",569
"2020-04-16 13:49:25",569
"2020-04-16 14:49:20",584
"2020-04-16 15:49:53",591
"2020-04-16 16:49:54",592
"2020-04-16 17:49:28",595
"2020-04-16 18:49:48",599
"2020-04-16 19:49:19",604
"2020-04-16 20:49:32",606
"2020-04-16 21:49:55",606
"2020-04-16 22:49:28",606
"2020-04-16 23:49:56",606
"2020-04-17 00:49:43",606
"2020-04-17 01:49:45",606
"2020-04-17 02:49:54",606
"2020-04-17 03:49:34",606
"2020-04-17 04:49:27",606
"2020-04-17 05:49:33",606
"2020-04-17 06:49:33",606
"2020-04-17 07:49:47",606
"2020-04-17 08:49:30",606
"2020-04-17 09:49:25",606
"2020-04-17 10:49:29",606
"2020-04-17 11:49:16",606
"2020-04-17 13:12:44",606
"2020-04-17 13:49:47",606
"2020-04-17 14:49:29",613
"2020-04-17 15:49:35",612
"2020-04-17 16:49:14",615
"2020-04-17 17:49:23",619
"2020-04-17 18:49:53",619
"2020-04-17 19:49:44",623
"2020-04-17 20:49:53",627
"2020-04-17 21:49:48",627
"2020-04-17 22:49:36",627
"2020-04-17 23:49:48",627
"2020-04-18 00:49:46",627
"2020-04-18 01:49:41",627
"2020-04-18 02:49:35",627
"2020-04-18 03:49:36",627
"2020-04-18 04:49:51",627
"2020-04-18 05:49:49",627
"2020-04-18 06:49:26",627
"2020-04-18 07:49:19",627
"2020-04-18 08:49:48",627
"2020-04-18 09:49:10",627
"2020-04-18 10:49:24",627
"2020-04-18 11:49:29",627
"2020-04-18 12:49:11",627
"2020-04-18 13:49:40",627
"2020-04-18 14:49:20",627
"2020-04-18 15:49:33",627
"2020-04-18 16:49:11",627
"2020-04-18 17:49:30",627
"2020-04-18 18:49:29",627
"2020-04-18 19:49:23",627
"2020-04-18 20:49:30",627
"2020-04-18 21:49:20",627
"2020-04-18 22:49:39",627
"2020-04-18 23:49:59",627
"2020-04-19 00:50:01",627
"2020-04-19 01:50:19",627
"2020-04-19 02:49:49",627
"2020-04-19 03:49:53",627
"2020-04-19 04:50:21",627
"2020-04-19 05:49:43",627
"2020-04-19 06:49:51",627
"2020-04-19 07:49:39",627
"2020-04-19 08:49:26",627
"2020-04-19 09:49:24",627
"2020-04-19 10:49:24",627
"2020-04-19 11:49:12",627
"2020-04-19 12:49:16",627
"2020-04-19 13:49:46",627
"2020-04-19 14:49:16",627
"2020-04-19 15:49:32",627
"2020-04-19 16:49:32",627
"2020-04-19 17:49:56",627
"2020-04-19 18:49:26",627
"2020-04-19 19:49:23",627
"2020-04-19 20:49:14",627
"2020-04-19 21:50:09",627
"2020-04-19 22:49:57",627
"2020-04-19 23:49:43",627
"2020-04-20 00:50:10",627
"2020-04-20 01:49:57",627
"2020-04-20 02:50:14",627
"2020-04-20 03:50:14",627
"2020-04-20 04:49:46",627
"2020-04-20 05:50:10",627
"2020-04-20 06:49:53",627
"2020-04-20 07:49:24",627
"2020-04-20 08:49:21",627
"2020-04-20 09:49:22",627
"2020-04-20 10:49:22",627
"2020-04-20 11:49:20",627
"2020-04-20 12:49:22",627
"2020-04-20 13:49:19",632
"2020-04-20 14:50:02",641
"2020-04-20 15:49:29",641
"2020-04-20 16:49:40",643
"2020-04-20 17:49:38",641
"2020-04-20 18:49:52",641
"2020-04-20 20:50:41",632
"2020-04-20 21:50:30",633
"2020-04-20 22:50:59",633
"2020-04-20 23:49:51",633
"2020-04-21 00:50:11",633
"2020-04-21 01:49:55",633
"2020-04-21 02:49:51",633
"2020-04-21 03:52:12",633
"2020-04-21 04:52:50",633
"2020-04-21 05:52:53",633
"2020-04-21 06:49:52",633
"2020-04-21 07:49:37",633
"2020-04-21 08:49:32",633
"2020-04-21 09:49:28",633
"2020-04-21 10:49:26",633
"2020-04-21 11:49:25",633
"2020-04-21 12:49:29",633
"2020-04-21 13:50:04",632
"2020-04-21 14:49:53",634
"2020-04-21 15:49:13",633
"2020-04-21 16:49:11",635
"2020-04-21 17:49:52",634
"2020-04-21 18:49:12",634
"2020-04-21 19:49:23",634
"2020-04-21 20:50:00",635
"2020-04-21 21:50:08",635
"2020-04-21 22:50:00",635
"2020-04-21 23:49:20",635
"2020-04-22 00:49:45",635
"2020-04-22 01:49:59",635
"2020-04-22 02:50:03",635
"2020-04-22 03:49:45",635
"2020-04-22 04:49:19",635
"2020-04-22 05:49:23",635
"2020-04-22 06:49:53",635
"2020-04-22 07:49:39",635
"2020-04-22 08:49:16",635
"2020-04-22 09:49:32",635
"2020-04-22 10:50:07",635
"2020-04-22 11:49:15",635
"2020-04-22 12:49:24",635
"2020-04-22 13:49:13",635
"2020-04-22 14:49:48",633
"2020-04-22 15:49:19",632
"2020-04-22 16:49:58",628
"2020-04-22 17:50:10",627
"2020-04-22 18:49:47",625
"2020-04-22 19:49:22",627
"2020-04-22 20:49:35",630
"2020-04-22 21:49:52",630
"2020-04-22 22:49:45",630
"2020-04-22 23:49:52",630
"2020-04-23 00:49:21",630
"2020-04-23 01:49:47",630
"2020-04-23 02:49:56",630
"2020-04-23 03:49:56",630
"2020-04-23 04:49:37",630
"2020-04-23 05:49:12",630
"2020-04-23 06:49:23",630
"2020-04-23 07:49:29",630
"2020-04-23 08:49:21",630
"2020-04-23 09:49:08",630
"2020-04-23 10:49:21",630
"2020-04-23 11:49:35",630
"2020-04-23 12:49:13",630
"2020-04-23 13:49:12",630
"2020-04-23 14:49:15",628
"2020-04-23 15:49:22",624
"2020-04-23 16:49:49",622
"2020-04-23 17:49:13",623
"2020-04-23 18:49:30",624
"2020-04-23 19:49:18",624
"2020-04-23 20:49:57",626
"2020-04-23 21:49:26",626
"2020-04-23 22:49:19",626
"2020-04-23 23:49:30",626
"2020-04-24 00:49:44",626
"2020-04-24 01:50:18",626
"2020-04-24 02:49:10",626
"2020-04-24 03:49:59",626
"2020-04-24 04:49:42",626
"2020-04-24 05:49:15",626
"2020-04-24 06:49:17",626
"2020-04-24 07:49:09",626
"2020-04-24 08:49:31",626
"2020-04-24 09:49:20",626
"2020-04-24 10:49:17",626
"2020-04-24 11:49:10",626
"2020-04-24 13:13:46",625
"2020-04-24 13:49:50",625
"2020-04-24 14:49:29",629
"2020-04-24 15:49:18",629
"2020-04-24 16:49:21",628
"2020-04-24 17:49:27",629
"2020-04-24 18:50:39",630
"2020-04-24 19:49:20",627
"2020-04-24 20:49:31",625
"2020-04-24 21:50:09",625
"2020-04-24 22:50:07",625
"2020-04-24 23:49:32",625
"2020-04-25 00:49:55",625
"2020-04-25 01:50:01",625
"2020-04-25 02:49:53",625
"2020-04-25 03:50:00",625
"2020-04-25 04:49:55",625
"2020-04-25 05:50:09",625
"2020-04-25 06:49:35",625
"2020-04-25 07:49:21",625
"2020-04-25 08:49:34",625
"2020-04-25 09:49:27",625
"2020-04-25 10:49:15",625
"2020-04-25 11:49:26",625
"2020-04-25 12:49:22",625
"2020-04-25 13:49:43",625
"2020-04-25 14:49:28",625
"2020-04-25 15:49:34",625
"2020-04-25 16:49:41",625
"2020-04-25 17:49:36",625
"2020-04-25 18:49:21",625
"2020-04-25 19:49:34",625
"2020-04-25 20:49:24",625
"2020-04-25 21:49:22",625
"2020-04-25 22:49:29",625
"2020-04-25 23:49:30",625
"2020-04-26 00:49:27",625
"2020-04-26 01:49:52",625
"2020-04-26 02:49:48",625
"2020-04-26 03:50:00",625
"2020-04-26 04:49:18",625
"2020-04-26 05:50:04",625
"2020-04-26 06:49:37",625
"2020-04-26 07:49:30",625
"2020-04-26 08:49:26",625
"2020-04-26 09:49:25",625
"2020-04-26 10:49:17",625
"2020-04-26 11:49:31",625
"2020-04-26 12:49:25",625
"2020-04-26 13:49:14",625
"2020-04-26 14:49:20",625
"2020-04-26 15:49:30",625
"2020-04-26 16:49:28",625
"2020-04-26 17:49:25",625
"2020-04-26 18:49:24",625
"2020-04-26 19:49:14",625
"2020-04-26 20:49:20",625
"2020-04-26 21:49:37",625
"2020-04-26 22:49:48",625
"2020-04-26 23:50:13",625
"2020-04-27 00:50:10",625
"2020-04-27 01:50:09",625
"2020-04-27 02:49:56",625
"2020-04-27 03:50:00",625
"2020-04-27 04:50:03",625
"2020-04-27 05:49:35",625
"2020-04-27 06:49:31",625
"2020-04-27 07:49:18",625
"2020-04-27 08:49:32",625
"2020-04-27 09:49:33",625
"2020-04-27 10:49:34",625
"2020-04-27 11:49:09",625
"2020-04-27 12:49:24",625
"2020-04-27 13:50:12",624
"2020-04-27 14:49:36",626
"2020-04-27 15:49:28",624
"2020-04-27 16:49:11",620
"2020-04-27 17:49:28",618
"2020-04-27 18:49:22",615
"2020-04-27 19:49:20",612
"2020-04-27 20:49:21",614
"2020-04-27 21:49:36",614
"2020-04-27 22:49:19",614
"2020-04-27 23:49:52",614
"2020-04-28 00:50:35",614
"2020-04-28 01:49:32",614
"2020-04-28 02:50:10",614
"2020-04-28 03:50:06",614
"2020-04-28 04:49:56",614
"2020-04-28 05:49:25",614
"2020-04-28 06:49:21",614
"2020-04-28 07:50:04",614
"2020-04-28 08:49:51",614
"2020-04-28 09:49:30",614
"2020-04-28 10:49:11",614
"2020-04-28 11:49:29",614
"2020-04-28 12:49:31",614
"2020-04-28 13:49:25",614
"2020-04-28 14:50:11",615
"2020-04-28 15:49:58",620
"2020-04-28 16:49:17",623
"2020-04-28 17:49:23",623
"2020-04-28 18:49:22",625
"2020-04-28 19:49:22",626
"2020-04-28 20:49:25",627
"2020-04-28 21:49:32",627
"2020-04-28 22:49:13",627
"2020-04-28 23:49:42",627
"2020-04-29 00:50:13",627
"2020-04-29 01:50:14",627
"2020-04-29 02:50:05",627
"2020-04-29 03:49:22",627
"2020-04-29 04:49:28",627
"2020-04-29 05:49:15",627
"2020-04-29 06:49:33",627
"2020-04-29 07:49:30",627
"2020-04-29 08:49:27",627
"2020-04-29 09:49:52",627
"2020-04-29 10:49:29",627
"2020-04-29 11:49:09",627
"2020-04-29 13:11:38",626
"2020-04-29 13:49:31",626
"2020-04-29 14:49:16",624
"2020-04-29 15:49:13",626
"2020-04-29 16:49:32",628
"2020-04-29 17:49:35",628
"2020-04-29 18:50:06",630
"2020-04-29 19:50:11",628
"2020-04-29 20:49:25",631
"2020-04-29 21:50:00",631
"2020-04-29 22:50:09",631
"2020-04-29 23:49:41",631
"2020-04-30 00:50:07",631
"2020-04-30 01:50:14",631
"2020-04-30 02:50:55",631
"2020-04-30 03:50:43",631
"2020-04-30 04:49:52",631
"2020-04-30 05:49:43",631
"2020-04-30 06:49:30",631
"2020-04-30 07:49:27",631
"2020-04-30 08:49:32",631
"2020-04-30 09:49:24",631
"2020-04-30 10:49:12",631
"2020-04-30 11:49:50",631
"2020-04-30 12:49:24",631
"2020-04-30 13:49:22",632
"2020-04-30 14:49:49",640
"2020-04-30 15:49:25",643
"2020-04-30 16:49:20",641
"2020-04-30 17:53:14",646
"2020-04-30 18:49:40",644
"2020-04-30 20:49:26",646
"2020-04-30 21:49:31",646
"2020-04-30 22:49:37",645
"2020-04-30 23:49:28",645
"2020-05-01 00:50:13",645
"2020-05-01 01:50:05",645
"2020-05-01 02:49:27",645
"2020-05-01 03:49:17",645
"2020-05-01 04:49:33",645
"2020-05-01 05:49:40",645
"2020-05-01 06:49:33",645
"2020-05-01 07:49:34",645
"2020-05-01 08:49:26",645
"2020-05-01 09:49:30",645
"2020-05-01 10:49:22",645
"2020-05-01 11:49:22",645
"2020-05-01 13:12:42",645
"2020-05-01 13:50:18",645
"2020-05-01 14:49:18",645
"2020-05-01 15:49:18",647
"2020-05-01 16:49:19",642
"2020-05-01 17:49:18",640
"2020-05-01 18:49:18",640
"2020-05-01 19:49:34",640
"2020-05-01 20:49:30",640
"2020-05-01 21:49:53",640
"2020-05-01 22:49:20",640
"2020-05-01 23:49:20",640
"2020-05-02 00:49:21",640
"2020-05-02 01:49:45",640
"2020-05-02 02:49:34",640
"2020-05-02 03:49:52",640
"2020-05-02 04:49:27",640
"2020-05-02 05:49:46",640
"2020-05-02 06:49:29",640
"2020-05-02 07:49:36",640
"2020-05-02 08:49:33",640
"2020-05-02 09:49:27",640
"2020-05-02 10:49:16",640
"2020-05-02 11:49:29",640
"2020-05-02 12:49:15",640
"2020-05-02 13:49:30",640
"2020-05-02 14:49:29",640
"2020-05-02 15:49:38",640
"2020-05-02 16:49:28",640
"2020-05-02 17:49:26",640
"2020-05-02 18:49:38",640
"2020-05-02 19:49:30",640
"2020-05-02 20:49:48",640
"2020-05-02 21:49:29",640
"2020-05-02 22:49:13",640
"2020-05-02 23:49:57",640
"2020-05-03 00:49:28",640
"2020-05-03 01:50:01",640
"2020-05-03 02:49:56",640
"2020-05-03 03:49:56",640
"2020-05-03 04:49:40",640
"2020-05-03 05:49:22",640
"2020-05-03 06:49:24",640
"2020-05-03 07:49:33",640
"2020-05-03 08:49:28",640
"2020-05-03 09:50:16",640
"2020-05-03 10:49:30",640
"2020-05-03 11:49:28",640
"2020-05-03 12:49:25",640
"2020-05-03 13:49:29",640
"2020-05-03 14:49:36",640
"2020-05-03 15:49:31",640
"2020-05-03 16:50:02",640
"2020-05-03 17:50:11",640
"2020-05-03 18:49:18",640
"2020-05-03 19:50:40",640
"2020-05-03 20:50:05",640
"2020-05-03 21:49:54",640
"2020-05-03 22:50:03",640
"2020-05-03 23:50:06",640
"2020-05-04 00:49:59",640
"2020-05-04 01:50:01",640
"2020-05-04 02:50:03",640
"2020-05-04 03:50:04",640
"2020-05-04 04:49:26",640
"2020-05-04 05:49:27",640
"2020-05-04 06:49:39",640
"2020-05-04 09:35:33",640
"2020-05-04 10:52:47",640
"2020-05-04 11:00:30",640
"2020-05-04 11:08:06",640
"2020-05-04 11:49:41",640
"2020-05-04 13:11:48",641
"2020-05-04 13:49:25",641
"2020-05-04 14:49:36",641
"2020-05-04 15:49:26",650
"2020-05-04 16:49:29",651
"2020-05-04 17:49:26",653
"2020-05-04 18:50:16",653
"2020-05-04 19:50:03",653
"2020-05-04 20:49:57",655
"2020-05-04 21:50:00",655
"2020-05-04 22:49:18",655
"2020-05-04 23:49:22",655
"2020-05-05 00:49:17",655
"2020-05-05 01:49:52",655
"2020-05-05 02:49:15",655
"2020-05-05 03:50:11",655
"2020-05-05 04:49:28",655
"2020-05-05 05:49:27",655
"2020-05-05 06:49:30",655
"2020-05-05 07:49:41",655
"2020-05-05 08:49:55",655
"2020-05-05 09:49:15",655
"2020-05-05 10:49:15",655
"2020-05-05 11:49:51",655
"2020-05-05 12:49:39",655
"2020-05-05 13:49:31",655
"2020-05-05 14:49:30",656
"2020-05-05 15:49:26",653
"2020-05-05 16:49:37",652
"2020-05-05 17:49:24",654
"2020-05-05 18:49:17",654
"2020-05-05 19:50:11",654
"2020-05-05 20:49:37",653
"2020-05-05 21:49:13",653
"2020-05-05 22:49:16",653
"2020-05-05 23:50:05",653
"2020-05-06 00:49:33",653
"2020-05-06 01:49:36",653
"2020-05-06 02:49:25",653
"2020-05-06 03:49:15",653
"2020-05-06 04:49:35",653
"2020-05-06 05:49:28",653
"2020-05-06 06:49:16",653
"2020-05-06 17:50:04",658
"2020-05-06 18:50:11",655
"2020-05-06 19:49:20",655
"2020-05-06 20:50:00",655
"2020-05-06 21:50:01",655
"2020-05-06 22:50:10",655
"2020-05-06 23:50:13",655
"2020-05-07 00:49:33",655
"2020-05-07 01:49:41",655
"2020-05-07 02:49:13",655
"2020-05-07 03:49:33",655
"2020-05-07 04:49:38",655
"2020-05-07 05:49:21",655
"2020-05-07 06:49:31",655
"2020-05-07 08:49:36",655
"2020-05-07 09:49:27",655
"2020-05-07 10:49:56",655
"2020-05-07 11:49:36",655
"2020-05-07 12:49:35",655
"2020-05-07 13:49:44",654
"2020-05-07 14:49:56",647
"2020-05-07 15:49:26",646
"2020-05-07 16:49:37",645
"2020-05-07 17:49:26",645
"2020-05-07 18:49:16",646
"2020-05-07 19:50:25",646
"2020-05-07 20:49:15",647
"2020-05-07 21:49:13",647
"2020-05-07 22:49:13",647
"2020-05-07 23:49:34",647
"2020-05-08 00:49:25",647
"2020-05-08 01:49:14",647
"2020-05-08 02:49:23",647
"2020-05-08 03:49:33",647
"2020-05-08 04:49:17",647
"2020-05-08 05:49:18",647
"2020-05-08 06:49:19",647
"2020-05-08 07:49:29",647
"2020-05-08 08:49:43",647
"2020-05-08 09:49:28",647
"2020-05-08 10:49:25",647
"2020-05-08 11:49:34",647
"2020-05-08 13:11:42",647
"2020-05-08 13:49:44",647
"2020-05-08 14:49:30",647
"2020-05-08 15:49:31",646
"2020-05-08 16:50:05",646
"2020-05-08 17:50:08",645
"2020-05-08 18:49:34",644
"2020-05-08 19:49:21",644
"2020-05-08 20:49:34",642
"2020-05-08 21:49:27",642
"2020-05-08 22:49:38",643
"2020-05-08 23:49:30",643
"2020-05-09 00:49:24",643
"2020-05-09 01:49:41",643
"2020-05-09 02:49:31",643
"2020-05-09 03:50:19",643
"2020-05-09 04:49:26",643
"2020-05-09 05:49:34",643
"2020-05-09 06:49:44",643
"2020-05-09 07:49:22",643
"2020-05-09 08:49:52",643
"2020-05-09 09:49:30",643
"2020-05-09 10:49:30",643
"2020-05-09 11:49:17",643
"2020-05-09 12:49:22",643
"2020-05-09 13:49:26",643
"2020-05-09 14:49:20",643
"2020-05-09 15:49:30",643
"2020-05-09 16:49:18",643
"2020-05-09 17:49:30",643
"2020-05-09 18:49:32",643
"2020-05-09 19:49:26",643
"2020-05-09 20:49:21",643
"2020-05-09 21:49:41",643
"2020-05-09 22:49:32",643
"2020-05-09 23:49:23",643
"2020-05-10 00:50:00",643
"2020-05-10 01:49:23",643
"2020-05-10 02:50:11",643
"2020-05-10 03:49:36",643
"2020-05-10 04:49:39",643
"2020-05-10 05:49:48",643
"2020-05-10 06:49:29",643
"2020-05-10 07:49:42",643
"2020-05-10 08:49:31",643
"2020-05-10 09:49:35",643
"2020-05-10 10:49:34",643
"2020-05-10 11:49:42",643
"2020-05-10 12:49:27",643
"2020-05-10 13:49:38",643
"2020-05-10 14:49:19",643
"2020-05-10 15:49:31",643
"2020-05-10 16:49:26",643
"2020-05-10 17:49:23",643
"2020-05-10 18:49:36",643
"2020-05-10 19:49:26",643
"2020-05-10 20:49:44",643
"2020-05-10 21:49:28",643
"2020-05-10 22:49:31",643
"2020-05-10 23:49:33",643
"2020-05-11 00:49:35",643
"2020-05-11 01:49:19",643
"2020-05-11 02:49:33",643
"2020-05-11 03:50:15",643
"2020-05-11 04:49:30",643
"2020-05-11 05:49:26",643
"2020-05-11 06:49:32",643
"2020-05-11 07:49:42",643
"2020-05-11 08:49:51",643
"2020-05-11 09:49:26",643
"2020-05-11 10:49:29",643
"2020-05-11 11:49:18",643
"2020-05-11 13:10:41",643
"2020-05-11 13:49:43",643
"2020-05-11 14:49:36",653
"2020-05-11 15:50:10",655
"2020-05-11 16:49:35",658
"2020-05-11 17:49:36",658
"2020-05-11 18:49:35",659
"2020-05-11 19:49:23",661
"2020-05-11 20:49:26",661
"2020-05-11 21:49:29",662
"2020-05-11 22:49:13",662
"2020-05-11 23:49:42",662
"2020-05-12 00:49:32",662
"2020-05-12 01:49:34",662
"2020-05-12 02:49:25",662
"2020-05-12 03:49:18",662
"2020-05-12 04:49:26",662
"2020-05-12 05:49:21",662
"2020-05-12 06:49:38",662
"2020-05-12 07:49:25",662
"2020-05-12 08:49:25",662
"2020-05-12 09:50:47",662
"2020-05-12 10:49:36",662
"2020-05-12 11:49:17",662
"2020-05-12 13:16:41",662
"2020-05-12 17:49:17",768
"2020-05-12 18:49:19",773
"2020-05-12 19:49:54",775
"2020-05-12 20:49:56",775
"2020-05-12 21:49:39",775
"2020-05-12 22:49:18",775
"2020-05-12 23:49:18",775
"2020-05-13 00:49:54",775
"2020-05-13 01:49:31",775
"2020-05-13 02:50:05",775
"2020-05-13 03:49:56",775
"2020-05-13 06:49:24",775
"2020-05-13 07:49:49",775
"2020-05-13 08:49:49",775
"2020-05-13 09:49:15",775
"2020-05-13 10:49:23",775
"2020-05-13 11:49:17",775
"2020-05-13 12:49:18",775
"2020-05-13 13:49:39",775
"2020-05-13 14:49:18",780
"2020-05-13 15:49:28",781
"2020-05-13 16:49:53",779
"2020-05-13 17:49:22",777
"2020-05-13 18:49:44",781
"2020-05-13 19:49:24",780
"2020-05-13 20:49:19",779
"2020-05-13 21:49:19",779
"2020-05-13 22:49:26",779
"2020-05-13 23:49:32",779
"2020-05-14 00:49:55",779
"2020-05-14 01:49:26",779
"2020-05-14 02:49:20",779
"2020-05-14 03:49:30",779
"2020-05-14 04:49:21",779
"2020-05-14 05:49:27",779
"2020-05-14 06:49:40",779
"2020-05-14 07:49:25",779
"2020-05-14 08:49:40",779
"2020-05-14 09:49:18",779
"2020-05-14 10:49:30",779
"2020-05-14 11:49:38",779
"2020-05-14 12:49:29",779
"2020-05-14 13:49:35",780
"2020-05-14 14:49:31",778
"2020-05-14 15:49:26",770
"2020-05-14 16:49:14",766
"2020-05-14 17:49:17",766
"2020-05-14 18:49:44",763
"2020-05-14 19:49:40",765
"2020-05-14 20:49:18",761
"2020-05-14 21:49:26",764
"2020-05-14 22:49:46",764
"2020-05-14 23:49:35",764
"2020-05-15 00:49:51",764
"2020-05-15 01:49:51",764
"2020-05-15 02:50:01",764
"2020-05-15 03:50:01",764
"2020-05-15 04:50:03",764
"2020-05-15 05:49:28",764
"2020-05-15 06:49:51",764
"2020-05-15 07:49:18",764
"2020-05-15 08:49:33",764
"2020-05-15 09:49:39",764
"2020-05-15 10:49:19",764
"2020-05-15 11:49:26",764
"2020-05-15 12:49:21",764
"2020-05-15 13:49:30",764
"2020-05-15 14:49:17",771
"2020-05-15 15:49:26",770
"2020-05-15 16:49:15",770
"2020-05-15 17:49:40",771
"2020-05-15 18:49:19",775
"2020-05-15 19:49:34",777
"2020-05-15 20:49:27",784
"2020-05-15 21:49:30",785
"2020-05-15 22:49:16",785
"2020-05-15 23:49:13",785
"2020-05-16 00:49:51",785
"2020-05-16 01:49:40",785
"2020-05-16 02:50:17",785
"2020-05-16 03:49:41",785
"2020-05-16 04:49:25",785
"2020-05-16 05:49:23",785
"2020-05-16 06:50:05",785
"2020-05-16 07:50:00",785
"2020-05-16 08:49:24",785
"2020-05-16 09:49:38",785
"2020-05-16 10:49:19",785
"2020-05-16 11:49:15",785
"2020-05-16 12:49:32",785
"2020-05-16 13:49:25",785
"2020-05-16 14:49:17",785
"2020-05-16 15:49:30",785
"2020-05-16 16:49:24",785
"2020-05-16 17:49:20",785
"2020-05-16 18:49:26",785
"2020-05-16 19:49:21",785
"2020-05-16 20:49:30",785
"2020-05-16 21:49:27",785
"2020-05-16 22:49:30",785
"2020-05-16 23:49:30",785
"2020-05-17 00:49:48",785
"2020-05-17 01:49:36",785
"2020-05-18 10:06:55",785
"2020-05-18 10:08:16",785
"2020-05-18 10:08:30",785
"2020-05-18 10:08:53",785
"2020-05-18 10:09:36",785
"2020-05-18 10:18:43",785
"2020-05-18 10:18:47",785
"2020-05-18 10:19:07",785
"2020-05-18 10:22:17",785
"2020-05-18 10:28:41",785
"2020-05-18 10:32:26",785
"2020-05-18 10:32:31",785
"2020-05-18 10:37:24",785
"2020-05-18 10:38:25",785
"2020-05-18 10:39:34",785
"2020-05-18 10:41:37",785
"2020-05-18 10:43:17",785
"2020-05-18 10:43:34",785
"2020-05-18 10:44:42",785
"2020-05-18 10:46:26",785
"2020-05-18 11:01:08",785
"2020-05-18 11:05:40",785
"2020-05-18 11:15:19",785
"2020-05-18 11:20:51",785
"2020-05-18 11:24:00",785
"2020-05-18 11:30:10",785
"2020-05-18 11:32:55",785
"2020-05-18 11:34:21",785
"2020-05-18 11:38:53",785
"2020-05-18 11:40:27",785
"2020-05-18 11:48:21",785
"2020-05-18 11:55:57",785
"2020-05-18 12:03:34",785
"2020-05-18 12:11:12",785
"2020-05-18 13:11:11",783
"2020-05-18 13:49:34",783
"2020-05-18 14:49:26",680
"2020-05-18 15:50:11",674
"2020-05-18 16:50:26",668
"2020-05-18 17:49:25",666
"2020-05-18 18:50:05",664
"2020-05-18 19:49:57",661
"2020-05-18 20:49:32",656
"2020-05-18 21:50:02",656
"2020-05-18 22:50:11",656
"2020-05-18 23:50:14",656
"2020-05-19 01:49:19",656
"2020-05-19 02:49:42",656
"2020-05-19 03:49:37",656
"2020-05-19 04:49:27",656
"2020-05-19 05:49:35",656
"2020-05-19 06:49:34",656
"2020-05-19 07:49:36",656
"2020-05-19 08:49:50",656
"2020-05-19 09:50:23",656
"2020-05-19 10:49:32",656
"2020-05-19 11:49:51",656
"2020-05-19 13:11:44",657
"2020-05-19 13:49:36",657
"2020-05-19 14:49:26",655
"2020-05-19 15:49:22",655
"2020-05-19 16:49:35",655
"2020-05-19 17:49:23",656
"2020-05-19 18:49:34",656
"2020-05-19 19:49:32",657
"2020-05-19 20:49:38",658
"2020-05-19 21:49:39",658
"2020-05-19 22:49:56",658
"2020-05-19 23:49:30",658
"2020-05-20 00:50:07",658
"2020-05-20 01:50:17",658
"2020-05-20 02:50:07",658
"2020-05-20 03:50:09",658
"2020-05-20 04:49:41",658
"2020-05-20 05:49:31",658
"2020-05-20 06:49:26",658
"2020-05-20 07:49:47",658
"2020-05-20 08:49:25",658
"2020-05-20 09:49:35",658
"2020-05-20 10:49:23",658
"2020-05-20 11:49:24",658
"2020-05-20 12:49:20",658
"2020-05-20 13:49:35",658
"2020-05-20 14:49:24",660
"2020-05-20 15:50:18",657
"2020-05-20 16:49:24",657
"2020-05-20 17:50:07",657
"2020-05-20 18:49:32",656
"2020-05-20 19:49:32",658
"2020-05-20 20:49:21",658
"2020-05-20 21:49:37",658
"2020-05-20 22:49:15",658
"2020-05-20 23:49:27",658
"2020-05-21 00:50:05",658
"2020-05-21 01:49:19",658
"2020-05-21 02:49:32",658
"2020-05-21 03:49:32",658
"2020-05-21 04:49:24",658
"2020-05-21 05:49:29",658
"2020-05-21 06:49:30",658
"2020-05-21 07:49:37",658
"2020-05-21 08:49:36",658
"2020-05-21 09:49:21",658
"2020-05-21 10:49:29",658
"2020-05-21 11:49:33",658
"2020-05-21 12:49:28",658
"2020-05-21 13:49:34",658
"2020-05-21 14:49:34",660
"2020-05-21 15:49:23",660
"2020-05-21 16:49:47",660
"2020-05-21 17:49:37",662
"2020-05-21 18:49:33",663
"2020-05-21 19:49:22",664
"2020-05-21 20:49:33",665
"2020-05-21 21:49:36",665
"2020-05-21 22:49:39",665
"2020-05-21 23:50:06",665
"2020-05-22 00:51:07",665
"2020-05-22 01:49:34",665
"2020-05-22 02:49:34",665
"2020-05-22 03:50:13",665
"2020-05-22 04:49:36",665
"2020-05-22 05:49:42",665
"2020-05-22 06:49:28",665
"2020-05-22 07:49:34",665
"2020-05-22 08:49:52",665
"2020-05-22 09:49:36",665
"2020-05-22 10:49:31",665
"2020-05-22 11:49:28",665
"2020-05-22 12:49:34",665
"2020-05-22 13:49:43",665
"2020-05-22 14:49:25",675
"2020-05-22 15:49:26",677
"2020-05-22 16:49:30",687
"2020-05-22 17:49:30",686
"2020-05-22 18:50:04",688
"2020-05-22 19:49:28",689
"2020-05-22 20:49:19",691
"2020-05-22 21:49:21",691
"2020-05-22 22:49:28",691
"2020-05-22 23:49:21",691
"2020-05-23 00:49:35",691
"2020-05-23 01:49:23",691
"2020-05-23 02:49:43",691
"2020-05-23 03:49:33",691
"2020-05-23 04:49:47",691
"2020-05-23 05:49:31",691
"2020-05-23 06:49:44",691
"2020-05-23 07:49:44",691
"2020-05-23 08:49:44",691
"2020-05-23 09:49:36",691
"2020-05-23 10:49:26",691
"2020-05-23 11:49:47",691
"2020-05-23 12:49:30",691
"2020-05-23 13:49:38",691
"2020-05-23 14:49:32",691
"2020-05-23 15:49:22",691
"2020-05-23 16:49:43",691
"2020-05-23 17:49:35",691
"2020-05-23 18:49:46",691
"2020-05-23 19:49:28",691
"2020-05-23 20:49:19",691
"2020-05-23 21:49:21",691
"2020-05-23 22:49:30",691
"2020-05-23 23:49:28",691
"2020-05-24 00:49:42",691
"2020-05-24 01:49:44",691
"2020-05-24 02:49:22",691
"2020-05-24 03:49:30",691
"2020-05-24 04:49:32",691
"2020-05-24 05:49:22",691
"2020-05-24 06:49:26",691
"2020-05-24 07:49:25",691
"2020-05-24 08:49:36",691
"2020-05-24 09:49:21",691
"2020-05-24 10:49:43",691
"2020-05-24 11:49:36",691
"2020-05-24 12:49:29",691
"2020-05-24 13:49:40",691
"2020-05-24 14:49:33",691
"2020-05-24 15:49:18",691
"2020-05-24 16:49:41",691
"2020-05-24 17:49:37",691
"2020-05-24 18:49:40",691
"2020-05-24 19:49:34",691
"2020-05-24 20:49:33",691
"2020-05-24 21:49:52",691
"2020-05-24 22:49:38",691
"2020-05-24 23:49:21",691
"2020-05-25 00:49:25",691
"2020-05-25 01:49:52",691
"2020-05-25 02:49:36",691
"2020-05-25 03:49:57",691
"2020-05-25 04:49:29",691
"2020-05-25 06:50:57",691
"2020-05-25 07:49:37",691
"2020-05-25 08:49:46",691
"2020-05-25 09:49:33",691
"2020-05-25 10:49:30",691
"2020-05-25 11:49:45",691
"2020-05-25 12:49:30",691
"2020-05-25 13:49:21",691
"2020-05-25 14:49:42",691
"2020-05-25 15:49:31",691
"2020-05-25 16:49:17",691
"2020-05-25 17:49:31",691
"2020-05-25 18:49:30",691
"2020-05-25 19:49:37",691
"2020-05-25 20:49:36",691
"2020-05-25 21:49:19",691
"2020-05-25 22:49:18",691
"2020-05-25 23:49:19",691
"2020-05-26 00:49:34",691
"2020-05-26 01:49:20",691
"2020-05-26 02:49:17",691
"2020-05-26 03:49:35",691
"2020-05-26 04:49:42",691
"2020-05-26 05:49:27",691
"2020-05-26 06:49:34",691
"2020-05-26 07:49:40",691
"2020-05-26 08:49:42",691
"2020-05-26 09:49:32",691
"2020-05-26 10:49:29",691
"2020-05-26 11:49:36",691
"2020-05-26 12:49:27",691
"2020-05-26 13:49:36",691
"2020-05-26 14:49:31",689
"2020-05-26 15:49:27",689
"2020-05-26 16:49:23",693
"2020-05-26 17:49:32",696
"2020-05-26 18:49:21",697
"2020-05-26 19:49:23",697
"2020-05-26 20:49:33",693
"2020-05-26 21:49:48",693
"2020-05-26 22:49:22",693
"2020-05-26 23:49:25",693
"2020-05-27 00:50:20",693
"2020-05-27 01:49:22",693
"2020-05-27 02:49:25",693
"2020-05-27 03:49:29",693
"2020-05-27 04:49:30",693
"2020-05-27 05:49:25",693
"2020-05-27 06:49:36",693
"2020-05-27 07:49:33",693
"2020-05-27 08:49:25",693
"2020-05-27 09:49:20",693
"2020-05-27 10:49:23",693
"2020-05-27 11:49:16",693
"2020-05-27 13:12:13",693
"2020-05-27 13:49:46",693
"2020-05-27 14:49:32",694
"2020-05-27 15:49:20",694
"2020-05-27 16:49:22",694
"2020-05-27 17:49:19",694
"2020-05-27 18:49:19",692
"2020-05-27 19:49:34",693
"2020-05-27 20:49:29",697
"2020-05-27 21:49:23",697
"2020-05-27 22:49:26",698
"2020-05-27 23:49:21",698
"2020-05-28 00:49:34",698
"2020-05-28 01:49:41",698
"2020-05-28 02:49:25",698
"2020-05-28 03:49:27",698
"2020-05-28 04:49:27",698
"2020-05-28 05:49:21",698
"2020-05-28 06:49:27",698
"2020-05-28 07:49:43",698
"2020-05-28 08:49:36",698
"2020-05-28 09:49:23",698
"2020-05-28 10:49:40",698
"2020-05-28 11:49:46",698
"2020-05-28 13:12:48",698
"2020-05-28 13:49:35",698
"2020-05-28 14:49:41",705
"2020-05-28 15:49:34",717
"2020-05-28 16:49:51",719
"2020-05-28 17:49:30",719
"2020-05-28 18:49:30",718
"2020-05-28 19:49:26",719
"2020-05-28 20:49:48",721
"2020-05-28 21:49:52",720
"2020-05-28 22:49:27",720
"2020-05-28 23:49:51",720
"2020-05-29 00:49:35",720
"2020-05-29 01:49:36",720
"2020-05-29 02:50:16",720
"2020-05-29 03:49:30",720
"2020-05-29 04:49:38",720
"2020-05-29 05:49:49",720
"2020-05-29 06:49:49",720
"2020-05-29 07:49:58",720
"2020-05-29 08:49:44",720
"2020-05-29 09:55:13",720
"2020-05-29 10:49:38",720
"2020-05-29 11:49:34",720
"2020-05-29 12:50:12",720
"2020-05-29 13:49:49",720
"2020-05-29 14:49:34",720
"2020-05-29 15:49:31",720
"2020-05-29 16:49:21",720
"2020-05-29 17:49:38",720
"2020-05-29 18:49:40",721
"2020-05-29 19:49:32",722
"2020-05-29 20:49:51",723
"2020-05-29 21:49:29",723
"2020-05-29 22:49:34",723
"2020-05-29 23:49:47",723
"2020-05-30 00:49:26",723
"2020-05-30 01:49:21",723
"2020-05-30 02:49:31",723
"2020-05-30 03:49:35",723
"2020-05-30 04:49:29",723
"2020-05-30 05:49:35",723
"2020-05-30 06:49:39",723
"2020-05-30 07:50:09",723
"2020-05-30 09:31:23",723
"2020-05-30 09:49:27",723
"2020-05-30 10:49:38",723
"2020-05-30 11:49:35",723
"2020-05-30 12:49:32",723
"2020-05-30 13:49:32",723
"2020-05-30 14:49:23",723
"2020-05-30 15:49:27",723
"2020-05-30 16:49:52",723
"2020-05-30 17:49:34",723
"2020-05-30 18:49:31",723
"2020-05-30 19:49:41",723
"2020-05-30 20:49:28",723
"2020-05-30 21:49:42",723
"2020-05-30 22:49:30",723
"2020-05-30 23:49:41",723
"2020-05-31 00:49:40",723
"2020-05-31 01:49:44",723
"2020-05-31 02:49:37",723
"2020-05-31 03:49:37",723
"2020-05-31 04:49:29",723
"2020-05-31 05:49:41",723
"2020-05-31 06:49:38",723
"2020-05-31 07:49:42",723
"2020-05-31 09:33:18",723
"2020-05-31 09:49:32",723
"2020-05-31 13:15:19",723
"2020-05-31 13:24:27",723
"2020-05-31 13:25:54",723
"2020-06-01 05:27:22",723
"2020-06-01 05:42:09",723
"2020-06-01 05:42:12",723
"2020-06-01 05:42:53",723
"2020-06-01 05:56:46",723
"2020-06-01 06:06:45",723
"2020-06-01 06:07:30",723
"2020-06-01 06:11:43",723
"2020-06-01 06:17:07",723
"2020-06-01 06:21:09",723
"2020-06-01 06:23:23",723
"2020-06-01 06:24:27",723
"2020-06-01 06:30:57",723
"2020-06-01 06:33:10",723
"2020-06-01 06:34:55",723
"2020-06-01 06:41:48",723
"2020-06-01 06:49:24",723
"2020-06-01 06:57:00",723
"2020-06-01 07:49:35",723
"2020-06-01 08:49:50",723
"2020-06-01 09:49:54",723
"2020-06-01 10:49:28",723
"2020-06-01 11:49:32",723
"2020-06-01 13:10:49",723
"2020-06-01 13:50:33",723
"2020-06-01 14:49:38",724
"2020-06-01 15:49:34",722
"2020-06-01 16:50:19",723
"2020-06-01 17:50:12",727
"2020-06-01 18:50:09",725
"2020-06-01 19:49:42",728
"2020-06-01 20:49:39",728
"2020-06-01 21:49:33",728
"2020-06-01 22:49:26",728
"2020-06-01 23:49:39",728
"2020-06-02 00:49:40",728
"2020-06-02 01:49:26",728
"2020-06-02 02:49:26",728
"2020-06-02 03:49:35",728
"2020-06-02 04:49:32",728
"2020-06-02 05:49:36",728
"2020-06-02 06:49:48",728
"2020-06-02 07:49:40",728
"2020-06-02 08:49:50",728
"2020-06-02 09:49:31",728
"2020-06-02 10:49:47",728
"2020-06-02 11:49:34",728
"2020-06-02 12:49:44",728
"2020-06-02 13:49:48",729
"2020-06-02 14:50:24",729
"2020-06-02 15:50:17",727
"2020-06-02 16:49:34",727
"2020-06-02 17:50:17",726
"2020-06-02 18:49:27",725
"2020-06-02 19:49:56",724
"2020-06-02 20:50:20",728
"2020-06-02 21:49:24",728
"2020-06-02 22:49:40",728
"2020-06-02 23:49:25",728
"2020-06-03 00:49:50",728
"2020-06-03 01:50:21",728
"2020-06-03 02:49:22",728
"2020-06-03 03:50:06",728
"2020-06-03 04:50:00",728
"2020-06-03 05:49:24",728
"2020-06-03 06:49:33",728
"2020-06-03 07:50:14",728
"2020-06-03 09:25:40",728
"2020-06-03 09:49:37",728
"2020-06-03 10:49:35",728
"2020-06-03 11:49:38",728
"2020-06-03 13:14:20",728
"2020-06-03 13:49:38",728
"2020-06-03 14:49:28",725
"2020-06-03 15:50:22",727
"2020-06-03 16:50:12",730
"2020-06-03 17:50:11",730
"2020-06-03 18:50:31",730
"2020-06-03 19:50:00",732
"2020-06-03 20:49:35",732
"2020-06-03 21:49:33",731
"2020-06-03 22:49:33",731
"2020-06-03 23:49:23",731
"2020-06-04 00:50:13",731
"2020-06-04 01:49:47",731
"2020-06-04 02:49:34",731
"2020-06-04 03:49:42",731
"2020-06-04 04:49:41",731
"2020-06-04 05:49:35",731
"2020-06-04 06:49:35",731
"2020-06-04 07:49:50",731
"2020-06-04 08:49:58",731
"2020-06-04 09:49:44",731
"2020-06-04 10:49:32",731
"2020-06-04 11:49:48",731
"2020-06-04 12:49:31",731
"2020-06-04 13:50:21",731
"2020-06-04 14:50:44",734
"2020-06-04 15:50:23",736
"2020-06-04 17:12:53",736
"2020-06-04 17:49:45",736
"2020-06-04 18:50:12",737
"2020-06-04 19:49:33",736
"2020-06-04 20:50:20",738
"2020-06-04 21:50:14",740
"2020-06-04 22:49:34",737
"2020-06-04 23:49:38",737
"2020-06-05 00:49:46",737
"2020-06-05 01:49:31",737
"2020-06-05 02:49:27",737
"2020-06-05 03:49:34",737
"2020-06-05 04:49:43",737
"2020-06-05 05:49:44",737
"2020-06-05 06:49:39",737
"2020-06-05 07:49:40",737
"2020-06-05 09:29:22",737
"2020-06-05 09:49:28",737
"2020-06-05 10:49:30",737
"2020-06-05 11:49:33",737
"2020-06-05 13:15:21",737
"2020-06-05 13:50:09",737
"2020-06-05 14:49:37",737
"2020-06-05 15:49:40",735
"2020-06-05 16:50:26",738
"2020-06-05 17:49:40",737
"2020-06-05 18:49:43",741
"2020-06-05 19:49:41",739
"2020-06-05 20:50:22",739
"2020-06-05 21:49:40",739
"2020-06-05 22:49:39",739
"2020-06-05 23:49:42",739
"2020-06-06 00:49:47",739
"2020-06-06 01:49:30",739
"2020-06-06 02:49:36",739
"2020-06-06 03:49:48",739
"2020-06-06 04:49:47",739
"2020-06-06 05:49:53",739
"2020-06-06 06:49:42",739
"2020-06-06 07:50:37",739
"2020-06-06 08:49:49",739
"2020-06-06 09:58:36",739
"2020-06-06 10:49:32",739
"2020-06-06 11:49:40",739
"2020-06-06 12:49:45",739
"2020-06-06 13:49:31",739
"2020-06-06 14:50:26",739
"2020-06-06 15:49:39",739
"2020-06-06 16:50:14",739
"2020-06-06 18:49:40",739
"2020-06-06 19:49:28",739
"2020-06-06 20:49:37",739
"2020-06-06 21:49:36",739
"2020-06-06 22:49:37",739
"2020-06-06 23:49:50",739
"2020-06-07 00:49:57",739
"2020-06-07 01:49:35",739
"2020-06-07 02:49:39",739
"2020-06-07 03:49:39",739
"2020-06-07 04:49:40",739
"2020-06-07 05:49:40",739
"2020-06-07 06:49:37",739
"2020-06-07 07:49:47",739
"2020-06-07 08:49:47",739
"2020-06-08 04:49:30",739
"2020-06-08 05:49:25",739
"2020-06-08 06:49:56",739
"2020-06-08 07:49:21",739
"2020-06-08 08:49:40",739
"2020-06-08 09:49:33",739
"2020-06-08 10:49:30",739
"2020-06-08 11:49:35",739
"2020-06-08 12:50:25",739
"2020-06-08 13:49:41",738
"2020-06-08 14:50:38",744
"2020-06-08 15:49:35",747
"2020-06-08 16:49:58",749
"2020-06-08 17:49:56",751
"2020-06-08 18:50:33",752
"2020-06-08 19:50:31",752
"2020-06-08 20:50:06",754
"2020-06-08 21:49:50",753
"2020-06-08 22:49:48",753
"2020-06-08 23:49:44",753
"2020-06-09 00:49:49",753
"2020-06-09 01:50:01",753
"2020-06-09 02:50:05",753
"2020-06-09 03:49:33",753
"2020-06-09 04:50:26",753
"2020-06-09 05:50:33",753
"2020-06-09 06:50:42",753
"2020-06-09 07:50:03",753
"2020-06-09 08:50:56",753
"2020-06-09 09:50:13",753
"2020-06-09 10:50:01",753
"2020-06-09 11:49:57",753
"2020-06-09 12:50:35",753
"2020-06-09 13:50:31",753
"2020-06-09 14:50:09",749
"2020-06-09 15:50:28",750
"2020-06-09 16:50:32",751
"2020-06-09 17:49:48",750
"2020-06-09 18:50:53",752
"2020-06-09 19:51:01",753
"2020-06-09 20:51:00",753
"2020-06-09 21:50:20",754
"2020-06-09 22:50:29",754
"2020-06-09 23:50:32",754
"2020-06-10 00:50:37",754
"2020-06-10 01:50:16",754
"2020-06-10 02:50:27",754
"2020-06-10 03:50:34",754
"2020-06-10 04:50:15",754
"2020-06-10 05:50:28",754
"2020-06-10 06:50:01",754
"2020-06-10 07:49:33",754
"2020-06-10 08:49:50",754
"2020-06-10 09:49:33",754
"2020-06-10 10:49:36",754
"2020-06-10 11:49:48",754
"2020-06-10 12:50:06",754
"2020-06-10 13:50:38",754
"2020-06-10 15:49:56",753
"2020-06-10 16:50:02",754
"2020-06-10 17:50:03",753
"2020-06-10 18:50:06",753
"2020-06-10 19:49:57",751
"2020-06-10 20:49:45",754
"2020-06-10 21:50:18",754
"2020-06-10 22:49:37",754
"2020-06-10 23:50:20",754
"2020-06-11 00:51:41",754
"2020-06-11 01:49:40",754
"2020-06-11 02:50:49",754
"2020-06-11 03:50:52",754
"2020-06-11 04:49:56",754
"2020-06-11 05:50:48",754
"2020-06-11 06:50:10",754
"2020-06-11 07:50:32",754
"2020-06-11 08:49:50",754
"2020-06-11 09:49:56",754
"2020-06-11 10:49:54",754
"2020-06-11 11:49:36",754
"2020-06-11 12:50:02",754
"2020-06-11 13:50:43",754
"2020-06-11 14:50:00",756
"2020-06-11 15:50:31",760
"2020-06-11 16:51:06",763
"2020-06-11 17:50:17",762
"2020-06-11 18:50:30",763
"2020-06-11 19:50:18",764
"2020-06-11 20:49:44",762
"2020-06-11 21:49:33",764
"2020-06-11 22:49:30",764
"2020-06-11 23:49:26",764
"2020-06-12 00:49:43",764
"2020-06-12 01:49:46",764
"2020-06-12 02:49:43",764
"2020-06-12 03:49:45",764
"2020-06-12 04:49:40",764
"2020-06-12 05:49:33",764
"2020-06-12 06:49:52",764
"2020-06-12 07:49:47",764
"2020-06-12 08:49:36",764
"2020-06-12 09:49:53",764
"2020-06-12 10:49:56",764
"2020-06-12 11:49:44",764
"2020-06-12 14:14:57",765
"2020-06-12 14:22:54",765
"2020-06-12 14:50:23",765
"2020-06-12 15:49:43",767
"2020-06-12 16:49:55",773
"2020-06-12 17:50:01",773
"2020-06-12 18:49:50",771
"2020-06-12 19:50:17",771
"2020-06-12 20:50:14",771
"2020-06-12 21:50:00",771
"2020-06-12 22:49:32",771
"2020-06-12 23:49:35",771
"2020-06-13 00:49:28",771
"2020-06-13 01:49:33",771
"2020-06-13 02:49:36",771
"2020-06-13 03:49:35",771
"2020-06-13 04:49:37",771
"2020-06-13 05:49:29",771
"2020-06-13 06:49:39",771
"2020-06-13 07:49:40",771
"2020-06-13 08:49:29",769
"2020-06-13 09:49:34",769
"2020-06-13 10:49:33",769
"2020-06-13 11:49:28",769
"2020-06-13 12:49:28",769
"2020-06-13 13:49:25",769
"2020-06-13 14:49:36",769
"2020-06-13 15:49:33",769
"2020-06-13 16:49:52",769
"2020-06-13 17:49:35",769
"2020-06-13 18:49:38",769
"2020-06-13 19:49:28",769
"2020-06-13 20:49:35",769
"2020-06-13 21:49:47",769
"2020-06-13 22:49:43",769
"2020-06-13 23:49:43",769
"2020-06-14 00:49:39",769
"2020-06-14 01:49:28",769
"2020-06-14 02:49:40",769
"2020-06-14 03:49:47",769
"2020-06-14 04:49:22",769
"2020-06-14 05:49:59",769
"2020-06-14 06:49:37",769
"2020-06-14 07:49:37",769
"2020-06-14 08:49:31",769
"2020-06-14 09:49:34",769
"2020-06-14 10:49:37",769
"2020-06-14 11:49:26",769
"2020-06-14 12:49:33",769
"2020-06-14 13:49:34",769
"2020-06-14 14:50:02",769
"2020-06-14 15:49:54",769
"2020-06-14 16:49:31",769
"2020-06-14 17:49:37",769
"2020-06-14 18:49:47",769
"2020-06-14 19:49:38",769
"2020-06-14 20:49:40",769
"2020-06-14 21:49:51",769
"2020-06-14 22:49:32",769
"2020-06-14 23:49:38",769
"2020-06-15 00:50:03",769
"2020-06-15 01:49:49",769
"2020-06-15 02:49:42",769
"2020-06-15 03:49:41",769
"2020-06-15 04:50:02",769
"2020-06-15 05:50:17",769
"2020-06-15 06:49:38",769
"2020-06-15 07:49:35",769
"2020-06-15 08:50:26",769
"2020-06-15 09:49:42",769
"2020-06-15 10:49:28",769
"2020-06-15 11:49:32",769
"2020-06-15 12:49:45",769
"2020-06-15 13:50:45",769
"2020-06-15 14:50:31",771
"2020-06-15 15:49:51",768
"2020-06-15 16:50:15",768
"2020-06-15 17:49:54",769
"2020-06-15 18:45:51",769
"2020-06-15 18:53:30",769
"2020-06-15 19:01:11",771
"2020-06-15 19:08:52",771
"2020-06-15 19:16:43",771
"2020-06-15 19:24:26",771
"2020-06-15 19:32:08",771
"2020-06-15 19:39:47",771
"2020-06-15 19:47:26",771
"2020-06-15 19:55:09",771
"2020-06-15 20:02:56",772
"2020-06-15 20:15:38",772
"2020-06-15 20:23:16",772
"2020-06-15 20:30:56",772
"2020-06-15 20:38:33",772
"2020-06-15 20:46:11",772
"2020-06-15 20:53:50",772
"2020-06-15 21:01:32",772
"2020-06-15 21:09:13",772
"2020-06-15 21:16:52",772
"2020-06-15 21:24:30",772
"2020-06-15 21:32:07",772
"2020-06-15 21:39:44",772
"2020-06-15 21:47:22",772
"2020-06-15 21:55:02",772
"2020-06-15 22:49:40",773
"2020-06-15 23:49:30",773
"2020-06-16 00:49:37",773
"2020-06-16 01:49:29",773
"2020-06-16 02:50:30",773
"2020-06-16 03:49:35",773
"2020-06-16 04:49:28",773
"2020-06-16 05:49:35",773
"2020-06-16 06:50:29",773
"2020-06-16 07:50:16",773
"2020-06-16 08:49:32",773
"2020-06-16 09:49:29",773
"2020-06-16 10:49:37",773
"2020-06-16 11:49:29",773
"2020-06-16 12:49:43",773
"2020-06-16 13:49:42",773
"2020-06-16 14:50:14",777
"2020-06-16 15:49:45",776
"2020-06-16 16:49:43",774
"2020-06-16 17:50:33",773
"2020-06-16 18:49:41",773
"2020-06-16 19:49:45",771
"2020-06-16 20:49:48",772
"2020-06-16 21:49:36",772
"2020-06-16 22:49:23",772
"2020-06-16 23:49:25",772
"2020-06-17 00:49:36",772
"2020-06-17 01:50:07",772
"2020-06-17 02:49:43",772
"2020-06-17 03:50:19",772
"2020-06-17 04:49:43",772
"2020-06-17 05:49:38",772
"2020-06-17 06:50:06",771
"2020-06-17 07:49:34",771
"2020-06-17 08:49:34",771
"2020-06-17 09:49:26",771
"2020-06-17 10:49:24",771
"2020-06-17 11:49:38",771
"2020-06-17 12:49:41",771
"2020-06-17 13:49:52",771
"2020-06-17 14:49:39",771
"2020-06-17 15:49:40",773
"2020-06-17 16:49:49",774
"2020-06-17 17:49:47",775
"2020-06-17 18:50:06",775
"2020-06-17 19:50:20",776
"2020-06-17 20:50:22",774
"2020-06-17 21:50:02",774
"2020-06-17 22:49:36",774
"2020-06-17 23:49:40",773
"2020-06-18 00:49:27",773
"2020-06-18 01:49:40",773
"2020-06-18 02:49:24",773
"2020-06-18 03:49:54",773
"2020-06-18 04:49:38",773
"2020-06-18 05:49:24",773
"2020-06-18 06:49:38",773
"2020-06-18 07:49:59",773
"2020-06-18 08:49:38",773
"2020-06-18 09:49:32",773
"2020-06-18 10:49:25",773
"2020-06-18 11:49:57",773
"2020-06-18 12:49:41",773
"2020-06-18 13:50:08",773
"2020-06-18 14:50:06",771
"2020-06-18 17:11:31",771
"2020-06-18 17:49:35",771
"2020-06-18 18:49:58",771
"2020-06-18 19:49:56",771
"2020-06-18 20:49:46",773
"2020-06-18 21:50:02",773
"2020-06-18 22:49:35",773
"2020-06-18 23:49:42",773
"2020-06-19 00:50:14",773
"2020-06-19 01:49:40",773
"2020-06-19 02:49:34",773
"2020-06-19 03:50:21",773
"2020-06-19 04:52:08",773
"2020-06-19 05:49:33",773
"2020-06-19 06:49:31",773
"2020-06-19 07:50:07",773
"2020-06-19 08:50:27",773
"2020-06-19 09:50:08",773
"2020-06-19 10:49:34",773
"2020-06-19 11:49:38",773
"2020-06-19 13:12:51",773
"2020-06-19 13:50:30",773
"2020-06-19 14:49:45",776
"2020-06-19 15:49:52",773
"2020-06-19 16:49:37",773
"2020-06-19 17:50:15",772
"2020-06-19 18:49:38",775
"2020-06-19 19:49:45",774
"2020-06-19 20:49:42",775
"2020-06-19 21:49:40",775
"2020-06-19 22:49:45",775
"2020-06-19 23:50:08",775
"2020-06-20 00:49:44",775
"2020-06-20 01:50:00",775
"2020-06-20 02:49:50",775
"2020-06-20 03:49:33",775
"2020-06-20 04:49:22",775
"2020-06-20 05:49:37",775
"2020-06-20 06:49:31",775
"2020-06-20 07:49:39",774
"2020-06-20 08:49:37",774
"2020-06-20 09:49:37",774
"2020-06-20 10:49:35",774
"2020-06-20 11:49:41",774
"2020-06-20 12:49:38",774
"2020-06-20 13:49:41",774
"2020-06-20 14:49:39",774
"2020-06-20 15:49:26",774
"2020-06-20 16:50:13",774
"2020-06-20 17:49:33",774
"2020-06-20 18:49:33",774
"2020-06-20 19:49:58",774
"2020-06-20 20:49:37",774
"2020-06-20 21:49:40",774
"2020-06-20 22:49:48",774
"2020-06-20 23:49:48",774
"2020-06-21 00:49:47",774
"2020-06-21 01:49:37",774
"2020-06-21 02:49:40",774
"2020-06-21 03:50:20",774
"2020-06-21 04:49:36",774
"2020-06-21 05:50:22",774
"2020-06-21 06:49:39",774
"2020-06-21 07:49:38",774
"2020-06-21 08:49:29",774
"2020-06-21 09:49:27",774
"2020-06-21 10:49:23",774
"2020-06-21 11:49:38",774
"2020-06-21 12:49:49",774
"2020-06-21 13:49:47",774
"2020-06-21 14:50:28",774
"2020-06-21 15:49:38",774
"2020-06-21 16:49:27",774
"2020-06-21 17:49:31",774
"2020-06-21 18:49:40",774
"2020-06-21 19:49:42",774
"2020-06-21 20:49:39",774
"2020-06-21 21:49:44",774
"2020-06-21 22:50:15",774
"2020-06-21 23:49:50",774
"2020-06-22 00:49:30",774
"2020-06-22 01:50:18",774
"2020-06-22 02:49:45",774
"2020-06-22 03:49:36",774
"2020-06-22 04:49:46",774
"2020-06-22 05:50:18",774
"2020-06-22 06:49:40",774
"2020-06-22 07:49:27",774
"2020-06-22 08:49:47",774
"2020-06-22 09:49:44",774
"2020-06-22 10:50:11",774
"2020-06-22 11:49:33",774
"2020-06-22 12:49:44",774
"2020-06-22 13:49:46",774
"2020-06-22 14:49:49",775
"2020-06-22 15:50:16",774
"2020-06-22 16:49:48",775
"2020-06-22 17:51:22",774
"2020-06-22 18:49:38",773
"2020-06-22 20:49:33",773
"2020-06-22 21:50:52",773
"2020-06-22 22:49:28",774
"2020-06-22 23:49:38",774
"2020-06-23 00:49:31",774
"2020-06-23 01:49:39",774
"2020-06-23 02:49:53",774
"2020-06-23 03:49:52",774
"2020-06-23 04:50:06",774
"2020-06-23 05:49:59",774
"2020-06-23 06:49:32",774
"2020-06-23 07:49:51",774
"2020-06-23 08:50:47",774
"2020-06-23 09:49:35",774
"2020-06-23 10:49:50",774
"2020-06-23 11:49:43",774
"2020-06-23 12:49:49",774
"2020-06-23 13:50:00",775
"2020-06-23 14:49:49",776
"2020-06-23 15:50:02",776
"2020-06-23 16:49:45",777
"2020-06-23 17:49:56",776
"2020-06-23 18:50:17",777
"2020-06-23 19:49:31",778
"2020-06-23 20:49:46",779
"2020-06-23 21:49:34",779
"2020-06-23 22:50:13",779
"2020-06-23 23:50:20",779
"2020-06-24 00:50:19",779
"2020-06-24 01:50:15",779
"2020-06-24 02:50:33",779
"2020-06-24 03:49:37",779
"2020-06-24 04:50:11",779
"2020-06-24 05:50:25",779
"2020-06-24 06:49:50",779
"2020-06-24 07:49:38",779
"2020-06-24 08:50:14",779
"2020-06-24 09:49:48",779
"2020-06-24 10:49:53",779
"2020-06-24 11:49:33",779
"2020-06-24 12:49:41",779
"2020-06-24 13:49:47",779
"2020-06-24 14:49:40",783
"2020-06-24 15:49:36",785
"2020-06-24 16:49:57",783
"2020-06-24 17:50:14",783
"2020-06-24 18:50:11",785
"2020-06-24 19:50:17",784
"2020-06-24 20:49:42",784
"2020-06-24 21:49:55",784
"2020-06-24 22:49:55",784
"2020-06-24 23:49:42",784
"2020-06-25 00:50:07",784
"2020-06-25 01:49:43",784
"2020-06-25 02:49:28",784
"2020-06-25 03:49:36",784
"2020-06-25 04:49:43",784
"2020-06-25 05:49:41",784
"2020-06-25 06:49:51",784
"2020-06-25 07:49:51",784
"2020-06-25 08:49:53",784
"2020-06-25 09:50:18",784
"2020-06-25 10:49:34",784
"2020-06-25 11:50:38",784
"2020-06-25 13:11:55",784
"2020-06-25 13:50:16",784
"2020-06-25 14:50:52",788
"2020-06-25 15:50:30",788
"2020-06-25 16:50:22",789
"2020-06-25 17:50:29",789
"2020-06-25 18:49:57",790
"2020-06-25 19:49:52",790
"2020-06-25 20:49:42",790
"2020-06-25 21:50:18",790
"2020-06-25 22:50:24",790
"2020-06-25 23:49:35",790
"2020-06-26 00:50:32",790
"2020-06-26 01:49:51",790
"2020-06-26 02:49:53",790
"2020-06-26 03:50:13",790
"2020-06-26 04:49:33",790
"2020-06-26 05:49:48",790
"2020-06-26 06:49:52",790
"2020-06-26 07:50:09",790
"2020-06-26 08:50:02",790
"2020-06-26 09:49:47",790
"2020-06-26 10:49:37",790
"2020-06-26 11:49:44",790
"2020-06-26 12:49:52",790
"2020-06-26 13:50:50",790
"2020-06-26 14:49:54",787
"2020-06-26 15:49:42",791
"2020-06-26 16:49:55",798
"2020-06-26 17:49:42",804
"2020-06-26 18:49:52",805
"2020-06-26 19:49:56",802
"2020-06-26 20:49:38",804
"2020-06-26 21:49:44",805
"2020-06-26 22:50:17",805
"2020-06-26 23:49:35",805
"2020-06-27 00:50:48",805
"2020-06-27 01:50:14",805
"2020-06-27 02:50:11",805
"2020-06-27 03:50:10",805
"2020-06-27 04:50:22",805
"2020-06-27 05:49:30",805
"2020-06-27 06:49:42",805
"2020-06-27 07:49:44",805
"2020-06-27 08:49:38",805
"2020-06-27 09:49:38",805
"2020-06-27 10:49:43",805
"2020-06-27 11:49:28",805
"2020-06-27 12:49:57",805
"2020-06-27 13:49:46",805
"2020-06-27 14:49:27",805
"2020-06-27 15:50:19",805
"2020-06-27 16:49:44",805
"2020-06-27 17:49:40",805
"2020-06-27 18:49:38",805
"2020-06-27 19:49:41",805
"2020-06-27 20:49:31",805
"2020-06-27 21:49:37",805
"2020-06-27 22:49:43",805
"2020-06-27 23:49:32",805
"2020-06-28 00:49:53",805
"2020-06-28 01:49:31",805
"2020-06-28 02:49:46",805
"2020-06-28 03:49:31",805
"2020-06-28 04:49:30",805
"2020-06-28 05:49:39",805
"2020-06-28 06:49:40",805
"2020-06-28 07:50:00",805
"2020-06-28 08:49:51",805
"2020-06-28 09:49:36",805
"2020-06-28 10:49:38",805
"2020-06-28 11:49:31",805
"2020-06-28 12:49:43",805
"2020-06-28 13:49:43",805
"2020-06-28 14:49:32",805
"2020-06-28 15:49:48",805
"2020-06-28 16:49:40",805
"2020-06-28 17:49:39",805
"2020-06-28 18:49:50",805
"2020-06-28 19:49:46",805
"2020-06-28 20:49:30",805
"2020-06-28 21:49:49",805
"2020-06-28 22:50:00",805
"2020-06-28 23:49:51",805
"2020-06-29 00:50:00",805
"2020-06-29 01:49:30",805
"2020-06-29 02:49:47",805
"2020-06-29 03:49:40",805
"2020-06-29 04:49:47",805
"2020-06-29 05:49:35",805
"2020-06-29 06:49:55",805
"2020-06-29 07:49:59",805
"2020-06-29 08:49:45",805
"2020-06-29 09:49:47",805
"2020-06-29 10:49:41",805
"2020-06-29 11:49:37",805
"2020-06-29 12:49:53",805
"2020-06-29 13:50:10",805
"2020-06-29 14:50:25",811
"2020-06-29 15:49:54",810
"2020-06-29 16:49:45",810
"2020-06-29 17:49:42",809
"2020-06-29 18:49:41",809
"2020-06-29 19:49:53",809
"2020-06-29 20:49:49",809
"2020-06-29 21:49:50",809
"2020-06-29 22:49:39",809
"2020-06-29 23:49:54",809
"2020-06-30 00:50:16",809
"2020-06-30 01:49:49",809
"2020-06-30 02:50:35",809
"2020-06-30 03:49:40",809
"2020-06-30 04:50:23",809
"2020-06-30 05:49:51",809
"2020-06-30 06:50:10",809
"2020-06-30 07:49:42",809
"2020-06-30 08:49:42",809
"2020-06-30 09:49:52",809
"2020-06-30 10:51:48",809
"2020-06-30 11:49:43",809
"2020-06-30 12:49:40",809
"2020-06-30 13:51:00",809
"2020-06-30 14:49:58",810
"2020-06-30 15:50:16",809
"2020-06-30 16:50:45",808
"2020-06-30 17:49:51",808
"2020-06-30 18:50:16",809
"2020-06-30 19:49:46",809
"2020-06-30 20:50:05",810
"2020-06-30 21:50:26",810
"2020-06-30 22:49:34",810
"2020-06-30 23:49:40",810
"2020-07-01 00:51:03",810
"2020-07-01 01:49:47",810
"2020-07-01 02:50:26",810
"2020-07-01 03:49:53",810
"2020-07-01 04:49:53",810
"2020-07-01 05:50:04",810
"2020-07-01 06:49:53",810
"2020-07-01 07:50:01",810
"2020-07-01 08:50:31",810
"2020-07-01 09:50:55",810
"2020-07-01 10:50:36",810
"2020-07-01 11:50:01",810
"2020-07-01 13:11:31",810
"2020-07-01 13:50:49",810
"2020-07-01 14:50:53",810
"2020-07-01 15:50:51",809
"2020-07-01 16:50:37",810
"2020-07-01 17:50:27",810
"2020-07-01 18:50:32",814
"2020-07-01 19:50:49",814
"2020-07-01 20:50:31",819
"2020-07-01 21:49:48",820
"2020-07-01 22:50:29",820
"2020-07-01 23:49:52",820
"2020-07-02 00:51:49",820
"2020-07-02 01:49:53",820
"2020-07-02 02:50:00",820
"2020-07-02 03:50:11",820
"2020-07-02 04:49:58",820
"2020-07-02 05:50:03",820
"2020-07-02 06:49:52",820
"2020-07-02 07:49:44",820
"2020-07-02 08:49:52",820
"2020-07-02 09:50:13",820
"2020-07-02 10:49:55",820
"2020-07-02 11:50:02",820
"2020-07-02 13:14:29",820
"2020-07-02 13:50:28",820
"2020-07-02 14:50:09",827
"2020-07-02 15:50:12",829
"2020-07-02 16:50:21",835
"2020-07-02 17:50:11",837
"2020-07-02 18:50:15",838
"2020-07-02 19:50:23",838
"2020-07-02 20:49:40",842
"2020-07-02 21:49:59",842
"2020-07-02 22:49:50",843
"2020-07-02 23:49:40",843
"2020-07-03 00:50:28",843
"2020-07-03 01:50:03",843
"2020-07-03 02:50:19",843
"2020-07-03 03:49:45",843
"2020-07-03 04:50:30",843
"2020-07-03 05:49:50",843
"2020-07-03 06:49:51",843
"2020-07-03 07:49:52",843
"2020-07-03 08:49:50",843
"2020-07-03 09:50:17",843
"2020-07-03 10:49:55",843
"2020-07-03 11:49:44",843
"2020-07-03 12:49:44",843
"2020-07-03 13:49:50",843
"2020-07-03 14:49:56",843
"2020-07-03 15:49:48",843
"2020-07-03 16:49:48",843
"2020-07-03 17:49:48",843
"2020-07-03 18:50:03",843
"2020-07-03 19:49:52",843
"2020-07-03 20:49:57",843
"2020-07-03 21:49:53",843
"2020-07-03 22:49:44",843
"2020-07-03 23:49:58",843
"2020-07-04 00:49:43",843
"2020-07-04 01:50:10",843
"2020-07-04 02:50:20",843
"2020-07-04 03:49:41",843
"2020-07-04 04:49:36",843
"2020-07-04 05:49:50",843
"2020-07-04 06:49:59",843
"2020-07-04 07:49:47",843
"2020-07-04 08:49:54",843
"2020-07-04 09:49:54",843
"2020-07-04 11:41:29",843
"2020-07-04 11:49:49",843
"2020-07-04 12:49:58",843
"2020-07-04 13:49:53",843
"2020-07-04 14:50:06",843
"2020-07-04 15:49:33",843
"2020-07-04 16:50:18",843
"2020-07-04 17:49:43",843
"2020-07-04 18:49:54",843
"2020-07-04 19:49:41",843
"2020-07-04 20:49:51",843
"2020-07-04 21:49:53",843
"2020-07-04 22:49:39",843
"2020-07-04 23:50:05",843
"2020-07-05 00:49:56",843
"2020-07-05 01:49:55",843
"2020-07-05 02:49:35",843
"2020-07-05 03:49:44",843
"2020-07-05 04:49:41",843
"2020-07-05 05:49:56",843
"2020-07-05 06:49:59",843
"2020-07-05 07:50:00",843
"2020-07-05 08:49:53",843
"2020-07-05 11:41:10",843
"2020-07-05 11:42:59",843
"2020-07-05 11:50:40",843
"2020-07-05 12:49:42",843
"2020-07-05 13:49:52",843
"2020-07-05 14:49:40",843
"2020-07-05 15:50:10",843
"2020-07-05 16:49:50",843
"2020-07-05 17:49:43",843
"2020-07-05 18:49:39",843
"2020-07-05 19:50:06",843
"2020-07-05 20:49:48",843
"2020-07-05 21:49:54",843
"2020-07-05 22:49:37",843
"2020-07-05 23:49:41",843
"2020-07-06 00:49:52",843
"2020-07-06 01:49:59",843
"2020-07-06 02:49:51",843
"2020-07-06 03:49:48",843
"2020-07-06 04:49:44",843
"2020-07-06 05:49:30",843
"2020-07-06 06:50:02",843
"2020-07-06 07:50:22",843
"2020-07-06 08:50:01",843
"2020-07-06 11:44:01",843
"2020-07-06 11:47:29",843
"2020-07-06 11:55:09",843
"2020-07-06 14:13:05",839
"2020-07-06 14:21:02",839
"2020-07-06 14:50:29",839
"2020-07-06 15:49:59",839
"2020-07-06 16:50:43",840
"2020-07-06 17:49:55",840
"2020-07-06 18:49:43",837
"2020-07-06 19:49:43",835
"2020-07-06 20:50:00",838
"2020-07-06 21:49:39",838
"2020-07-06 22:50:23",838
"2020-07-06 23:49:40",838
"2020-07-07 00:49:54",838
"2020-07-07 01:49:36",838
"2020-07-07 02:49:46",838
"2020-07-07 03:50:31",838
"2020-07-07 04:49:42",838
"2020-07-07 05:49:33",838
"2020-07-07 06:49:35",838
"2020-07-07 07:49:30",838
"2020-07-07 08:49:40",838
"2020-07-07 11:29:01",838
"2020-07-07 11:35:16",838
"2020-07-07 11:49:48",838
"2020-07-07 12:49:56",838
"2020-07-07 13:50:00",838
"2020-07-07 14:49:47",840
"2020-07-07 15:50:42",844
"2020-07-07 16:51:22",845
"2020-07-07 17:50:10",846
"2020-07-07 18:49:41",844
"2020-07-07 19:50:40",844
"2020-07-07 20:50:03",845
"2020-07-07 21:50:45",845
"2020-07-07 22:49:55",845
"2020-07-07 23:49:54",845
"2020-07-08 00:52:05",845
"2020-07-08 01:50:21",845
"2020-07-08 02:49:52",845
"2020-07-08 03:50:00",845
"2020-07-08 04:49:50",845
"2020-07-08 05:50:16",845
"2020-07-08 06:49:57",845
"2020-07-08 07:49:50",845
"2020-07-08 08:50:04",845
"2020-07-08 12:02:51",845
"2020-07-08 12:03:50",845
"2020-07-08 12:08:44",845
"2020-07-08 13:15:36",845
"2020-07-08 13:50:24",845
"2020-07-08 14:49:57",844
"2020-07-08 15:50:05",844
"2020-07-08 16:49:51",843
"2020-07-08 17:49:59",843
"2020-07-08 18:50:22",843
"2020-07-08 19:50:34",845
"2020-07-08 20:49:55",843
"2020-07-08 21:49:56",843
"2020-07-08 22:49:57",843
"2020-07-08 23:50:02",843
"2020-07-09 00:51:53",843
"2020-07-09 01:49:53",843
"2020-07-09 18:52:39",844
"2020-07-09 18:55:05",844
"2020-07-09 19:02:48",843
"2020-07-09 19:52:07",843
"2020-07-09 20:50:05",844
"2020-07-09 21:50:16",844
"2020-07-09 22:50:21",844
"2020-07-09 23:49:58",844
"2020-07-10 00:51:48",844
"2020-07-10 01:50:04",844
"2020-07-10 02:50:28",844
"2020-07-10 03:49:54",844
"2020-07-10 04:49:34",844
"2020-07-10 05:49:44",844
"2020-07-10 06:49:59",844
"2020-07-10 07:49:51",844
"2020-07-10 08:49:49",844
"2020-07-10 11:47:14",844
"2020-07-10 11:54:49",844
"2020-07-10 12:02:26",844
"2020-07-10 13:15:27",844
"2020-07-10 13:49:58",844
"2020-07-10 14:49:39",844
"2020-07-10 15:50:04",845
"2020-07-10 16:50:03",847
"2020-07-10 17:49:45",849
"2020-07-10 18:49:59",852
"2020-07-10 19:50:00",852
"2020-07-10 20:49:47",849
"2020-07-10 21:50:22",850
"2020-07-10 22:49:40",851
"2020-07-10 23:50:02",851
"2020-07-11 00:49:46",851
"2020-07-11 01:49:56",851
"2020-07-11 02:49:34",851
"2020-07-11 03:50:00",851
"2020-07-11 04:49:57",851
"2020-07-11 05:49:46",851
"2020-07-11 06:49:50",851
"2020-07-11 07:50:08",851
"2020-07-11 08:50:00",851
"2020-07-11 11:58:40",851
"2020-07-11 12:04:50",851
"2020-07-11 12:11:07",851
"2020-07-11 12:49:53",851
"2020-07-11 13:49:51",851
"2020-07-11 14:49:58",851
"2020-07-11 15:49:56",851
"2020-07-11 16:49:35",851
"2020-07-11 17:49:50",851
"2020-07-11 18:49:51",851
"2020-07-11 19:49:49",851
"2020-07-11 20:49:33",851
"2020-07-11 21:50:23",851
"2020-07-11 22:50:09",851
"2020-07-11 23:49:45",851
"2020-07-12 00:49:47",851
"2020-07-12 01:50:34",851
"2020-07-12 02:49:50",851
"2020-07-12 03:49:59",851
"2020-07-12 04:49:39",851
"2020-07-12 05:49:50",851
"2020-07-12 06:50:18",851
"2020-07-12 07:49:46",851
"2020-07-12 08:49:39",851
"2020-07-12 11:42:04",851
"2020-07-12 11:47:01",851
"2020-07-12 11:56:40",851
"2020-07-12 12:49:40",851
"2020-07-12 13:49:50",851
"2020-07-12 14:49:36",851
"2020-07-12 15:49:51",851
"2020-07-12 16:49:58",851
"2020-07-12 17:49:36",851
"2020-07-12 18:49:46",851
"2020-07-12 19:49:53",851
"2020-07-12 20:49:47",851
"2020-07-12 21:49:37",851
"2020-07-12 22:50:12",851
"2020-07-12 23:49:47",851
"2020-07-13 00:50:14",851
"2020-07-13 01:50:09",851
"2020-07-13 02:50:43",851
"2020-07-13 03:50:00",851
"2020-07-13 04:50:00",851
"2020-07-13 05:49:44",851
"2020-07-13 06:50:09",851
"2020-07-13 07:49:45",851
"2020-07-13 08:49:58",851
"2020-07-13 12:09:07",851
"2020-07-13 12:12:38",851
"2020-07-13 12:15:58",851
"2020-07-13 12:50:42",851
"2020-07-13 13:49:58",851
"2020-07-13 14:49:52",858
"2020-07-13 15:50:13",858
"2020-07-13 16:50:50",852
"2020-07-13 17:49:57",853
"2020-07-13 18:50:05",854
"2020-07-13 19:50:28",855
"2020-07-13 20:50:15",854
"2020-07-13 21:50:18",854
"2020-07-13 22:50:17",854
"2020-07-13 23:50:16",854
"2020-07-14 00:51:34",854
"2020-07-14 01:50:30",854
"2020-07-14 02:50:31",854
"2020-07-14 03:50:01",854
"2020-07-14 04:49:50",854
"2020-07-14 05:50:00",854
"2020-07-14 06:49:54",854
"2020-07-14 07:50:14",854
"2020-07-14 08:50:11",854
"2020-07-14 12:14:57",854
"2020-07-14 12:21:45",854
"2020-07-14 12:25:37",854
"2020-07-14 12:50:10",854
"2020-07-14 13:50:52",854
"2020-07-14 14:50:34",853
"2020-07-14 15:50:52",854
"2020-07-14 16:51:16",854
"2020-07-14 17:51:13",855
"2020-07-14 18:50:50",857
"2020-07-14 19:50:23",857
"2020-07-14 20:50:33",859
"2020-07-14 21:50:22",859
"2020-07-14 22:50:35",860
"2020-07-14 23:50:36",860
"2020-07-15 00:51:06",860
"2020-07-15 01:50:44",860
"2020-07-15 02:33:55",860
"2020-07-15 02:41:35",860
"2020-07-15 02:49:14",860
"2020-07-15 02:57:10",860
"2020-07-15 03:18:38",860
"2020-07-15 03:26:28",860
"2020-07-15 03:34:21",860
"2020-07-15 03:42:04",860
"2020-07-15 03:49:47",860
"2020-07-15 03:57:32",860
"2020-07-15 04:05:22",860
"2020-07-15 04:13:07",860
"2020-07-15 04:20:53",860
"2020-07-15 04:28:37",860
"2020-07-15 04:36:31",860
"2020-07-15 04:44:14",860
"2020-07-15 04:51:57",860
"2020-07-15 04:59:50",860
"2020-07-15 05:08:08",860
"2020-07-15 12:22:38",860
"2020-07-15 12:30:36",860
"2020-07-15 12:38:30",860
"2020-07-15 12:46:23",860
"2020-07-15 12:54:19",860
"2020-07-15 13:02:13",860
"2020-07-15 13:10:22",860
"2020-07-15 13:18:32",860
"2020-07-15 13:26:42",860
"2020-07-15 13:34:45",860
"2020-07-15 13:42:46",860
"2020-07-15 13:50:45",860
"2020-07-15 13:58:40",860
"2020-07-15 14:06:43",860
"2020-07-15 14:14:56",857
"2020-07-15 14:22:58",857
"2020-07-15 14:30:56",857
"2020-07-15 14:38:50",857
"2020-07-15 14:48:45",857
"2020-07-15 14:58:39",857
"2020-07-15 15:08:50",854
"2020-07-15 15:18:47",854
"2020-07-15 15:28:43",854
"2020-07-15 15:38:39",854
"2020-07-15 15:48:55",854
"2020-07-15 15:58:56",854
"2020-07-15 16:09:01",854
"2020-07-15 16:19:03",854
"2020-07-15 16:29:07",854
"2020-07-15 16:39:22",854
"2020-07-15 16:49:34",854
"2020-07-15 16:59:34",854
"2020-07-15 17:16:58",852
"2020-07-15 17:24:46",852
"2020-07-15 17:32:31",852
"2020-07-15 17:40:18",852
"2020-07-15 17:48:05",852
"2020-07-15 17:55:56",852
"2020-07-15 18:03:57",850
"2020-07-15 18:11:51",850
"2020-07-15 18:19:47",850
"2020-07-15 18:27:39",850
"2020-07-15 18:35:34",850
"2020-07-15 18:43:42",850
"2020-07-15 18:51:45",850
"2020-07-15 18:59:41",850
"2020-07-15 19:08:07",850
"2020-07-15 19:15:58",849
"2020-07-15 19:23:45",849
"2020-07-15 19:31:45",849
"2020-07-15 19:41:43",849
"2020-07-15 19:51:34",849
"2020-07-15 20:01:29",849
"2020-07-15 20:11:25",845
"2020-07-15 20:21:33",845
"2020-07-15 20:31:21",845
"2020-07-15 20:41:09",845
"2020-07-15 20:50:55",845
"2020-07-15 21:00:42",845
"2020-07-15 21:10:32",845
"2020-07-15 21:20:20",845
"2020-07-15 21:30:02",845
"2020-07-15 21:40:40",845
"2020-07-15 21:50:37",845
"2020-07-15 22:00:51",845
"2020-07-15 22:10:45",845
"2020-07-15 22:20:41",845
"2020-07-15 22:30:27",845
"2020-07-15 22:40:11",845
"2020-07-15 22:49:54",845
"2020-07-15 23:06:57",845
"2020-07-15 23:13:13",845
"2020-07-15 23:19:34",845
"2020-07-15 23:29:21",845
"2020-07-15 23:39:12",845
"2020-07-15 23:48:55",845
"2020-07-15 23:58:55",845
"2020-07-16 00:09:30",845
"2020-07-16 00:19:59",845
"2020-07-16 00:30:22",845
"2020-07-16 00:40:33",845
"2020-07-16 00:50:23",845
"2020-07-16 01:00:13",845
"2020-07-16 01:10:04",845
"2020-07-16 01:20:03",845
"2020-07-16 01:29:50",845
"2020-07-16 01:39:35",845
"2020-07-16 01:49:23",845
"2020-07-16 01:59:14",845
"2020-07-16 02:09:12",845
"2020-07-16 02:19:25",845
"2020-07-16 02:29:39",845
"2020-07-16 02:39:40",845
"2020-07-16 02:49:57",845
"2020-07-16 03:04:59",845
"2020-07-16 03:10:05",845
"2020-07-16 03:20:38",845
"2020-07-16 03:30:40",845
"2020-07-16 03:40:42",845
"2020-07-16 03:50:43",845
"2020-07-16 04:01:07",845
"2020-07-16 04:11:18",845
"2020-07-16 04:21:15",845
"2020-07-16 04:31:12",845
"2020-07-16 04:41:06",845
"2020-07-16 04:50:59",845
"2020-07-16 05:00:57",845
"2020-07-16 05:10:50",845
"2020-07-16 05:20:44",845
"2020-07-16 05:30:35",845
"2020-07-16 05:43:04",845
"2020-07-16 05:54:28",845
"2020-07-16 06:04:27",845
"2020-07-16 06:14:16",845
"2020-07-16 06:22:31",845
"2020-07-16 06:31:46",845
"2020-07-16 06:41:02",845
"2020-07-16 06:50:23",845
"2020-07-16 07:12:26",845
"2020-07-16 07:17:35",845
"2020-07-16 07:22:12",845
"2020-07-16 07:33:24",845
"2020-07-16 07:47:31",845
"2020-07-16 08:04:31",845
"2020-07-16 08:15:01",845
"2020-07-16 08:24:29",845
"2020-07-16 08:33:43",845
"2020-07-16 08:43:23",845
"2020-07-16 08:52:25",845
"2020-07-16 09:01:47",845
"2020-07-16 09:11:38",845
"2020-07-16 09:21:42",845
"2020-07-16 09:31:37",845
"2020-07-16 09:40:54",845
"2020-07-16 09:49:41",845
"2020-07-16 09:58:26",845
"2020-07-16 10:07:34",845
"2020-07-16 10:16:34",845
"2020-07-16 10:24:50",845
"2020-07-16 10:33:16",845
"2020-07-16 10:41:36",845
"2020-07-16 10:52:07",845
"2020-07-16 11:02:59",845
"2020-07-16 11:14:01",845
"2020-07-16 11:24:36",845
"2020-07-16 11:35:04",845
"2020-07-16 11:45:43",845
"2020-07-16 11:56:43",845
"2020-07-16 12:08:35",845
"2020-07-16 12:19:46",845
"2020-07-16 12:30:56",845
"2020-07-16 12:42:07",845
"2020-07-16 12:53:13",845
"2020-07-16 13:04:32",845
"2020-07-16 13:16:25",845
"2020-07-16 13:27:55",845
"2020-07-16 13:39:49",845
"2020-07-16 13:50:58",845
"2020-07-16 14:01:55",845
"2020-07-16 14:13:07",845
"2020-07-16 14:24:15",845
"2020-07-16 14:42:59",845
"2020-07-16 14:49:36",845
"2020-07-16 14:56:31",845
"2020-07-16 15:07:42",845
"2020-07-16 15:18:52",845
"2020-07-16 17:02:01",842
"2020-07-16 17:10:10",842
"2020-07-16 17:18:28",841
"2020-07-16 17:26:33",841
"2020-07-16 17:34:46",841
"2020-07-16 17:42:57",841
"2020-07-16 17:51:02",841
"2020-07-16 17:59:05",841
"2020-07-16 18:07:29",841
"2020-07-16 18:15:41",841
"2020-07-16 18:23:52",841
"2020-07-16 18:31:58",841
"2020-07-16 18:40:05",841
"2020-07-16 18:48:16",841
"2020-07-16 18:56:41",841
"2020-07-16 19:04:47",841
"2020-07-16 19:12:51",841
"2020-07-16 19:20:57",841
"2020-07-16 19:31:05",841
"2020-07-16 19:41:11",841
"2020-07-16 19:51:15",841
"2020-07-16 20:01:20",841
"2020-07-16 20:11:24",841
"2020-07-16 20:21:24",841
"2020-07-16 20:31:24",841
"2020-07-16 20:41:29",841
"2020-07-16 20:51:32",841
"2020-07-16 21:01:38",841
"2020-07-16 21:11:42",841
"2020-07-16 21:21:46",841
"2020-07-16 21:32:11",841
"2020-07-16 21:42:19",841
"2020-07-16 21:52:20",841
"2020-07-16 22:02:28",841
"2020-07-16 22:12:33",841
"2020-07-16 22:22:33",841
"2020-07-16 22:32:36",841
"2020-07-16 22:42:36",841
"2020-07-16 22:59:47",841
"2020-07-16 23:06:14",841
"2020-07-16 23:12:43",841
"2020-07-16 23:22:42",841
"2020-07-16 23:32:43",841
"2020-07-16 23:42:41",841
"2020-07-16 23:52:39",841
"2020-07-17 00:03:18",841
"2020-07-17 00:13:57",841
"2020-07-17 00:24:27",841
"2020-07-17 00:35:03",841
"2020-07-17 00:45:24",841
"2020-07-17 00:55:34",841
"2020-07-17 01:05:51",841
"2020-07-17 01:15:57",841
"2020-07-17 01:25:58",841
"2020-07-17 01:36:00",841
"2020-07-17 01:46:03",841
"2020-07-17 01:56:06",841
"2020-07-17 02:06:11",841
"2020-07-17 02:16:17",841
"2020-07-17 02:26:19",841
"2020-07-17 02:36:16",841
"2020-07-17 02:46:13",841
"2020-07-17 03:01:14",841
"2020-07-17 03:06:19",841
"2020-07-17 03:16:21",841
"2020-07-17 03:26:25",841
"2020-07-17 03:36:33",841
"2020-07-17 03:46:37",841
"2020-07-17 03:56:44",841
"2020-07-17 04:06:59",841
"2020-07-17 04:17:05",841
"2020-07-17 04:27:10",841
"2020-07-17 04:37:16",841
"2020-07-17 04:47:18",841
"2020-07-17 04:57:20",841
"2020-07-17 05:07:30",841
"2020-07-17 05:17:36",841
"2020-07-17 05:27:37",841
"2020-07-17 05:37:37",841
"2020-07-17 05:47:38",841
"2020-07-17 05:57:37",841
"2020-07-17 06:07:53",841
"2020-07-17 06:16:02",841
"2020-07-17 06:24:05",841
"2020-07-17 06:32:27",841
"2020-07-17 06:40:37",841
"2020-07-17 06:58:09",841
"2020-07-17 07:01:59",841
"2020-07-17 07:05:39",841
"2020-07-17 07:13:52",841
"2020-07-17 07:22:01",841
"2020-07-17 07:30:09",841
"2020-07-17 07:38:17",841
"2020-07-17 07:46:22",841
"2020-07-17 07:54:27",841
"2020-07-17 08:02:40",841
"2020-07-17 08:11:06",841
"2020-07-17 08:19:38",841
"2020-07-17 08:28:09",841
"2020-07-17 08:36:44",841
"2020-07-17 08:45:06",841
"2020-07-17 08:53:18",841
"2020-07-17 09:01:31",841
"2020-07-17 09:09:41",841
"2020-07-17 09:17:52",841
"2020-07-17 09:25:59",841
"2020-07-17 09:34:04",841
"2020-07-17 09:42:05",841
"2020-07-17 09:50:07",841
"2020-07-17 09:58:23",841
"2020-07-17 10:11:36",841
"2020-07-17 10:18:38",841
"2020-07-17 10:22:40",841
"2020-07-17 10:30:42",841
"2020-07-17 10:40:44",841
"2020-07-17 10:50:48",841
"2020-07-17 11:01:15",841
"2020-07-17 11:11:25",841
"2020-07-17 11:21:31",841
"2020-07-17 11:31:39",841
"2020-07-17 11:41:44",841
"2020-07-17 11:51:47",841
"2020-07-17 12:02:05",841
"2020-07-17 12:12:29",841
"2020-07-17 12:22:45",841
"2020-07-17 12:32:52",841
"2020-07-17 12:42:57",841
"2020-07-17 12:52:59",841
"2020-07-17 13:03:37",841
"2020-07-17 13:14:13",841
"2020-07-17 13:24:33",841
"2020-07-17 13:33:10",841
"2020-07-17 13:41:37",841
"2020-07-17 13:49:41",841
"2020-07-17 13:58:09",841
"2020-07-17 14:07:01",841
"2020-07-17 14:15:25",841
"2020-07-17 14:23:47",841
"2020-07-17 14:32:07",841
"2020-07-17 14:40:16",841
"2020-07-17 14:48:18",841
"2020-07-17 14:56:39",841
"2020-07-17 15:05:34",841
"2020-07-17 15:14:24",845
"2020-07-17 15:23:07",845
"2020-07-17 15:31:39",845
"2020-07-17 15:40:05",845
"2020-07-17 15:48:29",845
"2020-07-17 16:03:35",845
"2020-07-17 16:19:49",845
"2020-07-17 16:28:33",845
"2020-07-17 16:37:17",845
"2020-07-17 16:45:46",845
"2020-07-17 16:54:12",845
"2020-07-17 17:07:12",848
"2020-07-17 17:15:22",848
"2020-07-17 17:23:57",848
"2020-07-17 17:32:20",848
"2020-07-17 17:40:50",848
"2020-07-17 17:49:15",848
"2020-07-17 17:57:45",848
"2020-07-17 18:06:35",847
"2020-07-17 18:15:07",847
"2020-07-17 18:23:41",847
"2020-07-17 18:32:12",847
"2020-07-17 18:40:40",847
"2020-07-17 18:49:07",847
"2020-07-17 18:57:30",847
"2020-07-17 19:10:13",847
"2020-07-17 19:18:44",848
"2020-07-17 19:27:02",848
"2020-07-17 19:35:11",848
"2020-07-17 19:46:54",848
"2020-07-17 19:54:57",848
"2020-07-17 20:03:08",850
"2020-07-17 20:11:16",850
"2020-07-17 20:19:16",850
"2020-07-17 20:27:15",850
"2020-07-17 20:35:21",850
"2020-07-17 20:43:19",850
"2020-07-17 20:51:19",850
"2020-07-17 20:59:25",850
"2020-07-17 21:07:43",850
"2020-07-17 21:15:44",850
"2020-07-17 21:23:42",850
"2020-07-17 21:31:39",850
"2020-07-17 21:39:52",850
"2020-07-17 21:47:54",850
"2020-07-17 21:55:56",850
"2020-07-17 22:04:12",850
"2020-07-17 22:14:30",850
"2020-07-17 22:24:36",850
"2020-07-17 22:34:45",850
"2020-07-17 22:45:13",850
"2020-07-17 22:55:44",850
"2020-07-17 23:06:33",850
"2020-07-17 23:16:48",850
"2020-07-17 23:26:52",850
"2020-07-17 23:36:57",850
"2020-07-17 23:46:59",850
"2020-07-17 23:57:19",850
"2020-07-18 00:09:33",850
"2020-07-18 00:20:32",850
"2020-07-18 00:31:02",850
"2020-07-18 00:41:40",850
"2020-07-18 00:52:06",850
"2020-07-18 01:02:20",850
"2020-07-18 01:12:28",850
"2020-07-18 01:22:38",850
"2020-07-18 01:32:43",850
"2020-07-18 01:49:59",850
"2020-07-18 01:56:22",850
"2020-07-18 02:02:54",850
"2020-07-18 02:13:00",850
"2020-07-18 02:23:01",850
"2020-07-18 02:33:00",850
"2020-07-18 02:42:58",850
"2020-07-18 02:52:57",850
"2020-07-18 03:03:09",850
"2020-07-18 03:13:21",850
"2020-07-18 03:23:29",850
"2020-07-18 03:33:36",850
"2020-07-18 03:43:44",850
"2020-07-18 03:53:56",850
"2020-07-18 04:04:24",850
"2020-07-18 04:14:58",850
"2020-07-18 04:25:24",850
"2020-07-18 04:35:32",850
"2020-07-18 04:45:35",850
"2020-07-18 04:55:39",850
"2020-07-18 05:06:20",850
"2020-07-18 05:16:47",850
"2020-07-18 05:27:01",850
"2020-07-18 05:37:02",850
"2020-07-18 05:52:02",850
"2020-07-18 05:57:07",850
"2020-07-18 06:07:27",850
"2020-07-18 06:19:38",850
"2020-07-18 08:41:39",850
"2020-07-18 08:49:46",850
"2020-07-18 08:57:49",850
"2020-07-18 09:05:57",850
"2020-07-18 09:13:55",850
"2020-07-18 09:21:54",850
"2020-07-18 09:29:56",850
"2020-07-18 09:37:59",850
"2020-07-18 09:45:59",850
"2020-07-18 09:53:59",850
"2020-07-18 10:02:03",850
"2020-07-18 10:10:08",850
"2020-07-18 10:18:08",850
"2020-07-18 10:26:08",850
"2020-07-18 10:34:23",850
"2020-07-18 10:42:16",850
"2020-07-18 10:50:07",850
"2020-07-18 10:58:07",850
"2020-07-18 11:08:09",850
"2020-07-18 11:18:08",850
"2020-07-18 11:28:05",850
"2020-07-18 11:38:05",850
"2020-07-18 11:48:02",850
"2020-07-18 11:58:02",850
"2020-07-18 12:08:15",850
"2020-07-18 12:18:22",850
"2020-07-18 12:28:23",850
"2020-07-18 12:38:26",850
"2020-07-18 12:48:25",850
"2020-07-18 12:58:36",850
"2020-07-18 13:08:52",850
"2020-07-18 13:19:01",850
"2020-07-18 13:29:04",850
"2020-07-18 13:39:00",850
"2020-07-18 13:48:56",850
"2020-07-18 13:58:53",850
"2020-07-18 14:08:51",850
"2020-07-18 14:18:49",850
"2020-07-18 14:36:01",850
"2020-07-18 14:42:21",850
"2020-07-18 14:48:48",850
"2020-07-18 14:58:50",850
"2020-07-18 15:08:57",850
"2020-07-18 15:19:00",850
"2020-07-18 15:28:59",850
"2020-07-18 15:38:58",850
"2020-07-18 15:48:58",850
"2020-07-18 15:58:56",850
"2020-07-18 16:08:58",850
"2020-07-18 16:18:58",850
"2020-07-18 16:29:00",850
"2020-07-18 16:39:00",850
"2020-07-18 16:48:57",850
"2020-07-18 16:58:58",850
"2020-07-18 17:09:04",850
"2020-07-18 17:19:06",850
"2020-07-18 17:29:04",850
"2020-07-18 17:39:03",850
"2020-07-18 17:49:00",850
"2020-07-18 17:58:58",850
"2020-07-18 18:09:02",850
"2020-07-18 18:19:00",850
"2020-07-18 18:33:53",850
"2020-07-18 18:38:54",850
"2020-07-18 18:48:51",850
"2020-07-18 18:58:52",850
"2020-07-18 19:09:16",850
"2020-07-18 19:19:18",850
"2020-07-18 19:29:16",850
"2020-07-18 19:39:34",850
"2020-07-18 22:13:39",850
"2020-07-18 22:21:12",850
"2020-07-18 22:28:45",850
"2020-07-18 22:36:18",850
"2020-07-18 22:43:50",850
"2020-07-18 22:51:23",850
"2020-07-18 22:58:56",850
"2020-07-18 23:06:31",850
"2020-07-18 23:14:04",850
"2020-07-18 23:21:37",850
"2020-07-18 23:29:10",850
"2020-07-18 23:36:45",850
"2020-07-18 23:44:26",850
"2020-07-18 23:52:08",850
"2020-07-19 00:00:05",850
"2020-07-19 00:07:37",850
"2020-07-19 00:15:06",850
"2020-07-19 00:22:41",850
"2020-07-19 00:32:16",850
"2020-07-19 00:41:50",850
"2020-07-19 00:51:26",850
"2020-07-19 01:01:01",850
"2020-07-19 01:10:36",850
"2020-07-19 01:20:12",850
"2020-07-19 01:29:47",850
"2020-07-19 01:39:23",850
"2020-07-19 01:48:59",850
"2020-07-19 01:58:34",850
"2020-07-19 02:08:08",850
"2020-07-19 02:17:43",850
"2020-07-19 02:27:16",850
"2020-07-19 02:36:50",850
"2020-07-19 02:46:23",850
"2020-07-19 02:55:57",850
"2020-07-19 03:05:31",850
"2020-07-19 03:15:06",850
"2020-07-19 03:24:40",850
"2020-07-19 03:34:15",850
"2020-07-19 03:50:36",850
"2020-07-19 03:56:44",850
"2020-07-19 04:02:59",850
"2020-07-19 04:12:32",850
"2020-07-19 04:22:05",850
"2020-07-19 04:31:39",850
"2020-07-19 04:41:12",850
"2020-07-19 04:50:46",850
"2020-07-19 05:00:19",850
"2020-07-19 05:09:51",850
"2020-07-19 05:19:24",850
"2020-07-19 05:28:57",850
"2020-07-19 05:38:30",850
"2020-07-19 05:48:02",850
"2020-07-19 05:57:33",850
"2020-07-19 06:07:06",850
"2020-07-19 06:16:44",850
"2020-07-19 06:26:19",850
"2020-07-19 06:47:04",850
"2020-07-19 06:54:40",850
"2020-07-19 07:02:15",850
"2020-07-19 07:09:51",850
"2020-07-19 07:17:28",850
"2020-07-19 07:25:02",850
"2020-07-19 07:32:35",850
"2020-07-19 07:40:10",850
"2020-07-19 07:47:45",850
"2020-07-19 07:55:19",850
"2020-07-19 08:02:53",850
"2020-07-19 08:10:27",850
"2020-07-19 08:18:00",850
"2020-07-19 08:25:34",850
"2020-07-19 08:33:22",850
"2020-07-19 08:40:48",850
"2020-07-19 08:48:15",850
"2020-07-19 08:55:48",850
"2020-07-19 09:05:25",850
"2020-07-19 09:14:59",850
"2020-07-19 09:24:35",850
"2020-07-19 09:34:12",850
"2020-07-19 09:43:54",850
"2020-07-19 09:53:37",850
"2020-07-19 10:03:21",850
"2020-07-19 10:12:57",850
"2020-07-19 10:22:31",850
"2020-07-19 10:32:07",850
"2020-07-19 10:41:44",850
"2020-07-19 10:51:22",850
"2020-07-19 11:00:57",850
"2020-07-19 11:10:32",850
"2020-07-19 11:20:07",850
"2020-07-19 11:29:42",850
"2020-07-19 11:39:19",850
"2020-07-19 11:48:54",850
"2020-07-19 11:58:29",850
"2020-07-19 12:08:05",850
"2020-07-19 12:24:33",850
"2020-07-19 12:30:39",850
"2020-07-19 12:36:53",850
"2020-07-19 12:46:30",850
"2020-07-19 12:56:08",850
"2020-07-19 13:05:43",850
"2020-07-19 13:15:20",850
"2020-07-19 13:24:55",850
"2020-07-19 13:34:33",850
"2020-07-19 13:44:07",850
"2020-07-19 13:53:43",850
"2020-07-19 14:03:18",850
"2020-07-19 14:12:52",850
"2020-07-19 14:22:26",850
"2020-07-19 14:32:01",850
"2020-07-19 14:41:36",850
"2020-07-19 14:51:11",850
"2020-07-19 15:00:47",850
"2020-07-19 15:10:23",850
"2020-07-19 15:19:59",850
"2020-07-19 15:29:35",850
"2020-07-19 15:39:10",850
"2020-07-19 15:48:45",850
"2020-07-19 15:58:20",850
"2020-07-19 16:12:42",850
"2020-07-19 16:17:36",850
"2020-07-19 16:27:10",850
"2020-07-19 16:36:46",850
"2020-07-19 16:46:22",850
"2020-07-19 16:56:03",850
"2020-07-19 17:05:41",850
"2020-07-19 17:15:17",850
"2020-07-19 17:24:51",850
"2020-07-19 17:34:26",850
"2020-07-19 17:44:00",850
"2020-07-19 17:53:34",850
"2020-07-19 18:03:09",850
"2020-07-19 18:12:44",850
"2020-07-19 18:22:19",850
"2020-07-19 18:31:55",850
"2020-07-19 18:41:29",850
"2020-07-19 18:51:04",850
"2020-07-19 19:00:40",850
"2020-07-19 19:10:15",850
"2020-07-19 19:17:49",850
"2020-07-19 19:25:24",850
"2020-07-19 19:33:00",850
"2020-07-19 19:40:37",850
"2020-07-19 19:56:42",850
"2020-07-19 20:00:07",850
"2020-07-19 20:03:24",850
"2020-07-19 20:10:59",850
"2020-07-19 20:18:35",850
"2020-07-19 20:26:10",850
"2020-07-19 20:33:45",850
"2020-07-19 20:41:21",850
"2020-07-19 20:48:56",850
"2020-07-19 20:56:32",850
"2020-07-19 21:04:08",850
"2020-07-19 21:11:43",850
"2020-07-19 21:19:16",850
"2020-07-19 21:26:50",850
"2020-07-19 21:34:25",850
"2020-07-19 21:41:59",850
"2020-07-19 21:49:34",850
"2020-07-19 21:57:10",850
"2020-07-19 22:04:46",850
"2020-07-19 22:12:23",850
"2020-07-19 22:19:57",850
"2020-07-19 22:27:31",850
"2020-07-19 22:35:06",850
"2020-07-19 22:42:41",850
"2020-07-19 22:55:05",850
"2020-07-19 23:01:38",850
"2020-07-19 23:05:26",850
"2020-07-19 23:13:00",850
"2020-07-19 23:22:34",850
"2020-07-19 23:32:08",850
"2020-07-19 23:41:41",850
"2020-07-19 23:51:16",850
"2020-07-20 00:00:50",850
"2020-07-20 00:10:27",850
"2020-07-20 00:20:03",850
"2020-07-20 00:29:39",850
"2020-07-20 00:39:14",850
"2020-07-20 00:48:50",850
"2020-07-20 00:58:23",850
"2020-07-20 01:07:58",850
"2020-07-20 01:17:34",850
"2020-07-20 01:27:09",850
"2020-07-20 01:36:45",850
"2020-07-20 01:46:21",850
"2020-07-20 01:55:57",850
"2020-07-20 02:03:34",850
"2020-07-20 02:11:12",850
"2020-07-20 02:18:47",850
"2020-07-20 02:26:23",850
"2020-07-20 02:33:59",850
"2020-07-20 02:41:35",850
"2020-07-20 02:49:11",850
"2020-07-20 02:56:46",850
"2020-07-20 03:04:22",850
"2020-07-20 03:11:58",850
"2020-07-20 03:19:34",850
"2020-07-20 03:27:10",850
"2020-07-20 03:34:47",850
"2020-07-20 03:42:23",850
"2020-07-20 03:49:58",850
"2020-07-20 03:57:34",850
"2020-07-20 04:05:10",850
"2020-07-20 04:18:11",850
"2020-07-20 04:32:12",850
"2020-07-20 04:39:48",850
"2020-07-20 04:47:26",850
"2020-07-20 04:55:06",850
"2020-07-20 05:02:55",850
"2020-07-20 05:10:40",850
"2020-07-20 05:18:25",850
"2020-07-20 05:26:10",850
"2020-07-20 05:33:54",850
"2020-07-20 05:41:40",850
"2020-07-20 05:49:25",850
"2020-07-20 05:57:09",850
"2020-07-20 06:04:55",850
"2020-07-20 06:12:39",850
"2020-07-20 06:20:24",850
"2020-07-20 06:28:08",850
"2020-07-20 06:35:52",850
"2020-07-20 06:43:36",850
"2020-07-20 06:51:21",850
"2020-07-20 06:59:04",850
"2020-07-20 07:06:49",850
"2020-07-20 07:14:31",850
"2020-07-20 07:22:14",850
"2020-07-20 07:29:56",850
"2020-07-20 07:37:40",850
"2020-07-20 07:45:23",850
"2020-07-20 07:53:07",850
"2020-07-20 08:00:51",850
"2020-07-20 08:08:35",850
"2020-07-20 08:16:18",850
"2020-07-20 08:24:00",850
"2020-07-20 08:31:42",850
"2020-07-20 08:39:25",850
"2020-07-20 08:47:08",850
"2020-07-20 08:54:51",850
"2020-07-20 09:02:37",850
"2020-07-20 09:10:22",850
"2020-07-20 09:18:04",850
"2020-07-20 09:25:47",850
"2020-07-20 09:33:32",850
"2020-07-20 09:41:15",850
"2020-07-20 09:48:59",850
"2020-07-20 09:56:42",850
"2020-07-20 10:04:27",850
"2020-07-20 10:12:12",850
"2020-07-20 10:19:55",850
"2020-07-20 10:27:38",850
"2020-07-20 10:35:24",850
"2020-07-20 10:43:10",850
"2020-07-20 10:50:55",850
"2020-07-20 10:58:38",850
"2020-07-20 11:06:25",850
"2020-07-20 11:14:11",850
"2020-07-20 11:21:54",850
"2020-07-20 11:29:38",850
"2020-07-20 11:37:21",850
"2020-07-20 11:45:04",850
"2020-07-20 11:52:47",850
"2020-07-20 12:00:31",850
"2020-07-20 12:08:17",850
"2020-07-20 12:16:02",850
"2020-07-20 12:23:47",850
"2020-07-20 12:31:32",850
"2020-07-20 12:39:16",850
"2020-07-20 12:46:59",850
"2020-07-20 12:54:42",850
"2020-07-20 13:02:28",850
"2020-07-20 13:10:14",850
"2020-07-20 13:17:58",850
"2020-07-20 13:25:45",850
"2020-07-20 13:33:32",850
"2020-07-20 13:41:20",850
"2020-07-20 13:49:05",850
"2020-07-20 13:56:51",850
"2020-07-20 14:04:35",850
"2020-07-20 14:12:20",850
"2020-07-20 14:20:05",850
"2020-07-20 14:27:49",850
"2020-07-20 14:47:58",850
"2020-07-20 15:48:27",856
"2020-07-20 16:47:48",858
"2020-07-20 17:47:47",856
"2020-07-20 18:48:10",856
"2020-07-20 19:48:31",856
"2020-07-20 20:48:31",859
"2020-07-20 21:48:25",860
"2020-07-20 22:48:02",860
"2020-07-20 23:48:05",860
"2020-07-21 00:48:02",860
"2020-07-21 01:48:08",860
"2020-07-21 02:48:06",860
"2020-07-21 03:48:17",860
"2020-07-21 04:48:27",860
"2020-07-21 05:48:28",860
"2020-07-21 06:48:31",860
"2020-07-21 07:48:25",860
"2020-07-21 08:48:09",860
"2020-07-21 09:47:39",860
"2020-07-21 10:48:04",860
"2020-07-21 11:48:08",860
"2020-07-21 12:47:35",860
"2020-07-21 13:48:01",861
"2020-07-21 14:48:00",866
"2020-07-21 15:47:40",866
"2020-07-21 16:48:21",861
"2020-07-21 17:48:30",859
"2020-07-21 18:48:03",859
"2020-07-21 19:47:38",859
"2020-07-21 20:48:00",860
"2020-07-21 21:47:35",860
"2020-07-21 22:48:17",859
"2020-07-21 23:48:27",859
"2020-07-22 00:48:01",859
"2020-07-22 01:48:03",859
"2020-07-22 02:47:36",859
"2020-07-22 03:48:26",859
"2020-07-22 04:47:36",859
"2020-07-22 05:47:37",859
"2020-07-22 06:47:32",859
"2020-07-22 07:47:31",859
"2020-07-22 08:47:34",859
"2020-07-22 09:47:33",859
"2020-07-22 10:47:37",859
"2020-07-22 11:47:33",859
"2020-07-22 12:47:40",859
"2020-07-22 13:47:41",859
"2020-07-22 14:47:54",857
"2020-07-22 15:47:37",858
"2020-07-22 16:48:08",858
"2020-07-22 17:47:56",860
"2020-07-22 18:48:22",860
"2020-07-22 19:47:33",862
"2020-07-22 20:47:58",863
"2020-07-22 21:47:57",863
"2020-07-22 22:48:01",863
"2020-07-22 23:47:32",863
"2020-07-23 00:47:59",863
"2020-07-23 01:48:01",863
"2020-07-23 02:48:01",863
"2020-07-23 03:48:04",863
"2020-07-23 04:47:47",863
"2020-07-23 05:48:19",863
"2020-07-23 06:47:33",863
"2020-07-23 07:47:39",863
"2020-07-23 08:47:55",863
"2020-07-23 09:48:03",863
"2020-07-23 10:48:27",863
"2020-07-23 11:48:02",863
"2020-07-23 13:12:47",863
"2020-07-23 13:49:16",863
"2020-07-23 14:48:01",862
"2020-07-23 15:48:20",860
"2020-07-23 16:47:39",860
"2020-07-23 17:47:57",857
"2020-07-23 18:47:38",856
"2020-07-23 19:48:20",856
"2020-07-23 20:47:59",854
"2020-07-23 21:48:01",853
"2020-07-23 22:48:00",853
"2020-07-23 23:47:39",853
"2020-07-24 00:48:27",853
"2020-07-24 01:47:46",853
"2020-07-24 02:47:57",853
"2020-07-24 03:48:04",853
"2020-07-24 04:47:59",853
"2020-07-24 05:48:23",853
"2020-07-24 06:47:39",853
"2020-07-24 07:48:25",853
"2020-07-24 08:48:05",853
"2020-07-24 09:48:08",853
"2020-07-24 10:48:04",853
"2020-07-24 11:48:03",853
"2020-07-24 12:48:19",853
"2020-07-24 13:47:43",853
"2020-07-24 14:48:01",854
"2020-07-24 15:48:25",854
"2020-07-24 16:48:04",853
"2020-07-24 17:47:38",855
"2020-07-24 18:47:58",856
"2020-07-24 19:47:55",856
"2020-07-24 20:47:59",856
"2020-07-24 21:47:33",856
"2020-07-24 22:48:18",856
"2020-07-24 23:48:01",856
"2020-07-25 00:47:41",856
"2020-07-25 01:47:43",856
"2020-07-25 02:48:03",856
"2020-07-25 03:48:06",856
"2020-07-25 04:48:02",856
"2020-07-25 05:48:08",856
"2020-07-25 06:48:04",856
"2020-07-25 07:48:33",856
"2020-07-25 08:48:23",856
"2020-07-25 09:48:31",856
"2020-07-25 10:47:41",856
"2020-07-25 11:48:27",856
"2020-07-25 12:48:05",856
"2020-07-25 13:48:23",856
"2020-07-25 14:48:01",856
"2020-07-25 15:48:02",856
"2020-07-25 16:48:14",856
"2020-07-25 17:48:04",856
"2020-07-25 18:48:03",856
"2020-07-25 19:47:44",856
"2020-07-25 20:48:26",856
"2020-07-25 21:48:08",856
"2020-07-25 22:48:02",856
"2020-07-25 23:48:07",856
"2020-07-26 00:48:05",856
"2020-07-26 01:48:12",856
"2020-07-26 02:48:27",856
"2020-07-26 03:48:03",856
"2020-07-26 04:48:03",856
"2020-07-26 05:48:04",856
"2020-07-26 06:48:02",856
"2020-07-26 07:48:03",856
"2020-07-26 08:48:05",856
"2020-07-26 09:48:09",856
"2020-07-26 10:47:43",856
"2020-07-26 11:48:08",856
"2020-07-26 12:48:30",856
"2020-07-26 13:48:26",856
"2020-07-26 14:47:41",856
"2020-07-26 15:48:16",856
"2020-07-26 16:48:05",856
"2020-07-26 17:48:04",856
"2020-07-26 18:48:08",856
"2020-07-26 19:48:03",856
"2020-07-26 20:48:05",856
"2020-07-26 21:48:31",856
"2020-07-26 22:48:27",856
"2020-07-26 23:48:06",856
"2020-07-27 00:48:29",856
"2020-07-27 01:48:14",856
"2020-07-27 02:48:34",856
"2020-07-27 03:48:37",856
"2020-07-27 04:48:13",856
"2020-07-27 05:48:34",856
"2020-07-27 06:48:25",856
"2020-07-27 07:48:19",856
"2020-07-27 08:48:05",856
"2020-07-27 09:48:09",856
"2020-07-27 10:47:41",856
"2020-07-27 11:48:24",856
"2020-07-27 12:48:05",856
"2020-07-27 13:48:08",856
"2020-07-27 14:48:14",858
"2020-07-27 15:48:12",859
"2020-07-27 16:48:18",859
"2020-07-27 17:48:33",860
"2020-07-27 18:48:28",859
"2020-07-27 19:48:05",859
"2020-07-27 20:48:31",859
"2020-07-27 21:48:07",859
"2020-07-27 22:48:06",859
"2020-07-27 23:48:21",859
"2020-07-28 00:48:45",859
"2020-07-28 01:48:39",859
"2020-07-28 02:49:07",859
"2020-07-28 03:48:15",859
"2020-07-28 04:48:39",859
"2020-07-28 07:10:35",859
"2020-07-28 07:16:45",859
"2020-07-28 07:48:26",859
"2020-07-28 08:48:01",859
"2020-07-28 09:47:54",859
"2020-07-28 10:48:24",859
"2020-07-28 11:48:20",859
"2020-07-28 13:16:19",859
"2020-07-28 13:48:13",859
"2020-07-28 14:47:45",858
"2020-07-28 15:48:05",857
"2020-07-28 16:47:56",856
"2020-07-28 17:47:42",856
"2020-07-28 18:47:46",856
"2020-07-28 19:48:02",856
"2020-07-28 20:48:02",856
"2020-07-28 21:47:45",856
"2020-07-28 22:48:08",856
"2020-07-28 23:48:35",856
"2020-07-29 00:48:04",856
"2020-07-29 01:48:28",856
"2020-07-29 02:47:40",856
"2020-07-29 03:48:04",856
"2020-07-29 04:47:40",856
"2020-07-29 05:48:26",856
"2020-07-29 06:47:38",856
"2020-07-29 07:48:05",856
"2020-07-29 08:48:08",856
"2020-07-29 09:48:10",856
"2020-07-29 10:48:14",856
"2020-07-29 11:48:25",856
"2020-07-29 13:18:50",856
"2020-07-29 13:48:12",856
"2020-07-29 14:48:37",857
"2020-07-29 15:48:48",861
"2020-07-29 16:48:57",860
"2020-07-29 17:48:42",859
"2020-07-29 18:48:37",855
"2020-07-29 19:48:32",851
"2020-07-29 20:48:31",846
"2020-07-29 21:48:28",846
"2020-07-29 22:48:31",846
"2020-07-29 23:48:36",846
"2020-07-30 00:48:37",846
"2020-07-30 01:48:43",846
"2020-07-30 02:48:36",846
"2020-07-30 03:48:28",846
"2020-07-30 04:49:26",846
"2020-07-30 05:48:52",846
"2020-07-30 06:48:23",846
"2020-07-30 07:48:27",846
"2020-07-30 08:48:37",846
"2020-07-30 09:48:31",846
"2020-07-30 10:48:20",846
"2020-07-30 11:48:30",846
"2020-07-30 13:11:20",846
"2020-07-30 13:48:31",846
"2020-07-30 14:48:31",847
"2020-07-30 15:48:28",848
"2020-07-30 16:47:52",847
"2020-07-30 17:48:25",847
"2020-07-30 18:48:34",852
"2020-07-30 19:48:28",854
"2020-07-30 20:48:04",858
"2020-07-30 21:48:07",858
"2020-07-30 22:48:24",858
"2020-07-30 23:47:50",858
"2020-07-31 00:48:31",858
"2020-07-31 01:47:56",858
"2020-07-31 02:48:34",858
"2020-07-31 03:48:07",858
"2020-07-31 04:47:44",858
"2020-07-31 05:48:04",858
"2020-07-31 06:47:39",857
"2020-07-31 07:48:08",857
"2020-07-31 08:48:08",857
"2020-07-31 09:48:06",857
"2020-07-31 10:47:49",857
"2020-07-31 11:47:38",857
"2020-07-31 12:47:39",857
"2020-07-31 13:48:32",857
"2020-07-31 14:47:44",870
"2020-07-31 15:48:02",869
"2020-07-31 16:48:11",868
"2020-07-31 17:48:03",871
"2020-07-31 18:48:05",870
"2020-07-31 19:48:04",871
"2020-07-31 20:48:04",870
"2020-07-31 21:48:04",870
"2020-07-31 22:47:41",870
"2020-07-31 23:48:22",870
"2020-08-01 00:48:25",870
"2020-08-01 01:47:40",870
"2020-08-01 02:47:41",870
"2020-08-01 03:48:02",870
"2020-08-01 04:48:21",870
"2020-08-01 05:48:07",870
"2020-08-01 06:48:02",870
"2020-08-01 07:48:24",870
"2020-08-01 08:48:24",870
"2020-08-01 09:48:21",870
"2020-08-01 10:48:02",870
"2020-08-01 11:48:00",870
"2020-08-01 12:48:04",870
"2020-08-01 13:48:01",870
"2020-08-01 14:47:37",870
"2020-08-01 15:48:34",870
"2020-08-01 16:48:28",870
"2020-08-01 17:48:04",870
"2020-08-01 18:47:59",870
"2020-08-01 19:48:00",870
"2020-08-01 20:47:57",870
"2020-08-01 21:47:58",870
"2020-08-01 22:47:57",870
"2020-08-01 23:48:04",870
"2020-08-02 00:48:31",870
"2020-08-02 01:48:00",870
"2020-08-02 02:47:39",870
"2020-08-02 03:48:29",870
"2020-08-02 04:47:37",870
"2020-08-02 05:48:05",870
"2020-08-02 06:48:23",870
"2020-08-02 07:48:21",870
"2020-08-02 08:48:21",870
"2020-08-02 09:48:26",870
"2020-08-02 10:48:25",870
"2020-08-02 11:47:42",870
"2020-08-02 12:47:59",870
"2020-08-02 13:47:44",870
"2020-08-02 14:47:38",870
"2020-08-02 15:48:33",870
"2020-08-02 16:47:36",870
"2020-08-02 17:48:02",870
"2020-08-02 18:48:02",870
"2020-08-02 19:48:02",870
"2020-08-02 20:47:40",870
"2020-08-02 21:48:07",870
"2020-08-02 22:48:05",870
"2020-08-02 23:48:07",870
"2020-08-03 00:48:25",870
"2020-08-03 01:48:03",870
"2020-08-03 02:48:06",870
"2020-08-03 03:48:02",870
"2020-08-03 04:48:00",870
"2020-08-03 05:48:14",870
"2020-08-03 06:47:43",870
"2020-08-03 07:47:58",870
"2020-08-03 08:47:41",870
"2020-08-03 09:48:28",870
"2020-08-03 10:48:19",870
"2020-08-03 11:47:56",870
"2020-08-03 12:48:19",870
"2020-08-03 13:48:07",870
"2020-08-03 14:47:46",884
"2020-08-03 15:48:28",883
"2020-08-03 16:48:14",885
"2020-08-03 17:48:02",886
"2020-08-03 18:47:49",886
"2020-08-03 19:48:07",886
"2020-08-03 20:47:59",887
"2020-08-03 21:47:34",887
"2020-08-03 22:47:59",887
"2020-08-03 23:48:13",887
"2020-08-04 00:48:25",887
"2020-08-04 01:48:09",887
"2020-08-04 02:48:25",887
"2020-08-04 03:48:20",887
"2020-08-04 04:48:58",887
"2020-08-04 05:48:07",887
"2020-08-04 06:48:09",887
"2020-08-04 07:47:48",887
"2020-08-04 08:48:12",887
"2020-08-04 09:48:04",887
"2020-08-04 10:47:38",887
"2020-08-04 11:47:57",887
"2020-08-04 12:47:38",887
"2020-08-04 13:48:28",887
"2020-08-04 14:48:01",889
"2020-08-04 15:48:07",890
"2020-08-04 16:48:07",888
"2020-08-04 17:48:12",888
"2020-08-04 18:48:24",888
"2020-08-04 19:47:55",888
"2020-08-04 20:47:59",888
"2020-08-04 21:48:07",888
"2020-08-04 22:48:02",888
"2020-08-04 23:48:32",888
"2020-08-05 00:48:12",888
"2020-08-05 01:48:28",888
"2020-08-05 02:47:48",888
"2020-08-05 03:48:27",888
"2020-08-05 04:48:19",888
"2020-08-05 05:48:19",886
"2020-08-05 06:47:39",886
"2020-08-05 07:47:45",886
"2020-08-05 08:48:06",886
"2020-08-05 09:48:30",886
"2020-08-05 10:48:00",886
"2020-08-05 11:48:02",886
"2020-08-05 13:14:50",886
"2020-08-05 13:48:28",886
"2020-08-05 14:48:07",886
"2020-08-05 15:47:44",886
"2020-08-05 16:48:02",886
"2020-08-05 17:48:01",885
"2020-08-05 18:48:03",887
"2020-08-05 19:48:22",889
"2020-08-05 20:47:57",889
"2020-08-05 21:47:45",889
"2020-08-05 22:48:19",889
"2020-08-05 23:48:04",889
"2020-08-06 00:48:35",889
"2020-08-06 01:48:05",889
"2020-08-06 02:47:53",889
"2020-08-06 03:48:08",889
"2020-08-06 04:48:05",889
"2020-08-06 05:48:54",889
"2020-08-06 06:48:12",889
"2020-08-06 07:48:30",889
"2020-08-06 08:48:34",889
"2020-08-06 09:48:05",889
"2020-08-06 10:48:33",889
"2020-08-06 11:48:00",889
"2020-08-06 12:48:30",889
"2020-08-06 13:47:48",889
"2020-08-06 14:47:38",889
"2020-08-06 15:48:02",889
"2020-08-06 16:48:26",890
"2020-08-06 17:48:01",890
"2020-08-06 18:48:04",890
"2020-08-06 19:48:01",890
"2020-08-06 20:48:25",888
"2020-08-06 21:48:05",888
"2020-08-06 22:47:41",888
"2020-08-06 23:48:32",888
"2020-08-07 00:48:03",888
"2020-08-07 01:48:22",888
"2020-08-07 02:48:05",888
"2020-08-07 03:47:59",888
"2020-08-07 04:48:25",888
"2020-08-07 05:48:19",888
"2020-08-07 06:47:37",888
"2020-08-07 07:48:17",888
"2020-08-07 08:47:58",888
"2020-08-07 09:47:59",888
"2020-08-07 10:48:01",888
"2020-08-07 11:47:36",888
"2020-08-07 12:47:37",888
"2020-08-07 13:48:01",888
"2020-08-07 14:47:35",890
"2020-08-07 15:48:24",890
"2020-08-07 16:47:59",890
"2020-08-07 17:47:58",890
"2020-08-07 18:48:01",887
"2020-08-07 19:47:38",887
"2020-08-07 20:48:05",887
"2020-08-07 21:47:58",886
"2020-08-07 22:47:58",886
"2020-08-07 23:48:00",886
"2020-08-08 00:47:39",886
"2020-08-08 01:48:21",886
"2020-08-08 02:47:52",886
"2020-08-08 03:47:34",886
"2020-08-08 04:47:36",886
"2020-08-08 05:47:46",886
"2020-08-08 06:48:03",886
"2020-08-08 07:48:04",886
"2020-08-08 08:48:25",886
"2020-08-08 09:48:04",886
"2020-08-08 10:48:09",886
"2020-08-08 11:48:08",886
"2020-08-08 12:47:49",886
"2020-08-08 13:48:05",886
"2020-08-08 14:48:00",886
"2020-08-08 15:47:59",886
"2020-08-08 16:48:01",886
"2020-08-08 17:47:38",886
"2020-08-08 18:47:37",886
"2020-08-08 19:48:00",886
"2020-08-08 20:48:20",886
"2020-08-08 21:48:05",886
"2020-08-08 22:48:02",886
"2020-08-08 23:48:12",886
"2020-08-09 00:48:31",886
"2020-08-09 01:48:10",886
"2020-08-09 02:48:27",886
"2020-08-09 03:48:26",886
"2020-08-09 04:48:05",886
"2020-08-09 05:48:28",886
"2020-08-09 06:48:22",886
"2020-08-09 07:48:06",886
"2020-08-09 08:47:41",886
"2020-08-09 09:48:15",886
"2020-08-09 10:47:47",886
"2020-08-09 11:47:41",886
"2020-08-09 12:48:13",886
"2020-08-09 13:48:29",886
"2020-08-09 14:48:08",886
"2020-08-09 15:48:01",886
"2020-08-09 16:48:25",886
"2020-08-09 17:48:03",886
"2020-08-09 18:48:04",886
"2020-08-09 19:48:25",886
"2020-08-09 20:48:06",886
"2020-08-09 21:48:01",886
"2020-08-09 22:48:03",886
"2020-08-09 23:48:06",886
"2020-08-10 00:48:25",886
"2020-08-10 01:48:04",886
"2020-08-10 02:48:28",886
"2020-08-10 03:48:03",886
"2020-08-10 04:47:40",886
"2020-08-10 05:48:04",886
"2020-08-10 06:47:33",886
"2020-08-10 07:47:36",886
"2020-08-10 08:48:08",886
"2020-08-10 09:48:07",886
"2020-08-10 10:48:04",886
"2020-08-10 11:48:05",886
"2020-08-10 12:47:36",886
"2020-08-10 13:48:12",885
"2020-08-10 14:48:03",896
"2020-08-10 15:48:27",894
"2020-08-10 16:48:01",894
"2020-08-10 17:48:23",891
"2020-08-10 18:48:03",894
"2020-08-10 19:48:20",895
"2020-08-10 20:47:57",896
"2020-08-10 21:48:24",896
"2020-08-10 22:47:46",896
