timestamp,users_holding
"2020-06-19 13:06:10",0
"2020-06-19 13:40:09",0
"2020-06-19 14:40:08",0
"2020-06-19 15:40:10",0
"2020-06-19 16:40:09",0
"2020-06-19 17:40:10",0
"2020-06-19 18:40:07",0
"2020-06-19 19:40:08",0
"2020-06-19 20:40:08",0
"2020-06-19 21:40:07",0
"2020-06-19 22:40:09",0
"2020-06-19 23:40:08",0
"2020-06-20 00:40:07",0
"2020-06-20 01:40:09",0
"2020-06-20 02:40:07",0
"2020-06-20 03:40:08",0
"2020-06-20 04:40:06",0
"2020-06-20 05:40:07",0
"2020-06-20 06:40:09",0
"2020-06-20 07:40:08",0
"2020-06-20 08:40:10",0
"2020-06-20 09:40:08",0
"2020-06-20 10:40:07",0
"2020-06-20 11:40:08",0
"2020-06-20 12:40:09",0
"2020-06-20 13:40:08",0
"2020-06-20 14:40:11",0
"2020-06-20 15:40:08",0
"2020-06-20 16:40:08",0
"2020-06-20 17:40:07",0
"2020-06-20 18:40:10",0
"2020-06-20 19:40:09",0
"2020-06-20 20:40:08",0
"2020-06-20 21:40:08",0
"2020-06-20 22:40:08",0
"2020-06-20 23:40:08",0
"2020-06-21 00:40:09",0
"2020-06-21 01:40:12",0
"2020-06-21 02:40:08",0
"2020-06-21 03:40:10",0
"2020-06-21 04:40:09",0
"2020-06-21 05:40:09",0
"2020-06-21 06:40:10",0
"2020-06-21 07:40:09",0
"2020-06-21 08:40:07",0
"2020-06-21 09:40:10",0
"2020-06-21 10:40:07",0
"2020-06-21 11:40:09",0
"2020-06-21 12:40:09",0
"2020-06-21 13:40:10",0
"2020-06-21 14:40:11",0
"2020-06-21 15:40:10",0
"2020-06-21 16:40:08",0
"2020-06-21 17:40:09",0
"2020-06-21 18:40:10",0
"2020-06-21 19:40:11",0
"2020-06-21 20:40:08",0
"2020-06-21 21:40:08",0
"2020-06-21 22:40:09",0
"2020-06-21 23:40:12",0
"2020-06-22 00:40:10",0
"2020-06-22 01:40:10",0
"2020-06-22 02:40:10",0
"2020-06-22 03:40:10",0
"2020-06-22 04:40:09",0
"2020-06-22 05:40:09",0
"2020-06-22 06:40:08",0
"2020-06-22 07:40:08",0
"2020-06-22 08:40:10",0
"2020-06-22 09:40:10",0
"2020-06-22 10:40:12",0
"2020-06-22 11:40:07",0
"2020-06-22 12:40:09",0
"2020-06-22 13:40:10",0
"2020-06-22 14:40:11",0
"2020-06-22 15:40:08",0
"2020-06-22 16:40:10",0
"2020-06-22 17:40:09",0
"2020-06-22 18:40:11",0
"2020-06-22 19:40:13",0
"2020-06-22 20:40:08",0
"2020-06-22 21:40:09",0
"2020-06-22 22:40:07",0
"2020-06-22 23:40:08",0
"2020-06-23 00:40:08",0
"2020-06-23 01:40:11",0
"2020-06-23 02:40:12",0
"2020-06-23 03:40:10",0
"2020-06-23 04:40:09",0
"2020-06-23 05:40:14",0
"2020-06-23 06:40:09",0
"2020-06-23 07:40:08",0
"2020-06-23 08:40:09",0
"2020-06-23 09:40:12",0
"2020-06-23 10:40:09",0
"2020-06-23 11:40:08",0
"2020-06-23 12:40:10",0
"2020-06-23 13:40:11",0
"2020-06-23 14:40:10",1
"2020-06-23 15:40:15",1
"2020-06-23 16:40:08",1
"2020-06-23 17:40:10",1
"2020-06-23 18:40:12",1
"2020-06-23 19:40:11",1
"2020-06-23 20:40:13",1
"2020-06-23 21:40:08",1
"2020-06-23 22:40:09",1
"2020-06-23 23:40:10",1
"2020-06-24 00:40:09",1
"2020-06-24 01:40:12",1
"2020-06-24 02:40:08",1
"2020-06-24 03:40:10",1
"2020-06-24 04:40:09",1
"2020-06-24 05:40:10",1
"2020-06-24 06:40:08",1
"2020-06-24 07:40:11",1
"2020-06-24 08:40:10",1
"2020-06-24 09:40:10",1
"2020-06-24 10:40:15",1
"2020-06-24 11:40:09",1
"2020-06-24 12:40:10",1
"2020-06-24 13:40:12",1
"2020-06-24 14:40:10",1
"2020-06-24 15:40:09",1
"2020-06-24 16:40:10",1
"2020-06-24 17:40:13",1
"2020-06-24 18:40:09",1
"2020-06-24 19:40:09",1
"2020-06-24 20:40:11",1
"2020-06-24 21:40:07",1
"2020-06-24 22:40:09",1
"2020-06-24 23:40:11",1
"2020-06-25 00:40:11",1
"2020-06-25 01:40:08",1
"2020-06-25 02:40:11",1
"2020-06-25 03:40:10",1
"2020-06-25 04:40:10",1
"2020-06-25 05:40:10",1
"2020-06-25 06:40:11",1
"2020-06-25 07:40:09",1
"2020-06-25 08:40:08",1
"2020-06-25 09:40:10",1
"2020-06-25 10:40:07",1
"2020-06-25 11:40:10",1
"2020-06-25 13:05:11",1
"2020-06-25 13:40:10",1
"2020-06-25 14:40:12",1
"2020-06-25 15:40:11",1
"2020-06-25 16:40:11",1
"2020-06-25 17:40:09",1
"2020-06-25 18:40:11",1
"2020-06-25 19:40:08",1
"2020-06-25 20:40:09",1
"2020-06-25 21:40:09",1
"2020-06-25 22:40:09",1
"2020-06-25 23:40:11",1
"2020-06-26 00:40:11",1
"2020-06-26 01:40:11",1
"2020-06-26 02:40:11",1
"2020-06-26 03:40:10",1
"2020-06-26 04:40:09",1
"2020-06-26 05:40:09",1
"2020-06-26 06:40:10",1
"2020-06-26 07:40:10",1
"2020-06-26 08:40:12",1
"2020-06-26 09:40:07",1
"2020-06-26 10:40:10",1
"2020-06-26 11:40:08",1
"2020-06-26 12:40:11",1
"2020-06-26 13:40:11",1
"2020-06-26 14:40:11",1
"2020-06-26 15:40:12",1
"2020-06-26 16:40:12",1
"2020-06-26 17:40:13",1
"2020-06-26 18:40:09",1
"2020-06-26 19:40:13",1
"2020-06-26 20:40:12",1
"2020-06-26 21:40:12",1
"2020-06-26 22:40:09",1
"2020-06-26 23:40:11",1
"2020-06-27 00:40:12",1
"2020-06-27 01:40:13",1
"2020-06-27 02:40:11",1
"2020-06-27 03:40:12",1
"2020-06-27 04:40:11",1
"2020-06-27 05:40:10",1
"2020-06-27 06:40:12",1
"2020-06-27 07:40:11",1
"2020-06-27 08:40:09",1
"2020-06-27 09:40:11",1
"2020-06-27 10:40:10",1
"2020-06-27 11:40:11",1
"2020-06-27 12:40:12",1
"2020-06-27 13:40:14",1
"2020-06-27 14:40:10",1
"2020-06-27 15:40:14",1
"2020-06-27 16:40:09",1
"2020-06-27 17:40:11",1
"2020-06-27 18:40:13",1
"2020-06-27 19:40:09",1
"2020-06-27 20:40:10",1
"2020-06-27 21:40:12",1
"2020-06-27 22:40:10",1
"2020-06-27 23:40:10",1
"2020-06-28 00:40:14",1
"2020-06-28 01:40:09",1
"2020-06-28 02:40:11",1
"2020-06-28 03:40:12",1
"2020-06-28 04:40:10",1
"2020-06-28 05:40:11",1
"2020-06-28 06:40:09",1
"2020-06-28 07:40:11",1
"2020-06-28 08:40:10",1
"2020-06-28 09:40:10",1
"2020-06-28 10:40:11",1
"2020-06-28 11:40:10",1
"2020-06-28 12:40:10",1
"2020-06-28 13:40:11",1
"2020-06-28 14:40:09",1
"2020-06-28 15:40:11",1
"2020-06-28 16:40:11",1
"2020-06-28 17:40:09",1
"2020-06-28 18:40:10",1
"2020-06-28 19:40:11",1
"2020-06-28 20:40:09",1
"2020-06-28 21:40:10",1
"2020-06-28 22:40:09",1
"2020-06-28 23:40:10",1
"2020-06-29 00:40:13",1
"2020-06-29 01:40:09",1
"2020-06-29 02:40:12",1
"2020-06-29 03:40:11",1
"2020-06-29 04:40:12",1
"2020-06-29 05:40:10",1
"2020-06-29 06:40:12",1
"2020-06-29 07:40:11",1
"2020-06-29 08:40:10",1
"2020-06-29 09:40:11",1
"2020-06-29 10:40:14",1
"2020-06-29 11:40:10",1
"2020-06-29 12:40:15",1
"2020-06-29 13:40:14",1
"2020-06-29 14:40:12",1
"2020-06-29 15:40:11",1
"2020-06-29 16:40:11",1
"2020-06-29 17:40:11",1
"2020-06-29 18:40:12",1
"2020-06-29 19:40:10",1
"2020-06-29 20:40:11",1
"2020-06-29 21:40:09",1
"2020-06-29 22:40:10",1
"2020-06-29 23:40:12",1
"2020-06-30 00:40:11",1
"2020-06-30 01:40:15",1
"2020-06-30 02:40:15",1
"2020-06-30 03:40:10",1
"2020-06-30 04:40:11",1
"2020-06-30 05:40:15",1
"2020-06-30 06:40:11",1
"2020-06-30 07:40:09",1
"2020-06-30 08:40:09",1
"2020-06-30 09:40:13",1
"2020-06-30 10:40:11",1
"2020-06-30 11:40:09",1
"2020-06-30 12:40:11",1
"2020-06-30 13:40:15",1
"2020-06-30 14:40:13",1
"2020-06-30 15:40:13",1
"2020-06-30 16:40:11",1
"2020-06-30 17:40:12",1
"2020-06-30 18:40:11",1
"2020-06-30 19:40:12",1
"2020-06-30 20:40:11",1
"2020-06-30 21:40:10",1
"2020-06-30 22:40:10",1
"2020-06-30 23:40:12",1
"2020-07-01 00:40:13",1
"2020-07-01 01:40:13",1
"2020-07-01 02:40:12",1
"2020-07-01 03:40:11",1
"2020-07-01 04:40:13",1
"2020-07-01 05:40:11",1
"2020-07-01 06:40:11",1
"2020-07-01 07:40:11",1
"2020-07-01 08:40:11",1
"2020-07-01 09:40:14",1
"2020-07-01 10:40:15",1
"2020-07-01 11:40:12",1
"2020-07-01 13:04:46",1
"2020-07-01 13:40:14",1
"2020-07-01 14:40:14",1
"2020-07-01 15:40:13",1
"2020-07-01 16:40:15",1
"2020-07-01 17:40:13",1
"2020-07-01 18:40:11",1
"2020-07-01 19:40:16",1
"2020-07-01 20:40:14",1
"2020-07-01 21:40:16",1
"2020-07-01 22:40:15",1
"2020-07-01 23:40:17",1
"2020-07-02 00:40:14",1
"2020-07-02 01:40:16",1
"2020-07-02 02:40:15",1
"2020-07-02 03:40:17",1
"2020-07-02 04:40:17",1
"2020-07-02 05:40:15",1
"2020-07-02 06:40:14",1
"2020-07-02 07:40:14",1
"2020-07-02 08:40:13",1
"2020-07-02 09:40:14",1
"2020-07-02 10:40:15",1
"2020-07-02 11:40:14",1
"2020-07-02 13:07:46",1
"2020-07-02 13:40:16",1
"2020-07-02 14:40:15",1
"2020-07-02 15:40:13",1
"2020-07-02 16:40:13",1
"2020-07-02 17:40:13",1
"2020-07-02 18:40:13",1
"2020-07-02 19:40:14",1
"2020-07-02 20:40:10",1
"2020-07-02 21:40:14",1
"2020-07-02 22:40:12",1
"2020-07-02 23:40:14",1
"2020-07-03 00:40:14",1
"2020-07-03 01:40:15",1
"2020-07-03 02:40:13",1
"2020-07-03 03:40:16",1
"2020-07-03 04:40:19",1
"2020-07-03 05:40:13",1
"2020-07-03 06:40:13",1
"2020-07-03 07:40:13",1
"2020-07-03 08:40:13",1
"2020-07-03 09:40:16",1
"2020-07-03 10:40:13",1
"2020-07-03 11:40:14",1
"2020-07-03 12:40:13",1
"2020-07-03 13:40:13",1
"2020-07-03 14:40:12",1
"2020-07-03 15:40:12",1
"2020-07-03 16:40:14",1
"2020-07-03 17:40:14",1
"2020-07-03 18:40:16",1
"2020-07-03 19:40:12",1
"2020-07-03 20:40:13",1
"2020-07-03 21:40:15",1
"2020-07-03 22:40:12",1
"2020-07-03 23:40:15",1
"2020-07-04 00:40:13",1
"2020-07-04 01:40:12",1
"2020-07-04 02:40:14",1
"2020-07-04 03:40:15",1
"2020-07-04 04:40:13",1
"2020-07-04 05:40:15",1
"2020-07-04 06:40:13",1
"2020-07-04 07:40:14",1
"2020-07-04 08:40:12",1
"2020-07-04 09:40:13",1
"2020-07-04 11:34:48",1
"2020-07-04 11:42:40",1
"2020-07-04 12:40:14",1
"2020-07-04 13:40:15",1
"2020-07-04 14:40:14",1
"2020-07-04 15:40:11",1
"2020-07-04 16:40:13",1
"2020-07-04 17:40:13",1
"2020-07-04 18:40:13",1
"2020-07-04 19:40:12",1
"2020-07-04 20:40:16",1
"2020-07-04 21:40:13",1
"2020-07-04 22:40:13",1
"2020-07-04 23:40:14",1
"2020-07-05 00:40:14",1
"2020-07-05 01:40:13",1
"2020-07-05 02:40:13",1
"2020-07-05 03:40:14",1
"2020-07-05 04:40:12",1
"2020-07-05 05:40:12",1
"2020-07-05 06:40:14",1
"2020-07-05 07:40:14",1
"2020-07-05 08:40:14",1
"2020-07-05 09:40:14",1
"2020-07-05 11:31:19",1
"2020-07-05 11:44:08",1
"2020-07-05 12:40:14",1
"2020-07-05 13:40:15",1
"2020-07-05 14:40:12",1
"2020-07-05 15:40:12",1
"2020-07-05 16:40:15",1
"2020-07-05 17:40:12",1
"2020-07-05 18:40:13",1
"2020-07-05 19:40:13",1
"2020-07-05 20:40:13",1
"2020-07-05 21:40:13",1
"2020-07-05 22:40:13",1
"2020-07-05 23:40:12",1
"2020-07-06 00:40:14",1
"2020-07-06 01:40:14",1
"2020-07-06 02:40:14",1
"2020-07-06 03:40:13",1
"2020-07-06 04:40:12",1
"2020-07-06 05:40:13",1
"2020-07-06 06:40:15",1
"2020-07-06 07:40:12",1
"2020-07-06 08:40:16",1
"2020-07-06 09:40:12",1
"2020-07-06 11:37:51",1
"2020-07-06 11:48:38",1
"2020-07-06 14:06:23",1
"2020-07-06 14:14:28",1
"2020-07-06 14:40:14",1
"2020-07-06 15:40:13",1
"2020-07-06 16:40:15",1
"2020-07-06 17:40:15",1
"2020-07-06 18:40:13",1
"2020-07-06 19:40:13",1
"2020-07-06 20:40:13",1
"2020-07-06 21:40:14",1
"2020-07-06 22:40:12",1
"2020-07-06 23:40:13",1
"2020-07-07 00:40:14",1
"2020-07-07 01:40:13",1
"2020-07-07 02:40:14",1
"2020-07-07 03:40:14",1
"2020-07-07 04:40:13",1
"2020-07-07 05:40:13",1
"2020-07-07 06:40:12",1
"2020-07-07 07:40:13",1
"2020-07-07 08:40:12",1
"2020-07-07 11:20:49",1
"2020-07-07 11:20:59",1
"2020-07-07 11:40:14",1
"2020-07-07 12:40:15",1
"2020-07-07 13:40:13",1
"2020-07-07 14:40:14",1
"2020-07-07 15:40:15",1
"2020-07-07 16:40:16",1
"2020-07-07 17:40:15",1
"2020-07-07 18:40:12",1
"2020-07-07 19:40:13",1
"2020-07-07 20:40:15",1
"2020-07-07 21:40:14",1
"2020-07-07 22:40:15",1
"2020-07-07 23:40:13",1
"2020-07-08 00:40:18",1
"2020-07-08 01:40:14",1
"2020-07-08 02:40:14",1
"2020-07-08 03:40:15",1
"2020-07-08 04:40:14",1
"2020-07-08 05:40:15",1
"2020-07-08 06:40:16",1
"2020-07-08 07:40:14",1
"2020-07-08 08:40:14",1
"2020-07-08 11:46:22",1
"2020-07-08 11:46:31",1
"2020-07-08 11:49:27",1
"2020-07-08 13:08:47",1
"2020-07-08 13:40:18",1
"2020-07-08 14:40:15",1
"2020-07-08 15:40:16",1
"2020-07-08 16:40:18",1
"2020-07-08 17:40:19",1
"2020-07-08 18:40:14",1
"2020-07-08 19:40:15",1
"2020-07-08 20:40:16",1
"2020-07-08 21:40:16",1
"2020-07-08 22:40:14",1
"2020-07-08 23:40:16",1
"2020-07-09 00:40:17",1
"2020-07-09 01:40:16",1
"2020-07-09 18:40:20",0
"2020-07-09 18:40:44",0
"2020-07-09 18:56:13",0
"2020-07-09 19:41:48",0
"2020-07-09 20:40:17",0
"2020-07-09 21:40:13",0
"2020-07-09 22:40:15",0
"2020-07-09 23:40:16",0
"2020-07-10 00:40:18",0
"2020-07-10 01:40:17",0
"2020-07-10 02:40:14",0
"2020-07-10 03:40:16",0
"2020-07-10 04:40:13",0
"2020-07-10 05:40:14",0
"2020-07-10 06:40:14",0
"2020-07-10 07:40:16",0
"2020-07-10 08:40:14",0
"2020-07-10 11:40:21",0
"2020-07-10 11:40:27",0
"2020-07-10 11:46:51",0
"2020-07-10 13:08:46",0
"2020-07-10 13:40:17",0
"2020-07-10 14:40:16",0
"2020-07-10 15:40:14",0
"2020-07-10 16:40:16",0
"2020-07-10 17:40:16",0
"2020-07-10 18:40:16",0
"2020-07-10 19:40:15",0
"2020-07-10 20:40:14",0
"2020-07-10 21:40:20",0
"2020-07-10 22:40:13",0
"2020-07-10 23:40:14",0
"2020-07-11 00:40:15",0
"2020-07-11 01:40:14",0
"2020-07-11 02:40:15",0
"2020-07-11 03:40:15",0
"2020-07-11 04:40:14",0
"2020-07-11 05:40:13",0
"2020-07-11 06:40:12",0
"2020-07-11 07:40:13",0
"2020-07-11 08:40:15",0
"2020-07-11 11:45:08",0
"2020-07-11 11:48:56",0
"2020-07-11 11:52:55",0
"2020-07-11 12:40:16",0
"2020-07-11 13:40:17",0
"2020-07-11 14:40:13",0
"2020-07-11 15:40:15",0
"2020-07-11 16:40:14",0
"2020-07-11 17:40:17",0
"2020-07-11 18:40:14",0
"2020-07-11 19:40:13",0
"2020-07-11 20:40:13",0
"2020-07-11 21:40:13",0
"2020-07-11 22:40:15",0
"2020-07-11 23:40:14",0
"2020-07-12 00:40:14",0
"2020-07-12 01:40:15",0
"2020-07-12 02:40:13",0
"2020-07-12 03:40:16",0
"2020-07-12 04:40:15",0
"2020-07-12 05:40:15",0
"2020-07-12 06:40:16",0
"2020-07-12 07:40:15",0
"2020-07-12 08:40:12",0
"2020-07-12 11:30:42",0
"2020-07-12 11:31:50",0
"2020-07-12 11:50:11",0
"2020-07-12 12:40:15",0
"2020-07-12 13:40:17",0
"2020-07-12 14:40:14",0
"2020-07-12 15:40:14",0
"2020-07-12 16:40:16",0
"2020-07-12 17:40:14",0
"2020-07-12 18:40:14",0
"2020-07-12 19:40:15",0
"2020-07-12 20:40:14",0
"2020-07-12 21:40:14",0
"2020-07-12 22:40:14",0
"2020-07-12 23:40:13",0
"2020-07-13 00:40:18",0
"2020-07-13 01:40:18",0
"2020-07-13 02:40:15",0
"2020-07-13 03:40:16",0
"2020-07-13 04:40:14",0
"2020-07-13 05:40:13",0
"2020-07-13 06:40:14",0
"2020-07-13 07:40:14",0
"2020-07-13 08:40:13",0
"2020-07-13 11:53:42",0
"2020-07-13 11:53:43",0
"2020-07-13 11:53:59",0
"2020-07-13 12:40:17",0
"2020-07-13 13:40:15",0
"2020-07-13 14:40:15",0
"2020-07-13 15:40:19",0
"2020-07-13 16:40:15",0
"2020-07-13 17:40:16",0
"2020-07-13 18:40:15",0
"2020-07-13 19:40:16",0
"2020-07-13 20:40:19",0
"2020-07-13 21:40:17",0
"2020-07-13 22:40:17",0
"2020-07-13 23:40:15",0
"2020-07-14 00:40:17",0
"2020-07-14 01:40:14",0
"2020-07-14 02:40:16",0
"2020-07-14 03:40:14",0
"2020-07-14 04:40:14",0
"2020-07-14 05:40:14",0
"2020-07-14 06:40:16",0
"2020-07-14 07:40:14",0
"2020-07-14 08:40:16",0
"2020-07-14 12:03:18",0
"2020-07-14 12:03:24",0
"2020-07-14 12:05:26",0
"2020-07-14 12:40:19",0
"2020-07-14 13:40:20",0
"2020-07-14 14:40:14",0
"2020-07-14 15:40:14",0
"2020-07-14 16:40:15",0
"2020-07-14 17:40:17",0
"2020-07-14 18:40:15",0
"2020-07-14 19:40:15",0
"2020-07-14 20:40:15",0
"2020-07-14 21:40:15",0
"2020-07-14 22:40:15",0
"2020-07-14 23:40:16",0
"2020-07-15 00:40:18",0
"2020-07-15 01:40:15",0
"2020-07-15 02:27:15",0
"2020-07-15 02:35:05",0
"2020-07-15 02:42:44",0
"2020-07-15 02:50:23",0
"2020-07-15 02:58:22",0
"2020-07-15 03:12:01",0
"2020-07-15 03:19:48",0
"2020-07-15 03:27:40",0
"2020-07-15 03:35:31",0
"2020-07-15 03:43:14",0
"2020-07-15 03:50:57",0
"2020-07-15 03:58:42",0
"2020-07-15 04:06:32",0
"2020-07-15 04:14:17",0
"2020-07-15 04:22:04",0
"2020-07-15 04:29:50",0
"2020-07-15 04:37:41",0
"2020-07-15 04:45:24",0
"2020-07-15 04:53:07",0
"2020-07-15 05:01:10",0
"2020-07-15 05:01:16",0
"2020-07-15 05:07:46",0
"2020-07-15 12:15:20",0
"2020-07-15 12:23:54",0
"2020-07-15 12:31:47",0
"2020-07-15 12:39:41",0
"2020-07-15 12:47:35",0
"2020-07-15 12:55:31",0
"2020-07-15 13:03:26",0
"2020-07-15 13:11:35",0
"2020-07-15 13:19:45",0
"2020-07-15 13:27:56",0
"2020-07-15 13:35:57",0
"2020-07-15 13:43:58",0
"2020-07-15 13:51:57",0
"2020-07-15 13:59:52",0
"2020-07-15 14:07:55",0
"2020-07-15 14:08:00",0
"2020-07-15 14:14:33",0
"2020-07-15 14:32:09",0
"2020-07-15 14:42:02",0
"2020-07-15 14:51:56",0
"2020-07-15 15:01:51",0
"2020-07-15 15:12:04",0
"2020-07-15 15:21:59",0
"2020-07-15 15:31:56",0
"2020-07-15 15:41:52",0
"2020-07-15 15:52:09",0
"2020-07-15 16:02:10",0
"2020-07-15 16:12:15",0
"2020-07-15 16:22:16",0
"2020-07-15 16:32:22",0
"2020-07-15 16:42:36",0
"2020-07-15 16:52:50",0
"2020-07-15 17:02:49",0
"2020-07-15 17:10:13",0
"2020-07-15 17:18:12",0
"2020-07-15 17:25:56",0
"2020-07-15 17:33:42",0
"2020-07-15 17:41:28",0
"2020-07-15 17:49:15",0
"2020-07-15 17:57:08",0
"2020-07-15 18:05:08",0
"2020-07-15 18:13:03",0
"2020-07-15 18:20:59",0
"2020-07-15 18:28:51",0
"2020-07-15 18:36:48",0
"2020-07-15 18:44:55",0
"2020-07-15 18:52:57",0
"2020-07-15 19:00:58",0
"2020-07-15 19:01:04",0
"2020-07-15 19:07:44",0
"2020-07-15 19:24:56",0
"2020-07-15 19:34:57",0
"2020-07-15 19:44:55",0
"2020-07-15 19:54:45",0
"2020-07-15 20:04:41",0
"2020-07-15 20:14:36",0
"2020-07-15 20:24:45",0
"2020-07-15 20:34:32",0
"2020-07-15 20:44:20",0
"2020-07-15 20:54:06",0
"2020-07-15 21:03:54",0
"2020-07-15 21:13:42",0
"2020-07-15 21:23:30",0
"2020-07-15 21:33:46",0
"2020-07-15 21:43:53",0
"2020-07-15 21:53:59",0
"2020-07-15 22:04:04",0
"2020-07-15 22:13:56",0
"2020-07-15 22:23:53",0
"2020-07-15 22:33:39",0
"2020-07-15 22:43:21",0
"2020-07-15 22:53:05",0
"2020-07-15 22:56:51",0
"2020-07-15 23:00:58",0
"2020-07-15 23:22:47",0
"2020-07-15 23:32:33",0
"2020-07-15 23:42:23",0
"2020-07-15 23:52:06",0
"2020-07-16 00:02:11",0
"2020-07-16 00:12:48",0
"2020-07-16 00:23:16",0
"2020-07-16 00:33:41",0
"2020-07-16 00:43:45",0
"2020-07-16 00:53:34",0
"2020-07-16 01:03:27",0
"2020-07-16 01:13:17",0
"2020-07-16 01:23:16",0
"2020-07-16 01:33:02",0
"2020-07-16 01:42:46",0
"2020-07-16 01:52:35",0
"2020-07-16 02:02:28",0
"2020-07-16 02:12:24",0
"2020-07-16 02:22:43",0
"2020-07-16 02:32:54",0
"2020-07-16 02:42:53",0
"2020-07-16 02:53:15",0
"2020-07-16 02:54:24",0
"2020-07-16 03:13:22",0
"2020-07-16 03:23:52",0
"2020-07-16 03:33:53",0
"2020-07-16 03:43:54",0
"2020-07-16 03:53:55",0
"2020-07-16 04:04:27",0
"2020-07-16 04:14:30",0
"2020-07-16 04:24:26",0
"2020-07-16 04:34:24",0
"2020-07-16 04:44:17",0
"2020-07-16 04:54:11",0
"2020-07-16 05:04:10",0
"2020-07-16 05:14:02",0
"2020-07-16 05:23:56",0
"2020-07-16 05:33:47",0
"2020-07-16 05:46:16",0
"2020-07-16 05:57:40",0
"2020-07-16 06:07:39",0
"2020-07-16 06:15:30",0
"2020-07-16 06:23:49",0
"2020-07-16 06:33:09",0
"2020-07-16 06:42:27",0
"2020-07-16 06:51:53",0
"2020-07-16 06:51:54",0
"2020-07-16 06:52:13",0
"2020-07-16 07:23:45",0
"2020-07-16 07:34:56",0
"2020-07-16 07:39:25",0
"2020-07-16 07:48:58",0
"2020-07-16 07:55:40",0
"2020-07-16 08:06:17",0
"2020-07-16 08:16:32",0
"2020-07-16 08:25:54",0
"2020-07-16 08:35:19",0
"2020-07-16 08:44:42",0
"2020-07-16 08:53:47",0
"2020-07-16 09:03:13",0
"2020-07-16 09:13:08",0
"2020-07-16 09:23:12",0
"2020-07-16 09:33:04",0
"2020-07-16 09:42:15",0
"2020-07-16 09:51:01",0
"2020-07-16 09:59:45",0
"2020-07-16 10:08:53",0
"2020-07-16 10:08:59",0
"2020-07-16 10:16:10",0
"2020-07-16 10:34:31",0
"2020-07-16 10:44:52",0
"2020-07-16 10:55:23",0
"2020-07-16 11:06:22",0
"2020-07-16 11:17:22",0
"2020-07-16 11:27:55",0
"2020-07-16 11:38:19",0
"2020-07-16 11:49:03",0
"2020-07-16 12:00:07",0
"2020-07-16 12:12:03",0
"2020-07-16 12:23:09",0
"2020-07-16 12:34:21",0
"2020-07-16 12:45:28",0
"2020-07-16 12:56:32",0
"2020-07-16 13:08:00",0
"2020-07-16 13:19:50",0
"2020-07-16 13:31:19",0
"2020-07-16 13:43:15",0
"2020-07-16 13:54:13",0
"2020-07-16 14:05:21",0
"2020-07-16 14:16:28",0
"2020-07-16 14:27:40",0
"2020-07-16 14:32:02",0
"2020-07-16 14:36:31",0
"2020-07-16 14:59:50",0
"2020-07-16 15:11:05",0
"2020-07-16 15:22:15",0
"2020-07-16 16:54:57",0
"2020-07-16 17:03:15",0
"2020-07-16 17:11:31",0
"2020-07-16 17:19:42",0
"2020-07-16 17:27:46",0
"2020-07-16 17:36:01",0
"2020-07-16 17:44:11",0
"2020-07-16 17:52:15",0
"2020-07-16 18:00:20",0
"2020-07-16 18:08:43",0
"2020-07-16 18:16:54",0
"2020-07-16 18:25:05",0
"2020-07-16 18:33:12",0
"2020-07-16 18:41:19",0
"2020-07-16 18:49:30",0
"2020-07-16 18:49:36",0
"2020-07-16 18:56:17",0
"2020-07-16 19:14:05",0
"2020-07-16 19:24:11",0
"2020-07-16 19:34:19",0
"2020-07-16 19:44:24",0
"2020-07-16 19:54:28",0
"2020-07-16 20:04:34",0
"2020-07-16 20:14:37",0
"2020-07-16 20:24:37",0
"2020-07-16 20:34:37",0
"2020-07-16 20:44:41",0
"2020-07-16 20:54:45",0
"2020-07-16 21:04:52",0
"2020-07-16 21:14:56",0
"2020-07-16 21:25:00",0
"2020-07-16 21:35:25",0
"2020-07-16 21:45:32",0
"2020-07-16 21:55:34",0
"2020-07-16 22:05:44",0
"2020-07-16 22:15:45",0
"2020-07-16 22:25:46",0
"2020-07-16 22:35:50",0
"2020-07-16 22:45:49",0
"2020-07-16 22:49:42",0
"2020-07-16 22:53:49",0
"2020-07-16 23:15:55",0
"2020-07-16 23:25:55",0
"2020-07-16 23:35:55",0
"2020-07-16 23:45:53",0
"2020-07-16 23:55:53",0
"2020-07-17 00:06:37",0
"2020-07-17 00:17:16",0
"2020-07-17 00:27:45",0
"2020-07-17 00:38:22",0
"2020-07-17 00:48:37",0
"2020-07-17 00:58:49",0
"2020-07-17 01:09:04",0
"2020-07-17 01:19:10",0
"2020-07-17 01:29:10",0
"2020-07-17 01:39:13",0
"2020-07-17 01:49:15",0
"2020-07-17 01:59:19",0
"2020-07-17 02:09:24",0
"2020-07-17 02:19:31",0
"2020-07-17 02:29:31",0
"2020-07-17 02:39:28",0
"2020-07-17 02:49:25",0
"2020-07-17 02:50:36",0
"2020-07-17 03:09:33",0
"2020-07-17 03:19:34",0
"2020-07-17 03:29:38",0
"2020-07-17 03:39:45",0
"2020-07-17 03:49:50",0
"2020-07-17 03:59:57",0
"2020-07-17 04:10:14",0
"2020-07-17 04:20:18",0
"2020-07-17 04:30:23",0
"2020-07-17 04:40:29",0
"2020-07-17 04:50:31",0
"2020-07-17 05:00:34",0
"2020-07-17 05:10:43",0
"2020-07-17 05:20:51",0
"2020-07-17 05:30:49",0
"2020-07-17 05:40:50",0
"2020-07-17 05:50:50",0
"2020-07-17 06:00:50",0
"2020-07-17 06:09:07",0
"2020-07-17 06:17:16",0
"2020-07-17 06:25:27",0
"2020-07-17 06:33:41",0
"2020-07-17 06:41:54",0
"2020-07-17 06:41:56",0
"2020-07-17 06:42:12",0
"2020-07-17 07:06:55",0
"2020-07-17 07:15:06",0
"2020-07-17 07:23:15",0
"2020-07-17 07:31:24",0
"2020-07-17 07:39:29",0
"2020-07-17 07:47:35",0
"2020-07-17 07:55:41",0
"2020-07-17 08:03:57",0
"2020-07-17 08:12:23",0
"2020-07-17 08:20:55",0
"2020-07-17 08:29:25",0
"2020-07-17 08:38:00",0
"2020-07-17 08:46:21",0
"2020-07-17 08:54:32",0
"2020-07-17 09:02:47",0
"2020-07-17 09:10:55",0
"2020-07-17 09:19:05",0
"2020-07-17 09:27:12",0
"2020-07-17 09:35:17",0
"2020-07-17 09:43:17",0
"2020-07-17 09:51:20",0
"2020-07-17 09:59:35",0
"2020-07-17 09:59:41",0
"2020-07-17 10:01:46",0
"2020-07-17 10:23:53",0
"2020-07-17 10:33:55",0
"2020-07-17 10:43:58",0
"2020-07-17 10:54:01",0
"2020-07-17 11:04:31",0
"2020-07-17 11:14:38",0
"2020-07-17 11:24:44",0
"2020-07-17 11:34:52",0
"2020-07-17 11:44:57",0
"2020-07-17 11:55:02",0
"2020-07-17 12:05:21",0
"2020-07-17 12:15:44",0
"2020-07-17 12:26:00",0
"2020-07-17 12:36:05",0
"2020-07-17 12:46:11",0
"2020-07-17 12:56:15",0
"2020-07-17 13:06:56",0
"2020-07-17 13:17:30",0
"2020-07-17 13:25:53",0
"2020-07-17 13:34:27",0
"2020-07-17 13:42:52",0
"2020-07-17 13:50:55",0
"2020-07-17 13:59:31",0
"2020-07-17 14:08:17",0
"2020-07-17 14:16:43",0
"2020-07-17 14:25:03",0
"2020-07-17 14:33:23",0
"2020-07-17 14:41:30",0
"2020-07-17 14:49:32",0
"2020-07-17 14:57:59",0
"2020-07-17 15:06:55",0
"2020-07-17 15:15:48",0
"2020-07-17 15:24:24",0
"2020-07-17 15:32:57",0
"2020-07-17 15:41:23",0
"2020-07-17 15:49:44",0
"2020-07-17 15:55:48",0
"2020-07-17 16:04:58",0
"2020-07-17 16:12:20",0
"2020-07-17 16:21:14",0
"2020-07-17 16:29:53",0
"2020-07-17 16:38:34",0
"2020-07-17 16:47:04",0
"2020-07-17 16:55:32",0
"2020-07-17 17:00:00",0
"2020-07-17 17:08:26",0
"2020-07-17 17:16:38",0
"2020-07-17 17:25:14",0
"2020-07-17 17:33:38",0
"2020-07-17 17:42:07",0
"2020-07-17 17:50:33",0
"2020-07-17 17:59:02",0
"2020-07-17 18:07:52",0
"2020-07-17 18:16:30",0
"2020-07-17 18:24:56",0
"2020-07-17 18:33:29",0
"2020-07-17 18:41:56",0
"2020-07-17 18:50:23",0
"2020-07-17 18:58:49",0
"2020-07-17 18:58:55",0
"2020-07-17 19:01:52",0
"2020-07-17 19:11:32",0
"2020-07-17 19:19:59",0
"2020-07-17 19:28:16",0
"2020-07-17 19:36:25",0
"2020-07-17 19:40:02",0
"2020-07-17 19:48:06",0
"2020-07-17 19:56:11",0
"2020-07-17 20:04:23",0
"2020-07-17 20:12:28",0
"2020-07-17 20:20:29",0
"2020-07-17 20:28:27",0
"2020-07-17 20:36:33",0
"2020-07-17 20:44:31",0
"2020-07-17 20:52:32",0
"2020-07-17 21:00:43",0
"2020-07-17 21:08:57",0
"2020-07-17 21:16:57",0
"2020-07-17 21:24:54",0
"2020-07-17 21:32:50",0
"2020-07-17 21:32:56",0
"2020-07-17 21:39:29",0
"2020-07-17 21:57:11",0
"2020-07-17 22:07:31",0
"2020-07-17 22:17:45",0
"2020-07-17 22:27:50",0
"2020-07-17 22:38:04",0
"2020-07-17 22:48:29",0
"2020-07-17 22:59:02",0
"2020-07-17 23:09:49",0
"2020-07-17 23:20:02",0
"2020-07-17 23:30:06",0
"2020-07-17 23:40:11",0
"2020-07-17 23:50:13",0
"2020-07-18 00:00:38",0
"2020-07-18 00:13:00",0
"2020-07-18 00:23:49",0
"2020-07-18 00:34:18",0
"2020-07-18 00:44:57",0
"2020-07-18 00:55:20",0
"2020-07-18 01:05:33",0
"2020-07-18 01:15:41",0
"2020-07-18 01:25:51",0
"2020-07-18 01:35:56",0
"2020-07-18 01:39:52",0
"2020-07-18 01:44:00",0
"2020-07-18 02:06:08",0
"2020-07-18 02:16:14",0
"2020-07-18 02:26:14",0
"2020-07-18 02:36:12",0
"2020-07-18 02:46:11",0
"2020-07-18 02:56:11",0
"2020-07-18 03:06:24",0
"2020-07-18 03:16:35",0
"2020-07-18 03:26:43",0
"2020-07-18 03:36:48",0
"2020-07-18 03:46:58",0
"2020-07-18 03:57:11",0
"2020-07-18 04:07:42",0
"2020-07-18 04:18:19",0
"2020-07-18 04:28:39",0
"2020-07-18 04:38:45",0
"2020-07-18 04:48:48",0
"2020-07-18 04:58:52",0
"2020-07-18 05:09:37",0
"2020-07-18 05:20:01",0
"2020-07-18 05:30:16",0
"2020-07-18 05:40:14",0
"2020-07-18 05:41:24",0
"2020-07-18 06:00:21",0
"2020-07-18 06:10:41",0
"2020-07-18 08:32:44",0
"2020-07-18 08:42:53",0
"2020-07-18 08:51:00",0
"2020-07-18 08:59:03",0
"2020-07-18 09:07:09",0
"2020-07-18 09:15:08",0
"2020-07-18 09:23:07",0
"2020-07-18 09:31:10",0
"2020-07-18 09:39:11",0
"2020-07-18 09:47:11",0
"2020-07-18 09:55:12",0
"2020-07-18 10:03:16",0
"2020-07-18 10:11:20",0
"2020-07-18 10:19:20",0
"2020-07-18 10:27:21",0
"2020-07-18 10:27:27",0
"2020-07-18 10:33:59",0
"2020-07-18 10:51:19",0
"2020-07-18 11:01:20",0
"2020-07-18 11:11:22",0
"2020-07-18 11:21:20",0
"2020-07-18 11:31:18",0
"2020-07-18 11:41:18",0
"2020-07-18 11:51:14",0
"2020-07-18 12:01:15",0
"2020-07-18 12:11:28",0
"2020-07-18 12:21:35",0
"2020-07-18 12:31:35",0
"2020-07-18 12:41:38",0
"2020-07-18 12:51:38",0
"2020-07-18 13:01:51",0
"2020-07-18 13:12:07",0
"2020-07-18 13:22:15",0
"2020-07-18 13:32:17",0
"2020-07-18 13:42:12",0
"2020-07-18 13:52:09",0
"2020-07-18 14:02:06",0
"2020-07-18 14:12:04",0
"2020-07-18 14:22:01",0
"2020-07-18 14:25:54",0
"2020-07-18 14:29:59",0
"2020-07-18 14:52:01",0
"2020-07-18 15:02:03",0
"2020-07-18 15:12:11",0
"2020-07-18 15:22:14",0
"2020-07-18 15:32:13",0
"2020-07-18 15:42:11",0
"2020-07-18 15:52:10",0
"2020-07-18 16:02:09",0
"2020-07-18 16:12:12",0
"2020-07-18 16:22:11",0
"2020-07-18 16:32:13",0
"2020-07-18 16:42:14",0
"2020-07-18 16:52:11",0
"2020-07-18 17:02:11",0
"2020-07-18 17:12:18",0
"2020-07-18 17:22:20",0
"2020-07-18 17:32:18",0
"2020-07-18 17:42:16",0
"2020-07-18 17:52:13",0
"2020-07-18 18:02:11",0
"2020-07-18 18:12:15",0
"2020-07-18 18:22:13",0
"2020-07-18 18:23:22",0
"2020-07-18 18:42:06",0
"2020-07-18 18:52:03",0
"2020-07-18 19:02:05",0
"2020-07-18 19:12:32",0
"2020-07-18 19:22:31",0
"2020-07-18 19:32:48",0
"2020-07-18 19:42:47",0
"2020-07-18 22:07:15",0
"2020-07-18 22:14:47",0
"2020-07-18 22:22:20",0
"2020-07-18 22:29:53",0
"2020-07-18 22:37:26",0
"2020-07-18 22:44:58",0
"2020-07-18 22:52:31",0
"2020-07-18 23:00:05",0
"2020-07-18 23:07:39",0
"2020-07-18 23:15:13",0
"2020-07-18 23:22:46",0
"2020-07-18 23:30:18",0
"2020-07-18 23:37:55",0
"2020-07-18 23:45:36",0
"2020-07-18 23:53:18",0
"2020-07-18 23:53:24",0
"2020-07-18 23:59:42",0
"2020-07-19 00:16:15",0
"2020-07-19 00:25:50",0
"2020-07-19 00:35:25",0
"2020-07-19 00:44:59",0
"2020-07-19 00:54:35",0
"2020-07-19 01:04:10",0
"2020-07-19 01:13:45",0
"2020-07-19 01:23:21",0
"2020-07-19 01:32:57",0
"2020-07-19 01:42:32",0
"2020-07-19 01:52:08",0
"2020-07-19 02:01:43",0
"2020-07-19 02:11:18",0
"2020-07-19 02:20:52",0
"2020-07-19 02:30:25",0
"2020-07-19 02:39:59",0
"2020-07-19 02:49:32",0
"2020-07-19 02:59:05",0
"2020-07-19 03:08:40",0
"2020-07-19 03:18:14",0
"2020-07-19 03:27:50",0
"2020-07-19 03:37:24",0
"2020-07-19 03:41:04",0
"2020-07-19 03:44:57",0
"2020-07-19 04:06:08",0
"2020-07-19 04:15:41",0
"2020-07-19 04:25:14",0
"2020-07-19 04:34:48",0
"2020-07-19 04:44:21",0
"2020-07-19 04:53:55",0
"2020-07-19 05:03:28",0
"2020-07-19 05:13:00",0
"2020-07-19 05:22:34",0
"2020-07-19 05:32:06",0
"2020-07-19 05:41:38",0
"2020-07-19 05:51:10",0
"2020-07-19 06:00:42",0
"2020-07-19 06:10:15",0
"2020-07-19 06:19:53",0
"2020-07-19 06:29:28",0
"2020-07-19 06:40:36",0
"2020-07-19 06:48:14",0
"2020-07-19 06:55:48",0
"2020-07-19 07:03:24",0
"2020-07-19 07:11:01",0
"2020-07-19 07:18:36",0
"2020-07-19 07:26:10",0
"2020-07-19 07:33:44",0
"2020-07-19 07:41:19",0
"2020-07-19 07:48:54",0
"2020-07-19 07:56:28",0
"2020-07-19 08:04:02",0
"2020-07-19 08:11:35",0
"2020-07-19 08:19:09",0
"2020-07-19 08:26:42",0
"2020-07-19 08:26:48",0
"2020-07-19 08:33:00",0
"2020-07-19 08:49:23",0
"2020-07-19 08:58:57",0
"2020-07-19 09:08:34",0
"2020-07-19 09:18:09",0
"2020-07-19 09:27:44",0
"2020-07-19 09:37:22",0
"2020-07-19 09:47:04",0
"2020-07-19 09:56:47",0
"2020-07-19 10:06:31",0
"2020-07-19 10:16:06",0
"2020-07-19 10:25:40",0
"2020-07-19 10:35:16",0
"2020-07-19 10:44:53",0
"2020-07-19 10:54:31",0
"2020-07-19 11:04:07",0
"2020-07-19 11:13:41",0
"2020-07-19 11:23:16",0
"2020-07-19 11:32:51",0
"2020-07-19 11:42:28",0
"2020-07-19 11:52:03",0
"2020-07-19 12:01:38",0
"2020-07-19 12:11:14",0
"2020-07-19 12:14:56",0
"2020-07-19 12:18:50",0
"2020-07-19 12:40:02",0
"2020-07-19 12:49:42",0
"2020-07-19 12:59:17",0
"2020-07-19 13:08:52",0
"2020-07-19 13:18:29",0
"2020-07-19 13:28:07",0
"2020-07-19 13:37:42",0
"2020-07-19 13:47:17",0
"2020-07-19 13:56:52",0
"2020-07-19 14:06:27",0
"2020-07-19 14:16:01",0
"2020-07-19 14:25:35",0
"2020-07-19 14:35:10",0
"2020-07-19 14:44:45",0
"2020-07-19 14:54:20",0
"2020-07-19 15:03:56",0
"2020-07-19 15:13:32",0
"2020-07-19 15:23:08",0
"2020-07-19 15:32:44",0
"2020-07-19 15:42:19",0
"2020-07-19 15:51:54",0
"2020-07-19 16:01:29",0
"2020-07-19 16:02:36",0
"2020-07-19 16:20:45",0
"2020-07-19 16:30:19",0
"2020-07-19 16:39:55",0
"2020-07-19 16:49:35",0
"2020-07-19 16:59:12",0
"2020-07-19 17:08:50",0
"2020-07-19 17:18:26",0
"2020-07-19 17:28:00",0
"2020-07-19 17:37:35",0
"2020-07-19 17:47:09",0
"2020-07-19 17:56:43",0
"2020-07-19 18:06:18",0
"2020-07-19 18:15:53",0
"2020-07-19 18:25:27",0
"2020-07-19 18:35:03",0
"2020-07-19 18:44:38",0
"2020-07-19 18:54:13",0
"2020-07-19 19:03:49",0
"2020-07-19 19:11:24",0
"2020-07-19 19:18:58",0
"2020-07-19 19:26:33",0
"2020-07-19 19:34:09",0
"2020-07-19 19:41:49",0
"2020-07-19 19:41:50",0
"2020-07-19 19:42:06",0
"2020-07-19 20:04:33",0
"2020-07-19 20:12:08",0
"2020-07-19 20:19:44",0
"2020-07-19 20:27:19",0
"2020-07-19 20:34:54",0
"2020-07-19 20:42:31",0
"2020-07-19 20:50:05",0
"2020-07-19 20:57:41",0
"2020-07-19 21:05:17",0
"2020-07-19 21:12:52",0
"2020-07-19 21:20:25",0
"2020-07-19 21:27:59",0
"2020-07-19 21:35:34",0
"2020-07-19 21:43:08",0
"2020-07-19 21:50:43",0
"2020-07-19 21:58:19",0
"2020-07-19 22:05:55",0
"2020-07-19 22:13:32",0
"2020-07-19 22:21:05",0
"2020-07-19 22:28:40",0
"2020-07-19 22:36:15",0
"2020-07-19 22:43:49",0
"2020-07-19 22:43:55",0
"2020-07-19 22:45:51",0
"2020-07-19 23:06:35",0
"2020-07-19 23:16:09",0
"2020-07-19 23:25:43",0
"2020-07-19 23:35:17",0
"2020-07-19 23:44:50",0
"2020-07-19 23:54:25",0
"2020-07-20 00:04:00",0
"2020-07-20 00:13:36",0
"2020-07-20 00:23:12",0
"2020-07-20 00:32:48",0
"2020-07-20 00:42:23",0
"2020-07-20 00:51:59",0
"2020-07-20 01:01:32",0
"2020-07-20 01:11:07",0
"2020-07-20 01:20:43",0
"2020-07-20 01:30:18",0
"2020-07-20 01:39:54",0
"2020-07-20 01:49:30",0
"2020-07-20 01:57:07",0
"2020-07-20 02:04:45",0
"2020-07-20 02:12:22",0
"2020-07-20 02:19:57",0
"2020-07-20 02:27:33",0
"2020-07-20 02:35:09",0
"2020-07-20 02:42:45",0
"2020-07-20 02:50:22",0
"2020-07-20 02:57:56",0
"2020-07-20 03:05:32",0
"2020-07-20 03:13:08",0
"2020-07-20 03:20:44",0
"2020-07-20 03:28:20",0
"2020-07-20 03:35:57",0
"2020-07-20 03:43:33",0
"2020-07-20 03:51:08",0
"2020-07-20 03:58:43",0
"2020-07-20 04:06:19",0
"2020-07-20 04:11:46",0
"2020-07-20 04:19:21",0
"2020-07-20 04:25:45",0
"2020-07-20 04:33:22",0
"2020-07-20 04:40:58",0
"2020-07-20 04:48:38",0
"2020-07-20 04:56:18",0
"2020-07-20 05:04:08",0
"2020-07-20 05:11:52",0
"2020-07-20 05:19:38",0
"2020-07-20 05:27:22",0
"2020-07-20 05:35:07",0
"2020-07-20 05:42:52",0
"2020-07-20 05:50:37",0
"2020-07-20 05:58:21",0
"2020-07-20 06:06:07",0
"2020-07-20 06:13:51",0
"2020-07-20 06:21:36",0
"2020-07-20 06:29:21",0
"2020-07-20 06:37:05",0
"2020-07-20 06:44:49",0
"2020-07-20 06:52:33",0
"2020-07-20 07:00:17",0
"2020-07-20 07:08:01",0
"2020-07-20 07:15:43",0
"2020-07-20 07:23:26",0
"2020-07-20 07:31:09",0
"2020-07-20 07:38:52",0
"2020-07-20 07:46:36",0
"2020-07-20 07:54:19",0
"2020-07-20 08:02:04",0
"2020-07-20 08:09:47",0
"2020-07-20 08:17:30",0
"2020-07-20 08:25:12",0
"2020-07-20 08:32:54",0
"2020-07-20 08:40:37",0
"2020-07-20 08:48:20",0
"2020-07-20 08:56:03",0
"2020-07-20 09:03:50",0
"2020-07-20 09:11:34",0
"2020-07-20 09:19:17",0
"2020-07-20 09:27:00",0
"2020-07-20 09:34:44",0
"2020-07-20 09:42:27",0
"2020-07-20 09:50:11",0
"2020-07-20 09:57:54",0
"2020-07-20 10:05:40",0
"2020-07-20 10:13:25",0
"2020-07-20 10:21:08",0
"2020-07-20 10:28:51",0
"2020-07-20 10:36:37",0
"2020-07-20 10:44:23",0
"2020-07-20 10:52:07",0
"2020-07-20 10:59:51",0
"2020-07-20 11:07:38",0
"2020-07-20 11:15:24",0
"2020-07-20 11:23:06",0
"2020-07-20 11:30:50",0
"2020-07-20 11:38:33",0
"2020-07-20 11:46:16",0
"2020-07-20 11:53:59",0
"2020-07-20 12:01:44",0
"2020-07-20 12:09:29",0
"2020-07-20 12:17:14",0
"2020-07-20 12:24:59",0
"2020-07-20 12:32:44",0
"2020-07-20 12:40:29",0
"2020-07-20 12:48:11",0
"2020-07-20 12:55:54",0
"2020-07-20 13:03:40",0
"2020-07-20 13:11:27",0
"2020-07-20 13:19:11",0
"2020-07-20 13:26:59",0
"2020-07-20 13:34:45",0
"2020-07-20 13:42:33",0
"2020-07-20 13:50:18",0
"2020-07-20 13:58:03",0
"2020-07-20 14:05:47",0
"2020-07-20 14:13:32",0
"2020-07-20 14:21:18",0
"2020-07-20 14:40:13",0
"2020-07-20 15:40:13",0
"2020-07-20 16:40:14",0
"2020-07-20 17:40:12",0
"2020-07-20 18:40:15",0
"2020-07-20 19:40:15",0
"2020-07-20 20:40:14",0
"2020-07-20 21:40:14",0
"2020-07-20 22:40:15",0
"2020-07-20 23:40:12",0
"2020-07-21 00:40:12",0
"2020-07-21 01:40:15",0
"2020-07-21 02:40:15",0
"2020-07-21 03:40:16",0
"2020-07-21 04:40:16",0
"2020-07-21 05:40:14",0
"2020-07-21 06:40:16",0
"2020-07-21 07:40:13",0
"2020-07-21 08:40:14",0
"2020-07-21 09:40:15",0
"2020-07-21 10:40:12",0
"2020-07-21 11:40:13",0
"2020-07-21 12:40:14",0
"2020-07-21 13:40:14",0
"2020-07-21 14:40:13",0
"2020-07-21 15:40:13",0
"2020-07-21 16:40:18",0
"2020-07-21 17:40:15",0
"2020-07-21 18:40:14",0
"2020-07-21 19:40:13",0
"2020-07-21 20:40:15",0
"2020-07-21 21:40:13",0
"2020-07-21 22:40:13",0
"2020-07-21 23:40:14",0
"2020-07-22 00:40:14",0
"2020-07-22 01:40:12",0
"2020-07-22 02:40:13",0
"2020-07-22 03:40:15",0
"2020-07-22 04:40:13",0
"2020-07-22 05:40:13",0
"2020-07-22 06:40:13",0
"2020-07-22 07:40:13",0
"2020-07-22 08:40:12",0
"2020-07-22 09:40:12",0
"2020-07-22 10:40:12",0
"2020-07-22 11:40:11",0
"2020-07-22 12:40:12",0
"2020-07-22 13:40:16",0
"2020-07-22 14:40:12",0
"2020-07-22 15:40:14",1
"2020-07-22 16:40:15",1
"2020-07-22 17:40:12",1
"2020-07-22 18:40:12",1
"2020-07-22 19:40:12",1
"2020-07-22 20:40:14",1
"2020-07-22 21:40:12",1
"2020-07-22 22:40:14",1
"2020-07-22 23:40:12",1
"2020-07-23 00:40:12",1
"2020-07-23 01:40:15",1
"2020-07-23 02:40:13",1
"2020-07-23 03:40:13",1
"2020-07-23 04:40:13",1
"2020-07-23 05:40:13",1
"2020-07-23 06:40:11",1
"2020-07-23 07:40:15",1
"2020-07-23 08:40:12",1
"2020-07-23 09:40:14",1
"2020-07-23 10:40:13",1
"2020-07-23 11:40:13",1
"2020-07-23 13:06:18",1
"2020-07-23 13:40:15",1
"2020-07-23 14:40:14",1
"2020-07-23 15:40:16",1
"2020-07-23 16:40:15",1
"2020-07-23 17:40:14",1
"2020-07-23 18:40:15",1
"2020-07-23 19:40:14",1
"2020-07-23 20:40:14",1
"2020-07-23 21:40:15",1
"2020-07-23 22:40:15",1
"2020-07-23 23:40:14",1
"2020-07-24 00:40:16",1
"2020-07-24 01:40:15",1
"2020-07-24 02:40:14",1
"2020-07-24 03:40:17",1
"2020-07-24 04:40:13",1
"2020-07-24 05:40:16",1
"2020-07-24 06:40:13",1
"2020-07-24 07:40:15",1
"2020-07-24 08:40:15",1
"2020-07-24 09:40:17",1
"2020-07-24 10:40:15",1
"2020-07-24 11:40:15",1
"2020-07-24 12:40:14",1
"2020-07-24 13:40:15",1
"2020-07-24 14:40:14",1
"2020-07-24 15:40:16",1
"2020-07-24 16:40:14",1
"2020-07-24 17:40:13",1
"2020-07-24 18:40:15",1
"2020-07-24 19:40:13",1
"2020-07-24 20:40:17",0
"2020-07-24 21:40:13",0
"2020-07-24 22:40:14",0
"2020-07-24 23:40:16",0
"2020-07-25 00:40:16",0
"2020-07-25 01:40:15",0
"2020-07-25 02:40:14",0
"2020-07-25 03:40:17",0
"2020-07-25 04:40:14",0
"2020-07-25 05:40:15",0
"2020-07-25 06:40:13",0
"2020-07-25 07:40:16",0
"2020-07-25 08:40:15",0
"2020-07-25 09:40:14",0
"2020-07-25 10:40:14",0
"2020-07-25 11:40:15",0
"2020-07-25 12:40:16",0
"2020-07-25 13:40:15",0
"2020-07-25 14:40:13",0
"2020-07-25 15:40:15",0
"2020-07-25 16:40:14",0
"2020-07-25 17:40:14",0
"2020-07-25 18:40:15",0
"2020-07-25 19:40:16",0
"2020-07-25 20:40:15",0
"2020-07-25 21:40:14",0
"2020-07-25 22:40:14",0
"2020-07-25 23:40:14",0
"2020-07-26 00:40:14",0
"2020-07-26 01:40:14",0
"2020-07-26 02:40:15",0
"2020-07-26 03:40:14",0
"2020-07-26 04:40:15",0
"2020-07-26 05:40:15",0
"2020-07-26 06:40:15",0
"2020-07-26 07:40:14",0
"2020-07-26 08:40:14",0
"2020-07-26 09:40:15",0
"2020-07-26 10:40:15",0
"2020-07-26 11:40:15",0
"2020-07-26 12:40:16",0
"2020-07-26 13:40:16",0
"2020-07-26 14:40:15",0
"2020-07-26 15:40:14",0
"2020-07-26 16:40:15",0
"2020-07-26 17:40:14",0
"2020-07-26 18:40:15",0
"2020-07-26 19:40:15",0
"2020-07-26 20:40:14",0
"2020-07-26 21:40:15",0
"2020-07-26 22:40:14",0
"2020-07-26 23:40:14",0
"2020-07-27 00:40:15",0
"2020-07-27 01:40:14",0
"2020-07-27 02:40:16",0
"2020-07-27 03:40:16",0
"2020-07-27 04:40:15",0
"2020-07-27 05:40:17",0
"2020-07-27 06:40:15",0
"2020-07-27 07:40:18",0
"2020-07-27 08:40:16",0
"2020-07-27 09:40:15",0
"2020-07-27 10:40:14",0
"2020-07-27 11:40:15",0
"2020-07-27 12:40:16",0
"2020-07-27 13:40:15",0
"2020-07-27 14:40:18",0
"2020-07-27 15:40:18",0
"2020-07-27 16:40:19",0
"2020-07-27 17:40:17",0
"2020-07-27 18:40:17",0
"2020-07-27 19:40:14",0
"2020-07-27 20:40:18",0
"2020-07-27 21:40:15",0
"2020-07-27 22:40:15",0
"2020-07-27 23:40:16",0
"2020-07-28 00:40:19",0
"2020-07-28 01:40:15",0
"2020-07-28 02:40:18",0
"2020-07-28 03:40:20",0
"2020-07-28 04:40:18",0
"2020-07-28 07:02:35",0
"2020-07-28 07:03:55",0
"2020-07-28 07:40:14",0
"2020-07-28 08:40:14",0
"2020-07-28 09:40:16",0
"2020-07-28 10:40:14",0
"2020-07-28 11:40:14",0
"2020-07-28 13:09:49",0
"2020-07-28 13:40:15",0
"2020-07-28 14:40:14",0
"2020-07-28 15:40:15",0
"2020-07-28 16:40:16",0
"2020-07-28 17:40:14",0
"2020-07-28 18:40:14",1
"2020-07-28 19:40:16",1
"2020-07-28 20:40:15",1
"2020-07-28 21:40:14",1
"2020-07-28 22:40:17",1
"2020-07-28 23:40:15",1
"2020-07-29 00:40:14",1
"2020-07-29 01:40:17",1
"2020-07-29 02:40:15",1
"2020-07-29 03:40:14",1
"2020-07-29 04:40:16",1
"2020-07-29 05:40:17",1
"2020-07-29 06:40:14",1
"2020-07-29 07:40:16",1
"2020-07-29 08:40:15",1
"2020-07-29 09:40:16",1
"2020-07-29 10:40:19",1
"2020-07-29 11:40:16",1
"2020-07-29 13:12:21",1
"2020-07-29 13:40:18",1
"2020-07-29 14:40:17",1
"2020-07-29 15:40:16",1
"2020-07-29 16:40:30",1
"2020-07-29 17:40:17",1
"2020-07-29 18:40:17",1
"2020-07-29 19:40:16",1
"2020-07-29 20:40:17",1
"2020-07-29 21:40:16",1
"2020-07-29 22:40:18",1
"2020-07-29 23:40:16",1
"2020-07-30 00:40:31",1
"2020-07-30 01:40:17",1
"2020-07-30 02:40:17",1
"2020-07-30 03:40:18",1
"2020-07-30 04:40:16",1
"2020-07-30 05:40:16",1
"2020-07-30 06:40:15",1
"2020-07-30 07:40:18",1
"2020-07-30 08:40:19",1
"2020-07-30 09:40:15",1
"2020-07-30 10:40:16",1
"2020-07-30 11:40:16",1
"2020-07-30 13:04:49",1
"2020-07-30 13:40:17",1
"2020-07-30 14:40:17",1
"2020-07-30 15:40:17",1
"2020-07-30 16:40:17",1
"2020-07-30 17:40:18",1
"2020-07-30 18:40:17",1
"2020-07-30 19:40:16",1
"2020-07-30 20:40:17",1
"2020-07-30 21:40:19",1
"2020-07-30 22:40:15",1
"2020-07-30 23:40:15",1
"2020-07-31 00:40:18",1
"2020-07-31 01:40:15",1
"2020-07-31 02:40:16",1
"2020-07-31 03:40:16",1
"2020-07-31 04:40:16",1
"2020-07-31 05:40:16",1
"2020-07-31 06:40:15",1
"2020-07-31 07:40:19",1
"2020-07-31 08:40:16",1
"2020-07-31 09:40:15",1
"2020-07-31 10:40:16",1
"2020-07-31 11:40:14",1
"2020-07-31 12:40:16",1
"2020-07-31 13:40:18",1
"2020-07-31 14:40:15",1
"2020-07-31 15:40:14",1
"2020-07-31 16:40:18",1
"2020-07-31 17:40:15",1
"2020-07-31 18:40:16",1
"2020-07-31 19:40:17",1
"2020-07-31 20:40:16",1
"2020-07-31 21:40:18",1
"2020-07-31 22:40:18",1
"2020-07-31 23:40:15",1
"2020-08-01 00:40:16",1
"2020-08-01 01:40:14",1
"2020-08-01 02:40:15",1
"2020-08-01 03:40:17",1
"2020-08-01 04:40:15",1
"2020-08-01 05:40:16",1
"2020-08-01 06:40:15",1
"2020-08-01 07:40:17",1
"2020-08-01 08:40:17",1
"2020-08-01 09:40:15",1
"2020-08-01 10:40:15",1
"2020-08-01 11:40:14",1
"2020-08-01 12:40:16",1
"2020-08-01 13:40:16",1
"2020-08-01 14:40:15",1
"2020-08-01 15:40:15",1
"2020-08-01 16:40:17",1
"2020-08-01 17:40:16",1
"2020-08-01 18:40:15",1
"2020-08-01 19:40:15",1
"2020-08-01 20:40:14",1
"2020-08-01 21:40:15",1
"2020-08-01 22:40:15",1
"2020-08-01 23:40:16",1
"2020-08-02 00:40:16",1
"2020-08-02 01:40:15",1
"2020-08-02 02:40:14",1
"2020-08-02 03:40:17",1
"2020-08-02 04:40:15",1
"2020-08-02 05:40:18",1
"2020-08-02 06:40:15",1
"2020-08-02 07:40:15",1
"2020-08-02 08:40:15",1
"2020-08-02 09:40:16",1
"2020-08-02 10:40:15",1
"2020-08-02 11:40:15",1
"2020-08-02 12:40:16",1
"2020-08-02 13:40:16",1
"2020-08-02 14:40:15",1
"2020-08-02 15:40:16",1
"2020-08-02 16:40:15",1
"2020-08-02 17:40:17",1
"2020-08-02 18:40:16",1
"2020-08-02 19:40:16",1
"2020-08-02 20:40:15",1
"2020-08-02 21:40:16",1
"2020-08-02 22:40:16",1
"2020-08-02 23:40:17",1
"2020-08-03 00:40:15",1
"2020-08-03 01:40:17",1
"2020-08-03 02:40:14",1
"2020-08-03 03:40:17",1
"2020-08-03 04:40:15",1
"2020-08-03 05:40:18",1
"2020-08-03 06:40:15",1
"2020-08-03 07:40:17",1
"2020-08-03 08:40:17",1
"2020-08-03 09:40:17",1
"2020-08-03 10:40:14",1
"2020-08-03 11:40:15",1
"2020-08-03 12:40:15",1
"2020-08-03 13:40:18",1
"2020-08-03 14:40:16",1
"2020-08-03 15:40:17",1
"2020-08-03 16:40:15",1
"2020-08-03 17:40:16",1
"2020-08-03 18:40:15",1
"2020-08-03 19:40:16",1
"2020-08-03 20:40:16",1
"2020-08-03 21:40:16",1
"2020-08-03 22:40:15",1
"2020-08-03 23:40:19",1
"2020-08-04 00:40:18",1
"2020-08-04 01:40:18",1
"2020-08-04 02:40:16",1
"2020-08-04 03:40:16",1
"2020-08-04 04:40:18",1
"2020-08-04 05:40:16",1
"2020-08-04 06:40:16",1
"2020-08-04 07:40:15",1
"2020-08-04 08:40:21",1
"2020-08-04 09:40:15",1
"2020-08-04 10:40:15",1
"2020-08-04 11:40:15",1
"2020-08-04 12:40:15",1
"2020-08-04 13:40:19",1
"2020-08-04 14:40:18",1
"2020-08-04 15:40:19",1
"2020-08-04 16:40:17",1
"2020-08-04 17:40:18",1
"2020-08-04 18:40:20",1
"2020-08-04 19:40:16",1
"2020-08-04 20:40:18",1
"2020-08-04 21:40:19",1
"2020-08-04 22:40:17",1
"2020-08-04 23:40:20",1
"2020-08-05 00:40:19",1
"2020-08-05 01:40:19",1
"2020-08-05 02:40:17",1
"2020-08-05 03:40:19",1
"2020-08-05 04:40:17",1
"2020-08-05 05:40:20",1
"2020-08-05 06:40:16",1
"2020-08-05 07:40:17",1
"2020-08-05 08:40:18",1
"2020-08-05 09:40:21",1
"2020-08-05 10:40:17",1
"2020-08-05 11:40:18",1
"2020-08-05 13:08:22",1
"2020-08-05 13:40:22",1
"2020-08-05 14:40:20",1
"2020-08-05 15:40:19",1
"2020-08-05 16:40:16",1
"2020-08-05 17:40:16",1
"2020-08-05 18:40:17",1
"2020-08-05 19:40:18",1
"2020-08-05 20:40:15",1
"2020-08-05 21:40:20",1
"2020-08-05 22:40:16",1
"2020-08-05 23:40:18",1
"2020-08-06 00:40:21",1
"2020-08-06 01:40:17",1
"2020-08-06 02:40:20",1
"2020-08-06 03:40:20",1
"2020-08-06 04:40:17",1
"2020-08-06 05:40:20",1
"2020-08-06 06:40:18",1
"2020-08-06 07:40:18",1
"2020-08-06 08:40:20",1
"2020-08-06 09:40:17",1
"2020-08-06 10:40:19",1
"2020-08-06 11:40:16",1
"2020-08-06 12:40:17",1
"2020-08-06 13:40:16",1
"2020-08-06 14:40:15",1
"2020-08-06 15:40:17",1
"2020-08-06 16:40:17",1
"2020-08-06 17:40:17",1
"2020-08-06 18:40:16",1
"2020-08-06 19:40:18",1
"2020-08-06 20:40:17",1
"2020-08-06 21:40:17",1
"2020-08-06 22:40:16",1
"2020-08-06 23:40:17",1
"2020-08-07 00:40:17",1
"2020-08-07 01:40:16",1
"2020-08-07 02:40:17",1
"2020-08-07 03:40:15",1
"2020-08-07 04:40:18",1
"2020-08-07 05:40:17",1
"2020-08-07 06:40:18",1
"2020-08-07 07:40:17",1
"2020-08-07 08:40:18",1
"2020-08-07 09:40:16",1
"2020-08-07 10:40:17",1
"2020-08-07 11:40:16",1
"2020-08-07 12:40:17",1
"2020-08-07 13:40:17",1
"2020-08-07 14:40:16",1
"2020-08-07 15:40:17",1
"2020-08-07 16:40:16",1
"2020-08-07 17:40:16",1
"2020-08-07 18:40:17",1
"2020-08-07 19:40:16",1
"2020-08-07 20:40:19",1
"2020-08-07 21:40:17",1
"2020-08-07 22:40:16",1
"2020-08-07 23:40:17",1
"2020-08-08 00:40:17",1
"2020-08-08 01:40:17",1
"2020-08-08 02:40:19",1
"2020-08-08 03:40:16",1
"2020-08-08 04:40:16",1
"2020-08-08 05:40:17",1
"2020-08-08 06:40:17",1
"2020-08-08 07:40:16",1
"2020-08-08 08:40:19",1
"2020-08-08 09:40:15",1
"2020-08-08 10:40:16",1
"2020-08-08 11:40:17",1
"2020-08-08 12:40:17",1
"2020-08-08 13:40:16",1
"2020-08-08 14:40:16",1
"2020-08-08 15:40:17",1
"2020-08-08 16:40:17",1
"2020-08-08 17:40:18",1
"2020-08-08 18:40:16",1
"2020-08-08 19:40:16",1
"2020-08-08 20:40:18",1
"2020-08-08 21:40:17",1
"2020-08-08 22:40:17",1
"2020-08-08 23:40:19",1
"2020-08-09 00:40:21",1
"2020-08-09 01:40:16",1
"2020-08-09 02:40:16",1
"2020-08-09 03:40:20",1
"2020-08-09 04:40:16",1
"2020-08-09 05:40:19",1
"2020-08-09 06:40:15",1
"2020-08-09 07:40:19",1
"2020-08-09 08:40:16",1
"2020-08-09 09:40:17",1
"2020-08-09 10:40:18",1
"2020-08-09 11:40:14",1
"2020-08-09 12:40:16",1
"2020-08-09 13:40:18",1
"2020-08-09 14:40:19",1
"2020-08-09 15:40:16",1
"2020-08-09 16:40:19",1
"2020-08-09 17:40:16",1
"2020-08-09 18:40:18",1
"2020-08-09 19:40:17",1
"2020-08-09 20:40:17",1
"2020-08-09 21:40:18",1
"2020-08-09 22:40:17",1
"2020-08-09 23:40:17",1
"2020-08-10 00:40:18",1
"2020-08-10 01:40:18",1
"2020-08-10 02:40:16",1
"2020-08-10 03:40:16",1
"2020-08-10 04:40:18",1
"2020-08-10 05:40:16",1
"2020-08-10 06:40:16",1
"2020-08-10 07:40:16",1
"2020-08-10 08:40:19",1
"2020-08-10 09:40:16",1
"2020-08-10 10:40:16",1
"2020-08-10 11:40:16",1
"2020-08-10 12:40:17",1
"2020-08-10 13:40:19",1
"2020-08-10 14:40:19",1
"2020-08-10 15:40:21",1
"2020-08-10 16:40:18",1
"2020-08-10 17:40:19",1
"2020-08-10 18:40:20",1
"2020-08-10 19:40:20",1
"2020-08-10 20:40:17",1
"2020-08-10 21:40:18",1
"2020-08-10 22:40:17",1
"2020-08-10 23:40:19",1
