timestamp,users_holding
"2018-05-02 04:50:16",482
"2018-05-02 06:34:32",482
"2018-05-02 06:36:40",482
"2018-05-03 00:31:50",421
"2018-05-03 06:30:06",421
"2018-05-03 06:45:01",421
"2018-05-03 07:03:01",421
"2018-05-03 07:30:27",421
"2018-05-03 07:38:14",421
"2018-05-03 07:39:40",421
"2018-05-03 11:16:39",421
"2018-05-03 12:17:43",421
"2018-05-03 12:24:21",421
"2018-05-03 12:26:46",421
"2018-05-03 12:31:00",421
"2018-05-03 12:31:12",421
"2018-05-03 12:31:31",421
"2018-05-03 12:40:02",421
"2018-05-03 13:40:02",421
"2018-05-03 14:40:03",421
"2018-05-03 15:40:03",413
"2018-05-03 16:40:03",410
"2018-05-03 17:40:03",409
"2018-05-03 18:40:02",406
"2018-05-03 19:40:03",402
"2018-05-03 20:40:03",395
"2018-05-03 21:40:03",395
"2018-05-03 22:40:03",395
"2018-05-03 23:40:02",395
"2018-05-04 00:40:02",395
"2018-05-04 01:40:03",395
"2018-05-04 02:40:02",395
"2018-05-04 03:40:02",395
"2018-05-04 04:40:03",395
"2018-05-04 05:40:02",395
"2018-05-04 06:40:02",395
"2018-05-04 07:40:02",395
"2018-05-04 08:40:03",395
"2018-05-04 09:40:02",395
"2018-05-04 10:40:03",395
"2018-05-04 11:40:03",395
"2018-05-04 12:40:03",395
"2018-05-04 20:50:47",372
"2018-05-04 20:56:47",372
"2018-05-04 21:02:46",372
"2018-05-04 21:08:46",372
"2018-05-04 21:14:47",372
"2018-05-04 21:20:46",372
"2018-05-04 21:26:46",372
"2018-05-04 21:40:03",372
"2018-05-04 22:40:04",373
"2018-05-04 23:40:04",373
"2018-05-05 00:40:03",373
"2018-05-05 01:40:04",373
"2018-05-05 02:40:04",373
"2018-05-05 03:40:03",373
"2018-05-05 04:40:03",373
"2018-05-05 05:40:03",373
"2018-05-05 06:40:04",373
"2018-05-05 07:40:05",373
"2018-05-05 08:40:04",373
"2018-05-05 09:40:03",373
"2018-05-05 10:40:04",373
"2018-05-05 11:40:04",373
"2018-05-05 12:40:04",373
"2018-05-05 13:40:05",373
"2018-05-05 14:40:04",373
"2018-05-05 15:40:04",373
"2018-05-05 16:40:04",373
"2018-05-05 17:40:04",373
"2018-05-05 18:40:04",373
"2018-05-05 19:40:03",373
"2018-05-05 20:40:04",373
"2018-05-05 21:40:03",373
"2018-05-05 22:40:04",373
"2018-05-05 23:40:04",373
"2018-05-06 00:40:03",373
"2018-05-06 01:40:04",373
"2018-05-06 02:40:04",373
"2018-05-06 03:40:04",373
"2018-05-06 04:40:03",373
"2018-05-06 05:40:04",373
"2018-05-06 06:40:03",373
"2018-05-06 07:40:09",373
"2018-05-06 08:40:03",373
"2018-05-06 09:40:04",373
"2018-05-06 10:40:03",373
"2018-05-06 11:40:04",373
"2018-05-06 12:40:04",373
"2018-05-06 13:40:04",373
"2018-05-06 14:40:04",373
"2018-05-06 15:40:04",373
"2018-05-06 16:40:04",373
"2018-05-06 17:40:03",373
"2018-05-06 18:40:04",373
"2018-05-06 19:40:04",373
"2018-05-06 20:40:04",373
"2018-05-06 21:40:04",373
"2018-05-06 22:40:04",373
"2018-05-06 23:40:04",373
"2018-05-07 00:40:04",373
"2018-05-07 01:40:04",373
"2018-05-07 01:53:40",373
"2018-05-07 02:40:04",373
"2018-05-07 03:40:04",373
"2018-05-07 04:40:04",373
"2018-05-07 05:40:04",373
"2018-05-07 06:40:03",373
"2018-05-07 07:40:03",373
"2018-05-07 08:40:04",373
"2018-05-07 09:40:03",373
"2018-05-07 10:40:04",373
"2018-05-07 11:40:04",373
"2018-05-07 12:40:04",373
"2018-05-07 13:40:05",373
"2018-05-07 14:40:03",362
"2018-05-07 15:40:04",357
"2018-05-07 16:40:04",357
"2018-05-07 17:40:04",356
"2018-05-07 22:40:03",350
"2018-05-07 23:40:04",350
"2018-05-08 00:40:04",350
"2018-05-08 01:40:03",350
"2018-05-08 02:40:04",350
"2018-05-08 03:40:04",350
"2018-05-08 04:40:04",350
"2018-05-08 05:40:03",350
"2018-05-08 06:40:04",350
"2018-05-08 07:40:04",350
"2018-05-08 08:40:03",350
"2018-05-08 09:40:03",350
"2018-05-08 10:40:04",350
"2018-05-08 11:40:03",350
"2018-05-08 12:40:03",350
"2018-05-08 13:40:03",350
"2018-05-08 14:40:04",388
"2018-05-08 15:40:03",368
"2018-05-08 16:40:03",380
"2018-05-08 17:40:03",389
"2018-05-08 18:40:04",392
"2018-05-08 19:40:04",388
"2018-05-08 20:40:03",386
"2018-05-08 21:40:03",386
"2018-05-08 22:40:04",385
"2018-05-08 23:40:09",385
"2018-05-09 00:40:04",385
"2018-05-09 01:40:04",385
"2018-05-09 02:40:03",385
"2018-05-09 03:40:03",385
"2018-05-09 04:40:04",385
"2018-05-09 05:40:04",385
"2018-05-09 06:40:04",385
"2018-05-09 07:40:03",385
"2018-05-09 08:40:04",385
"2018-05-09 09:40:03",385
"2018-05-09 10:40:03",385
"2018-05-09 11:40:04",385
"2018-05-09 12:40:03",385
"2018-05-09 13:40:03",385
"2018-05-09 14:40:03",375
"2018-05-09 15:40:03",372
"2018-05-09 16:40:03",366
"2018-05-09 17:40:04",371
"2018-05-09 18:40:04",368
"2018-05-09 19:40:03",365
"2018-05-09 20:40:03",373
"2018-05-09 21:40:04",373
"2018-05-09 22:40:03",373
"2018-05-09 23:40:03",373
"2018-05-10 00:40:04",373
"2018-05-10 01:40:04",373
"2018-05-10 02:40:04",373
"2018-05-10 03:40:05",373
"2018-05-10 04:40:05",373
"2018-05-10 05:40:04",373
"2018-05-10 06:40:04",373
"2018-05-10 07:40:04",373
"2018-05-10 08:40:04",373
"2018-05-10 09:40:04",373
"2018-05-10 10:40:04",373
"2018-05-10 11:40:04",373
"2018-05-10 12:40:04",373
"2018-05-10 13:40:06",373
"2018-05-10 14:40:04",366
"2018-05-10 15:40:04",370
"2018-05-10 16:40:04",370
"2018-05-10 17:40:04",373
"2018-05-10 18:40:04",376
"2018-05-10 19:40:05",374
"2018-05-10 20:40:04",381
"2018-05-10 21:40:04",380
"2018-05-10 22:40:05",380
"2018-05-10 23:40:04",380
"2018-05-11 00:40:04",380
"2018-05-11 01:40:04",380
"2018-05-11 02:40:04",380
"2018-05-11 03:40:04",380
"2018-05-11 04:40:04",380
"2018-05-11 05:40:05",380
"2018-05-11 06:40:04",380
"2018-05-11 07:40:04",380
"2018-05-11 08:40:04",380
"2018-05-11 09:40:04",380
"2018-05-11 10:40:04",380
"2018-05-11 11:40:04",380
"2018-05-11 12:40:04",380
"2018-05-11 13:40:05",380
"2018-05-11 14:40:04",381
"2018-05-11 15:40:04",375
"2018-05-11 16:40:04",374
"2018-05-11 17:40:05",374
"2018-05-11 18:40:04",374
"2018-05-11 19:40:04",376
"2018-05-11 20:40:04",378
"2018-05-11 21:40:04",378
"2018-05-11 22:40:04",378
"2018-05-11 23:40:04",378
"2018-05-12 00:40:04",378
"2018-05-12 01:40:04",378
"2018-05-12 02:40:04",378
"2018-05-12 03:40:05",378
"2018-05-12 04:40:03",378
"2018-05-12 05:40:04",378
"2018-05-12 06:40:04",378
"2018-05-12 07:40:03",378
"2018-05-12 08:40:04",378
"2018-05-12 09:40:04",378
"2018-05-12 10:40:04",378
"2018-05-12 11:40:04",378
"2018-05-12 12:40:04",378
"2018-05-12 13:40:05",378
"2018-05-12 14:40:04",378
"2018-05-12 15:40:05",378
"2018-05-12 16:40:03",378
"2018-05-12 17:40:04",378
"2018-05-12 18:40:03",378
"2018-05-12 19:40:04",378
"2018-05-12 20:40:04",378
"2018-05-12 21:40:03",378
"2018-05-12 22:40:03",378
"2018-05-12 23:40:04",378
"2018-05-13 00:40:04",378
"2018-05-13 01:40:04",378
"2018-05-13 02:40:04",378
"2018-05-13 03:40:04",378
"2018-05-13 04:40:05",378
"2018-05-13 05:40:04",378
"2018-05-13 06:40:05",378
"2018-05-13 07:40:04",378
"2018-05-13 08:40:04",378
"2018-05-13 09:40:04",378
"2018-05-13 10:40:04",378
"2018-05-13 11:40:03",378
"2018-05-13 12:40:04",378
"2018-05-13 13:40:04",378
"2018-05-13 14:40:04",378
"2018-05-13 15:40:04",378
"2018-05-13 16:40:05",378
"2018-05-13 17:40:04",378
"2018-05-13 18:40:05",378
"2018-05-13 19:40:04",378
"2018-05-13 20:40:04",378
"2018-05-13 21:40:05",378
"2018-05-13 22:40:05",378
"2018-05-13 23:40:04",378
"2018-05-14 00:40:04",378
"2018-05-14 01:40:04",378
"2018-05-14 02:40:04",378
"2018-05-14 03:40:04",378
"2018-05-14 04:40:05",378
"2018-05-14 05:40:04",378
"2018-05-14 06:40:04",378
"2018-05-14 07:40:04",378
"2018-05-14 08:40:03",378
"2018-05-14 09:40:04",378
"2018-05-14 10:40:04",378
"2018-05-14 11:40:05",378
"2018-05-14 12:40:04",378
"2018-05-14 13:40:05",378
"2018-05-14 14:40:05",372
"2018-05-14 15:40:04",347
"2018-05-14 16:40:04",347
"2018-05-14 17:40:03",338
"2018-05-14 18:40:04",338
"2018-05-14 19:40:03",342
"2018-05-14 20:40:04",346
"2018-05-14 21:40:04",346
"2018-05-14 22:40:04",346
"2018-05-14 23:40:04",346
"2018-05-15 00:40:04",346
"2018-05-15 01:40:03",346
"2018-05-15 02:40:04",346
"2018-05-15 03:40:04",346
"2018-05-15 04:40:04",346
"2018-05-15 05:40:04",346
"2018-05-15 06:40:03",346
"2018-05-15 07:40:03",346
"2018-05-15 08:40:04",346
"2018-05-15 09:40:04",346
"2018-05-15 10:40:04",346
"2018-05-15 11:40:04",346
"2018-05-15 12:40:04",346
"2018-05-15 13:40:03",346
"2018-05-15 14:40:04",351
"2018-05-15 15:40:04",361
"2018-05-15 16:40:04",377
"2018-05-15 17:40:03",380
"2018-05-15 18:40:04",382
"2018-05-15 19:40:04",383
"2018-05-15 20:40:03",387
"2018-05-15 21:40:03",388
"2018-05-15 22:40:04",388
"2018-05-15 23:40:04",388
"2018-05-16 00:40:03",388
"2018-05-16 01:40:03",388
"2018-05-16 02:40:04",388
"2018-05-16 03:40:04",388
"2018-05-16 04:40:05",388
"2018-05-16 05:40:04",388
"2018-05-16 06:40:04",388
"2018-05-16 07:40:04",388
"2018-05-16 08:40:04",388
"2018-05-16 09:40:03",388
"2018-05-16 10:40:03",388
"2018-05-16 11:40:04",388
"2018-05-16 12:40:05",388
"2018-05-16 13:40:05",388
"2018-05-16 14:40:04",391
"2018-05-16 15:40:05",393
"2018-05-16 16:40:05",397
"2018-05-16 17:40:05",393
"2018-05-16 18:40:05",395
"2018-05-16 19:40:05",399
"2018-05-16 20:40:05",398
"2018-05-16 21:40:04",398
"2018-05-16 22:40:04",399
"2018-05-16 23:40:05",399
"2018-05-17 00:40:06",399
"2018-05-17 01:40:04",399
"2018-05-17 02:40:04",399
"2018-05-17 03:40:05",399
"2018-05-17 04:40:04",399
"2018-05-17 05:40:05",399
"2018-05-17 06:40:05",399
"2018-05-17 07:40:05",399
"2018-05-17 08:40:05",399
"2018-05-17 09:40:04",399
"2018-05-17 10:40:05",399
"2018-05-17 11:40:05",399
"2018-05-17 12:40:05",399
"2018-05-17 13:40:06",399
"2018-05-17 14:40:05",405
"2018-05-17 15:40:05",404
"2018-05-18 07:21:47",391
"2018-05-18 07:40:05",391
"2018-05-18 08:40:05",391
"2018-05-18 09:40:04",391
"2018-05-18 10:40:04",391
"2018-05-18 11:40:05",391
"2018-05-18 12:40:05",391
"2018-05-18 13:40:05",391
"2018-05-18 14:40:04",392
"2018-05-18 15:40:04",386
"2018-05-18 16:40:04",380
"2018-05-18 17:40:04",379
"2018-05-18 18:40:04",380
"2018-05-18 19:40:05",378
"2018-05-18 20:40:05",383
"2018-05-18 21:40:04",383
"2018-05-18 22:40:05",383
"2018-05-18 23:40:05",383
"2018-05-19 00:40:04",383
"2018-05-19 01:40:05",383
"2018-05-19 02:40:04",383
"2018-05-19 03:40:05",383
"2018-05-19 04:40:05",383
"2018-05-19 05:40:05",383
"2018-05-19 06:40:06",383
"2018-05-19 07:40:04",383
"2018-05-19 08:40:05",383
"2018-05-19 09:40:05",383
"2018-05-19 10:40:04",383
"2018-05-19 11:40:05",383
"2018-05-19 12:40:05",383
"2018-05-19 13:40:05",383
"2018-05-19 14:40:05",383
"2018-05-19 15:40:05",383
"2018-05-19 16:40:05",383
"2018-05-19 17:40:05",383
"2018-05-19 18:40:04",383
"2018-05-19 19:40:05",383
"2018-05-19 20:40:05",383
"2018-05-19 21:40:05",383
"2018-05-19 22:40:04",383
"2018-05-19 23:40:05",383
"2018-05-20 00:40:05",383
"2018-05-20 01:40:05",383
"2018-05-20 02:40:05",383
"2018-05-20 03:40:04",383
"2018-05-20 04:40:05",383
"2018-05-20 05:40:05",383
"2018-05-20 06:40:04",383
"2018-05-20 07:40:04",383
"2018-05-20 08:40:05",383
"2018-05-20 09:40:05",383
"2018-05-20 10:40:05",383
"2018-05-20 11:40:05",383
"2018-05-20 12:40:04",383
"2018-05-20 13:40:04",383
"2018-05-20 14:40:07",383
"2018-05-20 15:40:05",383
"2018-05-20 16:40:05",383
"2018-05-20 17:40:05",383
"2018-05-20 18:40:04",383
"2018-05-20 19:40:04",383
"2018-05-20 20:40:04",383
"2018-05-20 21:40:04",383
"2018-05-20 22:40:05",383
"2018-05-20 23:40:05",383
"2018-05-21 00:40:05",383
"2018-05-21 01:40:05",383
"2018-05-21 02:40:05",383
"2018-05-21 03:40:05",383
"2018-05-21 04:40:05",383
"2018-05-21 05:40:05",383
"2018-05-21 06:40:05",383
"2018-05-21 07:40:06",383
"2018-05-21 08:40:04",383
"2018-05-21 09:40:05",383
"2018-05-21 10:40:05",383
"2018-05-21 11:40:05",383
"2018-05-21 12:40:06",383
"2018-05-21 13:40:05",383
"2018-05-21 14:40:05",379
"2018-05-21 15:40:05",375
"2018-05-21 16:40:05",376
"2018-05-21 17:40:04",375
"2018-05-21 18:40:05",375
"2018-05-21 19:40:05",375
"2018-05-21 20:40:05",373
"2018-05-21 21:40:05",374
"2018-05-21 22:40:04",374
"2018-05-21 23:40:05",374
"2018-05-22 00:40:05",374
"2018-05-22 01:40:05",374
"2018-05-22 02:40:05",374
"2018-05-22 03:40:05",374
"2018-05-22 04:40:05",374
"2018-05-22 05:40:04",374
"2018-05-22 06:40:05",374
"2018-05-22 07:40:05",374
"2018-05-22 08:40:05",374
"2018-05-22 09:40:05",374
"2018-05-22 10:40:04",374
"2018-05-22 11:40:04",374
"2018-05-22 12:40:05",374
"2018-05-22 13:40:06",374
"2018-05-22 14:40:05",371
"2018-05-22 15:40:05",368
"2018-05-22 16:40:04",365
"2018-05-22 17:40:05",364
"2018-05-22 18:40:05",364
"2018-05-22 19:40:05",363
"2018-05-22 20:40:05",361
"2018-05-22 21:40:05",361
"2018-05-22 22:40:05",361
"2018-05-22 23:40:05",361
"2018-05-23 00:40:05",361
"2018-05-23 01:40:05",361
"2018-05-23 02:40:04",361
"2018-05-23 03:40:05",361
"2018-05-23 04:40:04",361
"2018-05-23 05:40:06",361
"2018-05-23 06:40:05",361
"2018-05-23 07:40:08",361
"2018-05-23 08:40:05",361
"2018-05-23 09:40:05",361
"2018-05-23 10:40:05",361
"2018-05-23 11:40:05",361
"2018-05-23 12:40:04",361
"2018-05-23 13:40:05",361
"2018-05-23 14:40:05",352
"2018-05-23 15:40:05",352
"2018-05-23 16:40:07",351
"2018-05-23 17:40:04",351
"2018-05-23 18:40:04",350
"2018-05-23 19:40:04",350
"2018-05-23 20:40:05",348
"2018-05-23 21:40:05",348
"2018-05-23 22:40:05",348
"2018-05-23 23:40:05",348
"2018-05-24 00:40:05",348
"2018-05-24 01:40:05",348
"2018-05-24 02:40:05",348
"2018-05-24 03:40:04",348
"2018-05-24 04:40:04",348
"2018-05-24 06:40:05",348
"2018-05-24 07:40:04",348
"2018-05-24 08:40:05",348
"2018-05-24 09:40:05",348
"2018-05-24 10:40:05",348
"2018-05-24 11:40:05",348
"2018-05-24 12:40:05",348
"2018-05-24 13:40:05",348
"2018-05-24 20:09:14",340
"2018-05-24 20:40:05",340
"2018-05-24 21:40:06",340
"2018-05-24 22:40:06",340
"2018-05-24 23:40:06",340
"2018-05-25 00:40:05",340
"2018-05-25 01:40:06",340
"2018-05-25 02:40:06",340
"2018-05-25 03:40:06",340
"2018-05-25 04:40:06",340
"2018-05-25 05:40:06",340
"2018-05-25 06:40:06",340
"2018-05-25 07:40:06",340
"2018-05-25 08:40:06",340
"2018-05-25 09:40:06",340
"2018-05-25 10:40:06",340
"2018-05-25 11:40:06",340
"2018-05-25 12:40:06",340
"2018-05-25 13:40:06",340
"2018-05-25 14:40:05",340
"2018-05-25 15:40:06",339
"2018-05-25 16:40:06",339
"2018-05-25 17:40:05",339
"2018-05-25 18:40:05",340
"2018-05-25 19:40:06",343
"2018-05-25 20:40:06",353
"2018-05-25 21:40:06",353
"2018-05-25 22:40:05",353
"2018-05-25 23:40:06",353
"2018-05-26 00:40:06",353
"2018-05-26 01:40:05",353
"2018-05-26 02:40:06",353
"2018-05-26 03:40:06",353
"2018-05-26 04:40:05",353
"2018-05-26 05:40:05",353
"2018-05-26 06:40:06",353
"2018-05-26 07:40:06",353
"2018-05-26 08:40:06",353
"2018-05-26 09:40:05",353
"2018-05-26 10:40:06",353
"2018-05-26 11:40:06",353
"2018-05-26 12:40:06",353
"2018-05-26 13:40:06",353
"2018-05-26 14:40:06",353
"2018-05-26 15:40:07",353
"2018-05-26 16:40:05",353
"2018-05-26 17:40:06",353
"2018-05-26 18:40:06",353
"2018-05-26 19:40:09",353
"2018-05-26 20:40:05",353
"2018-05-26 21:40:05",353
"2018-05-26 22:40:06",353
"2018-05-26 23:40:06",353
"2018-05-27 00:40:06",353
"2018-05-27 01:40:06",353
"2018-05-27 02:40:06",353
"2018-05-27 03:40:06",353
"2018-05-27 04:40:06",353
"2018-05-27 05:40:06",353
"2018-05-27 06:40:05",353
"2018-05-27 07:40:05",353
"2018-05-27 08:40:06",353
"2018-05-27 09:40:05",353
"2018-05-27 10:40:06",353
"2018-05-27 11:40:06",353
"2018-05-27 12:40:05",353
"2018-05-27 13:40:06",353
"2018-05-27 14:40:05",353
"2018-05-27 15:40:06",353
"2018-05-27 16:40:06",353
"2018-05-27 17:40:05",353
"2018-05-27 18:40:06",353
"2018-05-27 19:40:05",353
"2018-05-27 20:40:06",353
"2018-05-27 21:40:06",353
"2018-05-27 22:40:07",353
"2018-05-27 23:40:06",353
"2018-05-28 00:40:05",353
"2018-05-28 01:40:05",353
"2018-05-28 02:40:05",353
"2018-05-28 03:40:06",353
"2018-05-28 04:40:06",353
"2018-05-28 05:40:05",353
"2018-05-28 06:40:06",353
"2018-05-28 07:40:05",353
"2018-05-28 08:40:05",353
"2018-05-28 09:40:06",353
"2018-05-28 10:40:05",353
"2018-05-28 11:40:05",353
"2018-05-28 12:40:05",353
"2018-05-28 13:40:06",353
"2018-05-28 14:40:06",353
"2018-05-28 15:40:06",353
"2018-05-28 16:40:06",353
"2018-05-28 17:40:06",353
"2018-05-28 18:40:06",353
"2018-05-28 19:40:06",353
"2018-05-28 20:40:06",353
"2018-05-28 21:40:06",353
"2018-05-28 22:40:06",353
"2018-05-28 23:40:06",353
"2018-05-29 00:40:06",353
"2018-05-29 01:40:05",353
"2018-05-29 02:40:06",353
"2018-05-29 03:40:06",353
"2018-05-29 04:40:06",353
"2018-05-29 05:40:06",353
"2018-05-29 06:40:05",353
"2018-05-29 07:40:05",353
"2018-05-29 08:40:06",353
"2018-05-29 09:40:06",353
"2018-05-29 10:40:05",353
"2018-05-29 11:40:05",353
"2018-05-29 12:40:06",353
"2018-05-30 19:45:34",346
"2018-05-30 19:50:46",346
"2018-05-30 20:40:05",343
"2018-05-30 21:40:06",342
"2018-05-30 22:40:06",342
"2018-05-30 23:40:06",342
"2018-05-31 00:40:06",342
"2018-05-31 01:40:06",342
"2018-05-31 02:40:06",342
"2018-05-31 03:40:10",342
"2018-05-31 04:40:06",342
"2018-05-31 05:40:06",342
"2018-05-31 06:40:07",342
"2018-05-31 07:40:05",342
"2018-05-31 08:40:06",342
"2018-05-31 09:40:06",342
"2018-05-31 10:40:05",342
"2018-05-31 11:40:06",342
"2018-05-31 12:40:06",342
"2018-05-31 13:40:06",342
"2018-05-31 14:40:06",395
"2018-05-31 15:40:06",407
"2018-05-31 16:40:05",417
"2018-05-31 17:40:05",419
"2018-05-31 18:40:06",418
"2018-05-31 19:40:06",421
"2018-05-31 20:40:06",424
"2018-05-31 21:40:06",424
"2018-05-31 22:40:06",424
"2018-05-31 23:40:05",424
"2018-06-01 00:40:06",424
"2018-06-01 01:40:05",424
"2018-06-01 02:40:06",424
"2018-06-01 03:40:06",424
"2018-06-01 04:40:06",424
"2018-06-01 05:40:05",424
"2018-06-01 06:40:06",424
"2018-06-01 07:40:06",424
"2018-06-01 08:40:05",424
"2018-06-01 09:40:05",424
"2018-06-01 10:40:05",424
"2018-06-01 11:40:06",424
"2018-06-01 12:40:05",424
"2018-06-01 13:40:13",424
"2018-06-01 14:40:06",427
"2018-06-01 15:40:06",417
"2018-06-01 16:40:06",418
"2018-06-01 17:40:06",414
"2018-06-01 18:40:05",411
"2018-06-01 19:40:06",412
"2018-06-01 20:40:06",415
"2018-06-01 21:40:06",415
"2018-06-01 22:40:06",415
"2018-06-01 23:40:06",415
"2018-06-02 00:40:06",415
"2018-06-02 01:40:06",415
"2018-06-02 02:40:06",415
"2018-06-02 03:40:06",415
"2018-06-02 04:40:06",415
"2018-06-02 05:40:06",415
"2018-06-02 06:40:06",415
"2018-06-02 07:40:05",415
"2018-06-02 08:40:05",415
"2018-06-02 09:40:06",415
"2018-06-02 10:40:05",415
"2018-06-02 11:40:05",415
"2018-06-02 12:40:06",415
"2018-06-02 13:40:07",415
"2018-06-02 14:40:06",415
"2018-06-02 15:40:06",415
"2018-06-02 16:40:05",415
"2018-06-02 17:40:05",415
"2018-06-02 18:40:05",415
"2018-06-02 19:40:06",415
"2018-06-02 20:40:06",415
"2018-06-02 21:40:06",415
"2018-06-02 22:40:06",415
"2018-06-02 23:40:07",415
"2018-06-03 00:40:05",415
"2018-06-03 01:40:06",415
"2018-06-03 02:40:05",415
"2018-06-03 03:40:06",415
"2018-06-03 04:40:05",415
"2018-06-03 05:40:06",415
"2018-06-03 06:40:05",415
"2018-06-03 19:42:19",415
"2018-06-03 20:40:06",415
"2018-06-03 21:40:05",415
"2018-06-03 22:40:06",415
"2018-06-03 23:40:06",415
"2018-06-04 00:40:05",415
"2018-06-04 01:40:05",415
"2018-06-04 02:40:06",415
"2018-06-04 03:40:06",415
"2018-06-04 04:40:07",415
"2018-06-04 05:40:06",415
"2018-06-04 06:40:06",415
"2018-06-04 07:40:06",415
"2018-06-04 08:40:06",415
"2018-06-04 09:40:06",415
"2018-06-04 10:40:05",415
"2018-06-04 11:40:05",415
"2018-06-04 12:40:05",415
"2018-06-04 13:40:05",415
"2018-06-04 14:40:05",416
"2018-06-04 15:40:05",414
"2018-06-04 16:40:05",411
"2018-06-04 17:40:05",405
"2018-06-04 18:40:05",404
"2018-06-04 19:40:04",404
"2018-06-04 20:40:05",403
"2018-06-04 21:40:04",403
"2018-06-04 22:40:06",403
"2018-06-04 23:40:07",403
"2018-06-05 00:40:06",403
"2018-06-05 01:40:06",403
"2018-06-05 02:40:06",403
"2018-06-05 03:40:05",403
"2018-06-05 04:40:05",403
"2018-06-05 05:40:06",403
"2018-06-05 06:40:06",403
"2018-06-05 07:40:06",403
"2018-06-05 08:40:06",403
"2018-06-05 09:40:06",403
"2018-06-05 10:40:06",403
"2018-06-05 11:40:06",403
"2018-06-05 12:40:05",403
"2018-06-05 13:40:07",403
"2018-06-05 14:40:06",399
"2018-06-05 15:40:06",400
"2018-06-05 16:40:06",399
"2018-06-05 17:40:05",397
"2018-06-05 18:40:05",394
"2018-06-05 19:40:06",395
"2018-06-05 20:40:06",392
"2018-06-05 21:40:06",392
"2018-06-05 22:40:06",392
"2018-06-05 23:40:06",392
"2018-06-06 00:40:06",392
"2018-06-06 01:40:06",392
"2018-06-06 02:40:06",392
"2018-06-06 03:40:06",392
"2018-06-06 04:40:06",392
"2018-06-06 05:40:06",392
"2018-06-06 06:40:06",392
"2018-06-06 07:40:05",392
"2018-06-06 08:40:06",392
"2018-06-06 09:40:05",392
"2018-06-06 10:40:06",392
"2018-06-06 11:40:06",392
"2018-06-06 12:40:06",392
"2018-06-06 13:40:05",391
"2018-06-06 14:40:06",387
"2018-06-06 15:40:06",381
"2018-06-06 16:40:07",378
"2018-06-06 17:40:06",378
"2018-06-06 18:40:06",379
"2018-06-06 19:40:06",378
"2018-06-06 20:40:05",378
"2018-06-06 21:40:06",378
"2018-06-06 22:40:06",377
"2018-06-06 23:40:06",377
"2018-06-07 00:40:06",377
"2018-06-07 01:40:06",377
"2018-06-07 02:40:06",377
"2018-06-07 03:40:06",377
"2018-06-07 04:40:06",377
"2018-06-07 05:40:06",377
"2018-06-07 06:40:05",377
"2018-06-07 07:40:06",377
"2018-06-07 08:40:06",377
"2018-06-07 09:40:06",377
"2018-06-07 10:40:06",377
"2018-06-07 11:40:06",377
"2018-06-07 12:40:06",377
"2018-06-07 13:40:05",377
"2018-06-07 14:40:06",374
"2018-06-07 15:40:05",374
"2018-06-07 16:40:07",376
"2018-06-07 17:40:06",376
"2018-06-07 18:40:06",376
"2018-06-07 19:40:06",374
"2018-06-07 20:40:06",375
"2018-06-07 21:40:06",375
"2018-06-07 22:40:07",375
"2018-06-07 23:40:08",375
"2018-06-08 00:40:07",375
"2018-06-08 01:40:06",375
"2018-06-08 02:40:07",375
"2018-06-08 03:40:07",375
"2018-06-08 04:40:07",375
"2018-06-08 05:40:07",375
"2018-06-08 06:40:08",375
"2018-06-08 07:40:08",375
"2018-06-08 08:40:07",375
"2018-06-08 09:40:06",375
"2018-06-08 10:40:07",375
"2018-06-08 11:40:07",375
"2018-06-08 12:40:08",375
"2018-06-08 13:40:08",375
"2018-06-08 14:40:07",373
"2018-06-08 15:40:06",378
"2018-06-08 16:40:08",380
"2018-06-08 17:40:07",376
"2018-06-08 18:40:07",377
"2018-06-08 19:40:07",376
"2018-06-08 20:40:07",377
"2018-06-08 21:40:07",377
"2018-06-08 22:40:07",377
"2018-06-08 23:40:07",377
"2018-06-09 00:40:07",377
"2018-06-09 01:40:07",377
"2018-06-09 02:40:07",377
"2018-06-09 03:40:07",377
"2018-06-09 04:40:08",377
"2018-06-09 05:40:07",377
"2018-06-09 06:40:08",377
"2018-06-09 07:40:07",377
"2018-06-09 08:40:07",377
"2018-06-09 09:40:07",377
"2018-06-09 10:40:07",377
"2018-06-09 11:40:07",377
"2018-06-09 12:40:07",377
"2018-06-09 13:40:07",377
"2018-06-09 14:40:07",377
"2018-06-09 15:40:07",377
"2018-06-09 16:40:07",377
"2018-06-09 17:40:07",377
"2018-06-09 18:40:07",377
"2018-06-09 19:40:07",377
"2018-06-09 20:40:07",377
"2018-06-09 21:40:07",377
"2018-06-09 22:40:07",377
"2018-06-09 23:40:07",377
"2018-06-10 00:40:07",377
"2018-06-10 01:40:07",377
"2018-06-10 02:40:07",377
"2018-06-10 03:40:07",377
"2018-06-10 04:40:07",377
"2018-06-10 05:40:07",377
"2018-06-10 06:40:06",377
"2018-06-10 07:40:07",377
"2018-06-10 08:40:06",377
"2018-06-10 09:40:07",377
"2018-06-10 10:40:07",377
"2018-06-10 11:40:07",377
"2018-06-10 12:40:07",377
"2018-06-10 13:40:07",377
"2018-06-10 14:40:07",377
"2018-06-10 15:40:06",377
"2018-06-10 16:40:07",377
"2018-06-10 17:40:07",377
"2018-06-10 18:40:07",377
"2018-06-10 19:40:06",377
"2018-06-10 20:40:06",377
"2018-06-10 21:40:06",377
"2018-06-10 22:40:07",377
"2018-06-10 23:40:07",377
"2018-06-11 00:40:07",377
"2018-06-11 01:40:07",377
"2018-06-11 02:40:06",377
"2018-06-11 03:40:07",377
"2018-06-11 04:40:07",377
"2018-06-11 06:40:06",377
"2018-06-11 07:40:07",377
"2018-06-11 08:40:07",377
"2018-06-11 09:40:06",377
"2018-06-11 10:40:07",377
"2018-06-11 11:40:06",377
"2018-06-11 12:40:07",377
"2018-06-11 13:40:07",377
"2018-06-11 14:40:07",380
"2018-06-11 15:40:07",381
"2018-06-11 16:40:07",379
"2018-06-11 17:40:07",378
"2018-06-11 18:40:07",379
"2018-06-11 19:40:06",380
"2018-06-11 20:40:07",383
"2018-06-11 21:40:06",383
"2018-06-11 22:40:06",383
"2018-06-11 23:40:07",383
"2018-06-12 00:40:07",383
"2018-06-12 01:40:07",383
"2018-06-12 02:40:07",383
"2018-06-12 03:40:07",383
"2018-06-12 04:40:07",383
"2018-06-12 05:40:07",383
"2018-06-12 06:40:07",383
"2018-06-12 07:40:07",383
"2018-06-12 08:40:07",383
"2018-06-12 09:40:06",383
"2018-06-12 10:40:06",383
"2018-06-12 11:40:07",383
"2018-06-12 12:40:07",383
"2018-06-12 13:40:08",383
"2018-06-12 14:40:07",385
"2018-06-12 15:40:07",384
"2018-06-12 16:40:07",387
"2018-06-12 17:40:06",390
"2018-06-12 18:40:07",391
"2018-06-12 19:40:07",394
"2018-06-12 20:40:06",393
"2018-06-12 21:40:07",393
"2018-06-12 22:40:06",393
"2018-06-12 23:40:07",393
"2018-06-13 00:40:07",393
"2018-06-13 01:40:07",393
"2018-06-13 02:40:06",393
"2018-06-13 03:40:06",393
"2018-06-13 04:40:07",393
"2018-06-13 05:40:06",393
"2018-06-13 06:40:07",393
"2018-06-13 07:40:07",393
"2018-06-13 08:40:07",393
"2018-06-13 09:40:07",393
"2018-06-13 10:40:07",393
"2018-06-13 11:40:07",393
"2018-06-13 12:40:06",393
"2018-06-13 13:40:07",393
"2018-06-13 14:40:07",396
"2018-06-13 15:40:07",395
"2018-06-13 16:40:07",394
"2018-06-13 17:40:07",394
"2018-06-13 18:40:07",393
"2018-06-13 19:40:07",393
"2018-06-13 20:40:07",393
"2018-06-13 21:40:07",393
"2018-06-13 22:40:07",393
"2018-06-13 23:40:07",393
"2018-06-14 00:40:07",393
"2018-06-14 01:40:07",393
"2018-06-14 02:40:07",393
"2018-06-14 03:40:07",393
"2018-06-14 04:40:06",393
"2018-06-14 05:40:07",393
"2018-06-14 06:40:07",393
"2018-06-14 07:40:07",393
"2018-06-14 08:40:07",393
"2018-06-14 09:40:06",393
"2018-06-14 10:40:06",393
"2018-06-14 11:40:07",393
"2018-06-14 12:40:08",393
"2018-06-14 13:40:08",393
"2018-06-14 14:40:07",394
"2018-06-14 15:40:07",393
"2018-06-14 16:40:06",395
"2018-06-14 17:40:07",395
"2018-06-14 18:40:07",397
"2018-06-14 19:40:07",398
"2018-06-14 20:40:07",398
"2018-06-14 21:40:07",398
"2018-06-14 22:40:07",398
"2018-06-14 23:40:06",398
"2018-06-15 00:40:07",398
"2018-06-15 01:40:06",398
"2018-06-15 02:40:07",398
"2018-06-15 03:40:06",398
"2018-06-15 04:40:07",398
"2018-06-15 05:40:07",398
"2018-06-15 06:40:07",398
"2018-06-15 07:40:07",398
"2018-06-15 08:40:07",398
"2018-06-15 09:40:07",398
"2018-06-15 10:40:07",398
"2018-06-15 11:40:06",398
"2018-06-15 12:40:07",398
"2018-06-15 13:40:07",398
"2018-06-15 14:40:07",401
"2018-06-15 15:40:07",398
"2018-06-15 16:40:06",401
"2018-06-15 17:40:06",401
"2018-06-15 18:40:07",402
"2018-06-15 19:40:07",403
"2018-06-15 20:40:07",405
"2018-06-15 21:40:06",405
"2018-06-15 22:40:07",405
"2018-06-15 23:40:07",405
"2018-06-16 00:40:07",405
"2018-06-16 01:40:07",405
"2018-06-16 02:40:07",405
"2018-06-16 03:40:07",405
"2018-06-16 04:40:07",405
"2018-06-16 05:40:07",405
"2018-06-16 06:40:07",405
"2018-06-16 07:40:07",405
"2018-06-16 08:40:07",405
"2018-06-16 09:40:07",405
"2018-06-16 10:40:07",405
"2018-06-16 11:40:07",405
"2018-06-16 12:40:06",405
"2018-06-16 13:40:07",405
"2018-06-16 14:40:07",405
"2018-06-16 15:40:07",405
"2018-06-16 16:40:07",405
"2018-06-16 17:40:07",405
"2018-06-16 18:40:07",405
"2018-06-16 19:40:07",405
"2018-06-16 20:40:07",405
"2018-06-16 21:40:06",405
"2018-06-16 22:40:07",405
"2018-06-16 23:40:06",405
"2018-06-17 00:40:07",405
"2018-06-17 01:40:07",405
"2018-06-17 02:40:07",405
"2018-06-17 03:40:07",405
"2018-06-17 04:40:07",405
"2018-06-17 05:40:07",405
"2018-06-17 06:40:06",405
"2018-06-17 07:40:07",405
"2018-06-17 08:40:07",405
"2018-06-17 09:40:06",405
"2018-06-17 10:40:06",405
"2018-06-17 11:40:07",405
"2018-06-17 12:40:07",405
"2018-06-17 13:40:07",405
"2018-06-17 14:40:07",405
"2018-06-17 15:40:06",405
"2018-06-17 16:40:07",405
"2018-06-17 17:40:06",405
"2018-06-17 18:40:06",405
"2018-06-17 19:40:07",405
"2018-06-17 20:40:07",405
"2018-06-17 21:40:07",405
"2018-06-17 22:40:06",405
"2018-06-17 23:40:07",405
"2018-06-18 00:40:07",405
"2018-06-18 01:40:06",405
"2018-06-18 02:40:07",405
"2018-06-18 03:40:07",405
"2018-06-18 04:40:07",405
"2018-06-18 05:40:06",405
"2018-06-18 06:40:07",405
"2018-06-18 07:40:06",405
"2018-06-18 08:40:06",405
"2018-06-18 09:40:07",405
"2018-06-18 10:40:06",405
"2018-06-18 11:40:07",405
"2018-06-18 12:40:06",405
"2018-06-18 13:40:08",405
"2018-06-18 14:40:06",402
"2018-06-18 15:40:07",409
"2018-06-18 16:40:06",411
"2018-06-18 17:40:06",411
"2018-06-18 18:40:07",409
"2018-06-18 19:40:08",409
"2018-06-18 20:40:07",409
"2018-06-18 21:40:06",409
"2018-06-18 22:40:07",409
"2018-06-18 23:40:07",409
"2018-06-19 00:40:07",409
"2018-06-19 01:40:06",409
"2018-06-19 02:40:07",409
"2018-06-19 03:40:07",409
"2018-06-19 04:40:07",409
"2018-06-19 05:40:06",409
"2018-06-19 06:40:07",409
"2018-06-19 07:40:07",409
"2018-06-19 08:40:08",409
"2018-06-19 09:40:06",409
"2018-06-19 10:40:07",409
"2018-06-19 11:40:07",409
"2018-06-19 12:40:06",409
"2018-06-19 13:40:06",409
"2018-06-19 14:40:07",404
"2018-06-19 15:40:07",399
"2018-06-19 16:40:07",400
"2018-06-19 17:40:07",400
"2018-06-19 18:40:07",402
"2018-06-19 19:40:06",403
"2018-06-19 20:40:07",403
"2018-06-19 21:40:07",403
"2018-06-19 22:40:07",403
"2018-06-19 23:40:07",403
"2018-06-20 00:40:08",403
"2018-06-20 01:40:07",403
"2018-06-20 02:40:07",403
"2018-06-20 03:40:07",403
"2018-06-20 04:40:07",403
"2018-06-20 05:40:06",403
"2018-06-20 06:40:07",403
"2018-06-20 07:40:06",403
"2018-06-20 08:40:06",403
"2018-06-20 09:40:06",403
"2018-06-20 10:40:07",403
"2018-06-20 11:40:07",403
"2018-06-20 12:40:06",403
"2018-06-20 14:04:40",400
"2018-06-20 14:40:09",400
"2018-06-20 15:40:07",403
"2018-06-20 16:40:07",405
"2018-06-20 17:40:07",405
"2018-06-20 18:40:08",405
"2018-06-20 19:40:07",403
"2018-06-20 20:40:07",403
"2018-06-20 21:40:07",403
"2018-06-20 22:40:07",403
"2018-06-20 23:40:07",403
"2018-06-21 00:40:07",403
"2018-06-21 01:40:06",403
"2018-06-21 02:40:07",403
"2018-06-21 03:40:07",403
"2018-06-21 04:40:07",403
"2018-06-21 05:40:07",403
"2018-06-21 06:40:06",403
"2018-06-21 07:40:07",403
"2018-06-21 08:40:07",403
"2018-06-21 09:40:06",403
"2018-06-21 10:40:07",403
"2018-06-21 11:40:07",403
"2018-06-21 12:40:07",403
"2018-06-21 13:40:08",403
"2018-06-21 14:40:08",399
"2018-06-21 15:40:08",398
"2018-06-21 16:40:08",399
"2018-06-21 17:40:08",399
"2018-06-21 18:40:08",398
"2018-06-21 19:40:08",394
"2018-06-21 20:40:08",390
"2018-06-21 21:40:08",390
"2018-06-21 22:40:08",390
"2018-06-21 23:40:08",390
"2018-06-22 00:40:08",390
"2018-06-22 01:40:07",390
"2018-06-22 02:40:08",390
"2018-06-22 03:40:08",390
"2018-06-22 04:40:08",390
"2018-06-22 05:40:09",390
"2018-06-22 06:40:07",390
"2018-06-22 07:40:07",390
"2018-06-22 08:40:08",390
"2018-06-22 09:40:08",390
"2018-06-22 10:40:08",390
"2018-06-22 11:40:08",390
"2018-06-22 12:40:08",390
"2018-06-22 13:40:08",390
"2018-06-22 15:04:10",395
"2018-06-22 15:40:08",395
"2018-06-22 16:40:08",394
"2018-06-22 17:40:08",393
"2018-06-22 18:40:09",393
"2018-06-22 19:40:08",393
"2018-06-22 20:40:08",395
"2018-06-22 21:40:08",395
"2018-06-22 22:40:08",395
"2018-06-22 23:40:09",395
"2018-06-23 00:40:08",395
"2018-06-23 01:40:08",395
"2018-06-23 02:40:08",395
"2018-06-23 03:40:08",395
"2018-06-23 04:40:08",395
"2018-06-23 05:40:08",395
"2018-06-23 06:40:08",395
"2018-06-23 07:40:08",395
"2018-06-23 08:40:08",395
"2018-06-23 09:40:07",395
"2018-06-23 10:40:08",395
"2018-06-23 11:40:09",395
"2018-06-23 12:40:08",395
"2018-06-23 13:40:08",395
"2018-06-23 14:40:08",395
"2018-06-23 15:40:08",395
"2018-06-23 16:40:09",395
"2018-06-23 17:40:07",395
"2018-06-23 18:40:08",395
"2018-06-23 19:40:08",395
"2018-06-23 20:40:08",395
"2018-06-23 21:40:08",395
"2018-06-23 22:40:08",395
"2018-06-23 23:40:08",395
"2018-06-24 00:40:10",395
"2018-06-24 01:40:08",395
"2018-06-24 02:40:07",395
"2018-06-24 03:40:09",395
"2018-06-24 04:40:08",395
"2018-06-24 05:40:08",395
"2018-06-24 06:40:08",395
"2018-06-24 07:40:08",395
"2018-06-24 08:40:07",395
"2018-06-24 09:40:08",395
"2018-06-24 10:40:10",395
"2018-06-24 11:40:08",395
"2018-06-24 12:40:08",395
"2018-06-24 13:40:08",395
"2018-06-24 14:40:08",395
"2018-06-24 15:40:10",395
"2018-06-24 16:40:08",395
"2018-06-24 17:40:08",395
"2018-06-24 18:40:08",395
"2018-06-24 19:40:08",395
"2018-06-24 20:40:08",395
"2018-06-24 21:40:08",395
"2018-06-24 22:40:07",395
"2018-06-24 23:40:08",395
"2018-06-25 00:40:07",395
"2018-06-25 01:40:08",395
"2018-06-25 02:40:08",395
"2018-06-25 03:40:08",395
"2018-06-25 04:40:08",395
"2018-06-25 05:40:08",395
"2018-06-25 06:40:08",395
"2018-06-25 07:40:08",395
"2018-06-25 08:40:08",395
"2018-06-25 09:40:08",395
"2018-06-25 10:40:08",395
"2018-06-25 11:40:08",395
"2018-06-25 12:40:07",395
"2018-06-25 13:40:09",395
"2018-06-25 14:40:08",392
"2018-06-25 15:40:07",390
"2018-06-25 16:40:07",388
"2018-06-25 17:40:08",387
"2018-06-25 18:40:08",388
"2018-06-25 19:40:08",386
"2018-06-25 20:40:09",384
"2018-06-25 21:40:08",384
"2018-06-25 22:40:07",384
"2018-06-26 01:08:34",384
"2018-06-26 01:40:08",384
"2018-06-26 02:40:08",384
"2018-06-26 03:40:09",384
"2018-06-26 04:40:09",384
"2018-06-26 05:40:08",384
"2018-06-26 06:40:08",384
"2018-06-26 07:40:08",384
"2018-06-26 08:40:08",384
"2018-06-26 09:40:08",384
"2018-06-26 10:40:09",384
"2018-06-26 11:40:09",384
"2018-06-26 12:40:10",384
"2018-06-26 13:40:09",384
"2018-06-26 14:40:09",433
"2018-06-26 15:40:10",439
"2018-06-26 16:40:09",453
"2018-06-26 17:40:08",459
"2018-06-26 18:40:08",459
"2018-06-26 19:40:08",462
"2018-06-26 20:40:08",463
"2018-06-26 21:40:08",463
"2018-06-26 22:40:08",463
"2018-06-26 23:40:08",463
"2018-06-27 00:40:08",463
"2018-06-27 01:40:08",463
"2018-06-27 02:40:08",463
"2018-06-27 03:40:08",463
"2018-06-27 04:40:08",463
"2018-06-27 05:40:08",463
"2018-06-27 06:40:08",463
"2018-06-27 07:40:08",463
"2018-06-27 08:40:08",463
"2018-06-27 09:40:08",463
"2018-06-27 10:40:07",463
"2018-06-27 11:40:08",463
"2018-06-27 12:40:08",463
"2018-06-27 13:40:10",463
"2018-06-27 14:40:08",454
"2018-06-27 15:40:10",449
"2018-06-27 16:40:08",450
"2018-06-27 17:40:08",450
"2018-06-27 18:40:08",446
"2018-06-27 19:40:08",447
"2018-06-27 20:40:07",443
"2018-06-27 21:40:07",443
"2018-06-27 22:40:07",443
"2018-06-27 23:40:08",443
"2018-06-28 00:40:08",443
"2018-06-28 01:40:07",443
"2018-06-28 02:40:08",443
"2018-06-28 03:40:09",443
"2018-06-28 04:40:08",443
"2018-06-28 05:40:08",443
"2018-06-28 06:40:08",443
"2018-06-28 07:40:08",443
"2018-06-28 08:40:08",443
"2018-06-28 09:40:07",443
"2018-06-28 10:40:08",443
"2018-06-28 11:40:08",443
"2018-06-28 12:40:08",443
"2018-06-28 13:40:09",443
"2018-06-28 14:40:09",440
"2018-06-28 15:40:08",440
"2018-06-28 16:40:07",439
"2018-06-28 17:40:08",435
"2018-06-28 18:40:07",434
"2018-06-28 19:40:10",434
"2018-06-28 20:40:09",434
"2018-06-28 21:40:09",434
"2018-06-28 22:40:09",434
"2018-06-28 23:40:09",434
"2018-06-29 00:40:09",434
"2018-06-29 01:40:08",434
"2018-06-29 02:40:09",434
"2018-06-29 03:40:09",434
"2018-06-29 04:40:09",434
"2018-06-29 05:40:09",434
"2018-06-29 06:40:09",434
"2018-06-29 07:40:09",434
"2018-06-29 08:40:10",434
"2018-06-29 09:40:09",434
"2018-06-29 10:40:09",434
"2018-06-29 11:40:09",434
"2018-06-29 12:40:09",434
"2018-06-29 13:40:10",434
"2018-06-29 14:40:10",434
"2018-06-29 15:40:09",431
"2018-06-29 16:40:09",433
"2018-06-29 17:40:08",432
"2018-06-29 18:40:09",432
"2018-06-29 19:40:09",430
"2018-06-29 20:40:09",430
"2018-06-29 21:40:10",430
"2018-06-29 22:40:09",430
"2018-06-29 23:40:09",430
"2018-06-30 00:40:09",430
"2018-06-30 01:40:08",430
"2018-06-30 02:40:09",430
"2018-06-30 03:40:09",430
"2018-06-30 04:40:09",430
"2018-06-30 05:40:10",430
"2018-06-30 06:40:09",430
"2018-06-30 07:40:08",430
"2018-06-30 08:40:09",430
"2018-06-30 09:40:09",430
"2018-06-30 10:40:09",430
"2018-06-30 11:40:09",430
"2018-06-30 12:40:09",430
"2018-06-30 13:40:11",430
"2018-06-30 14:40:09",430
"2018-06-30 15:40:09",430
"2018-06-30 16:40:13",430
"2018-06-30 17:40:09",430
"2018-06-30 18:40:09",430
"2018-06-30 19:40:10",430
"2018-06-30 20:40:09",430
"2018-06-30 21:40:08",430
"2018-06-30 22:40:08",430
"2018-06-30 23:40:09",430
"2018-07-01 00:40:09",430
"2018-07-01 01:40:09",430
"2018-07-01 02:40:09",430
"2018-07-01 03:40:09",430
"2018-07-01 04:40:09",430
"2018-07-01 05:40:10",430
"2018-07-01 06:40:09",430
"2018-07-01 07:40:09",430
"2018-07-01 08:40:09",430
"2018-07-01 09:40:09",430
"2018-07-01 10:40:09",430
"2018-07-01 11:40:09",430
"2018-07-01 12:40:09",430
"2018-07-01 13:40:10",430
"2018-07-01 14:40:09",430
"2018-07-01 15:40:09",430
"2018-07-01 16:40:09",430
"2018-07-01 17:40:09",430
"2018-07-01 18:40:09",430
"2018-07-01 19:40:11",430
"2018-07-01 20:40:10",430
"2018-07-01 21:40:09",430
"2018-07-01 22:40:08",430
"2018-07-01 23:40:09",430
"2018-07-02 00:40:09",430
"2018-07-02 01:40:11",430
"2018-07-02 02:40:09",430
"2018-07-02 03:40:09",430
"2018-07-02 04:40:09",430
"2018-07-02 05:40:09",430
"2018-07-02 06:40:09",430
"2018-07-02 07:40:09",430
"2018-07-02 08:40:09",430
"2018-07-02 09:40:10",430
"2018-07-02 10:40:09",430
"2018-07-02 11:40:09",430
"2018-07-02 12:40:09",430
"2018-07-02 13:40:09",430
"2018-07-02 14:40:09",423
"2018-07-02 15:40:09",422
"2018-07-02 16:40:09",420
"2018-07-02 17:40:10",420
"2018-07-02 18:40:09",419
"2018-07-02 19:40:08",419
"2018-07-02 20:40:09",419
"2018-07-02 21:40:09",419
"2018-07-02 22:40:09",419
"2018-07-02 23:40:09",419
"2018-07-03 00:40:09",419
"2018-07-03 01:40:09",419
"2018-07-03 02:40:09",419
"2018-07-03 03:40:09",419
"2018-07-03 04:40:09",419
"2018-07-03 05:40:09",419
"2018-07-03 06:40:08",419
"2018-07-03 07:40:09",419
"2018-07-03 08:40:09",419
"2018-07-03 09:40:09",419
"2018-07-03 10:40:09",419
"2018-07-03 11:40:09",419
"2018-07-03 12:40:09",419
"2018-07-03 13:40:10",419
"2018-07-03 14:40:09",421
"2018-07-03 15:40:09",418
"2018-07-03 16:40:09",416
"2018-07-03 17:40:09",416
"2018-07-03 18:40:09",416
"2018-07-03 19:40:09",416
"2018-07-03 20:40:08",416
"2018-07-03 21:40:09",416
"2018-07-03 22:40:08",416
"2018-07-03 23:40:08",416
"2018-07-04 00:40:09",416
"2018-07-04 01:40:10",416
"2018-07-04 02:40:09",416
"2018-07-04 03:40:09",416
"2018-07-04 04:40:09",416
"2018-07-04 05:40:09",416
"2018-07-04 06:40:09",416
"2018-07-04 07:40:09",416
"2018-07-04 08:40:09",416
"2018-07-04 09:40:09",416
"2018-07-04 10:40:09",416
"2018-07-04 11:40:08",416
"2018-07-04 12:40:08",416
"2018-07-04 13:40:10",416
"2018-07-04 14:40:09",416
"2018-07-04 15:40:08",416
"2018-07-04 16:40:09",416
"2018-07-04 17:40:09",416
"2018-07-04 18:40:09",416
"2018-07-04 19:40:09",416
"2018-07-04 20:40:09",416
"2018-07-04 21:40:09",416
"2018-07-04 22:40:09",416
"2018-07-04 23:40:09",416
"2018-07-05 00:40:08",416
"2018-07-05 01:40:09",416
"2018-07-05 02:40:09",416
"2018-07-05 03:40:09",416
"2018-07-05 04:40:09",416
"2018-07-05 05:40:08",416
"2018-07-05 06:40:08",416
"2018-07-05 07:40:09",416
"2018-07-05 08:40:09",416
"2018-07-05 09:40:08",416
"2018-07-05 10:40:09",416
"2018-07-05 11:40:09",416
"2018-07-05 12:40:09",416
"2018-07-05 13:40:10",416
"2018-07-05 14:40:09",414
"2018-07-05 15:40:09",414
"2018-07-05 16:40:09",414
"2018-07-05 17:40:09",414
"2018-07-05 18:40:08",415
"2018-07-05 19:40:09",415
"2018-07-05 20:40:08",413
"2018-07-05 21:40:09",413
"2018-07-05 22:40:09",413
"2018-07-05 23:40:09",413
"2018-07-06 00:40:09",413
"2018-07-06 01:40:09",413
"2018-07-06 02:40:09",413
"2018-07-06 03:40:08",413
"2018-07-06 04:40:09",413
"2018-07-06 05:40:08",413
"2018-07-06 06:40:09",413
"2018-07-06 07:40:09",413
"2018-07-06 08:40:09",413
"2018-07-06 09:40:09",413
"2018-07-06 10:40:10",413
"2018-07-06 11:40:09",413
"2018-07-06 12:40:09",413
"2018-07-06 13:40:09",413
"2018-07-06 14:40:09",410
"2018-07-06 15:40:09",410
"2018-07-06 16:40:09",410
"2018-07-06 17:40:09",408
"2018-07-06 18:40:08",407
"2018-07-06 19:40:09",407
"2018-07-06 20:40:09",408
"2018-07-06 21:40:09",408
"2018-07-06 22:40:09",407
"2018-07-06 23:40:09",407
"2018-07-07 00:40:09",407
"2018-07-07 01:40:08",407
"2018-07-07 02:40:09",407
"2018-07-07 03:40:09",407
"2018-07-07 04:40:09",407
"2018-07-07 05:40:08",407
"2018-07-07 06:40:09",407
"2018-07-07 07:40:09",407
"2018-07-07 08:40:09",407
"2018-07-07 09:40:09",407
"2018-07-07 10:40:10",407
"2018-07-07 11:40:09",407
"2018-07-07 12:40:09",407
"2018-07-07 13:40:09",407
"2018-07-07 14:40:09",407
"2018-07-07 15:40:09",407
"2018-07-07 16:40:10",407
"2018-07-07 17:40:09",407
"2018-07-07 18:40:09",407
"2018-07-07 19:40:10",407
"2018-07-07 20:40:09",407
"2018-07-07 21:40:08",407
"2018-07-07 22:40:09",407
"2018-07-07 23:40:09",407
"2018-07-08 00:40:09",407
"2018-07-08 01:40:09",407
"2018-07-08 02:40:09",407
"2018-07-08 03:40:10",407
"2018-07-08 04:40:10",407
"2018-07-08 05:40:10",407
"2018-07-08 06:40:09",407
"2018-07-08 07:40:09",407
"2018-07-08 08:40:09",407
"2018-07-08 09:40:09",407
"2018-07-08 10:40:08",407
"2018-07-08 11:40:09",407
"2018-07-08 12:40:09",407
"2018-07-08 13:40:09",407
"2018-07-08 14:40:09",407
"2018-07-08 15:40:09",407
"2018-07-08 16:40:09",407
"2018-07-08 17:40:09",407
"2018-07-08 18:40:09",407
"2018-07-08 19:40:10",407
"2018-07-08 20:40:09",407
"2018-07-08 21:40:09",407
"2018-07-08 22:40:09",407
"2018-07-08 23:40:09",407
"2018-07-09 00:40:09",407
"2018-07-09 01:40:09",407
"2018-07-09 02:40:09",407
"2018-07-09 03:40:10",407
"2018-07-09 04:40:08",407
"2018-07-09 05:40:09",407
"2018-07-09 06:40:08",407
"2018-07-09 07:40:09",407
"2018-07-09 08:40:10",407
"2018-07-09 09:40:09",407
"2018-07-09 10:40:09",407
"2018-07-09 11:40:08",407
"2018-07-09 12:40:09",407
"2018-07-09 13:40:10",407
"2018-07-09 14:40:08",405
"2018-07-09 15:40:09",405
"2018-07-09 16:40:09",405
"2018-07-09 17:40:09",404
"2018-07-09 18:40:09",404
"2018-07-09 19:40:09",403
"2018-07-09 20:40:09",403
"2018-07-09 21:40:09",403
"2018-07-09 22:40:09",403
"2018-07-09 23:40:09",403
"2018-07-10 00:40:09",403
"2018-07-10 01:40:11",403
"2018-07-10 02:40:09",403
"2018-07-10 03:40:09",403
"2018-07-10 04:40:09",403
"2018-07-10 05:40:09",403
"2018-07-10 06:40:09",403
"2018-07-10 07:40:09",403
"2018-07-10 08:40:09",403
"2018-07-10 09:40:09",403
"2018-07-10 10:40:09",403
"2018-07-10 11:40:09",403
"2018-07-10 12:40:08",403
"2018-07-10 13:40:10",403
"2018-07-10 14:40:09",400
"2018-07-10 15:40:09",399
"2018-07-10 16:40:09",399
"2018-07-10 17:40:09",399
"2018-07-10 18:40:09",399
"2018-07-10 19:40:09",398
"2018-07-10 20:40:09",397
"2018-07-10 21:40:09",397
"2018-07-10 22:40:10",397
"2018-07-10 23:40:09",397
"2018-07-11 00:40:09",397
"2018-07-11 01:40:10",397
"2018-07-11 02:40:09",397
"2018-07-11 03:40:09",397
"2018-07-11 04:40:10",397
"2018-07-11 05:40:10",397
"2018-07-11 06:40:10",397
"2018-07-11 07:40:09",397
"2018-07-11 08:40:10",397
"2018-07-11 09:40:09",397
"2018-07-11 10:40:09",397
"2018-07-11 11:40:09",397
"2018-07-11 12:40:09",397
"2018-07-11 13:40:10",397
"2018-07-11 14:40:09",398
"2018-07-11 15:40:09",398
"2018-07-11 16:40:09",399
"2018-07-11 17:40:08",398
"2018-07-11 18:40:09",398
"2018-07-11 19:40:09",397
"2018-07-11 20:40:09",398
"2018-07-11 21:40:09",398
"2018-07-11 22:40:09",398
"2018-07-11 23:40:10",398
"2018-07-12 00:40:10",398
"2018-07-12 01:40:08",398
"2018-07-12 02:40:09",398
"2018-07-12 03:40:09",398
"2018-07-12 04:40:10",398
"2018-07-12 05:40:09",398
"2018-07-12 06:40:09",398
"2018-07-12 07:40:10",398
"2018-07-12 08:40:09",398
"2018-07-12 09:40:10",398
"2018-07-12 10:40:08",398
"2018-07-12 11:40:09",398
"2018-07-12 12:40:09",398
"2018-07-12 13:40:10",398
"2018-07-12 14:40:09",395
"2018-07-12 15:40:09",393
"2018-07-12 16:40:10",393
"2018-07-12 17:40:09",393
"2018-07-12 18:40:10",392
"2018-07-12 19:40:10",390
"2018-07-12 20:40:09",388
"2018-07-12 21:40:08",388
"2018-07-12 22:40:09",388
"2018-07-12 23:40:09",388
"2018-07-13 00:40:10",388
"2018-07-13 01:40:09",388
"2018-07-13 02:40:09",388
"2018-07-13 03:40:09",388
"2018-07-13 04:40:09",388
"2018-07-13 05:40:09",388
"2018-07-13 06:40:09",388
"2018-07-13 07:40:09",388
"2018-07-13 08:40:09",388
"2018-07-13 09:40:09",388
"2018-07-13 10:40:08",388
"2018-07-13 11:40:09",388
"2018-07-13 12:40:09",388
"2018-07-13 13:40:10",389
"2018-07-13 14:40:09",389
"2018-07-13 15:40:09",389
"2018-07-13 16:40:09",388
"2018-07-13 17:40:09",388
"2018-07-13 18:40:08",388
"2018-07-13 19:40:09",388
"2018-07-13 20:40:09",389
"2018-07-13 21:40:08",389
"2018-07-13 22:40:09",389
"2018-07-13 23:40:09",389
"2018-07-14 00:40:09",389
"2018-07-14 01:40:09",389
"2018-07-14 02:40:09",389
"2018-07-14 03:40:09",389
"2018-07-14 04:40:09",389
"2018-07-14 05:40:09",389
"2018-07-14 06:40:09",389
"2018-07-14 07:40:09",389
"2018-07-14 08:40:09",389
"2018-07-14 09:40:09",389
"2018-07-14 10:40:09",389
"2018-07-14 11:40:09",389
"2018-07-14 12:40:09",389
"2018-07-14 13:40:10",389
"2018-07-14 14:40:09",389
"2018-07-14 15:40:09",389
"2018-07-14 16:40:09",389
"2018-07-14 17:40:09",389
"2018-07-14 18:40:09",389
"2018-07-14 19:40:09",389
"2018-07-14 20:40:09",389
"2018-07-14 21:40:08",389
"2018-07-14 22:40:10",389
"2018-07-14 23:40:09",389
"2018-07-15 00:40:08",389
"2018-07-15 01:40:09",389
"2018-07-15 02:40:09",389
"2018-07-15 03:40:09",389
"2018-07-15 04:40:09",389
"2018-07-15 05:40:09",389
"2018-07-15 06:40:09",389
"2018-07-15 07:40:09",389
"2018-07-15 08:40:09",389
"2018-07-15 09:40:09",389
"2018-07-15 10:40:09",389
"2018-07-15 11:40:09",389
"2018-07-15 12:40:09",389
"2018-07-15 13:40:09",389
"2018-07-15 14:40:08",389
"2018-07-15 15:40:09",389
"2018-07-15 16:40:09",389
"2018-07-15 17:40:09",389
"2018-07-15 18:40:09",389
"2018-07-15 19:40:10",389
"2018-07-15 20:40:09",389
"2018-07-15 21:40:09",389
"2018-07-15 22:40:09",389
"2018-07-15 23:40:10",389
"2018-07-16 00:40:09",389
"2018-07-16 01:40:09",389
"2018-07-16 02:40:09",389
"2018-07-16 03:40:10",389
"2018-07-16 04:40:10",389
"2018-07-16 05:40:09",389
"2018-07-16 06:40:09",389
"2018-07-16 07:40:09",389
"2018-07-16 08:40:10",389
"2018-07-16 09:40:09",389
"2018-07-16 10:40:09",389
"2018-07-16 11:40:09",389
"2018-07-16 12:40:08",389
"2018-07-16 13:40:10",389
"2018-07-16 14:40:09",389
"2018-07-16 15:40:10",390
"2018-07-16 16:40:09",390
"2018-07-16 17:40:09",390
"2018-07-16 18:40:09",389
"2018-07-16 19:40:09",389
"2018-07-16 20:40:09",390
"2018-07-16 21:40:09",390
"2018-07-16 22:40:10",390
"2018-07-16 23:40:09",390
"2018-07-17 00:40:10",390
"2018-07-17 01:40:10",390
"2018-07-17 02:40:09",390
"2018-07-17 03:40:08",390
"2018-07-17 04:40:10",390
"2018-07-17 05:40:09",390
"2018-07-17 06:40:09",390
"2018-07-17 07:40:10",390
"2018-07-17 08:40:09",390
"2018-07-17 09:40:09",390
"2018-07-17 10:40:09",390
"2018-07-17 11:40:09",390
"2018-07-17 12:40:09",390
"2018-07-17 13:40:11",390
"2018-07-17 14:40:10",387
"2018-07-17 15:40:10",388
"2018-07-17 16:40:10",387
"2018-07-17 17:40:10",386
"2018-07-17 18:40:10",386
"2018-07-17 19:40:10",385
"2018-07-17 20:40:11",385
"2018-07-17 21:40:10",385
"2018-07-17 22:40:10",385
"2018-07-17 23:40:11",385
"2018-07-18 00:40:11",385
"2018-07-18 01:40:11",385
"2018-07-18 02:40:10",385
"2018-07-18 03:40:10",385
"2018-07-18 04:40:10",385
"2018-07-18 05:40:11",385
"2018-07-18 06:40:10",385
"2018-07-18 07:40:10",385
"2018-07-18 08:40:10",385
"2018-07-18 09:40:10",385
"2018-07-18 10:40:10",385
"2018-07-18 11:40:11",385
"2018-07-18 12:40:09",385
"2018-07-18 13:40:10",385
"2018-07-18 14:40:11",385
"2018-07-18 15:40:10",385
"2018-07-18 16:40:10",385
"2018-07-18 17:40:10",383
"2018-07-18 18:40:10",382
"2018-07-18 19:40:11",381
"2018-07-18 20:40:10",381
"2018-07-18 21:40:10",381
"2018-07-18 22:40:10",381
"2018-07-18 23:40:10",381
"2018-07-19 00:40:10",381
"2018-07-19 01:40:10",381
"2018-07-19 02:40:10",381
"2018-07-19 03:40:10",381
"2018-07-19 04:40:11",381
"2018-07-19 05:40:11",381
"2018-07-19 06:40:10",381
"2018-07-19 07:40:11",381
"2018-07-19 08:40:10",381
"2018-07-19 09:40:10",381
"2018-07-19 10:40:11",381
"2018-07-19 11:40:10",381
"2018-07-19 12:40:10",381
"2018-07-19 13:40:10",381
"2018-07-19 14:40:10",380
"2018-07-19 15:40:10",377
"2018-07-19 16:40:10",376
"2018-07-19 17:40:11",377
"2018-07-19 18:40:11",377
"2018-07-19 19:40:10",377
"2018-07-19 20:40:10",376
"2018-07-19 21:40:10",376
"2018-07-19 22:40:11",376
"2018-07-19 23:40:11",376
"2018-07-20 00:40:10",376
"2018-07-20 01:40:10",376
"2018-07-20 02:40:10",376
"2018-07-20 03:40:10",376
"2018-07-20 04:40:11",376
"2018-07-20 05:40:11",376
"2018-07-20 06:40:10",376
"2018-07-20 07:40:10",376
"2018-07-20 08:40:10",376
"2018-07-20 09:40:10",376
"2018-07-20 10:40:10",376
"2018-07-20 11:40:10",376
"2018-07-20 12:40:09",376
"2018-07-20 14:03:43",374
"2018-07-20 14:40:10",374
"2018-07-20 15:40:10",376
"2018-07-20 16:40:10",376
"2018-07-20 17:40:10",376
"2018-07-20 18:40:10",376
"2018-07-20 19:40:11",376
"2018-07-20 20:40:10",375
"2018-07-20 21:40:10",375
"2018-07-20 22:40:09",375
"2018-07-20 23:40:10",375
"2018-07-21 00:40:11",375
"2018-07-21 01:40:10",375
"2018-07-21 02:40:10",375
"2018-07-21 03:40:11",375
"2018-07-21 04:40:10",375
"2018-07-21 05:40:10",375
"2018-07-21 06:40:10",375
"2018-07-21 07:40:10",375
"2018-07-21 08:40:09",375
"2018-07-21 09:40:10",375
"2018-07-21 10:40:11",375
"2018-07-21 11:40:09",375
"2018-07-21 12:40:10",375
"2018-07-21 13:40:10",375
"2018-07-21 14:40:11",375
"2018-07-21 15:40:10",375
"2018-07-21 16:40:11",375
"2018-07-21 17:40:10",375
"2018-07-21 18:40:10",375
"2018-07-21 19:40:10",375
"2018-07-21 20:40:10",375
"2018-07-21 21:40:09",375
"2018-07-21 22:40:10",375
"2018-07-21 23:40:10",375
"2018-07-22 00:40:10",375
"2018-07-22 01:40:10",375
"2018-07-22 02:40:10",375
"2018-07-22 03:40:11",375
"2018-07-22 04:40:10",375
"2018-07-22 05:40:10",375
"2018-07-22 06:40:10",375
"2018-07-22 07:40:10",375
"2018-07-22 08:40:10",375
"2018-07-22 09:40:09",375
"2018-07-22 10:40:10",375
"2018-07-22 11:40:10",375
"2018-07-22 12:40:11",375
"2018-07-22 13:40:11",375
"2018-07-22 14:40:10",375
"2018-07-22 15:40:10",375
"2018-07-22 16:40:11",375
"2018-07-22 17:40:10",375
"2018-07-22 18:40:10",375
"2018-07-22 19:40:10",375
"2018-07-22 20:40:10",375
"2018-07-22 21:40:10",375
"2018-07-22 22:40:10",375
"2018-07-22 23:40:10",375
"2018-07-23 00:40:10",375
"2018-07-23 01:40:10",375
"2018-07-23 02:40:10",375
"2018-07-23 03:40:10",375
"2018-07-23 04:40:10",375
"2018-07-23 05:40:09",375
"2018-07-23 06:40:10",375
"2018-07-23 07:40:11",375
"2018-07-23 08:40:11",375
"2018-07-23 09:40:10",375
"2018-07-23 23:36:17",369
"2018-07-23 23:40:09",369
"2018-07-24 00:40:10",369
"2018-07-24 01:40:10",369
"2018-07-24 02:40:10",369
"2018-07-24 03:40:10",369
"2018-07-24 04:40:10",369
"2018-07-24 05:40:09",369
"2018-07-24 06:40:10",369
"2018-07-24 07:40:10",369
"2018-07-24 08:40:10",369
"2018-07-24 09:40:10",369
"2018-07-24 10:40:10",369
"2018-07-24 11:40:10",369
"2018-07-24 12:40:10",369
"2018-07-24 13:40:12",369
"2018-07-24 14:40:10",369
"2018-07-24 15:40:11",370
"2018-07-24 16:40:12",370
"2018-07-24 17:40:11",369
"2018-07-24 18:40:11",369
"2018-07-24 19:40:11",369
"2018-07-24 20:40:11",368
"2018-07-24 21:40:11",368
"2018-07-24 22:40:11",368
"2018-07-24 23:40:10",368
"2018-07-25 00:40:11",368
"2018-07-25 01:40:11",368
"2018-07-25 02:40:10",368
"2018-07-25 03:40:11",368
"2018-07-25 04:40:11",368
"2018-07-25 05:40:11",368
"2018-07-25 06:40:12",368
"2018-07-25 07:40:10",368
"2018-07-25 08:40:11",368
"2018-07-25 09:40:11",368
"2018-07-25 10:40:09",368
"2018-07-25 11:40:10",368
"2018-07-25 12:40:12",368
"2018-07-25 13:40:12",368
"2018-07-25 14:40:11",368
"2018-07-25 15:40:11",367
"2018-07-25 16:40:12",369
"2018-07-25 17:40:17",370
"2018-07-25 18:40:10",371
"2018-07-25 19:40:11",371
"2018-07-25 20:40:12",371
"2018-07-25 21:40:11",371
"2018-07-25 22:40:11",371
"2018-07-25 23:40:11",371
"2018-07-26 00:40:11",371
"2018-07-26 01:40:12",371
"2018-07-26 02:40:12",371
"2018-07-26 03:40:12",371
"2018-07-26 04:40:12",371
"2018-07-26 05:40:11",371
"2018-07-26 06:40:11",371
"2018-07-26 07:40:11",371
"2018-07-26 08:40:11",371
"2018-07-26 09:40:12",371
"2018-07-26 10:40:11",371
"2018-07-26 11:40:11",371
"2018-07-26 12:40:12",371
"2018-07-26 14:40:13",388
"2018-07-26 15:40:12",392
"2018-07-26 16:40:12",391
"2018-07-26 17:40:13",394
"2018-07-26 18:40:13",395
"2018-07-26 19:40:13",396
"2018-07-26 20:40:13",396
"2018-07-26 21:40:12",396
"2018-07-26 22:40:12",395
"2018-07-26 23:40:12",395
"2018-07-27 00:40:13",395
"2018-07-27 01:40:12",395
"2018-07-27 02:40:12",395
"2018-07-27 03:40:13",395
"2018-07-27 04:40:13",395
"2018-07-27 05:40:12",395
"2018-07-27 06:40:13",395
"2018-07-27 07:40:13",395
"2018-07-27 08:40:12",395
"2018-07-27 09:40:12",395
"2018-07-27 10:40:13",396
"2018-07-27 11:40:12",396
"2018-07-27 12:40:12",396
"2018-07-27 13:40:13",396
"2018-07-27 14:40:13",397
"2018-07-27 15:40:12",413
"2018-07-27 16:40:13",420
"2018-07-27 17:40:12",424
"2018-07-27 18:40:13",426
"2018-07-27 19:40:12",437
"2018-07-27 20:40:12",441
"2018-07-27 21:40:13",441
"2018-07-27 22:40:12",441
"2018-07-27 23:40:12",441
"2018-07-28 00:40:12",441
"2018-07-28 01:40:13",441
"2018-07-28 02:40:13",441
"2018-07-28 03:40:12",441
"2018-07-28 04:40:12",441
"2018-07-28 05:40:12",441
"2018-07-28 06:40:12",441
"2018-07-28 07:40:12",441
"2018-07-28 08:40:12",441
"2018-07-28 09:40:12",441
"2018-07-28 10:40:12",441
"2018-07-28 11:40:12",441
"2018-07-28 12:40:12",441
"2018-07-28 13:40:12",441
"2018-07-28 14:40:12",441
"2018-07-28 15:40:13",441
"2018-07-28 16:40:13",441
"2018-07-28 17:40:12",441
"2018-07-28 18:40:13",441
"2018-07-28 19:40:16",441
"2018-07-28 20:40:12",441
"2018-07-28 21:40:12",441
"2018-07-28 22:40:13",441
"2018-07-28 23:40:13",441
"2018-07-29 00:40:12",441
"2018-07-29 01:40:12",441
"2018-07-29 02:40:13",441
"2018-07-29 03:40:12",441
"2018-07-29 04:40:13",441
"2018-07-29 05:40:13",441
"2018-07-29 06:40:13",441
"2018-07-29 07:40:12",441
"2018-07-29 08:40:12",441
"2018-07-29 09:40:12",441
"2018-07-29 10:40:12",441
"2018-07-29 11:40:12",441
"2018-07-29 12:40:13",441
"2018-07-29 13:40:12",441
"2018-07-29 14:40:12",441
"2018-07-29 15:40:11",441
"2018-07-29 16:40:13",441
"2018-07-29 17:40:12",441
"2018-07-29 18:40:12",441
"2018-07-29 19:40:13",441
"2018-07-29 20:40:13",441
"2018-07-29 21:40:13",441
"2018-07-29 22:40:13",441
"2018-07-29 23:40:13",441
"2018-07-30 00:40:12",441
"2018-07-30 01:40:12",441
"2018-07-30 02:40:12",441
"2018-07-30 03:40:13",441
"2018-07-30 04:40:13",441
"2018-07-30 05:40:12",441
"2018-07-30 06:40:11",441
"2018-07-30 07:40:12",441
"2018-07-30 08:40:12",441
"2018-07-30 09:40:13",441
"2018-07-30 10:40:12",441
"2018-07-30 11:40:12",441
"2018-07-30 12:40:12",441
"2018-07-30 13:40:14",441
"2018-07-30 14:40:13",463
"2018-07-30 15:40:12",458
"2018-07-30 16:40:12",461
"2018-07-30 17:40:13",461
"2018-07-30 18:40:11",456
"2018-07-30 19:40:12",456
"2018-07-30 20:40:11",458
"2018-07-30 21:40:12",458
"2018-07-30 22:40:13",457
"2018-07-30 23:40:12",457
"2018-07-31 00:40:13",457
"2018-07-31 01:40:12",457
"2018-07-31 02:40:12",457
"2018-07-31 03:40:12",457
"2018-07-31 04:40:12",457
"2018-07-31 05:40:12",457
"2018-07-31 06:40:12",457
"2018-07-31 07:40:13",457
"2018-07-31 08:40:19",457
"2018-07-31 09:47:08",457
"2018-07-31 10:40:12",457
"2018-07-31 11:40:12",457
"2018-07-31 12:40:12",457
"2018-07-31 13:40:13",457
"2018-07-31 14:40:13",450
"2018-07-31 15:40:12",449
"2018-07-31 16:40:12",452
"2018-07-31 17:40:12",451
"2018-07-31 18:40:12",450
"2018-07-31 19:40:13",445
"2018-07-31 20:40:12",442
"2018-07-31 21:40:12",442
"2018-07-31 22:40:12",442
"2018-07-31 23:40:12",442
"2018-08-01 00:40:13",442
"2018-08-01 01:40:12",442
"2018-08-01 02:40:12",442
"2018-08-01 03:40:12",442
"2018-08-01 04:40:12",442
"2018-08-01 05:40:12",442
"2018-08-01 06:40:13",442
"2018-08-01 07:40:12",442
"2018-08-01 08:40:12",442
"2018-08-01 09:40:12",442
"2018-08-01 10:40:12",442
"2018-08-01 11:40:13",442
"2018-08-01 12:40:12",442
"2018-08-01 14:05:18",443
"2018-08-01 14:40:13",443
"2018-08-01 15:40:13",442
"2018-08-01 16:40:14",442
"2018-08-01 17:40:14",443
"2018-08-01 18:40:13",444
"2018-08-01 19:40:14",444
"2018-08-01 20:40:13",445
"2018-08-01 21:40:14",445
"2018-08-01 22:40:13",444
"2018-08-01 23:40:13",444
"2018-08-02 00:40:13",444
"2018-08-02 01:40:13",444
"2018-08-02 02:40:14",444
"2018-08-02 03:40:13",444
"2018-08-02 04:40:14",444
"2018-08-02 05:40:13",444
"2018-08-02 06:40:13",444
"2018-08-02 07:40:13",444
"2018-08-02 08:40:13",444
"2018-08-02 09:40:14",444
"2018-08-02 10:40:14",444
"2018-08-02 11:40:13",444
"2018-08-02 12:40:13",444
"2018-08-02 13:40:12",444
"2018-08-02 14:40:13",494
"2018-08-02 15:40:14",510
"2018-08-02 16:40:13",513
"2018-08-02 17:40:13",516
"2018-08-02 18:40:13",519
"2018-08-02 19:40:14",518
"2018-08-02 20:40:14",517
"2018-08-02 21:40:13",517
"2018-08-02 22:40:13",518
"2018-08-02 23:40:13",518
"2018-08-03 00:40:13",518
"2018-08-03 01:40:13",518
"2018-08-03 02:40:14",518
"2018-08-03 03:40:13",518
"2018-08-03 04:40:14",518
"2018-08-03 05:40:13",518
"2018-08-03 06:40:14",518
"2018-08-03 07:40:13",518
"2018-08-03 08:40:13",518
"2018-08-03 09:40:13",518
"2018-08-03 10:40:14",518
"2018-08-03 11:40:23",518
"2018-08-03 13:05:12",518
"2018-08-03 13:40:13",518
"2018-08-03 14:40:13",513
"2018-08-03 15:40:13",507
"2018-08-03 16:40:14",504
"2018-08-03 17:40:13",503
"2018-08-03 18:40:14",500
"2018-08-03 19:40:14",500
"2018-08-03 20:40:13",498
"2018-08-03 21:40:13",498
"2018-08-03 22:40:13",498
"2018-08-03 23:40:13",498
"2018-08-04 00:40:13",498
"2018-08-04 01:40:12",498
"2018-08-04 02:40:13",498
"2018-08-04 03:40:13",498
"2018-08-04 04:40:13",498
"2018-08-04 05:40:13",498
"2018-08-04 06:40:13",498
"2018-08-04 07:40:14",498
"2018-08-04 08:40:13",498
"2018-08-04 09:40:14",498
"2018-08-04 10:40:13",498
"2018-08-04 11:40:13",498
"2018-08-04 12:40:13",498
"2018-08-04 13:40:14",498
"2018-08-04 14:40:13",498
"2018-08-04 15:40:13",498
"2018-08-04 16:40:13",498
"2018-08-04 17:40:14",498
"2018-08-04 18:40:13",498
"2018-08-04 19:40:14",498
"2018-08-04 20:40:13",498
"2018-08-04 21:40:13",498
"2018-08-04 22:40:13",498
"2018-08-04 23:40:14",498
"2018-08-05 00:40:13",498
"2018-08-05 01:40:13",498
"2018-08-05 02:40:13",498
"2018-08-05 03:40:13",498
"2018-08-05 04:40:13",498
"2018-08-05 05:40:13",498
"2018-08-05 06:40:14",498
"2018-08-05 07:40:13",498
"2018-08-05 08:40:13",498
"2018-08-05 09:40:13",498
"2018-08-05 10:40:13",498
"2018-08-05 11:40:13",498
"2018-08-05 12:40:14",498
"2018-08-05 13:40:13",498
"2018-08-05 14:40:13",498
"2018-08-05 15:40:13",498
"2018-08-05 16:40:14",498
"2018-08-05 17:40:13",498
"2018-08-05 18:40:13",498
"2018-08-05 19:40:13",498
"2018-08-05 20:40:13",498
"2018-08-05 21:40:14",498
"2018-08-05 22:40:13",498
"2018-08-05 23:40:13",498
"2018-08-06 00:40:13",498
"2018-08-06 01:40:13",498
"2018-08-06 02:40:13",498
"2018-08-06 03:40:13",498
"2018-08-06 04:40:13",498
"2018-08-06 05:40:13",498
"2018-08-06 06:40:13",498
"2018-08-06 07:40:13",498
"2018-08-06 08:40:14",498
"2018-08-06 09:40:13",498
"2018-08-06 10:40:13",498
"2018-08-06 11:40:13",498
"2018-08-06 12:40:13",498
"2018-08-06 13:40:14",498
"2018-08-06 14:40:14",501
"2018-08-06 15:40:13",494
"2018-08-06 16:40:15",491
"2018-08-06 17:40:15",488
"2018-08-06 18:40:14",486
"2018-08-06 19:40:13",486
"2018-08-06 20:40:13",486
"2018-08-06 21:40:15",486
"2018-08-06 22:40:13",485
"2018-08-06 23:40:14",485
"2018-08-07 00:40:14",485
"2018-08-07 01:40:13",485
"2018-08-07 02:40:13",485
"2018-08-07 03:40:13",485
"2018-08-07 04:40:14",485
"2018-08-07 05:40:14",485
"2018-08-07 06:40:13",485
"2018-08-07 07:40:13",485
"2018-08-07 08:40:14",485
"2018-08-07 09:40:13",485
"2018-08-07 10:40:13",485
"2018-08-07 11:40:14",485
"2018-08-07 12:40:14",485
"2018-08-07 13:40:14",485
"2018-08-07 14:40:13",482
"2018-08-07 15:40:13",481
"2018-08-07 16:40:13",479
"2018-08-07 17:40:14",479
"2018-08-07 18:40:14",479
"2018-08-07 19:40:14",478
"2018-08-07 20:40:13",475
"2018-08-07 21:40:13",475
"2018-08-07 22:40:14",475
"2018-08-07 23:40:14",475
"2018-08-08 00:40:13",475
"2018-08-08 01:40:14",475
"2018-08-08 02:40:14",475
"2018-08-08 03:40:14",475
"2018-08-08 04:40:13",475
"2018-08-08 05:40:13",475
"2018-08-08 06:40:13",475
"2018-08-08 07:40:14",475
"2018-08-08 08:40:13",475
"2018-08-08 09:40:13",475
"2018-08-08 10:40:13",475
"2018-08-08 11:40:13",475
"2018-08-08 12:40:14",475
"2018-08-08 13:40:13",475
"2018-08-08 14:40:14",472
"2018-08-08 15:40:14",472
"2018-08-08 16:40:14",471
"2018-08-08 17:40:13",471
"2018-08-08 18:40:13",470
"2018-08-08 19:40:13",469
"2018-08-08 20:40:13",469
"2018-08-08 21:40:13",469
"2018-08-08 22:40:13",469
"2018-08-08 23:40:13",469
"2018-08-10 00:18:31",464
"2018-08-10 00:40:15",464
"2018-08-10 01:40:15",464
"2018-08-10 02:40:15",464
"2018-08-10 03:40:14",464
"2018-08-10 04:40:15",464
"2018-08-10 05:40:19",464
"2018-08-10 06:40:18",464
"2018-08-10 07:40:19",464
"2018-08-10 08:40:19",464
"2018-08-10 09:40:19",464
"2018-08-10 10:40:18",464
"2018-08-10 11:40:18",464
"2018-08-10 12:40:18",464
"2018-08-10 13:40:19",464
"2018-08-10 14:40:19",465
"2018-08-10 15:40:19",464
"2018-08-10 16:40:19",465
"2018-08-10 17:40:19",465
"2018-08-10 18:40:18",465
"2018-08-10 19:40:19",465
"2018-08-10 20:40:18",465
"2018-08-10 21:40:19",465
"2018-08-10 22:40:18",464
"2018-08-10 23:40:19",464
"2018-08-11 00:40:18",464
"2018-08-11 01:40:19",464
"2018-08-11 02:40:19",464
"2018-08-11 03:40:18",464
"2018-08-11 04:40:18",464
"2018-08-11 05:40:19",464
"2018-08-11 06:40:18",464
"2018-08-11 07:40:18",464
"2018-08-11 08:40:18",464
"2018-08-11 09:40:18",464
"2018-08-11 10:40:18",464
"2018-08-11 11:40:19",464
"2018-08-11 12:40:18",464
"2018-08-11 13:40:18",464
"2018-08-11 14:40:18",464
"2018-08-11 15:40:19",464
"2018-08-11 16:40:18",464
"2018-08-11 17:40:18",464
"2018-08-11 18:40:18",464
"2018-08-11 19:40:18",464
"2018-08-11 20:40:18",464
"2018-08-11 21:40:18",464
"2018-08-11 22:40:19",464
"2018-08-11 23:40:19",464
"2018-08-12 00:40:18",464
"2018-08-12 01:40:18",464
"2018-08-12 02:40:18",464
"2018-08-12 03:40:18",464
"2018-08-12 04:40:19",464
"2018-08-12 05:40:18",464
"2018-08-12 06:40:18",464
"2018-08-12 07:40:18",464
"2018-08-12 08:40:18",464
"2018-08-12 09:40:18",464
"2018-08-12 10:40:18",464
"2018-08-12 11:40:18",464
"2018-08-12 12:40:18",464
"2018-08-12 13:40:19",464
"2018-08-12 14:40:19",464
"2018-08-12 15:40:19",464
"2018-08-12 16:40:19",464
"2018-08-12 17:40:19",464
"2018-08-12 18:40:18",464
"2018-08-12 19:40:19",464
"2018-08-12 20:40:19",464
"2018-08-12 21:40:18",464
"2018-08-12 22:40:18",464
"2018-08-12 23:40:19",464
"2018-08-13 00:40:18",464
"2018-08-13 01:40:19",464
"2018-08-13 02:40:19",464
"2018-08-13 03:40:18",464
"2018-08-13 04:40:19",464
"2018-08-13 05:40:18",464
"2018-08-13 06:40:19",464
"2018-08-13 07:40:19",464
"2018-08-13 08:40:19",464
"2018-08-13 09:40:19",464
"2018-08-13 10:40:19",464
"2018-08-13 11:40:19",464
"2018-08-13 12:40:18",464
"2018-08-13 13:40:19",464
"2018-08-13 14:40:19",463
"2018-08-13 15:40:19",462
"2018-08-13 16:40:19",461
"2018-08-13 17:40:18",460
"2018-08-13 18:40:19",461
"2018-08-13 19:40:19",462
"2018-08-13 20:40:19",461
"2018-08-13 21:40:19",461
"2018-08-13 22:40:18",461
"2018-08-13 23:40:19",461
"2018-08-14 00:40:18",461
"2018-08-14 01:40:19",461
"2018-08-14 02:40:18",461
"2018-08-14 03:40:18",461
"2018-08-14 04:40:19",461
"2018-08-14 05:40:18",461
"2018-08-14 06:40:19",461
"2018-08-14 07:40:19",461
"2018-08-14 08:40:19",461
"2018-08-14 09:40:18",461
"2018-08-14 10:40:19",461
"2018-08-14 11:40:19",461
"2018-08-14 12:40:18",461
"2018-08-14 13:40:20",461
"2018-08-14 14:40:19",461
"2018-08-14 15:40:19",459
"2018-08-14 16:40:19",458
"2018-08-14 17:40:18",458
"2018-08-14 18:40:19",457
"2018-08-14 19:40:19",456
"2018-08-14 20:40:19",456
"2018-08-14 21:40:18",456
"2018-08-14 22:40:19",456
"2018-08-14 23:40:18",456
"2018-08-15 00:40:18",456
"2018-08-15 01:40:19",456
"2018-08-15 02:40:19",456
"2018-08-15 03:40:19",456
"2018-08-15 04:40:19",456
"2018-08-15 05:40:18",456
"2018-08-15 06:40:19",456
"2018-08-15 07:40:18",456
"2018-08-15 08:40:18",456
"2018-08-15 09:40:19",456
"2018-08-15 10:40:19",456
"2018-08-15 11:40:19",456
"2018-08-15 12:40:18",456
"2018-08-15 14:05:52",455
"2018-08-15 14:40:19",455
"2018-08-15 15:40:19",454
"2018-08-15 16:40:19",455
"2018-08-15 17:40:18",454
"2018-08-15 18:40:18",453
"2018-08-15 19:40:18",453
"2018-08-15 20:40:18",453
"2018-08-15 21:40:18",453
"2018-08-15 22:40:18",453
"2018-08-15 23:40:19",453
"2018-08-16 00:40:19",453
"2018-08-16 01:40:18",453
"2018-08-16 02:40:19",453
"2018-08-16 03:40:19",453
"2018-08-16 04:40:19",453
"2018-08-16 05:40:18",453
"2018-08-16 06:40:18",453
"2018-08-16 07:40:19",453
"2018-08-16 08:40:19",453
"2018-08-16 09:40:18",453
"2018-08-16 10:40:19",453
"2018-08-16 11:40:18",453
"2018-08-16 12:40:18",453
"2018-08-16 13:40:19",453
"2018-08-16 14:40:18",456
"2018-08-16 15:40:20",456
"2018-08-16 16:40:19",454
"2018-08-16 17:40:20",454
"2018-08-16 18:40:19",454
"2018-08-16 19:40:20",453
"2018-08-16 20:40:20",453
"2018-08-16 21:40:20",453
"2018-08-16 22:40:20",453
"2018-08-16 23:40:19",453
"2018-08-17 00:40:20",453
"2018-08-17 01:40:19",453
"2018-08-17 02:40:20",453
"2018-08-17 03:40:20",453
"2018-08-17 04:40:20",453
"2018-08-17 05:40:19",453
"2018-08-17 06:40:19",453
"2018-08-17 07:40:19",453
"2018-08-17 08:40:20",453
"2018-08-17 09:40:20",453
"2018-08-17 10:40:19",453
"2018-08-17 11:40:20",453
"2018-08-17 12:40:20",453
"2018-08-17 13:40:19",453
"2018-08-17 14:40:20",454
"2018-08-17 15:40:21",451
"2018-08-17 16:40:20",452
"2018-08-17 17:40:19",452
"2018-08-17 18:40:20",452
"2018-08-17 19:40:20",452
"2018-08-17 20:40:19",452
"2018-08-17 21:40:19",452
"2018-08-17 22:40:20",453
"2018-08-17 23:40:19",453
"2018-08-18 00:40:20",453
"2018-08-18 01:40:20",453
"2018-08-18 02:40:20",453
"2018-08-18 03:40:20",453
"2018-08-18 04:40:20",453
"2018-08-18 05:40:20",453
"2018-08-18 06:40:20",453
"2018-08-18 07:40:19",453
"2018-08-18 08:40:20",453
"2018-08-18 09:40:20",453
"2018-08-18 10:40:19",453
"2018-08-18 11:40:20",453
"2018-08-18 12:40:20",453
"2018-08-18 13:40:20",453
"2018-08-18 14:40:20",453
"2018-08-18 15:40:20",453
"2018-08-18 16:40:20",453
"2018-08-18 17:40:20",453
"2018-08-18 18:40:19",453
"2018-08-18 19:40:20",453
"2018-08-18 20:40:21",453
"2018-08-18 21:40:19",453
"2018-08-18 22:40:19",453
"2018-08-18 23:40:19",453
"2018-08-19 00:40:20",453
"2018-08-19 01:40:19",453
"2018-08-19 02:40:19",453
"2018-08-19 03:40:19",453
"2018-08-19 04:40:20",453
"2018-08-19 05:40:20",453
"2018-08-19 06:40:19",453
"2018-08-19 07:40:19",453
"2018-08-19 08:40:20",453
"2018-08-19 09:40:19",453
"2018-08-19 10:40:20",453
"2018-08-19 11:40:19",453
"2018-08-19 12:40:20",453
"2018-08-19 13:40:19",453
"2018-08-19 14:40:19",453
"2018-08-19 15:40:20",453
"2018-08-19 16:40:19",453
"2018-08-19 17:40:20",453
"2018-08-19 18:40:20",453
"2018-08-19 19:40:20",453
"2018-08-19 20:40:19",453
"2018-08-19 21:40:20",453
"2018-08-19 22:40:20",453
"2018-08-19 23:40:19",453
"2018-08-20 00:40:20",453
"2018-08-20 01:40:20",453
"2018-08-20 02:40:19",453
"2018-08-20 03:40:19",453
"2018-08-20 04:40:20",453
"2018-08-20 05:40:20",453
"2018-08-20 06:40:20",453
"2018-08-20 07:40:20",453
"2018-08-20 08:40:20",453
"2018-08-20 09:40:19",453
"2018-08-20 10:40:20",453
"2018-08-20 11:40:20",453
"2018-08-20 12:40:19",453
"2018-08-20 13:40:20",453
"2018-08-20 14:40:21",451
"2018-08-20 15:40:20",450
"2018-08-20 16:40:20",450
"2018-08-20 17:40:20",452
"2018-08-20 18:40:20",454
"2018-08-20 19:40:20",454
"2018-08-20 20:40:20",456
"2018-08-20 21:40:19",456
"2018-08-20 22:40:20",456
"2018-08-20 23:40:19",456
"2018-08-21 00:40:20",456
"2018-08-21 01:40:20",456
"2018-08-21 02:40:20",456
"2018-08-21 03:40:20",456
"2018-08-21 04:40:19",456
"2018-08-21 05:40:19",456
"2018-08-21 06:40:20",456
"2018-08-21 07:40:19",456
"2018-08-21 08:40:20",456
"2018-08-21 09:40:20",456
"2018-08-21 10:40:20",456
"2018-08-21 11:40:19",456
"2018-08-21 12:40:20",456
"2018-08-21 13:40:21",456
"2018-08-21 14:40:20",459
"2018-08-21 15:40:19",459
"2018-08-21 16:40:19",461
"2018-08-21 17:40:19",460
"2018-08-21 18:40:19",463
"2018-08-21 19:40:19",463
"2018-08-21 20:40:19",465
"2018-08-21 21:40:18",465
"2018-08-21 22:40:20",465
"2018-08-21 23:40:19",465
"2018-08-22 00:40:19",465
"2018-08-22 01:40:19",465
"2018-08-22 02:40:19",465
"2018-08-22 03:40:19",465
"2018-08-22 04:40:19",465
"2018-08-22 05:40:19",465
"2018-08-22 06:40:19",465
"2018-08-22 07:40:19",465
"2018-08-22 08:40:18",465
"2018-08-22 09:40:19",465
"2018-08-22 10:40:19",465
"2018-08-22 11:40:19",465
"2018-08-22 12:40:18",465
"2018-08-22 13:40:20",465
"2018-08-22 14:40:19",464
"2018-08-22 15:40:19",464
"2018-08-22 16:40:19",465
"2018-08-22 17:40:18",464
"2018-08-22 18:40:19",462
"2018-08-22 19:40:20",462
"2018-08-22 20:40:18",463
"2018-08-22 21:40:19",463
"2018-08-22 22:40:19",463
"2018-08-22 23:40:19",463
"2018-08-23 00:40:19",463
"2018-08-23 01:40:19",463
"2018-08-23 02:40:19",463
"2018-08-23 03:40:19",463
"2018-08-23 04:40:19",463
"2018-08-23 05:40:19",463
"2018-08-23 06:40:18",463
"2018-08-23 07:40:19",463
"2018-08-23 08:40:19",463
"2018-08-23 09:40:19",463
"2018-08-23 10:40:18",463
"2018-08-23 11:40:19",463
"2018-08-23 12:40:19",463
"2018-08-23 13:40:20",463
"2018-08-23 14:40:19",459
"2018-08-23 15:40:19",457
"2018-08-23 16:40:20",457
"2018-08-23 17:40:19",457
"2018-08-23 18:40:20",458
"2018-08-23 19:40:19",457
"2018-08-23 20:40:19",455
"2018-08-23 21:40:18",455
"2018-08-23 22:40:19",455
"2018-08-23 23:40:19",455
"2018-08-24 00:40:19",455
"2018-08-24 01:40:19",455
"2018-08-24 02:40:18",455
"2018-08-24 03:40:18",455
"2018-08-24 19:58:36",452
"2018-08-24 20:40:20",452
"2018-08-24 21:40:20",452
"2018-08-24 22:40:19",452
"2018-08-24 23:40:18",452
"2018-08-25 00:40:19",452
"2018-08-25 01:40:19",452
"2018-08-25 02:40:19",452
"2018-08-25 03:40:19",452
"2018-08-25 04:40:19",452
"2018-08-25 05:40:19",452
"2018-08-25 06:40:19",452
"2018-08-25 07:40:18",452
"2018-08-25 08:40:19",452
"2018-08-25 09:40:18",452
"2018-08-25 10:40:19",452
"2018-08-25 11:40:19",452
"2018-08-25 12:40:19",452
"2018-08-25 13:40:20",452
"2018-08-25 14:40:19",452
"2018-08-25 15:40:19",452
"2018-08-25 16:40:19",452
"2018-08-25 17:40:19",452
"2018-08-25 18:40:19",452
"2018-08-25 19:40:19",452
"2018-08-25 20:40:19",452
"2018-08-25 21:40:19",452
"2018-08-25 22:40:19",452
"2018-08-25 23:40:19",452
"2018-08-26 00:40:19",452
"2018-08-26 01:40:19",452
"2018-08-26 02:40:19",452
"2018-08-26 03:40:19",452
"2018-08-26 04:40:18",452
"2018-08-26 05:40:18",452
"2018-08-26 06:40:20",452
"2018-08-26 07:40:20",452
"2018-08-26 08:40:19",452
"2018-08-26 09:40:19",452
"2018-08-26 10:40:19",452
"2018-08-26 11:40:19",452
"2018-08-26 12:40:19",452
"2018-08-26 13:40:19",452
"2018-08-26 14:40:18",452
"2018-08-26 15:40:18",452
"2018-08-26 16:40:19",452
"2018-08-26 17:40:18",452
"2018-08-26 18:40:18",452
"2018-08-26 19:40:19",452
"2018-08-26 20:40:19",452
"2018-08-26 21:40:18",452
"2018-08-26 22:40:18",452
"2018-08-26 23:40:19",452
"2018-08-27 00:40:19",452
"2018-08-27 01:40:18",452
"2018-08-27 02:40:19",452
"2018-08-27 03:40:19",452
"2018-08-27 04:40:19",452
"2018-08-27 05:40:19",452
"2018-08-27 06:40:19",452
"2018-08-27 07:40:19",452
"2018-08-27 08:40:19",452
"2018-08-27 09:40:19",452
"2018-08-27 10:40:19",452
"2018-08-27 11:40:19",452
"2018-08-27 12:40:19",452
"2018-08-27 14:04:20",452
"2018-08-27 14:40:19",452
"2018-08-27 15:40:19",453
"2018-08-27 16:40:19",452
"2018-08-27 17:40:19",451
"2018-08-27 18:40:19",451
"2018-08-27 19:40:19",450
"2018-08-27 20:40:19",451
"2018-08-27 21:40:20",451
"2018-08-27 22:40:19",451
"2018-08-27 23:40:19",451
"2018-08-28 00:40:19",451
"2018-08-28 01:40:19",451
"2018-08-28 02:40:18",451
"2018-08-28 03:40:18",451
"2018-08-28 04:40:19",451
"2018-08-28 05:40:19",451
"2018-08-28 06:40:19",451
"2018-08-28 07:40:18",451
"2018-08-28 08:40:18",451
"2018-08-28 09:40:19",451
"2018-08-28 10:40:19",451
"2018-08-28 11:40:19",451
"2018-08-28 12:40:19",451
"2018-08-28 13:40:30",451
"2018-08-28 14:40:30",458
"2018-08-28 15:40:30",478
"2018-08-28 16:40:30",483
"2018-08-28 17:40:31",485
"2018-08-28 18:40:31",492
"2018-08-28 19:40:30",497
"2018-08-28 20:40:30",497
"2018-08-28 21:40:31",499
"2018-08-28 22:40:31",499
"2018-08-28 23:40:30",499
"2018-08-29 00:40:31",499
"2018-08-29 01:40:31",499
"2018-08-29 02:40:30",499
"2018-08-29 03:40:30",499
"2018-08-29 04:40:30",499
"2018-08-29 05:40:31",499
"2018-08-29 06:40:30",499
"2018-08-29 07:40:30",499
"2018-08-29 08:40:30",499
"2018-08-29 09:40:30",499
"2018-08-29 10:40:30",499
"2018-08-29 11:40:30",499
"2018-08-29 12:40:30",499
"2018-08-29 14:04:05",494
"2018-08-29 14:40:31",494
"2018-08-29 15:40:31",490
"2018-08-29 16:40:30",491
"2018-08-29 17:40:31",493
"2018-08-29 18:40:32",491
"2018-08-29 19:40:30",492
"2018-08-29 20:40:30",492
"2018-08-29 21:40:30",492
"2018-08-29 22:40:30",492
"2018-08-29 23:40:30",492
"2018-08-30 00:41:16",492
"2018-08-30 01:40:30",492
"2018-08-30 02:40:30",492
"2018-08-30 03:40:30",492
"2018-08-30 04:40:30",492
"2018-08-30 05:40:30",492
"2018-08-30 06:40:30",492
"2018-08-30 07:40:30",492
"2018-08-30 08:40:30",492
"2018-08-30 09:40:30",492
"2018-08-30 10:40:31",492
"2018-08-30 11:40:31",492
"2018-08-30 12:40:30",492
"2018-08-30 13:40:32",492
"2018-08-30 14:40:31",490
"2018-08-30 15:40:30",489
"2018-08-30 16:40:30",486
"2018-08-30 17:40:30",486
"2018-08-30 18:40:30",486
"2018-08-30 19:40:31",486
"2018-08-30 20:40:29",486
"2018-08-30 21:40:30",486
"2018-08-30 22:40:30",485
"2018-08-30 23:40:30",485
"2018-08-31 00:40:31",485
"2018-08-31 01:40:30",485
"2018-08-31 02:40:30",485
"2018-08-31 03:40:31",485
"2018-08-31 04:40:30",485
"2018-08-31 05:40:30",485
"2018-08-31 06:40:31",485
"2018-08-31 07:40:30",485
"2018-08-31 08:40:30",485
"2018-08-31 09:40:31",485
"2018-08-31 10:40:30",485
"2018-08-31 11:40:31",485
"2018-08-31 12:40:31",485
"2018-08-31 13:40:31",485
"2018-08-31 14:40:30",482
"2018-08-31 15:40:30",482
"2018-08-31 16:40:30",483
"2018-08-31 17:40:30",483
"2018-08-31 18:40:30",483
"2018-08-31 19:40:30",482
"2018-08-31 20:40:30",482
"2018-08-31 21:40:30",481
"2018-08-31 22:40:30",481
"2018-08-31 23:40:30",481
"2018-09-01 00:40:30",481
"2018-09-01 01:40:30",481
"2018-09-01 02:40:30",481
"2018-09-01 03:40:31",481
"2018-09-01 04:40:31",481
"2018-09-01 05:40:30",481
"2018-09-01 06:40:30",481
"2018-09-01 07:40:30",481
"2018-09-01 08:40:31",481
"2018-09-01 09:40:31",481
"2018-09-01 10:40:31",481
"2018-09-01 11:40:30",481
"2018-09-01 12:40:30",481
"2018-09-01 13:40:31",481
"2018-09-01 14:40:31",481
"2018-09-01 15:40:30",481
"2018-09-01 16:40:30",481
"2018-09-01 17:40:30",481
"2018-09-01 18:40:31",481
"2018-09-01 19:40:30",481
"2018-09-01 20:40:30",481
"2018-09-01 21:40:30",481
"2018-09-01 22:40:31",481
"2018-09-01 23:40:30",481
"2018-09-02 00:40:30",481
"2018-09-02 01:40:30",481
"2018-09-02 02:40:31",481
"2018-09-02 03:40:31",481
"2018-09-02 04:40:30",481
"2018-09-02 05:40:31",481
"2018-09-02 06:40:30",481
"2018-09-02 07:40:30",481
"2018-09-02 08:40:31",481
"2018-09-02 09:40:30",481
"2018-09-02 10:40:30",481
"2018-09-02 11:40:31",481
"2018-09-02 12:40:30",481
"2018-09-02 13:40:31",481
"2018-09-02 14:40:31",481
"2018-09-02 15:40:31",481
"2018-09-02 16:40:31",481
"2018-09-02 17:40:30",481
"2018-09-02 18:40:30",481
"2018-09-02 19:40:30",481
"2018-09-02 20:40:30",481
"2018-09-02 21:40:31",481
"2018-09-02 22:40:31",481
"2018-09-02 23:40:31",481
"2018-09-03 00:40:30",481
"2018-09-03 01:40:31",481
"2018-09-03 02:40:31",481
"2018-09-03 03:40:30",481
"2018-09-03 04:40:31",481
"2018-09-03 05:40:30",481
"2018-09-03 06:40:31",481
"2018-09-03 07:40:31",481
"2018-09-03 08:40:34",481
"2018-09-03 09:40:31",481
"2018-09-03 10:40:30",481
"2018-09-03 11:40:31",481
"2018-09-03 12:40:30",481
"2018-09-03 13:40:30",481
"2018-09-03 14:40:30",481
"2018-09-03 15:40:30",481
"2018-09-03 16:40:31",481
"2018-09-03 17:40:30",481
"2018-09-03 18:40:31",481
"2018-09-03 19:40:30",481
"2018-09-03 20:40:31",481
"2018-09-03 21:40:30",481
"2018-09-03 22:40:31",481
"2018-09-03 23:40:30",481
"2018-09-04 00:40:31",481
"2018-09-04 01:40:31",481
"2018-09-04 02:40:30",481
"2018-09-04 03:40:30",481
"2018-09-04 04:40:30",481
"2018-09-04 05:40:30",481
"2018-09-04 06:40:30",481
"2018-09-04 07:40:31",481
"2018-09-04 08:40:31",481
"2018-09-04 09:40:31",481
"2018-09-04 10:40:30",481
"2018-09-04 11:40:30",481
"2018-09-04 12:40:30",481
"2018-09-04 13:40:32",481
"2018-09-04 14:40:31",483
"2018-09-04 15:40:30",483
"2018-09-04 16:40:31",484
"2018-09-04 17:40:31",485
"2018-09-04 18:40:31",485
"2018-09-04 19:40:32",486
"2018-09-04 20:40:31",484
"2018-09-04 21:40:30",485
"2018-09-04 22:40:31",485
"2018-09-04 23:40:30",485
"2018-09-05 00:40:30",485
"2018-09-05 01:40:31",485
"2018-09-05 02:40:30",485
"2018-09-05 03:40:29",485
"2018-09-05 04:40:30",485
"2018-09-05 05:40:30",485
"2018-09-05 06:40:30",485
"2018-09-05 07:40:31",485
"2018-09-05 08:40:31",485
"2018-09-05 09:40:30",485
"2018-09-05 10:40:30",485
"2018-09-05 11:40:34",485
"2018-09-05 12:40:31",485
"2018-09-05 13:40:34",485
"2018-09-05 14:40:31",483
"2018-09-05 15:40:30",481
"2018-09-05 16:40:31",480
"2018-09-05 17:40:31",479
"2018-09-05 18:40:31",478
"2018-09-05 19:40:31",479
"2018-09-05 20:40:31",478
"2018-09-05 21:40:30",478
"2018-09-05 22:40:30",478
"2018-09-05 23:40:31",478
"2018-09-06 00:40:31",478
"2018-09-06 01:40:30",478
"2018-09-06 02:40:30",478
"2018-09-06 03:40:31",478
"2018-09-06 04:40:31",478
"2018-09-06 05:40:30",478
"2018-09-06 06:40:30",478
"2018-09-06 07:40:30",478
"2018-09-06 08:40:31",478
"2018-09-06 09:40:30",478
"2018-09-06 10:40:30",478
"2018-09-06 11:40:31",478
"2018-09-06 13:05:34",478
"2018-09-06 13:40:33",478
"2018-09-06 14:40:31",479
"2018-09-06 15:40:32",479
"2018-09-06 16:40:32",479
"2018-09-06 17:40:32",480
"2018-09-06 18:40:31",482
"2018-09-06 19:40:32",482
"2018-09-06 20:40:31",480
"2018-09-06 21:40:31",480
"2018-09-06 22:40:32",480
"2018-09-06 23:40:32",480
"2018-09-07 00:40:32",480
"2018-09-07 01:40:32",480
"2018-09-07 02:40:32",480
"2018-09-07 03:40:31",480
"2018-09-07 04:40:31",480
"2018-09-07 05:40:32",480
"2018-09-07 06:40:32",480
"2018-09-07 08:40:31",480
"2018-09-07 09:40:31",480
"2018-09-07 10:40:32",480
"2018-09-07 11:40:32",480
"2018-09-07 12:40:31",480
"2018-09-07 13:40:32",480
"2018-09-07 14:40:32",478
"2018-09-07 15:40:32",476
"2018-09-07 16:40:32",477
"2018-09-07 17:40:32",478
"2018-09-07 18:40:31",478
"2018-09-07 19:40:31",479
"2018-09-07 20:40:31",478
"2018-09-07 21:40:31",478
"2018-09-07 22:40:31",478
"2018-09-07 23:40:32",478
"2018-09-08 00:40:32",478
"2018-09-08 01:40:31",478
"2018-09-08 02:40:32",478
"2018-09-08 03:40:31",478
"2018-09-08 04:40:31",478
"2018-09-08 05:40:31",478
"2018-09-08 06:40:32",478
"2018-09-08 07:40:31",478
"2018-09-08 08:40:31",478
"2018-09-08 09:40:31",478
"2018-09-08 10:40:31",478
"2018-09-08 11:40:31",478
"2018-09-08 12:40:32",478
"2018-09-08 13:40:32",478
"2018-09-08 14:40:31",478
"2018-09-08 15:40:31",478
"2018-09-08 16:40:31",478
"2018-09-08 17:40:32",478
"2018-09-08 18:40:32",478
"2018-09-08 19:40:32",478
"2018-09-08 20:40:31",478
"2018-09-08 21:40:31",478
"2018-09-08 22:40:31",478
"2018-09-08 23:40:32",478
"2018-09-09 00:40:31",478
"2018-09-09 01:40:31",478
"2018-09-09 02:40:32",478
"2018-09-09 03:40:31",478
"2018-09-09 04:40:31",478
"2018-09-09 05:40:32",478
"2018-09-09 06:40:32",478
"2018-09-09 07:40:31",478
"2018-09-09 08:40:32",478
"2018-09-09 09:40:31",478
"2018-09-09 10:40:31",478
"2018-09-09 11:40:32",478
"2018-09-09 12:40:32",478
"2018-09-09 13:40:32",478
"2018-09-09 14:40:32",478
"2018-09-09 15:40:31",478
"2018-09-09 16:40:31",478
"2018-09-09 17:40:31",478
"2018-09-09 18:40:31",478
"2018-09-09 19:40:32",478
"2018-09-09 20:40:31",478
"2018-09-09 21:40:32",478
"2018-09-09 22:40:31",478
"2018-09-09 23:40:32",478
"2018-09-10 00:40:32",478
"2018-09-10 01:40:33",478
"2018-09-10 02:40:32",478
"2018-09-10 03:40:32",478
"2018-09-10 04:40:32",478
"2018-09-10 05:40:31",478
"2018-09-10 06:40:31",478
"2018-09-10 07:40:31",478
"2018-09-10 08:40:31",478
"2018-09-10 09:40:31",478
"2018-09-10 10:40:31",478
"2018-09-10 11:40:31",478
"2018-09-10 12:40:32",478
"2018-09-10 13:40:32",478
"2018-09-10 14:40:32",480
"2018-09-10 15:40:32",484
"2018-09-10 16:40:32",486
"2018-09-10 17:40:32",488
"2018-09-10 18:40:32",488
"2018-09-10 19:40:31",486
"2018-09-10 20:40:32",484
"2018-09-10 21:40:31",484
"2018-09-10 22:40:32",485
"2018-09-10 23:40:32",485
"2018-09-11 00:40:32",485
"2018-09-11 01:40:32",485
"2018-09-11 02:40:32",485
"2018-09-11 03:40:32",485
"2018-09-11 04:40:31",485
"2018-09-11 05:40:32",485
"2018-09-11 06:40:32",485
"2018-09-11 07:40:32",485
"2018-09-11 08:40:31",485
"2018-09-11 09:40:32",485
"2018-09-11 10:40:31",485
"2018-09-11 11:40:31",485
"2018-09-11 12:40:32",485
"2018-09-11 13:40:33",485
"2018-09-11 14:40:31",484
"2018-09-11 15:40:31",482
"2018-09-11 16:40:31",481
"2018-09-11 17:40:32",481
"2018-09-11 18:40:32",478
"2018-09-11 19:40:32",475
"2018-09-11 20:40:31",475
"2018-09-11 21:40:31",475
"2018-09-11 22:40:31",475
"2018-09-11 23:40:32",475
"2018-09-12 00:40:32",475
"2018-09-12 01:40:32",475
"2018-09-12 20:40:31",469
"2018-09-12 21:40:31",469
"2018-09-12 22:40:31",469
"2018-09-12 23:40:31",469
"2018-09-13 00:40:31",469
"2018-09-13 01:40:31",469
"2018-09-13 02:40:32",469
"2018-09-13 03:40:31",469
"2018-09-13 04:40:31",469
"2018-09-13 05:40:32",469
"2018-09-13 06:40:32",469
"2018-09-13 07:40:31",469
"2018-09-13 08:40:31",469
"2018-09-13 09:40:31",469
"2018-09-13 10:40:31",469
"2018-09-13 11:40:31",469
"2018-09-13 12:40:33",469
"2018-09-13 13:40:37",469
"2018-09-13 14:40:33",471
"2018-09-13 15:40:32",471
"2018-09-13 16:40:33",469
"2018-09-13 17:40:32",472
"2018-09-13 18:40:33",471
"2018-09-13 19:40:32",471
"2018-09-13 20:40:32",468
"2018-09-13 21:40:32",467
"2018-09-13 22:40:32",467
"2018-09-13 23:40:32",467
"2018-09-14 00:40:33",467
"2018-09-14 01:40:33",467
"2018-09-14 02:40:33",467
"2018-09-14 03:40:32",467
"2018-09-14 04:40:33",467
"2018-09-14 05:40:33",467
"2018-09-14 06:40:32",467
"2018-09-14 07:40:32",467
"2018-09-14 08:40:32",467
"2018-09-14 09:40:33",467
"2018-09-14 10:40:32",467
"2018-09-14 11:40:32",467
"2018-09-14 12:40:32",467
"2018-09-14 13:40:34",466
"2018-09-14 14:40:34",485
"2018-09-14 15:40:33",490
"2018-09-14 16:40:32",490
"2018-09-14 17:40:34",490
"2018-09-14 18:40:33",492
"2018-09-14 19:40:33",492
"2018-09-14 20:40:32",489
"2018-09-14 21:40:32",489
"2018-09-14 22:40:32",489
"2018-09-14 23:40:32",489
"2018-09-15 00:40:33",489
"2018-09-15 01:40:32",489
"2018-09-15 02:40:33",489
"2018-09-15 03:40:32",489
"2018-09-15 04:40:32",489
"2018-09-15 05:40:32",489
"2018-09-15 06:40:32",489
"2018-09-15 07:40:33",489
"2018-09-15 08:40:32",489
"2018-09-15 09:40:32",489
"2018-09-15 10:40:33",489
"2018-09-15 11:40:32",489
"2018-09-15 12:40:33",489
"2018-09-15 13:40:33",489
"2018-09-15 14:40:32",489
"2018-09-15 15:40:32",489
"2018-09-15 16:40:32",489
"2018-09-15 17:40:32",489
"2018-09-15 18:40:32",489
"2018-09-15 19:40:33",489
"2018-09-15 20:40:33",489
"2018-09-15 21:40:32",489
"2018-09-15 22:40:32",489
"2018-09-15 23:40:32",489
"2018-09-16 00:40:32",489
"2018-09-16 01:40:32",489
"2018-09-16 02:40:33",489
"2018-09-16 03:40:32",489
"2018-09-16 04:40:33",489
"2018-09-16 05:40:33",489
"2018-09-16 06:40:33",489
"2018-09-16 07:40:32",489
"2018-09-16 08:40:32",489
"2018-09-16 09:40:33",489
"2018-09-16 10:40:32",489
"2018-09-16 11:40:33",489
"2018-09-16 12:40:32",489
"2018-09-16 13:40:33",489
"2018-09-16 14:40:32",489
"2018-09-16 15:40:33",489
"2018-09-16 16:40:33",489
"2018-09-16 17:40:32",489
"2018-09-16 18:40:33",489
"2018-09-16 19:40:32",489
"2018-09-16 20:40:32",489
"2018-09-16 21:40:32",489
"2018-09-16 22:40:32",489
"2018-09-16 23:40:32",489
"2018-09-17 00:40:33",489
"2018-09-17 01:40:32",489
"2018-09-17 02:40:33",489
"2018-09-17 03:40:32",489
"2018-09-17 04:40:33",489
"2018-09-17 05:40:32",489
"2018-09-17 06:40:32",489
"2018-09-17 07:40:33",489
"2018-09-17 08:40:33",489
"2018-09-17 09:40:32",489
"2018-09-17 10:40:33",489
"2018-09-17 11:40:32",489
"2018-09-17 12:40:32",489
"2018-09-17 13:40:34",489
"2018-09-17 14:40:33",491
"2018-09-17 15:40:38",493
"2018-09-17 16:40:33",491
"2018-09-17 17:40:32",492
"2018-09-17 18:40:32",490
"2018-09-17 19:40:32",490
"2018-09-17 20:40:33",488
"2018-09-17 21:40:32",487
"2018-09-17 22:40:32",487
"2018-09-17 23:40:32",487
"2018-09-18 00:40:32",487
"2018-09-18 01:40:32",487
"2018-09-18 02:40:32",487
"2018-09-18 03:40:32",487
"2018-09-18 04:40:33",487
"2018-09-18 05:40:32",487
"2018-09-18 06:40:33",487
"2018-09-18 07:40:32",487
"2018-09-18 08:40:33",487
"2018-09-18 09:40:32",487
"2018-09-18 10:40:32",487
"2018-09-18 11:40:32",487
"2018-09-18 12:40:33",486
"2018-09-18 13:40:33",486
"2018-09-18 14:40:33",484
"2018-09-18 15:40:32",483
"2018-09-18 16:40:33",482
"2018-09-18 17:40:34",483
"2018-09-18 18:40:33",483
"2018-09-18 19:40:33",483
"2018-09-18 20:40:33",482
"2018-09-18 21:40:32",482
"2018-09-18 22:40:32",482
"2018-09-18 23:40:33",482
"2018-09-19 00:40:33",482
"2018-09-19 01:40:32",482
"2018-09-19 02:40:32",482
"2018-09-19 03:40:32",482
"2018-09-19 04:40:32",482
"2018-09-19 05:40:32",482
"2018-09-19 06:40:33",482
"2018-09-19 07:40:33",482
"2018-09-19 08:40:32",482
"2018-09-19 09:40:32",482
"2018-09-19 10:40:32",482
"2018-09-19 11:40:32",482
"2018-09-19 12:40:32",482
"2018-09-19 13:40:51",482
"2018-09-19 14:40:35",482
"2018-09-19 15:40:35",480
"2018-09-19 16:40:34",480
"2018-09-19 17:40:33",482
"2018-09-19 18:40:34",483
"2018-09-19 19:40:39",483
"2018-09-19 20:40:34",481
"2018-09-19 21:40:34",481
"2018-09-19 22:40:33",481
"2018-09-19 23:40:34",481
"2018-09-20 00:40:34",481
"2018-09-20 01:40:34",481
"2018-09-20 02:40:34",481
"2018-09-20 03:40:38",481
"2018-09-20 04:40:34",481
"2018-09-20 05:40:34",481
"2018-09-20 06:40:34",481
"2018-09-20 07:40:33",481
"2018-09-20 08:40:34",481
"2018-09-20 09:40:34",481
"2018-09-20 10:40:33",481
"2018-09-20 11:40:32",481
"2018-09-20 13:06:37",481
"2018-09-20 14:40:36",482
"2018-09-20 15:40:34",483
"2018-09-20 16:40:34",482
"2018-09-20 17:40:33",481
"2018-09-20 18:40:34",492
"2018-09-20 19:40:34",494
"2018-09-20 20:40:34",500
"2018-09-20 21:40:33",500
"2018-09-20 22:40:33",500
"2018-09-20 23:40:34",500
"2018-09-21 00:40:35",500
"2018-09-21 01:40:34",500
"2018-09-21 02:40:33",500
"2018-09-21 03:40:34",500
"2018-09-21 04:40:35",500
"2018-09-21 05:40:34",500
"2018-09-21 06:40:34",500
"2018-09-21 07:40:34",500
"2018-09-21 08:40:33",500
"2018-09-21 09:40:33",500
"2018-09-21 10:40:33",500
"2018-09-21 11:40:34",500
"2018-09-21 13:08:06",500
"2018-09-21 13:40:36",500
"2018-09-21 14:40:33",499
"2018-09-21 15:40:34",498
"2018-09-21 16:40:34",497
"2018-09-21 17:40:34",496
"2018-09-21 18:40:34",496
"2018-09-21 19:40:34",498
"2018-09-21 20:40:33",496
"2018-09-21 21:40:33",496
"2018-09-21 22:40:33",495
"2018-09-21 23:40:34",495
"2018-09-22 00:40:33",495
"2018-09-22 01:40:33",495
"2018-09-22 02:40:33",495
"2018-09-22 03:40:34",495
"2018-09-22 04:40:34",495
"2018-09-22 05:40:34",495
"2018-09-22 06:40:33",495
"2018-09-22 07:40:33",495
"2018-09-22 08:40:33",495
"2018-09-22 09:40:33",495
"2018-09-22 10:40:33",495
"2018-09-22 11:40:33",495
"2018-09-22 12:40:33",495
"2018-09-22 13:40:34",495
"2018-09-22 14:40:33",495
"2018-09-22 15:40:34",495
"2018-09-22 16:40:33",495
"2018-09-22 17:40:33",495
"2018-09-22 18:40:34",495
"2018-09-22 19:40:34",495
"2018-09-22 20:40:33",495
"2018-09-22 21:40:33",495
"2018-09-22 22:40:34",495
"2018-09-22 23:40:33",495
"2018-09-23 00:40:34",495
"2018-09-23 01:40:34",495
"2018-09-23 02:40:33",495
"2018-09-23 03:40:34",495
"2018-09-23 04:40:34",495
"2018-09-23 05:40:33",495
"2018-09-23 06:40:33",495
"2018-09-23 07:40:34",495
"2018-09-23 08:40:33",495
"2018-09-23 09:40:33",495
"2018-09-23 10:40:34",495
"2018-09-23 11:40:34",495
"2018-09-23 12:40:33",495
"2018-09-23 13:40:34",495
"2018-09-23 14:40:34",495
"2018-09-23 15:40:34",495
"2018-09-23 16:40:34",495
"2018-09-23 17:40:33",495
"2018-09-23 18:40:33",495
"2018-09-23 19:40:33",495
"2018-09-23 20:40:33",495
"2018-09-23 21:40:34",495
"2018-09-23 22:40:34",495
"2018-09-23 23:40:34",495
"2018-09-24 00:40:33",495
"2018-09-24 01:40:34",495
"2018-09-24 02:40:33",495
"2018-09-24 03:40:33",495
"2018-09-24 04:40:34",495
"2018-09-24 05:40:34",495
"2018-09-24 06:40:34",495
"2018-09-24 07:40:34",495
"2018-09-24 08:40:33",495
"2018-09-24 09:40:33",495
"2018-09-24 10:40:33",495
"2018-09-24 11:40:34",495
"2018-09-24 12:40:33",495
"2018-09-24 13:40:35",495
"2018-09-24 14:40:34",483
"2018-09-24 15:40:33",482
"2018-09-24 16:40:33",478
"2018-09-24 17:40:34",479
"2018-09-24 18:40:33",480
"2018-09-24 19:40:34",479
"2018-09-24 20:40:34",478
"2018-09-24 21:40:34",478
"2018-09-24 22:40:34",478
"2018-09-24 23:40:34",478
"2018-09-25 00:40:34",478
"2018-09-25 01:40:33",478
"2018-09-25 02:40:33",478
"2018-09-25 03:40:33",478
"2018-09-25 04:40:34",478
"2018-09-25 05:40:33",478
"2018-09-25 06:40:33",478
"2018-09-25 07:40:33",478
"2018-09-25 08:40:34",478
"2018-09-25 09:40:33",478
"2018-09-25 10:40:34",478
"2018-09-25 11:40:34",478
"2018-09-25 12:40:34",478
"2018-09-25 13:40:35",478
"2018-09-25 14:40:34",479
"2018-09-25 15:40:34",479
"2018-09-25 16:40:34",479
"2018-09-25 17:40:33",478
"2018-09-25 18:40:33",478
"2018-09-25 19:40:33",476
"2018-09-25 20:40:34",475
"2018-09-25 21:40:34",475
"2018-09-25 22:40:34",475
"2018-09-25 23:40:34",475
"2018-09-26 00:40:33",475
"2018-09-26 01:40:34",475
"2018-09-26 02:40:34",475
"2018-09-26 03:40:34",475
"2018-09-26 04:40:33",475
"2018-09-26 05:40:33",475
"2018-09-26 06:40:34",475
"2018-09-26 07:40:34",475
"2018-09-26 08:40:34",475
"2018-09-26 09:40:34",475
"2018-09-26 10:40:33",475
"2018-09-26 11:40:33",475
"2018-09-26 13:07:08",475
"2018-09-26 13:40:37",475
"2018-09-26 14:40:34",475
"2018-09-26 15:40:35",473
"2018-09-26 16:40:35",473
"2018-09-26 17:40:34",473
"2018-09-26 18:40:36",472
"2018-09-26 19:40:35",472
"2018-09-26 20:40:35",474
"2018-09-26 21:40:34",474
"2018-09-26 22:40:34",474
"2018-09-26 23:40:35",474
"2018-09-27 00:40:35",474
"2018-09-27 01:40:34",474
"2018-09-27 02:40:35",474
"2018-09-27 03:40:35",474
"2018-09-27 04:40:35",474
"2018-09-27 05:40:34",474
"2018-09-27 06:40:35",474
"2018-09-27 07:40:35",474
"2018-09-27 08:40:35",474
"2018-09-27 09:40:35",474
"2018-09-27 10:40:35",474
"2018-09-27 11:40:35",474
"2018-09-27 12:40:34",474
"2018-09-27 13:40:35",474
"2018-09-27 14:40:35",501
"2018-09-27 15:40:35",505
"2018-09-27 17:06:08",501
"2018-09-27 17:40:35",501
"2018-09-27 18:40:35",501
"2018-09-27 19:40:35",501
"2018-09-27 20:40:35",500
"2018-09-27 21:40:35",499
"2018-09-27 22:40:35",499
"2018-09-27 23:40:36",499
"2018-09-28 00:40:35",499
"2018-09-28 01:40:35",499
"2018-09-28 02:40:34",499
"2018-09-28 03:40:35",499
"2018-09-28 04:40:35",499
"2018-09-28 05:40:35",499
"2018-09-28 06:40:35",499
"2018-09-28 07:40:35",499
"2018-09-28 08:40:35",499
"2018-09-28 09:40:35",499
"2018-09-28 10:40:35",499
"2018-09-28 11:40:35",499
"2018-09-28 12:40:36",499
"2018-09-28 13:40:37",499
"2018-09-28 14:40:34",491
"2018-09-28 15:40:36",489
"2018-09-28 16:40:36",490
"2018-09-28 17:40:35",490
"2018-09-28 18:40:35",489
"2018-09-28 19:40:36",487
"2018-09-28 20:40:35",488
"2018-09-28 21:40:35",488
"2018-09-28 22:40:35",488
"2018-09-28 23:40:35",488
"2018-09-29 00:40:35",488
"2018-09-29 01:40:34",488
"2018-09-29 02:40:35",488
"2018-09-29 03:40:35",488
"2018-09-29 04:40:34",488
"2018-09-29 05:40:35",488
"2018-09-29 06:40:34",488
"2018-09-29 07:40:35",488
"2018-09-29 08:40:34",488
"2018-09-29 09:40:35",488
"2018-09-29 10:40:35",488
"2018-09-29 11:40:36",488
"2018-09-29 12:40:34",488
"2018-09-29 13:40:35",488
"2018-09-29 14:40:35",488
"2018-09-29 15:40:35",488
"2018-09-29 16:40:34",488
"2018-09-29 17:40:35",488
"2018-09-29 18:40:36",488
"2018-09-29 19:40:34",488
"2018-09-29 20:40:35",488
"2018-09-29 21:40:35",488
"2018-09-29 22:40:35",488
"2018-09-29 23:40:35",488
"2018-09-30 00:40:35",488
"2018-09-30 01:40:35",488
"2018-09-30 02:40:34",488
"2018-09-30 03:40:35",488
"2018-09-30 04:40:35",488
"2018-09-30 05:40:35",488
"2018-09-30 06:40:34",488
"2018-09-30 07:40:34",488
"2018-09-30 08:40:34",488
"2018-09-30 09:40:34",488
"2018-09-30 10:40:34",488
"2018-09-30 11:40:34",488
"2018-09-30 12:40:35",488
"2018-09-30 13:40:35",488
"2018-09-30 14:40:34",488
"2018-09-30 15:40:35",488
"2018-09-30 16:40:35",488
"2018-09-30 17:40:34",488
"2018-09-30 18:40:35",488
"2018-09-30 19:40:35",488
"2018-09-30 20:40:34",488
"2018-09-30 21:40:34",488
"2018-09-30 22:40:34",488
"2018-09-30 23:40:35",488
"2018-10-01 00:40:36",488
"2018-10-01 01:40:35",488
"2018-10-01 02:40:35",488
"2018-10-01 03:40:35",488
"2018-10-01 04:40:35",488
"2018-10-01 05:40:35",488
"2018-10-01 06:40:35",488
"2018-10-01 07:40:34",488
"2018-10-01 08:40:35",488
"2018-10-01 09:40:35",488
"2018-10-01 10:40:34",488
"2018-10-01 11:40:35",488
"2018-10-01 12:40:35",488
"2018-10-01 14:05:46",486
"2018-10-01 14:40:35",486
"2018-10-01 15:40:34",487
"2018-10-01 16:40:35",482
"2018-10-01 17:40:34",482
"2018-10-01 18:40:34",483
"2018-10-01 19:40:35",483
"2018-10-01 20:40:35",485
"2018-10-01 21:40:35",485
"2018-10-01 22:40:34",484
"2018-10-01 23:40:35",484
"2018-10-02 00:40:35",484
"2018-10-02 01:40:34",484
"2018-10-02 02:40:35",484
"2018-10-02 03:40:34",484
"2018-10-02 04:40:35",484
"2018-10-02 05:40:34",484
"2018-10-02 06:40:35",484
"2018-10-02 07:40:35",484
"2018-10-02 08:40:35",484
"2018-10-02 09:40:35",484
"2018-10-02 10:40:35",484
"2018-10-02 11:40:35",484
"2018-10-02 12:40:35",484
"2018-10-02 13:40:37",484
"2018-10-02 14:40:36",480
"2018-10-02 15:40:36",479
"2018-10-02 16:40:37",475
"2018-10-02 17:40:36",474
"2018-10-02 18:40:35",473
"2018-10-02 19:40:36",473
"2018-10-02 20:40:36",473
"2018-10-02 21:40:36",473
"2018-10-02 22:40:36",473
"2018-10-02 23:40:36",473
"2018-10-03 00:40:36",473
"2018-10-03 01:40:35",473
"2018-10-03 02:40:35",473
"2018-10-03 03:40:37",473
"2018-10-03 04:40:37",473
"2018-10-03 05:40:36",473
"2018-10-03 06:40:36",473
"2018-10-03 07:40:36",473
"2018-10-03 08:40:36",473
"2018-10-03 09:40:36",473
"2018-10-03 10:40:36",473
"2018-10-03 11:40:36",473
"2018-10-03 12:40:35",473
"2018-10-03 13:40:39",473
"2018-10-03 15:05:40",471
"2018-10-03 15:40:36",471
"2018-10-03 16:40:36",470
"2018-10-03 17:40:36",470
"2018-10-03 18:40:35",471
"2018-10-03 19:40:36",470
"2018-10-03 20:40:35",469
"2018-10-03 21:40:35",469
"2018-10-03 22:40:37",469
"2018-10-03 23:40:35",469
"2018-10-04 00:40:36",469
"2018-10-04 01:40:37",469
"2018-10-04 02:40:36",469
"2018-10-04 03:40:35",469
"2018-10-04 04:40:36",469
"2018-10-04 05:40:36",469
"2018-10-04 06:40:35",469
"2018-10-04 07:40:36",469
"2018-10-04 08:40:35",469
"2018-10-04 09:40:36",469
"2018-10-04 10:40:36",469
"2018-10-04 11:40:36",469
"2018-10-04 12:40:36",469
"2018-10-04 14:06:41",468
"2018-10-04 14:40:36",468
"2018-10-04 15:40:35",467
"2018-10-04 16:40:37",466
"2018-10-04 17:40:36",465
"2018-10-04 18:40:35",465
"2018-10-04 19:40:36",465
"2018-10-04 20:40:36",467
"2018-10-04 21:40:35",467
"2018-10-04 22:40:36",467
"2018-10-04 23:40:36",467
"2018-10-05 00:40:36",467
"2018-10-05 01:40:36",467
"2018-10-05 02:40:36",467
"2018-10-05 03:40:36",467
"2018-10-05 04:40:36",467
"2018-10-05 05:40:36",467
"2018-10-05 06:40:36",467
"2018-10-05 07:40:36",467
"2018-10-05 08:40:36",467
"2018-10-05 09:40:36",467
"2018-10-05 10:40:36",467
"2018-10-05 11:40:35",467
"2018-10-05 12:40:36",467
"2018-10-05 13:40:38",467
"2018-10-05 14:40:36",468
"2018-10-05 15:40:37",468
"2018-10-05 16:40:36",466
"2018-10-05 17:40:37",466
"2018-10-05 18:40:37",464
"2018-10-05 19:40:36",464
"2018-10-05 20:40:35",464
"2018-10-05 21:40:36",464
"2018-10-05 22:40:36",464
"2018-10-05 23:40:35",464
"2018-10-06 00:40:36",464
"2018-10-06 01:40:36",464
"2018-10-06 02:40:36",464
"2018-10-06 03:40:36",464
"2018-10-06 04:40:36",464
"2018-10-06 05:40:36",464
"2018-10-06 06:40:36",464
"2018-10-06 07:40:36",464
"2018-10-06 08:40:35",464
"2018-10-06 09:40:35",464
"2018-10-06 10:40:36",464
"2018-10-06 11:40:35",464
"2018-10-06 12:40:36",464
"2018-10-06 13:40:35",464
"2018-10-06 14:40:36",464
"2018-10-06 15:40:36",464
"2018-10-06 16:40:36",464
"2018-10-06 17:40:36",464
"2018-10-06 18:40:36",464
"2018-10-06 19:40:36",464
"2018-10-06 20:40:35",464
"2018-10-06 21:40:36",464
"2018-10-06 22:40:36",464
"2018-10-06 23:40:36",464
"2018-10-07 00:40:36",464
"2018-10-07 01:40:36",464
"2018-10-07 02:40:36",464
"2018-10-07 03:40:36",464
"2018-10-07 04:40:36",464
"2018-10-07 05:40:36",464
"2018-10-07 06:40:36",464
"2018-10-07 07:40:35",464
"2018-10-07 08:40:35",464
"2018-10-07 09:40:35",464
"2018-10-07 10:40:35",464
"2018-10-07 11:40:35",464
"2018-10-07 12:40:35",464
"2018-10-07 13:40:36",464
"2018-10-07 14:40:36",464
"2018-10-07 15:40:36",464
"2018-10-07 16:40:36",464
"2018-10-07 17:40:36",464
"2018-10-07 18:40:36",464
"2018-10-07 19:40:36",464
"2018-10-07 20:40:36",464
"2018-10-07 21:40:36",464
"2018-10-07 22:40:35",464
"2018-10-07 23:40:36",464
"2018-10-08 00:40:36",464
"2018-10-08 01:40:36",464
"2018-10-08 02:40:36",464
"2018-10-08 03:40:35",464
"2018-10-08 04:40:36",464
"2018-10-08 05:40:35",464
"2018-10-08 06:40:36",464
"2018-10-08 07:40:35",464
"2018-10-08 08:40:36",464
"2018-10-08 09:40:36",464
"2018-10-08 10:40:35",464
"2018-10-08 11:40:35",464
"2018-10-08 12:40:35",464
"2018-10-08 13:40:38",464
"2018-10-08 14:40:36",464
"2018-10-08 15:40:36",463
"2018-10-08 16:40:36",461
"2018-10-08 17:40:36",459
"2018-10-08 18:40:36",459
"2018-10-08 19:40:36",459
"2018-10-08 20:40:36",457
"2018-10-08 21:40:36",457
"2018-10-08 22:40:36",457
"2018-10-08 23:40:36",457
"2018-10-09 00:40:35",457
"2018-10-09 01:40:35",457
"2018-10-09 02:40:34",457
"2018-10-09 03:40:39",457
"2018-10-09 04:40:35",457
"2018-10-09 05:40:35",457
"2018-10-09 06:40:34",457
"2018-10-09 07:40:35",457
"2018-10-09 08:40:35",457
"2018-10-09 09:40:34",457
"2018-10-09 10:40:35",457
"2018-10-09 11:40:35",457
"2018-10-09 12:40:35",457
"2018-10-09 13:40:35",457
"2018-10-09 14:40:35",454
"2018-10-09 15:40:35",454
"2018-10-09 16:40:35",454
"2018-10-09 17:40:34",454
"2018-10-09 18:40:35",453
"2018-10-09 19:40:34",453
"2018-10-09 20:40:34",452
"2018-10-09 21:40:34",452
"2018-10-09 22:40:35",452
"2018-10-09 23:40:34",452
"2018-10-10 00:40:34",452
"2018-10-10 01:40:35",452
"2018-10-10 02:40:35",452
"2018-10-10 03:40:37",452
"2018-10-10 04:40:35",452
"2018-10-10 05:40:34",452
"2018-10-10 06:40:34",452
"2018-10-10 07:40:35",452
"2018-10-10 08:40:35",452
"2018-10-10 09:40:34",452
"2018-10-10 10:40:35",452
"2018-10-10 11:40:35",452
"2018-10-10 12:40:36",452
"2018-10-10 13:40:37",452
"2018-10-10 14:40:36",451
"2018-10-10 15:40:36",452
"2018-10-10 16:40:36",453
"2018-10-10 17:40:35",453
"2018-10-10 18:40:36",454
"2018-10-10 19:40:37",454
"2018-10-10 20:40:36",454
"2018-10-10 21:40:35",454
"2018-10-10 22:40:36",454
"2018-10-10 23:40:36",454
"2018-10-11 00:40:36",454
"2018-10-11 01:40:36",454
"2018-10-11 02:40:35",454
"2018-10-11 03:40:35",454
"2018-10-11 04:40:35",454
"2018-10-11 05:40:35",454
"2018-10-11 06:40:36",454
"2018-10-11 07:40:35",454
"2018-10-11 08:40:36",454
"2018-10-11 09:40:36",454
"2018-10-11 10:40:36",454
"2018-10-11 11:40:36",454
"2018-10-11 12:40:35",454
"2018-10-11 13:40:37",454
"2018-10-11 14:40:35",453
"2018-10-11 15:40:36",453
"2018-10-11 16:40:36",454
"2018-10-11 17:40:36",456
"2018-10-11 18:40:36",456
"2018-10-11 19:40:35",455
"2018-10-11 20:40:36",455
"2018-10-11 21:40:36",455
"2018-10-11 22:40:35",455
"2018-10-11 23:40:36",455
"2018-10-12 00:40:35",455
"2018-10-12 01:40:35",455
"2018-10-12 02:40:36",455
"2018-10-12 03:40:35",455
"2018-10-12 04:40:37",455
"2018-10-12 05:40:35",455
"2018-10-12 06:40:35",455
"2018-10-12 07:40:35",455
"2018-10-12 08:40:36",455
"2018-10-12 09:40:36",455
"2018-10-12 10:40:36",455
"2018-10-12 11:40:36",455
"2018-10-12 12:40:35",455
"2018-10-12 13:40:37",455
"2018-10-12 14:40:35",460
"2018-10-12 15:40:36",460
"2018-10-12 16:40:36",459
"2018-10-12 17:40:36",457
"2018-10-12 18:40:36",457
"2018-10-12 19:40:35",456
"2018-10-12 20:40:36",457
"2018-10-12 21:40:36",457
"2018-10-12 22:40:35",457
"2018-10-12 23:40:36",457
"2018-10-13 00:40:35",457
"2018-10-13 01:40:35",457
"2018-10-13 02:40:36",457
"2018-10-13 03:40:36",457
"2018-10-13 04:40:36",457
"2018-10-13 05:40:35",457
"2018-10-13 06:40:36",457
"2018-10-13 07:40:36",457
"2018-10-13 08:40:36",457
"2018-10-13 09:40:36",457
"2018-10-13 10:40:35",457
"2018-10-13 11:40:35",457
"2018-10-13 12:40:35",457
"2018-10-13 13:40:36",457
"2018-10-13 14:40:36",457
"2018-10-13 15:40:36",457
"2018-10-13 16:40:35",457
"2018-10-13 17:40:36",457
"2018-10-13 18:40:36",457
"2018-10-13 19:40:36",457
"2018-10-13 20:40:36",457
"2018-10-13 21:40:36",457
"2018-10-13 22:40:36",457
"2018-10-13 23:40:36",457
"2018-10-14 00:40:35",457
"2018-10-14 01:40:35",457
"2018-10-14 02:40:35",457
"2018-10-14 03:40:35",457
"2018-10-14 04:40:36",457
"2018-10-14 05:40:35",457
"2018-10-14 06:40:36",457
"2018-10-14 07:40:36",457
"2018-10-14 08:40:35",457
"2018-10-14 09:40:36",457
"2018-10-14 10:40:35",457
"2018-10-14 11:40:36",457
"2018-10-14 12:40:35",457
"2018-10-14 13:40:35",457
"2018-10-14 14:40:35",457
"2018-10-14 15:40:36",457
"2018-10-14 16:40:35",457
"2018-10-14 17:40:35",457
"2018-10-14 18:40:35",457
"2018-10-14 19:40:36",457
"2018-10-14 20:40:35",457
"2018-10-14 21:40:36",457
"2018-10-14 22:40:35",457
"2018-10-14 23:40:36",457
"2018-10-15 00:40:36",457
"2018-10-15 01:40:35",457
"2018-10-15 02:40:35",457
"2018-10-15 03:40:36",457
"2018-10-15 04:40:35",457
"2018-10-15 05:40:36",457
"2018-10-15 06:40:36",457
"2018-10-15 07:40:36",457
"2018-10-15 08:40:36",457
"2018-10-15 09:40:35",457
"2018-10-15 10:40:36",457
"2018-10-15 11:40:36",457
"2018-10-15 12:40:36",457
"2018-10-15 13:40:37",457
"2018-10-15 14:40:37",460
"2018-10-15 15:40:36",462
"2018-10-15 16:40:37",462
"2018-10-15 17:40:36",463
"2018-10-15 18:40:36",462
"2018-10-15 19:40:36",462
"2018-10-15 20:40:37",462
"2018-10-15 21:40:37",462
"2018-10-15 22:40:36",462
"2018-10-15 23:40:36",462
"2018-10-16 00:40:36",462
"2018-10-16 01:40:37",462
"2018-10-16 02:40:36",462
"2018-10-16 03:40:36",462
"2018-10-16 04:40:36",462
"2018-10-16 09:40:35",462
"2018-10-16 10:40:36",462
"2018-10-16 11:40:35",462
"2018-10-16 12:40:36",462
"2018-10-16 13:40:38",462
"2018-10-16 14:40:36",466
"2018-10-16 15:40:35",465
"2018-10-16 16:40:36",466
"2018-10-16 17:40:36",465
"2018-10-16 18:40:37",465
"2018-10-16 19:40:37",464
"2018-10-16 20:40:35",463
"2018-10-16 21:40:36",463
"2018-10-16 22:40:36",462
"2018-10-16 23:40:36",462
"2018-10-17 00:40:36",462
"2018-10-17 01:40:36",462
"2018-10-17 02:40:35",462
"2018-10-17 03:40:36",462
"2018-10-17 04:40:35",462
"2018-10-17 05:40:36",462
"2018-10-17 06:40:36",462
"2018-10-17 07:40:36",462
"2018-10-17 08:40:36",462
"2018-10-17 09:40:36",462
"2018-10-17 10:40:35",462
"2018-10-17 11:40:35",462
"2018-10-17 12:40:36",462
"2018-10-17 14:06:40",461
"2018-10-17 14:40:37",461
"2018-10-17 15:40:37",461
"2018-10-17 16:40:37",461
"2018-10-17 17:40:37",460
"2018-10-17 18:40:37",461
"2018-10-17 19:40:37",461
"2018-10-17 20:40:36",460
"2018-10-17 21:40:37",460
"2018-10-17 22:40:37",460
"2018-10-17 23:40:37",460
"2018-10-18 00:40:37",460
"2018-10-18 01:40:36",460
"2018-10-18 02:40:37",460
"2018-10-18 03:40:38",460
"2018-10-18 04:40:36",460
"2018-10-18 05:40:37",460
"2018-10-18 06:40:37",460
"2018-10-18 07:40:36",460
"2018-10-18 08:40:37",460
"2018-10-18 09:40:36",460
"2018-10-18 10:40:36",460
"2018-10-18 11:40:36",460
"2018-10-18 13:05:40",460
"2018-10-18 13:40:37",460
"2018-10-18 14:40:37",459
"2018-10-18 15:40:36",459
"2018-10-18 16:40:37",459
"2018-10-18 17:40:36",460
"2018-10-18 18:40:36",459
"2018-10-18 19:40:36",458
"2018-10-18 20:40:37",458
"2018-10-18 21:40:37",458
"2018-10-18 22:40:36",458
"2018-10-18 23:40:36",458
"2018-10-19 00:40:37",458
"2018-10-19 01:40:37",458
"2018-10-19 02:40:37",458
"2018-10-19 03:40:37",458
"2018-10-19 04:40:36",458
"2018-10-19 05:40:36",458
"2018-10-19 06:40:36",458
"2018-10-19 07:40:37",458
"2018-10-19 08:40:37",458
"2018-10-19 09:40:36",458
"2018-10-19 10:40:37",458
"2018-10-19 11:40:36",458
"2018-10-19 13:05:09",458
"2018-10-19 13:40:40",458
"2018-10-19 14:40:36",459
"2018-10-19 15:40:37",459
"2018-10-19 16:40:36",459
"2018-10-19 17:40:36",459
"2018-10-19 18:40:37",459
"2018-10-19 19:40:37",458
"2018-10-19 20:40:37",458
"2018-10-19 21:40:36",458
"2018-10-19 22:40:36",458
"2018-10-19 23:40:36",458
"2018-10-20 00:40:37",458
"2018-10-20 01:40:37",458
"2018-10-20 02:40:36",458
"2018-10-20 03:40:36",458
"2018-10-20 04:40:36",458
"2018-10-20 05:40:36",458
"2018-10-20 06:40:37",458
"2018-10-20 07:40:36",458
"2018-10-20 08:40:37",458
"2018-10-20 09:40:36",458
"2018-10-20 10:40:36",458
"2018-10-20 11:40:37",458
"2018-10-20 12:40:36",458
"2018-10-20 13:40:37",458
"2018-10-20 14:40:37",458
"2018-10-20 15:40:37",458
"2018-10-20 16:40:37",458
"2018-10-20 17:40:37",458
"2018-10-20 18:40:37",458
"2018-10-20 19:40:37",458
"2018-10-20 20:40:37",458
"2018-10-20 21:40:37",458
"2018-10-20 22:40:37",458
"2018-10-20 23:40:37",458
"2018-10-21 00:40:37",458
"2018-10-21 01:40:37",458
"2018-10-21 02:40:37",458
"2018-10-21 03:40:37",458
"2018-10-21 04:40:36",458
"2018-10-21 05:40:37",458
"2018-10-21 06:40:36",458
"2018-10-21 07:40:42",458
"2018-10-21 08:40:36",458
"2018-10-21 09:40:36",458
"2018-10-21 10:40:36",458
"2018-10-21 11:40:36",458
"2018-10-21 12:40:36",458
"2018-10-21 13:40:38",458
"2018-10-21 14:40:37",458
"2018-10-21 15:40:37",458
"2018-10-21 16:40:36",458
"2018-10-21 17:40:37",458
"2018-10-21 18:40:36",458
"2018-10-21 19:40:36",458
"2018-10-21 20:40:37",458
"2018-10-21 21:40:37",458
"2018-10-21 22:40:37",458
"2018-10-21 23:40:37",458
"2018-10-22 00:40:37",458
"2018-10-22 01:40:37",458
"2018-10-22 02:40:37",458
"2018-10-22 03:40:38",458
"2018-10-22 04:40:37",458
"2018-10-22 05:40:36",458
"2018-10-22 06:40:37",458
"2018-10-22 07:40:37",458
"2018-10-22 08:40:37",458
"2018-10-22 09:40:37",458
"2018-10-22 10:40:37",458
"2018-10-22 11:40:36",458
"2018-10-22 12:40:36",458
"2018-10-22 13:40:37",458
"2018-10-22 14:40:38",459
"2018-10-22 15:40:37",456
"2018-10-22 16:40:36",456
"2018-10-22 17:40:37",455
"2018-10-22 18:40:36",455
"2018-10-22 19:40:37",455
"2018-10-22 20:40:37",454
"2018-10-22 21:40:37",454
"2018-10-22 22:40:36",454
"2018-10-22 23:40:37",454
"2018-10-23 00:40:37",454
"2018-10-23 01:40:37",454
"2018-10-23 02:40:36",454
"2018-10-23 03:40:37",454
"2018-10-23 04:40:37",454
"2018-10-23 05:40:37",454
"2018-10-23 06:40:37",454
"2018-10-23 07:40:40",454
"2018-10-23 08:40:36",454
"2018-10-23 09:40:37",454
"2018-10-23 10:40:37",454
"2018-10-23 11:40:37",454
"2018-10-23 12:40:36",454
"2018-10-23 13:40:38",454
"2018-10-23 14:40:36",452
"2018-10-23 15:40:36",454
"2018-10-23 16:40:36",454
"2018-10-23 17:40:37",456
"2018-10-23 18:40:37",456
"2018-10-23 19:40:36",456
"2018-10-23 20:40:37",457
"2018-10-23 21:40:37",456
"2018-10-23 22:40:36",456
"2018-10-23 23:40:36",456
"2018-10-24 00:40:36",456
"2018-10-24 01:40:37",456
"2018-10-24 02:40:37",456
"2018-10-24 03:40:37",456
"2018-10-24 04:40:36",456
"2018-10-24 05:40:37",456
"2018-10-24 06:40:37",456
"2018-10-24 07:40:37",456
"2018-10-24 08:40:37",456
"2018-10-24 09:40:36",456
"2018-10-24 10:40:37",456
"2018-10-24 11:40:36",456
"2018-10-24 12:40:37",456
"2018-10-24 13:40:38",456
"2018-10-24 14:40:38",457
"2018-10-24 15:40:38",457
"2018-10-24 16:40:38",455
"2018-10-24 17:40:38",456
"2018-10-24 18:40:39",458
"2018-10-24 19:40:38",458
"2018-10-24 20:40:38",459
"2018-10-24 21:40:38",459
"2018-10-24 22:40:38",459
"2018-10-24 23:40:38",459
"2018-10-25 00:40:38",459
"2018-10-25 01:40:38",459
"2018-10-25 02:40:38",459
"2018-10-25 03:40:37",459
"2018-10-25 04:40:38",459
"2018-10-25 05:40:38",459
"2018-10-25 06:40:37",459
"2018-10-25 07:40:38",459
"2018-10-25 08:40:37",459
"2018-10-25 09:40:37",459
"2018-10-25 10:40:37",459
"2018-10-25 11:40:39",459
"2018-10-25 14:06:42",458
"2018-10-25 14:40:38",458
"2018-10-25 15:40:38",458
"2018-10-25 16:40:38",458
"2018-10-25 17:40:38",458
"2018-10-25 18:40:39",458
"2018-10-25 19:40:38",457
"2018-10-25 20:40:38",458
"2018-10-25 21:40:38",458
"2018-10-25 22:40:38",458
"2018-10-25 23:40:39",458
"2018-10-26 00:40:38",458
"2018-10-26 01:40:38",458
"2018-10-26 02:40:38",458
"2018-10-26 03:40:38",458
"2018-10-26 04:40:38",458
"2018-10-26 05:40:38",458
"2018-10-26 06:40:38",458
"2018-10-26 07:40:37",458
"2018-10-26 08:40:37",458
"2018-10-26 09:40:37",458
"2018-10-26 10:40:37",458
"2018-10-26 11:40:38",458
"2018-10-26 12:40:38",458
"2018-10-26 13:40:38",458
"2018-10-26 14:40:38",457
"2018-10-26 15:40:37",458
"2018-10-26 16:40:38",458
"2018-10-26 17:40:38",459
"2018-10-26 18:40:38",459
"2018-10-26 19:40:38",459
"2018-10-26 20:40:38",459
"2018-10-26 21:40:37",460
"2018-10-26 22:40:37",460
"2018-10-26 23:40:37",460
"2018-10-27 00:40:37",460
"2018-10-27 01:40:38",460
"2018-10-27 02:40:37",460
"2018-10-27 03:40:37",460
"2018-10-27 04:40:37",460
"2018-10-27 05:40:38",460
"2018-10-27 06:40:38",460
"2018-10-27 07:40:37",460
"2018-10-27 08:40:38",460
"2018-10-27 09:40:38",460
"2018-10-27 10:40:38",460
"2018-10-27 11:40:37",460
"2018-10-27 12:40:37",460
"2018-10-27 13:40:37",460
"2018-10-27 14:40:38",460
"2018-10-27 15:40:38",460
"2018-10-27 16:40:38",460
"2018-10-27 17:40:38",460
"2018-10-27 18:40:37",460
"2018-10-27 19:40:38",460
"2018-10-27 20:40:38",460
"2018-10-27 21:40:38",460
"2018-10-27 22:40:38",460
"2018-10-27 23:40:37",460
"2018-10-28 00:40:38",460
"2018-10-28 01:40:38",460
"2018-10-28 02:40:37",460
"2018-10-28 03:40:38",460
"2018-10-28 04:40:38",460
"2018-10-28 05:40:37",460
"2018-10-28 06:40:38",460
"2018-10-28 07:40:37",460
"2018-10-28 08:40:38",460
"2018-10-28 09:40:38",460
"2018-10-28 10:40:37",460
"2018-10-28 11:40:37",460
"2018-10-28 12:40:37",460
"2018-10-28 13:40:38",460
"2018-10-28 14:40:38",460
"2018-10-28 15:40:38",460
"2018-10-28 16:40:38",460
"2018-10-28 17:40:38",460
"2018-10-28 18:40:38",460
"2018-10-28 19:40:37",460
"2018-10-28 20:40:37",460
"2018-10-28 21:40:37",460
"2018-10-28 22:40:38",460
"2018-10-28 23:40:37",460
"2018-10-29 00:40:38",460
"2018-10-29 01:40:38",460
"2018-10-29 02:40:38",460
"2018-10-29 03:40:37",460
"2018-10-29 04:40:38",460
"2018-10-29 05:40:37",460
"2018-10-29 06:40:38",460
"2018-10-29 07:40:37",460
"2018-10-29 08:40:37",460
"2018-10-29 09:40:37",460
"2018-10-29 10:40:37",460
"2018-10-29 11:40:37",460
"2018-10-29 12:40:38",460
"2018-10-29 13:40:38",460
"2018-10-29 14:40:38",463
"2018-10-29 15:40:37",463
"2018-10-29 16:40:38",463
"2018-10-29 17:40:37",463
"2018-10-29 18:40:38",462
"2018-10-29 19:40:38",462
"2018-10-29 20:40:38",461
"2018-10-29 21:40:38",461
"2018-10-29 22:40:38",461
"2018-10-29 23:40:37",461
"2018-10-30 00:40:38",461
"2018-10-30 01:40:37",461
"2018-10-30 02:40:38",461
"2018-10-30 03:40:38",461
"2018-10-30 04:40:38",461
"2018-10-30 05:40:37",461
"2018-10-30 06:40:38",461
"2018-10-30 07:40:37",461
"2018-10-30 08:40:37",461
"2018-10-30 09:40:38",461
"2018-10-30 10:40:38",461
"2018-10-30 11:40:37",461
"2018-10-30 12:40:37",461
"2018-10-30 13:40:38",461
"2018-10-30 14:40:39",459
"2018-10-30 15:40:38",457
"2018-10-30 16:40:38",455
"2018-10-30 17:40:37",456
"2018-10-30 18:40:38",457
"2018-10-30 19:40:38",458
"2018-10-30 20:40:38",461
"2018-10-30 21:40:38",461
"2018-10-30 22:40:38",461
"2018-10-30 23:40:37",461
"2018-10-31 00:40:38",461
"2018-10-31 01:40:38",461
"2018-10-31 02:40:38",461
"2018-10-31 03:40:37",461
"2018-10-31 04:40:38",461
"2018-10-31 05:40:38",461
"2018-10-31 06:40:38",461
"2018-10-31 07:40:37",461
"2018-10-31 08:40:38",461
"2018-10-31 09:40:37",461
"2018-10-31 10:40:38",461
"2018-10-31 11:40:38",461
"2018-10-31 12:40:38",461
"2018-10-31 14:07:12",464
"2018-10-31 14:40:39",464
"2018-10-31 15:40:39",465
"2018-10-31 16:40:39",464
"2018-10-31 17:40:38",463
"2018-10-31 18:40:38",464
"2018-10-31 19:40:38",462
"2018-10-31 20:40:39",460
"2018-10-31 21:40:38",460
"2018-10-31 22:40:38",460
"2018-10-31 23:40:39",460
"2018-11-01 00:40:38",460
"2018-11-01 01:40:39",460
"2018-11-01 02:40:39",460
"2018-11-01 03:40:38",460
"2018-11-01 04:40:38",460
"2018-11-01 05:40:39",460
"2018-11-01 06:40:39",460
"2018-11-01 07:40:39",460
"2018-11-01 08:40:39",460
"2018-11-01 09:40:38",460
"2018-11-01 10:40:39",460
"2018-11-01 11:40:38",460
"2018-11-01 12:40:38",460
"2018-11-01 13:40:39",460
"2018-11-01 14:40:40",461
"2018-11-01 15:40:39",460
"2018-11-01 16:40:39",460
"2018-11-01 17:40:39",461
"2018-11-01 18:40:39",460
"2018-11-01 19:40:39",460
"2018-11-01 20:40:40",460
"2018-11-01 21:40:39",460
"2018-11-01 22:40:39",460
"2018-11-01 23:40:39",460
"2018-11-02 00:40:38",460
"2018-11-02 01:40:39",460
"2018-11-02 02:40:39",460
"2018-11-02 03:40:40",460
"2018-11-02 04:40:39",460
"2018-11-02 05:40:39",460
"2018-11-02 06:40:39",460
"2018-11-02 07:40:38",460
"2018-11-02 08:40:38",460
"2018-11-02 09:40:40",460
"2018-11-02 10:40:39",460
"2018-11-02 11:40:38",460
"2018-11-02 12:40:39",460
"2018-11-02 14:05:12",461
"2018-11-02 14:40:39",461
"2018-11-02 15:40:39",460
"2018-11-02 16:40:39",460
"2018-11-02 17:40:39",460
"2018-11-02 18:40:39",460
"2018-11-02 19:40:39",460
"2018-11-02 20:40:40",460
"2018-11-02 21:40:39",460
"2018-11-02 22:40:39",460
"2018-11-02 23:40:39",460
"2018-11-03 00:40:39",460
"2018-11-03 01:40:39",460
"2018-11-03 02:40:40",460
"2018-11-03 03:40:38",460
"2018-11-03 04:40:38",460
"2018-11-03 05:40:39",460
"2018-11-03 06:40:38",460
"2018-11-03 07:40:38",460
"2018-11-03 08:40:39",460
"2018-11-03 09:40:40",460
"2018-11-03 10:40:38",460
"2018-11-03 11:40:39",460
"2018-11-03 12:40:39",460
"2018-11-03 13:40:39",460
"2018-11-03 14:40:39",460
"2018-11-03 15:40:38",460
"2018-11-03 16:40:38",460
"2018-11-03 17:40:39",460
"2018-11-03 18:40:39",460
"2018-11-03 19:40:39",460
"2018-11-03 20:40:38",460
"2018-11-03 21:40:49",460
"2018-11-03 22:40:39",460
"2018-11-03 23:40:39",460
"2018-11-04 00:40:39",460
"2018-11-04 01:40:39",460
"2018-11-04 02:40:39",460
"2018-11-04 03:40:39",460
"2018-11-04 04:40:39",460
"2018-11-04 05:40:39",460
"2018-11-04 06:40:39",460
"2018-11-04 07:40:39",460
"2018-11-04 08:40:39",460
"2018-11-04 09:40:38",460
"2018-11-04 10:40:38",460
"2018-11-04 11:40:39",460
"2018-11-04 12:40:39",460
"2018-11-04 13:40:39",460
"2018-11-04 14:40:38",460
"2018-11-04 15:40:38",460
"2018-11-04 16:40:38",460
"2018-11-04 17:40:39",460
"2018-11-04 18:40:39",460
"2018-11-04 19:40:39",460
"2018-11-04 20:40:38",460
"2018-11-04 21:40:38",460
"2018-11-04 22:40:39",460
"2018-11-04 23:40:39",460
"2018-11-05 00:40:39",460
"2018-11-05 01:40:38",460
"2018-11-05 02:40:38",460
"2018-11-05 03:40:40",460
"2018-11-05 04:40:39",460
"2018-11-05 05:40:40",460
"2018-11-05 06:40:39",460
"2018-11-05 07:40:38",460
"2018-11-05 08:40:39",460
"2018-11-05 09:40:39",460
"2018-11-05 10:40:39",460
"2018-11-05 11:40:38",460
"2018-11-05 12:40:38",460
"2018-11-05 13:40:39",460
"2018-11-05 14:40:41",460
"2018-11-05 15:40:39",463
"2018-11-05 16:40:39",462
"2018-11-05 17:40:38",462
"2018-11-05 18:40:38",461
"2018-11-05 19:40:38",459
"2018-11-05 20:40:39",459
"2018-11-05 21:40:40",459
"2018-11-05 22:40:39",459
"2018-11-05 23:40:39",459
"2018-11-06 00:40:39",459
"2018-11-06 01:40:39",459
"2018-11-06 02:40:39",459
"2018-11-06 03:40:40",459
"2018-11-06 04:40:40",459
"2018-11-06 05:40:40",459
"2018-11-06 06:40:39",459
"2018-11-06 07:40:41",459
"2018-11-06 08:40:41",459
"2018-11-06 09:40:40",459
"2018-11-06 10:40:40",459
"2018-11-06 11:40:40",459
"2018-11-06 12:40:40",459
"2018-11-06 13:40:42",459
"2018-11-06 14:40:43",459
"2018-11-06 15:40:42",458
"2018-11-06 16:40:42",458
"2018-11-06 17:40:42",459
"2018-11-06 18:40:41",459
"2018-11-06 19:40:41",459
"2018-11-06 20:40:42",459
"2018-11-06 21:40:42",459
"2018-11-06 22:40:42",459
"2018-11-06 23:40:41",459
"2018-11-07 00:40:42",459
"2018-11-07 01:40:42",459
"2018-11-07 02:40:42",459
"2018-11-07 03:40:42",459
"2018-11-07 04:40:41",459
"2018-11-07 05:40:41",459
"2018-11-07 06:40:41",459
"2018-11-07 07:40:41",459
"2018-11-07 08:40:41",459
"2018-11-07 09:40:41",459
"2018-11-07 10:40:41",459
"2018-11-07 11:40:41",459
"2018-11-07 12:40:42",459
"2018-11-07 13:40:41",459
"2018-11-07 14:40:44",459
"2018-11-07 15:40:42",459
"2018-11-07 16:40:41",459
"2018-11-07 17:40:41",459
"2018-11-07 18:40:42",459
"2018-11-07 19:40:42",459
"2018-11-07 20:40:43",459
"2018-11-07 21:40:41",458
"2018-11-07 22:40:42",458
"2018-11-07 23:40:41",457
"2018-11-08 00:40:41",457
"2018-11-08 01:40:42",457
"2018-11-08 02:40:41",457
"2018-11-08 03:40:41",457
"2018-11-08 04:40:41",457
"2018-11-08 05:40:41",457
"2018-11-08 06:40:41",457
"2018-11-08 07:40:41",457
"2018-11-08 08:40:42",457
"2018-11-08 09:40:41",457
"2018-11-08 10:40:41",457
"2018-11-08 11:40:41",457
"2018-11-08 12:40:42",457
"2018-11-08 13:40:41",457
"2018-11-08 14:40:42",457
"2018-11-08 15:40:41",459
"2018-11-08 16:40:41",459
"2018-11-08 17:40:41",459
"2018-11-08 18:40:41",459
"2018-11-08 19:40:41",460
"2018-11-08 20:40:42",460
"2018-11-08 21:40:42",460
"2018-11-08 22:40:41",460
"2018-11-08 23:40:42",460
"2018-11-09 00:40:42",460
"2018-11-09 01:40:42",460
"2018-11-09 02:40:42",460
"2018-11-09 03:40:42",460
"2018-11-09 04:40:42",460
"2018-11-09 05:40:41",460
"2018-11-09 06:40:41",460
"2018-11-09 07:40:42",460
"2018-11-09 08:40:42",460
"2018-11-09 09:40:41",460
"2018-11-09 10:40:41",460
"2018-11-09 11:40:41",460
"2018-11-09 12:40:41",460
"2018-11-09 13:40:40",460
"2018-11-09 15:04:44",459
"2018-11-09 15:40:42",459
"2018-11-09 16:40:41",459
"2018-11-09 17:40:41",458
"2018-11-09 18:40:42",458
"2018-11-09 19:40:43",459
"2018-11-09 20:40:42",458
"2018-11-09 21:40:41",459
"2018-11-09 22:40:42",459
"2018-11-09 23:40:41",459
"2018-11-10 00:40:41",459
"2018-11-10 01:40:42",459
"2018-11-10 02:40:40",459
"2018-11-10 03:40:42",459
"2018-11-10 04:40:42",459
"2018-11-10 05:40:41",459
"2018-11-10 06:40:41",459
"2018-11-10 07:40:41",459
"2018-11-10 08:40:41",459
"2018-11-10 09:40:42",459
"2018-11-10 10:40:40",459
"2018-11-10 11:40:41",459
"2018-11-10 12:40:41",459
"2018-11-10 13:40:41",459
"2018-11-10 14:40:41",459
"2018-11-10 15:40:42",459
"2018-11-10 16:40:41",459
"2018-11-10 17:40:42",459
"2018-11-10 18:40:42",459
"2018-11-10 19:40:42",459
"2018-11-10 20:40:41",459
"2018-11-10 21:40:42",459
"2018-11-10 22:40:41",459
"2018-11-10 23:40:42",459
"2018-11-11 00:40:42",459
"2018-11-11 01:40:42",459
"2018-11-11 02:40:40",459
"2018-11-11 03:40:42",459
"2018-11-11 04:40:41",459
"2018-11-11 05:40:42",459
"2018-11-11 06:40:41",459
"2018-11-11 07:40:42",459
"2018-11-11 08:40:41",459
"2018-11-11 09:40:41",459
"2018-11-11 10:40:42",459
"2018-11-11 11:40:42",459
"2018-11-11 12:40:42",459
"2018-11-11 13:40:41",459
"2018-11-11 14:40:42",459
"2018-11-11 15:40:42",459
"2018-11-11 16:40:41",459
"2018-11-11 17:40:41",459
"2018-11-11 18:40:42",459
"2018-11-11 19:40:41",459
"2018-11-11 20:40:42",459
"2018-11-11 21:40:41",459
"2018-11-11 22:40:42",459
"2018-11-11 23:40:41",459
"2018-11-12 00:40:42",459
"2018-11-12 01:40:41",459
"2018-11-12 02:40:41",459
"2018-11-12 03:40:42",459
"2018-11-12 04:40:41",459
"2018-11-12 05:40:41",459
"2018-11-12 06:40:42",459
"2018-11-12 07:40:41",459
"2018-11-12 08:40:42",459
"2018-11-12 09:40:41",459
"2018-11-12 10:40:41",459
"2018-11-12 11:40:42",459
"2018-11-12 12:40:41",459
"2018-11-12 13:40:41",459
"2018-11-12 14:40:42",459
"2018-11-12 15:40:41",457
"2018-11-12 16:40:42",458
"2018-11-12 17:40:40",458
"2018-11-12 18:40:41",458
"2018-11-12 19:40:42",458
"2018-11-12 20:40:41",457
"2018-11-12 21:40:41",457
"2018-11-12 22:40:41",457
"2018-11-12 23:40:41",457
"2018-11-13 00:40:41",457
"2018-11-13 01:40:41",457
"2018-11-13 02:40:42",457
"2018-11-13 03:40:41",457
"2018-11-13 04:40:41",457
"2018-11-13 05:40:41",457
"2018-11-13 06:40:41",457
"2018-11-13 07:40:42",457
"2018-11-13 08:40:42",457
"2018-11-13 09:40:41",457
"2018-11-13 10:40:42",457
"2018-11-13 11:40:42",457
"2018-11-13 12:40:42",457
"2018-11-13 13:40:41",457
"2018-11-13 14:40:43",457
"2018-11-13 15:40:41",457
"2018-11-13 16:40:41",457
"2018-11-13 17:40:42",456
"2018-11-13 18:40:41",456
"2018-11-13 19:40:41",457
"2018-11-13 20:40:41",457
"2018-11-13 21:40:41",457
"2018-11-13 22:40:41",457
"2018-11-13 23:40:42",457
"2018-11-14 00:40:41",457
"2018-11-14 01:40:42",457
"2018-11-14 02:40:41",457
"2018-11-14 03:40:41",457
"2018-11-14 04:40:41",457
"2018-11-14 05:40:41",457
"2018-11-14 06:40:41",457
"2018-11-14 07:40:41",457
"2018-11-14 08:40:41",457
"2018-11-14 09:40:42",457
"2018-11-14 10:40:41",457
"2018-11-14 11:40:42",457
"2018-11-14 12:40:41",457
"2018-11-14 13:40:42",457
"2018-11-14 14:40:42",457
"2018-11-14 15:40:41",457
"2018-11-14 16:40:42",457
"2018-11-14 17:40:42",456
"2018-11-14 18:40:42",456
"2018-11-14 19:40:42",456
"2018-11-14 20:40:42",457
"2018-11-14 21:40:42",457
"2018-11-14 22:40:41",457
"2018-11-14 23:40:41",457
"2018-11-15 00:40:41",457
"2018-11-15 01:40:41",457
"2018-11-15 02:40:41",457
"2018-11-15 03:40:42",457
"2018-11-15 04:40:41",457
"2018-11-15 05:40:42",457
"2018-11-15 06:40:41",457
"2018-11-15 07:40:41",457
"2018-11-15 08:40:41",457
"2018-11-15 09:40:42",457
"2018-11-15 10:40:42",457
"2018-11-15 11:40:41",457
"2018-11-15 12:40:41",457
"2018-11-15 13:40:42",457
"2018-11-15 14:40:42",457
"2018-11-15 15:40:42",457
"2018-11-15 16:40:41",457
"2018-11-15 17:40:42",456
"2018-11-15 18:40:42",456
"2018-11-15 19:40:41",458
"2018-11-15 20:40:42",458
"2018-11-15 21:40:43",458
"2018-11-15 22:40:41",458
"2018-11-15 23:40:41",458
"2018-11-16 00:40:42",458
"2018-11-16 01:40:41",458
"2018-11-16 02:40:41",458
"2018-11-16 03:40:41",458
"2018-11-16 04:40:41",458
"2018-11-16 05:40:41",458
"2018-11-16 06:40:41",458
"2018-11-16 07:40:42",458
"2018-11-16 08:40:40",458
"2018-11-16 09:40:41",458
"2018-11-16 10:40:42",458
"2018-11-16 11:40:41",458
"2018-11-16 12:40:41",458
"2018-11-16 13:40:41",458
"2018-11-16 14:40:42",458
"2018-11-16 15:40:42",457
"2018-11-16 16:40:42",457
"2018-11-16 17:40:42",457
"2018-11-16 18:40:41",457
"2018-11-16 19:40:41",459
"2018-11-16 20:40:42",460
"2018-11-16 21:40:42",460
"2018-11-16 22:40:42",460
"2018-11-16 23:40:42",460
"2018-11-17 00:40:42",460
"2018-11-17 01:40:42",460
"2018-11-17 02:40:41",460
"2018-11-17 03:40:46",460
"2018-11-17 04:40:42",460
"2018-11-17 05:40:42",460
"2018-11-17 06:40:43",460
"2018-11-17 07:40:41",460
"2018-11-17 08:40:42",460
"2018-11-17 09:40:42",460
"2018-11-17 10:40:42",460
"2018-11-17 11:40:42",460
"2018-11-17 12:40:41",460
"2018-11-17 13:40:41",460
"2018-11-17 14:40:42",460
"2018-11-17 15:40:41",460
"2018-11-17 16:40:41",460
"2018-11-17 17:40:42",460
"2018-11-17 18:40:42",460
"2018-11-17 19:40:42",460
"2018-11-17 20:40:41",460
"2018-11-17 21:40:42",460
"2018-11-17 22:40:41",460
"2018-11-17 23:40:41",460
"2018-11-18 00:40:41",460
"2018-11-18 01:40:41",460
"2018-11-18 02:40:42",460
"2018-11-18 03:40:42",460
"2018-11-18 04:40:41",460
"2018-11-18 05:40:41",460
"2018-11-18 06:40:42",460
"2018-11-18 07:40:41",460
"2018-11-18 08:40:41",460
"2018-11-18 09:40:41",460
"2018-11-18 10:40:41",460
"2018-11-18 11:40:41",460
"2018-11-18 12:40:41",460
"2018-11-18 13:40:41",460
"2018-11-18 14:40:42",460
"2018-11-18 15:40:42",460
"2018-11-18 16:40:41",460
"2018-11-18 17:40:42",460
"2018-11-18 18:40:42",460
"2018-11-18 19:40:41",460
"2018-11-18 20:40:42",460
"2018-11-18 21:40:41",460
"2018-11-18 22:40:41",460
"2018-11-18 23:40:42",460
"2018-11-19 00:40:42",460
"2018-11-19 01:40:42",460
"2018-11-19 02:40:41",460
"2018-11-19 03:40:42",460
"2018-11-19 04:40:41",460
"2018-11-19 05:40:41",460
"2018-11-19 06:40:41",460
"2018-11-19 07:40:41",460
"2018-11-19 08:40:41",460
"2018-11-19 09:40:41",460
"2018-11-19 10:40:42",460
"2018-11-19 11:40:41",460
"2018-11-19 12:40:42",460
"2018-11-19 13:40:41",460
"2018-11-19 14:40:42",460
"2018-11-19 15:40:41",461
"2018-11-19 16:40:42",460
"2018-11-19 17:40:42",460
"2018-11-19 18:40:41",461
"2018-11-19 19:40:41",461
"2018-11-19 20:40:41",461
"2018-11-19 21:40:41",463
"2018-11-19 22:40:41",463
"2018-11-19 23:40:41",463
"2018-11-20 00:40:42",463
"2018-11-20 01:40:42",463
"2018-11-20 02:40:41",463
"2018-11-20 03:40:42",463
"2018-11-20 04:40:41",463
"2018-11-20 05:40:41",463
"2018-11-20 06:40:41",463
"2018-11-20 07:40:42",463
"2018-11-20 08:40:42",463
"2018-11-20 09:40:42",463
"2018-11-20 10:40:41",463
"2018-11-20 11:40:41",463
"2018-11-20 12:40:41",463
"2018-11-20 13:40:42",463
"2018-11-20 14:40:42",463
"2018-11-20 15:40:41",463
"2018-11-20 16:40:40",463
"2018-11-20 17:40:41",463
"2018-11-20 18:40:42",463
"2018-11-20 19:40:41",463
"2018-11-20 20:40:41",463
"2018-11-20 21:40:42",463
"2018-11-20 22:40:41",463
"2018-11-20 23:40:41",463
"2018-11-21 00:40:40",463
"2018-11-21 01:40:40",463
"2018-11-21 02:40:40",463
"2018-11-21 03:40:41",463
"2018-11-21 04:40:41",463
"2018-11-21 05:40:40",463
"2018-11-21 06:40:41",463
"2018-11-21 07:40:41",463
"2018-11-21 08:40:41",463
"2018-11-21 09:40:41",463
"2018-11-21 10:40:41",463
"2018-11-21 11:40:40",463
"2018-11-21 12:40:40",463
"2018-11-21 13:40:40",463
"2018-11-21 14:40:43",463
"2018-11-21 16:40:41",460
"2018-11-21 17:40:43",459
"2018-11-21 18:40:42",459
"2018-11-21 19:40:42",458
"2018-11-21 20:40:43",457
"2018-11-21 21:40:42",460
"2018-11-21 22:40:41",460
"2018-11-21 23:40:42",460
"2018-11-22 00:40:41",460
"2018-11-22 01:40:42",460
"2018-11-22 02:40:42",460
"2018-11-22 03:40:42",460
"2018-11-22 04:40:42",460
"2018-11-22 05:40:42",460
"2018-11-22 06:40:42",460
"2018-11-22 07:40:42",460
"2018-11-22 08:40:42",460
"2018-11-22 09:40:42",460
"2018-11-22 10:40:42",460
"2018-11-22 11:40:42",460
"2018-11-22 12:40:42",460
"2018-11-22 13:40:42",460
"2018-11-22 14:40:41",460
"2018-11-22 15:40:43",460
"2018-11-22 16:40:41",460
"2018-11-22 17:40:42",460
"2018-11-22 18:40:41",460
"2018-11-22 19:40:42",460
"2018-11-22 20:40:42",460
"2018-11-22 21:40:43",460
"2018-11-22 22:40:42",460
"2018-11-22 23:40:42",460
"2018-11-23 00:40:42",460
"2018-11-23 01:40:41",460
"2018-11-23 02:40:42",460
"2018-11-23 03:40:42",460
"2018-11-23 04:40:42",460
"2018-11-23 05:40:42",460
"2018-11-23 06:40:41",460
"2018-11-23 07:40:42",460
"2018-11-23 08:40:42",460
"2018-11-23 09:40:42",460
"2018-11-23 10:40:42",460
"2018-11-23 11:40:43",460
"2018-11-23 12:40:42",460
"2018-11-23 13:40:42",460
"2018-11-23 14:40:41",460
"2018-11-23 15:40:43",461
"2018-11-23 16:40:41",461
"2018-11-23 17:40:42",461
"2018-11-23 18:40:41",461
"2018-11-23 19:40:42",461
"2018-11-23 20:40:43",461
"2018-11-23 21:40:43",461
"2018-11-23 22:40:43",461
"2018-11-23 23:40:43",461
"2018-11-24 00:40:42",461
"2018-11-24 01:40:43",461
"2018-11-24 02:40:44",461
"2018-11-24 03:40:43",461
"2018-11-24 04:40:43",461
"2018-11-24 05:40:44",461
"2018-11-24 06:40:43",461
"2018-11-24 07:40:43",461
"2018-11-24 08:40:43",461
"2018-11-24 09:40:42",461
"2018-11-24 10:40:42",461
"2018-11-24 11:40:43",461
"2018-11-24 12:40:43",461
"2018-11-24 13:40:42",461
"2018-11-24 14:40:43",461
"2018-11-24 15:40:43",461
"2018-11-24 16:40:42",461
"2018-11-24 17:40:43",461
"2018-11-24 18:40:42",461
"2018-11-24 19:40:42",461
"2018-11-24 20:40:43",461
"2018-11-24 21:40:42",461
"2018-11-24 22:40:42",461
"2018-11-24 23:40:43",461
"2018-11-25 00:40:43",461
"2018-11-25 01:40:43",461
"2018-11-25 02:40:43",461
"2018-11-25 03:40:42",461
"2018-11-25 04:40:43",461
"2018-11-25 05:40:43",461
"2018-11-25 06:40:42",461
"2018-11-25 07:40:43",461
"2018-11-25 08:40:42",461
"2018-11-25 09:40:43",461
"2018-11-25 10:40:42",461
"2018-11-25 11:40:43",461
"2018-11-25 12:40:42",461
"2018-11-25 13:40:43",461
"2018-11-25 14:40:42",461
"2018-11-25 15:40:42",461
"2018-11-25 16:40:43",461
"2018-11-25 17:40:43",461
"2018-11-25 18:40:43",461
"2018-11-25 19:40:43",461
"2018-11-25 20:40:43",461
"2018-11-25 21:40:42",461
"2018-11-25 22:40:43",461
"2018-11-25 23:40:43",461
"2018-11-26 00:40:42",461
"2018-11-26 01:40:43",461
"2018-11-26 02:40:44",461
"2018-11-26 03:40:42",461
"2018-11-26 04:40:42",461
"2018-11-26 05:40:43",461
"2018-11-26 06:40:42",461
"2018-11-26 07:40:42",461
"2018-11-26 08:40:43",461
"2018-11-26 09:40:43",461
"2018-11-26 10:40:43",461
"2018-11-26 11:40:42",461
"2018-11-26 12:40:43",461
"2018-11-26 13:40:41",461
"2018-11-26 14:40:43",461
"2018-11-26 15:40:41",461
"2018-11-26 16:40:42",461
"2018-11-26 17:40:42",461
"2018-11-26 18:40:42",462
"2018-11-26 19:40:42",461
"2018-11-26 20:40:43",461
"2018-11-26 21:40:42",460
"2018-11-26 22:40:42",460
"2018-11-26 23:40:43",460
"2018-11-27 00:40:42",460
"2018-11-27 01:40:42",460
"2018-11-27 02:40:42",460
"2018-11-27 03:40:42",460
"2018-11-27 04:40:42",460
"2018-11-27 05:40:42",460
"2018-11-27 06:40:42",460
"2018-11-27 07:40:42",460
"2018-11-27 08:40:42",460
"2018-11-27 09:40:42",460
"2018-11-27 10:40:42",460
"2018-11-27 11:40:42",460
"2018-11-27 12:40:42",460
"2018-11-27 13:40:42",460
"2018-11-27 14:40:44",460
"2018-11-27 15:40:43",459
"2018-11-27 16:40:44",459
"2018-11-27 17:40:43",459
"2018-11-27 18:40:43",459
"2018-11-27 19:40:43",458
"2018-11-27 20:40:43",459
"2018-11-27 21:40:43",457
"2018-11-27 22:40:43",457
"2018-11-27 23:40:44",457
"2018-11-28 00:40:43",457
"2018-11-28 01:40:42",457
"2018-11-28 02:40:43",457
"2018-11-28 03:40:44",457
"2018-11-28 04:40:43",457
"2018-11-28 05:40:43",457
"2018-11-28 06:40:43",457
"2018-11-28 07:40:42",457
"2018-11-28 08:40:43",457
"2018-11-28 09:40:44",457
"2018-11-28 10:40:43",457
"2018-11-28 11:40:43",457
"2018-11-28 12:40:43",457
"2018-11-28 14:05:44",457
"2018-11-28 14:40:43",457
"2018-11-28 15:40:43",456
"2018-11-28 16:40:42",455
"2018-11-28 17:40:43",454
"2018-11-28 18:40:41",454
"2018-11-28 19:40:42",454
"2018-11-28 20:40:42",469
"2018-11-28 21:40:42",469
"2018-11-28 22:40:42",469
"2018-11-28 23:40:42",469
"2018-11-29 00:40:42",469
"2018-11-29 01:40:42",469
"2018-11-29 02:40:42",469
"2018-11-29 03:40:42",469
"2018-11-29 04:40:42",469
"2018-11-29 05:40:42",469
"2018-11-29 06:40:42",469
"2018-11-29 07:40:41",469
"2018-11-29 08:40:41",469
"2018-11-29 09:40:42",469
"2018-11-29 10:40:43",469
"2018-11-29 11:40:41",469
"2018-11-29 12:40:42",469
"2018-11-29 13:40:42",469
"2018-11-29 15:05:45",466
"2018-11-29 15:40:42",466
"2018-11-29 16:40:42",465
"2018-11-29 17:40:43",465
"2018-11-29 18:40:43",465
"2018-11-29 19:40:42",465
"2018-11-29 20:40:41",463
"2018-11-29 21:40:42",506
"2018-11-29 22:40:42",522
"2018-11-29 23:40:43",527
"2018-11-30 00:40:43",527
"2018-11-30 01:40:43",527
"2018-11-30 02:40:42",527
"2018-11-30 03:40:43",527
"2018-11-30 04:40:42",527
"2018-11-30 05:40:42",527
"2018-11-30 06:40:42",527
"2018-11-30 07:40:42",527
"2018-11-30 08:40:42",527
"2018-11-30 09:40:42",527
"2018-11-30 10:40:42",527
"2018-11-30 11:40:41",527
"2018-11-30 12:40:42",527
"2018-11-30 13:40:42",527
"2018-11-30 14:40:43",527
"2018-11-30 15:40:42",530
"2018-11-30 16:40:43",519
"2018-11-30 17:40:42",517
"2018-11-30 18:40:42",518
"2018-11-30 19:40:42",521
"2018-11-30 20:40:42",521
"2018-11-30 21:40:41",516
"2018-11-30 22:40:43",516
"2018-11-30 23:40:42",516
"2018-12-01 00:40:42",516
"2018-12-01 01:40:42",516
"2018-12-01 02:40:42",516
"2018-12-01 03:40:42",516
"2018-12-01 04:40:42",516
"2018-12-01 05:40:42",516
"2018-12-01 06:40:42",516
"2018-12-01 07:40:41",516
"2018-12-01 08:40:42",516
"2018-12-01 09:40:42",516
"2018-12-01 10:40:42",516
"2018-12-01 11:40:42",516
"2018-12-01 12:40:42",516
"2018-12-01 13:40:42",516
"2018-12-01 14:40:41",516
"2018-12-01 15:40:42",516
"2018-12-01 16:40:42",516
"2018-12-01 17:40:42",516
"2018-12-01 18:40:41",516
"2018-12-01 19:40:41",516
"2018-12-01 20:40:42",516
"2018-12-01 21:40:41",516
"2018-12-01 22:40:42",516
"2018-12-01 23:40:42",516
"2018-12-02 00:40:41",516
"2018-12-02 01:40:42",516
"2018-12-02 02:40:41",516
"2018-12-02 03:40:42",516
"2018-12-02 04:40:42",516
"2018-12-02 05:40:42",516
"2018-12-02 06:40:42",516
"2018-12-02 07:40:42",516
"2018-12-02 08:40:43",516
"2018-12-02 09:40:41",516
"2018-12-02 10:40:43",516
"2018-12-02 11:40:42",516
"2018-12-02 12:40:41",516
"2018-12-02 13:40:42",516
"2018-12-02 14:40:41",516
"2018-12-02 15:40:42",516
"2018-12-02 16:40:42",516
"2018-12-02 17:40:42",516
"2018-12-02 18:40:41",516
"2018-12-02 19:40:42",516
"2018-12-02 20:40:42",516
"2018-12-02 21:40:41",516
"2018-12-02 22:40:41",516
"2018-12-02 23:40:42",516
"2018-12-03 00:40:42",516
"2018-12-03 01:40:41",516
"2018-12-03 02:40:42",516
"2018-12-03 03:40:42",516
"2018-12-03 04:40:43",516
"2018-12-03 05:40:41",516
"2018-12-03 06:40:42",516
"2018-12-03 07:40:41",516
"2018-12-03 08:40:42",516
"2018-12-03 09:40:42",516
"2018-12-03 10:40:42",516
"2018-12-03 11:40:42",516
"2018-12-03 12:40:41",516
"2018-12-03 13:40:41",516
"2018-12-03 14:40:45",516
"2018-12-03 15:40:42",503
"2018-12-03 16:40:42",497
"2018-12-03 17:40:42",493
"2018-12-03 18:40:42",493
"2018-12-03 19:40:41",493
"2018-12-03 20:40:42",493
"2018-12-03 21:40:42",494
"2018-12-03 22:40:42",494
"2018-12-03 23:40:42",493
"2018-12-04 00:40:42",493
"2018-12-04 01:40:42",493
"2018-12-04 02:40:42",493
"2018-12-04 03:40:42",493
"2018-12-04 04:40:42",493
"2018-12-04 05:40:43",493
"2018-12-04 06:40:42",493
"2018-12-04 07:40:42",493
"2018-12-04 08:40:43",493
"2018-12-04 09:40:42",493
"2018-12-04 10:40:41",493
"2018-12-04 11:40:41",493
"2018-12-04 12:40:42",493
"2018-12-04 13:40:42",493
"2018-12-04 15:07:17",490
"2018-12-04 15:40:44",490
"2018-12-04 16:40:43",490
"2018-12-04 17:40:43",487
"2018-12-04 18:40:43",487
"2018-12-04 19:40:43",487
"2018-12-04 20:40:43",486
"2018-12-04 21:40:43",486
"2018-12-04 22:40:44",486
"2018-12-04 23:40:43",486
"2018-12-05 00:40:43",486
"2018-12-05 01:40:43",486
"2018-12-05 02:40:44",486
"2018-12-05 03:40:43",486
"2018-12-05 04:40:45",486
"2018-12-05 05:40:45",486
"2018-12-05 06:40:43",486
"2018-12-05 07:40:43",486
"2018-12-05 08:40:42",486
"2018-12-05 09:40:42",486
"2018-12-05 10:40:43",486
"2018-12-05 11:40:43",486
"2018-12-05 12:40:43",486
"2018-12-05 13:40:42",486
"2018-12-05 14:40:43",486
"2018-12-05 15:40:43",486
"2018-12-05 16:40:42",486
"2018-12-05 17:40:43",486
"2018-12-05 18:40:43",486
"2018-12-05 19:40:43",486
"2018-12-05 20:40:43",486
"2018-12-05 21:40:44",486
"2018-12-05 22:40:43",486
"2018-12-05 23:40:44",486
"2018-12-06 00:40:44",486
"2018-12-06 01:40:44",486
"2018-12-06 02:40:43",486
"2018-12-06 03:40:44",486
"2018-12-06 04:40:42",486
"2018-12-06 05:40:43",486
"2018-12-06 06:40:43",486
"2018-12-06 07:40:42",486
"2018-12-06 08:40:44",486
"2018-12-06 09:40:43",486
"2018-12-06 10:40:43",486
"2018-12-06 11:40:43",486
"2018-12-06 12:40:42",486
"2018-12-06 13:40:43",486
"2018-12-06 14:40:44",486
"2018-12-06 15:40:44",486
"2018-12-06 16:40:44",484
"2018-12-06 17:40:44",483
"2018-12-06 18:40:43",483
"2018-12-06 19:40:43",481
"2018-12-06 20:40:43",481
"2018-12-06 21:40:43",482
"2018-12-06 22:40:43",482
"2018-12-06 23:40:44",482
"2018-12-07 00:40:43",482
"2018-12-07 01:40:43",482
"2018-12-07 02:40:43",482
"2018-12-07 03:40:43",482
"2018-12-07 04:40:43",482
"2018-12-07 05:40:44",482
"2018-12-07 06:40:43",482
"2018-12-07 07:40:43",482
"2018-12-07 08:40:43",482
"2018-12-07 09:40:43",482
"2018-12-07 10:40:43",482
"2018-12-07 11:40:43",482
"2018-12-07 12:40:44",482
"2018-12-07 14:05:44",482
"2018-12-07 14:40:44",482
"2018-12-07 16:05:47",482
"2018-12-07 16:40:44",482
"2018-12-07 17:40:45",482
"2018-12-07 18:40:44",483
"2018-12-07 19:40:46",483
"2018-12-07 20:40:44",483
"2018-12-07 21:40:44",483
"2018-12-07 22:40:45",483
"2018-12-07 23:40:45",482
"2018-12-08 00:40:44",482
"2018-12-08 01:40:43",482
"2018-12-08 03:40:44",482
"2018-12-08 04:40:45",482
"2018-12-08 05:40:44",482
"2018-12-08 06:40:43",482
"2018-12-08 07:40:45",482
"2018-12-08 08:40:44",482
"2018-12-08 09:40:44",482
"2018-12-08 10:40:44",482
"2018-12-08 11:40:44",482
"2018-12-08 12:40:44",482
"2018-12-08 13:40:43",482
"2018-12-08 14:40:44",482
"2018-12-08 15:40:44",482
"2018-12-08 16:40:45",482
"2018-12-08 17:40:44",482
"2018-12-08 18:40:43",482
"2018-12-08 19:40:44",482
"2018-12-08 20:40:45",482
"2018-12-08 21:40:44",482
"2018-12-08 22:40:44",482
"2018-12-08 23:40:44",482
"2018-12-09 00:40:44",482
"2018-12-09 01:40:45",482
"2018-12-09 02:40:44",482
"2018-12-09 03:40:44",482
"2018-12-09 04:40:44",482
"2018-12-09 05:40:44",482
"2018-12-09 06:40:44",482
"2018-12-09 07:40:44",482
"2018-12-09 08:40:44",482
"2018-12-09 09:40:45",482
"2018-12-09 10:40:44",482
"2018-12-09 11:40:44",482
"2018-12-09 12:40:44",482
"2018-12-09 13:40:44",482
"2018-12-09 14:40:44",482
"2018-12-09 15:40:45",482
"2018-12-09 16:40:44",482
"2018-12-09 17:40:44",482
"2018-12-09 18:40:44",482
"2018-12-09 19:40:43",482
"2018-12-09 20:40:44",482
"2018-12-09 21:40:44",482
"2018-12-09 22:40:44",482
"2018-12-09 23:40:44",482
"2018-12-10 00:40:45",482
"2018-12-10 01:40:43",482
"2018-12-10 02:40:44",482
"2018-12-10 03:40:44",482
"2018-12-10 04:40:45",482
"2018-12-10 05:40:44",482
"2018-12-10 06:40:45",482
"2018-12-10 07:40:45",482
"2018-12-10 08:40:43",482
"2018-12-10 09:40:44",482
"2018-12-10 10:40:45",482
"2018-12-10 11:40:44",482
"2018-12-10 12:40:44",482
"2018-12-10 13:40:44",482
"2018-12-10 15:04:16",482
"2018-12-10 15:40:42",482
"2018-12-10 16:40:43",481
"2018-12-10 17:40:44",481
"2018-12-10 18:40:44",480
"2018-12-10 19:40:44",480
"2018-12-10 20:40:42",480
"2018-12-10 21:40:43",480
"2018-12-10 22:40:44",480
"2018-12-10 23:40:44",480
"2018-12-11 00:40:43",480
"2018-12-11 01:40:43",480
"2018-12-11 02:40:43",480
"2018-12-11 03:40:43",480
"2018-12-11 04:40:42",480
"2018-12-11 05:40:44",480
"2018-12-11 06:40:43",480
"2018-12-11 07:40:43",480
"2018-12-11 08:40:43",480
"2018-12-11 09:40:43",480
"2018-12-11 10:40:43",480
"2018-12-11 11:40:44",480
"2018-12-11 12:40:44",480
"2018-12-11 13:40:43",480
"2018-12-11 15:05:17",480
"2018-12-11 15:40:45",480
"2018-12-11 16:40:45",480
"2018-12-11 17:40:45",478
"2018-12-11 18:40:45",478
"2018-12-11 19:40:44",480
"2018-12-11 20:40:44",481
"2018-12-11 21:40:46",481
"2018-12-11 22:40:45",481
"2018-12-11 23:40:44",481
"2018-12-12 00:40:44",481
"2018-12-12 01:40:44",481
"2018-12-12 02:40:45",481
"2018-12-12 03:40:45",481
"2018-12-12 04:40:44",481
"2018-12-12 05:40:43",481
"2018-12-12 06:40:44",481
"2018-12-12 07:40:44",481
"2018-12-12 08:40:45",481
"2018-12-12 09:40:44",481
"2018-12-12 10:40:44",481
"2018-12-12 11:40:45",481
"2018-12-12 12:40:46",481
"2018-12-12 14:06:18",481
"2018-12-12 14:40:45",481
"2018-12-12 15:40:44",481
"2018-12-12 16:40:45",480
"2018-12-12 17:40:44",479
"2018-12-12 18:40:44",479
"2018-12-12 19:40:45",479
"2018-12-12 20:40:45",479
"2018-12-12 21:40:45",480
"2018-12-12 22:40:44",480
"2018-12-12 23:40:45",480
"2018-12-13 00:40:44",480
"2018-12-13 01:40:44",480
"2018-12-13 02:40:45",480
"2018-12-13 03:40:44",480
"2018-12-13 04:40:45",480
"2018-12-13 05:40:45",480
"2018-12-13 06:40:45",480
"2018-12-13 07:40:44",480
"2018-12-13 08:40:44",480
"2018-12-13 09:40:44",480
"2018-12-13 10:40:44",480
"2018-12-13 11:40:44",480
"2018-12-13 12:40:44",480
"2018-12-13 14:04:47",480
"2018-12-13 14:40:45",480
"2018-12-13 15:40:45",479
"2018-12-13 16:40:44",478
"2018-12-13 17:40:44",479
"2018-12-13 18:40:44",481
"2018-12-13 19:40:44",481
"2018-12-13 20:40:45",482
"2018-12-13 21:40:44",482
"2018-12-13 22:40:44",482
"2018-12-13 23:40:45",482
"2018-12-14 00:40:45",482
"2018-12-14 01:40:45",482
"2018-12-14 02:40:44",482
"2018-12-14 03:40:44",482
"2018-12-14 04:40:45",482
"2018-12-14 05:40:44",482
"2018-12-14 06:40:44",482
"2018-12-14 07:40:44",482
"2018-12-14 08:40:45",482
"2018-12-14 09:40:44",482
"2018-12-14 10:40:45",482
"2018-12-14 11:40:44",482
"2018-12-14 12:40:45",482
"2018-12-14 14:04:47",482
"2018-12-14 14:40:45",482
"2018-12-14 15:40:45",486
"2018-12-14 16:40:44",485
"2018-12-14 17:40:44",485
"2018-12-14 18:40:45",487
"2018-12-14 19:40:46",487
"2018-12-14 20:40:45",486
"2018-12-14 21:40:44",489
"2018-12-14 22:40:45",489
"2018-12-14 23:40:45",489
"2018-12-15 00:40:44",489
"2018-12-15 01:40:45",489
"2018-12-15 02:40:44",489
"2018-12-15 03:40:44",489
"2018-12-15 04:40:44",489
"2018-12-15 05:40:45",489
"2018-12-15 06:40:45",489
"2018-12-15 07:40:45",489
"2018-12-15 08:40:44",489
"2018-12-15 09:40:44",489
"2018-12-15 10:40:45",489
"2018-12-15 11:40:44",489
"2018-12-15 12:40:45",489
"2018-12-15 13:40:44",489
"2018-12-15 14:40:44",489
"2018-12-15 15:40:45",489
"2018-12-15 16:40:44",489
"2018-12-15 17:40:45",489
"2018-12-15 18:40:44",489
"2018-12-15 19:40:45",489
"2018-12-15 20:40:44",489
"2018-12-15 21:40:44",489
"2018-12-15 22:40:45",489
"2018-12-15 23:40:44",489
"2018-12-16 00:40:45",489
"2018-12-16 01:40:45",489
"2018-12-16 02:40:44",489
"2018-12-16 03:40:44",489
"2018-12-16 04:40:45",489
"2018-12-16 05:40:44",489
"2018-12-16 06:40:45",489
"2018-12-16 07:40:44",489
"2018-12-16 08:40:44",489
"2018-12-16 09:40:45",489
"2018-12-16 10:40:44",489
"2018-12-16 11:40:44",489
"2018-12-16 12:40:44",489
"2018-12-16 13:40:44",489
"2018-12-16 14:40:44",489
"2018-12-16 15:40:44",489
"2018-12-16 16:40:44",489
"2018-12-16 17:40:45",489
"2018-12-16 18:40:44",489
"2018-12-16 19:40:44",489
"2018-12-16 20:40:45",489
"2018-12-16 21:40:44",489
"2018-12-16 22:40:44",489
"2018-12-16 23:40:45",489
"2018-12-17 00:40:45",489
"2018-12-17 01:40:44",489
"2018-12-17 02:40:44",489
"2018-12-17 03:40:44",489
"2018-12-17 04:40:46",489
"2018-12-17 05:40:44",489
"2018-12-17 06:40:45",489
"2018-12-17 07:40:45",489
"2018-12-17 08:40:45",489
"2018-12-17 09:40:45",489
"2018-12-17 10:40:45",489
"2018-12-17 11:40:44",489
"2018-12-17 12:40:44",489
"2018-12-17 13:40:45",489
"2018-12-17 14:40:46",489
"2018-12-17 15:40:45",491
"2018-12-17 16:40:45",493
"2018-12-17 17:40:45",492
"2018-12-17 18:40:45",491
"2018-12-17 20:06:17",492
"2018-12-17 20:40:45",492
"2018-12-17 21:40:45",491
"2018-12-17 22:40:44",491
"2018-12-17 23:40:44",491
"2018-12-18 00:40:44",491
"2018-12-18 01:40:45",491
"2018-12-18 02:40:44",491
"2018-12-18 03:40:45",491
"2018-12-18 04:40:44",491
"2018-12-18 05:40:45",491
"2018-12-18 06:40:44",491
"2018-12-18 07:40:45",491
"2018-12-18 08:40:45",491
"2018-12-18 09:40:44",491
"2018-12-18 10:40:44",491
"2018-12-18 11:40:44",491
"2018-12-18 12:40:45",491
"2018-12-18 13:40:44",491
"2018-12-18 14:40:44",491
"2018-12-18 15:40:44",492
"2018-12-18 16:40:44",492
"2018-12-18 17:40:44",490
"2018-12-18 18:40:44",491
"2018-12-18 19:40:44",491
"2018-12-18 20:40:46",489
"2018-12-18 21:40:45",489
"2018-12-18 22:40:46",489
"2018-12-18 23:40:46",489
"2018-12-19 00:40:45",489
"2018-12-19 01:40:46",489
"2018-12-19 02:40:45",489
"2018-12-19 03:40:46",489
"2018-12-19 04:40:45",489
"2018-12-19 05:40:47",489
"2018-12-19 06:40:46",489
"2018-12-19 07:40:45",489
"2018-12-19 08:40:46",488
"2018-12-19 09:40:46",488
"2018-12-19 11:40:46",488
"2018-12-19 12:40:46",488
"2018-12-19 13:40:45",488
"2018-12-19 14:40:46",488
"2018-12-19 15:40:45",488
"2018-12-19 16:40:46",486
"2018-12-19 17:40:45",486
"2018-12-19 18:40:45",486
"2018-12-19 19:40:46",487
"2018-12-19 20:40:45",486
"2018-12-19 21:40:47",484
"2018-12-19 22:40:47",484
"2018-12-19 23:40:47",484
"2018-12-20 00:40:47",484
"2018-12-20 01:40:46",484
"2018-12-20 02:40:46",484
"2018-12-20 03:40:46",484
"2018-12-20 04:40:46",484
"2018-12-20 05:40:46",484
"2018-12-20 06:40:45",484
"2018-12-20 07:40:46",484
"2018-12-20 08:40:46",484
"2018-12-20 09:40:45",484
"2018-12-20 10:40:46",484
"2018-12-20 11:40:46",484
"2018-12-20 12:40:45",484
"2018-12-20 13:40:46",484
"2018-12-20 14:40:46",484
"2018-12-20 15:40:46",485
"2018-12-20 16:40:46",485
"2018-12-20 17:40:46",485
"2018-12-20 18:40:45",486
"2018-12-20 19:40:46",486
"2018-12-20 20:40:46",486
"2018-12-20 21:40:46",485
"2018-12-20 22:40:46",485
"2018-12-20 23:40:46",485
"2018-12-21 00:40:46",485
"2018-12-21 01:40:46",485
"2018-12-21 02:40:46",485
"2018-12-21 03:40:45",485
"2018-12-21 04:40:46",485
"2018-12-21 05:40:45",485
"2018-12-21 06:40:46",485
"2018-12-21 07:40:45",485
"2018-12-21 08:40:46",485
"2018-12-21 09:40:46",485
"2018-12-21 10:40:45",485
"2018-12-21 11:40:46",485
"2018-12-21 12:40:46",485
"2018-12-21 13:40:45",485
"2018-12-21 14:40:47",485
"2018-12-21 15:40:46",485
"2018-12-21 16:40:46",485
"2018-12-21 17:40:46",485
"2018-12-21 18:40:47",485
"2018-12-21 19:40:46",484
"2018-12-21 20:40:47",484
"2018-12-21 21:40:46",484
"2018-12-21 22:40:46",486
"2018-12-21 23:40:45",486
"2018-12-22 00:40:46",486
"2018-12-22 01:40:45",486
"2018-12-22 02:40:47",486
"2018-12-22 03:40:45",486
"2018-12-22 04:40:47",486
"2018-12-22 05:40:45",486
"2018-12-22 06:40:47",486
"2018-12-22 07:40:46",486
"2018-12-22 08:40:45",486
"2018-12-22 09:40:45",486
"2018-12-22 10:40:45",486
"2018-12-22 11:40:45",486
"2018-12-22 12:40:45",486
"2018-12-22 13:40:45",486
"2018-12-22 14:40:46",486
"2018-12-22 15:40:45",486
"2018-12-22 16:40:45",486
"2018-12-22 17:40:46",486
"2018-12-22 18:40:46",486
"2018-12-22 19:40:46",486
"2018-12-22 20:40:46",486
"2018-12-22 21:40:46",486
"2018-12-22 22:40:46",486
"2018-12-22 23:40:46",486
"2018-12-23 00:40:46",486
"2018-12-23 01:40:46",486
"2018-12-23 02:40:45",486
"2018-12-23 03:40:46",486
"2018-12-23 04:40:46",486
"2018-12-23 05:40:46",486
"2018-12-23 06:40:46",486
"2018-12-23 07:40:45",486
"2018-12-23 08:40:46",486
"2018-12-23 09:40:46",486
"2018-12-23 10:40:47",486
"2018-12-23 11:40:46",486
"2018-12-23 12:40:45",486
"2018-12-23 13:40:46",486
"2018-12-23 14:40:46",486
"2018-12-23 15:40:46",486
"2018-12-23 16:40:46",486
"2018-12-23 17:40:47",486
"2018-12-23 18:40:46",486
"2018-12-23 19:40:46",486
"2018-12-23 20:40:46",486
"2018-12-23 21:40:47",486
"2018-12-23 22:40:46",486
"2018-12-23 23:40:45",486
"2018-12-24 00:40:46",486
"2018-12-24 01:40:47",486
"2018-12-24 02:40:47",486
"2018-12-24 03:40:47",486
"2018-12-24 04:40:45",486
"2018-12-24 05:40:45",486
"2018-12-24 06:40:46",486
"2018-12-24 07:40:46",486
"2018-12-24 08:40:45",486
"2018-12-24 09:40:48",486
"2018-12-24 10:40:46",486
"2018-12-24 11:40:46",486
"2018-12-24 12:40:45",486
"2018-12-24 13:40:46",486
"2018-12-24 15:04:20",490
"2018-12-24 15:40:47",490
"2018-12-24 16:40:47",489
"2018-12-24 17:40:46",490
"2018-12-24 18:40:48",492
"2018-12-24 19:40:47",492
"2018-12-24 20:40:46",492
"2018-12-24 21:40:45",492
"2018-12-24 22:40:45",492
"2018-12-24 23:40:45",492
"2018-12-25 00:40:46",492
"2018-12-25 01:40:45",492
"2018-12-25 02:40:46",492
"2018-12-25 03:40:45",492
"2018-12-25 04:40:46",492
"2018-12-25 05:40:45",492
"2018-12-25 06:40:46",492
"2018-12-25 07:40:46",492
"2018-12-25 08:40:45",492
"2018-12-25 09:40:45",492
"2018-12-25 10:40:45",492
"2018-12-25 11:40:45",492
"2018-12-25 12:40:46",492
"2018-12-25 13:40:46",492
"2018-12-25 14:40:46",492
"2018-12-25 15:40:46",492
"2018-12-25 16:40:45",492
"2018-12-25 17:40:45",492
"2018-12-25 18:40:46",492
"2018-12-25 19:40:46",492
"2018-12-25 20:40:45",492
"2018-12-25 21:40:46",492
"2018-12-25 22:40:46",492
"2018-12-25 23:40:45",492
"2018-12-26 00:40:46",492
"2018-12-26 01:40:46",492
"2018-12-26 02:40:46",492
"2018-12-26 03:40:45",492
"2018-12-26 04:40:45",492
"2018-12-26 05:40:45",492
"2018-12-26 06:40:47",492
"2018-12-26 07:40:46",492
"2018-12-26 08:40:46",492
"2018-12-26 09:40:45",492
"2018-12-26 10:40:46",492
"2018-12-26 11:40:45",492
"2018-12-26 12:40:46",492
"2018-12-26 13:40:47",492
"2018-12-26 15:05:50",489
"2018-12-26 15:40:46",489
"2018-12-26 16:40:46",489
"2018-12-26 17:40:46",488
"2018-12-26 18:40:45",488
"2018-12-26 19:40:46",486
"2018-12-26 20:40:46",487
"2018-12-26 21:40:46",487
"2018-12-26 22:40:46",487
"2018-12-26 23:40:46",487
"2018-12-27 00:40:46",487
"2018-12-27 01:40:46",487
"2018-12-27 02:40:46",487
"2018-12-27 03:40:47",487
"2018-12-27 04:40:45",487
"2018-12-27 05:40:46",487
"2018-12-27 06:40:45",487
"2018-12-27 07:40:46",487
"2018-12-27 08:40:46",487
"2018-12-27 09:40:46",487
"2018-12-27 10:40:45",487
"2018-12-27 11:40:45",487
"2018-12-27 12:40:45",487
"2018-12-27 13:40:45",487
"2018-12-27 14:40:46",487
"2018-12-27 15:40:45",486
"2018-12-27 16:40:46",485
"2018-12-27 17:40:46",485
"2018-12-27 18:40:46",486
"2018-12-27 19:40:47",486
"2018-12-27 20:40:45",485
"2018-12-27 21:40:46",485
"2018-12-27 22:40:48",485
"2018-12-27 23:40:49",485
"2018-12-28 00:40:47",485
"2018-12-28 01:40:46",485
"2018-12-28 02:40:46",485
"2018-12-28 03:40:45",485
"2018-12-28 04:40:46",485
"2018-12-28 05:40:46",485
"2018-12-28 06:40:47",485
"2018-12-28 07:40:48",485
"2018-12-28 08:40:46",485
"2018-12-28 09:40:46",485
"2018-12-28 10:40:45",485
"2018-12-28 11:40:46",485
"2018-12-28 12:40:45",485
"2018-12-28 13:40:45",485
"2018-12-28 14:40:46",485
"2018-12-28 16:06:19",484
"2018-12-28 16:40:46",484
"2018-12-28 17:40:46",484
"2018-12-28 18:40:46",482
"2018-12-28 19:40:46",486
"2018-12-28 20:40:46",485
"2018-12-28 21:40:46",486
"2018-12-28 22:40:45",486
"2018-12-28 23:40:47",486
"2018-12-29 00:40:45",486
"2018-12-29 01:40:45",486
"2018-12-29 02:40:46",486
"2018-12-29 03:40:45",486
"2018-12-29 04:40:46",486
"2018-12-29 05:40:46",486
"2018-12-29 06:40:45",486
"2018-12-29 07:40:46",486
"2018-12-29 08:40:47",486
"2018-12-29 09:40:46",486
"2018-12-29 10:40:46",486
"2018-12-29 11:40:46",486
"2018-12-29 12:40:46",486
"2018-12-29 13:40:45",486
"2018-12-29 14:40:45",486
"2018-12-29 15:40:45",486
"2018-12-29 16:40:46",486
"2018-12-29 17:40:45",486
"2018-12-29 18:40:46",486
"2018-12-29 19:40:46",486
"2018-12-29 20:40:45",486
"2018-12-29 21:40:47",486
"2018-12-29 22:40:46",486
"2018-12-29 23:40:47",486
"2018-12-30 00:40:46",486
"2018-12-30 01:40:46",486
"2018-12-30 02:40:45",486
"2018-12-30 03:40:45",486
"2018-12-30 04:40:45",486
"2018-12-30 05:40:45",486
"2018-12-30 06:40:45",486
"2018-12-30 07:40:45",486
"2018-12-30 08:40:45",486
"2018-12-30 09:40:45",486
"2018-12-30 10:40:45",486
"2018-12-30 11:40:46",486
"2018-12-30 12:40:46",486
"2018-12-30 13:40:46",486
"2018-12-30 14:40:45",486
"2018-12-30 15:40:45",486
"2018-12-30 16:40:45",486
"2018-12-30 17:40:46",486
"2018-12-30 18:40:45",486
"2018-12-30 19:40:46",486
"2018-12-30 20:40:45",486
"2018-12-30 21:40:46",486
"2018-12-30 22:40:46",486
"2018-12-30 23:40:45",486
"2018-12-31 00:40:45",486
"2018-12-31 01:40:45",486
"2018-12-31 02:40:45",486
"2018-12-31 03:40:46",486
"2018-12-31 04:40:46",486
"2018-12-31 05:40:45",486
"2018-12-31 06:40:45",486
"2018-12-31 07:40:45",486
"2018-12-31 08:40:45",486
"2018-12-31 09:40:46",486
"2018-12-31 10:40:46",486
"2018-12-31 11:40:46",486
"2018-12-31 12:40:45",486
"2018-12-31 13:40:46",486
"2018-12-31 14:40:48",486
"2018-12-31 15:40:47",490
"2018-12-31 16:40:46",490
"2018-12-31 17:40:47",490
"2018-12-31 18:40:47",490
"2018-12-31 19:40:47",491
"2018-12-31 20:40:47",491
"2018-12-31 21:40:47",491
"2018-12-31 22:40:47",491
"2018-12-31 23:40:47",491
"2019-01-01 00:40:47",491
"2019-01-01 01:40:47",491
"2019-01-01 02:40:47",491
"2019-01-01 03:40:46",491
"2019-01-01 04:40:47",491
"2019-01-01 05:40:46",491
"2019-01-01 06:40:47",491
"2019-01-01 07:40:46",491
"2019-01-01 08:40:47",491
"2019-01-01 09:40:46",491
"2019-01-01 10:40:46",491
"2019-01-01 11:40:47",491
"2019-01-01 12:40:46",491
"2019-01-01 13:40:46",491
"2019-01-01 14:40:47",491
"2019-01-01 15:40:47",491
"2019-01-01 16:40:47",491
"2019-01-01 17:40:47",491
"2019-01-01 18:40:46",491
"2019-01-01 19:40:47",491
"2019-01-01 20:40:47",491
"2019-01-01 21:40:46",491
"2019-01-01 22:40:48",491
"2019-01-01 23:40:46",491
"2019-01-02 00:40:47",491
"2019-01-02 01:40:46",491
"2019-01-02 02:40:47",491
"2019-01-02 03:40:46",491
"2019-01-02 04:40:47",491
"2019-01-02 05:40:47",491
"2019-01-02 06:40:47",491
"2019-01-02 07:40:47",491
"2019-01-02 08:40:46",491
"2019-01-02 09:40:47",491
"2019-01-02 10:40:47",491
"2019-01-02 11:40:46",491
"2019-01-02 12:40:46",491
"2019-01-02 13:40:47",491
"2019-01-02 15:05:51",490
"2019-01-02 15:40:47",490
"2019-01-02 16:40:46",487
"2019-01-02 17:40:47",484
"2019-01-02 18:40:47",483
"2019-01-02 19:40:47",482
"2019-01-02 20:40:47",483
"2019-01-02 21:40:46",483
"2019-01-02 22:40:47",483
"2019-01-02 23:40:47",483
"2019-01-03 00:40:47",483
"2019-01-03 01:40:47",483
"2019-01-03 02:40:47",483
"2019-01-03 03:40:47",483
"2019-01-03 05:40:47",483
"2019-01-03 06:40:47",483
"2019-01-03 07:40:47",483
"2019-01-03 08:40:47",483
"2019-01-03 09:40:47",483
"2019-01-03 10:40:47",483
"2019-01-03 11:40:46",483
"2019-01-03 12:40:47",483
"2019-01-03 13:40:45",483
"2019-01-03 14:40:47",483
"2019-01-03 15:40:48",486
"2019-01-03 16:40:48",489
"2019-01-03 17:40:49",491
"2019-01-03 18:40:47",489
"2019-01-03 19:40:48",489
"2019-01-03 20:40:47",491
"2019-01-03 21:40:47",491
"2019-01-03 22:40:48",491
"2019-01-03 23:40:46",491
"2019-01-04 00:40:47",491
"2019-01-04 01:40:47",491
"2019-01-04 02:40:48",491
"2019-01-04 03:40:47",491
"2019-01-04 04:40:46",491
"2019-01-04 05:40:47",491
"2019-01-04 06:40:47",491
"2019-01-04 07:40:47",491
"2019-01-04 08:40:46",491
"2019-01-04 09:40:47",491
"2019-01-04 10:40:46",491
"2019-01-04 11:40:47",491
"2019-01-04 12:40:47",491
"2019-01-04 13:40:46",491
"2019-01-04 15:05:22",491
"2019-01-04 15:40:48",491
"2019-01-04 16:40:48",486
"2019-01-04 17:40:47",487
"2019-01-04 18:40:49",487
"2019-01-04 19:40:49",486
"2019-01-04 20:40:48",481
"2019-01-04 21:40:48",480
"2019-01-04 22:40:47",480
"2019-01-04 23:40:48",480
"2019-01-05 00:40:49",480
"2019-01-05 01:40:48",480
"2019-01-05 02:40:49",480
"2019-01-05 03:40:48",480
"2019-01-05 04:40:48",480
"2019-01-05 05:40:48",480
"2019-01-05 06:40:47",480
"2019-01-05 07:40:47",480
"2019-01-05 08:40:49",480
"2019-01-05 09:40:48",480
"2019-01-05 10:40:48",480
"2019-01-05 11:40:47",480
"2019-01-05 12:40:48",480
"2019-01-05 13:40:48",480
"2019-01-05 14:40:48",480
"2019-01-05 15:40:47",480
"2019-01-05 16:40:48",480
"2019-01-05 17:40:48",480
"2019-01-05 18:40:48",480
"2019-01-05 19:40:49",480
"2019-01-05 20:40:47",480
"2019-01-05 21:40:49",480
"2019-01-05 22:40:47",480
"2019-01-05 23:40:48",480
"2019-01-06 00:40:48",480
"2019-01-06 01:40:47",480
"2019-01-06 02:40:47",480
"2019-01-06 03:40:47",480
"2019-01-06 04:40:48",480
"2019-01-06 05:40:48",480
"2019-01-06 06:40:47",480
"2019-01-06 07:40:48",480
"2019-01-06 08:40:47",480
"2019-01-06 09:40:47",480
"2019-01-06 10:40:47",480
"2019-01-06 11:40:47",480
"2019-01-06 12:40:48",480
"2019-01-06 13:40:47",480
"2019-01-06 14:40:47",480
"2019-01-06 15:40:48",480
"2019-01-06 16:40:48",480
"2019-01-06 17:40:48",480
"2019-01-06 18:40:47",480
"2019-01-06 19:40:47",480
"2019-01-06 20:40:47",480
"2019-01-06 21:40:47",480
"2019-01-06 22:40:47",480
"2019-01-06 23:40:47",480
"2019-01-07 00:40:47",480
"2019-01-07 01:40:47",480
"2019-01-07 02:40:48",480
"2019-01-07 03:40:48",480
"2019-01-07 04:40:48",480
"2019-01-07 05:40:47",480
"2019-01-07 06:40:48",480
"2019-01-07 07:40:47",480
"2019-01-07 08:40:47",480
"2019-01-07 09:40:48",480
"2019-01-07 10:40:48",480
"2019-01-07 11:40:48",480
"2019-01-07 12:40:49",480
"2019-01-07 14:06:20",480
"2019-01-07 14:40:48",480
"2019-01-07 15:40:48",484
"2019-01-07 16:40:49",485
"2019-01-07 17:40:49",483
"2019-01-07 18:40:48",483
"2019-01-07 19:40:47",481
"2019-01-07 20:40:49",484
"2019-01-07 21:40:49",483
"2019-01-07 22:40:48",483
"2019-01-07 23:40:49",483
"2019-01-08 00:40:47",483
"2019-01-08 01:40:48",483
"2019-01-08 02:40:48",483
"2019-01-08 03:40:48",483
"2019-01-08 04:40:48",483
"2019-01-08 05:40:48",483
"2019-01-08 06:40:48",483
"2019-01-08 07:40:48",483
"2019-01-08 08:40:48",483
"2019-01-08 09:40:47",483
"2019-01-08 10:40:48",483
"2019-01-08 11:40:48",483
"2019-01-08 12:40:47",483
"2019-01-08 13:40:48",483
"2019-01-08 14:40:49",483
"2019-01-08 15:40:48",483
"2019-01-08 16:40:48",485
"2019-01-08 17:40:48",485
"2019-01-08 18:40:48",484
"2019-01-08 19:40:48",484
"2019-01-08 20:40:47",485
"2019-01-08 21:40:48",486
"2019-01-08 22:40:47",486
"2019-01-08 23:40:49",486
"2019-01-09 00:40:48",486
"2019-01-09 01:40:48",486
"2019-01-09 02:40:49",486
"2019-01-09 03:41:29",486
"2019-01-09 04:40:48",486
"2019-01-09 05:40:48",486
"2019-01-09 06:40:48",486
"2019-01-09 07:40:49",486
"2019-01-09 08:40:48",486
"2019-01-09 09:40:48",486
"2019-01-09 10:40:48",486
"2019-01-09 11:40:48",486
"2019-01-09 12:40:47",486
"2019-01-09 14:06:21",486
"2019-01-09 14:40:48",486
"2019-01-09 15:40:47",485
"2019-01-09 16:40:48",487
"2019-01-09 17:40:47",488
"2019-01-09 18:40:48",487
"2019-01-09 19:40:48",487
"2019-01-09 20:40:49",486
"2019-01-09 21:40:48",487
"2019-01-09 22:40:48",487
"2019-01-09 23:40:48",487
"2019-01-10 00:40:47",487
"2019-01-10 01:40:47",487
"2019-01-10 02:40:48",487
"2019-01-10 03:40:47",487
"2019-01-10 04:40:47",487
"2019-01-10 05:40:48",487
"2019-01-10 06:40:47",487
"2019-01-10 07:40:48",487
"2019-01-10 08:40:48",487
"2019-01-10 09:40:47",487
"2019-01-10 10:40:48",487
"2019-01-10 11:40:47",487
"2019-01-10 12:40:47",487
"2019-01-10 13:40:48",487
"2019-01-10 15:05:22",484
"2019-01-10 15:40:49",484
"2019-01-10 16:40:48",483
"2019-01-10 17:40:48",483
"2019-01-10 18:40:48",484
"2019-01-10 19:40:47",484
"2019-01-10 20:40:48",483
"2019-01-10 21:40:48",483
"2019-01-10 22:40:47",483
"2019-01-10 23:40:48",483
"2019-01-11 00:40:48",483
"2019-01-11 01:40:47",483
"2019-01-11 02:40:48",483
"2019-01-11 03:40:48",483
"2019-01-11 04:40:47",483
"2019-01-11 05:40:48",483
"2019-01-11 06:40:47",483
"2019-01-11 07:40:49",483
"2019-01-11 08:40:48",483
"2019-01-11 09:40:47",483
"2019-01-11 10:40:47",483
"2019-01-11 11:40:48",483
"2019-01-11 12:40:49",483
"2019-01-11 13:40:47",483
"2019-01-11 14:40:49",483
"2019-01-11 15:40:49",485
"2019-01-11 16:40:47",485
"2019-01-11 17:40:48",485
"2019-01-11 18:40:48",486
"2019-01-11 19:40:48",485
"2019-01-11 20:40:48",484
"2019-01-11 21:40:47",482
"2019-01-11 22:40:48",482
"2019-01-11 23:40:47",482
"2019-01-12 00:40:47",482
"2019-01-12 01:40:49",482
"2019-01-12 02:40:47",482
"2019-01-12 03:40:48",482
"2019-01-12 04:40:47",482
"2019-01-12 05:40:47",482
"2019-01-12 06:40:48",482
"2019-01-12 07:40:47",482
"2019-01-12 08:40:47",482
"2019-01-12 09:40:48",482
"2019-01-12 10:40:48",482
"2019-01-12 11:40:48",482
"2019-01-12 12:40:47",482
"2019-01-12 13:40:47",482
"2019-01-12 14:40:48",482
"2019-01-12 15:40:47",482
"2019-01-12 16:40:48",482
"2019-01-12 17:40:48",482
"2019-01-12 18:40:47",482
"2019-01-12 19:40:48",482
"2019-01-12 20:40:48",482
"2019-01-12 21:40:48",482
"2019-01-12 22:40:48",482
"2019-01-12 23:40:49",482
"2019-01-13 00:40:48",482
"2019-01-13 01:40:47",482
"2019-01-13 02:40:48",482
"2019-01-13 03:40:48",482
"2019-01-13 04:40:49",482
"2019-01-13 05:40:48",482
"2019-01-13 06:40:47",482
"2019-01-13 07:40:48",482
"2019-01-13 08:40:47",482
"2019-01-13 09:40:48",482
"2019-01-13 10:40:49",482
"2019-01-13 11:40:48",482
"2019-01-13 12:40:47",482
"2019-01-13 13:40:48",482
"2019-01-13 14:40:47",482
"2019-01-13 15:40:48",482
"2019-01-13 16:40:47",482
"2019-01-13 17:40:47",482
"2019-01-13 18:40:47",482
"2019-01-13 19:40:48",482
"2019-01-13 20:40:48",482
"2019-01-13 21:40:48",482
"2019-01-13 22:40:47",482
"2019-01-13 23:40:48",482
"2019-01-14 00:40:47",482
"2019-01-14 01:40:47",482
"2019-01-14 02:40:47",482
"2019-01-14 03:40:47",482
"2019-01-14 04:40:48",482
"2019-01-14 05:40:48",482
"2019-01-14 06:40:47",482
"2019-01-14 07:40:47",482
"2019-01-14 08:40:47",482
"2019-01-14 09:40:48",482
"2019-01-14 10:40:48",482
"2019-01-14 11:40:47",482
"2019-01-14 12:40:48",482
"2019-01-14 13:40:47",482
"2019-01-14 14:40:47",482
"2019-01-14 15:40:48",482
"2019-01-14 16:40:48",480
"2019-01-14 17:40:48",479
"2019-01-14 18:40:47",479
"2019-01-14 19:40:48",479
"2019-01-14 20:40:47",479
"2019-01-14 21:40:48",477
"2019-01-14 22:40:47",477
"2019-01-14 23:40:47",477
"2019-01-15 00:40:48",477
"2019-01-15 01:40:47",477
"2019-01-15 02:40:47",477
"2019-01-15 03:40:47",477
"2019-01-15 04:40:49",477
"2019-01-15 05:40:47",477
"2019-01-15 06:40:47",477
"2019-01-15 07:40:47",477
"2019-01-15 08:40:47",477
"2019-01-15 09:40:47",477
"2019-01-15 10:40:47",477
"2019-01-15 11:40:47",477
"2019-01-15 12:40:47",477
"2019-01-15 13:40:47",477
"2019-01-15 14:40:49",477
"2019-01-15 15:40:48",477
"2019-01-15 16:40:47",477
"2019-01-15 17:40:47",477
"2019-01-15 18:40:48",478
"2019-01-15 19:40:48",477
"2019-01-15 20:40:48",477
"2019-01-15 21:40:48",479
"2019-01-15 22:40:48",479
"2019-01-15 23:40:48",479
"2019-01-16 00:40:47",479
"2019-01-16 01:40:49",479
"2019-01-16 02:40:48",479
"2019-01-16 03:40:47",479
"2019-01-16 04:40:48",479
"2019-01-16 05:40:47",479
"2019-01-16 06:40:47",479
"2019-01-16 07:40:47",479
"2019-01-16 08:40:47",479
"2019-01-16 09:40:48",479
"2019-01-16 10:40:47",479
"2019-01-16 11:40:47",479
"2019-01-16 12:40:47",479
"2019-01-16 14:07:21",479
"2019-01-16 15:06:21",479
"2019-01-16 15:40:48",479
"2019-01-16 16:40:48",477
"2019-01-16 17:40:47",476
"2019-01-16 18:40:48",476
"2019-01-16 19:40:48",476
"2019-01-16 20:40:47",476
"2019-01-16 21:40:48",476
"2019-01-16 22:40:47",476
"2019-01-16 23:40:46",476
"2019-01-17 00:40:47",476
"2019-01-17 01:40:48",476
"2019-01-17 02:40:48",476
"2019-01-17 03:40:47",476
"2019-01-17 04:40:48",476
"2019-01-17 05:40:47",476
"2019-01-17 06:40:47",476
"2019-01-17 07:40:47",476
"2019-01-17 08:40:47",476
"2019-01-17 09:40:48",476
"2019-01-17 10:40:48",476
"2019-01-17 11:40:47",476
"2019-01-17 12:40:47",476
"2019-01-17 13:40:47",476
"2019-01-17 15:06:54",476
"2019-01-17 15:40:50",476
"2019-01-17 16:40:48",477
"2019-01-17 17:40:48",478
"2019-01-17 18:40:49",478
"2019-01-17 19:40:49",478
"2019-01-17 20:40:48",479
"2019-01-17 21:40:48",479
"2019-01-17 22:40:48",479
"2019-01-17 23:40:48",479
"2019-01-18 00:40:48",479
"2019-01-18 01:40:48",479
"2019-01-18 02:40:48",479
"2019-01-18 03:40:49",479
"2019-01-18 04:40:48",479
"2019-01-18 05:40:48",479
"2019-01-18 06:40:47",479
"2019-01-18 07:40:48",479
"2019-01-18 08:40:48",479
"2019-01-18 09:40:49",479
"2019-01-18 10:40:48",479
"2019-01-18 11:40:47",479
"2019-01-18 12:40:49",479
"2019-01-18 13:40:48",479
"2019-01-18 14:40:50",479
"2019-01-18 15:40:49",480
"2019-01-18 16:40:49",480
"2019-01-18 17:40:50",479
"2019-01-18 18:40:49",479
"2019-01-18 19:40:47",479
"2019-01-18 20:40:49",479
"2019-01-18 21:40:48",479
"2019-01-18 22:40:48",479
"2019-01-18 23:40:48",479
"2019-01-19 00:40:48",479
"2019-01-19 01:40:48",479
"2019-01-19 02:40:49",479
"2019-01-19 03:40:49",479
"2019-01-19 04:40:49",479
"2019-01-19 05:40:48",479
"2019-01-19 06:40:48",479
"2019-01-19 07:40:48",479
"2019-01-19 08:40:48",479
"2019-01-19 09:40:49",479
"2019-01-19 10:40:49",479
"2019-01-19 11:40:48",479
"2019-01-19 12:40:47",479
"2019-01-19 13:40:49",479
"2019-01-19 14:40:48",479
"2019-01-19 15:40:49",479
"2019-01-19 16:40:48",479
"2019-01-19 17:40:48",479
"2019-01-19 18:40:47",479
"2019-01-19 19:40:47",479
"2019-01-19 20:40:48",479
"2019-01-19 21:40:48",479
"2019-01-19 22:40:48",479
"2019-01-19 23:40:49",479
"2019-01-20 00:40:49",479
"2019-01-20 01:40:48",479
"2019-01-20 02:40:49",479
"2019-01-20 03:40:48",479
"2019-01-20 04:40:49",479
"2019-01-20 05:40:49",479
"2019-01-20 06:40:48",479
"2019-01-20 07:40:49",479
"2019-01-20 08:40:48",479
"2019-01-20 09:40:48",479
"2019-01-20 10:40:48",479
"2019-01-20 11:40:48",479
"2019-01-20 12:40:48",479
"2019-01-20 13:40:48",479
"2019-01-20 14:40:48",479
"2019-01-20 15:40:49",479
"2019-01-20 16:40:49",479
"2019-01-20 17:40:49",479
"2019-01-20 18:40:48",479
"2019-01-20 19:40:48",479
"2019-01-20 20:40:48",479
"2019-01-20 21:40:48",479
"2019-01-20 22:40:49",479
"2019-01-20 23:40:49",479
"2019-01-21 00:40:48",479
"2019-01-21 01:40:49",479
"2019-01-21 02:40:49",479
"2019-01-21 03:40:49",479
"2019-01-21 04:40:49",479
"2019-01-21 05:40:48",479
"2019-01-21 06:40:48",479
"2019-01-21 07:40:48",479
"2019-01-21 08:40:48",479
"2019-01-21 09:40:49",479
"2019-01-21 10:40:48",479
"2019-01-21 11:40:48",479
"2019-01-21 12:40:48",479
"2019-01-21 13:40:48",479
"2019-01-21 14:40:48",479
"2019-01-21 15:40:47",479
"2019-01-21 16:40:48",479
"2019-01-21 17:40:48",479
"2019-01-21 18:40:48",479
"2019-01-21 19:40:47",479
"2019-01-21 20:40:48",479
"2019-01-21 21:40:48",479
"2019-01-21 22:40:49",479
"2019-01-21 23:40:48",479
"2019-01-22 00:40:48",479
"2019-01-22 01:40:47",479
"2019-01-22 02:40:48",479
"2019-01-22 03:40:48",479
"2019-01-22 04:40:49",479
"2019-01-22 05:40:49",479
"2019-01-22 06:40:48",479
"2019-01-22 07:40:48",479
"2019-01-22 08:40:48",479
"2019-01-22 09:40:47",479
"2019-01-22 10:40:48",479
"2019-01-22 11:40:48",479
"2019-01-22 12:40:48",479
"2019-01-22 13:40:48",479
"2019-01-22 14:40:48",479
"2019-01-22 15:40:48",479
"2019-01-22 16:40:48",480
"2019-01-22 17:40:48",482
"2019-01-22 18:40:48",484
"2019-01-22 19:40:49",484
"2019-01-22 20:40:49",485
"2019-01-22 21:40:49",485
"2019-01-22 22:40:48",485
"2019-01-22 23:40:48",485
"2019-01-23 00:40:48",485
"2019-01-23 01:40:48",485
"2019-01-23 02:40:48",485
"2019-01-23 03:40:49",485
"2019-01-23 04:40:49",485
"2019-01-23 05:40:48",485
"2019-01-23 06:40:49",485
"2019-01-23 07:40:48",485
"2019-01-23 08:40:49",485
"2019-01-23 09:40:49",485
"2019-01-23 10:40:48",485
"2019-01-23 11:40:48",485
"2019-01-23 12:40:48",485
"2019-01-23 13:40:49",485
"2019-01-23 15:04:51",485
"2019-01-23 15:40:48",485
"2019-01-23 16:40:47",486
"2019-01-23 17:40:48",486
"2019-01-23 18:40:48",486
"2019-01-23 19:40:48",486
"2019-01-23 20:40:47",486
"2019-01-23 21:40:48",486
"2019-01-23 22:40:48",487
"2019-01-23 23:40:48",487
"2019-01-30 08:07:14",479
"2019-01-30 08:12:46",479
"2019-01-30 08:18:51",479
"2019-01-30 08:41:38",479
"2019-01-30 08:41:41",479
"2019-01-30 09:41:36",479
"2019-01-30 09:41:39",479
"2019-01-30 10:41:37",479
"2019-01-30 10:41:40",479
"2019-01-30 11:41:38",479
"2019-01-30 11:41:41",479
"2019-01-30 12:41:39",479
"2019-01-30 12:41:42",479
"2019-01-30 13:41:38",479
"2019-01-30 13:41:41",479
"2019-01-30 14:41:39",479
"2019-01-30 14:41:42",479
"2019-01-30 15:41:37",479
"2019-01-30 15:41:40",479
"2019-01-30 16:41:38",480
"2019-01-30 16:41:41",480
"2019-01-30 17:41:39",483
"2019-01-30 17:41:42",483
"2019-01-30 18:41:37",483
"2019-01-30 18:41:40",483
"2019-01-30 19:41:40",484
"2019-01-30 19:41:43",484
"2019-01-30 20:41:37",484
"2019-01-30 20:41:40",484
"2019-01-30 21:41:39",485
"2019-01-30 21:41:42",485
"2019-01-30 22:41:37",485
"2019-01-30 22:41:40",485
"2019-01-30 23:41:38",485
"2019-01-30 23:41:41",485
"2019-01-31 00:41:43",485
"2019-01-31 00:41:44",485
"2019-01-31 01:41:36",485
"2019-01-31 01:41:39",485
"2019-01-31 02:41:38",485
"2019-01-31 02:41:42",485
"2019-01-31 03:41:38",485
"2019-01-31 03:41:41",485
"2019-01-31 04:41:37",485
"2019-01-31 04:41:40",485
"2019-01-31 05:41:37",485
"2019-01-31 05:41:40",485
"2019-01-31 06:41:39",485
"2019-01-31 06:41:43",485
"2019-01-31 08:09:41",485
"2019-01-31 08:14:17",485
"2019-01-31 08:40:53",485
"2019-01-31 10:04:26",485
"2019-01-31 10:40:53",485
"2019-01-31 11:40:52",485
"2019-01-31 12:40:51",485
"2019-01-31 13:40:53",485
"2019-01-31 15:40:52",487
"2019-01-31 16:40:56",486
"2019-01-31 17:40:53",486
"2019-01-31 18:40:53",486
"2019-01-31 19:40:55",486
"2019-01-31 20:40:53",486
"2019-01-31 21:40:53",486
"2019-01-31 22:40:52",486
"2019-01-31 23:40:52",487
"2019-02-01 00:40:53",487
"2019-02-01 01:40:53",487
"2019-02-01 02:40:55",487
"2019-02-01 03:40:53",487
"2019-02-01 04:40:53",487
"2019-02-01 05:40:52",487
"2019-02-01 06:40:52",487
"2019-02-01 07:40:53",487
"2019-02-01 08:40:52",487
"2019-02-01 09:40:52",487
"2019-02-01 10:40:53",487
"2019-02-01 11:40:53",487
"2019-02-01 12:40:52",487
"2019-02-01 13:40:52",487
"2019-02-01 14:40:53",487
"2019-02-01 15:40:53",487
"2019-02-01 16:40:53",487
"2019-02-01 17:40:52",487
"2019-02-01 18:40:55",486
"2019-02-01 19:40:55",488
"2019-02-01 20:40:52",488
"2019-02-01 21:40:54",487
"2019-02-01 22:40:54",487
"2019-02-02 00:05:56",487
"2019-02-02 00:40:55",487
"2019-02-02 01:40:54",487
"2019-02-02 02:40:55",487
"2019-02-02 03:40:53",487
"2019-02-02 04:40:53",487
"2019-02-02 05:40:53",487
"2019-02-02 06:40:53",487
"2019-02-02 07:40:53",487
"2019-02-02 08:40:53",487
"2019-02-02 09:40:54",487
"2019-02-02 10:40:53",487
"2019-02-02 11:40:54",487
"2019-02-02 12:40:54",487
"2019-02-02 13:40:54",487
"2019-02-02 14:40:55",487
"2019-02-02 15:40:53",487
"2019-02-02 16:40:56",487
"2019-02-02 17:40:54",487
"2019-02-02 18:40:55",487
"2019-02-02 19:40:53",487
"2019-02-02 20:40:55",487
"2019-02-02 21:40:53",487
"2019-02-02 22:40:54",487
"2019-02-02 23:40:54",487
"2019-02-03 00:40:55",487
"2019-02-03 01:40:54",487
"2019-02-03 02:40:55",487
"2019-02-03 03:40:54",487
"2019-02-03 04:40:55",487
"2019-02-03 05:40:52",487
"2019-02-03 06:40:54",487
"2019-02-03 07:40:53",487
"2019-02-03 08:40:53",487
"2019-02-03 09:40:54",487
"2019-02-03 10:40:53",487
"2019-02-03 11:40:54",487
"2019-02-03 12:40:54",487
"2019-02-03 13:40:54",487
"2019-02-03 14:40:56",487
"2019-02-03 15:40:53",487
"2019-02-03 16:40:54",487
"2019-02-03 17:40:55",487
"2019-02-03 18:40:56",487
"2019-02-03 19:40:53",487
"2019-02-03 20:40:54",487
"2019-02-03 21:40:54",487
"2019-02-03 22:40:56",487
"2019-02-03 23:40:56",487
"2019-02-04 00:40:55",487
"2019-02-04 01:40:54",487
"2019-02-04 02:40:55",487
"2019-02-04 03:40:54",487
"2019-02-04 04:40:55",487
"2019-02-04 05:40:53",487
"2019-02-04 06:40:53",487
"2019-02-04 07:40:54",487
"2019-02-04 08:40:54",487
"2019-02-04 09:40:53",487
"2019-02-04 10:40:55",487
"2019-02-04 11:40:54",487
"2019-02-04 12:40:52",487
"2019-02-04 13:40:54",487
"2019-02-04 14:40:55",487
"2019-02-04 15:40:55",494
"2019-02-04 16:40:55",510
"2019-02-04 17:40:54",508
"2019-02-04 18:40:55",508
"2019-02-04 19:40:54",507
"2019-02-04 20:40:56",507
"2019-02-04 21:40:54",508
"2019-02-04 22:40:55",508
"2019-02-04 23:40:57",508
"2019-02-05 00:40:56",508
"2019-02-05 01:40:56",508
"2019-02-05 02:40:55",508
"2019-02-05 03:40:54",508
"2019-02-05 04:40:57",508
"2019-02-05 05:40:55",508
"2019-02-05 06:40:56",508
"2019-02-05 07:40:54",508
"2019-02-05 08:40:54",508
"2019-02-05 09:40:54",508
"2019-02-05 10:40:55",508
"2019-02-05 11:40:54",508
"2019-02-05 12:40:53",508
"2019-02-05 13:40:54",508
"2019-02-05 14:40:55",508
"2019-02-05 15:40:54",501
"2019-02-05 16:40:56",501
"2019-02-05 17:40:54",503
"2019-02-05 18:40:56",503
"2019-02-05 19:40:56",502
"2019-02-05 20:40:54",500
"2019-02-05 21:40:54",500
"2019-02-05 22:40:55",500
"2019-02-05 23:40:58",500
"2019-02-06 00:40:56",500
"2019-02-06 01:40:54",500
"2019-02-06 02:40:55",500
"2019-02-06 03:40:54",500
"2019-02-06 04:40:54",500
"2019-02-06 05:40:54",500
"2019-02-06 06:40:56",500
"2019-02-06 07:40:56",500
"2019-02-06 08:40:51",500
"2019-02-06 09:40:51",500
"2019-02-07 02:40:57",500
"2019-02-07 03:40:54",500
"2019-02-07 04:40:54",500
"2019-02-07 05:40:55",500
"2019-02-07 06:40:53",500
"2019-02-07 07:40:53",500
"2019-02-07 08:40:54",500
"2019-02-07 09:40:53",500
"2019-02-07 10:40:55",500
"2019-02-07 11:40:56",500
"2019-02-07 12:40:55",500
"2019-02-07 13:40:55",500
"2019-02-07 15:04:26",498
"2019-02-07 15:40:56",498
"2019-02-07 16:40:59",497
"2019-02-07 17:40:55",498
"2019-02-07 18:40:57",498
"2019-02-07 19:40:57",501
"2019-02-07 20:40:56",501
"2019-02-07 21:40:56",499
"2019-02-07 22:40:55",499
"2019-02-07 23:40:56",499
"2019-02-08 00:40:57",499
"2019-02-08 01:40:56",499
"2019-02-08 02:40:56",499
"2019-02-08 03:40:59",499
"2019-02-08 04:40:55",499
"2019-02-08 05:40:54",499
"2019-02-08 06:40:54",499
"2019-02-08 07:40:55",499
"2019-02-08 08:40:54",499
"2019-02-08 09:40:55",499
"2019-02-08 10:40:56",499
"2019-02-08 11:40:56",499
"2019-02-08 12:40:56",499
"2019-02-08 13:40:56",499
"2019-02-08 15:05:29",500
"2019-02-08 15:40:54",500
"2019-02-08 16:40:55",500
"2019-02-08 17:40:56",499
"2019-02-08 18:40:58",499
"2019-02-08 19:40:57",500
"2019-02-08 20:40:57",500
"2019-02-08 21:40:57",499
"2019-02-08 22:40:54",499
"2019-02-08 23:40:54",499
"2019-02-09 00:40:56",499
"2019-02-09 01:40:55",499
"2019-02-09 02:40:55",499
"2019-02-09 03:40:54",499
"2019-02-09 04:40:56",499
"2019-02-09 05:40:55",499
"2019-02-09 06:40:55",499
"2019-02-09 07:40:55",499
"2019-02-09 08:40:54",499
"2019-02-09 09:40:55",499
"2019-02-09 10:40:55",499
"2019-02-09 11:40:54",499
"2019-02-09 12:40:56",499
"2019-02-09 13:40:54",499
"2019-02-09 14:40:55",499
"2019-02-09 15:40:57",499
"2019-02-09 16:40:56",499
"2019-02-09 17:40:57",499
"2019-02-09 18:40:55",499
"2019-02-09 19:40:55",499
"2019-02-09 20:40:55",499
"2019-02-09 21:40:57",499
"2019-02-09 22:40:55",499
"2019-02-09 23:40:56",499
"2019-02-10 00:40:54",499
"2019-02-10 01:40:56",499
"2019-02-10 02:40:55",499
"2019-02-10 03:40:54",499
"2019-02-10 04:40:57",499
"2019-02-10 05:40:57",499
"2019-02-10 06:40:56",499
"2019-02-10 07:40:54",499
"2019-02-10 08:40:55",499
"2019-02-10 09:40:54",499
"2019-02-10 10:40:55",499
"2019-02-10 11:40:55",499
"2019-02-10 12:40:55",499
"2019-02-10 13:40:56",499
"2019-02-10 14:40:56",499
"2019-02-10 15:40:57",499
"2019-02-10 16:40:57",499
"2019-02-10 17:40:54",499
"2019-02-10 18:40:54",499
"2019-02-10 19:40:57",499
"2019-02-10 20:40:56",499
"2019-02-10 21:40:54",499
"2019-02-10 22:40:56",499
"2019-02-10 23:40:57",499
"2019-02-11 00:40:56",499
"2019-02-11 01:40:57",499
"2019-02-11 02:40:57",499
"2019-02-11 03:40:56",499
"2019-02-11 04:40:58",499
"2019-02-11 05:40:55",499
"2019-02-11 06:40:56",499
"2019-02-11 07:40:54",499
"2019-02-11 08:40:55",499
"2019-02-11 09:40:56",499
"2019-02-11 10:40:57",499
"2019-02-11 11:40:54",499
"2019-02-11 12:40:55",499
"2019-02-11 13:40:55",499
"2019-02-11 14:40:54",499
"2019-02-11 15:40:55",500
"2019-02-11 16:40:55",500
"2019-02-11 17:40:56",498
"2019-02-11 18:40:55",498
"2019-02-11 19:40:55",497
"2019-02-11 20:40:55",498
"2019-02-11 21:40:54",499
"2019-02-11 22:40:54",499
"2019-02-11 23:40:56",499
"2019-02-12 00:40:55",499
"2019-02-12 01:40:54",499
"2019-02-12 02:40:59",499
"2019-02-12 03:40:55",499
"2019-02-12 04:40:56",499
"2019-02-12 05:40:54",499
"2019-02-12 06:40:55",499
"2019-02-12 07:40:54",499
"2019-02-12 08:40:53",499
"2019-02-12 09:40:54",499
"2019-02-12 10:40:54",499
"2019-02-12 11:40:55",499
"2019-02-12 12:40:54",499
"2019-02-12 13:40:55",499
"2019-02-12 14:40:54",499
"2019-02-12 15:40:56",499
"2019-02-12 16:40:54",499
"2019-02-12 17:40:54",499
"2019-02-12 18:40:55",499
"2019-02-12 19:40:54",499
"2019-02-12 20:40:54",499
"2019-02-12 21:40:56",498
"2019-02-12 22:40:55",498
"2019-02-12 23:40:54",498
"2019-02-13 00:40:55",498
"2019-02-13 01:40:57",498
"2019-02-13 02:40:55",498
"2019-02-13 03:40:55",498
"2019-02-13 04:40:56",498
"2019-02-13 05:40:55",498
"2019-02-13 06:40:55",498
"2019-02-13 07:40:55",498
"2019-02-13 08:40:55",498
"2019-02-13 09:40:55",498
"2019-02-13 10:40:56",498
"2019-02-13 11:40:54",498
"2019-02-13 12:40:56",498
"2019-02-13 13:40:54",498
"2019-02-13 14:40:54",498
"2019-02-13 15:40:55",501
"2019-02-13 16:40:54",501
"2019-02-13 17:40:57",499
"2019-02-13 18:40:54",501
"2019-02-13 19:40:55",501
"2019-02-13 20:40:56",501
"2019-02-13 21:40:56",501
"2019-02-13 22:40:56",501
"2019-02-13 23:40:57",501
"2019-02-14 00:40:55",501
"2019-02-14 01:40:56",501
"2019-02-14 02:40:56",501
"2019-02-14 03:40:58",501
"2019-02-14 04:40:55",501
"2019-02-14 05:40:59",501
"2019-02-14 06:40:55",501
"2019-02-14 07:40:55",501
"2019-02-14 08:40:55",501
"2019-02-14 09:40:56",501
"2019-02-14 10:40:57",501
"2019-02-14 11:40:56",501
"2019-02-14 12:40:55",501
"2019-02-14 13:40:57",501
"2019-02-14 14:40:56",501
"2019-02-14 15:40:58",500
"2019-02-14 16:40:55",499
"2019-02-14 17:40:56",498
"2019-02-14 18:40:56",497
"2019-02-14 19:40:55",497
"2019-02-14 20:40:57",498
"2019-02-14 21:40:56",499
"2019-02-14 22:40:57",499
"2019-02-15 00:40:56",499
"2019-02-15 01:40:56",499
"2019-02-15 02:40:58",499
"2019-02-15 03:40:59",499
"2019-02-15 04:41:00",499
"2019-02-15 05:40:56",499
"2019-02-15 06:40:55",499
"2019-02-15 07:40:57",499
"2019-02-15 08:40:57",499
"2019-02-15 09:40:56",499
"2019-02-15 10:40:57",499
"2019-02-15 11:40:57",499
"2019-02-15 12:40:55",499
"2019-02-15 14:05:58",499
"2019-02-15 14:40:58",499
"2019-02-15 15:41:01",501
"2019-02-15 16:40:59",502
"2019-02-15 17:40:55",503
"2019-02-15 18:40:59",503
"2019-02-15 19:40:57",503
"2019-02-15 20:40:57",503
"2019-02-15 21:40:58",503
"2019-02-15 22:40:56",503
"2019-02-15 23:40:57",503
"2019-02-16 00:40:58",503
"2019-02-16 01:41:03",503
"2019-02-16 02:41:01",503
"2019-02-16 03:40:59",503
"2019-02-16 04:40:56",503
"2019-02-16 05:40:57",503
"2019-02-16 06:40:56",503
"2019-02-16 07:40:56",503
"2019-02-16 08:40:56",503
"2019-02-16 09:40:58",503
"2019-02-16 10:40:58",503
"2019-02-16 11:40:55",503
"2019-02-16 12:40:57",503
"2019-02-16 13:40:58",503
"2019-02-16 14:40:56",503
"2019-02-16 15:41:01",503
"2019-02-16 16:40:55",503
"2019-02-16 17:40:56",503
"2019-02-16 18:40:57",503
"2019-02-16 19:40:56",503
"2019-02-16 20:40:57",503
"2019-02-16 21:40:57",503
"2019-02-16 22:40:57",503
"2019-02-16 23:40:56",503
"2019-02-17 00:40:58",503
"2019-02-17 01:40:57",503
"2019-02-17 02:40:55",503
"2019-02-17 03:40:57",503
"2019-02-17 04:40:55",503
"2019-02-17 05:40:56",503
"2019-02-17 06:40:55",503
"2019-02-17 07:40:57",503
"2019-02-17 08:40:56",503
"2019-02-17 09:40:55",503
"2019-02-17 10:40:56",503
"2019-02-17 11:40:58",503
"2019-02-17 12:40:55",503
"2019-02-17 13:40:57",503
"2019-02-17 14:40:56",503
"2019-02-17 15:40:57",503
"2019-02-17 16:40:57",503
"2019-02-17 17:40:57",503
"2019-02-17 18:40:57",503
"2019-02-17 19:40:56",503
"2019-02-17 20:40:57",503
"2019-02-17 21:40:55",503
"2019-02-17 22:40:56",503
"2019-02-17 23:40:57",503
"2019-02-18 00:40:56",503
"2019-02-18 01:40:57",503
"2019-02-18 02:40:59",503
"2019-02-18 03:40:57",503
"2019-02-18 04:40:55",503
"2019-02-18 05:40:57",503
"2019-02-18 06:40:55",503
"2019-02-18 07:40:57",503
"2019-02-18 08:40:56",503
"2019-02-18 09:40:58",503
"2019-02-18 10:40:56",503
"2019-02-18 11:40:56",503
"2019-02-18 12:40:57",503
"2019-02-18 13:41:00",503
"2019-02-18 14:40:55",503
"2019-02-18 15:40:57",503
"2019-02-18 16:40:57",503
"2019-02-18 17:40:57",503
"2019-02-18 18:40:57",503
"2019-02-18 19:40:57",503
"2019-02-18 20:40:57",503
"2019-02-18 21:40:56",503
"2019-02-18 22:40:54",503
"2019-02-18 23:40:56",503
"2019-02-19 00:40:55",503
"2019-02-19 01:40:59",503
"2019-02-19 02:40:57",503
"2019-02-19 03:40:57",503
"2019-02-19 04:40:57",503
"2019-02-19 05:40:56",503
"2019-02-19 06:40:56",503
"2019-02-19 07:40:56",503
"2019-02-19 08:40:56",503
"2019-02-19 09:40:55",503
"2019-02-19 10:40:55",503
"2019-02-19 11:40:54",503
"2019-02-19 12:40:54",503
"2019-02-19 14:05:28",503
"2019-02-19 14:40:58",503
"2019-02-19 15:40:58",502
"2019-02-19 16:40:57",501
"2019-02-19 17:40:57",500
"2019-02-19 18:41:00",500
"2019-02-19 19:40:57",500
"2019-02-19 20:40:59",500
"2019-02-19 21:40:58",500
"2019-02-19 22:40:57",500
"2019-02-19 23:40:56",500
"2019-02-20 00:41:02",500
"2019-02-20 01:40:58",500
"2019-02-20 02:40:57",500
"2019-02-20 03:41:02",500
"2019-02-20 04:40:59",500
"2019-02-20 05:40:57",500
"2019-02-20 06:40:58",500
"2019-02-20 07:40:56",500
"2019-02-20 08:40:58",500
"2019-02-20 09:40:57",500
"2019-02-20 10:40:57",500
"2019-02-20 11:40:59",500
"2019-02-20 12:40:57",500
"2019-02-20 13:40:56",500
"2019-02-20 14:40:58",500
"2019-02-20 15:40:58",502
"2019-02-20 16:40:57",501
"2019-02-20 17:40:58",502
"2019-02-20 18:40:57",502
"2019-02-20 19:40:58",502
"2019-02-20 20:40:58",502
"2019-02-20 21:40:59",502
"2019-02-20 22:40:58",502
"2019-02-20 23:40:56",501
"2019-02-21 00:40:58",501
"2019-02-21 01:40:59",501
"2019-02-21 02:40:59",501
"2019-02-21 03:40:57",501
"2019-02-21 04:40:56",501
"2019-02-21 05:40:58",501
"2019-02-21 06:40:56",501
"2019-02-21 07:40:57",501
"2019-02-21 08:40:55",501
"2019-02-21 09:40:57",501
"2019-02-21 10:40:57",501
"2019-02-21 11:40:57",501
"2019-02-21 12:40:55",501
"2019-02-21 13:40:56",501
"2019-02-21 14:40:57",501
"2019-02-21 15:40:59",499
"2019-02-21 17:04:58",497
"2019-02-21 17:40:56",497
"2019-02-21 18:40:55",496
"2019-02-21 19:40:55",498
"2019-02-21 20:40:59",498
"2019-02-21 21:40:55",498
"2019-02-21 22:40:55",498
"2019-02-21 23:40:55",498
"2019-02-22 00:40:56",498
"2019-02-22 01:40:59",498
"2019-02-22 02:40:57",498
"2019-02-22 03:40:58",498
"2019-02-22 04:40:56",498
"2019-02-22 05:40:56",498
"2019-02-22 06:40:56",498
"2019-02-22 07:40:59",498
"2019-02-22 08:40:58",498
"2019-02-22 09:40:56",498
"2019-02-22 10:40:56",498
"2019-02-22 11:40:57",498
"2019-02-22 12:40:56",498
"2019-02-22 13:40:55",498
"2019-02-22 14:40:57",498
"2019-02-22 15:40:58",499
"2019-02-22 16:40:56",499
"2019-02-22 17:40:56",500
"2019-02-22 18:40:56",500
"2019-02-22 19:40:55",500
"2019-02-22 20:40:55",500
"2019-02-22 21:40:59",500
"2019-02-22 22:40:56",500
"2019-02-22 23:40:58",500
"2019-02-23 00:40:55",500
"2019-02-23 01:40:57",500
"2019-02-23 02:40:59",500
"2019-02-23 03:40:58",500
"2019-02-23 04:40:56",500
"2019-02-23 05:40:57",500
"2019-02-23 06:40:55",500
"2019-02-23 07:40:54",500
"2019-02-23 08:40:56",500
"2019-02-23 09:40:56",500
"2019-02-23 10:40:56",500
"2019-02-23 11:40:57",500
"2019-02-23 12:40:56",500
"2019-02-23 13:40:55",500
"2019-02-23 14:40:57",500
"2019-02-23 15:40:57",500
"2019-02-23 16:40:56",500
"2019-02-23 17:40:56",500
"2019-02-23 18:40:56",500
"2019-02-23 19:40:56",500
"2019-02-23 20:40:56",500
"2019-02-23 21:40:58",500
"2019-02-23 22:40:56",500
"2019-02-23 23:40:56",500
"2019-02-24 00:40:58",500
"2019-02-24 01:40:56",500
"2019-02-24 02:40:57",500
"2019-02-24 03:40:57",500
"2019-02-24 04:40:57",500
"2019-02-24 05:40:56",500
"2019-02-24 06:40:56",500
"2019-02-24 07:40:57",500
"2019-02-24 08:40:55",500
"2019-02-24 09:40:56",500
"2019-02-24 10:40:55",500
"2019-02-24 11:40:56",500
"2019-02-24 12:40:55",500
"2019-02-24 13:40:55",500
"2019-02-24 14:40:55",500
"2019-02-24 15:40:57",500
"2019-02-24 16:40:56",500
"2019-02-24 17:40:57",500
"2019-02-24 18:40:58",500
"2019-02-24 19:40:57",500
"2019-02-24 20:40:56",500
"2019-02-24 21:40:55",500
"2019-02-24 22:40:56",500
"2019-02-24 23:37:57",500
"2019-02-24 23:40:55",500
"2019-02-25 00:40:57",500
"2019-02-25 01:40:56",500
"2019-02-25 02:40:55",500
"2019-02-25 03:40:57",500
"2019-02-25 04:40:56",500
"2019-02-25 05:40:56",500
"2019-02-25 06:40:55",500
"2019-02-25 07:40:56",500
"2019-02-25 08:40:55",500
"2019-02-25 09:40:57",500
"2019-02-25 10:40:56",500
"2019-02-25 11:40:58",500
"2019-02-25 12:40:55",500
"2019-02-25 14:06:00",500
"2019-02-25 14:40:57",500
"2019-02-25 15:40:57",500
"2019-02-25 16:40:57",500
"2019-02-25 17:40:58",500
"2019-02-25 18:40:59",500
"2019-02-25 19:40:55",499
"2019-02-25 20:40:57",499
"2019-02-25 21:40:57",499
"2019-02-25 22:40:56",499
"2019-02-25 23:40:58",499
"2019-02-26 00:40:57",499
"2019-02-26 01:40:57",499
"2019-02-26 02:40:58",499
"2019-02-26 03:40:58",499
"2019-02-26 04:40:59",499
"2019-02-26 05:40:56",499
"2019-02-26 06:40:58",499
"2019-02-26 07:40:58",499
"2019-02-26 08:40:57",499
"2019-02-26 09:40:58",499
"2019-02-26 10:40:55",499
"2019-02-26 11:40:57",499
"2019-02-26 12:40:56",499
"2019-02-26 13:40:56",499
"2019-02-26 14:40:57",499
"2019-02-26 15:40:59",499
"2019-02-26 16:40:57",499
"2019-02-26 17:40:57",498
"2019-02-26 18:40:56",498
"2019-02-26 19:40:59",497
"2019-02-26 20:40:57",497
"2019-02-26 21:40:56",496
"2019-02-26 22:40:59",496
"2019-02-26 23:40:58",496
"2019-02-27 00:41:00",496
"2019-02-27 01:40:59",496
"2019-02-27 02:41:57",496
"2019-02-27 03:41:09",496
"2019-02-27 04:40:59",496
"2019-02-27 05:40:58",496
"2019-02-27 06:41:00",496
"2019-02-27 07:40:59",496
"2019-02-27 08:40:59",496
"2019-02-27 09:40:55",496
"2019-02-27 10:40:56",496
"2019-02-27 11:41:00",496
"2019-02-27 12:41:02",496
"2019-02-27 13:40:58",496
"2019-02-27 14:40:58",496
"2019-02-27 15:41:00",497
"2019-02-27 16:40:57",498
"2019-02-27 17:40:57",497
"2019-02-27 18:40:59",497
"2019-02-27 19:40:59",497
"2019-02-27 20:40:58",497
"2019-02-27 21:40:58",497
"2019-02-27 22:41:00",497
"2019-02-27 23:40:57",497
"2019-02-28 00:40:58",497
"2019-02-28 01:40:56",497
"2019-02-28 02:40:58",497
"2019-02-28 04:40:58",497
"2019-02-28 05:40:57",497
"2019-02-28 06:40:56",497
"2019-02-28 07:40:57",497
"2019-02-28 08:40:57",497
"2019-02-28 09:40:56",497
"2019-02-28 10:40:57",497
"2019-02-28 11:40:58",497
"2019-02-28 12:40:58",497
"2019-02-28 13:40:58",497
"2019-02-28 15:05:02",498
"2019-02-28 15:40:55",498
"2019-02-28 16:40:59",497
"2019-02-28 17:40:57",497
"2019-02-28 18:40:59",497
"2019-02-28 19:40:58",497
"2019-02-28 20:40:56",498
"2019-02-28 21:40:57",500
"2019-02-28 22:40:58",500
"2019-02-28 23:40:56",500
"2019-03-01 00:40:57",500
"2019-03-01 01:40:58",500
"2019-03-01 02:40:59",500
"2019-03-01 03:40:59",500
"2019-03-01 04:40:58",500
"2019-03-01 05:40:59",500
"2019-03-01 06:40:57",500
"2019-03-01 07:40:59",500
"2019-03-01 08:40:58",500
"2019-03-01 09:40:56",500
"2019-03-01 10:40:58",500
"2019-03-01 11:40:57",500
"2019-03-01 12:40:56",500
"2019-03-01 13:41:01",500
"2019-03-01 14:40:59",500
"2019-03-01 15:40:57",501
"2019-03-01 16:40:57",501
"2019-03-01 17:40:57",501
"2019-03-01 18:40:59",500
"2019-03-01 19:40:59",501
"2019-03-01 20:41:00",501
"2019-03-01 21:40:58",500
"2019-03-01 22:40:59",499
"2019-03-01 23:40:59",499
"2019-03-02 07:40:56",499
"2019-03-02 08:40:58",499
"2019-03-02 09:40:56",499
"2019-03-02 10:40:57",499
"2019-03-02 11:40:58",499
"2019-03-02 15:41:01",499
"2019-03-02 16:40:58",499
"2019-03-02 17:40:58",499
"2019-03-04 02:40:57",499
"2019-03-04 07:40:59",499
"2019-03-04 10:40:55",499
"2019-03-04 11:40:57",499
"2019-03-04 12:40:56",499
"2019-03-04 13:40:55",499
"2019-03-04 14:40:58",499
"2019-03-04 15:40:56",499
"2019-03-04 16:40:58",499
"2019-03-04 17:40:58",501
"2019-03-04 18:40:57",499
"2019-03-04 19:40:58",500
"2019-03-04 20:40:57",500
"2019-03-04 21:40:57",500
"2019-03-04 22:40:58",500
"2019-03-04 23:40:57",500
"2019-03-05 00:40:59",500
"2019-03-05 01:40:58",500
"2019-03-05 02:40:59",500
"2019-03-05 03:40:59",500
"2019-03-05 04:40:57",500
"2019-03-05 05:40:57",500
"2019-03-05 06:40:57",500
"2019-03-05 07:40:57",500
"2019-03-05 08:40:57",500
"2019-03-05 09:40:59",500
"2019-03-05 10:40:57",500
"2019-03-05 11:40:55",500
"2019-03-05 12:40:57",500
"2019-03-05 14:06:04",500
"2019-03-05 14:40:59",500
"2019-03-05 15:41:00",501
"2019-03-05 16:40:59",502
"2019-03-05 17:41:00",501
"2019-03-05 18:41:00",501
"2019-03-05 19:40:59",500
"2019-03-05 20:41:01",500
"2019-03-05 21:40:59",500
"2019-03-05 22:41:02",500
"2019-03-05 23:41:01",501
"2019-03-06 00:41:00",501
"2019-03-06 01:41:00",501
"2019-03-06 02:40:59",501
"2019-03-06 03:41:00",501
"2019-03-06 04:41:01",501
"2019-03-06 05:40:59",501
"2019-03-06 06:41:03",501
"2019-03-06 07:40:59",501
"2019-03-06 08:40:58",501
"2019-03-06 09:40:58",501
"2019-03-06 10:40:59",501
"2019-03-06 11:41:26",501
"2019-03-06 12:41:06",501
"2019-03-06 14:05:41",501
"2019-03-06 14:41:15",501
"2019-03-06 15:41:11",500
"2019-03-06 16:40:57",500
"2019-03-06 17:41:02",500
"2019-03-06 18:41:01",500
"2019-03-06 19:41:00",500
"2019-03-06 20:40:59",500
"2019-03-06 21:40:59",500
"2019-03-06 22:40:58",500
"2019-03-06 23:41:00",500
"2019-03-07 00:40:59",500
"2019-03-07 01:41:00",500
"2019-03-07 02:40:59",500
"2019-03-07 04:41:03",500
"2019-03-07 05:41:00",500
"2019-03-07 06:40:59",500
"2019-03-07 07:40:58",500
"2019-03-07 08:41:00",500
"2019-03-07 09:40:59",500
"2019-03-07 10:40:59",500
"2019-03-07 11:40:58",500
"2019-03-07 12:40:57",500
"2019-03-07 13:41:00",500
"2019-03-07 14:41:02",500
"2019-03-07 15:40:58",500
"2019-03-07 16:41:00",499
"2019-03-07 17:41:01",498
"2019-03-07 18:41:01",497
"2019-03-07 20:05:33",495
"2019-03-07 20:40:59",495
"2019-03-07 21:41:00",495
"2019-03-07 22:41:03",495
"2019-03-07 23:40:58",495
"2019-03-08 00:40:59",495
"2019-03-08 01:40:59",495
"2019-03-08 02:40:59",495
"2019-03-08 03:41:00",495
"2019-03-08 04:40:58",495
"2019-03-08 05:40:58",495
"2019-03-08 06:40:58",495
"2019-03-08 07:40:59",495
"2019-03-08 08:40:59",495
"2019-03-08 09:40:58",495
"2019-03-08 10:40:59",495
"2019-03-08 11:41:00",495
"2019-03-08 12:40:58",495
"2019-03-08 14:06:02",495
"2019-03-08 14:40:58",495
"2019-03-08 15:41:00",496
"2019-03-08 16:40:58",494
"2019-03-08 17:40:58",495
"2019-03-08 18:41:00",495
"2019-03-08 19:41:01",495
"2019-03-08 20:40:57",496
"2019-03-08 21:41:03",496
"2019-03-08 22:40:57",496
"2019-03-08 23:41:01",496
"2019-03-09 00:41:03",496
"2019-03-09 01:40:59",496
"2019-03-09 02:40:59",496
"2019-03-09 03:41:00",496
"2019-03-09 04:41:00",496
"2019-03-09 05:40:59",496
"2019-03-09 06:40:59",496
"2019-03-09 07:40:58",496
"2019-03-09 08:40:57",496
"2019-03-09 09:40:57",496
"2019-03-09 10:40:59",496
"2019-03-09 11:40:58",496
"2019-03-09 12:40:58",496
"2019-03-09 13:40:57",496
"2019-03-09 14:40:58",496
"2019-03-09 15:41:00",496
"2019-03-09 16:40:58",496
"2019-03-09 17:41:00",496
"2019-03-09 18:40:59",496
"2019-03-09 19:40:58",496
"2019-03-09 20:40:58",496
"2019-03-09 21:40:58",496
"2019-03-09 22:40:58",496
"2019-03-09 23:40:58",496
"2019-03-10 00:40:57",496
"2019-03-10 01:40:59",496
"2019-03-10 02:41:01",496
"2019-03-10 03:40:58",496
"2019-03-10 04:40:59",496
"2019-03-10 05:40:58",496
"2019-03-10 06:40:59",496
"2019-03-10 07:40:57",496
"2019-03-10 08:40:57",496
"2019-03-10 09:40:57",496
"2019-03-10 10:40:57",496
"2019-03-10 11:40:58",496
"2019-03-10 12:40:59",496
"2019-03-10 13:40:57",496
"2019-03-10 14:40:58",496
"2019-03-10 15:40:59",496
"2019-03-10 16:40:58",496
"2019-03-10 17:41:01",496
"2019-03-10 18:41:01",496
"2019-03-10 19:40:58",496
"2019-03-10 20:40:58",496
"2019-03-10 21:40:57",496
"2019-03-10 22:40:57",496
"2019-03-10 23:40:59",496
"2019-03-11 00:40:59",496
"2019-03-11 01:41:00",496
"2019-03-11 02:40:58",496
"2019-03-11 03:40:57",496
"2019-03-11 04:40:59",496
"2019-03-11 05:40:58",496
"2019-03-11 06:40:58",496
"2019-03-11 07:40:57",496
"2019-03-11 08:40:56",496
"2019-03-11 09:40:58",496
"2019-03-11 10:40:59",496
"2019-03-11 11:40:57",496
"2019-03-11 12:41:01",496
"2019-03-11 13:40:59",496
"2019-03-11 14:41:00",500
"2019-03-11 15:40:59",500
"2019-03-11 16:40:58",502
"2019-03-11 17:40:58",501
"2019-03-11 18:40:59",501
"2019-03-11 19:40:58",502
"2019-03-11 20:40:58",502
"2019-03-11 21:41:01",502
"2019-03-11 22:40:58",502
"2019-03-11 23:40:59",502
"2019-03-12 00:41:01",502
"2019-03-12 01:40:56",502
"2019-03-12 02:40:58",502
"2019-03-12 03:40:59",502
"2019-03-12 04:40:59",502
"2019-03-12 05:40:59",502
"2019-03-12 06:41:00",502
"2019-03-12 07:40:56",502
"2019-03-12 08:40:58",502
"2019-03-12 09:40:58",502
"2019-03-12 10:41:01",502
"2019-03-12 11:40:58",502
"2019-03-12 12:41:00",502
"2019-03-12 13:41:00",502
"2019-03-12 14:40:58",503
"2019-03-12 15:40:59",502
"2019-03-12 16:41:00",503
"2019-03-12 17:40:58",505
"2019-03-12 18:41:00",505
"2019-03-12 19:40:58",506
"2019-03-12 20:40:59",504
"2019-03-12 21:40:59",504
"2019-03-12 22:40:59",504
"2019-03-12 23:41:00",504
"2019-03-13 00:40:59",504
"2019-03-13 01:41:00",504
"2019-03-13 02:40:59",504
"2019-03-13 03:41:01",504
"2019-03-13 04:41:00",504
"2019-03-13 05:40:59",504
"2019-03-13 06:40:58",504
"2019-03-13 07:41:02",504
"2019-03-13 08:40:58",504
"2019-03-13 09:40:58",504
"2019-03-13 10:40:58",504
"2019-03-13 11:40:58",504
"2019-03-13 13:05:01",504
"2019-03-13 13:40:58",504
"2019-03-13 14:40:58",507
"2019-03-13 15:40:59",506
"2019-03-13 16:40:59",509
"2019-03-13 17:41:01",510
"2019-03-13 18:40:58",509
"2019-03-13 19:40:58",509
"2019-03-13 20:40:59",511
"2019-03-13 21:41:01",512
"2019-03-13 22:40:57",512
"2019-03-13 23:41:00",512
"2019-03-14 00:40:58",512
"2019-03-14 01:41:01",512
"2019-03-14 02:41:00",512
"2019-03-14 03:40:58",512
"2019-03-14 04:40:59",512
"2019-03-14 05:40:58",512
"2019-03-14 06:41:00",512
"2019-03-14 07:40:58",512
"2019-03-14 08:40:58",512
"2019-03-14 09:40:57",512
"2019-03-14 10:41:00",512
"2019-03-14 11:40:59",512
"2019-03-14 13:05:33",512
"2019-03-14 13:40:58",512
"2019-03-14 14:40:59",511
"2019-03-14 15:40:59",511
"2019-03-14 16:40:59",532
"2019-03-14 17:41:00",549
"2019-03-14 18:40:58",554
"2019-03-14 19:41:03",560
"2019-03-14 20:40:59",595
"2019-03-14 21:41:00",619
"2019-03-14 22:41:03",619
"2019-03-14 23:41:02",629
"2019-03-15 00:41:00",629
"2019-03-15 01:40:59",629
"2019-03-15 02:41:02",629
"2019-03-15 03:41:00",629
"2019-03-15 04:40:59",629
"2019-03-15 05:40:58",629
"2019-03-15 06:40:57",629
"2019-03-15 07:40:59",629
"2019-03-15 08:41:00",629
"2019-03-15 09:41:00",629
"2019-03-15 10:41:01",629
"2019-03-15 11:41:01",629
"2019-03-15 12:41:00",629
"2019-03-15 13:41:00",634
"2019-03-15 14:40:59",652
"2019-03-15 15:41:03",642
"2019-03-15 16:41:01",631
"2019-03-15 17:41:03",630
"2019-03-15 18:41:00",624
"2019-03-15 19:41:00",620
"2019-03-15 20:41:00",620
"2019-03-15 21:40:59",617
"2019-03-15 22:40:59",618
"2019-03-15 23:41:02",618
"2019-03-16 00:41:00",618
"2019-03-16 01:40:59",618
"2019-03-16 02:41:01",618
"2019-03-16 03:41:00",618
"2019-03-16 04:41:01",618
"2019-03-16 05:41:01",618
"2019-03-16 06:41:01",618
"2019-03-16 07:41:00",618
"2019-03-16 08:41:03",618
"2019-03-16 09:41:00",618
"2019-03-16 10:41:00",618
"2019-03-16 11:41:00",618
"2019-03-16 12:41:00",618
"2019-03-16 13:41:00",618
"2019-03-16 14:41:00",618
"2019-03-16 15:41:01",618
"2019-03-16 16:41:00",618
"2019-03-16 17:40:59",618
"2019-03-16 18:40:59",618
"2019-03-16 19:41:00",618
"2019-03-16 20:41:01",618
"2019-03-16 21:41:01",618
"2019-03-16 22:41:02",618
"2019-03-16 23:41:00",618
"2019-03-17 00:41:02",618
"2019-03-17 01:41:00",618
"2019-03-17 02:41:02",618
"2019-03-17 03:41:01",618
"2019-03-17 04:41:00",618
"2019-03-17 05:41:02",618
"2019-03-17 06:40:59",618
"2019-03-17 07:41:00",618
"2019-03-17 08:40:58",618
"2019-03-17 09:41:02",618
"2019-03-17 10:40:59",618
"2019-03-17 11:41:00",618
"2019-03-17 12:41:00",618
"2019-03-17 13:41:00",618
"2019-03-17 14:40:58",618
"2019-03-17 15:40:59",618
"2019-03-17 16:40:58",618
"2019-03-17 17:40:58",618
"2019-03-17 18:40:59",618
"2019-03-17 19:40:59",618
"2019-03-17 20:40:58",618
"2019-03-17 21:40:58",618
"2019-03-17 22:40:57",618
"2019-03-17 23:40:59",618
"2019-03-18 00:40:58",618
"2019-03-18 01:40:59",618
"2019-03-18 02:41:00",618
"2019-03-18 03:41:00",618
"2019-03-18 04:40:59",618
"2019-03-18 05:40:59",618
"2019-03-18 06:40:59",618
"2019-03-18 07:41:00",618
"2019-03-18 08:40:58",618
"2019-03-18 09:41:00",618
"2019-03-18 10:40:59",618
"2019-03-18 11:40:58",618
"2019-03-18 12:41:00",618
"2019-03-18 13:41:01",620
"2019-03-18 14:41:01",634
"2019-03-18 15:41:06",627
"2019-03-18 16:40:59",625
"2019-03-18 17:41:02",618
"2019-03-18 18:41:01",611
"2019-03-18 19:41:02",608
"2019-03-18 20:41:00",608
"2019-03-18 21:41:01",608
"2019-03-18 22:41:03",608
"2019-03-18 23:41:01",608
"2019-03-19 00:41:05",608
"2019-03-19 01:41:02",608
"2019-03-19 02:41:03",608
"2019-03-19 03:40:59",608
"2019-03-19 04:41:00",608
"2019-03-19 05:40:58",608
"2019-03-19 06:41:04",608
"2019-03-19 07:41:01",608
"2019-03-19 08:40:59",608
"2019-03-19 09:41:01",608
"2019-03-19 10:40:59",608
"2019-03-19 11:41:00",608
"2019-03-19 12:41:02",608
"2019-03-19 13:41:00",608
"2019-03-19 14:41:01",604
"2019-03-19 15:41:02",600
"2019-03-19 16:41:01",597
"2019-03-19 17:41:03",593
"2019-03-19 18:41:01",588
"2019-03-19 19:41:02",585
"2019-03-19 20:41:02",585
"2019-03-19 21:41:05",585
"2019-03-19 22:41:03",585
"2019-03-19 23:41:02",585
"2019-03-20 00:41:03",585
"2019-03-20 01:41:03",585
"2019-03-20 02:41:02",585
"2019-03-20 03:41:03",585
"2019-03-20 04:41:02",585
"2019-03-20 05:41:02",585
"2019-03-20 06:41:06",585
"2019-03-20 07:41:03",585
"2019-03-20 08:41:04",585
"2019-03-20 09:41:02",585
"2019-03-20 10:41:02",585
"2019-03-20 11:41:02",585
"2019-03-20 13:05:08",584
"2019-03-20 13:41:03",584
"2019-03-20 14:41:04",583
"2019-03-20 15:41:08",582
"2019-03-20 16:41:04",583
"2019-03-20 17:41:04",584
"2019-03-20 18:41:03",584
"2019-03-20 19:41:02",583
"2019-03-20 20:41:01",584
"2019-03-20 21:41:00",585
"2019-03-20 22:41:01",585
"2019-03-20 23:41:00",585
"2019-03-21 00:41:01",585
"2019-03-21 01:41:00",585
"2019-03-21 02:41:03",585
"2019-03-21 03:41:02",585
"2019-03-21 04:41:01",585
"2019-03-21 05:41:04",585
"2019-03-21 06:41:00",585
"2019-03-21 07:41:00",585
"2019-03-21 08:40:59",585
"2019-03-21 09:41:00",585
"2019-03-21 10:41:02",585
"2019-03-21 11:41:01",585
"2019-03-21 13:06:03",585
"2019-03-21 13:40:59",585
"2019-03-21 14:41:00",583
"2019-03-21 15:41:01",582
"2019-03-21 16:40:59",582
"2019-03-21 17:41:00",581
"2019-03-21 18:41:00",579
"2019-03-21 19:41:00",578
"2019-03-21 20:40:57",579
"2019-03-21 21:40:58",579
"2019-03-21 22:40:58",579
"2019-03-21 23:40:59",579
"2019-03-22 00:40:59",579
"2019-03-22 01:40:58",579
"2019-03-22 02:41:03",579
"2019-03-22 03:40:59",579
"2019-03-22 04:40:58",579
"2019-03-22 05:40:59",579
"2019-03-22 06:40:57",579
"2019-03-22 07:40:58",579
"2019-03-22 08:41:07",579
"2019-03-22 09:40:59",579
"2019-03-22 10:40:59",579
"2019-03-22 11:40:57",579
"2019-03-22 12:41:03",579
"2019-03-22 13:40:58",579
"2019-03-22 14:40:57",583
"2019-03-22 15:40:58",582
"2019-03-22 16:40:59",582
"2019-03-22 17:41:00",584
"2019-03-22 18:40:59",583
"2019-03-22 19:40:59",583
"2019-03-22 20:40:59",584
"2019-03-22 21:40:58",584
"2019-03-22 22:40:58",584
"2019-03-22 23:40:58",584
"2019-03-23 00:40:59",584
"2019-03-23 01:41:04",584
"2019-03-23 02:40:59",584
"2019-03-23 03:40:58",584
"2019-03-23 04:40:57",584
"2019-03-23 05:40:58",584
"2019-03-23 06:40:58",584
"2019-03-23 07:41:02",584
"2019-03-23 08:40:58",584
"2019-03-23 09:40:59",584
"2019-03-23 10:40:57",584
"2019-03-23 11:40:59",584
"2019-03-23 12:40:57",584
"2019-03-23 13:41:00",584
"2019-03-23 14:40:58",584
"2019-03-23 15:40:59",584
"2019-03-23 16:40:57",584
"2019-03-23 17:40:57",584
"2019-03-23 18:40:58",584
"2019-03-23 19:41:02",584
"2019-03-23 20:40:59",584
"2019-03-23 21:40:59",584
"2019-03-23 22:40:59",584
"2019-03-23 23:40:58",584
"2019-03-24 00:40:58",584
"2019-03-24 01:41:00",584
"2019-03-24 02:40:59",584
"2019-03-24 03:41:01",584
"2019-03-24 04:41:04",584
"2019-03-24 05:40:59",584
"2019-03-24 06:41:00",584
"2019-03-24 07:41:00",584
"2019-03-24 08:40:58",584
"2019-03-24 09:41:04",584
"2019-03-24 10:41:01",584
"2019-03-24 11:40:58",584
"2019-03-24 12:40:58",584
"2019-03-24 13:41:01",584
"2019-03-24 14:40:58",584
"2019-03-24 15:40:59",584
"2019-03-24 16:40:58",584
"2019-03-24 17:40:59",584
"2019-03-24 18:40:59",584
"2019-03-24 19:40:59",584
"2019-03-24 20:40:59",584
"2019-03-24 21:41:05",584
"2019-03-24 22:40:59",584
"2019-03-24 23:40:59",584
"2019-03-25 00:41:00",584
"2019-03-25 01:40:59",584
"2019-03-25 02:41:00",584
"2019-03-25 03:41:05",584
"2019-03-25 04:40:59",584
"2019-03-25 05:41:00",584
"2019-03-25 06:40:59",584
"2019-03-25 07:40:59",584
"2019-03-25 08:41:01",584
"2019-03-25 09:40:59",584
"2019-03-25 10:40:59",584
"2019-03-25 11:41:06",584
"2019-03-25 13:05:03",584
"2019-03-25 13:41:03",584
"2019-03-25 14:41:00",582
"2019-03-25 15:41:00",581
"2019-03-25 16:41:00",580
"2019-03-25 17:41:01",581
"2019-03-25 18:41:01",580
"2019-03-25 19:41:03",580
"2019-03-25 20:40:59",580
"2019-03-25 21:40:59",580
"2019-03-25 22:41:07",580
"2019-03-25 23:41:02",580
"2019-03-26 00:41:03",580
"2019-03-26 01:41:02",580
"2019-03-26 02:40:59",580
"2019-03-26 03:41:00",580
"2019-03-26 04:41:00",580
"2019-03-26 05:40:59",580
"2019-03-26 06:41:00",580
"2019-03-26 07:40:59",580
"2019-03-26 08:40:58",580
"2019-03-26 09:40:59",580
"2019-03-26 10:41:02",580
"2019-03-26 11:40:59",580
"2019-03-26 12:41:01",580
"2019-03-26 13:41:05",580
"2019-03-26 14:40:58",583
"2019-03-26 15:41:07",584
"2019-03-26 16:41:04",583
"2019-03-26 17:40:59",583
"2019-03-26 18:41:03",583
"2019-03-26 19:41:04",583
"2019-03-26 20:41:01",582
"2019-03-26 21:41:01",582
"2019-03-26 22:41:00",582
"2019-03-26 23:40:59",582
"2019-03-27 00:41:02",582
"2019-03-27 01:40:59",582
"2019-03-27 02:40:59",582
"2019-03-27 03:41:03",582
"2019-03-27 04:41:01",582
"2019-03-27 05:41:01",582
"2019-03-27 06:41:04",582
"2019-03-27 07:40:59",582
"2019-03-27 08:40:58",582
"2019-03-27 09:41:00",582
"2019-03-27 10:41:03",582
"2019-03-27 11:40:58",582
"2019-03-27 13:05:39",582
"2019-03-27 13:41:01",582
"2019-03-27 14:41:05",584
"2019-03-27 15:41:00",584
"2019-03-27 16:41:01",582
"2019-03-27 17:41:08",581
"2019-03-27 18:40:59",581
"2019-03-27 19:40:59",580
"2019-03-27 20:41:03",581
"2019-03-27 21:40:59",581
"2019-03-27 22:41:07",581
"2019-03-27 23:41:02",581
"2019-03-28 00:41:01",581
"2019-03-28 01:40:59",581
"2019-03-28 02:41:07",581
"2019-03-28 03:41:01",581
"2019-03-28 04:41:02",581
"2019-03-28 05:40:59",581
"2019-03-28 06:40:58",581
"2019-03-28 07:40:59",581
"2019-03-28 08:40:58",581
"2019-03-28 09:40:58",581
"2019-03-28 10:40:59",581
"2019-03-28 11:40:58",581
"2019-03-28 13:05:31",581
"2019-03-28 13:41:02",581
"2019-03-28 14:41:00",576
"2019-03-28 15:41:00",576
"2019-03-28 16:41:01",573
"2019-03-28 17:40:59",575
"2019-03-28 18:41:00",575
"2019-03-28 19:40:59",574
"2019-03-28 20:41:01",574
"2019-03-28 21:41:01",574
"2019-03-28 22:40:58",574
"2019-03-28 23:41:00",574
"2019-03-29 00:40:58",574
"2019-03-29 01:41:10",574
"2019-03-29 02:41:03",574
"2019-03-29 03:41:04",574
"2019-03-29 04:41:02",574
"2019-03-29 05:40:58",574
"2019-03-29 06:40:58",574
"2019-03-29 07:40:58",574
"2019-03-29 08:41:04",574
"2019-03-29 09:41:00",574
"2019-03-29 10:40:59",574
"2019-03-29 11:41:03",574
"2019-03-29 13:06:03",574
"2019-03-29 13:41:01",574
"2019-03-29 14:41:03",572
"2019-03-29 15:41:03",571
"2019-03-29 16:40:58",572
"2019-03-29 17:41:03",572
"2019-03-29 18:41:10",573
"2019-03-29 19:41:03",572
"2019-03-29 20:41:03",570
"2019-03-29 21:41:01",569
"2019-03-29 22:41:05",569
"2019-03-29 23:41:08",569
"2019-03-30 00:41:04",569
"2019-03-30 01:41:03",569
"2019-03-30 02:41:07",569
"2019-03-30 03:41:04",569
"2019-03-30 04:41:06",569
"2019-03-30 05:41:02",569
"2019-03-30 06:41:02",569
"2019-03-30 07:41:02",569
"2019-03-30 08:41:17",569
"2019-03-30 09:41:04",569
"2019-03-30 10:41:02",569
"2019-03-30 11:41:03",569
"2019-03-30 12:41:07",569
"2019-03-30 13:40:59",569
"2019-03-30 14:41:01",569
"2019-03-30 15:41:00",569
"2019-03-30 16:41:00",569
"2019-03-30 17:41:04",569
"2019-03-30 18:41:00",569
"2019-03-30 19:41:01",569
"2019-03-30 20:40:59",569
"2019-03-30 21:40:59",569
"2019-03-30 22:41:06",569
"2019-03-30 23:41:01",569
"2019-03-31 00:41:01",569
"2019-03-31 01:41:01",569
"2019-03-31 02:41:05",569
"2019-03-31 03:41:01",569
"2019-03-31 04:41:00",569
"2019-03-31 05:41:00",569
"2019-03-31 06:41:05",569
"2019-03-31 07:41:01",569
"2019-03-31 08:40:59",569
"2019-03-31 09:40:59",569
"2019-03-31 10:41:04",569
"2019-03-31 11:41:01",569
"2019-03-31 12:41:00",569
"2019-03-31 13:41:02",569
"2019-03-31 14:41:00",569
"2019-03-31 15:41:01",569
"2019-03-31 16:41:01",569
"2019-03-31 17:41:07",569
"2019-03-31 18:40:59",569
"2019-03-31 19:41:01",569
"2019-03-31 20:41:00",569
"2019-03-31 21:41:01",569
"2019-03-31 22:41:00",569
"2019-03-31 23:41:04",569
"2019-04-01 00:41:04",569
"2019-04-01 01:41:02",569
"2019-04-01 02:41:05",569
"2019-04-01 03:41:09",569
"2019-04-01 04:41:02",569
"2019-04-01 05:41:01",569
"2019-04-01 06:40:59",569
"2019-04-01 07:41:06",569
"2019-04-01 08:41:01",569
"2019-04-01 09:41:02",569
"2019-04-01 10:41:06",569
"2019-04-01 11:41:04",569
"2019-04-01 13:41:03",569
"2019-04-01 14:41:06",573
"2019-04-01 15:41:10",575
"2019-04-01 16:41:08",576
"2019-04-01 17:41:06",576
"2019-04-01 18:41:02",576
"2019-04-01 19:41:13",576
"2019-04-01 20:41:02",576
"2019-04-01 21:41:00",576
"2019-04-01 22:41:04",576
"2019-04-01 23:41:03",576
"2019-04-02 00:41:06",576
"2019-04-02 01:41:02",576
"2019-04-02 02:41:03",576
"2019-04-02 03:41:09",576
"2019-04-02 04:40:59",576
"2019-04-02 05:41:01",576
"2019-04-02 06:41:01",576
"2019-04-02 07:41:05",576
"2019-04-02 08:41:02",576
"2019-04-02 09:41:05",576
"2019-04-02 10:41:01",576
"2019-04-02 11:41:01",576
"2019-04-02 13:05:38",576
"2019-04-02 13:41:04",576
"2019-04-02 14:40:59",577
"2019-04-02 15:41:11",577
"2019-04-02 16:41:01",576
"2019-04-02 17:41:07",575
"2019-04-02 18:41:01",574
"2019-04-02 19:41:01",573
"2019-04-02 20:41:07",574
"2019-04-02 21:41:04",574
"2019-04-02 22:41:02",574
"2019-04-02 23:41:03",574
"2019-04-03 00:41:11",574
"2019-04-03 01:41:03",574
"2019-04-03 02:41:01",574
"2019-04-03 03:41:03",574
"2019-04-03 04:41:05",574
"2019-04-03 05:41:04",574
"2019-04-03 06:41:05",574
"2019-04-03 07:41:01",574
"2019-04-03 08:41:01",574
"2019-04-03 09:41:10",574
"2019-04-03 10:41:05",574
"2019-04-03 11:41:03",574
"2019-04-03 13:05:40",574
"2019-04-03 13:41:01",574
"2019-04-03 14:41:07",573
"2019-04-03 15:41:08",574
"2019-04-03 16:41:02",574
"2019-04-03 17:41:00",574
"2019-04-03 18:41:00",572
"2019-04-03 19:41:01",572
"2019-04-03 20:41:03",571
"2019-04-03 21:41:01",571
"2019-04-03 22:41:01",571
"2019-04-03 23:41:07",571
"2019-04-04 00:40:59",571
"2019-04-04 01:41:01",571
"2019-04-04 02:41:02",571
"2019-04-04 03:41:05",571
"2019-04-04 04:41:00",571
"2019-04-04 05:40:59",571
"2019-04-04 06:41:00",571
"2019-04-04 07:41:01",571
"2019-04-04 08:41:04",571
"2019-04-04 09:41:00",571
"2019-04-04 10:41:01",571
"2019-04-04 11:41:05",571
"2019-04-04 12:41:02",571
"2019-04-04 13:41:01",571
"2019-04-04 14:41:08",571
"2019-04-04 15:41:03",571
"2019-04-04 16:41:08",571
"2019-04-04 17:41:01",571
"2019-04-04 18:41:04",570
"2019-04-04 19:41:03",570
"2019-04-04 20:41:02",572
"2019-04-04 21:41:04",572
"2019-04-04 22:41:10",571
"2019-04-04 23:41:02",571
"2019-04-05 00:41:04",571
"2019-04-05 01:41:01",571
"2019-04-05 02:41:01",571
"2019-04-05 03:41:11",571
"2019-04-05 04:41:03",571
"2019-04-05 05:41:01",571
"2019-04-05 06:41:00",571
"2019-04-05 07:41:02",571
"2019-04-05 08:41:09",571
"2019-04-05 09:41:03",571
"2019-04-05 10:41:08",571
"2019-04-05 11:41:02",571
"2019-04-05 13:05:06",571
"2019-04-05 13:41:05",571
"2019-04-05 14:41:04",570
"2019-04-05 15:41:08",569
"2019-04-05 16:41:01",568
"2019-04-05 17:41:01",569
"2019-04-05 18:41:04",569
"2019-04-05 19:41:02",569
"2019-04-05 20:41:01",569
"2019-04-05 21:41:04",569
"2019-04-05 22:41:04",569
"2019-04-05 23:41:06",569
"2019-04-06 00:41:03",569
"2019-04-06 01:41:12",569
"2019-04-06 02:41:06",569
"2019-04-06 03:41:04",569
"2019-04-06 04:41:06",569
"2019-04-06 05:41:04",569
"2019-04-06 06:41:02",569
"2019-04-06 07:41:03",569
"2019-04-06 08:41:11",569
"2019-04-06 09:41:03",569
"2019-04-06 10:41:02",569
"2019-04-06 11:41:02",569
"2019-04-06 12:41:04",569
"2019-04-06 13:41:01",569
"2019-04-06 14:41:01",569
"2019-04-06 15:41:06",569
"2019-04-06 16:41:01",569
"2019-04-06 17:41:02",569
"2019-04-06 18:41:03",569
"2019-04-06 19:41:02",569
"2019-04-06 20:41:01",569
"2019-04-06 21:41:09",569
"2019-04-06 22:41:02",569
"2019-04-06 23:41:02",569
"2019-04-07 00:41:01",569
"2019-04-07 01:41:00",569
"2019-04-07 02:41:04",569
"2019-04-07 03:41:07",569
"2019-04-07 04:41:03",569
"2019-04-07 05:41:03",569
"2019-04-07 06:41:03",569
"2019-04-07 07:41:09",569
"2019-04-07 08:41:04",569
"2019-04-07 09:41:06",569
"2019-04-07 10:41:02",569
"2019-04-07 11:41:07",569
"2019-04-07 12:41:04",569
"2019-04-07 13:41:07",569
"2019-04-07 14:41:02",569
"2019-04-07 15:41:04",569
"2019-04-07 16:41:06",569
"2019-04-07 17:41:03",569
"2019-04-07 18:41:02",569
"2019-04-07 19:41:03",569
"2019-04-07 20:41:09",569
"2019-04-07 21:41:03",569
"2019-04-07 22:41:02",569
"2019-04-07 23:41:01",569
"2019-04-08 00:41:11",569
"2019-04-08 01:41:03",569
"2019-04-08 02:41:02",569
"2019-04-08 03:41:02",569
"2019-04-08 04:41:00",569
"2019-04-08 05:41:11",569
"2019-04-08 06:41:00",569
"2019-04-08 07:41:01",569
"2019-04-08 08:41:02",569
"2019-04-08 09:41:04",569
"2019-04-08 10:41:02",569
"2019-04-08 11:41:11",569
"2019-04-08 12:41:01",569
"2019-04-08 13:41:07",569
"2019-04-08 14:41:02",575
"2019-04-08 15:41:05",577
"2019-04-08 16:41:09",578
"2019-04-08 17:41:03",579
"2019-04-08 18:41:02",576
"2019-04-08 19:41:03",574
"2019-04-08 20:41:02",574
"2019-04-08 21:41:04",574
"2019-04-08 22:41:04",574
"2019-04-08 23:41:02",574
"2019-04-09 00:41:08",574
"2019-04-09 01:41:03",574
"2019-04-09 02:41:05",574
"2019-04-09 03:41:04",574
"2019-04-09 04:41:03",574
"2019-04-09 05:41:06",574
"2019-04-09 06:41:02",574
"2019-04-09 07:41:02",574
"2019-04-09 08:41:05",574
"2019-04-09 09:41:11",574
"2019-04-09 10:41:03",574
"2019-04-09 11:41:04",574
"2019-04-09 13:06:17",574
"2019-04-09 13:41:04",574
"2019-04-09 14:41:04",576
"2019-04-09 15:41:15",576
"2019-04-09 16:41:05",576
"2019-04-09 17:41:04",577
"2019-04-09 18:41:03",577
"2019-04-09 19:41:04",576
"2019-04-09 20:41:04",576
"2019-04-09 21:41:05",576
"2019-04-09 22:41:03",575
"2019-04-09 23:41:09",575
"2019-04-10 00:41:05",575
"2019-04-10 01:41:04",575
"2019-04-10 02:41:05",575
"2019-04-10 03:41:08",575
"2019-04-10 04:41:08",575
"2019-04-10 05:41:04",575
"2019-04-10 06:41:04",575
"2019-04-10 07:41:03",575
"2019-04-10 08:41:07",575
"2019-04-10 09:41:05",575
"2019-04-10 10:41:04",575
"2019-04-10 11:41:06",575
"2019-04-10 12:41:12",575
"2019-04-10 13:41:11",575
"2019-04-10 14:41:04",576
"2019-04-10 15:41:06",574
"2019-04-10 16:41:05",575
"2019-04-10 17:41:06",576
"2019-04-10 18:41:08",576
"2019-04-10 19:41:06",574
"2019-04-10 20:41:03",574
"2019-04-10 21:41:03",574
"2019-04-10 22:41:02",574
"2019-04-10 23:41:11",574
"2019-04-11 00:41:04",574
"2019-04-11 01:41:01",574
"2019-04-11 02:41:04",574
"2019-04-11 03:41:06",574
"2019-04-11 04:41:06",574
"2019-04-11 05:41:05",574
"2019-04-11 06:41:01",574
"2019-04-11 18:41:06",588
"2019-04-11 19:41:13",589
"2019-04-11 20:41:03",589
"2019-04-11 21:41:05",589
"2019-04-11 22:41:04",589
"2019-04-11 23:41:04",589
"2019-04-12 00:41:03",589
"2019-04-12 01:41:05",589
"2019-04-12 02:41:09",589
"2019-04-12 03:41:05",589
"2019-04-12 04:41:05",589
"2019-04-12 05:41:05",589
"2019-04-12 06:41:02",589
"2019-04-12 07:41:03",589
"2019-04-12 08:41:03",589
"2019-04-12 09:41:07",589
"2019-04-12 10:41:03",589
"2019-04-12 11:41:03",589
"2019-04-12 13:04:43",589
"2019-04-12 13:41:05",589
"2019-04-12 14:41:01",594
"2019-04-12 15:41:05",592
"2019-04-12 16:41:06",593
"2019-04-12 17:41:04",597
"2019-04-12 18:41:03",598
"2019-04-12 19:41:03",599
"2019-04-12 20:41:03",601
"2019-04-12 21:41:02",601
"2019-04-12 22:41:10",601
"2019-04-12 23:41:03",601
"2019-04-13 00:41:06",601
"2019-04-13 01:41:03",601
"2019-04-13 02:41:05",601
"2019-04-13 03:41:12",601
"2019-04-13 04:41:05",601
"2019-04-13 05:41:06",601
"2019-04-13 06:41:05",601
"2019-04-13 07:41:02",601
"2019-04-13 08:41:03",601
"2019-04-13 09:41:07",601
"2019-04-13 10:41:03",601
"2019-04-13 11:41:04",601
"2019-04-13 12:41:03",601
"2019-04-13 13:41:03",601
"2019-04-13 14:41:06",601
"2019-04-13 15:41:05",601
"2019-04-13 16:41:05",601
"2019-04-13 17:41:02",601
"2019-04-13 18:41:04",601
"2019-04-13 19:41:04",601
"2019-04-13 20:41:04",601
"2019-04-13 21:41:07",601
"2019-04-13 22:41:03",601
"2019-04-13 23:41:03",601
"2019-04-14 00:41:06",601
"2019-04-14 01:41:07",601
"2019-04-14 02:41:03",601
"2019-04-14 03:41:02",601
"2019-04-14 04:41:10",601
"2019-04-14 05:41:04",601
"2019-04-14 06:41:04",601
"2019-04-14 07:41:07",601
"2019-04-14 08:41:04",601
"2019-04-14 09:41:06",601
"2019-04-14 10:41:01",601
"2019-04-14 11:41:06",601
"2019-04-14 12:41:02",601
"2019-04-14 13:41:04",601
"2019-04-14 14:41:09",601
"2019-04-14 15:41:07",601
"2019-04-14 16:41:06",601
"2019-04-14 17:41:03",601
"2019-04-14 18:41:04",601
"2019-04-14 19:41:05",601
"2019-04-14 20:41:06",601
"2019-04-14 21:41:10",601
"2019-04-14 22:41:03",601
"2019-04-14 23:41:06",601
"2019-04-15 00:41:04",601
"2019-04-15 01:41:03",601
"2019-04-15 02:41:04",601
"2019-04-15 03:41:11",601
"2019-04-15 04:41:04",601
"2019-04-15 05:41:05",601
"2019-04-15 06:41:01",601
"2019-04-15 07:41:03",601
"2019-04-15 08:41:06",601
"2019-04-15 09:41:03",601
"2019-04-15 10:41:03",601
"2019-04-15 11:41:04",601
"2019-04-15 13:06:42",601
"2019-04-15 13:41:03",601
"2019-04-15 14:41:05",606
"2019-04-15 15:41:08",606
"2019-04-15 16:41:05",607
"2019-04-15 17:41:07",609
"2019-04-15 18:41:08",608
"2019-04-15 19:41:17",608
"2019-04-15 20:41:04",609
"2019-04-15 21:41:04",609
"2019-04-15 22:41:07",609
"2019-04-15 23:41:08",609
"2019-04-16 00:41:07",609
"2019-04-16 01:41:05",609
"2019-04-16 02:41:06",609
"2019-04-16 03:41:09",609
"2019-04-16 04:41:05",609
"2019-04-16 05:41:05",609
"2019-04-16 06:41:05",609
"2019-04-16 07:41:03",609
"2019-04-16 08:41:15",609
"2019-04-16 09:41:03",609
"2019-04-16 10:41:09",609
"2019-04-16 11:41:05",609
"2019-04-16 13:05:08",609
"2019-04-16 13:41:05",609
"2019-04-16 14:41:09",610
"2019-04-16 15:41:03",611
"2019-04-16 16:41:04",611
"2019-04-16 17:41:02",612
"2019-04-16 18:41:09",609
"2019-04-16 19:41:06",608
"2019-04-16 20:41:06",610
"2019-04-16 21:41:03",610
"2019-04-16 22:41:04",610
"2019-04-16 23:41:03",610
"2019-04-17 00:41:04",610
"2019-04-17 01:41:05",610
"2019-04-17 02:41:08",610
"2019-04-17 03:41:05",610
"2019-04-17 04:41:06",610
"2019-04-17 05:41:05",610
"2019-04-17 06:41:16",610
"2019-04-17 07:41:06",610
"2019-04-17 08:41:03",610
"2019-04-17 09:41:09",610
"2019-04-17 10:41:03",610
"2019-04-17 11:41:05",610
"2019-04-17 13:06:08",610
"2019-04-17 13:41:06",610
"2019-04-17 14:41:04",611
"2019-04-17 15:41:10",610
"2019-04-17 16:41:03",609
"2019-04-17 17:41:09",609
"2019-04-17 18:41:05",609
"2019-04-17 19:41:04",609
"2019-04-17 20:41:05",608
"2019-04-17 21:41:04",608
"2019-04-17 22:41:04",608
"2019-04-17 23:41:09",608
"2019-04-18 00:41:03",608
"2019-04-18 01:41:05",608
"2019-04-18 02:41:04",608
"2019-04-18 03:41:11",608
"2019-04-18 04:41:04",608
"2019-04-18 05:41:10",608
"2019-04-18 06:41:04",608
"2019-04-18 07:41:04",608
"2019-04-18 08:41:08",608
"2019-04-18 09:41:04",608
"2019-04-18 10:41:06",608
"2019-04-18 11:41:07",608
"2019-04-18 13:06:08",608
"2019-04-18 13:41:06",608
"2019-04-18 14:41:09",609
"2019-04-18 15:41:06",607
"2019-04-18 16:41:06",606
"2019-04-18 17:41:11",605
"2019-04-18 18:41:06",606
"2019-04-18 19:41:04",605
"2019-04-18 20:41:06",606
"2019-04-18 21:41:07",606
"2019-04-18 22:41:06",606
"2019-04-18 23:41:09",606
"2019-04-19 00:41:35",606
"2019-04-19 02:41:05",606
"2019-04-19 03:41:11",606
"2019-04-19 04:41:04",606
"2019-04-19 05:41:04",606
"2019-04-19 06:41:06",606
"2019-04-19 07:41:09",606
"2019-04-19 08:41:08",606
"2019-04-19 09:41:06",606
"2019-04-19 10:41:08",606
"2019-04-19 11:41:04",606
"2019-04-19 12:41:06",606
"2019-04-19 13:41:08",606
"2019-04-19 14:41:09",606
"2019-04-19 15:41:04",606
"2019-04-19 16:41:06",606
"2019-04-19 17:41:09",606
"2019-04-19 18:41:05",606
"2019-04-19 19:41:04",606
"2019-04-19 20:41:04",606
"2019-04-19 21:41:04",606
"2019-04-19 22:41:05",606
"2019-04-19 23:41:06",606
"2019-04-20 00:41:10",606
"2019-04-20 01:41:07",606
"2019-04-20 02:41:06",606
"2019-04-20 03:41:05",606
"2019-04-20 04:41:09",606
"2019-04-20 05:41:05",606
"2019-04-20 06:41:05",606
"2019-04-20 07:41:08",606
"2019-04-20 08:41:06",606
"2019-04-20 09:41:09",606
"2019-04-20 10:41:05",606
"2019-04-20 11:41:03",606
"2019-04-20 12:41:13",606
"2019-04-20 13:41:34",606
"2019-04-20 14:41:06",606
"2019-04-20 15:41:03",606
"2019-04-20 16:41:07",606
"2019-04-20 17:41:08",606
"2019-04-20 18:41:05",606
"2019-04-20 19:41:05",606
"2019-04-20 20:41:06",606
"2019-04-20 21:41:03",606
"2019-04-20 22:41:05",606
"2019-04-20 23:41:11",606
"2019-04-21 00:41:05",606
"2019-04-21 01:41:04",606
"2019-04-21 02:41:07",606
"2019-04-21 03:41:06",606
"2019-04-21 04:41:07",606
"2019-04-21 05:41:05",606
"2019-04-21 06:41:04",606
"2019-04-21 07:41:10",606
"2019-04-21 08:41:04",606
"2019-04-21 09:41:04",606
"2019-04-21 10:41:06",606
"2019-04-21 11:41:05",606
"2019-04-21 12:41:05",606
"2019-04-21 13:41:04",606
"2019-04-21 14:41:09",606
"2019-04-21 15:41:05",606
"2019-04-21 16:41:07",606
"2019-04-21 17:41:06",606
"2019-04-21 18:41:04",606
"2019-04-21 19:41:10",606
"2019-04-21 20:41:03",606
"2019-04-21 21:41:05",606
"2019-04-21 22:41:04",606
"2019-04-21 23:41:04",606
"2019-04-22 00:41:05",606
"2019-04-22 01:41:07",606
"2019-04-22 02:41:12",606
"2019-04-22 03:41:06",606
"2019-04-22 04:41:03",606
"2019-04-22 05:41:03",606
"2019-04-22 06:41:06",606
"2019-04-22 07:41:07",606
"2019-04-22 08:41:05",606
"2019-04-22 09:41:04",606
"2019-04-22 10:41:09",606
"2019-04-22 11:41:08",606
"2019-04-22 13:06:40",606
"2019-04-22 13:41:06",606
"2019-04-22 14:41:07",610
"2019-04-22 15:41:05",609
"2019-04-22 16:41:05",608
"2019-04-22 17:41:06",608
"2019-04-22 18:41:07",609
"2019-04-22 19:41:08",607
"2019-04-22 20:41:06",606
"2019-04-22 21:41:06",606
"2019-04-22 22:41:07",606
"2019-04-22 23:41:08",606
"2019-04-23 00:41:07",606
"2019-04-23 01:41:03",606
"2019-04-23 02:41:04",606
"2019-04-23 03:41:08",606
"2019-04-23 04:41:08",606
"2019-04-23 05:41:06",606
"2019-04-23 06:41:09",606
"2019-04-23 07:41:05",606
"2019-04-23 08:41:02",606
"2019-04-23 09:41:05",606
"2019-04-23 10:41:07",606
"2019-04-23 11:41:09",606
"2019-04-23 13:07:09",606
"2019-04-23 13:41:05",606
"2019-04-23 14:41:03",608
"2019-04-23 15:41:07",608
"2019-04-23 16:41:06",609
"2019-04-23 17:41:05",609
"2019-04-23 18:41:04",608
"2019-04-23 19:41:05",607
"2019-04-23 20:41:12",607
"2019-04-23 21:41:08",607
"2019-04-23 22:41:05",607
"2019-04-23 23:41:06",607
"2019-04-24 00:41:04",607
"2019-04-24 01:41:06",607
"2019-04-24 02:41:09",607
"2019-04-24 03:41:06",607
"2019-04-24 04:41:05",607
"2019-04-24 05:41:04",607
"2019-04-24 06:41:07",607
"2019-04-24 07:41:09",607
"2019-04-24 08:41:04",607
"2019-04-24 09:41:07",607
"2019-04-24 10:41:09",607
"2019-04-24 11:41:09",607
"2019-04-24 12:41:04",607
"2019-04-24 13:41:15",607
"2019-04-24 14:41:08",607
"2019-04-24 15:41:06",610
"2019-04-24 16:41:05",609
"2019-04-24 17:41:07",608
"2019-04-24 18:41:14",607
"2019-04-24 19:41:06",607
"2019-04-24 20:41:07",605
"2019-04-24 21:41:06",605
"2019-04-24 22:41:04",605
"2019-04-24 23:41:13",605
"2019-04-25 00:41:08",605
"2019-04-25 01:41:07",605
"2019-04-25 02:41:06",605
"2019-04-25 03:41:11",605
"2019-04-25 04:41:06",605
"2019-04-25 05:41:06",605
"2019-04-25 06:41:08",605
"2019-04-25 07:41:04",605
"2019-04-25 08:41:10",605
"2019-04-25 09:41:06",605
"2019-04-25 10:41:09",605
"2019-04-25 11:41:08",605
"2019-04-25 13:05:40",605
"2019-04-25 13:41:07",605
"2019-04-25 14:41:09",605
"2019-04-25 15:41:05",606
"2019-04-25 16:41:09",606
"2019-04-25 17:41:04",606
"2019-04-25 18:41:04",606
"2019-04-25 19:41:08",605
"2019-04-25 20:41:05",605
"2019-04-25 21:41:11",605
"2019-04-25 22:41:06",605
"2019-04-25 23:41:04",605
"2019-04-26 00:41:06",605
"2019-04-26 01:41:09",605
"2019-04-26 02:41:06",605
"2019-04-26 03:41:07",605
"2019-04-26 04:41:06",605
"2019-04-26 05:41:07",605
"2019-04-26 06:41:08",605
"2019-04-26 07:41:04",605
"2019-04-26 08:41:10",605
"2019-04-26 09:41:04",605
"2019-04-26 10:41:11",605
"2019-04-26 11:41:04",605
"2019-04-26 12:41:06",605
"2019-04-26 13:41:09",605
"2019-04-26 14:41:05",609
"2019-04-26 15:41:09",610
"2019-04-26 16:41:04",608
"2019-04-26 17:41:06",608
"2019-04-26 18:41:06",607
"2019-04-26 19:41:03",607
"2019-04-26 20:41:09",607
"2019-04-26 21:41:05",606
"2019-04-26 22:41:05",606
"2019-04-26 23:41:05",606
"2019-04-27 00:41:05",606
"2019-04-27 01:41:08",606
"2019-04-27 02:41:04",606
"2019-04-27 03:41:04",606
"2019-04-27 04:41:04",606
"2019-04-27 05:41:06",606
"2019-04-27 06:41:08",606
"2019-04-27 07:41:04",606
"2019-04-27 08:41:04",606
"2019-04-27 09:41:07",606
"2019-04-27 10:41:06",606
"2019-04-27 11:41:03",606
"2019-04-27 12:41:04",606
"2019-04-27 13:41:06",606
"2019-04-27 14:41:04",606
"2019-04-27 15:41:03",606
"2019-04-27 16:41:05",606
"2019-04-27 17:41:12",606
"2019-04-27 18:41:05",606
"2019-04-27 19:41:03",606
"2019-04-27 20:41:05",606
"2019-04-27 21:41:06",606
"2019-04-27 22:41:03",606
"2019-04-27 23:41:03",606
"2019-04-28 00:41:04",606
"2019-04-28 01:41:05",606
"2019-04-28 02:41:05",606
"2019-04-28 03:41:03",606
"2019-04-28 04:41:09",606
"2019-04-28 05:41:05",606
"2019-04-28 06:41:04",606
"2019-04-28 07:41:03",606
"2019-04-28 08:41:08",606
"2019-04-28 09:41:04",606
"2019-04-28 10:41:08",606
"2019-04-28 11:41:05",606
"2019-04-28 12:41:04",606
"2019-04-28 13:41:03",606
"2019-04-28 14:41:07",606
"2019-04-28 15:41:05",606
"2019-04-28 16:41:03",606
"2019-04-28 17:41:04",606
"2019-04-28 18:41:05",606
"2019-04-28 19:41:09",606
"2019-04-28 20:41:04",606
"2019-04-28 21:41:05",606
"2019-04-28 22:41:04",606
"2019-04-28 23:41:06",606
"2019-04-29 00:41:07",606
"2019-04-29 01:41:03",606
"2019-04-29 02:41:03",606
"2019-04-29 03:41:06",606
"2019-04-29 04:41:08",606
"2019-04-29 05:41:03",606
"2019-04-29 06:41:04",606
"2019-04-29 07:41:05",606
"2019-04-29 08:41:09",606
"2019-04-29 09:41:06",606
"2019-04-29 10:41:04",606
"2019-04-29 11:41:04",606
"2019-04-29 12:41:10",606
"2019-04-29 13:41:04",606
"2019-04-29 14:41:08",606
"2019-04-29 15:41:04",604
"2019-04-29 16:41:08",603
"2019-04-29 17:41:07",604
"2019-04-29 18:41:07",602
"2019-04-29 19:41:07",602
"2019-04-29 20:41:12",603
"2019-04-29 21:41:05",602
"2019-04-29 22:41:04",602
"2019-04-29 23:41:07",602
"2019-04-30 00:41:05",602
"2019-04-30 01:41:06",602
"2019-04-30 02:41:09",602
"2019-04-30 03:41:10",602
"2019-04-30 04:41:07",602
"2019-04-30 05:41:07",602
"2019-04-30 06:41:05",602
"2019-04-30 07:41:07",602
"2019-04-30 08:41:07",602
"2019-04-30 09:41:11",602
"2019-04-30 10:41:06",602
"2019-04-30 11:41:07",602
"2019-04-30 13:05:10",602
"2019-04-30 13:41:09",602
"2019-04-30 14:41:07",603
"2019-04-30 15:41:10",604
"2019-04-30 16:41:09",605
"2019-04-30 17:41:13",604
"2019-04-30 18:41:07",604
"2019-04-30 19:41:10",604
"2019-04-30 20:41:07",604
"2019-04-30 21:41:07",603
"2019-04-30 22:41:04",603
"2019-04-30 23:41:09",603
"2019-05-01 00:41:03",603
"2019-05-01 01:41:12",603
"2019-05-01 02:41:08",603
"2019-05-01 03:41:11",603
"2019-05-01 04:41:11",603
"2019-05-01 05:41:08",603
"2019-05-01 06:41:05",603
"2019-05-01 07:41:09",603
"2019-05-01 08:41:09",603
"2019-05-01 09:41:09",603
"2019-05-01 10:41:06",603
"2019-05-01 11:41:05",603
"2019-05-01 13:05:10",603
"2019-05-01 13:41:10",603
"2019-05-01 14:41:04",604
"2019-05-01 15:41:10",605
"2019-05-01 16:41:08",605
"2019-05-01 17:41:05",605
"2019-05-01 18:41:08",605
"2019-05-01 19:41:13",604
"2019-05-01 20:41:09",605
"2019-05-01 21:41:07",605
"2019-05-01 22:41:09",605
"2019-05-01 23:41:10",605
"2019-05-02 00:41:10",605
"2019-05-02 01:41:07",605
"2019-05-02 02:41:10",605
"2019-05-02 03:41:07",605
"2019-05-02 04:41:11",605
"2019-05-02 05:41:13",605
"2019-05-02 06:41:11",605
"2019-05-02 07:41:08",605
"2019-05-02 08:41:08",605
"2019-05-02 09:41:07",605
"2019-05-02 10:41:09",605
"2019-05-02 11:41:06",605
"2019-05-02 13:05:18",605
"2019-05-02 13:41:12",605
"2019-05-02 14:41:05",603
"2019-05-02 15:41:06",602
"2019-05-02 16:41:11",603
"2019-05-02 17:41:06",604
"2019-05-02 18:41:07",604
"2019-05-02 19:41:12",605
"2019-05-02 20:41:07",605
"2019-05-02 21:41:08",605
"2019-05-02 22:41:12",605
"2019-05-02 23:41:05",605
"2019-05-03 00:41:07",605
"2019-05-03 01:41:12",605
"2019-05-03 02:41:08",605
"2019-05-03 03:41:12",605
"2019-05-03 04:41:06",605
"2019-05-03 05:41:19",605
"2019-05-03 06:41:09",605
"2019-05-03 07:41:10",605
"2019-05-03 08:41:09",605
"2019-05-03 09:41:10",605
"2019-05-03 10:41:12",605
"2019-05-03 11:41:09",605
"2019-05-03 13:04:15",605
"2019-05-03 13:41:16",605
"2019-05-03 14:41:12",606
"2019-05-03 15:41:09",606
"2019-05-03 16:41:11",606
"2019-05-03 17:41:12",605
"2019-05-03 18:41:14",605
"2019-05-03 19:41:13",605
"2019-05-03 20:41:06",605
"2019-05-03 21:41:16",605
"2019-05-03 22:41:07",605
"2019-05-03 23:41:13",605
"2019-05-04 00:41:10",605
"2019-05-04 01:41:10",605
"2019-05-04 02:41:12",605
"2019-05-04 03:41:16",605
"2019-05-04 04:41:10",605
"2019-05-04 05:41:11",605
"2019-05-04 06:41:12",605
"2019-05-04 07:41:11",605
"2019-05-04 08:41:07",605
"2019-05-04 09:41:10",605
"2019-05-04 10:41:06",605
"2019-05-04 11:41:10",605
"2019-05-04 12:41:13",605
"2019-05-04 13:41:12",605
"2019-05-04 14:41:07",605
"2019-05-04 15:41:07",605
"2019-05-04 16:41:11",605
"2019-05-04 17:41:07",605
"2019-05-04 18:41:07",605
"2019-05-04 19:41:10",605
"2019-05-04 20:41:06",605
"2019-05-04 21:41:08",605
"2019-05-04 22:41:06",605
"2019-05-04 23:41:13",605
"2019-05-05 00:41:09",605
"2019-05-05 01:41:11",605
"2019-05-05 02:41:07",605
"2019-05-05 03:41:09",605
"2019-05-05 04:41:11",605
"2019-05-05 05:41:12",605
"2019-05-05 06:41:12",605
"2019-05-05 07:41:09",605
"2019-05-05 08:41:06",605
"2019-05-05 09:41:07",605
"2019-05-05 10:41:10",605
"2019-05-05 11:41:10",605
"2019-05-05 12:41:09",605
"2019-05-05 13:41:09",605
"2019-05-05 14:41:10",605
"2019-05-05 15:41:08",605
"2019-05-05 16:41:07",605
"2019-05-05 17:41:12",605
"2019-05-05 18:41:08",605
"2019-05-05 19:41:06",605
"2019-05-05 20:41:09",605
"2019-05-05 21:41:06",605
"2019-05-05 22:41:10",605
"2019-05-05 23:41:11",605
"2019-05-06 00:41:07",605
"2019-05-06 01:41:07",605
"2019-05-06 02:41:08",605
"2019-05-06 03:41:10",605
"2019-05-06 04:41:06",605
"2019-05-06 05:41:06",605
"2019-05-06 06:41:05",605
"2019-05-06 07:41:11",605
"2019-05-06 08:41:08",605
"2019-05-06 09:41:05",605
"2019-05-06 10:41:10",605
"2019-05-06 11:41:09",605
"2019-05-06 13:06:16",605
"2019-05-06 13:41:14",605
"2019-05-06 14:41:13",602
"2019-05-06 15:41:07",603
"2019-05-06 16:41:10",603
"2019-05-06 17:32:59",605
"2019-05-06 17:41:08",605
"2019-05-06 18:41:09",605
"2019-05-06 19:41:11",605
"2019-05-06 20:41:06",605
"2019-05-06 21:41:07",605
"2019-05-06 22:41:09",604
"2019-05-06 23:41:06",604
"2019-05-07 00:41:08",604
"2019-05-07 01:41:14",604
"2019-05-07 02:41:08",604
"2019-05-07 03:41:10",604
"2019-05-07 04:41:09",604
"2019-05-07 05:41:08",604
"2019-05-07 06:41:07",604
"2019-05-07 07:41:08",604
"2019-05-07 08:41:06",604
"2019-05-07 09:41:10",604
"2019-05-07 10:41:08",604
"2019-05-07 11:41:06",604
"2019-05-07 12:41:12",604
"2019-05-07 13:41:10",604
"2019-05-07 14:41:06",604
"2019-05-07 15:41:06",605
"2019-05-07 16:41:08",605
"2019-05-07 17:41:10",606
"2019-05-07 18:41:08",607
"2019-05-07 19:41:11",608
"2019-05-07 20:41:08",608
"2019-05-07 21:41:07",608
"2019-05-07 22:41:07",609
"2019-05-07 23:41:11",609
"2019-05-08 00:41:06",609
"2019-05-08 01:41:08",609
"2019-05-08 02:41:08",609
"2019-05-08 03:41:12",609
"2019-05-08 04:41:09",609
"2019-05-08 05:41:08",609
"2019-05-08 06:41:09",609
"2019-05-08 07:41:07",609
"2019-05-08 08:41:06",609
"2019-05-08 09:41:12",609
"2019-05-08 10:41:07",609
"2019-05-08 11:41:10",609
"2019-05-08 13:05:12",609
"2019-05-08 13:41:08",609
"2019-05-08 14:41:10",606
"2019-05-08 15:41:11",610
"2019-05-08 16:41:09",618
"2019-05-08 17:41:10",628
"2019-05-08 18:41:13",626
"2019-05-08 19:41:08",625
"2019-05-08 20:41:06",626
"2019-05-08 21:41:08",626
"2019-05-08 22:41:06",624
"2019-05-08 23:41:15",624
"2019-05-09 00:41:07",624
"2019-05-09 01:41:10",624
"2019-05-09 02:41:10",624
"2019-05-09 03:41:14",624
"2019-05-09 04:41:12",624
"2019-05-09 05:41:09",624
"2019-05-09 06:41:11",624
"2019-05-09 07:41:10",624
"2019-05-09 08:41:09",624
"2019-05-09 09:41:13",624
"2019-05-09 10:41:07",624
"2019-05-09 11:41:11",624
"2019-05-09 13:04:41",625
"2019-05-09 13:41:09",625
"2019-05-09 14:41:07",621
"2019-05-09 15:41:12",615
"2019-05-09 16:41:08",613
"2019-05-09 17:41:13",612
"2019-05-09 18:41:08",612
"2019-05-09 19:41:09",611
"2019-05-09 20:41:09",611
"2019-05-09 21:41:07",611
"2019-05-09 22:41:13",611
"2019-05-09 23:41:07",611
"2019-05-10 00:41:07",611
"2019-05-10 01:41:10",611
"2019-05-10 02:41:13",611
"2019-05-10 03:41:07",611
"2019-05-10 04:41:13",611
"2019-05-10 05:41:07",611
"2019-05-10 06:41:07",611
"2019-05-10 07:41:06",611
"2019-05-10 08:41:11",611
"2019-05-10 09:41:08",611
"2019-05-10 10:41:09",611
"2019-05-10 11:41:07",611
"2019-05-10 12:41:14",611
"2019-05-10 13:41:09",611
"2019-05-10 14:41:12",611
"2019-05-10 15:41:09",608
"2019-05-10 16:41:09",607
"2019-05-10 17:41:08",603
"2019-05-10 18:41:13",602
"2019-05-10 19:41:08",602
"2019-05-10 20:41:08",602
"2019-05-10 21:41:08",602
"2019-05-10 22:41:10",602
"2019-05-10 23:41:09",602
"2019-05-11 00:41:14",602
"2019-05-11 01:41:08",602
"2019-05-11 02:41:13",602
"2019-05-11 03:41:07",602
"2019-05-11 04:41:09",602
"2019-05-11 05:41:17",602
"2019-05-11 06:41:08",602
"2019-05-11 07:41:08",602
"2019-05-11 08:41:12",602
"2019-05-11 09:41:08",602
"2019-05-11 10:41:14",602
"2019-05-11 11:41:08",602
"2019-05-11 12:41:08",602
"2019-05-11 13:41:11",602
"2019-05-11 14:41:08",602
"2019-05-11 15:41:10",602
"2019-05-11 16:41:15",602
"2019-05-11 17:41:09",602
"2019-05-11 18:41:10",602
"2019-05-11 19:41:10",602
"2019-05-11 20:41:08",602
"2019-05-11 21:41:09",602
"2019-05-11 22:41:11",602
"2019-05-11 23:41:09",602
"2019-05-12 00:41:08",602
"2019-05-12 01:41:09",602
"2019-05-12 02:41:09",602
"2019-05-12 03:41:13",602
"2019-05-12 04:41:08",602
"2019-05-12 05:41:10",602
"2019-05-12 06:41:08",602
"2019-05-12 07:41:13",602
"2019-05-12 08:41:08",602
"2019-05-12 09:41:11",602
"2019-05-12 10:41:08",602
"2019-05-12 11:41:08",602
"2019-05-12 12:41:07",602
"2019-05-12 13:41:12",602
"2019-05-12 14:41:08",602
"2019-05-12 15:41:09",602
"2019-05-12 16:41:11",602
"2019-05-12 17:41:13",602
"2019-05-12 18:41:08",602
"2019-05-12 19:41:08",602
"2019-05-12 20:41:08",602
"2019-05-12 21:41:06",602
"2019-05-12 22:41:13",602
"2019-05-12 23:41:07",602
"2019-05-13 00:41:10",602
"2019-05-13 01:41:07",602
"2019-05-13 02:41:08",602
"2019-05-13 03:41:12",602
"2019-05-13 04:41:07",602
"2019-05-13 05:41:06",602
"2019-05-13 06:41:11",602
"2019-05-13 07:41:06",602
"2019-05-13 08:41:07",602
"2019-05-13 09:41:09",602
"2019-05-13 10:41:12",602
"2019-05-13 11:41:08",602
"2019-05-13 13:04:42",602
"2019-05-13 13:41:08",602
"2019-05-13 14:41:08",600
"2019-05-13 15:41:12",601
"2019-05-13 16:41:08",600
"2019-05-13 17:41:08",599
"2019-05-13 18:41:10",598
"2019-05-13 19:41:10",597
"2019-05-13 20:41:07",595
"2019-05-13 21:41:10",595
"2019-05-13 22:41:08",595
"2019-05-13 23:41:08",595
"2019-05-14 00:41:22",595
"2019-05-14 01:41:07",595
"2019-05-14 02:41:09",595
"2019-05-14 03:41:13",595
"2019-05-14 04:41:09",595
"2019-05-14 05:41:07",595
"2019-05-14 06:41:12",595
"2019-05-14 07:41:11",595
"2019-05-14 08:41:10",595
"2019-05-14 09:41:12",595
"2019-05-14 10:41:09",595
"2019-05-14 11:41:08",595
"2019-05-14 13:04:13",595
"2019-05-14 13:41:11",595
"2019-05-14 14:41:08",594
"2019-05-14 15:41:10",594
"2019-05-14 16:41:09",594
"2019-05-14 17:41:07",594
"2019-05-14 18:41:10",594
"2019-05-14 19:41:07",594
"2019-05-14 20:41:08",593
"2019-05-14 21:41:07",593
"2019-05-14 22:41:11",593
"2019-05-14 23:41:09",593
"2019-05-15 00:41:08",593
"2019-05-15 01:41:08",593
"2019-05-15 02:41:07",593
"2019-05-15 03:41:10",593
"2019-05-15 04:41:09",593
"2019-05-15 05:41:10",593
"2019-05-15 06:41:11",593
"2019-05-15 07:41:09",593
"2019-05-15 08:41:10",593
"2019-05-15 09:41:13",593
"2019-05-15 10:41:14",593
"2019-05-15 11:41:08",593
"2019-05-15 13:05:14",593
"2019-05-15 13:41:10",593
"2019-05-15 14:41:10",593
"2019-05-15 15:41:08",592
"2019-05-15 16:41:12",593
"2019-05-15 17:41:10",593
"2019-05-15 18:41:12",592
"2019-05-15 19:41:10",593
"2019-05-15 20:41:10",592
"2019-05-15 21:41:12",592
"2019-05-15 22:41:10",592
"2019-05-15 23:41:10",592
"2019-05-16 00:41:09",592
"2019-05-16 01:41:12",592
"2019-05-16 02:41:13",592
"2019-05-16 03:41:08",592
"2019-05-16 04:41:09",592
"2019-05-16 05:41:12",592
"2019-05-16 06:41:11",592
"2019-05-16 07:41:13",592
"2019-05-16 08:41:11",592
"2019-05-16 09:41:12",592
"2019-05-16 10:41:19",592
"2019-05-16 11:41:10",592
"2019-05-16 13:04:13",592
"2019-05-16 13:41:20",592
"2019-05-16 14:41:11",592
"2019-05-16 15:41:09",592
"2019-05-16 16:41:13",592
"2019-05-16 17:41:11",592
"2019-05-16 18:41:13",592
"2019-05-16 19:41:13",592
"2019-05-16 20:41:10",592
"2019-05-16 21:41:12",593
"2019-05-16 22:41:12",594
"2019-05-16 23:41:11",594
"2019-05-17 00:41:17",594
"2019-05-17 01:41:12",594
"2019-05-17 02:41:10",594
"2019-05-17 03:41:10",594
"2019-05-17 04:41:10",594
"2019-05-17 05:41:11",594
"2019-05-17 06:41:16",594
"2019-05-17 07:41:12",594
"2019-05-17 08:41:16",594
"2019-05-17 09:41:15",594
"2019-05-17 10:41:10",594
"2019-05-17 11:41:13",594
"2019-05-17 13:05:45",594
"2019-05-17 13:41:17",594
"2019-05-17 14:41:12",593
"2019-05-17 15:41:10",593
"2019-05-17 16:41:13",593
"2019-05-17 17:41:11",594
"2019-05-17 18:41:09",594
"2019-05-17 19:41:13",594
"2019-05-17 20:41:10",591
"2019-05-17 21:41:11",592
"2019-05-17 22:41:10",592
"2019-05-17 23:41:11",592
"2019-05-18 00:41:11",592
"2019-05-18 01:41:13",592
"2019-05-18 02:41:11",592
"2019-05-18 04:41:08",592
"2019-05-18 05:41:06",592
"2019-05-18 06:41:08",592
"2019-05-18 07:41:06",592
"2019-05-18 08:41:06",592
"2019-05-18 09:41:06",592
"2019-05-18 10:41:05",592
"2019-05-18 11:41:08",592
"2019-05-18 12:41:06",592
"2019-05-18 13:41:07",592
"2019-05-18 14:41:07",592
"2019-05-18 15:41:08",592
"2019-05-18 16:41:06",592
"2019-05-18 17:41:08",592
"2019-05-18 18:41:05",592
"2019-05-18 19:41:06",592
"2019-05-18 20:41:06",592
"2019-05-18 21:41:07",592
"2019-05-18 22:41:06",592
"2019-05-18 23:41:06",592
"2019-05-19 00:41:05",592
"2019-05-19 01:41:05",592
"2019-05-19 02:41:06",592
"2019-05-19 03:41:05",592
"2019-05-19 04:41:08",592
"2019-05-19 05:41:06",592
"2019-05-19 06:41:06",592
"2019-05-19 07:41:06",592
"2019-05-19 08:41:05",592
"2019-05-19 09:41:06",592
"2019-05-19 10:41:06",592
"2019-05-19 11:41:06",592
"2019-05-19 12:41:07",592
"2019-05-19 13:41:07",592
"2019-05-19 14:41:06",592
"2019-05-19 15:41:06",592
"2019-05-19 16:41:07",592
"2019-05-19 17:41:06",592
"2019-05-19 18:41:06",592
"2019-05-19 19:41:06",592
"2019-05-19 20:41:06",592
"2019-05-19 21:41:07",592
"2019-05-19 22:41:06",592
"2019-05-19 23:41:06",592
"2019-05-20 00:41:07",592
"2019-05-20 01:41:07",592
"2019-05-20 02:41:08",592
"2019-05-20 03:41:07",592
"2019-05-20 04:41:08",592
"2019-05-20 05:41:08",592
"2019-05-20 06:41:07",592
"2019-05-20 07:41:07",592
"2019-05-20 08:41:07",592
"2019-05-20 09:41:07",592
"2019-05-20 10:41:07",592
"2019-05-20 11:41:07",592
"2019-05-20 12:41:09",592
"2019-05-20 13:41:08",592
"2019-05-20 14:41:07",594
"2019-05-20 15:41:05",594
"2019-05-20 16:41:08",594
"2019-05-20 17:41:07",591
"2019-05-20 18:41:06",591
"2019-05-20 19:41:07",591
"2019-05-20 20:41:06",590
"2019-05-20 21:41:06",590
"2019-05-20 22:41:06",590
"2019-05-20 23:41:10",590
"2019-05-21 00:41:06",590
"2019-05-21 01:41:07",590
"2019-05-21 02:41:07",590
"2019-05-21 03:41:07",590
"2019-05-21 04:41:07",590
"2019-05-21 05:41:06",590
"2019-05-21 06:41:05",590
"2019-05-21 07:41:07",590
"2019-05-21 08:41:06",590
"2019-05-21 09:41:05",590
"2019-05-21 10:41:06",590
"2019-05-21 11:41:06",590
"2019-05-21 13:05:09",590
"2019-05-21 13:41:06",590
"2019-05-21 14:41:07",589
"2019-05-21 15:41:05",590
"2019-05-21 16:41:05",590
"2019-05-21 17:41:06",589
"2019-05-21 18:41:06",590
"2019-05-21 19:41:06",589
"2019-05-21 20:41:06",588
"2019-05-21 21:41:06",588
"2019-05-21 22:41:08",588
"2019-05-21 23:41:06",588
"2019-05-22 00:41:06",588
"2019-05-22 01:41:06",588
"2019-05-22 02:41:05",588
"2019-05-22 03:41:06",588
"2019-05-22 04:41:07",588
"2019-05-22 05:41:07",588
"2019-05-22 06:41:06",588
"2019-05-22 07:41:06",588
"2019-05-22 08:41:08",588
"2019-05-22 09:41:10",588
"2019-05-22 10:41:06",588
"2019-05-22 11:41:06",588
"2019-05-22 12:41:06",588
"2019-05-22 13:41:07",588
"2019-05-22 14:41:06",589
"2019-05-22 15:41:08",588
"2019-05-22 16:41:07",587
"2019-05-22 17:41:05",587
"2019-05-22 18:41:06",587
"2019-05-22 19:41:05",587
"2019-05-22 20:41:05",587
"2019-05-22 21:41:07",587
"2019-05-22 22:41:06",587
"2019-05-22 23:41:05",587
"2019-05-23 00:41:06",587
"2019-05-23 01:41:06",587
"2019-05-23 02:41:07",587
"2019-05-23 03:41:06",587
"2019-05-23 04:41:09",587
"2019-05-23 05:41:06",587
"2019-05-23 06:41:06",587
"2019-05-23 07:41:07",587
"2019-05-23 08:41:07",587
"2019-05-23 09:41:06",587
"2019-05-23 10:41:07",587
"2019-05-23 11:41:06",587
"2019-05-23 12:41:08",587
"2019-05-23 13:41:07",587
"2019-05-23 14:41:07",587
"2019-05-23 15:41:07",586
"2019-05-23 16:41:07",586
"2019-05-23 17:41:07",586
"2019-05-23 18:41:07",585
"2019-05-23 19:41:08",584
"2019-05-23 20:41:07",584
"2019-05-23 21:41:07",584
"2019-05-23 22:41:07",584
"2019-05-23 23:41:07",584
"2019-05-24 00:41:08",584
"2019-05-24 01:41:07",584
"2019-05-24 02:41:06",584
"2019-05-24 03:41:07",584
"2019-05-24 04:41:07",584
"2019-05-24 05:41:09",584
"2019-05-24 06:41:07",584
"2019-05-24 07:41:06",584
"2019-05-24 08:41:07",584
"2019-05-24 09:41:08",584
"2019-05-24 10:41:08",584
"2019-05-24 11:41:07",584
"2019-05-24 13:05:10",584
"2019-05-24 13:41:07",584
"2019-05-24 14:41:08",583
"2019-05-24 15:41:07",585
"2019-05-24 16:41:07",585
"2019-05-24 17:41:08",586
"2019-05-24 18:41:09",586
"2019-05-24 19:41:08",586
"2019-05-24 20:41:08",586
"2019-05-24 21:41:09",586
"2019-05-24 22:41:08",586
"2019-05-24 23:41:10",586
"2019-05-25 00:41:08",586
"2019-05-25 01:41:07",586
"2019-05-25 04:41:08",586
"2019-05-26 04:41:09",586
"2019-05-26 05:41:08",586
"2019-05-26 06:41:08",586
"2019-05-26 07:41:09",586
"2019-05-26 08:41:07",586
"2019-05-26 09:41:06",586
"2019-05-26 10:41:07",586
"2019-05-26 11:41:07",586
"2019-05-26 12:41:07",586
"2019-05-26 13:41:07",586
"2019-05-26 14:41:08",586
"2019-05-26 15:41:06",586
"2019-05-26 16:41:07",586
"2019-05-26 17:41:09",586
"2019-05-26 18:41:07",586
"2019-05-26 19:41:07",586
"2019-05-26 20:41:07",586
"2019-05-26 21:41:07",586
"2019-05-26 22:41:07",586
"2019-05-26 23:41:07",586
"2019-05-27 00:41:07",586
"2019-05-27 01:41:08",586
"2019-05-27 02:41:07",586
"2019-05-27 03:41:08",586
"2019-05-27 04:41:08",586
"2019-05-27 05:41:07",586
"2019-05-27 06:41:07",586
"2019-05-27 07:41:11",586
"2019-05-27 08:41:10",586
"2019-05-27 09:41:09",586
"2019-05-27 10:41:08",586
"2019-05-27 11:41:07",586
"2019-05-27 12:41:07",586
"2019-05-27 13:41:07",586
"2019-05-27 14:41:08",586
"2019-05-27 15:41:07",586
"2019-05-27 16:41:07",586
"2019-05-27 17:41:09",586
"2019-05-27 18:41:08",586
"2019-05-27 19:41:06",586
"2019-05-27 20:41:06",586
"2019-05-27 21:41:07",586
"2019-05-27 22:41:06",586
"2019-05-27 23:41:07",586
"2019-05-28 00:41:07",586
"2019-05-28 01:41:08",586
"2019-05-28 02:41:08",586
"2019-05-28 03:41:07",586
"2019-05-28 04:41:07",586
"2019-05-28 05:41:07",586
"2019-05-28 06:41:11",586
"2019-05-28 07:41:08",586
"2019-05-28 08:41:08",586
"2019-05-28 09:41:09",586
"2019-05-28 10:41:07",586
"2019-05-28 11:41:06",586
"2019-05-28 12:41:07",586
"2019-05-28 13:41:09",586
"2019-05-28 14:41:08",585
"2019-05-28 15:41:08",585
"2019-05-28 16:41:08",585
"2019-05-28 17:41:10",585
"2019-05-28 18:41:08",584
"2019-05-28 19:41:08",584
"2019-05-28 20:41:09",584
"2019-05-28 21:41:08",584
"2019-05-28 22:41:07",584
"2019-05-28 23:41:08",584
"2019-05-29 00:41:08",584
"2019-05-29 01:41:08",584
"2019-05-29 02:41:08",584
"2019-05-29 03:41:07",584
"2019-05-29 04:41:08",584
"2019-05-29 05:41:10",584
"2019-05-29 06:41:09",584
"2019-05-29 07:41:10",584
"2019-05-29 08:41:08",584
"2019-05-29 09:41:11",584
"2019-05-29 10:41:08",584
"2019-05-29 11:41:07",584
"2019-05-29 13:04:12",584
"2019-05-29 13:41:10",584
"2019-05-29 14:41:10",582
"2019-05-29 15:41:08",581
"2019-05-29 16:41:09",580
"2019-05-29 17:41:09",580
"2019-05-29 18:41:09",579
"2019-05-29 19:41:10",579
"2019-05-29 20:41:08",579
"2019-05-29 21:41:08",579
"2019-05-29 22:41:08",579
"2019-05-29 23:41:09",579
"2019-05-30 00:41:08",579
"2019-05-30 01:41:08",579
"2019-05-30 02:41:09",579
"2019-05-30 03:41:08",579
"2019-05-30 04:41:08",579
"2019-05-30 05:41:10",579
"2019-05-30 06:41:08",579
"2019-05-30 07:41:08",579
"2019-05-30 08:41:10",579
"2019-05-30 09:41:09",579
"2019-05-30 10:41:08",579
"2019-05-30 11:41:08",579
"2019-05-30 12:41:11",579
"2019-05-30 13:41:07",579
"2019-05-30 14:41:10",583
"2019-05-30 15:41:09",583
"2019-05-30 16:41:07",583
"2019-05-30 17:41:08",582
"2019-05-30 18:41:09",582
"2019-05-30 19:41:08",582
"2019-05-30 20:41:07",582
"2019-05-30 21:41:08",582
"2019-05-30 22:41:09",583
"2019-05-30 23:41:08",583
"2019-05-31 00:41:07",583
"2019-05-31 01:41:08",583
"2019-05-31 02:41:07",583
"2019-05-31 03:41:07",583
"2019-05-31 04:41:07",583
"2019-05-31 05:41:08",583
"2019-05-31 06:41:09",583
"2019-05-31 07:41:07",583
"2019-05-31 08:41:08",583
"2019-05-31 09:41:09",583
"2019-05-31 10:41:08",583
"2019-05-31 11:41:08",583
"2019-05-31 12:41:53",583
"2019-05-31 13:41:08",583
"2019-05-31 14:41:08",582
"2019-05-31 15:41:09",583
"2019-05-31 16:41:08",583
"2019-05-31 17:41:11",582
"2019-05-31 18:41:08",583
"2019-05-31 19:41:08",584
"2019-05-31 20:41:08",584
"2019-05-31 21:41:08",584
"2019-05-31 22:41:07",584
"2019-05-31 23:41:08",584
"2019-06-01 00:41:08",584
"2019-06-01 01:41:08",584
"2019-06-01 02:41:08",584
"2019-06-01 03:41:08",584
"2019-06-01 04:41:08",584
"2019-06-01 05:41:08",584
"2019-06-01 06:41:10",584
"2019-06-01 07:41:07",584
"2019-06-01 08:41:08",584
"2019-06-01 09:41:08",584
"2019-06-01 10:41:08",584
"2019-06-01 11:41:08",584
"2019-06-01 12:41:08",584
"2019-06-01 13:41:08",584
"2019-06-01 14:41:09",584
"2019-06-01 15:41:09",584
"2019-06-01 16:41:08",584
"2019-06-01 17:41:08",584
"2019-06-01 18:41:08",584
"2019-06-01 19:41:09",584
"2019-06-01 20:41:07",584
"2019-06-01 21:41:09",584
"2019-06-01 22:41:08",584
"2019-06-01 23:41:08",584
"2019-06-02 00:41:09",584
"2019-06-02 01:41:10",584
"2019-06-02 02:41:09",584
"2019-06-02 03:41:08",584
"2019-06-02 04:41:08",584
"2019-06-02 05:41:11",584
"2019-06-02 06:41:08",584
"2019-06-02 07:41:08",584
"2019-06-02 08:41:08",584
"2019-06-02 09:41:08",584
"2019-06-02 10:41:08",584
"2019-06-02 11:41:08",584
"2019-06-02 12:41:10",584
"2019-06-02 13:41:09",584
"2019-06-02 14:41:09",584
"2019-06-02 15:41:07",584
"2019-06-02 16:41:08",584
"2019-06-02 17:41:09",584
"2019-06-02 18:41:08",584
"2019-06-02 19:41:08",584
"2019-06-02 20:41:08",584
"2019-06-02 21:41:08",584
"2019-06-02 22:41:08",584
"2019-06-02 23:41:07",584
"2019-06-03 00:41:08",584
"2019-06-03 01:41:10",584
"2019-06-03 02:41:08",584
"2019-06-03 03:41:08",584
"2019-06-03 04:41:07",584
"2019-06-03 05:41:08",584
"2019-06-03 06:41:08",584
"2019-06-03 07:41:08",584
"2019-06-03 08:41:09",584
"2019-06-03 09:41:08",584
"2019-06-03 10:41:09",584
"2019-06-03 11:41:10",584
"2019-06-03 12:41:08",584
"2019-06-03 13:41:11",584
"2019-06-03 14:41:10",583
"2019-06-03 15:41:09",585
"2019-06-03 16:41:09",585
"2019-06-03 17:41:08",586
"2019-06-03 18:41:11",586
"2019-06-03 19:41:10",586
"2019-06-03 20:41:08",586
"2019-06-03 21:41:10",586
"2019-06-03 22:41:09",586
"2019-06-03 23:41:12",586
"2019-06-04 00:41:09",586
"2019-06-04 01:41:10",586
"2019-06-04 02:41:09",586
"2019-06-04 03:41:09",586
"2019-06-04 04:41:10",586
"2019-06-04 05:41:09",586
"2019-06-04 06:41:09",586
"2019-06-04 07:41:08",586
"2019-06-04 08:41:11",586
"2019-06-04 09:41:08",586
"2019-06-04 10:41:10",586
"2019-06-04 11:41:09",586
"2019-06-04 13:03:42",586
"2019-06-04 13:41:10",586
"2019-06-04 14:41:12",586
"2019-06-04 15:41:10",585
"2019-06-04 16:41:09",585
"2019-06-04 17:41:10",585
"2019-06-04 18:41:10",585
"2019-06-04 19:41:09",584
"2019-06-04 20:41:09",583
"2019-06-04 21:41:08",583
"2019-06-04 22:41:09",583
"2019-06-04 23:41:11",583
"2019-06-05 00:41:08",583
"2019-06-05 01:41:10",583
"2019-06-05 02:41:11",583
"2019-06-05 03:41:10",583
"2019-06-05 04:41:12",583
"2019-06-05 05:41:09",583
"2019-06-05 06:41:10",583
"2019-06-05 07:41:10",583
"2019-06-05 08:41:12",583
"2019-06-05 09:41:09",583
"2019-06-05 10:41:09",583
"2019-06-05 11:41:12",583
"2019-06-05 13:05:12",583
"2019-06-05 13:41:08",583
"2019-06-05 14:41:09",581
"2019-06-05 15:41:09",584
"2019-06-05 16:41:09",583
"2019-06-05 17:41:10",583
"2019-06-05 18:41:10",583
"2019-06-05 19:41:11",584
"2019-06-05 20:41:09",584
"2019-06-05 21:41:09",584
"2019-06-05 22:41:09",584
"2019-06-05 23:41:09",584
"2019-06-06 00:41:09",584
"2019-06-06 01:41:08",584
"2019-06-06 02:41:09",584
"2019-06-06 03:41:09",584
"2019-06-06 04:41:13",584
"2019-06-06 05:41:09",584
"2019-06-06 06:41:11",584
"2019-06-06 07:41:09",584
"2019-06-06 08:41:12",584
"2019-06-06 09:41:10",584
"2019-06-06 10:41:14",584
"2019-06-06 11:41:09",584
"2019-06-06 13:05:12",584
"2019-06-06 13:41:09",584
"2019-06-06 14:41:10",582
"2019-06-06 15:41:11",582
"2019-06-06 16:41:10",581
"2019-06-06 17:41:11",581
"2019-06-06 18:41:11",580
"2019-06-06 19:41:11",579
"2019-06-06 20:41:08",579
"2019-06-06 21:41:09",579
"2019-06-06 22:41:09",579
"2019-06-06 23:41:08",579
"2019-06-07 00:41:10",579
"2019-06-07 01:41:10",579
"2019-06-07 02:41:10",579
"2019-06-07 03:41:10",579
"2019-06-07 04:41:12",579
"2019-06-07 05:41:09",579
"2019-06-07 06:41:10",579
"2019-06-07 07:41:10",579
"2019-06-07 08:41:10",579
"2019-06-07 09:41:11",579
"2019-06-07 10:41:10",579
"2019-06-07 11:41:09",579
"2019-06-07 13:05:15",579
"2019-06-07 13:41:11",579
"2019-06-07 14:41:10",577
"2019-06-07 15:41:10",577
"2019-06-07 16:41:10",576
"2019-06-07 17:41:10",574
"2019-06-07 18:41:09",573
"2019-06-07 19:41:09",572
"2019-06-07 20:41:10",571
"2019-06-07 21:41:10",571
"2019-06-07 22:41:09",571
"2019-06-07 23:41:11",571
"2019-06-08 00:41:09",571
"2019-06-08 01:41:12",571
"2019-06-08 02:41:11",571
"2019-06-08 03:41:11",571
"2019-06-08 04:41:10",571
"2019-06-08 05:41:14",571
"2019-06-08 06:41:12",571
"2019-06-08 07:41:11",571
"2019-06-08 08:41:10",571
"2019-06-08 09:41:10",571
"2019-06-08 10:41:09",571
"2019-06-08 11:41:11",571
"2019-06-08 12:41:10",571
"2019-06-08 13:41:09",571
"2019-06-08 14:41:08",571
"2019-06-08 15:41:11",571
"2019-06-08 16:41:10",571
"2019-06-08 17:41:10",571
"2019-06-08 18:41:10",571
"2019-06-08 19:41:09",571
"2019-06-08 20:41:10",571
"2019-06-08 21:41:09",571
"2019-06-08 22:41:09",571
"2019-06-08 23:41:11",571
"2019-06-09 00:41:09",571
"2019-06-09 01:41:10",571
"2019-06-09 02:41:15",571
"2019-06-09 03:41:13",571
"2019-06-09 04:41:09",571
"2019-06-09 05:41:12",571
"2019-06-09 06:41:09",571
"2019-06-09 07:41:11",571
"2019-06-09 08:41:09",571
"2019-06-09 09:41:11",571
"2019-06-09 10:41:09",571
"2019-06-09 11:41:10",571
"2019-06-09 12:41:11",571
"2019-06-09 13:41:09",571
"2019-06-09 14:41:08",571
"2019-06-09 15:41:11",571
"2019-06-09 16:41:09",571
"2019-06-09 17:41:11",571
"2019-06-09 18:41:09",571
"2019-06-09 19:41:09",571
"2019-06-09 20:41:09",571
"2019-06-09 21:41:09",571
"2019-06-09 22:41:12",571
"2019-06-09 23:41:10",571
"2019-06-10 00:41:10",571
"2019-06-10 01:41:12",571
"2019-06-10 02:41:10",571
"2019-06-10 03:41:11",571
"2019-06-10 04:41:11",571
"2019-06-10 05:41:11",571
"2019-06-10 06:41:09",571
"2019-06-10 07:41:12",571
"2019-06-10 08:41:10",571
"2019-06-10 09:41:09",571
"2019-06-10 10:41:13",571
"2019-06-10 11:41:11",571
"2019-06-10 12:41:16",571
"2019-06-10 13:41:13",571
"2019-06-10 14:41:11",571
"2019-06-10 15:41:12",571
"2019-06-10 16:41:14",571
"2019-06-10 17:41:12",571
"2019-06-10 18:41:13",571
"2019-06-10 19:41:14",569
"2019-06-10 20:41:12",569
"2019-06-10 21:41:11",569
"2019-06-10 22:41:11",569
"2019-06-10 23:41:12",569
"2019-06-11 00:41:13",569
"2019-06-11 01:41:15",569
"2019-06-11 02:41:13",569
"2019-06-11 03:41:12",569
"2019-06-11 04:41:11",569
"2019-06-11 05:41:11",569
"2019-06-11 06:41:11",569
"2019-06-11 07:41:11",569
"2019-06-11 08:41:10",569
"2019-06-11 09:41:12",569
"2019-06-11 10:41:10",569
"2019-06-11 11:41:10",569
"2019-06-11 13:04:46",569
"2019-06-11 13:41:13",569
"2019-06-11 14:41:12",568
"2019-06-11 15:41:12",567
"2019-06-11 16:41:14",567
"2019-06-11 17:41:12",566
"2019-06-11 18:41:14",566
"2019-06-11 19:41:12",566
"2019-06-11 20:41:13",566
"2019-06-11 21:41:12",566
"2019-06-11 22:41:12",566
"2019-06-11 23:41:12",566
"2019-06-12 00:41:14",566
"2019-06-12 01:41:12",566
"2019-06-12 02:41:13",566
"2019-06-12 03:41:18",566
"2019-06-12 04:41:14",566
"2019-06-12 05:41:14",566
"2019-06-12 06:41:13",566
"2019-06-12 07:41:14",566
"2019-06-12 08:41:13",566
"2019-06-12 09:41:17",566
"2019-06-12 10:41:13",566
"2019-06-12 11:41:14",566
"2019-06-12 13:04:17",566
"2019-06-12 13:41:13",566
"2019-06-12 14:41:12",567
"2019-06-12 15:41:13",567
"2019-06-12 16:41:13",566
"2019-06-12 17:41:12",566
"2019-06-12 18:41:12",566
"2019-06-12 19:41:13",566
"2019-06-12 20:41:12",566
"2019-06-12 21:41:13",566
"2019-06-12 22:41:12",566
"2019-06-12 23:41:12",566
"2019-06-13 00:41:13",566
"2019-06-13 01:41:13",566
"2019-06-13 02:41:13",566
"2019-06-13 03:41:12",566
"2019-06-13 04:41:14",566
"2019-06-13 05:41:14",566
"2019-06-13 06:41:12",566
"2019-06-13 07:41:12",566
"2019-06-13 08:41:12",566
"2019-06-13 09:41:12",566
"2019-06-13 10:41:15",566
"2019-06-13 11:41:11",566
"2019-06-13 13:05:14",566
"2019-06-13 13:41:15",566
"2019-06-13 14:41:13",566
"2019-06-13 15:41:15",566
"2019-06-13 16:41:13",566
"2019-06-13 17:41:11",566
"2019-06-13 18:41:13",566
"2019-06-13 19:41:13",565
"2019-06-13 20:41:10",565
"2019-06-13 21:41:12",565
"2019-06-13 22:41:11",565
"2019-06-13 23:41:13",565
"2019-06-14 00:41:13",565
"2019-06-14 01:41:13",565
"2019-06-14 02:41:13",565
"2019-06-14 03:41:12",565
"2019-06-14 04:41:13",565
"2019-06-14 05:41:13",565
"2019-06-14 06:41:17",565
"2019-06-14 07:41:13",565
"2019-06-14 08:41:13",565
"2019-06-14 09:41:12",565
"2019-06-14 10:41:13",565
"2019-06-14 11:41:13",565
"2019-06-14 12:41:13",565
"2019-06-14 13:41:12",564
"2019-06-14 14:41:14",564
"2019-06-14 15:41:15",562
"2019-06-14 16:41:14",562
"2019-06-14 17:41:13",562
"2019-06-14 18:41:12",562
"2019-06-14 19:41:13",562
"2019-06-14 20:41:12",562
"2019-06-14 21:41:14",562
"2019-06-14 22:41:12",562
"2019-06-14 23:41:13",562
"2019-06-15 00:41:12",562
"2019-06-15 01:41:15",562
"2019-06-15 02:41:13",562
"2019-06-15 03:41:13",562
"2019-06-15 04:41:14",562
"2019-06-15 05:41:14",562
"2019-06-15 06:41:12",562
"2019-06-15 07:41:12",562
"2019-06-15 08:41:12",562
"2019-06-15 09:41:14",562
"2019-06-15 10:41:12",562
"2019-06-15 11:41:12",562
"2019-06-15 12:41:14",562
"2019-06-15 13:41:14",562
"2019-06-15 14:41:13",562
"2019-06-15 15:41:13",562
"2019-06-15 16:41:13",562
"2019-06-15 17:41:12",562
"2019-06-15 18:41:13",562
"2019-06-15 19:41:12",562
"2019-06-15 20:41:13",562
"2019-06-15 21:41:16",562
"2019-06-15 22:41:13",562
"2019-06-15 23:41:13",562
"2019-06-16 00:41:12",562
"2019-06-16 01:41:13",562
"2019-06-16 02:41:14",562
"2019-06-16 03:41:13",562
"2019-06-16 04:41:14",562
"2019-06-16 05:41:14",562
"2019-06-16 06:41:15",562
"2019-06-16 07:41:14",562
"2019-06-16 08:41:14",562
"2019-06-16 09:41:12",562
"2019-06-16 10:41:11",562
"2019-06-16 11:41:12",562
"2019-06-16 12:41:13",562
"2019-06-16 13:41:12",562
"2019-06-16 14:41:13",562
"2019-06-16 15:41:13",562
"2019-06-16 16:41:13",562
"2019-06-16 17:41:14",562
"2019-06-16 18:41:15",562
"2019-06-16 19:41:13",562
"2019-06-16 20:41:13",562
"2019-06-16 21:41:13",562
"2019-06-16 22:41:11",562
"2019-06-16 23:41:13",562
"2019-06-17 00:41:13",562
"2019-06-17 01:41:12",562
"2019-06-17 02:41:15",562
"2019-06-17 03:41:14",562
"2019-06-17 04:41:14",562
"2019-06-17 05:41:13",562
"2019-06-17 06:41:14",562
"2019-06-17 07:41:12",562
"2019-06-17 08:41:13",562
"2019-06-17 09:41:12",562
"2019-06-17 10:41:14",562
"2019-06-17 11:41:14",562
"2019-06-17 13:05:46",562
"2019-06-17 13:41:12",562
"2019-06-17 14:41:12",565
"2019-06-17 15:41:13",565
"2019-06-17 16:41:20",564
"2019-06-17 17:41:14",564
"2019-06-17 18:41:15",566
"2019-06-17 19:41:13",565
"2019-06-17 20:41:14",565
"2019-06-17 21:41:12",565
"2019-06-17 22:41:14",565
"2019-06-17 23:41:12",565
"2019-06-18 00:41:12",565
"2019-06-18 01:41:12",565
"2019-06-18 02:41:18",565
"2019-06-18 03:41:15",565
"2019-06-18 04:41:13",565
"2019-06-18 05:41:15",565
"2019-06-18 06:41:13",565
"2019-06-18 07:41:15",565
"2019-06-18 08:41:17",565
"2019-06-18 09:41:12",565
"2019-06-18 10:41:12",565
"2019-06-18 11:41:12",565
"2019-06-18 13:03:47",565
"2019-06-18 13:41:14",565
"2019-06-18 14:41:14",566
"2019-06-18 15:41:14",565
"2019-06-18 16:41:14",565
"2019-06-18 17:41:13",564
"2019-06-18 18:41:16",564
"2019-06-18 19:41:16",564
"2019-06-18 20:41:13",565
"2019-06-18 21:41:13",565
"2019-06-18 22:41:14",565
"2019-06-18 23:41:14",565
"2019-06-19 00:41:14",565
"2019-06-19 01:41:15",565
"2019-06-19 02:41:15",565
"2019-06-19 03:41:15",565
"2019-06-19 04:41:13",565
"2019-06-19 05:41:19",565
"2019-06-19 06:41:24",565
"2019-06-19 07:41:16",565
"2019-06-19 08:41:16",565
"2019-06-19 09:41:14",565
"2019-06-19 10:41:15",565
"2019-06-19 11:41:14",565
"2019-06-19 13:03:48",565
"2019-06-19 13:41:14",565
"2019-06-19 14:41:14",566
"2019-06-19 15:41:14",565
"2019-06-19 16:41:23",564
"2019-06-19 17:41:15",565
"2019-06-19 18:41:13",564
"2019-06-19 19:41:15",565
"2019-06-19 20:41:15",565
"2019-06-19 21:41:14",565
"2019-06-19 22:41:13",565
"2019-06-19 23:41:14",565
"2019-06-20 00:41:14",565
"2019-06-20 01:41:13",565
"2019-06-20 02:41:13",565
"2019-06-20 03:41:14",565
"2019-06-20 04:41:16",565
"2019-06-20 05:41:13",565
"2019-06-20 06:41:14",565
"2019-06-20 07:41:14",565
"2019-06-20 08:41:14",565
"2019-06-20 09:41:15",565
"2019-06-20 10:41:14",565
"2019-06-20 11:41:13",565
"2019-06-20 13:05:27",565
"2019-06-20 13:41:16",565
"2019-06-20 14:41:15",565
"2019-06-20 15:41:15",566
"2019-06-20 16:41:15",566
"2019-06-20 17:41:16",567
"2019-06-20 18:41:13",567
"2019-06-20 19:41:13",567
"2019-06-20 20:41:19",567
"2019-06-20 21:41:14",567
"2019-06-20 22:41:14",567
"2019-06-20 23:41:15",567
"2019-06-21 00:41:15",567
"2019-06-21 01:41:15",567
"2019-06-21 02:41:15",567
"2019-06-21 03:41:15",567
"2019-06-21 04:41:15",567
"2019-06-21 05:41:16",567
"2019-06-21 06:41:15",567
"2019-06-21 07:41:16",567
"2019-06-21 08:41:14",567
"2019-06-21 09:41:14",567
"2019-06-21 10:41:14",567
"2019-06-21 11:41:13",567
"2019-06-21 12:41:14",567
"2019-06-21 13:41:15",567
"2019-06-21 14:41:14",566
"2019-06-21 15:41:14",566
"2019-06-21 16:41:15",566
"2019-06-21 17:41:14",566
"2019-06-21 18:41:15",565
"2019-06-21 19:41:13",565
"2019-06-21 20:41:13",565
"2019-06-21 21:41:14",565
"2019-06-21 22:41:14",565
"2019-06-21 23:41:13",565
"2019-06-22 00:41:14",565
"2019-06-22 01:41:17",565
"2019-06-22 02:41:16",565
"2019-06-22 03:41:13",565
"2019-06-22 04:41:13",565
"2019-06-22 05:41:15",565
"2019-06-22 06:41:16",565
"2019-06-22 07:41:15",565
"2019-06-22 08:41:14",565
"2019-06-22 09:41:15",565
"2019-06-22 10:41:16",565
"2019-06-22 11:41:13",565
"2019-06-22 12:41:19",565
"2019-06-22 13:41:14",565
"2019-06-22 14:41:16",565
"2019-06-22 15:41:24",565
"2019-06-22 16:41:21",565
"2019-06-22 17:41:14",565
"2019-06-22 18:41:19",565
"2019-06-22 19:41:15",565
"2019-06-22 20:41:15",565
"2019-06-22 21:41:14",565
"2019-06-22 22:41:18",565
"2019-06-22 23:41:16",565
"2019-06-23 00:41:26",565
"2019-06-23 01:41:16",565
"2019-06-23 02:41:17",565
"2019-06-23 03:41:16",565
"2019-06-23 04:41:14",565
"2019-06-23 05:41:19",565
"2019-06-23 06:41:15",565
"2019-06-23 07:41:13",565
"2019-06-23 08:41:14",565
"2019-06-23 09:41:15",565
"2019-06-23 10:41:15",565
"2019-06-23 11:41:15",565
"2019-06-23 12:41:13",565
"2019-06-23 13:41:15",565
"2019-06-23 14:41:13",565
"2019-06-23 15:41:13",565
"2019-06-23 16:41:15",565
"2019-06-23 17:41:15",565
"2019-06-23 18:41:13",565
"2019-06-23 19:41:13",565
"2019-06-23 20:41:15",565
"2019-06-23 21:41:14",565
"2019-06-23 22:41:14",565
"2019-06-23 23:41:14",565
"2019-06-24 00:41:15",565
"2019-06-24 01:41:14",565
"2019-06-24 02:41:14",565
"2019-06-24 03:41:16",565
"2019-06-24 04:41:14",565
"2019-06-24 05:41:16",565
"2019-06-24 06:41:17",565
"2019-06-24 07:41:14",565
"2019-06-24 08:41:14",565
"2019-06-24 09:41:17",565
"2019-06-24 10:41:13",565
"2019-06-24 11:41:18",565
"2019-06-24 12:41:17",565
"2019-06-24 13:41:14",565
"2019-06-24 14:41:15",564
"2019-06-24 15:41:14",563
"2019-06-24 16:41:18",563
"2019-06-24 17:41:16",563
"2019-06-24 18:41:16",563
"2019-06-24 19:41:16",561
"2019-06-24 20:41:15",561
"2019-06-24 21:41:16",561
"2019-06-24 22:41:14",561
"2019-06-24 23:41:14",561
"2019-06-25 00:41:14",561
"2019-06-25 01:41:14",561
"2019-06-25 02:41:15",561
"2019-06-25 03:41:15",561
"2019-06-25 04:41:14",561
"2019-06-25 05:41:15",561
"2019-06-25 06:41:16",561
"2019-06-25 07:41:15",561
"2019-06-25 08:41:14",561
"2019-06-25 09:41:18",561
"2019-06-25 10:41:14",561
"2019-06-25 11:41:13",561
"2019-06-25 13:04:47",561
"2019-06-25 13:41:15",561
"2019-06-25 14:41:15",559
"2019-06-25 15:41:14",559
"2019-06-25 16:41:15",559
"2019-06-25 17:41:17",559
"2019-06-25 18:41:17",559
"2019-06-25 19:41:13",559
"2019-06-25 20:41:15",559
"2019-06-25 21:41:13",559
"2019-06-25 22:41:12",559
"2019-06-25 23:41:17",559
"2019-06-26 00:41:14",559
"2019-06-26 01:41:15",559
"2019-06-26 02:41:14",559
"2019-06-26 03:41:23",559
"2019-06-26 04:41:15",559
"2019-06-26 05:41:15",559
"2019-06-26 06:41:15",559
"2019-06-26 07:41:15",559
"2019-06-26 08:41:14",559
"2019-06-26 09:41:12",559
"2019-06-26 10:41:13",559
"2019-06-26 11:41:13",559
"2019-06-26 13:03:47",559
"2019-06-26 13:41:16",559
"2019-06-26 14:41:15",559
"2019-06-26 15:41:15",559
"2019-06-26 16:41:16",558
"2019-06-26 17:41:15",559
"2019-06-26 18:41:16",559
"2019-06-26 19:41:15",559
"2019-06-26 20:41:14",559
"2019-06-26 21:41:15",559
"2019-06-26 22:41:15",559
"2019-06-26 23:41:15",559
"2019-06-27 00:41:16",559
"2019-06-27 01:41:15",559
"2019-06-27 02:41:16",559
"2019-06-27 03:41:14",559
"2019-06-27 04:41:15",559
"2019-06-27 05:41:15",559
"2019-06-27 06:41:16",559
"2019-06-27 07:41:13",559
"2019-06-27 08:41:14",559
"2019-06-27 09:41:14",559
"2019-06-27 10:41:14",559
"2019-06-27 11:41:14",559
"2019-06-27 13:03:48",559
"2019-06-27 13:41:14",559
"2019-06-27 14:41:14",561
"2019-06-27 15:41:16",561
"2019-06-27 16:41:14",563
"2019-06-27 17:41:14",562
"2019-06-27 18:41:14",563
"2019-06-27 19:41:13",563
"2019-06-27 20:41:16",565
"2019-06-27 21:41:18",565
"2019-06-27 22:41:13",565
"2019-06-27 23:41:31",565
"2019-06-28 00:41:15",565
"2019-06-28 01:41:14",565
"2019-06-28 02:41:14",565
"2019-06-28 03:41:17",565
"2019-06-28 04:41:18",565
"2019-06-28 05:41:15",565
"2019-06-28 06:41:13",565
"2019-06-28 07:41:13",565
"2019-06-28 08:41:13",565
"2019-06-28 09:41:14",565
"2019-06-28 10:41:13",565
"2019-06-28 11:41:14",565
"2019-06-28 13:04:47",565
"2019-06-28 13:41:13",565
"2019-06-28 14:41:14",563
"2019-06-28 15:41:15",563
"2019-06-28 16:41:15",563
"2019-06-28 17:41:14",563
"2019-06-28 18:41:13",563
"2019-06-28 19:41:13",563
"2019-06-28 20:41:14",564
"2019-06-28 21:41:15",564
"2019-06-28 22:41:14",564
"2019-06-28 23:41:13",564
"2019-06-29 00:41:15",564
"2019-06-29 01:41:17",564
"2019-06-29 02:41:14",564
"2019-06-29 03:41:14",564
"2019-06-29 04:41:14",564
"2019-06-29 05:41:14",564
"2019-06-29 06:41:13",564
"2019-06-29 07:41:14",564
"2019-06-29 08:41:14",564
"2019-06-29 09:41:14",564
"2019-06-29 10:41:14",564
"2019-06-29 11:41:18",564
"2019-06-29 12:41:16",564
"2019-06-29 13:41:14",564
"2019-06-29 14:41:16",564
"2019-06-29 15:41:16",564
"2019-06-29 16:41:17",564
"2019-06-29 17:41:14",564
"2019-06-29 18:41:15",564
"2019-06-29 19:41:16",564
"2019-06-29 20:41:15",564
"2019-06-29 21:41:15",564
"2019-06-29 22:41:13",564
"2019-06-29 23:41:15",564
"2019-06-30 00:41:14",564
"2019-06-30 01:41:18",564
"2019-06-30 02:41:15",564
"2019-06-30 03:41:15",564
"2019-06-30 04:41:16",564
"2019-06-30 05:41:15",564
"2019-06-30 06:41:16",564
"2019-06-30 07:41:16",564
"2019-06-30 08:41:14",564
"2019-06-30 09:41:15",564
"2019-06-30 10:41:15",564
"2019-06-30 11:41:14",564
"2019-06-30 12:41:15",564
"2019-06-30 13:41:15",564
"2019-06-30 14:41:13",564
"2019-06-30 15:41:15",564
"2019-06-30 16:41:15",564
"2019-06-30 17:41:15",564
"2019-06-30 18:41:15",564
"2019-06-30 19:41:16",564
"2019-06-30 20:41:15",564
"2019-06-30 21:41:14",564
"2019-06-30 22:41:14",564
"2019-06-30 23:41:15",564
"2019-07-01 00:41:16",564
"2019-07-01 01:41:15",564
"2019-07-01 02:41:16",564
"2019-07-01 03:41:15",564
"2019-07-01 04:41:14",564
"2019-07-01 05:41:19",564
"2019-07-01 06:41:15",564
"2019-07-01 07:41:17",564
"2019-07-01 08:41:23",564
"2019-07-01 09:41:15",564
"2019-07-01 10:41:15",564
"2019-07-01 11:41:15",564
"2019-07-01 13:04:48",564
"2019-07-01 13:41:18",564
"2019-07-01 14:41:31",571
"2019-07-01 15:41:17",571
"2019-07-01 16:41:17",571
"2019-07-01 17:41:16",571
"2019-07-01 18:41:17",572
"2019-07-01 19:41:18",572
"2019-07-01 20:41:16",572
"2019-07-01 21:41:16",573
"2019-07-01 22:41:18",573
"2019-07-01 23:41:17",573
"2019-07-02 00:41:18",573
"2019-07-02 01:41:16",573
"2019-07-02 02:41:23",573
"2019-07-02 03:41:23",573
"2019-07-02 04:41:16",573
"2019-07-02 05:41:30",573
"2019-07-02 06:41:16",573
"2019-07-02 07:41:18",573
"2019-07-02 08:41:16",573
"2019-07-02 09:41:15",573
"2019-07-02 10:41:16",573
"2019-07-02 11:41:16",573
"2019-07-02 12:41:19",573
"2019-07-02 13:41:16",573
"2019-07-02 14:41:18",570
"2019-07-02 15:41:16",570
"2019-07-02 16:41:15",570
"2019-07-02 17:41:17",570
"2019-07-02 18:41:16",570
"2019-07-02 19:41:17",570
"2019-07-02 20:41:16",570
"2019-07-02 21:41:17",570
"2019-07-02 22:41:18",571
"2019-07-03 00:41:17",571
"2019-07-03 01:41:15",571
"2019-07-03 02:41:17",571
"2019-07-03 03:41:17",571
"2019-07-03 04:41:16",571
"2019-07-03 05:41:16",571
"2019-07-03 06:41:17",571
"2019-07-03 07:41:16",571
"2019-07-03 08:41:26",571
"2019-07-03 09:41:16",571
"2019-07-03 10:41:18",571
"2019-07-03 11:41:17",571
"2019-07-03 13:05:50",571
"2019-07-03 13:41:18",571
"2019-07-03 14:41:21",571
"2019-07-03 15:41:17",571
"2019-07-03 16:41:29",570
"2019-07-03 17:41:19",572
"2019-07-03 18:41:18",572
"2019-07-03 19:41:17",572
"2019-07-03 20:41:17",572
"2019-07-03 21:41:18",572
"2019-07-03 22:41:16",572
"2019-07-03 23:41:18",572
"2019-07-04 00:41:18",572
"2019-07-04 01:41:17",572
"2019-07-04 02:41:20",572
"2019-07-04 03:41:17",572
"2019-07-04 04:41:17",572
"2019-07-04 05:41:18",572
"2019-07-04 06:41:17",572
"2019-07-04 07:41:17",572
"2019-07-04 08:41:16",572
"2019-07-04 09:41:17",572
"2019-07-04 10:41:17",572
"2019-07-04 11:41:17",572
"2019-07-04 12:41:19",572
"2019-07-04 13:41:19",572
"2019-07-04 14:41:20",572
"2019-07-04 15:41:17",572
"2019-07-04 16:41:17",572
"2019-07-04 17:41:16",572
"2019-07-04 18:41:16",572
"2019-07-04 19:41:16",572
"2019-07-04 20:41:17",572
"2019-07-04 21:41:17",572
"2019-07-04 22:41:17",572
"2019-07-04 23:41:16",572
"2019-07-05 00:41:18",572
"2019-07-05 01:41:16",572
"2019-07-05 02:41:17",572
"2019-07-05 03:41:18",572
"2019-07-05 04:41:15",572
"2019-07-05 05:41:18",572
"2019-07-05 06:41:19",572
"2019-07-05 07:41:16",572
"2019-07-05 08:41:16",572
"2019-07-05 09:41:16",572
"2019-07-05 10:41:17",572
"2019-07-05 11:41:22",572
"2019-07-05 12:41:16",572
"2019-07-05 13:41:21",572
"2019-07-05 14:41:17",572
"2019-07-05 15:41:16",572
"2019-07-05 16:41:19",572
"2019-07-05 17:41:16",572
"2019-07-05 18:41:16",573
"2019-07-05 19:41:16",571
"2019-07-05 20:41:17",571
"2019-07-05 21:41:18",571
"2019-07-05 22:41:19",571
"2019-07-05 23:41:16",571
"2019-07-06 00:41:17",571
"2019-07-06 01:41:18",571
"2019-07-06 02:41:19",571
"2019-07-06 03:41:17",571
"2019-07-06 04:41:16",571
"2019-07-06 05:41:18",571
"2019-07-06 06:41:18",571
"2019-07-06 07:41:15",571
"2019-07-06 08:41:16",571
"2019-07-06 09:41:16",571
"2019-07-06 10:41:16",571
"2019-07-06 11:41:33",571
"2019-07-06 12:41:17",571
"2019-07-06 13:41:16",571
"2019-07-06 14:41:16",571
"2019-07-06 15:41:14",571
"2019-07-06 16:41:18",571
"2019-07-06 17:41:18",571
"2019-07-06 18:41:16",571
"2019-07-06 19:41:17",571
"2019-07-06 20:41:15",571
"2019-07-06 21:41:16",571
"2019-07-06 22:41:16",571
"2019-07-06 23:41:16",571
"2019-07-07 00:41:16",571
"2019-07-07 01:41:16",571
"2019-07-07 02:41:18",571
"2019-07-07 03:41:16",571
"2019-07-07 04:41:17",571
"2019-07-07 05:41:19",571
"2019-07-07 06:41:15",571
"2019-07-07 07:41:16",571
"2019-07-07 08:41:17",571
"2019-07-07 09:41:16",571
"2019-07-07 10:41:18",571
"2019-07-07 11:41:15",571
"2019-07-07 12:41:15",571
"2019-07-07 13:41:14",571
"2019-07-07 14:41:15",571
"2019-07-07 15:41:16",571
"2019-07-07 16:41:17",571
"2019-07-07 17:41:16",571
"2019-07-07 18:41:16",571
"2019-07-07 19:41:15",571
"2019-07-07 20:41:15",571
"2019-07-07 21:41:15",571
"2019-07-07 22:41:17",571
"2019-07-07 23:41:15",571
"2019-07-08 00:41:15",571
"2019-07-08 01:41:18",571
"2019-07-08 02:41:16",571
"2019-07-08 03:41:17",571
"2019-07-08 04:41:16",571
"2019-07-08 05:41:15",571
"2019-07-08 06:41:17",571
"2019-07-08 07:41:19",571
"2019-07-08 08:41:17",571
"2019-07-08 09:41:21",571
"2019-07-08 10:41:23",571
"2019-07-08 11:41:24",571
"2019-07-08 12:41:17",571
"2019-07-08 13:41:17",571
"2019-07-08 14:41:17",571
"2019-07-08 15:41:17",572
"2019-07-08 16:41:18",574
"2019-07-08 17:41:16",574
"2019-07-08 18:41:17",574
"2019-07-08 19:41:16",574
"2019-07-08 20:41:17",577
"2019-07-08 21:41:17",578
"2019-07-08 22:41:17",578
"2019-07-08 23:41:16",578
"2019-07-09 00:41:16",578
"2019-07-09 01:41:16",578
"2019-07-09 02:41:22",578
"2019-07-09 03:41:18",578
"2019-07-09 04:41:17",578
"2019-07-09 05:41:21",578
"2019-07-09 06:41:18",578
"2019-07-09 07:41:19",578
"2019-07-09 08:41:16",578
"2019-07-09 09:41:16",578
"2019-07-09 10:41:16",578
"2019-07-09 11:41:17",578
"2019-07-09 13:04:19",578
"2019-07-09 13:41:16",578
"2019-07-09 14:41:16",576
"2019-07-09 15:41:18",576
"2019-07-09 16:41:16",576
"2019-07-09 17:41:16",577
"2019-07-09 18:41:17",579
"2019-07-09 19:41:17",579
"2019-07-09 20:41:17",577
"2019-07-09 21:41:16",577
"2019-07-09 22:41:15",577
"2019-07-09 23:41:17",577
"2019-07-10 00:41:16",577
"2019-07-10 01:41:18",577
"2019-07-10 02:41:16",577
"2019-07-10 03:41:16",577
"2019-07-10 04:41:16",577
"2019-07-10 05:41:19",577
"2019-07-10 06:41:18",577
"2019-07-10 07:41:15",577
"2019-07-10 08:41:15",577
"2019-07-10 09:41:15",577
"2019-07-10 10:41:16",577
"2019-07-10 11:41:17",577
"2019-07-10 12:41:19",577
"2019-07-10 13:41:17",577
"2019-07-10 14:41:16",577
"2019-07-10 15:41:18",577
"2019-07-10 16:41:19",577
"2019-07-10 17:41:16",576
"2019-07-10 18:41:16",575
"2019-07-10 19:41:16",575
"2019-07-10 20:41:16",575
"2019-07-10 21:41:16",575
"2019-07-10 22:41:18",575
"2019-07-10 23:41:15",575
"2019-07-11 00:41:16",575
"2019-07-11 01:41:17",575
"2019-07-11 02:41:21",575
"2019-07-11 03:41:19",575
"2019-07-11 04:41:19",575
"2019-07-11 05:41:18",575
"2019-07-11 06:41:18",575
"2019-07-11 07:41:17",575
"2019-07-11 08:41:18",575
"2019-07-11 09:41:16",575
"2019-07-11 10:41:17",575
"2019-07-11 11:41:16",575
"2019-07-11 12:41:16",575
"2019-07-11 13:41:16",575
"2019-07-11 14:41:17",575
"2019-07-11 15:41:16",575
"2019-07-11 16:41:17",576
"2019-07-11 17:41:16",577
"2019-07-11 18:41:17",578
"2019-07-11 19:41:16",578
"2019-07-11 20:41:16",578
"2019-07-11 21:41:21",578
"2019-07-11 22:41:15",578
"2019-07-11 23:41:17",578
"2019-07-12 00:41:16",578
"2019-07-12 01:41:17",578
"2019-07-12 02:41:16",578
"2019-07-12 03:41:16",578
"2019-07-12 04:41:15",578
"2019-07-12 05:41:18",578
"2019-07-12 06:41:20",578
"2019-07-12 07:41:16",578
"2019-07-12 08:41:16",578
"2019-07-12 09:41:18",578
"2019-07-12 10:41:18",578
"2019-07-12 11:41:15",578
"2019-07-12 13:04:50",578
"2019-07-12 13:41:17",578
"2019-07-12 14:41:16",580
"2019-07-12 15:41:28",580
"2019-07-12 16:41:18",580
"2019-07-12 17:41:20",585
"2019-07-12 18:41:17",588
"2019-07-12 19:41:15",591
"2019-07-12 20:41:15",591
"2019-07-12 21:41:16",595
"2019-07-12 22:41:23",595
"2019-07-12 23:41:17",595
"2019-07-13 00:41:16",595
"2019-07-13 01:41:17",595
"2019-07-13 02:41:18",595
"2019-07-13 03:41:15",595
"2019-07-13 04:41:16",595
"2019-07-13 05:41:16",595
"2019-07-13 06:41:16",595
"2019-07-13 07:41:16",595
"2019-07-13 08:41:15",595
"2019-07-13 09:41:17",595
"2019-07-13 10:41:17",595
"2019-07-13 11:41:18",595
"2019-07-13 12:41:18",595
"2019-07-13 13:41:16",595
"2019-07-13 14:41:16",595
"2019-07-13 15:41:17",595
"2019-07-13 16:41:31",595
"2019-07-13 17:41:18",595
"2019-07-13 18:41:19",595
"2019-07-13 19:41:19",595
"2019-07-13 20:41:20",595
"2019-07-13 21:41:18",595
"2019-07-13 22:41:17",595
"2019-07-13 23:41:17",595
"2019-07-14 00:41:16",595
"2019-07-14 01:41:24",595
"2019-07-14 02:41:17",595
"2019-07-14 03:41:17",595
"2019-07-14 04:41:17",595
"2019-07-14 05:41:17",595
"2019-07-14 06:41:18",595
"2019-07-14 07:41:16",595
"2019-07-14 08:41:17",595
"2019-07-14 09:41:15",595
"2019-07-14 10:41:16",595
"2019-07-14 11:41:17",595
"2019-07-14 12:41:16",595
"2019-07-14 13:41:17",595
"2019-07-14 14:41:16",595
"2019-07-14 15:41:17",595
"2019-07-14 16:41:20",595
"2019-07-14 17:41:16",595
"2019-07-14 18:41:16",595
"2019-07-14 19:41:16",595
"2019-07-14 20:41:22",595
"2019-07-14 21:41:15",595
"2019-07-14 22:41:16",595
"2019-07-14 23:41:16",595
"2019-07-15 00:41:16",595
"2019-07-15 01:41:15",595
"2019-07-15 02:41:16",595
"2019-07-15 03:41:16",595
"2019-07-15 04:41:16",595
"2019-07-15 05:41:18",595
"2019-07-15 06:41:20",595
"2019-07-15 07:41:17",595
"2019-07-15 08:41:15",595
"2019-07-15 09:41:16",595
"2019-07-15 10:41:16",595
"2019-07-15 11:41:15",595
"2019-07-15 13:05:20",596
"2019-07-15 13:41:17",596
"2019-07-15 14:41:16",595
"2019-07-15 15:41:16",605
"2019-07-15 16:41:24",608
"2019-07-15 17:41:17",613
"2019-07-15 18:41:16",619
"2019-07-15 19:41:16",621
"2019-07-15 20:41:17",623
"2019-07-15 21:41:17",623
"2019-07-15 22:41:20",624
"2019-07-15 23:41:16",624
"2019-07-16 00:41:16",624
"2019-07-16 01:41:16",624
"2019-07-16 02:41:21",624
"2019-07-16 03:41:16",624
"2019-07-16 04:41:16",624
"2019-07-16 05:41:20",624
"2019-07-16 06:41:19",624
"2019-07-16 07:41:16",624
"2019-07-16 08:41:17",624
"2019-07-16 09:41:16",624
"2019-07-16 10:41:17",624
"2019-07-16 11:41:16",624
"2019-07-16 13:05:19",624
"2019-07-16 13:41:17",624
"2019-07-16 14:41:16",619
"2019-07-16 15:41:23",609
"2019-07-16 16:41:17",607
"2019-07-16 17:41:18",607
"2019-07-16 18:41:17",605
"2019-07-16 19:41:16",603
"2019-07-16 20:41:25",603
"2019-07-16 21:41:17",602
"2019-07-16 22:41:17",602
"2019-07-16 23:41:17",602
"2019-07-17 00:41:16",602
"2019-07-17 01:41:16",602
"2019-07-17 02:41:18",602
"2019-07-17 03:41:16",602
"2019-07-17 04:41:17",602
"2019-07-17 05:41:28",602
"2019-07-17 06:41:19",602
"2019-07-17 07:41:20",602
"2019-07-17 08:41:17",602
"2019-07-17 09:41:16",602
"2019-07-17 10:41:17",602
"2019-07-17 11:41:16",602
"2019-07-17 13:04:50",602
"2019-07-17 13:41:17",602
"2019-07-17 14:41:18",601
"2019-07-17 15:41:21",601
"2019-07-17 16:41:20",605
"2019-07-17 17:41:16",610
"2019-07-17 18:41:16",626
"2019-07-17 19:41:15",628
"2019-07-17 20:41:16",626
"2019-07-17 21:41:15",626
"2019-07-17 22:41:16",626
"2019-07-17 23:41:16",626
"2019-07-18 00:41:15",626
"2019-07-18 01:41:17",626
"2019-07-18 02:41:17",626
"2019-07-18 03:41:17",626
"2019-07-18 04:41:16",626
"2019-07-18 05:41:18",626
"2019-07-18 06:41:19",626
"2019-07-18 07:41:15",626
"2019-07-18 08:41:19",626
"2019-07-18 09:41:16",626
"2019-07-18 10:41:16",626
"2019-07-18 11:41:15",626
"2019-07-18 13:05:21",626
"2019-07-18 13:41:16",626
"2019-07-18 14:41:16",623
"2019-07-18 15:41:16",620
"2019-07-18 16:41:20",619
"2019-07-18 17:41:17",617
"2019-07-18 18:41:17",614
"2019-07-18 19:41:18",624
"2019-07-18 20:41:17",627
"2019-07-18 21:41:17",628
"2019-07-18 22:41:17",628
"2019-07-18 23:41:18",628
"2019-07-19 00:41:16",628
"2019-07-19 01:41:17",628
"2019-07-19 02:41:18",628
"2019-07-19 03:41:17",628
"2019-07-19 04:41:17",628
"2019-07-19 05:41:31",628
"2019-07-19 06:41:18",628
"2019-07-19 07:41:19",628
"2019-07-19 08:41:17",628
"2019-07-19 09:41:16",628
"2019-07-19 10:41:16",628
"2019-07-19 11:41:16",628
"2019-07-19 13:04:50",628
"2019-07-19 13:41:17",628
"2019-07-19 14:41:16",624
"2019-07-19 15:41:18",621
"2019-07-19 16:41:18",619
"2019-07-19 17:41:18",621
"2019-07-19 18:41:18",630
"2019-07-19 19:41:17",630
"2019-07-19 20:41:18",628
"2019-07-19 21:41:17",630
"2019-07-19 22:41:18",629
"2019-07-19 23:41:17",629
"2019-07-20 00:41:17",629
"2019-07-20 01:41:23",629
"2019-07-20 02:41:24",629
"2019-07-20 03:41:17",629
"2019-07-20 04:41:26",629
"2019-07-20 05:41:21",629
"2019-07-20 06:41:18",629
"2019-07-20 07:41:17",629
"2019-07-20 08:41:18",629
"2019-07-20 09:41:16",629
"2019-07-20 10:41:16",629
"2019-07-20 11:41:17",629
"2019-07-20 12:41:17",629
"2019-07-20 13:41:17",629
"2019-07-20 14:41:16",629
"2019-07-20 15:41:17",629
"2019-07-20 16:41:18",629
"2019-07-20 17:41:17",629
"2019-07-20 18:41:17",629
"2019-07-20 19:41:18",629
"2019-07-20 20:41:16",629
"2019-07-20 21:41:18",629
"2019-07-20 22:41:15",629
"2019-07-20 23:41:17",629
"2019-07-21 00:41:18",629
"2019-07-21 01:41:17",629
"2019-07-21 02:41:18",629
"2019-07-21 03:41:17",629
"2019-07-21 04:41:17",629
"2019-07-21 05:41:23",629
"2019-07-21 06:41:23",629
"2019-07-21 07:41:16",629
"2019-07-21 08:41:18",629
"2019-07-21 09:41:18",629
"2019-07-21 10:41:24",629
"2019-07-21 11:41:17",629
"2019-07-21 12:41:17",629
"2019-07-21 13:41:18",629
"2019-07-21 14:41:17",629
"2019-07-21 15:41:17",629
"2019-07-21 16:41:17",629
"2019-07-21 17:41:17",629
"2019-07-21 18:41:17",629
"2019-07-21 19:41:18",629
"2019-07-21 20:41:18",629
"2019-07-21 21:41:18",629
"2019-07-21 22:41:16",629
"2019-07-21 23:41:17",629
"2019-07-22 00:41:17",629
"2019-07-22 01:41:18",629
"2019-07-22 02:41:17",629
"2019-07-22 03:41:17",629
"2019-07-22 04:41:17",629
"2019-07-22 05:41:21",629
"2019-07-22 06:41:23",629
"2019-07-22 07:41:16",629
"2019-07-22 08:41:17",629
"2019-07-22 09:41:17",629
"2019-07-22 10:41:16",629
"2019-07-22 11:41:20",629
"2019-07-22 12:41:20",629
"2019-07-22 13:41:17",629
"2019-07-22 14:41:18",625
"2019-07-22 15:41:17",625
"2019-07-22 16:41:19",619
"2019-07-22 17:41:18",622
"2019-07-22 18:41:21",623
"2019-07-22 19:41:18",623
"2019-07-22 20:41:19",625
"2019-07-22 21:41:20",625
"2019-07-22 22:41:17",625
"2019-07-22 23:41:17",625
"2019-07-23 00:41:17",625
"2019-07-23 01:41:16",625
"2019-07-23 02:41:19",625
"2019-07-23 03:41:18",625
"2019-07-23 04:41:18",625
"2019-07-23 05:41:20",625
"2019-07-23 06:41:22",625
"2019-07-23 07:41:17",625
"2019-07-23 08:41:16",625
"2019-07-23 09:41:18",625
"2019-07-23 10:41:19",625
"2019-07-23 11:41:18",625
"2019-07-23 13:04:21",625
"2019-07-23 13:41:18",625
"2019-07-23 14:41:18",624
"2019-07-23 15:41:23",622
"2019-07-23 16:41:18",622
"2019-07-23 17:41:17",621
"2019-07-23 18:41:18",621
"2019-07-23 19:41:18",620
"2019-07-23 20:41:17",621
"2019-07-23 21:41:18",620
"2019-07-23 22:41:19",620
"2019-07-23 23:41:18",620
"2019-07-24 00:41:18",620
"2019-07-24 01:41:18",620
"2019-07-24 02:41:23",620
"2019-07-24 03:41:18",620
"2019-07-24 04:41:18",620
"2019-07-24 05:41:18",620
"2019-07-24 06:41:16",620
"2019-07-24 07:41:17",620
"2019-07-24 08:41:17",620
"2019-07-24 09:41:18",620
"2019-07-24 10:41:19",620
"2019-07-24 11:41:17",620
"2019-07-24 13:03:51",620
"2019-07-24 13:41:18",620
"2019-07-24 14:41:17",620
"2019-07-24 15:41:19",618
"2019-07-24 16:41:18",618
"2019-07-24 17:41:16",617
"2019-07-24 18:41:19",616
"2019-07-24 19:41:17",616
"2019-07-24 20:41:18",617
"2019-07-24 21:41:17",617
"2019-07-24 22:41:17",617
"2019-07-24 23:41:17",617
"2019-07-25 00:41:17",617
"2019-07-25 01:41:21",617
"2019-07-25 02:41:28",617
"2019-07-25 03:41:18",617
"2019-07-25 04:41:17",617
"2019-07-25 05:41:22",617
"2019-07-25 06:41:20",617
"2019-07-25 07:41:18",617
"2019-07-25 08:41:18",617
"2019-07-25 09:41:17",617
"2019-07-25 10:41:26",617
"2019-07-25 11:41:17",617
"2019-07-25 13:04:23",617
"2019-07-25 13:41:20",617
"2019-07-25 14:41:20",617
"2019-07-25 15:41:18",614
"2019-07-25 16:41:21",614
"2019-07-25 17:41:19",615
"2019-07-25 18:41:26",613
"2019-07-25 19:41:22",612
"2019-07-25 20:41:22",612
"2019-07-25 21:41:21",613
"2019-07-25 22:41:19",614
"2019-07-25 23:41:19",614
"2019-07-26 00:41:29",614
"2019-07-26 01:41:19",614
"2019-07-26 02:41:21",614
"2019-07-26 03:41:20",614
"2019-07-26 04:41:23",614
"2019-07-26 05:41:24",614
"2019-07-26 06:41:31",614
"2019-07-26 07:41:25",614
"2019-07-26 08:41:18",614
"2019-07-26 09:41:18",614
"2019-07-26 10:41:20",614
"2019-07-26 11:41:22",614
"2019-07-26 13:06:22",614
"2019-07-26 13:41:19",614
"2019-07-26 14:41:20",611
"2019-07-26 15:41:19",611
"2019-07-26 16:41:20",612
"2019-07-26 17:41:21",616
"2019-07-26 18:41:19",616
"2019-07-26 19:41:19",616
"2019-07-26 20:41:18",618
"2019-07-26 21:41:18",618
"2019-07-26 22:41:18",619
"2019-07-26 23:41:17",619
"2019-07-27 00:41:18",619
"2019-07-27 01:41:19",619
"2019-07-27 02:41:20",619
"2019-07-27 03:41:19",619
"2019-07-27 04:41:18",619
"2019-07-27 05:41:18",619
"2019-07-27 06:41:19",619
"2019-07-27 07:41:18",619
"2019-07-27 08:41:18",619
"2019-07-27 09:41:18",619
"2019-07-27 10:41:20",619
"2019-07-27 11:41:18",619
"2019-07-27 12:41:19",619
"2019-07-27 13:41:17",619
"2019-07-27 14:41:19",619
"2019-07-27 15:41:20",619
"2019-07-27 16:41:24",619
"2019-07-27 17:41:22",619
"2019-07-27 18:41:19",619
"2019-07-27 19:41:20",619
"2019-07-27 20:41:20",619
"2019-07-27 21:41:20",619
"2019-07-27 22:41:18",619
"2019-07-27 23:41:18",619
"2019-07-28 00:41:18",619
"2019-07-28 01:41:17",619
"2019-07-28 02:41:17",619
"2019-07-28 03:41:17",619
"2019-07-28 04:41:18",619
"2019-07-28 05:41:17",619
"2019-07-28 06:41:17",619
"2019-07-28 07:41:18",619
"2019-07-28 08:41:17",619
"2019-07-28 09:41:17",619
"2019-07-28 10:41:17",619
"2019-07-28 11:41:17",619
"2019-07-28 12:41:18",619
"2019-07-28 13:41:18",619
"2019-07-28 14:41:18",619
"2019-07-28 15:41:17",619
"2019-07-28 16:41:19",619
"2019-07-28 17:41:18",619
"2019-07-28 18:41:18",619
"2019-07-28 19:41:17",619
"2019-07-28 20:41:17",619
"2019-07-28 21:41:17",619
"2019-07-28 22:41:18",619
"2019-07-28 23:41:19",619
"2019-07-29 00:41:18",619
"2019-07-29 01:41:18",619
"2019-07-29 02:41:18",619
"2019-07-29 03:41:18",619
"2019-07-29 04:41:19",619
"2019-07-29 05:41:21",619
"2019-07-29 06:41:24",619
"2019-07-29 07:41:19",619
"2019-07-29 08:41:18",619
"2019-07-29 09:41:18",619
"2019-07-29 10:41:19",619
"2019-07-29 11:41:18",619
"2019-07-29 13:05:21",619
"2019-07-29 13:41:19",619
"2019-07-29 14:41:18",617
"2019-07-29 15:41:18",617
"2019-07-29 16:41:19",618
"2019-07-29 17:41:18",618
"2019-07-29 18:41:19",618
"2019-07-29 19:41:18",619
"2019-07-29 20:41:18",620
"2019-07-29 21:41:17",620
"2019-07-29 22:41:19",620
"2019-07-29 23:41:18",620
"2019-07-30 00:41:18",620
"2019-07-30 01:41:18",620
"2019-07-30 02:41:18",620
"2019-07-30 03:41:18",620
"2019-07-30 04:41:17",620
"2019-07-30 05:41:17",620
"2019-07-30 06:41:19",620
"2019-07-30 07:41:24",620
"2019-07-30 08:41:18",620
"2019-07-30 09:41:18",620
"2019-07-30 10:41:17",620
"2019-07-30 11:41:20",620
"2019-07-30 12:41:18",620
"2019-07-30 13:41:18",620
"2019-07-30 14:41:19",619
"2019-07-30 15:41:19",620
"2019-07-30 16:41:19",620
"2019-07-30 17:41:21",617
"2019-07-30 18:41:21",616
"2019-07-30 19:41:21",616
"2019-07-30 20:41:20",616
"2019-07-30 21:41:19",617
"2019-07-30 22:41:20",617
"2019-07-30 23:41:19",617
"2019-07-31 00:41:19",617
"2019-07-31 01:41:19",617
"2019-07-31 02:41:19",617
"2019-07-31 03:41:19",617
"2019-07-31 04:41:19",617
"2019-07-31 05:41:23",617
"2019-07-31 06:41:20",617
"2019-07-31 07:41:18",617
"2019-07-31 08:41:19",617
"2019-07-31 09:41:19",617
"2019-07-31 10:41:18",617
"2019-07-31 11:41:17",617
"2019-07-31 13:05:24",616
"2019-07-31 13:41:19",616
"2019-07-31 14:41:20",617
"2019-07-31 15:41:19",617
"2019-07-31 16:41:22",617
"2019-07-31 17:41:19",617
"2019-07-31 18:41:19",617
"2019-07-31 19:41:19",616
"2019-07-31 20:41:20",615
"2019-07-31 21:41:20",615
"2019-07-31 22:41:18",615
"2019-07-31 23:41:19",615
"2019-08-01 00:41:19",615
"2019-08-01 01:41:27",615
"2019-08-01 02:41:21",615
"2019-08-01 03:41:19",615
"2019-08-01 04:41:18",615
"2019-08-01 05:41:21",615
"2019-08-01 06:41:21",615
"2019-08-01 07:41:21",615
"2019-08-01 08:41:18",615
"2019-08-01 09:41:19",615
"2019-08-01 10:41:19",615
"2019-08-01 11:41:17",615
"2019-08-01 13:03:51",615
"2019-08-01 13:41:20",615
"2019-08-01 14:41:19",614
"2019-08-01 15:41:25",610
"2019-08-01 16:41:24",608
"2019-08-01 17:41:21",608
"2019-08-01 18:41:18",608
"2019-08-01 19:41:18",606
"2019-08-01 20:41:18",612
"2019-08-01 21:41:19",612
"2019-08-01 22:41:17",612
"2019-08-01 23:41:20",612
"2019-08-02 00:41:18",612
"2019-08-02 01:41:18",612
"2019-08-02 02:41:18",612
"2019-08-02 03:41:18",612
"2019-08-02 04:41:19",612
"2019-08-02 05:41:21",612
"2019-08-02 06:41:19",612
"2019-08-02 07:41:17",612
"2019-08-02 08:41:18",612
"2019-08-02 09:41:19",612
"2019-08-02 10:41:25",612
"2019-08-02 11:41:18",612
"2019-08-02 13:05:24",612
"2019-08-02 13:41:21",612
"2019-08-02 14:41:21",611
"2019-08-02 15:41:20",612
"2019-08-02 16:41:19",612
"2019-08-02 17:41:19",612
"2019-08-02 18:41:20",612
"2019-08-02 19:41:21",612
"2019-08-02 20:41:20",612
"2019-08-02 21:41:19",612
"2019-08-02 22:41:19",612
"2019-08-02 23:41:20",612
"2019-08-03 00:41:20",612
"2019-08-03 01:41:19",612
"2019-08-03 02:41:20",612
"2019-08-03 03:41:20",612
"2019-08-03 04:41:19",612
"2019-08-03 05:41:23",612
"2019-08-03 06:41:20",612
"2019-08-03 07:41:18",612
"2019-08-03 08:41:20",612
"2019-08-03 09:41:19",612
"2019-08-03 10:41:19",612
"2019-08-03 11:41:19",612
"2019-08-03 12:41:20",612
"2019-08-03 13:41:20",612
"2019-08-03 14:41:19",612
"2019-08-03 15:41:18",612
"2019-08-03 16:41:19",612
"2019-08-03 17:41:20",612
"2019-08-03 18:41:20",612
"2019-08-03 19:41:19",612
"2019-08-03 20:41:18",612
"2019-08-03 21:41:18",612
"2019-08-03 22:41:19",612
"2019-08-03 23:41:19",612
"2019-08-04 00:41:19",612
"2019-08-04 01:41:19",612
"2019-08-04 02:41:24",612
"2019-08-04 03:41:20",612
"2019-08-04 04:41:19",612
"2019-08-04 05:41:22",612
"2019-08-04 06:41:19",612
"2019-08-04 07:41:19",612
"2019-08-04 08:41:20",612
"2019-08-04 09:41:19",612
"2019-08-04 10:41:19",612
"2019-08-04 11:41:17",612
"2019-08-04 12:41:19",612
"2019-08-04 13:41:19",612
"2019-08-04 14:41:19",612
"2019-08-04 15:41:19",612
"2019-08-04 16:41:19",612
"2019-08-04 17:41:20",612
"2019-08-04 18:41:20",612
"2019-08-04 19:41:19",612
"2019-08-04 20:41:19",612
"2019-08-04 21:41:20",612
"2019-08-04 22:41:20",612
"2019-08-04 23:41:19",612
"2019-08-05 00:41:19",612
"2019-08-05 01:41:20",612
"2019-08-05 02:41:22",612
"2019-08-05 03:41:20",612
"2019-08-05 04:41:20",612
"2019-08-05 05:41:20",612
"2019-08-05 06:41:19",612
"2019-08-05 07:41:22",612
"2019-08-05 08:41:20",612
"2019-08-05 09:41:21",612
"2019-08-05 10:41:19",612
"2019-08-05 11:41:19",612
"2019-08-05 13:05:54",612
"2019-08-05 13:41:20",612
"2019-08-05 14:41:21",613
"2019-08-05 15:41:19",613
"2019-08-05 16:41:20",615
"2019-08-05 17:41:21",619
"2019-08-05 18:41:21",618
"2019-08-05 19:41:20",618
"2019-08-05 20:41:19",618
"2019-08-05 21:41:20",618
"2019-08-05 22:41:20",618
"2019-08-05 23:41:21",618
"2019-08-06 00:41:29",618
"2019-08-06 01:41:21",618
"2019-08-06 02:41:20",618
"2019-08-06 03:41:19",618
"2019-08-06 04:41:20",618
"2019-08-06 05:41:21",618
"2019-08-06 06:41:19",618
"2019-08-06 07:41:19",618
"2019-08-06 08:41:19",618
"2019-08-06 09:41:24",618
"2019-08-06 10:41:18",618
"2019-08-06 11:41:18",618
"2019-08-06 12:41:20",618
"2019-08-06 13:41:20",618
"2019-08-06 14:41:19",619
"2019-08-06 15:41:20",620
"2019-08-06 16:41:21",619
"2019-08-06 17:41:20",619
"2019-08-06 18:41:19",619
"2019-08-06 19:41:19",619
"2019-08-06 20:41:20",618
"2019-08-06 21:41:19",618
"2019-08-06 22:41:18",618
"2019-08-06 23:41:20",618
"2019-08-07 00:41:20",618
"2019-08-07 01:41:21",618
"2019-08-07 02:41:22",618
"2019-08-07 03:41:20",618
"2019-08-07 04:41:19",618
"2019-08-07 05:41:21",618
"2019-08-07 06:41:23",618
"2019-08-07 07:41:18",618
"2019-08-07 08:41:20",618
"2019-08-07 09:41:19",618
"2019-08-07 10:41:27",618
"2019-08-07 11:41:19",618
"2019-08-07 12:41:20",618
"2019-08-07 13:41:21",618
"2019-08-07 14:41:20",618
"2019-08-07 15:41:20",619
"2019-08-07 16:41:20",619
"2019-08-07 17:41:20",619
"2019-08-07 18:41:20",620
"2019-08-07 19:41:20",620
"2019-08-07 20:41:19",619
"2019-08-07 21:41:20",619
"2019-08-07 22:41:19",619
"2019-08-07 23:41:20",619
"2019-08-08 00:41:20",619
"2019-08-08 01:41:20",619
"2019-08-08 02:41:25",619
"2019-08-08 03:41:19",619
"2019-08-08 04:41:19",619
"2019-08-08 05:41:19",619
"2019-08-08 06:41:22",619
"2019-08-08 07:41:19",619
"2019-08-08 08:41:19",619
"2019-08-08 09:41:19",619
"2019-08-08 10:41:22",619
"2019-08-08 11:41:19",619
"2019-08-08 12:41:21",619
"2019-08-08 13:41:20",619
"2019-08-08 14:41:20",616
"2019-08-08 15:41:20",616
"2019-08-08 16:41:21",616
"2019-08-08 17:41:20",616
"2019-08-08 18:41:20",615
"2019-08-08 19:41:20",615
"2019-08-08 20:41:20",615
"2019-08-08 21:41:21",615
"2019-08-08 22:41:20",615
"2019-08-08 23:41:21",615
"2019-08-09 00:41:21",615
"2019-08-09 01:41:21",615
"2019-08-09 02:41:21",615
"2019-08-09 03:41:20",615
"2019-08-09 04:41:22",615
"2019-08-09 05:41:23",615
"2019-08-09 06:41:22",615
"2019-08-09 07:41:23",615
"2019-08-09 08:41:22",615
"2019-08-09 09:41:27",615
"2019-08-09 10:41:22",615
"2019-08-09 11:41:21",615
"2019-08-09 13:05:25",615
"2019-08-09 13:41:22",615
"2019-08-09 14:41:24",615
"2019-08-09 15:41:20",614
"2019-08-09 16:41:26",615
"2019-08-09 17:41:20",615
"2019-08-09 18:41:21",617
"2019-08-09 19:41:21",618
"2019-08-09 20:41:20",614
"2019-08-09 21:41:22",614
"2019-08-09 22:41:21",614
"2019-08-09 23:41:23",614
"2019-08-10 00:41:22",614
"2019-08-10 01:41:21",614
"2019-08-10 02:41:30",614
"2019-08-10 03:41:21",614
"2019-08-10 04:41:21",614
"2019-08-10 05:41:23",614
"2019-08-10 06:41:21",614
"2019-08-10 07:41:20",614
"2019-08-10 08:41:20",614
"2019-08-10 09:41:21",614
"2019-08-10 10:41:22",614
"2019-08-10 11:41:20",614
"2019-08-10 12:41:22",614
"2019-08-10 13:41:22",614
"2019-08-10 14:41:20",614
"2019-08-10 15:41:20",614
"2019-08-10 16:41:28",614
"2019-08-10 17:41:21",614
"2019-08-10 18:41:20",614
"2019-08-10 19:41:21",614
"2019-08-10 20:41:21",614
"2019-08-10 21:41:19",614
"2019-08-10 22:41:20",614
"2019-08-10 23:41:20",614
"2019-08-11 00:41:19",614
"2019-08-11 01:41:20",614
"2019-08-11 02:41:29",614
"2019-08-11 03:41:21",614
"2019-08-11 04:41:20",614
"2019-08-11 05:41:22",614
"2019-08-11 06:41:20",614
"2019-08-11 07:41:21",614
"2019-08-11 08:41:20",614
"2019-08-11 09:41:20",614
"2019-08-11 10:41:20",614
"2019-08-11 11:41:21",614
"2019-08-11 12:41:21",614
"2019-08-11 13:41:21",614
"2019-08-11 14:41:21",614
"2019-08-11 15:41:20",614
"2019-08-11 16:41:21",614
"2019-08-11 17:41:21",614
"2019-08-11 18:41:21",614
"2019-08-11 19:41:21",614
"2019-08-11 20:41:22",614
"2019-08-11 21:41:22",614
"2019-08-11 22:41:22",614
"2019-08-11 23:41:22",614
"2019-08-12 00:41:22",614
"2019-08-12 01:41:23",614
"2019-08-12 02:41:24",614
"2019-08-12 03:41:22",614
"2019-08-12 04:41:21",614
"2019-08-12 05:41:26",614
"2019-08-12 06:41:29",614
"2019-08-12 07:41:21",614
"2019-08-12 08:41:23",614
"2019-08-12 09:41:21",614
"2019-08-12 10:41:26",614
"2019-08-12 11:41:21",614
"2019-08-12 12:41:24",614
"2019-08-12 13:41:29",614
"2019-08-12 14:41:21",614
"2019-08-12 15:41:21",612
"2019-08-12 16:41:30",612
"2019-08-12 17:41:22",612
"2019-08-12 18:41:20",611
"2019-08-12 19:41:20",611
"2019-08-12 20:41:21",611
"2019-08-12 21:41:21",611
"2019-08-12 22:41:21",611
"2019-08-12 23:41:21",611
"2019-08-13 00:41:20",611
"2019-08-13 01:41:22",611
"2019-08-13 02:41:24",611
"2019-08-13 03:41:22",611
"2019-08-13 04:41:19",611
"2019-08-13 05:41:23",611
"2019-08-13 06:41:20",611
"2019-08-13 07:41:21",611
"2019-08-13 08:41:19",611
"2019-08-13 09:41:22",611
"2019-08-13 10:41:22",611
"2019-08-13 11:41:22",611
"2019-08-13 12:41:23",611
"2019-08-13 13:41:22",611
"2019-08-13 14:41:21",612
"2019-08-13 15:41:26",613
"2019-08-13 16:41:23",612
"2019-08-13 17:41:21",613
"2019-08-13 18:41:22",613
"2019-08-13 19:41:21",614
"2019-08-13 20:41:22",611
"2019-08-13 21:41:21",611
"2019-08-13 22:41:28",611
"2019-08-13 23:41:21",611
"2019-08-14 00:41:24",611
"2019-08-14 01:41:22",611
"2019-08-14 02:41:22",611
"2019-08-14 03:41:21",611
"2019-08-14 04:41:20",611
"2019-08-14 05:41:27",611
"2019-08-14 06:41:21",611
"2019-08-14 07:41:20",611
"2019-08-14 08:41:20",611
"2019-08-14 09:41:22",611
"2019-08-14 10:41:19",611
"2019-08-14 11:41:20",611
"2019-08-14 13:04:27",611
"2019-08-14 13:41:23",611
"2019-08-14 14:41:24",611
"2019-08-14 15:41:24",611
"2019-08-14 16:41:22",610
"2019-08-14 17:41:21",610
"2019-08-14 18:41:23",610
"2019-08-14 19:41:23",609
"2019-08-14 20:41:21",609
"2019-08-14 21:41:25",609
"2019-08-14 22:41:22",609
"2019-08-14 23:41:21",609
"2019-08-15 00:41:22",609
"2019-08-15 01:41:22",609
"2019-08-15 02:41:24",609
"2019-08-15 03:41:23",609
"2019-08-15 04:41:22",609
"2019-08-15 05:41:25",609
"2019-08-15 06:41:21",609
"2019-08-15 07:41:21",609
"2019-08-15 08:41:36",609
"2019-08-15 09:41:22",609
"2019-08-15 10:41:21",609
"2019-08-15 11:41:21",609
"2019-08-15 13:04:26",609
"2019-08-15 13:41:27",609
"2019-08-15 14:41:22",608
"2019-08-15 15:41:21",607
"2019-08-15 16:41:28",607
"2019-08-15 17:41:20",607
"2019-08-15 18:41:22",607
"2019-08-15 19:41:20",607
"2019-08-15 20:41:22",602
"2019-08-15 21:41:21",602
"2019-08-15 22:41:20",603
"2019-08-15 23:41:24",603
"2019-08-16 00:41:21",603
"2019-08-16 01:41:29",603
"2019-08-16 02:41:23",603
"2019-08-16 03:41:22",603
"2019-08-16 04:41:20",603
"2019-08-16 05:41:36",603
"2019-08-16 06:41:20",603
"2019-08-16 07:41:21",603
"2019-08-16 08:41:21",603
"2019-08-16 09:41:20",603
"2019-08-16 10:41:21",603
"2019-08-16 11:41:20",603
"2019-08-16 12:41:20",603
"2019-08-16 13:41:23",603
"2019-08-16 14:41:22",604
"2019-08-16 15:41:22",602
"2019-08-16 16:41:22",600
"2019-08-16 18:41:22",601
"2019-08-16 19:41:23",600
"2019-08-16 20:41:24",600
"2019-08-16 21:41:23",600
"2019-08-16 22:41:25",600
"2019-08-16 23:41:22",600
"2019-08-17 00:41:24",600
"2019-08-17 01:41:24",600
"2019-08-17 02:41:32",600
"2019-08-17 03:41:23",600
"2019-08-17 04:41:24",600
"2019-08-17 05:41:23",600
"2019-08-17 06:41:23",600
"2019-08-17 07:41:22",600
"2019-08-17 08:41:24",600
"2019-08-17 09:41:23",600
"2019-08-17 10:41:22",600
"2019-08-17 11:41:21",600
"2019-08-17 12:41:21",600
"2019-08-17 13:41:23",600
"2019-08-17 14:41:30",600
"2019-08-17 15:41:23",600
"2019-08-17 16:41:23",600
"2019-08-17 17:41:22",600
"2019-08-17 18:41:21",600
"2019-08-17 19:41:22",600
"2019-08-17 20:41:25",600
"2019-08-17 21:41:22",600
"2019-08-17 22:41:22",600
"2019-08-17 23:41:22",600
"2019-08-18 00:41:23",600
"2019-08-18 01:41:21",600
"2019-08-18 02:41:24",600
"2019-08-18 03:41:22",600
"2019-08-18 04:41:22",600
"2019-08-18 05:41:26",600
"2019-08-18 06:41:37",600
"2019-08-18 07:41:23",600
"2019-08-18 08:41:24",600
"2019-08-18 09:41:24",600
"2019-08-18 10:41:22",600
"2019-08-18 11:41:23",600
"2019-08-18 12:41:24",600
"2019-08-18 13:41:24",600
"2019-08-18 14:41:23",600
"2019-08-18 15:41:24",600
"2019-08-18 16:41:23",600
"2019-08-18 17:41:23",600
"2019-08-18 18:41:23",600
"2019-08-18 19:41:23",600
"2019-08-18 20:41:23",600
"2019-08-18 21:41:30",600
"2019-08-18 22:41:25",600
"2019-08-18 23:41:23",600
"2019-08-19 00:41:24",600
"2019-08-19 01:41:25",600
"2019-08-19 02:41:23",600
"2019-08-19 03:41:22",600
"2019-08-19 04:41:22",600
"2019-08-19 05:41:24",600
"2019-08-19 06:41:24",600
"2019-08-19 07:41:33",600
"2019-08-19 08:41:23",600
"2019-08-19 09:41:29",600
"2019-08-19 10:41:24",600
"2019-08-19 11:41:22",600
"2019-08-19 12:41:26",600
"2019-08-19 13:41:23",600
"2019-08-19 14:41:21",602
"2019-08-19 15:41:22",603
"2019-08-19 16:41:21",601
"2019-08-19 17:41:21",601
"2019-08-19 18:41:23",598
"2019-08-19 19:41:22",598
"2019-08-19 20:41:21",598
"2019-08-19 21:41:22",598
"2019-08-19 22:41:21",598
"2019-08-19 23:41:22",598
"2019-08-20 00:41:23",598
"2019-08-20 01:41:22",598
"2019-08-20 02:41:23",598
"2019-08-20 03:41:21",598
"2019-08-20 04:41:22",598
"2019-08-20 05:41:28",598
"2019-08-20 06:41:26",598
"2019-08-20 07:41:21",598
"2019-08-20 08:41:21",598
"2019-08-20 09:41:21",598
"2019-08-20 10:41:40",598
"2019-08-20 11:41:21",598
"2019-08-20 13:03:26",598
"2019-08-20 13:41:29",598
"2019-08-20 14:41:23",599
"2019-08-20 15:41:22",599
"2019-08-20 16:41:23",600
"2019-08-20 17:41:23",600
"2019-08-20 18:41:23",601
"2019-08-20 19:41:23",601
"2019-08-20 20:41:23",601
"2019-08-20 21:41:25",601
"2019-08-20 22:41:24",601
"2019-08-20 23:41:22",601
"2019-08-21 00:41:23",601
"2019-08-21 01:41:24",601
"2019-08-21 02:41:26",601
"2019-08-21 03:41:26",601
"2019-08-21 04:41:23",601
"2019-08-21 05:41:23",601
"2019-08-21 06:41:26",601
"2019-08-21 07:41:22",601
"2019-08-21 08:41:23",601
"2019-08-21 09:41:23",601
"2019-08-21 10:41:22",601
"2019-08-21 11:41:22",601
"2019-08-21 12:41:22",601
"2019-08-21 13:41:24",601
"2019-08-21 14:41:23",603
"2019-08-21 15:41:25",603
"2019-08-21 16:41:37",602
"2019-08-21 17:41:23",603
"2019-08-21 18:41:23",603
"2019-08-21 19:41:23",603
"2019-08-21 20:41:23",602
"2019-08-21 21:41:23",602
"2019-08-21 22:41:26",603
"2019-08-21 23:41:23",603
"2019-08-22 00:41:24",603
"2019-08-22 01:41:22",603
"2019-08-22 02:41:25",603
"2019-08-22 03:41:23",603
"2019-08-22 04:41:22",603
"2019-08-22 05:41:25",603
"2019-08-22 06:41:22",603
"2019-08-22 07:41:23",603
"2019-08-22 08:41:23",603
"2019-08-22 09:41:24",603
"2019-08-22 10:41:23",603
"2019-08-22 11:41:24",603
"2019-08-22 12:41:23",603
"2019-08-22 13:41:24",603
"2019-08-22 14:41:27",605
"2019-08-22 15:41:25",605
"2019-08-22 16:41:27",605
"2019-08-22 17:41:26",605
"2019-08-22 18:41:26",606
"2019-08-22 19:41:25",606
"2019-08-22 20:41:25",606
"2019-08-22 21:41:26",606
"2019-08-22 22:41:24",606
"2019-08-22 23:41:25",606
"2019-08-23 00:41:27",606
"2019-08-23 01:41:29",606
"2019-08-23 02:41:26",606
"2019-08-23 03:41:24",606
"2019-08-23 04:41:23",606
"2019-08-23 05:41:25",606
"2019-08-23 06:41:25",606
"2019-08-23 07:41:24",606
"2019-08-23 08:41:26",606
"2019-08-23 09:41:23",606
"2019-08-23 10:41:26",606
"2019-08-23 11:41:23",606
"2019-08-23 12:41:26",606
"2019-08-23 13:41:24",606
"2019-08-23 14:41:24",610
"2019-08-23 15:41:25",613
"2019-08-23 16:41:26",615
"2019-08-23 17:41:23",615
"2019-08-23 18:41:25",613
"2019-08-23 19:41:25",613
"2019-08-23 20:41:23",614
"2019-08-23 21:41:24",614
"2019-08-23 22:41:29",614
"2019-08-23 23:41:24",614
"2019-08-24 00:41:23",614
"2019-08-24 01:41:23",614
"2019-08-24 02:41:41",614
"2019-08-24 03:41:22",614
"2019-08-24 04:41:21",614
"2019-08-24 05:41:25",614
"2019-08-24 06:41:24",614
"2019-08-24 07:41:26",614
"2019-08-24 08:41:24",614
"2019-08-24 09:41:24",614
"2019-08-24 10:41:24",614
"2019-08-24 11:41:23",614
"2019-08-24 12:41:25",614
"2019-08-24 13:41:23",614
"2019-08-24 14:41:24",614
"2019-08-24 15:41:23",614
"2019-08-24 16:41:28",614
"2019-08-24 17:41:23",614
"2019-08-24 18:41:25",614
"2019-08-24 19:41:22",614
"2019-08-24 20:41:24",614
"2019-08-24 21:41:23",614
"2019-08-24 22:41:23",614
"2019-08-24 23:41:23",614
"2019-08-25 00:41:22",614
"2019-08-25 01:41:27",614
"2019-08-25 02:41:32",614
"2019-08-25 03:41:22",614
"2019-08-25 04:41:23",614
"2019-08-25 05:41:23",614
"2019-08-25 06:41:23",614
"2019-08-25 07:41:23",614
"2019-08-25 08:41:25",614
"2019-08-25 09:41:22",614
"2019-08-25 10:41:23",614
"2019-08-25 11:41:25",614
"2019-08-25 12:41:23",614
"2019-08-25 13:41:23",614
"2019-08-25 14:41:23",614
"2019-08-25 15:41:24",614
"2019-08-25 16:41:28",614
"2019-08-25 17:41:22",614
"2019-08-25 18:41:22",614
"2019-08-25 19:41:25",614
"2019-08-25 20:41:24",614
"2019-08-25 21:41:24",614
"2019-08-25 22:41:22",614
"2019-08-25 23:41:24",614
"2019-08-26 00:41:23",614
"2019-08-26 01:41:21",614
"2019-08-26 02:41:27",614
"2019-08-26 03:41:22",614
"2019-08-26 04:41:23",614
"2019-08-26 05:41:23",614
"2019-08-26 06:41:23",614
"2019-08-26 07:41:24",614
"2019-08-26 08:41:22",614
"2019-08-26 09:41:22",614
"2019-08-26 10:41:25",614
"2019-08-26 11:41:22",614
"2019-08-26 12:41:25",614
"2019-08-26 13:41:23",614
"2019-08-26 14:41:23",610
"2019-08-26 15:41:24",609
"2019-08-26 16:41:26",608
"2019-08-26 17:41:23",608
"2019-08-26 18:41:23",608
"2019-08-26 19:41:25",608
"2019-08-26 20:41:23",607
"2019-08-26 21:41:24",607
"2019-08-26 22:41:22",607
"2019-08-26 23:41:22",607
"2019-08-27 00:41:23",607
"2019-08-27 01:41:23",607
"2019-08-27 02:41:27",607
"2019-08-27 03:41:23",607
"2019-08-27 04:41:23",607
"2019-08-27 05:41:25",607
"2019-08-27 06:41:25",607
"2019-08-27 07:41:23",607
"2019-08-27 08:41:25",607
"2019-08-27 09:41:23",607
"2019-08-27 10:41:22",607
"2019-08-27 11:41:27",607
"2019-08-27 12:41:25",607
"2019-08-27 13:41:37",607
"2019-08-27 14:41:23",608
"2019-08-27 15:41:26",608
"2019-08-27 16:41:26",608
"2019-08-27 17:41:22",607
"2019-08-27 18:41:23",608
"2019-08-27 19:41:25",609
"2019-08-27 20:41:23",609
"2019-08-27 21:41:25",609
"2019-08-27 22:41:24",609
"2019-08-27 23:41:25",609
"2019-08-28 00:41:29",609
"2019-08-28 01:41:24",609
"2019-08-28 02:41:29",609
"2019-08-28 03:41:32",609
"2019-08-28 04:41:24",609
"2019-08-28 05:41:25",609
"2019-08-28 06:41:25",609
"2019-08-28 07:41:27",609
"2019-08-28 08:41:22",609
"2019-08-28 09:41:25",609
"2019-08-28 10:41:25",609
"2019-08-28 11:41:27",609
"2019-08-28 12:41:24",609
"2019-08-28 13:41:23",609
"2019-08-28 14:41:22",609
"2019-08-28 15:41:21",608
"2019-08-28 16:41:35",609
"2019-08-28 17:41:23",609
"2019-08-28 18:41:23",608
"2019-08-28 19:41:24",608
"2019-08-28 20:41:24",608
"2019-08-28 21:41:23",608
"2019-08-28 22:41:24",608
"2019-08-28 23:41:25",608
"2019-08-29 00:41:22",608
"2019-08-29 01:41:23",608
"2019-08-29 02:41:26",608
"2019-08-29 03:41:22",608
"2019-08-29 04:41:23",608
"2019-08-29 05:41:31",608
"2019-08-29 06:41:21",608
"2019-08-29 07:41:24",608
"2019-08-29 08:41:23",608
"2019-08-29 09:41:25",608
"2019-08-29 10:41:21",608
"2019-08-29 11:41:20",608
"2019-08-29 12:41:24",608
"2019-08-29 13:41:23",608
"2019-08-29 14:41:22",609
"2019-08-29 15:41:22",607
"2019-08-29 16:41:27",606
"2019-08-29 17:41:22",605
"2019-08-29 18:41:22",604
"2019-08-29 19:41:19",604
"2019-08-29 20:41:23",604
"2019-08-29 21:41:22",604
"2019-08-29 22:41:20",604
"2019-08-29 23:41:22",604
"2019-08-30 00:41:23",604
"2019-08-30 01:41:24",604
"2019-08-30 02:41:23",604
"2019-08-30 03:41:23",604
"2019-08-30 04:41:23",604
"2019-08-30 05:41:27",604
"2019-08-30 06:41:21",604
"2019-08-30 07:41:21",604
"2019-08-30 08:41:20",604
"2019-08-30 09:41:21",604
"2019-08-30 10:41:20",604
"2019-08-30 11:41:20",604
"2019-08-30 12:41:22",604
"2019-08-30 13:41:21",604
"2019-08-30 14:41:21",604
"2019-08-30 15:41:21",604
"2019-08-30 16:41:23",602
"2019-08-30 17:41:22",603
"2019-08-30 18:41:20",603
"2019-08-30 19:41:20",603
"2019-08-30 20:41:25",603
"2019-08-30 21:41:25",603
"2019-08-30 22:41:26",603
"2019-08-30 23:41:25",603
"2019-08-31 00:41:24",603
"2019-08-31 01:41:26",603
"2019-08-31 02:41:25",603
"2019-08-31 03:41:25",603
"2019-08-31 04:41:25",603
"2019-08-31 23:41:32",603
"2019-09-01 00:41:27",603
"2019-09-01 01:41:25",603
"2019-09-01 02:41:26",603
"2019-09-01 03:41:25",603
"2019-09-01 04:41:25",603
"2019-09-01 05:41:25",603
"2019-09-01 06:41:25",603
"2019-09-01 07:41:24",603
"2019-09-01 08:41:26",603
"2019-09-01 09:41:25",603
"2019-09-01 10:41:25",603
"2019-09-01 11:41:24",603
"2019-09-01 12:41:26",603
"2019-09-01 13:41:25",603
"2019-09-01 14:41:25",603
"2019-09-01 15:41:25",603
"2019-09-01 16:41:28",603
"2019-09-01 17:41:28",603
"2019-09-01 18:41:25",603
"2019-09-01 19:41:24",603
"2019-09-01 20:41:24",603
"2019-09-01 21:41:24",603
"2019-09-01 22:41:26",603
"2019-09-01 23:41:26",603
"2019-09-02 00:41:24",603
"2019-09-02 01:41:23",603
"2019-09-02 02:41:24",603
"2019-09-02 03:41:25",603
"2019-09-02 04:41:26",603
"2019-09-02 05:41:31",603
"2019-09-02 06:41:26",603
"2019-09-02 07:41:27",603
"2019-09-02 08:41:24",603
"2019-09-02 09:41:25",603
"2019-09-02 10:41:31",603
"2019-09-02 11:41:26",603
"2019-09-02 12:41:24",603
"2019-09-02 13:41:26",603
"2019-09-02 14:41:24",603
"2019-09-02 15:41:25",603
"2019-09-02 16:41:31",603
"2019-09-02 17:41:24",603
"2019-09-02 18:41:26",603
"2019-09-02 19:41:25",603
"2019-09-02 20:41:25",603
"2019-09-02 21:41:25",603
"2019-09-02 22:41:26",603
"2019-09-02 23:41:25",603
"2019-09-03 00:41:25",603
"2019-09-03 01:41:27",603
"2019-09-03 02:41:27",603
"2019-09-03 03:41:24",603
"2019-09-03 04:41:24",603
"2019-09-03 05:41:30",603
"2019-09-03 06:41:26",603
"2019-09-03 07:41:24",603
"2019-09-03 08:41:30",603
"2019-09-03 09:41:25",603
"2019-09-03 10:41:29",603
"2019-09-03 11:41:24",603
"2019-09-03 13:05:31",603
"2019-09-03 13:41:30",603
"2019-09-03 14:41:26",602
"2019-09-03 15:41:25",601
"2019-09-03 16:41:29",602
"2019-09-03 17:41:26",602
"2019-09-03 18:41:25",602
"2019-09-03 19:41:23",603
"2019-09-03 20:41:25",602
"2019-09-03 21:41:25",602
"2019-09-03 22:41:29",602
"2019-09-03 23:41:25",602
"2019-09-04 00:41:27",602
"2019-09-04 01:41:26",602
"2019-09-04 02:41:25",602
"2019-09-04 03:41:25",602
"2019-09-04 04:41:24",602
"2019-09-04 05:41:31",602
"2019-09-04 06:41:26",602
"2019-09-04 07:41:24",602
"2019-09-04 08:41:24",602
"2019-09-04 09:41:26",602
"2019-09-04 10:41:25",602
"2019-09-04 11:41:24",602
"2019-09-04 13:04:30",602
"2019-09-04 13:41:25",602
"2019-09-04 14:41:25",601
"2019-09-04 15:41:26",601
"2019-09-04 16:41:31",604
"2019-09-04 17:41:24",604
"2019-09-04 18:41:27",604
"2019-09-04 19:41:26",605
"2019-09-04 20:41:25",605
"2019-09-04 21:41:24",605
"2019-09-04 22:41:24",605
"2019-09-04 23:41:25",605
"2019-09-05 01:41:25",605
"2019-09-05 02:41:29",605
"2019-09-05 03:41:24",605
"2019-09-05 04:41:25",605
"2019-09-05 05:41:31",605
"2019-09-05 06:41:24",605
"2019-09-05 07:41:28",605
"2019-09-05 08:41:25",605
"2019-09-05 09:41:24",605
"2019-09-05 10:41:29",605
"2019-09-05 11:41:25",605
"2019-09-05 13:05:29",605
"2019-09-05 13:41:25",605
"2019-09-05 14:41:28",605
"2019-09-05 15:41:25",604
"2019-09-05 16:41:36",604
"2019-09-05 17:41:26",602
"2019-09-05 18:41:24",602
"2019-09-05 19:41:24",602
"2019-09-05 20:41:27",602
"2019-09-05 21:41:26",601
"2019-09-05 22:41:26",602
"2019-09-05 23:41:27",602
"2019-09-06 00:41:26",602
"2019-09-06 01:41:26",602
"2019-09-06 02:41:25",602
"2019-09-06 03:41:24",602
"2019-09-06 04:41:24",602
"2019-09-06 05:41:34",602
"2019-09-06 06:41:25",602
"2019-09-06 07:41:26",602
"2019-09-06 08:41:25",602
"2019-09-06 09:41:26",602
"2019-09-06 10:41:26",602
"2019-09-06 11:41:37",602
"2019-09-06 13:04:29",602
"2019-09-06 13:41:25",602
"2019-09-06 14:41:24",602
"2019-09-06 15:41:24",602
"2019-09-06 16:41:32",602
"2019-09-06 17:41:24",603
"2019-09-06 18:41:28",602
"2019-09-06 19:41:24",603
"2019-09-06 20:41:26",603
"2019-09-06 21:41:26",604
"2019-09-06 22:41:26",604
"2019-09-06 23:41:25",604
"2019-09-07 00:41:24",604
"2019-09-07 01:41:27",604
"2019-09-07 02:41:25",604
"2019-09-07 03:41:26",604
"2019-09-07 04:41:25",604
"2019-09-07 05:41:42",604
"2019-09-07 06:41:25",604
"2019-09-07 07:41:23",604
"2019-09-07 08:41:23",604
"2019-09-07 09:41:25",604
"2019-09-07 10:41:28",604
"2019-09-07 11:41:25",604
"2019-09-07 12:41:23",604
"2019-09-07 13:41:26",604
"2019-09-07 14:41:25",604
"2019-09-07 15:41:25",604
"2019-09-07 16:41:25",604
"2019-09-07 17:41:25",604
"2019-09-07 18:41:25",604
"2019-09-07 19:41:24",604
"2019-09-07 20:41:24",604
"2019-09-07 22:41:24",604
"2019-09-07 23:41:26",604
"2019-09-08 00:41:25",604
"2019-09-08 01:41:26",604
"2019-09-08 02:41:28",604
"2019-09-08 03:41:25",604
"2019-09-08 04:41:25",604
"2019-09-08 05:41:27",604
"2019-09-08 06:41:25",604
"2019-09-08 07:41:24",604
"2019-09-08 08:41:26",604
"2019-09-08 09:41:24",604
"2019-09-08 10:41:28",604
"2019-09-08 11:41:24",604
"2019-09-08 12:41:24",604
"2019-09-08 13:41:27",604
"2019-09-08 14:41:25",604
"2019-09-08 15:41:25",604
"2019-09-08 16:41:29",604
"2019-09-08 17:41:25",604
"2019-09-08 18:41:25",604
"2019-09-08 19:41:30",604
"2019-09-08 20:41:27",604
"2019-09-08 21:41:26",604
"2019-09-08 22:41:24",604
"2019-09-08 23:41:24",604
"2019-09-09 00:41:25",604
"2019-09-09 01:41:24",604
"2019-09-09 02:41:26",604
"2019-09-09 03:41:25",604
"2019-09-09 04:41:24",604
"2019-09-09 05:41:30",604
"2019-09-09 06:41:24",604
"2019-09-09 07:41:25",604
"2019-09-09 08:41:24",604
"2019-09-09 09:41:24",604
"2019-09-09 10:41:24",604
"2019-09-09 11:41:25",604
"2019-09-09 13:04:30",604
"2019-09-09 13:41:27",604
"2019-09-09 14:41:31",604
"2019-09-09 15:41:26",604
"2019-09-09 16:41:32",604
"2019-09-09 17:41:24",604
"2019-09-09 18:41:25",604
"2019-09-09 19:41:25",602
"2019-09-09 20:41:24",601
"2019-09-09 21:41:25",601
"2019-09-09 22:41:23",601
"2019-09-09 23:41:25",601
"2019-09-10 00:41:25",601
"2019-09-10 01:41:25",601
"2019-09-10 02:41:26",601
"2019-09-10 03:41:25",601
"2019-09-10 04:41:26",601
"2019-09-10 05:41:27",601
"2019-09-10 06:41:25",601
"2019-09-10 07:41:24",601
"2019-09-10 08:41:27",601
"2019-09-10 09:41:34",601
"2019-09-10 10:41:25",601
"2019-09-10 11:41:24",601
"2019-09-10 12:41:26",601
"2019-09-10 13:41:26",601
"2019-09-10 14:41:25",601
"2019-09-10 15:41:24",596
"2019-09-10 16:41:26",595
"2019-09-10 17:41:25",594
"2019-09-10 18:41:25",594
"2019-09-10 19:41:32",593
"2019-09-10 20:41:24",593
"2019-09-10 21:41:26",593
"2019-09-10 22:41:24",593
"2019-09-10 23:41:26",593
"2019-09-11 00:41:24",593
"2019-09-11 01:41:25",593
"2019-09-11 02:41:24",593
"2019-09-11 03:41:23",593
"2019-09-11 04:41:25",593
"2019-09-11 05:41:28",593
"2019-09-11 06:41:26",593
"2019-09-11 07:41:24",593
"2019-09-11 08:41:24",593
"2019-09-11 09:41:27",593
"2019-09-11 10:41:34",593
"2019-09-11 11:41:29",593
"2019-09-11 12:41:26",593
"2019-09-11 13:41:27",593
"2019-09-11 14:41:25",618
"2019-09-11 15:41:24",625
"2019-09-11 16:41:26",625
"2019-09-11 17:41:24",626
"2019-09-11 18:41:25",625
"2019-09-11 19:41:25",625
"2019-09-11 20:41:25",624
"2019-09-11 21:41:30",624
"2019-09-11 22:41:25",624
"2019-09-11 23:41:24",624
"2019-09-12 00:41:26",624
"2019-09-12 01:41:25",624
"2019-09-12 02:41:31",624
"2019-09-12 03:41:25",624
"2019-09-12 04:41:24",624
"2019-09-12 05:41:28",624
"2019-09-12 06:41:26",624
"2019-09-12 07:41:25",624
"2019-09-12 08:41:24",624
"2019-09-12 09:41:24",624
"2019-09-12 10:41:35",624
"2019-09-12 11:41:26",624
"2019-09-12 13:05:32",624
"2019-09-12 13:41:27",624
"2019-09-12 14:41:29",620
"2019-09-12 15:41:28",617
"2019-09-12 16:41:28",617
"2019-09-12 17:41:26",616
"2019-09-12 18:41:26",616
"2019-09-12 19:41:26",617
"2019-09-12 20:41:25",617
"2019-09-12 21:41:24",617
"2019-09-12 22:41:26",617
"2019-09-12 23:41:26",617
"2019-09-13 00:41:25",617
"2019-09-13 01:41:27",617
"2019-09-13 02:41:26",617
"2019-09-13 03:41:26",617
"2019-09-13 04:41:25",617
"2019-09-13 05:41:26",617
"2019-09-13 06:41:26",617
"2019-09-13 07:41:25",617
"2019-09-13 08:41:26",617
"2019-09-13 09:41:25",617
"2019-09-13 10:41:26",617
"2019-09-13 11:41:25",617
"2019-09-13 13:05:28",617
"2019-09-13 14:06:30",617
"2019-09-13 14:41:26",617
"2019-09-13 15:41:26",619
"2019-09-13 16:41:26",616
"2019-09-13 17:41:25",617
"2019-09-13 18:41:25",615
"2019-09-13 19:41:26",615
"2019-09-13 20:41:23",615
"2019-09-13 21:41:28",615
"2019-09-13 22:41:24",615
"2019-09-13 23:41:25",615
"2019-09-14 00:41:28",615
"2019-09-14 01:41:23",615
"2019-09-14 02:41:26",615
"2019-09-14 03:41:26",615
"2019-09-14 04:41:23",615
"2019-09-14 05:41:25",615
"2019-09-14 06:41:25",615
"2019-09-14 07:41:25",615
"2019-09-14 08:41:25",615
"2019-09-14 09:41:24",615
"2019-09-14 10:41:26",615
"2019-09-14 11:41:23",615
"2019-09-14 12:41:25",615
"2019-09-14 13:41:23",615
"2019-09-14 14:41:25",615
"2019-09-14 15:41:23",615
"2019-09-14 16:41:26",615
"2019-09-14 17:41:25",615
"2019-09-14 18:41:23",615
"2019-09-14 19:41:23",615
"2019-09-14 20:41:23",615
"2019-09-14 21:41:26",615
"2019-09-14 22:41:25",615
"2019-09-14 23:41:25",615
"2019-09-15 00:41:25",615
"2019-09-15 01:41:24",615
"2019-09-15 02:41:26",615
"2019-09-15 03:41:26",615
"2019-09-15 04:41:25",615
"2019-09-15 05:41:24",615
"2019-09-15 06:41:27",615
"2019-09-15 07:41:27",615
"2019-09-15 08:41:27",615
"2019-09-15 09:41:25",615
"2019-09-15 10:41:25",615
"2019-09-15 11:41:25",615
"2019-09-15 12:41:26",615
"2019-09-15 13:41:26",615
"2019-09-15 14:41:24",615
"2019-09-15 15:41:24",615
"2019-09-15 16:41:26",615
"2019-09-15 17:41:22",615
"2019-09-15 18:41:24",615
"2019-09-15 19:41:24",615
"2019-09-15 20:41:24",615
"2019-09-15 21:41:26",615
"2019-09-15 22:41:24",615
"2019-09-15 23:41:24",615
"2019-09-16 00:41:26",615
"2019-09-16 01:41:24",615
"2019-09-16 02:41:25",615
"2019-09-16 03:41:26",615
"2019-09-16 04:41:24",615
"2019-09-16 05:41:26",615
"2019-09-16 06:41:26",615
"2019-09-16 07:41:24",615
"2019-09-16 08:41:25",615
"2019-09-16 09:41:26",615
"2019-09-16 10:41:25",615
"2019-09-16 11:41:23",615
"2019-09-16 13:05:00",615
"2019-09-16 13:41:26",615
"2019-09-16 14:41:28",614
"2019-09-16 15:41:26",612
"2019-09-16 16:41:28",610
"2019-09-16 17:41:25",610
"2019-09-16 18:41:26",607
"2019-09-16 19:41:33",607
"2019-09-16 20:41:28",609
"2019-09-16 21:41:27",609
"2019-09-16 22:41:28",609
"2019-09-16 23:41:26",609
"2019-09-17 00:41:26",609
"2019-09-17 01:41:25",609
"2019-09-17 02:41:27",609
"2019-09-17 03:41:28",609
"2019-09-17 04:41:26",609
"2019-09-17 05:41:26",609
"2019-09-17 06:41:24",609
"2019-09-17 07:41:26",609
"2019-09-17 08:41:24",609
"2019-09-17 09:41:28",609
"2019-09-17 10:41:27",609
"2019-09-17 11:41:25",609
"2019-09-17 12:41:25",609
"2019-09-17 13:41:27",609
"2019-09-17 14:41:26",608
"2019-09-17 15:41:26",608
"2019-09-17 16:41:28",608
"2019-09-17 17:41:25",609
"2019-09-17 18:41:27",609
"2019-09-17 19:41:25",610
"2019-09-17 20:41:26",611
"2019-09-17 21:41:26",611
"2019-09-17 22:41:28",611
"2019-09-17 23:41:26",611
"2019-09-18 00:41:26",611
"2019-09-18 01:41:26",611
"2019-09-18 02:41:24",611
"2019-09-18 03:41:25",611
"2019-09-18 04:41:32",611
"2019-09-18 05:41:26",611
"2019-09-18 06:41:28",611
"2019-09-18 07:41:25",611
"2019-09-18 08:41:27",611
"2019-09-18 09:41:27",611
"2019-09-18 10:41:26",611
"2019-09-18 11:41:25",611
"2019-09-18 13:36:34",611
"2019-09-18 13:43:51",611
"2019-09-18 14:41:26",611
"2019-09-18 15:41:28",611
"2019-09-18 16:41:29",610
"2019-09-18 17:41:25",610
"2019-09-18 18:41:25",611
"2019-09-18 19:41:28",611
"2019-09-18 20:41:26",611
"2019-09-18 21:41:25",611
"2019-09-18 22:41:27",611
"2019-09-18 23:41:29",611
"2019-09-19 00:41:24",611
"2019-09-19 01:41:26",611
"2019-09-19 02:41:29",611
"2019-09-19 03:41:27",611
"2019-09-19 04:41:25",611
"2019-09-19 05:41:26",611
"2019-09-19 06:41:28",611
"2019-09-19 07:41:24",611
"2019-09-19 08:41:26",611
"2019-09-19 09:41:26",611
"2019-09-19 10:41:26",611
"2019-09-19 11:41:24",611
"2019-09-19 13:05:01",612
"2019-09-19 13:41:29",612
"2019-09-19 14:41:26",610
"2019-09-19 15:41:27",609
"2019-09-19 16:41:30",609
"2019-09-19 17:41:28",609
"2019-09-19 18:41:28",609
"2019-09-19 19:41:25",609
"2019-09-19 20:41:29",609
"2019-09-19 21:41:26",609
"2019-09-19 22:41:28",609
"2019-09-19 23:41:25",609
"2019-09-20 00:41:28",609
"2019-09-20 01:41:32",609
"2019-09-20 02:41:25",609
"2019-09-20 03:41:27",609
"2019-09-20 04:41:27",609
"2019-09-20 05:41:28",609
"2019-09-20 06:41:27",609
"2019-09-20 07:41:26",609
"2019-09-20 08:41:27",609
"2019-09-20 09:41:26",609
"2019-09-20 10:41:26",609
"2019-09-20 11:41:27",609
"2019-09-20 12:41:29",609
"2019-09-20 13:41:24",609
"2019-09-20 14:41:27",611
"2019-09-20 15:41:27",611
"2019-09-20 16:41:27",612
"2019-09-20 17:41:30",612
"2019-09-20 18:41:26",611
"2019-09-20 19:41:28",609
"2019-09-20 20:41:25",608
"2019-09-20 21:41:26",608
"2019-09-20 22:41:28",608
"2019-09-20 23:41:24",608
"2019-09-21 00:41:25",608
"2019-09-21 01:41:25",608
"2019-09-21 02:41:26",608
"2019-09-21 03:41:28",608
"2019-09-21 04:41:24",608
"2019-09-21 05:41:27",608
"2019-09-21 06:41:27",608
"2019-09-21 07:41:24",608
"2019-09-21 08:41:25",608
"2019-09-21 09:41:26",608
"2019-09-21 10:41:24",608
"2019-09-21 11:41:25",608
"2019-09-21 12:41:27",608
"2019-09-21 13:41:26",608
"2019-09-21 14:41:25",608
"2019-09-21 15:41:24",608
"2019-09-21 16:41:27",608
"2019-09-21 17:41:25",608
"2019-09-21 18:41:25",608
"2019-09-21 19:41:26",608
"2019-09-21 20:41:25",608
"2019-09-21 21:41:25",608
"2019-09-21 22:41:26",608
"2019-09-21 23:41:26",608
"2019-09-22 00:41:24",608
"2019-09-22 01:41:25",608
"2019-09-22 02:41:26",608
"2019-09-22 03:41:26",608
"2019-09-22 04:41:26",608
"2019-09-22 05:41:25",608
"2019-09-22 06:41:27",608
"2019-09-22 07:41:28",608
"2019-09-22 08:41:25",608
"2019-09-22 09:41:27",608
"2019-09-22 10:41:25",608
"2019-09-22 11:41:25",608
"2019-09-22 12:41:26",608
"2019-09-22 13:41:25",608
"2019-09-22 14:41:27",608
"2019-09-22 15:41:25",608
"2019-09-22 16:41:27",608
"2019-09-22 17:41:25",608
"2019-09-22 18:41:25",608
"2019-09-22 19:41:27",608
"2019-09-22 20:41:24",608
"2019-09-22 21:41:25",608
"2019-09-22 22:41:25",608
"2019-09-22 23:41:25",608
"2019-09-23 00:41:27",608
"2019-09-23 01:41:24",608
"2019-09-23 02:41:24",608
"2019-09-23 03:41:26",608
"2019-09-23 04:41:24",608
"2019-09-23 05:41:24",608
"2019-09-23 06:41:26",608
"2019-09-23 07:41:25",608
"2019-09-23 08:41:26",608
"2019-09-23 09:41:25",608
"2019-09-23 10:41:25",608
"2019-09-23 11:41:27",608
"2019-09-23 12:41:26",608
"2019-09-23 13:41:25",608
"2019-09-23 14:41:27",608
"2019-09-23 15:41:24",607
"2019-09-23 16:41:26",607
"2019-09-23 17:41:25",606
"2019-09-23 18:41:28",607
"2019-09-23 19:41:25",607
"2019-09-23 20:41:25",604
"2019-09-23 21:41:26",604
"2019-09-23 22:41:26",604
"2019-09-23 23:41:24",604
"2019-09-24 00:41:26",604
"2019-09-24 01:41:25",604
"2019-09-24 02:41:30",604
"2019-09-24 03:41:27",604
"2019-09-24 04:41:26",604
"2019-09-24 05:41:30",604
"2019-09-24 06:41:25",604
"2019-09-24 07:41:26",604
"2019-09-24 08:41:26",604
"2019-09-24 09:41:24",604
"2019-09-24 10:41:26",604
"2019-09-24 11:41:26",604
"2019-09-24 12:41:27",604
"2019-09-24 13:41:25",604
"2019-09-24 14:41:26",603
"2019-09-24 15:41:28",604
"2019-09-24 16:41:27",603
"2019-09-24 17:41:26",604
"2019-09-24 18:41:27",604
"2019-09-24 19:41:24",604
"2019-09-24 20:41:25",603
"2019-09-24 21:41:27",603
"2019-09-24 22:41:25",603
"2019-09-24 23:41:24",603
"2019-09-25 00:41:26",603
"2019-09-25 01:41:28",603
"2019-09-25 02:41:24",603
"2019-09-25 03:41:28",603
"2019-09-25 04:41:28",603
"2019-09-25 05:41:24",603
"2019-09-25 06:41:27",603
"2019-09-25 07:41:28",603
"2019-09-25 08:41:26",603
"2019-09-25 09:41:26",603
"2019-09-25 10:41:27",603
"2019-09-25 11:41:25",603
"2019-09-25 12:41:28",603
"2019-09-25 13:41:28",603
"2019-09-25 14:41:28",603
"2019-09-25 15:41:29",602
"2019-09-25 16:41:26",602
"2019-09-25 17:41:26",601
"2019-09-25 18:41:26",601
"2019-09-25 19:41:28",602
"2019-09-25 20:41:25",601
"2019-09-25 21:41:26",601
"2019-09-25 22:41:25",601
"2019-09-25 23:41:28",601
"2019-09-26 00:41:25",601
"2019-09-26 01:41:26",601
"2019-09-26 02:41:27",601
"2019-09-26 03:41:26",601
"2019-09-26 04:41:29",601
"2019-09-26 05:41:27",601
"2019-09-26 06:41:26",601
"2019-09-26 07:41:25",601
"2019-09-26 08:41:27",601
"2019-09-26 09:41:27",601
"2019-09-26 10:41:25",601
"2019-09-26 11:41:25",601
"2019-09-26 13:04:31",601
"2019-09-26 13:41:31",601
"2019-09-26 14:41:27",602
"2019-09-26 15:41:28",602
"2019-09-26 16:41:29",604
"2019-09-26 17:41:28",608
"2019-09-26 18:41:29",609
"2019-09-26 19:41:28",608
"2019-09-26 20:41:26",608
"2019-09-26 21:41:28",608
"2019-09-26 22:41:27",608
"2019-09-26 23:41:27",608
"2019-09-27 00:41:27",608
"2019-09-27 01:41:24",608
"2019-09-27 02:41:30",608
"2019-09-27 03:41:27",608
"2019-09-27 04:41:26",608
"2019-09-27 05:41:27",608
"2019-09-27 06:41:27",608
"2019-09-27 07:41:30",608
"2019-09-27 08:41:26",608
"2019-09-27 09:41:26",608
"2019-09-27 10:41:28",608
"2019-09-27 11:41:25",608
"2019-09-27 13:05:31",608
"2019-09-27 13:41:29",608
"2019-09-27 14:41:27",607
"2019-09-27 15:41:27",607
"2019-09-27 16:41:27",607
"2019-09-27 17:41:27",607
"2019-09-27 18:41:24",607
"2019-09-27 19:41:28",607
"2019-09-27 20:41:24",606
"2019-09-27 21:41:25",606
"2019-09-27 22:41:30",606
"2019-09-27 23:41:27",606
"2019-09-28 00:41:26",606
"2019-09-28 01:41:28",606
"2019-09-28 02:41:26",606
"2019-09-28 03:41:27",606
"2019-09-28 04:41:26",606
"2019-09-28 05:41:29",606
"2019-09-28 06:41:24",606
"2019-09-28 07:41:27",606
"2019-09-28 08:41:26",606
"2019-09-28 09:41:27",606
"2019-09-28 10:41:24",606
"2019-09-28 11:41:26",606
"2019-09-28 12:41:27",606
"2019-09-28 13:41:29",606
"2019-09-28 14:41:26",606
"2019-09-28 15:41:24",606
"2019-09-28 16:41:28",606
"2019-09-28 17:41:27",606
"2019-09-28 18:41:24",606
"2019-09-28 19:41:25",606
"2019-09-28 20:41:27",606
"2019-09-28 21:41:25",606
"2019-09-28 22:41:26",606
"2019-09-28 23:41:24",606
"2019-09-29 00:41:25",606
"2019-09-29 01:41:27",606
"2019-09-29 02:41:27",606
"2019-09-29 03:41:27",606
"2019-09-29 04:41:26",606
"2019-09-29 05:41:27",606
"2019-09-29 06:41:25",606
"2019-09-29 07:41:26",606
"2019-09-29 08:41:25",606
"2019-09-29 09:41:26",606
"2019-09-29 10:41:25",606
"2019-09-29 11:41:26",606
"2019-09-29 12:41:26",606
"2019-09-29 13:41:25",606
"2019-09-29 14:41:26",606
"2019-09-29 15:41:24",606
"2019-09-29 16:41:27",606
"2019-09-29 17:41:29",606
"2019-09-29 18:41:25",606
"2019-09-29 19:41:28",606
"2019-09-29 20:41:27",606
"2019-09-29 21:41:25",606
"2019-09-29 22:41:25",606
"2019-09-29 23:41:28",606
"2019-09-30 00:41:23",606
"2019-09-30 01:41:26",606
"2019-09-30 02:41:24",606
"2019-09-30 03:41:27",606
"2019-09-30 04:41:25",606
"2019-09-30 05:41:26",606
"2019-09-30 06:41:25",606
"2019-09-30 07:41:28",606
"2019-09-30 08:41:26",606
"2019-09-30 09:41:26",606
"2019-09-30 10:41:24",606
"2019-09-30 11:41:25",606
"2019-09-30 12:41:28",606
"2019-09-30 13:41:26",606
"2019-09-30 14:41:28",606
"2019-09-30 15:41:27",606
"2019-09-30 16:41:33",606
"2019-09-30 17:41:27",607
"2019-09-30 18:41:29",607
"2019-09-30 19:41:26",607
"2019-09-30 20:41:25",607
"2019-09-30 21:41:27",607
"2019-09-30 22:41:25",607
"2019-09-30 23:41:26",607
"2019-10-01 00:41:27",607
"2019-10-01 01:41:25",607
"2019-10-01 02:41:25",607
"2019-10-01 03:41:27",607
"2019-10-01 04:41:24",607
"2019-10-01 05:41:25",607
"2019-10-01 06:41:26",607
"2019-10-01 07:41:27",607
"2019-10-01 08:41:25",607
"2019-10-01 09:41:30",607
"2019-10-01 10:41:26",607
"2019-10-01 11:41:25",607
"2019-10-01 13:04:31",607
"2019-10-01 13:41:27",607
"2019-10-01 14:41:26",607
"2019-10-01 15:41:26",608
"2019-10-01 16:41:28",608
"2019-10-01 17:41:25",609
"2019-10-01 18:41:27",609
"2019-10-01 19:41:27",609
"2019-10-01 20:41:25",610
"2019-10-01 21:41:26",610
"2019-10-01 22:41:27",610
"2019-10-01 23:41:26",610
"2019-10-02 00:41:33",610
"2019-10-02 01:41:26",610
"2019-10-02 02:41:25",610
"2019-10-02 03:41:26",610
"2019-10-02 04:41:29",610
"2019-10-02 05:41:28",610
"2019-10-02 06:41:26",610
"2019-10-02 07:41:26",610
"2019-10-02 08:41:25",610
"2019-10-02 09:41:27",610
"2019-10-02 10:41:25",610
"2019-10-02 11:41:25",610
"2019-10-02 13:05:00",610
"2019-10-02 13:41:26",610
"2019-10-02 14:41:26",610
"2019-10-02 15:41:27",609
"2019-10-02 16:41:25",609
"2019-10-02 17:41:25",609
"2019-10-02 18:41:26",607
"2019-10-02 19:41:26",606
"2019-10-02 20:41:26",606
"2019-10-02 21:41:26",606
"2019-10-02 22:41:28",606
"2019-10-02 23:41:25",606
"2019-10-03 00:41:25",606
"2019-10-03 01:41:25",606
"2019-10-03 02:41:25",606
"2019-10-03 03:41:26",606
"2019-10-03 04:41:26",606
"2019-10-03 05:41:25",606
"2019-10-03 06:41:25",606
"2019-10-03 07:41:27",606
"2019-10-03 08:41:25",606
"2019-10-03 09:41:26",606
"2019-10-03 10:41:28",606
"2019-10-03 11:41:25",606
"2019-10-03 13:04:58",606
"2019-10-03 13:42:05",606
"2019-10-03 14:41:27",608
"2019-10-03 15:41:25",608
"2019-10-03 16:41:25",610
"2019-10-03 17:41:26",610
"2019-10-03 18:41:27",610
"2019-10-03 19:41:26",610
"2019-10-03 20:41:25",610
"2019-10-03 21:41:26",610
"2019-10-03 22:41:26",610
"2019-10-03 23:41:27",610
"2019-10-04 00:41:25",610
"2019-10-04 01:41:25",610
"2019-10-04 02:41:25",610
"2019-10-04 03:41:25",610
"2019-10-04 04:41:25",610
"2019-10-04 05:41:28",610
"2019-10-04 06:41:27",610
"2019-10-04 07:41:25",610
"2019-10-04 08:41:26",610
"2019-10-04 09:41:25",610
"2019-10-04 10:41:27",610
"2019-10-04 11:41:25",610
"2019-10-04 12:41:26",610
"2019-10-04 13:41:27",610
"2019-10-04 14:41:25",610
"2019-10-04 15:41:25",611
"2019-10-04 16:41:27",611
"2019-10-04 17:41:25",610
"2019-10-04 18:41:26",608
"2019-10-04 19:41:26",609
"2019-10-04 20:41:26",610
"2019-10-04 21:41:26",611
"2019-10-04 22:41:24",611
"2019-10-04 23:41:25",611
"2019-10-05 00:41:27",611
"2019-10-05 01:41:25",611
"2019-10-05 02:41:25",611
"2019-10-05 03:41:25",611
"2019-10-05 04:41:24",611
"2019-10-05 05:41:29",611
"2019-10-05 06:41:25",611
"2019-10-05 07:41:25",611
"2019-10-05 08:41:27",611
"2019-10-05 09:41:25",611
"2019-10-05 10:41:25",611
"2019-10-05 11:41:25",611
"2019-10-05 12:41:26",611
"2019-10-05 13:41:26",611
"2019-10-05 14:41:25",611
"2019-10-05 15:41:25",611
"2019-10-05 16:41:26",611
"2019-10-05 17:41:28",611
"2019-10-05 18:41:26",611
"2019-10-05 19:41:25",611
"2019-10-05 20:41:26",611
"2019-10-05 21:41:25",611
"2019-10-05 22:41:26",611
"2019-10-05 23:41:26",611
"2019-10-06 00:41:25",611
"2019-10-06 01:41:26",611
"2019-10-06 02:41:28",611
"2019-10-06 03:41:27",611
"2019-10-06 04:41:26",611
"2019-10-06 05:41:26",611
"2019-10-06 06:41:28",611
"2019-10-06 07:41:26",611
"2019-10-06 08:41:27",611
"2019-10-06 09:41:26",611
"2019-10-06 10:41:26",611
"2019-10-06 11:41:26",611
"2019-10-06 12:41:26",611
"2019-10-06 13:41:25",611
"2019-10-06 14:41:27",611
"2019-10-06 15:41:25",611
"2019-10-06 16:41:25",611
"2019-10-06 17:41:25",611
"2019-10-06 18:41:28",611
"2019-10-06 19:41:27",611
"2019-10-06 20:41:25",611
"2019-10-06 21:41:25",611
"2019-10-06 22:41:24",611
"2019-10-06 23:41:25",611
"2019-10-07 00:41:25",611
"2019-10-07 01:41:26",611
"2019-10-07 02:41:27",611
"2019-10-07 03:41:25",611
"2019-10-07 04:41:25",611
"2019-10-07 05:41:25",611
"2019-10-07 06:41:26",611
"2019-10-07 07:41:25",611
"2019-10-07 08:41:24",611
"2019-10-07 09:41:29",611
"2019-10-07 10:41:26",611
"2019-10-07 11:41:25",611
"2019-10-07 12:41:30",611
"2019-10-07 13:41:26",611
"2019-10-07 14:41:25",613
"2019-10-07 15:41:26",613
"2019-10-07 16:41:27",613
"2019-10-07 17:41:26",613
"2019-10-07 18:41:26",615
"2019-10-07 19:41:27",617
"2019-10-07 20:41:25",616
"2019-10-07 21:41:25",616
"2019-10-07 22:41:25",616
"2019-10-07 23:41:28",616
"2019-10-08 00:41:25",616
"2019-10-08 01:41:25",616
"2019-10-08 02:41:25",616
"2019-10-08 03:41:27",616
"2019-10-08 04:41:25",616
"2019-10-08 05:41:25",616
"2019-10-08 06:41:26",616
"2019-10-08 07:41:26",616
"2019-10-08 08:41:26",616
"2019-10-08 09:41:26",616
"2019-10-08 10:41:27",616
"2019-10-08 11:41:25",616
"2019-10-08 12:41:25",616
"2019-10-08 13:41:26",616
"2019-10-08 14:41:24",615
"2019-10-08 15:41:25",614
"2019-10-08 16:41:28",614
"2019-10-08 17:41:27",615
"2019-10-08 18:41:27",614
"2019-10-08 19:41:27",614
"2019-10-08 20:41:25",614
"2019-10-08 21:41:25",614
"2019-10-08 22:41:25",614
"2019-10-08 23:41:26",614
"2019-10-09 00:41:25",614
"2019-10-09 01:41:26",614
"2019-10-09 02:41:26",614
"2019-10-09 03:41:25",614
"2019-10-09 04:41:27",614
"2019-10-09 05:41:25",614
"2019-10-09 06:41:26",614
"2019-10-09 07:41:29",614
"2019-10-09 08:41:26",614
"2019-10-09 09:41:24",614
"2019-10-09 10:41:26",614
"2019-10-09 11:41:25",614
"2019-10-09 12:41:29",614
"2019-10-09 13:41:27",614
"2019-10-09 14:41:26",614
"2019-10-09 15:41:30",613
"2019-10-09 16:41:27",612
"2019-10-09 17:41:31",612
"2019-10-09 18:41:28",611
"2019-10-09 19:41:29",610
"2019-10-09 20:41:26",609
"2019-10-09 21:41:25",609
"2019-10-09 22:41:26",609
"2019-10-09 23:41:26",609
"2019-10-10 00:41:27",609
"2019-10-10 01:41:25",609
"2019-10-10 02:41:27",609
"2019-10-10 03:41:25",609
"2019-10-10 04:41:25",609
"2019-10-10 05:41:30",609
"2019-10-10 06:41:26",609
"2019-10-10 07:41:27",609
"2019-10-10 08:41:26",609
"2019-10-10 09:41:25",609
"2019-10-10 10:41:25",609
"2019-10-10 11:41:26",609
"2019-10-10 13:04:31",609
"2019-10-10 13:41:28",609
"2019-10-10 14:41:27",611
"2019-10-10 15:41:27",614
"2019-10-10 16:41:27",618
"2019-10-10 17:41:27",627
"2019-10-10 18:41:26",636
"2019-10-10 19:41:28",641
"2019-10-10 20:41:27",647
"2019-10-10 21:41:28",647
"2019-10-10 22:41:27",647
"2019-10-10 23:41:38",647
"2019-10-11 00:41:28",647
"2019-10-11 01:41:27",647
"2019-10-11 02:41:28",647
"2019-10-11 03:41:30",647
"2019-10-11 04:41:27",647
"2019-10-11 05:41:26",647
"2019-10-11 06:41:29",647
"2019-10-11 07:41:28",647
"2019-10-11 08:41:28",647
"2019-10-11 09:41:31",647
"2019-10-11 10:41:27",647
"2019-10-11 11:41:27",647
"2019-10-11 13:05:02",647
"2019-10-11 13:41:29",647
"2019-10-11 14:41:27",650
"2019-10-11 15:41:32",649
"2019-10-11 16:41:29",648
"2019-10-11 17:41:27",648
"2019-10-11 18:41:28",646
"2019-10-11 19:41:28",649
"2019-10-11 20:41:27",662
"2019-10-11 21:41:27",665
"2019-10-11 22:41:27",665
"2019-10-11 23:41:27",665
"2019-10-12 00:41:29",665
"2019-10-12 01:41:26",665
"2019-10-12 02:41:27",665
"2019-10-12 03:41:29",665
"2019-10-12 04:41:26",665
"2019-10-12 05:41:29",665
"2019-10-12 06:41:30",665
"2019-10-12 07:41:27",665
"2019-10-12 08:41:27",665
"2019-10-12 09:41:29",665
"2019-10-12 10:41:26",665
"2019-10-12 11:41:26",665
"2019-10-12 12:41:30",665
"2019-10-12 13:41:27",665
"2019-10-12 14:41:28",665
"2019-10-12 15:41:27",665
"2019-10-12 16:41:29",665
"2019-10-12 17:41:29",665
"2019-10-12 18:41:27",665
"2019-10-12 19:41:28",665
"2019-10-12 20:41:28",665
"2019-10-12 21:41:27",665
"2019-10-12 22:41:28",665
"2019-10-12 23:41:27",665
"2019-10-13 00:41:29",665
"2019-10-13 01:41:27",665
"2019-10-13 02:41:27",665
"2019-10-13 03:41:29",665
"2019-10-13 04:41:26",665
"2019-10-13 05:41:27",665
"2019-10-13 06:41:28",665
"2019-10-13 07:41:27",665
"2019-10-13 08:41:29",665
"2019-10-13 09:41:29",665
"2019-10-13 10:41:26",665
"2019-10-13 11:41:30",665
"2019-10-13 12:41:27",665
"2019-10-13 13:41:30",665
"2019-10-13 14:41:28",665
"2019-10-13 15:41:27",665
"2019-10-13 16:41:31",665
"2019-10-13 17:41:27",665
"2019-10-13 18:41:28",665
"2019-10-13 19:41:28",665
"2019-10-13 20:41:29",665
"2019-10-13 21:41:29",665
"2019-10-13 22:41:28",665
"2019-10-13 23:41:31",665
"2019-10-14 00:41:28",665
"2019-10-14 01:41:28",665
"2019-10-14 02:41:27",665
"2019-10-14 03:41:27",665
"2019-10-14 04:41:29",665
"2019-10-14 05:41:27",665
"2019-10-14 06:41:29",665
"2019-10-14 07:41:27",665
"2019-10-14 08:41:28",665
"2019-10-14 09:41:30",665
"2019-10-14 10:41:28",665
"2019-10-14 11:41:28",665
"2019-10-14 12:41:30",665
"2019-10-14 13:41:28",665
"2019-10-14 14:41:28",666
"2019-10-14 15:41:29",664
"2019-10-14 16:41:31",663
"2019-10-14 17:41:27",660
"2019-10-14 18:41:30",659
"2019-10-14 19:41:27",659
"2019-10-14 20:41:29",663
"2019-10-14 21:41:28",668
"2019-10-14 22:41:29",670
"2019-10-14 23:41:33",670
"2019-10-15 00:41:26",670
"2019-10-15 01:41:28",670
"2019-10-15 02:41:31",670
"2019-10-15 03:41:27",670
"2019-10-15 04:41:27",670
"2019-10-15 05:41:29",670
"2019-10-15 06:41:29",670
"2019-10-15 07:41:31",670
"2019-10-15 08:41:29",670
"2019-10-15 09:41:27",670
"2019-10-15 10:41:28",670
"2019-10-15 11:41:29",670
"2019-10-15 12:41:28",670
"2019-10-15 13:41:30",670
"2019-10-15 14:41:27",672
"2019-10-15 15:41:27",666
"2019-10-15 16:41:29",663
"2019-10-15 17:41:28",661
"2019-10-15 18:41:30",659
"2019-10-15 19:41:29",661
"2019-10-15 20:41:32",660
"2019-10-15 21:41:28",660
"2019-10-15 22:41:27",660
"2019-10-15 23:41:27",660
"2019-10-16 00:41:27",660
"2019-10-16 01:41:27",660
"2019-10-16 02:41:28",660
"2019-10-16 03:41:31",660
"2019-10-16 04:41:28",660
"2019-10-16 05:41:28",660
"2019-10-16 06:41:27",660
"2019-10-16 07:41:32",660
"2019-10-16 08:41:32",660
"2019-10-16 09:41:28",660
"2019-10-16 10:41:29",660
"2019-10-16 11:41:27",660
"2019-10-16 12:41:27",660
"2019-10-16 13:41:30",660
"2019-10-16 14:41:27",655
"2019-10-16 15:41:31",654
"2019-10-16 16:41:28",654
"2019-10-16 17:41:27",652
"2019-10-16 18:41:28",650
"2019-10-16 19:41:27",649
"2019-10-16 20:41:27",648
"2019-10-16 21:41:29",648
"2019-10-16 22:41:27",648
"2019-10-16 23:41:28",648
"2019-10-17 00:41:28",648
"2019-10-17 01:41:28",648
"2019-10-17 02:41:27",648
"2019-10-17 03:41:32",648
"2019-10-17 04:41:28",648
"2019-10-17 05:41:27",648
"2019-10-17 06:41:27",648
"2019-10-17 07:41:29",648
"2019-10-17 08:41:28",648
"2019-10-17 09:41:27",648
"2019-10-17 10:41:26",648
"2019-10-17 11:41:28",648
"2019-10-17 12:41:27",648
"2019-10-17 13:41:29",648
"2019-10-17 14:41:28",648
"2019-10-17 15:41:27",648
"2019-10-17 16:41:26",648
"2019-10-17 17:41:28",647
"2019-10-17 18:41:28",647
"2019-10-17 19:41:28",647
"2019-10-17 20:41:28",646
"2019-10-17 21:41:27",646
"2019-10-17 22:41:28",646
"2019-10-17 23:41:27",646
"2019-10-18 00:41:27",646
"2019-10-18 01:41:28",646
"2019-10-18 02:41:26",646
"2019-10-18 03:41:29",646
"2019-10-18 04:41:27",646
"2019-10-18 05:41:28",646
"2019-10-18 06:41:31",646
"2019-10-18 07:41:28",646
"2019-10-18 08:41:28",646
"2019-10-18 09:41:28",646
"2019-10-18 10:41:30",646
"2019-10-18 11:41:28",646
"2019-10-18 13:04:02",646
"2019-10-18 13:41:26",646
"2019-10-18 14:41:27",644
"2019-10-18 15:41:29",643
"2019-10-18 16:41:27",643
"2019-10-18 17:41:28",643
"2019-10-18 18:41:27",643
"2019-10-18 19:41:27",643
"2019-10-18 20:41:29",641
"2019-10-18 21:41:27",641
"2019-10-18 22:41:26",641
"2019-10-18 23:41:27",641
"2019-10-19 00:41:27",641
"2019-10-19 01:41:29",641
"2019-10-19 02:41:27",641
"2019-10-19 03:41:27",641
"2019-10-19 04:41:28",641
"2019-10-19 05:41:27",641
"2019-10-19 06:41:30",641
"2019-10-19 07:41:28",641
"2019-10-19 08:41:28",641
"2019-10-19 09:41:28",641
"2019-10-19 10:41:29",641
"2019-10-19 11:41:27",641
"2019-10-19 12:41:29",641
"2019-10-19 13:41:26",641
"2019-10-19 14:41:27",641
"2019-10-19 15:41:27",641
"2019-10-19 16:41:29",641
"2019-10-19 17:41:27",641
"2019-10-19 18:41:27",641
"2019-10-19 19:41:29",641
"2019-10-19 20:41:27",641
"2019-10-19 21:41:26",641
"2019-10-19 22:41:27",641
"2019-10-19 23:41:26",641
"2019-10-20 00:41:27",641
"2019-10-20 01:41:26",641
"2019-10-20 02:41:29",641
"2019-10-20 03:41:26",641
"2019-10-20 04:41:28",641
"2019-10-20 05:41:29",641
"2019-10-20 06:41:28",641
"2019-10-20 07:41:29",641
"2019-10-20 08:41:27",641
"2019-10-20 09:41:27",641
"2019-10-20 10:41:29",641
"2019-10-20 11:41:27",641
"2019-10-20 12:41:29",641
"2019-10-20 13:41:27",641
"2019-10-20 14:41:26",641
"2019-10-20 15:41:26",641
"2019-10-20 16:41:29",641
"2019-10-20 17:41:26",641
"2019-10-20 18:41:27",641
"2019-10-20 19:41:26",641
"2019-10-20 20:41:26",641
"2019-10-20 21:41:26",641
"2019-10-20 22:41:27",641
"2019-10-20 23:41:27",641
"2019-10-21 00:41:28",641
"2019-10-21 01:41:29",641
"2019-10-21 02:41:27",641
"2019-10-21 03:41:27",641
"2019-10-21 04:41:26",641
"2019-10-21 05:41:30",641
"2019-10-21 06:41:27",641
"2019-10-21 07:41:27",641
"2019-10-21 08:41:28",641
"2019-10-21 09:41:28",641
"2019-10-21 10:41:27",641
"2019-10-21 11:41:29",641
"2019-10-21 13:05:00",641
"2019-10-21 13:41:30",641
"2019-10-21 14:41:27",645
"2019-10-21 15:41:28",666
"2019-10-21 16:41:28",685
"2019-10-21 17:41:27",688
"2019-10-21 18:41:27",691
"2019-10-21 19:41:28",692
"2019-10-21 20:41:27",696
"2019-10-21 21:41:27",698
"2019-10-21 22:41:30",698
"2019-10-21 23:41:27",698
"2019-10-22 00:41:27",698
"2019-10-22 01:41:27",698
"2019-10-22 02:41:29",698
"2019-10-22 03:41:30",698
"2019-10-22 04:41:28",698
"2019-10-22 05:41:28",698
"2019-10-22 06:41:27",698
"2019-10-22 07:41:30",698
"2019-10-22 08:41:28",698
"2019-10-22 09:41:29",698
"2019-10-22 10:41:26",698
"2019-10-22 11:41:26",698
"2019-10-22 12:41:32",698
"2019-10-22 13:41:27",698
"2019-10-22 14:41:27",691
"2019-10-22 15:41:31",687
"2019-10-22 16:41:28",683
"2019-10-22 17:41:30",684
"2019-10-22 18:41:29",678
"2019-10-22 19:41:27",675
"2019-10-22 20:41:29",673
"2019-10-22 21:41:28",673
"2019-10-22 22:41:29",674
"2019-10-22 23:41:29",674
"2019-10-23 00:41:32",674
"2019-10-23 01:41:29",674
"2019-10-23 02:41:27",674
"2019-10-23 03:41:27",674
"2019-10-23 04:41:30",674
"2019-10-23 05:41:29",674
"2019-10-23 06:41:33",674
"2019-10-23 07:41:29",674
"2019-10-23 08:41:28",674
"2019-10-23 09:41:29",674
"2019-10-23 10:41:29",674
"2019-10-23 11:41:27",674
"2019-10-23 12:41:30",674
"2019-10-23 13:41:31",675
"2019-10-23 14:41:27",672
"2019-10-23 15:41:27",669
"2019-10-23 16:41:29",670
"2019-10-23 17:41:27",668
"2019-10-23 18:41:27",670
"2019-10-23 19:41:28",668
"2019-10-23 20:41:29",669
"2019-10-23 21:41:27",669
"2019-10-23 22:41:28",669
"2019-10-23 23:41:28",669
"2019-10-24 00:45:26",669
"2019-10-24 01:41:28",669
"2019-10-24 02:41:29",669
"2019-10-24 03:41:31",669
"2019-10-24 04:41:27",669
"2019-10-24 05:41:30",669
"2019-10-24 06:41:33",669
"2019-10-24 07:41:28",669
"2019-10-24 08:41:28",669
"2019-10-24 09:41:30",669
"2019-10-24 10:41:27",669
"2019-10-24 11:41:27",669
"2019-10-24 13:05:02",669
"2019-10-24 13:41:28",669
"2019-10-24 14:41:26",666
"2019-10-24 15:41:30",670
"2019-10-24 16:41:27",669
"2019-10-24 17:41:28",670
"2019-10-24 18:41:28",670
"2019-10-24 19:41:30",670
"2019-10-24 20:41:27",670
"2019-10-24 21:41:27",670
"2019-10-24 22:41:27",670
"2019-10-24 23:41:28",670
"2019-10-25 00:41:28",670
"2019-10-25 01:41:28",670
"2019-10-25 02:41:30",670
"2019-10-25 03:41:28",670
"2019-10-25 04:41:26",670
"2019-10-25 05:41:29",670
"2019-10-25 06:41:29",670
"2019-10-25 07:41:29",670
"2019-10-25 08:41:30",670
"2019-10-25 09:41:27",670
"2019-10-25 10:41:27",670
"2019-10-25 11:41:32",670
"2019-10-25 13:05:02",670
"2019-10-25 13:41:30",670
"2019-10-25 14:41:32",670
"2019-10-25 15:41:28",704
"2019-10-25 16:41:32",705
"2019-10-25 17:41:29",704
"2019-10-25 18:41:28",705
"2019-10-25 19:41:28",713
"2019-10-25 20:41:28",714
"2019-10-25 21:41:28",715
"2019-10-25 22:41:29",715
"2019-10-25 23:41:28",715
"2019-10-26 00:41:29",715
"2019-10-26 01:41:31",715
"2019-10-26 02:41:29",715
"2019-10-26 03:41:30",715
"2019-10-26 04:41:31",715
"2019-10-26 05:41:28",715
"2019-10-26 06:41:27",715
"2019-10-26 07:41:31",715
"2019-10-26 08:41:29",715
"2019-10-26 09:41:28",715
"2019-10-26 10:41:28",715
"2019-10-26 11:41:30",715
"2019-10-26 12:41:29",715
"2019-10-26 13:41:29",715
"2019-10-26 14:41:31",715
"2019-10-26 15:41:31",715
"2019-10-26 16:41:29",715
"2019-10-26 17:41:29",715
"2019-10-26 18:41:30",715
"2019-10-26 19:41:30",715
"2019-10-26 20:41:29",715
"2019-10-26 21:41:31",715
"2019-10-26 22:41:29",715
"2019-10-26 23:41:29",715
"2019-10-27 00:41:30",715
"2019-10-27 01:41:29",715
"2019-10-27 02:41:30",715
"2019-10-27 03:41:30",715
"2019-10-27 04:41:28",715
"2019-10-27 05:41:32",715
"2019-10-27 06:41:29",715
"2019-10-27 07:41:28",715
"2019-10-27 08:41:29",715
"2019-10-27 09:41:28",715
"2019-10-27 10:41:27",715
"2019-10-27 11:41:28",715
"2019-10-27 12:41:30",715
"2019-10-27 13:41:29",715
"2019-10-27 14:41:28",715
"2019-10-27 15:41:33",715
"2019-10-27 16:41:28",715
"2019-10-27 17:41:29",715
"2019-10-27 18:41:30",715
"2019-10-27 19:41:31",715
"2019-10-27 20:41:32",715
"2019-10-27 21:41:28",715
"2019-10-27 22:41:28",715
"2019-10-27 23:41:28",715
"2019-10-28 00:41:28",715
"2019-10-28 01:41:29",715
"2019-10-28 02:41:28",715
"2019-10-28 03:41:31",715
"2019-10-28 04:41:28",715
"2019-10-28 05:41:28",715
"2019-10-28 06:41:30",715
"2019-10-28 07:41:30",715
"2019-10-28 08:41:28",715
"2019-10-28 09:41:28",715
"2019-10-28 10:41:30",715
"2019-10-28 11:41:27",715
"2019-10-28 12:41:31",715
"2019-10-28 14:41:30",701
"2019-10-28 15:41:35",701
"2019-10-28 16:41:33",695
"2019-10-28 17:41:31",694
"2019-10-28 18:41:31",694
"2019-10-28 19:41:31",694
"2019-10-28 23:41:29",692
"2019-10-29 00:41:30",692
"2019-10-29 01:41:32",692
"2019-10-29 02:41:29",692
"2019-10-29 03:41:32",692
"2019-10-29 04:41:29",692
"2019-10-29 05:41:31",692
"2019-10-29 06:41:31",692
"2019-10-29 07:41:30",692
"2019-10-29 08:41:30",692
"2019-10-29 09:41:28",692
"2019-10-29 10:41:31",692
"2019-10-29 11:41:29",692
"2019-10-29 12:41:29",692
"2019-10-29 13:41:34",692
"2019-10-29 14:41:30",694
"2019-10-29 15:41:31",692
"2019-10-29 16:41:31",692
"2019-10-29 17:41:28",695
"2019-10-29 18:41:30",695
"2019-10-29 19:41:31",694
"2019-10-29 20:41:29",692
"2019-10-29 21:41:30",692
"2019-10-29 22:41:29",692
"2019-10-29 23:41:30",692
"2019-10-30 00:41:33",692
"2019-10-30 01:41:30",692
"2019-10-30 02:41:29",692
"2019-10-30 03:41:30",692
"2019-10-30 04:41:31",692
"2019-10-30 05:41:33",692
"2019-10-30 06:41:30",692
"2019-10-30 07:41:36",692
"2019-10-30 08:41:30",692
"2019-10-30 09:41:30",692
"2019-10-30 10:41:31",692
"2019-10-30 11:41:28",692
"2019-10-30 13:05:31",692
"2019-10-30 13:41:31",692
"2019-10-30 14:41:28",692
"2019-10-30 15:41:28",690
"2019-10-30 16:41:29",690
"2019-10-30 17:41:29",690
"2019-10-30 18:41:29",691
"2019-10-30 19:41:29",689
"2019-10-30 20:41:29",691
"2019-10-30 21:41:29",691
"2019-10-30 22:41:29",691
"2019-10-30 23:41:29",691
"2019-10-31 00:41:29",691
"2019-10-31 01:41:30",691
"2019-10-31 02:41:28",691
"2019-10-31 03:41:30",691
"2019-10-31 04:41:29",691
"2019-10-31 05:41:29",691
"2019-10-31 06:41:31",691
"2019-10-31 07:41:30",691
"2019-10-31 08:41:29",691
"2019-10-31 09:41:31",691
"2019-10-31 10:41:29",691
"2019-10-31 11:41:29",691
"2019-10-31 13:06:34",691
"2019-10-31 13:41:30",691
"2019-10-31 14:41:30",697
"2019-10-31 15:41:31",698
"2019-10-31 16:41:30",699
"2019-10-31 17:41:30",703
"2019-10-31 18:41:29",703
"2019-10-31 19:41:29",701
"2019-10-31 20:41:31",710
"2019-10-31 22:04:33",710
"2019-10-31 22:41:33",710
"2019-10-31 23:41:29",710
"2019-11-01 00:41:29",710
"2019-11-01 01:41:29",710
"2019-11-01 02:41:29",710
"2019-11-01 03:41:31",710
"2019-11-01 04:41:29",710
"2019-11-01 05:41:32",710
"2019-11-01 06:41:28",710
"2019-11-01 07:41:32",710
"2019-11-01 08:41:30",710
"2019-11-01 09:41:31",710
"2019-11-01 10:41:30",710
"2019-11-01 11:41:33",710
"2019-11-01 13:37:37",712
"2019-11-01 13:46:57",712
"2019-11-01 14:41:30",711
"2019-11-01 15:41:30",714
"2019-11-01 16:41:33",715
"2019-11-01 17:41:32",711
"2019-11-01 18:41:34",710
"2019-11-01 19:41:30",707
"2019-11-01 20:41:30",705
"2019-11-01 21:41:30",705
"2019-11-01 22:41:30",705
"2019-11-01 23:41:30",705
"2019-11-02 00:41:32",705
"2019-11-02 01:41:30",705
"2019-11-02 02:41:30",705
"2019-11-02 03:41:33",705
"2019-11-02 04:41:30",705
"2019-11-02 05:41:29",705
"2019-11-02 06:41:32",705
"2019-11-02 07:41:30",705
"2019-11-02 08:41:30",705
"2019-11-02 09:41:29",705
"2019-11-02 10:41:32",705
"2019-11-02 11:41:30",705
"2019-11-02 12:41:32",705
"2019-11-02 13:41:31",705
"2019-11-02 14:41:31",705
"2019-11-02 15:41:33",705
"2019-11-02 16:41:30",705
"2019-11-02 17:41:30",705
"2019-11-02 18:41:31",705
"2019-11-02 19:41:30",705
"2019-11-02 20:41:30",705
"2019-11-02 23:41:30",705
"2019-11-03 00:41:30",705
"2019-11-03 01:41:30",705
"2019-11-03 02:41:31",705
"2019-11-03 03:41:30",705
"2019-11-03 05:41:31",705
"2019-11-03 06:41:30",705
"2019-11-03 07:41:31",705
"2019-11-03 21:41:31",705
"2019-11-03 22:41:29",705
"2019-11-03 23:41:32",705
"2019-11-04 00:41:29",705
"2019-11-04 01:41:30",705
"2019-11-04 02:41:29",705
"2019-11-04 03:41:29",705
"2019-11-04 04:41:29",705
"2019-11-04 05:41:32",705
"2019-11-04 06:41:30",705
"2019-11-04 07:41:29",705
"2019-11-04 08:41:29",705
"2019-11-04 09:41:31",705
"2019-11-04 10:41:29",705
"2019-11-04 11:41:29",705
"2019-11-04 12:41:29",705
"2019-11-04 14:07:03",706
"2019-11-04 15:41:29",705
"2019-11-04 16:41:30",705
"2019-11-04 17:41:30",701
"2019-11-04 18:41:30",700
"2019-11-04 19:41:32",701
"2019-11-04 20:41:30",701
"2019-11-04 21:41:30",698
"2019-11-04 22:41:30",699
"2019-11-04 23:41:30",699
"2019-11-05 00:41:30",699
"2019-11-05 01:41:30",699
"2019-11-05 02:41:32",699
"2019-11-05 03:41:31",699
"2019-11-05 04:41:29",699
"2019-11-05 05:41:30",699
"2019-11-05 06:41:31",699
"2019-11-05 07:41:30",699
"2019-11-05 08:41:30",699
"2019-11-05 09:41:31",699
"2019-11-05 10:41:29",699
"2019-11-05 11:41:30",699
"2019-11-05 12:41:30",699
"2019-11-05 14:07:03",699
"2019-11-05 14:41:32",699
"2019-11-05 15:41:30",696
"2019-11-05 16:41:31",695
"2019-11-05 17:41:30",695
"2019-11-05 18:41:30",694
"2019-11-05 19:41:31",695
"2019-11-05 20:41:31",695
"2019-11-05 21:41:30",696
"2019-11-05 22:41:30",697
"2019-11-05 23:41:30",697
"2019-11-06 00:41:30",697
"2019-11-06 01:41:30",697
"2019-11-06 02:41:31",697
"2019-11-06 03:41:31",697
"2019-11-06 04:41:33",697
"2019-11-06 05:41:31",697
"2019-11-06 06:41:33",697
"2019-11-06 07:41:29",697
"2019-11-06 08:41:29",697
"2019-11-06 09:41:31",697
"2019-11-06 10:41:32",697
"2019-11-06 11:41:30",697
"2019-11-06 12:41:29",697
"2019-11-06 13:41:30",697
"2019-11-06 14:41:32",697
"2019-11-06 15:41:31",697
"2019-11-06 16:41:31",699
"2019-11-06 17:41:32",699
"2019-11-06 18:41:31",700
"2019-11-06 19:41:31",698
"2019-11-06 20:41:31",699
"2019-11-06 21:41:31",699
"2019-11-06 22:41:31",702
"2019-11-06 23:41:31",702
"2019-11-07 00:41:31",702
"2019-11-07 01:41:31",702
"2019-11-07 02:41:32",702
"2019-11-07 03:41:31",702
"2019-11-07 04:41:32",702
"2019-11-07 05:41:32",702
"2019-11-07 06:41:30",702
"2019-11-07 07:41:31",702
"2019-11-07 08:41:31",702
"2019-11-07 09:41:31",702
"2019-11-07 10:41:29",702
"2019-11-07 11:41:30",702
"2019-11-07 12:41:30",702
"2019-11-07 14:05:33",702
"2019-11-07 14:42:02",702
"2019-11-07 15:41:32",697
"2019-11-07 16:41:32",696
"2019-11-07 17:41:31",694
"2019-11-07 18:41:32",693
"2019-11-07 19:41:33",693
"2019-11-07 21:06:05",693
"2019-11-07 21:41:31",693
"2019-11-07 22:41:31",694
"2019-11-07 23:41:32",694
"2019-11-08 00:41:33",694
"2019-11-08 01:41:32",694
"2019-11-08 02:41:33",694
"2019-11-08 03:41:31",694
"2019-11-08 04:41:31",694
"2019-11-08 05:41:33",694
"2019-11-08 06:41:31",694
"2019-11-08 07:41:32",694
"2019-11-08 08:41:35",694
"2019-11-08 09:41:32",694
"2019-11-08 10:41:32",694
"2019-11-08 11:41:30",694
"2019-11-08 12:41:31",694
"2019-11-08 14:07:06",694
"2019-11-08 14:42:07",694
"2019-11-08 15:41:32",691
"2019-11-08 16:41:33",691
"2019-11-08 17:41:34",692
"2019-11-08 18:41:33",692
"2019-11-08 19:41:34",692
"2019-11-08 20:41:32",693
"2019-11-08 21:41:33",693
"2019-11-08 22:41:33",693
"2019-11-08 23:41:32",693
"2019-11-09 00:41:33",693
"2019-11-09 01:41:34",693
"2019-11-09 02:41:33",693
"2019-11-09 03:41:32",693
"2019-11-09 04:41:34",693
"2019-11-09 05:41:32",693
"2019-11-09 06:41:33",693
"2019-11-09 07:41:33",693
"2019-11-09 08:41:34",693
"2019-11-09 09:41:32",693
"2019-11-09 10:41:32",693
"2019-11-09 11:41:34",693
"2019-11-09 12:41:32",693
"2019-11-09 13:41:32",693
"2019-11-09 14:41:34",693
"2019-11-09 15:41:34",693
"2019-11-09 16:41:33",693
"2019-11-09 17:41:33",693
"2019-11-09 18:41:31",693
"2019-11-09 19:41:33",693
"2019-11-09 20:41:34",693
"2019-11-09 21:41:33",693
"2019-11-09 22:41:34",693
"2019-11-09 23:41:32",693
"2019-11-10 00:41:32",693
"2019-11-10 01:41:33",693
"2019-11-10 02:41:34",693
"2019-11-10 03:41:31",693
"2019-11-10 04:41:32",693
"2019-11-10 05:41:32",693
"2019-11-10 06:41:32",693
"2019-11-10 07:41:31",693
"2019-11-10 08:41:33",693
"2019-11-10 09:41:34",693
"2019-11-10 10:41:31",693
"2019-11-10 11:41:32",693
"2019-11-10 12:41:32",693
"2019-11-10 13:41:32",693
"2019-11-10 14:41:31",693
"2019-11-10 15:41:33",693
"2019-11-10 16:41:32",693
"2019-11-10 17:41:32",693
"2019-11-10 18:41:34",693
"2019-11-10 19:41:31",693
"2019-11-10 20:41:32",693
"2019-11-10 21:41:31",693
"2019-11-10 22:41:33",693
"2019-11-10 23:41:33",693
"2019-11-11 00:41:33",693
"2019-11-11 01:41:34",693
"2019-11-11 02:41:34",693
"2019-11-11 03:41:33",693
"2019-11-11 04:41:32",693
"2019-11-11 05:41:33",693
"2019-11-11 06:41:32",693
"2019-11-11 07:41:34",693
"2019-11-11 08:41:35",693
"2019-11-11 09:41:34",693
"2019-11-11 10:41:34",693
"2019-11-11 11:41:33",693
"2019-11-11 12:41:34",693
"2019-11-11 13:41:34",693
"2019-11-11 14:41:35",693
"2019-11-11 15:41:36",693
"2019-11-11 16:41:33",693
"2019-11-11 17:41:35",692
"2019-11-11 18:41:35",692
"2019-11-11 19:41:34",691
"2019-11-11 21:41:33",692
"2019-11-11 22:41:33",692
"2019-11-11 23:41:32",692
"2019-11-12 00:41:31",692
"2019-11-12 01:41:32",692
"2019-11-12 02:41:33",692
"2019-11-12 03:41:33",692
"2019-11-12 04:41:32",692
"2019-11-12 05:41:33",692
"2019-11-12 06:41:32",692
"2019-11-12 07:41:34",692
"2019-11-12 08:41:31",692
"2019-11-12 09:41:32",692
"2019-11-12 10:41:31",692
"2019-11-12 11:41:33",692
"2019-11-12 12:41:36",692
"2019-11-12 14:05:35",692
"2019-11-12 14:41:34",692
"2019-11-12 15:41:32",690
"2019-11-12 16:41:34",686
"2019-11-12 17:41:33",682
"2019-11-12 18:41:35",683
"2019-11-12 19:41:32",679
"2019-11-12 20:41:31",678
"2019-11-12 21:41:33",677
"2019-11-12 22:41:34",677
"2019-11-12 23:41:33",677
"2019-11-13 00:41:35",677
"2019-11-13 01:41:32",677
"2019-11-13 02:41:33",677
"2019-11-13 03:41:35",677
"2019-11-13 04:41:33",677
"2019-11-13 05:41:37",677
"2019-11-13 06:41:32",677
"2019-11-13 07:41:36",677
"2019-11-13 08:41:34",677
"2019-11-13 09:41:34",677
"2019-11-13 10:41:33",677
"2019-11-13 11:41:36",677
"2019-11-13 12:41:32",677
"2019-11-13 13:41:32",677
"2019-11-13 15:41:35",676
"2019-11-13 16:41:32",676
"2019-11-13 17:41:34",677
"2019-11-13 18:41:35",676
"2019-11-13 19:41:32",677
"2019-11-13 20:41:33",678
"2019-11-13 21:41:31",677
"2019-11-13 22:41:33",677
"2019-11-13 23:41:33",677
"2019-11-14 00:41:33",677
"2019-11-14 01:41:31",677
"2019-11-14 02:41:34",677
"2019-11-14 03:41:31",677
"2019-11-14 04:41:32",677
"2019-11-14 05:41:35",677
"2019-11-14 06:41:31",677
"2019-11-14 07:41:35",677
"2019-11-14 08:41:34",677
"2019-11-14 09:41:34",677
"2019-11-14 10:41:33",677
"2019-11-14 11:41:35",677
"2019-11-14 12:41:31",677
"2019-11-14 14:05:08",676
"2019-11-14 14:41:33",676
"2019-11-14 15:41:33",675
"2019-11-14 17:41:33",675
"2019-11-14 18:41:32",675
"2019-11-14 19:41:32",674
"2019-11-14 20:41:33",674
"2019-11-14 21:41:36",674
"2019-11-14 22:41:32",674
"2019-11-14 23:41:33",674
"2019-11-15 00:41:33",674
"2019-11-15 01:41:32",674
"2019-11-15 02:41:32",674
"2019-11-15 03:41:33",674
"2019-11-15 04:41:33",674
"2019-11-15 05:41:33",674
"2019-11-15 06:41:34",674
"2019-11-15 07:41:31",674
"2019-11-15 08:41:38",674
"2019-11-15 09:41:32",674
"2019-11-15 10:41:32",674
"2019-11-15 11:41:32",674
"2019-11-15 12:41:34",674
"2019-11-15 14:08:05",674
"2019-11-15 15:41:35",676
"2019-11-15 16:41:32",675
"2019-11-15 17:41:33",673
"2019-11-15 18:41:37",673
"2019-11-15 19:41:34",673
"2019-11-15 20:41:33",673
"2019-11-15 21:41:31",672
"2019-11-15 22:41:34",672
"2019-11-15 23:41:33",672
"2019-11-16 00:41:34",672
"2019-11-16 01:41:32",672
"2019-11-16 02:41:33",672
"2019-11-16 03:41:32",672
"2019-11-16 04:41:34",672
"2019-11-16 05:41:33",672
"2019-11-16 06:41:33",672
"2019-11-16 07:41:33",672
"2019-11-16 08:41:33",672
"2019-11-16 09:41:34",672
"2019-11-16 10:41:31",672
"2019-11-16 11:41:32",672
"2019-11-16 12:41:34",672
"2019-11-16 13:41:35",672
"2019-11-16 14:41:34",672
"2019-11-16 15:41:32",672
"2019-11-16 16:41:33",672
"2019-11-16 17:41:34",672
"2019-11-16 18:41:32",672
"2019-11-16 19:41:31",672
"2019-11-16 20:41:31",672
"2019-11-16 21:41:31",672
"2019-11-16 22:41:32",672
"2019-11-16 23:41:31",672
"2019-11-17 00:41:32",672
"2019-11-17 01:41:31",672
"2019-11-17 02:41:33",672
"2019-11-17 03:41:31",672
"2019-11-17 04:41:33",672
"2019-11-17 05:41:32",672
"2019-11-17 06:41:34",672
"2019-11-17 07:41:33",672
"2019-11-17 08:41:32",672
"2019-11-17 10:41:35",672
"2019-11-17 11:41:35",672
"2019-11-17 12:41:32",672
"2019-11-17 13:41:34",672
"2019-11-17 14:41:31",672
"2019-11-17 15:41:31",672
"2019-11-17 16:41:33",672
"2019-11-17 17:41:31",672
"2019-11-17 18:41:31",672
"2019-11-17 19:41:32",672
"2019-11-17 20:41:34",672
"2019-11-17 21:41:34",672
"2019-11-17 22:41:32",672
"2019-11-17 23:41:35",672
"2019-11-18 00:41:31",672
"2019-11-18 01:41:31",672
"2019-11-18 02:41:33",672
"2019-11-18 03:41:32",672
"2019-11-18 04:41:31",672
"2019-11-18 05:41:34",672
"2019-11-18 06:41:30",672
"2019-11-18 07:41:32",672
"2019-11-18 08:41:34",672
"2019-11-18 09:41:34",672
"2019-11-18 10:41:33",672
"2019-11-18 11:41:31",672
"2019-11-18 12:41:33",672
"2019-11-18 14:06:36",672
"2019-11-18 14:41:32",672
"2019-11-18 15:41:35",672
"2019-11-18 16:41:33",671
"2019-11-18 17:41:35",670
"2019-11-18 18:41:35",668
"2019-11-18 19:41:33",668
"2019-11-18 20:41:33",667
"2019-11-18 21:41:33",667
"2019-11-18 22:41:31",667
"2019-11-18 23:41:34",667
"2019-11-19 00:41:33",667
"2019-11-19 01:41:33",667
"2019-11-19 02:41:31",667
"2019-11-19 03:41:32",667
"2019-11-19 04:41:32",667
"2019-11-19 05:41:31",667
"2019-11-19 06:41:33",667
"2019-11-19 07:41:32",667
"2019-11-19 08:41:32",667
"2019-11-19 09:41:34",667
"2019-11-19 10:41:33",667
"2019-11-19 11:41:32",667
"2019-11-19 12:41:33",667
"2019-11-19 14:06:38",670
"2019-11-19 14:41:34",670
"2019-11-19 15:41:35",1012
"2019-11-19 16:41:34",1037
"2019-11-19 17:41:34",1047
"2019-11-19 18:41:32",1041
"2019-11-19 19:41:35",1045
"2019-11-19 20:41:34",1042
"2019-11-19 21:41:37",1045
"2019-11-19 22:41:35",1041
"2019-11-19 23:41:34",1039
"2019-11-20 00:41:34",1039
"2019-11-20 01:41:34",1039
"2019-11-20 02:41:35",1039
"2019-11-20 03:41:35",1039
"2019-11-20 04:41:34",1039
"2019-11-20 05:41:34",1039
"2019-11-20 06:41:34",1039
"2019-11-20 07:41:35",1039
"2019-11-20 08:41:35",1039
"2019-11-20 09:41:38",1039
"2019-11-20 10:41:39",1039
"2019-11-20 11:41:38",1039
"2019-11-20 12:41:36",1039
"2019-11-20 14:06:09",1044
"2019-11-20 14:41:38",1044
"2019-11-20 15:41:36",1028
"2019-11-20 16:41:36",1001
"2019-11-20 22:41:35",1107
"2019-11-20 23:41:33",1115
"2019-11-21 00:41:33",1115
"2019-11-21 01:41:33",1115
"2019-11-21 02:41:36",1115
"2019-11-21 03:41:34",1115
"2019-11-21 04:41:33",1115
"2019-11-21 05:41:35",1115
"2019-11-21 06:41:37",1115
"2019-11-21 07:41:32",1115
"2019-11-21 08:41:33",1115
"2019-11-21 09:41:34",1115
"2019-11-21 10:41:35",1115
"2019-11-21 11:41:32",1115
"2019-11-21 12:41:33",1115
"2019-11-21 14:05:37",1116
"2019-11-21 14:41:37",1116
"2019-11-21 15:41:33",1118
"2019-11-21 16:41:34",1119
"2019-11-21 17:41:35",1120
"2019-11-21 18:41:32",1118
"2019-11-21 19:41:32",1122
"2019-11-21 20:41:32",1123
"2019-11-21 21:41:33",1127
"2019-11-21 22:41:34",1129
"2019-11-21 23:41:33",1129
"2019-11-22 00:41:33",1129
"2019-11-22 01:41:35",1129
"2019-11-22 02:41:32",1129
"2019-11-22 03:41:32",1129
"2019-11-22 04:41:31",1129
"2019-11-22 05:41:35",1129
"2019-11-22 06:41:34",1129
"2019-11-22 07:41:35",1129
"2019-11-22 08:41:36",1129
"2019-11-22 09:41:35",1129
"2019-11-22 10:41:36",1129
"2019-11-22 11:41:33",1129
"2019-11-22 12:41:33",1129
"2019-11-22 13:41:33",1129
"2019-11-22 14:41:35",1131
"2019-11-22 15:41:31",1116
"2019-11-22 16:41:32",1117
"2019-11-22 17:41:37",1115
"2019-11-22 18:41:36",1116
"2019-11-22 19:41:32",1110
"2019-11-22 20:41:34",1108
"2019-11-22 21:41:33",1106
"2019-11-22 22:41:32",1107
"2019-11-22 23:41:35",1110
"2019-11-23 00:41:39",1110
"2019-11-23 01:41:33",1110
"2019-11-23 02:41:33",1110
"2019-11-23 03:41:33",1110
"2019-11-23 04:41:36",1110
"2019-11-23 05:41:33",1110
"2019-11-23 06:41:34",1110
"2019-11-23 07:41:34",1110
"2019-11-23 08:41:34",1110
"2019-11-23 09:41:35",1110
"2019-11-23 10:41:36",1110
"2019-11-23 11:41:33",1110
"2019-11-23 12:41:32",1110
"2019-11-23 13:41:32",1110
"2019-11-23 14:41:33",1110
"2019-11-23 15:41:33",1110
"2019-11-23 16:41:33",1110
"2019-11-23 17:41:34",1110
"2019-11-23 18:41:34",1110
"2019-11-23 19:41:34",1110
"2019-11-23 20:41:31",1110
"2019-11-23 21:41:33",1110
"2019-11-23 22:41:31",1110
"2019-11-23 23:41:32",1110
"2019-11-24 00:41:34",1110
"2019-11-24 01:41:32",1110
"2019-11-24 02:41:32",1110
"2019-11-24 03:41:33",1110
"2019-11-24 04:41:32",1110
"2019-11-24 05:41:32",1110
"2019-11-24 06:41:33",1110
"2019-11-24 07:41:31",1110
"2019-11-24 08:41:33",1110
"2019-11-24 09:41:34",1110
"2019-11-24 10:41:35",1110
"2019-11-24 11:41:33",1110
"2019-11-24 12:41:31",1110
"2019-11-24 13:41:31",1110
"2019-11-24 14:41:32",1110
"2019-11-24 15:41:33",1110
"2019-11-24 16:41:33",1110
"2019-11-24 17:41:32",1110
"2019-11-24 18:41:34",1110
"2019-11-24 19:41:32",1110
"2019-11-24 20:41:35",1110
"2019-11-24 21:41:32",1110
"2019-11-24 22:41:35",1110
"2019-11-24 23:41:33",1110
"2019-11-25 00:41:33",1110
"2019-11-25 01:41:35",1110
"2019-11-25 02:41:34",1110
"2019-11-25 04:41:31",1110
"2019-11-25 05:41:31",1110
"2019-11-25 06:41:32",1110
"2019-11-25 07:41:33",1110
"2019-11-25 08:41:36",1110
"2019-11-25 09:41:36",1110
"2019-11-25 10:41:36",1110
"2019-11-25 11:41:34",1110
"2019-11-25 12:41:35",1110
"2019-11-25 13:41:32",1110
"2019-11-25 14:41:32",1110
"2019-11-25 15:41:34",1120
"2019-11-25 16:41:32",1138
"2019-11-25 17:41:32",1133
"2019-11-25 18:41:31",1132
"2019-11-25 19:41:34",1129
"2019-11-25 20:41:33",1127
"2019-11-25 21:41:32",1126
"2019-11-25 22:41:36",1129
"2019-11-25 23:41:33",1130
"2019-11-26 00:41:34",1130
"2019-11-26 01:41:33",1130
"2019-11-26 02:41:33",1130
"2019-11-26 03:41:33",1130
"2019-11-26 04:41:32",1130
"2019-11-26 05:41:35",1130
"2019-11-26 06:41:37",1130
"2019-11-26 07:41:33",1130
"2019-11-26 08:41:33",1130
"2019-11-26 09:41:37",1130
"2019-11-26 20:41:36",1119
"2019-11-26 21:41:35",1121
"2019-11-26 22:41:37",1121
"2019-11-26 23:41:34",1122
"2019-11-27 00:41:37",1122
"2019-11-27 01:41:34",1122
"2019-11-27 02:41:33",1122
"2019-11-27 03:41:35",1122
"2019-11-27 04:41:33",1122
"2019-11-27 05:41:34",1122
"2019-11-27 06:41:34",1122
"2019-11-27 07:41:34",1122
"2019-11-27 08:41:39",1122
"2019-11-27 09:41:38",1122
"2019-11-27 10:41:33",1122
"2019-11-27 11:41:31",1122
"2019-11-27 12:41:39",1122
"2019-11-27 13:41:34",1122
"2019-11-27 14:41:35",1122
"2019-11-27 15:41:38",1119
"2019-11-27 16:41:35",1120
"2019-11-27 17:41:34",1116
"2019-11-27 18:41:35",1111
"2019-11-27 19:41:34",1114
"2019-11-27 20:41:34",1114
"2019-11-27 21:41:34",1115
"2019-11-27 22:41:34",1115
"2019-11-27 23:41:33",1115
"2019-11-28 00:41:34",1115
"2019-11-28 01:41:35",1115
"2019-11-28 02:41:38",1115
"2019-11-28 03:41:36",1115
"2019-11-28 04:41:36",1115
"2019-11-28 05:41:34",1115
"2019-11-28 06:41:34",1115
"2019-11-28 07:41:36",1115
"2019-11-28 08:41:34",1115
"2019-11-28 09:41:38",1115
"2019-11-28 10:41:35",1115
"2019-11-28 11:41:34",1115
"2019-11-28 12:41:33",1115
"2019-11-28 13:41:32",1115
"2019-11-28 14:41:34",1115
"2019-11-28 15:41:34",1115
"2019-11-28 16:41:34",1115
"2019-11-28 17:41:35",1115
"2019-11-28 18:41:34",1115
"2019-11-28 19:41:34",1115
"2019-11-28 20:41:33",1115
"2019-11-28 21:41:34",1115
"2019-11-28 22:41:34",1115
"2019-11-28 23:41:34",1115
"2019-11-29 00:41:34",1115
"2019-11-29 01:41:34",1115
"2019-11-29 02:41:34",1115
"2019-11-29 03:41:32",1115
"2019-11-29 04:41:35",1115
"2019-11-29 05:41:35",1115
"2019-11-29 06:41:34",1115
"2019-11-29 07:41:35",1115
"2019-11-29 08:41:40",1115
"2019-11-29 09:41:43",1115
"2019-11-29 10:41:46",1115
"2019-11-29 11:41:36",1115
"2019-11-29 12:41:35",1115
"2019-11-29 13:41:40",1115
"2019-11-29 14:41:39",1116
"2019-11-29 15:41:38",1122
"2019-11-29 16:41:40",1117
"2019-11-29 17:41:38",1116
"2019-11-29 18:41:38",1121
"2019-11-29 19:41:38",1120
"2019-11-29 20:41:37",1120
"2019-11-29 21:41:34",1120
"2019-11-29 22:41:38",1120
"2019-11-29 23:41:36",1120
"2019-11-30 00:41:35",1120
"2019-11-30 01:41:34",1120
"2019-11-30 02:41:36",1120
"2019-11-30 03:41:37",1120
"2019-11-30 04:41:35",1120
"2019-11-30 05:41:38",1120
"2019-11-30 06:41:37",1120
"2019-11-30 07:41:37",1120
"2019-11-30 08:41:36",1120
"2019-11-30 21:41:41",1120
"2019-11-30 22:41:38",1120
"2019-11-30 23:41:36",1120
"2019-12-01 00:41:35",1120
"2019-12-01 01:41:34",1120
"2019-12-01 02:41:37",1120
"2019-12-01 22:41:40",1120
"2019-12-01 23:41:35",1120
"2019-12-02 00:41:33",1120
"2019-12-02 01:41:36",1120
"2019-12-02 02:41:35",1120
"2019-12-02 06:13:32",1120
"2019-12-02 06:42:09",1120
"2019-12-02 07:42:17",1120
"2019-12-02 08:42:09",1120
"2019-12-02 09:42:09",1120
"2019-12-02 10:42:09",1120
"2019-12-02 11:42:09",1120
"2019-12-02 12:42:07",1120
"2019-12-02 14:06:10",1120
"2019-12-02 14:42:11",1120
"2019-12-02 15:42:13",1120
"2019-12-02 16:42:10",1118
"2019-12-02 17:42:15",1115
"2019-12-02 18:42:16",1115
"2019-12-02 19:42:19",1110
"2019-12-02 20:42:14",1108
"2019-12-02 21:42:15",1109
"2019-12-02 22:42:16",1108
"2019-12-02 23:42:17",1107
"2019-12-03 00:42:14",1107
"2019-12-03 01:42:15",1107
"2019-12-03 02:42:16",1107
"2019-12-03 03:42:14",1107
"2019-12-03 04:42:15",1107
"2019-12-03 05:42:15",1107
"2019-12-03 06:42:09",1107
"2019-12-03 07:42:10",1107
"2019-12-03 08:42:08",1107
"2019-12-03 09:42:13",1107
"2019-12-03 10:42:16",1107
"2019-12-03 11:42:13",1107
"2019-12-03 12:42:08",1107
"2019-12-03 13:42:07",1107
"2019-12-03 14:42:14",1107
"2019-12-03 15:42:08",1107
"2019-12-03 16:42:16",1094
"2019-12-03 17:42:14",1093
"2019-12-03 18:42:14",1092
"2019-12-03 19:42:14",1091
"2019-12-03 20:42:14",1088
"2019-12-03 21:42:21",1083
"2019-12-03 22:42:14",1083
"2019-12-03 23:42:14",1083
"2019-12-04 00:42:24",1083
"2019-12-04 01:42:26",1083
"2019-12-04 02:42:24",1083
"2019-12-04 03:42:17",1083
"2019-12-04 04:42:16",1083
"2019-12-04 05:42:17",1083
"2019-12-04 06:42:15",1083
"2019-12-04 07:42:17",1083
"2019-12-04 08:42:12",1083
"2019-12-04 09:42:09",1083
"2019-12-04 10:42:10",1083
"2019-12-04 11:42:12",1083
"2019-12-04 12:42:10",1083
"2019-12-04 14:05:40",1083
"2019-12-04 14:42:19",1083
"2019-12-04 15:42:21",1091
"2019-12-04 16:42:17",1091
"2019-12-04 17:42:16",1094
"2019-12-04 18:42:17",1094
"2019-12-04 19:42:16",1093
"2019-12-04 20:42:17",1093
"2019-12-04 21:42:14",1096
"2019-12-04 22:42:14",1098
"2019-12-04 23:42:15",1098
"2019-12-05 00:42:16",1098
"2019-12-05 01:42:17",1098
"2019-12-05 02:42:15",1098
"2019-12-05 03:42:15",1098
"2019-12-05 04:42:16",1098
"2019-12-05 05:42:14",1098
"2019-12-05 06:42:18",1098
"2019-12-05 07:42:10",1098
"2019-12-05 08:42:15",1098
"2019-12-05 09:42:08",1098
"2019-12-05 10:42:08",1098
"2019-12-05 11:42:09",1098
"2019-12-05 12:42:09",1098
"2019-12-05 13:42:19",1098
"2019-12-05 14:42:18",1098
"2019-12-05 15:42:19",1102
"2019-12-05 16:42:17",1102
"2019-12-05 17:42:18",1104
"2019-12-05 18:42:18",1099
"2019-12-05 20:06:12",1101
"2019-12-05 20:42:25",1101
"2019-12-05 21:42:17",1106
"2019-12-05 22:42:18",1105
"2019-12-05 23:42:16",1105
"2019-12-06 00:42:18",1105
"2019-12-06 01:42:17",1105
"2019-12-06 02:42:19",1105
"2019-12-06 03:42:18",1105
"2019-12-06 04:42:17",1105
"2019-12-06 05:42:21",1105
"2019-12-06 06:42:17",1105
"2019-12-06 07:42:19",1105
"2019-12-06 08:42:19",1105
"2019-12-06 09:42:17",1105
"2019-12-06 10:42:18",1105
"2019-12-06 11:42:18",1105
"2019-12-06 12:42:11",1105
"2019-12-06 13:42:38",1105
"2019-12-06 14:42:21",1105
"2019-12-06 15:42:26",1099
"2019-12-06 16:42:19",1098
"2019-12-06 17:42:16",1099
"2019-12-06 18:42:18",1099
"2019-12-06 19:42:18",1099
"2019-12-06 20:42:17",1097
"2019-12-06 21:42:10",1100
"2019-12-06 22:42:11",1100
"2019-12-06 23:42:14",1101
"2019-12-07 00:42:11",1101
"2019-12-07 01:42:18",1101
"2019-12-07 02:42:20",1101
"2019-12-07 03:42:17",1101
"2019-12-07 04:42:18",1101
"2019-12-07 05:42:26",1101
"2019-12-07 06:42:13",1101
"2019-12-07 07:42:12",1101
"2019-12-07 08:42:13",1101
"2019-12-07 09:42:10",1101
"2019-12-07 10:42:11",1101
"2019-12-07 11:42:10",1101
"2019-12-07 12:42:17",1101
"2019-12-07 13:42:31",1101
"2019-12-07 14:42:17",1101
"2019-12-07 15:42:19",1101
"2019-12-07 16:42:18",1101
"2019-12-07 17:42:19",1101
"2019-12-07 18:42:18",1101
"2019-12-07 19:42:12",1101
"2019-12-07 20:42:18",1101
"2019-12-07 21:42:19",1101
"2019-12-07 22:42:12",1101
"2019-12-07 23:42:12",1101
"2019-12-08 00:42:16",1101
"2019-12-08 01:42:12",1101
"2019-12-08 02:42:19",1101
"2019-12-08 03:42:18",1101
"2019-12-08 04:42:16",1101
"2019-12-08 05:42:20",1101
"2019-12-08 06:42:18",1101
"2019-12-08 07:42:17",1101
"2019-12-08 08:42:17",1101
"2019-12-08 09:42:17",1101
"2019-12-08 10:42:17",1101
"2019-12-08 11:42:10",1101
"2019-12-08 12:42:11",1101
"2019-12-08 13:42:17",1101
"2019-12-08 14:42:11",1101
"2019-12-08 15:42:14",1101
"2019-12-08 16:42:17",1101
"2019-12-08 17:42:19",1101
"2019-12-08 18:42:11",1101
"2019-12-08 19:42:16",1101
"2019-12-08 20:42:16",1101
"2019-12-08 21:42:17",1101
"2019-12-08 22:42:19",1101
"2019-12-08 23:42:17",1101
"2019-12-09 00:42:17",1101
"2019-12-09 01:42:11",1101
"2019-12-09 02:42:12",1101
"2019-12-09 03:42:18",1101
"2019-12-09 04:42:12",1101
"2019-12-09 05:42:16",1101
"2019-12-09 06:42:19",1101
"2019-12-09 07:42:12",1101
"2019-12-09 08:42:13",1101
"2019-12-09 09:42:11",1101
"2019-12-09 10:42:12",1101
"2019-12-09 11:42:09",1101
"2019-12-09 12:42:09",1101
"2019-12-09 14:06:42",1101
"2019-12-09 14:42:16",1101
"2019-12-09 15:42:15",1107
"2019-12-09 16:42:21",1108
"2019-12-09 17:42:25",1108
"2019-12-09 18:42:17",1102
"2019-12-09 19:42:11",1105
"2019-12-09 20:42:18",1105
"2019-12-09 21:42:19",1110
"2019-12-09 22:42:12",1110
"2019-12-09 23:42:16",1110
"2019-12-10 00:42:25",1110
"2019-12-10 01:42:17",1110
"2019-12-10 02:42:18",1110
"2019-12-10 03:42:21",1110
"2019-12-10 04:42:17",1110
"2019-12-10 05:42:22",1110
"2019-12-10 06:42:20",1110
"2019-12-10 07:42:19",1110
"2019-12-10 08:42:22",1110
"2019-12-10 09:42:12",1110
"2019-12-10 10:42:11",1110
"2019-12-10 11:42:10",1110
"2019-12-10 12:42:24",1110
"2019-12-10 13:42:11",1110
"2019-12-10 14:42:13",1110
"2019-12-10 15:42:12",1112
"2019-12-10 16:42:19",1112
"2019-12-10 17:42:16",1114
"2019-12-10 18:42:18",1114
"2019-12-10 19:42:11",1114
"2019-12-10 20:42:17",1115
"2019-12-10 21:42:17",1113
"2019-12-10 22:42:19",1113
"2019-12-10 23:42:19",1114
"2019-12-11 00:42:19",1114
"2019-12-11 01:42:19",1114
"2019-12-11 02:42:27",1114
"2019-12-11 03:42:16",1114
"2019-12-11 04:42:19",1114
"2019-12-11 05:42:21",1114
"2019-12-11 06:42:15",1114
"2019-12-11 07:42:13",1114
"2019-12-11 08:42:18",1114
"2019-12-11 09:42:10",1114
"2019-12-11 10:42:14",1114
"2019-12-11 11:42:14",1114
"2019-12-11 12:42:19",1114
"2019-12-11 13:42:13",1114
"2019-12-11 14:42:30",1114
"2019-12-11 15:42:15",1112
"2019-12-11 16:42:22",1110
"2019-12-11 17:42:24",1114
"2019-12-11 18:42:20",1113
"2019-12-11 19:42:23",1112
"2019-12-11 20:42:10",1113
"2019-12-11 21:42:16",1114
"2019-12-11 22:42:18",1113
"2019-12-11 23:42:19",1112
"2019-12-12 00:42:16",1112
"2019-12-12 01:42:23",1112
"2019-12-12 02:42:21",1112
"2019-12-12 03:42:13",1112
"2019-12-12 04:42:16",1112
"2019-12-12 05:42:20",1112
"2019-12-12 06:42:22",1112
"2019-12-12 07:42:19",1112
"2019-12-12 08:42:13",1112
"2019-12-12 09:42:16",1112
"2019-12-12 10:42:16",1112
"2019-12-12 11:42:11",1112
"2019-12-12 12:42:11",1112
"2019-12-12 14:05:13",1112
"2019-12-12 14:42:28",1112
"2019-12-12 15:42:16",1109
"2019-12-12 16:42:19",1101
"2019-12-12 17:42:13",1105
"2019-12-12 18:42:14",1102
"2019-12-12 19:42:13",1102
"2019-12-12 20:42:14",1102
"2019-12-12 21:42:14",1103
"2019-12-12 22:42:12",1103
"2019-12-12 23:42:12",1103
"2019-12-13 00:42:31",1103
"2019-12-13 01:42:13",1103
"2019-12-13 02:42:11",1103
"2019-12-13 03:42:12",1103
"2019-12-13 04:42:12",1103
"2019-12-13 05:42:17",1103
"2019-12-13 06:42:21",1103
"2019-12-13 07:42:12",1103
"2019-12-13 08:42:13",1103
"2019-12-13 09:42:12",1103
"2019-12-13 10:42:13",1103
"2019-12-13 11:42:13",1103
"2019-12-13 12:42:12",1103
"2019-12-13 14:37:17",1102
"2019-12-13 14:45:00",1102
"2019-12-13 15:42:12",1100
"2019-12-13 16:42:11",1096
"2019-12-13 17:42:15",1095
"2019-12-13 18:42:13",1096
"2019-12-13 19:42:10",1094
"2019-12-13 20:42:27",1091
"2019-12-13 21:42:11",1090
"2019-12-13 22:42:12",1091
"2019-12-13 23:42:10",1091
"2019-12-14 00:42:11",1091
"2019-12-14 01:42:11",1091
"2019-12-14 02:42:11",1091
"2019-12-14 03:42:16",1091
"2019-12-14 04:42:12",1091
"2019-12-14 05:42:13",1091
"2019-12-14 06:42:12",1091
"2019-12-14 07:42:11",1091
"2019-12-14 08:42:12",1091
"2019-12-14 09:42:11",1091
"2019-12-14 10:42:10",1091
"2019-12-14 11:42:14",1091
"2019-12-14 12:42:10",1091
"2019-12-14 13:42:11",1091
"2019-12-14 14:42:12",1091
"2019-12-14 15:42:11",1091
"2019-12-14 16:42:13",1091
"2019-12-14 17:42:11",1091
"2019-12-14 18:42:12",1091
"2019-12-14 19:42:11",1091
"2019-12-14 20:42:12",1091
"2019-12-14 22:42:17",1091
"2019-12-14 23:42:11",1091
"2019-12-15 00:42:11",1091
"2019-12-15 01:42:14",1091
"2019-12-15 02:42:11",1091
"2019-12-15 03:42:11",1091
"2019-12-15 04:42:12",1091
"2019-12-15 05:42:11",1091
"2019-12-15 06:42:10",1091
"2019-12-15 07:42:13",1091
"2019-12-15 08:42:11",1091
"2019-12-15 09:42:11",1091
"2019-12-15 10:42:12",1091
"2019-12-15 11:42:11",1091
"2019-12-15 13:42:10",1091
"2019-12-15 14:42:11",1091
"2019-12-15 15:42:12",1091
"2019-12-15 16:42:12",1091
"2019-12-15 17:42:11",1091
"2019-12-15 19:42:10",1091
"2019-12-15 20:42:11",1091
"2019-12-15 21:42:12",1091
"2019-12-15 22:42:14",1091
"2019-12-15 23:42:13",1091
"2019-12-16 00:42:12",1091
"2019-12-16 01:42:18",1091
"2019-12-16 02:42:12",1091
"2019-12-16 04:42:19",1091
"2019-12-16 05:42:12",1091
"2019-12-16 06:42:11",1091
"2019-12-16 07:42:11",1091
"2019-12-16 08:42:12",1091
"2019-12-16 09:42:13",1091
"2019-12-16 10:42:12",1091
"2019-12-16 11:42:11",1091
"2019-12-16 12:42:10",1091
"2019-12-16 13:42:10",1091
"2019-12-16 14:42:18",1091
"2019-12-16 16:04:41",1097
"2019-12-16 16:42:12",1097
"2019-12-16 17:42:12",1096
"2019-12-16 18:42:11",1096
"2019-12-16 19:42:12",1095
"2019-12-16 20:42:13",1094
"2019-12-16 21:42:12",1091
"2019-12-16 22:42:11",1091
"2019-12-16 23:42:12",1092
"2019-12-17 00:42:10",1092
"2019-12-17 01:42:11",1092
"2019-12-17 02:42:18",1092
"2019-12-17 03:42:11",1092
"2019-12-17 04:42:12",1092
"2019-12-17 05:42:11",1092
"2019-12-17 06:42:12",1092
"2019-12-17 07:42:12",1092
"2019-12-17 08:42:17",1092
"2019-12-17 09:42:12",1092
"2019-12-17 10:42:11",1092
"2019-12-17 11:42:11",1092
"2019-12-17 12:42:11",1092
"2019-12-17 14:06:12",1092
"2019-12-17 14:42:14",1092
"2019-12-17 15:42:14",1097
"2019-12-17 16:42:12",1097
"2019-12-17 17:42:10",1095
"2019-12-17 18:42:12",1094
"2019-12-17 19:42:17",1090
"2019-12-17 20:42:13",1091
"2019-12-17 21:42:11",1090
"2019-12-17 22:42:12",1090
"2019-12-17 23:42:11",1090
"2019-12-18 00:42:10",1090
"2019-12-18 01:42:10",1090
"2019-12-18 02:42:18",1090
"2019-12-18 03:42:11",1090
"2019-12-18 04:42:10",1090
"2019-12-18 05:42:10",1090
"2019-12-18 06:42:12",1090
"2019-12-18 07:42:12",1090
"2019-12-18 08:42:13",1090
"2019-12-18 09:42:12",1090
"2019-12-18 10:42:22",1090
"2019-12-18 11:42:13",1090
"2019-12-18 12:42:10",1090
"2019-12-18 14:05:12",1090
"2019-12-18 14:42:13",1090
"2019-12-18 15:42:11",1088
"2019-12-18 16:42:13",1091
"2019-12-18 17:42:17",1090
"2019-12-18 18:42:11",1089
"2019-12-18 19:42:11",1090
"2019-12-18 20:42:11",1090
"2019-12-18 21:42:10",1093
"2019-12-18 22:42:12",1093
"2019-12-18 23:42:11",1093
"2019-12-19 00:42:12",1093
"2019-12-19 01:42:13",1093
"2019-12-19 02:42:20",1093
"2019-12-19 03:42:10",1093
"2019-12-19 04:42:12",1093
"2019-12-19 05:42:13",1093
"2019-12-19 06:42:11",1093
"2019-12-19 07:42:11",1093
"2019-12-19 08:42:13",1093
"2019-12-19 09:42:13",1093
"2019-12-19 10:42:10",1093
"2019-12-19 11:42:10",1093
"2019-12-19 12:42:12",1093
"2019-12-19 14:06:43",1093
"2019-12-19 14:42:16",1093
"2019-12-19 15:42:20",1089
"2019-12-19 16:42:18",1087
"2019-12-19 17:42:19",1088
"2019-12-19 18:42:19",1087
"2019-12-19 19:42:18",1089
"2019-12-19 21:06:45",1087
"2019-12-19 21:42:19",1087
"2019-12-19 22:42:19",1088
"2019-12-19 23:42:18",1088
"2019-12-20 00:42:20",1088
"2019-12-20 01:42:18",1088
"2019-12-20 02:42:28",1088
"2019-12-20 03:42:19",1088
"2019-12-20 04:42:21",1088
"2019-12-20 05:42:20",1088
"2019-12-20 06:42:18",1088
"2019-12-20 07:42:19",1088
"2019-12-20 08:42:19",1088
"2019-12-20 09:42:23",1088
"2019-12-20 10:42:12",1088
"2019-12-20 11:42:21",1088
"2019-12-20 12:42:19",1088
"2019-12-20 14:05:44",1088
"2019-12-20 14:42:30",1088
"2019-12-20 15:42:24",1093
"2019-12-20 16:42:27",1091
"2019-12-20 17:42:28",1090
"2019-12-20 18:42:20",1091
"2019-12-20 19:42:22",1089
"2019-12-20 20:42:28",1089
"2019-12-20 21:42:19",1090
"2019-12-20 22:42:18",1090
"2019-12-20 23:42:20",1090
"2019-12-21 00:42:28",1090
"2019-12-21 01:42:21",1090
"2019-12-21 02:42:20",1090
"2019-12-21 03:42:19",1090
"2019-12-21 04:42:19",1090
"2019-12-21 05:42:13",1090
"2019-12-21 06:42:13",1090
"2019-12-21 07:42:18",1090
"2019-12-21 08:42:22",1090
"2019-12-21 09:42:13",1090
"2019-12-21 10:42:12",1090
"2019-12-21 11:42:11",1090
"2019-12-21 12:42:12",1090
"2019-12-21 13:42:12",1090
"2019-12-21 14:42:13",1090
"2019-12-21 15:42:14",1090
"2019-12-21 16:42:20",1090
"2019-12-21 17:42:16",1090
"2019-12-21 18:42:14",1090
"2019-12-21 19:42:13",1090
"2019-12-21 20:42:13",1090
"2019-12-21 21:42:13",1090
"2019-12-21 22:42:19",1090
"2019-12-21 23:42:12",1090
"2019-12-22 00:42:14",1090
"2019-12-22 01:42:20",1090
"2019-12-22 02:42:15",1090
"2019-12-22 04:42:13",1090
"2019-12-22 05:42:14",1090
"2019-12-22 06:42:14",1090
"2019-12-22 07:42:15",1090
"2019-12-22 08:42:16",1090
"2019-12-22 09:42:13",1090
"2019-12-22 10:42:13",1090
"2019-12-22 11:42:12",1090
"2019-12-22 12:42:13",1090
"2019-12-22 13:42:14",1090
"2019-12-22 14:42:15",1090
"2019-12-22 15:42:19",1090
"2019-12-22 16:42:21",1090
"2019-12-22 17:42:12",1090
"2019-12-22 18:42:12",1090
"2019-12-22 19:42:19",1090
"2019-12-22 20:42:20",1090
"2019-12-22 22:42:12",1090
"2019-12-22 23:42:19",1090
"2019-12-23 00:42:20",1090
"2019-12-23 01:42:23",1090
"2019-12-23 02:42:21",1090
"2019-12-23 03:42:21",1090
"2019-12-23 04:42:19",1090
"2019-12-23 05:42:20",1090
"2019-12-23 06:42:19",1090
"2019-12-23 07:42:14",1090
"2019-12-23 08:42:14",1090
"2019-12-23 09:42:15",1090
"2019-12-23 10:42:13",1090
"2019-12-23 11:42:13",1090
"2019-12-23 12:42:12",1090
"2019-12-23 14:06:49",1090
"2019-12-23 14:42:27",1090
"2019-12-23 15:42:15",1102
"2019-12-23 16:42:14",1103
"2019-12-23 17:42:22",1097
"2019-12-23 18:42:18",1097
"2019-12-23 19:42:21",1098
"2019-12-23 20:42:29",1098
"2019-12-23 21:42:18",1097
"2019-12-23 22:42:15",1097
"2019-12-23 23:42:20",1097
"2019-12-24 00:42:14",1097
"2019-12-24 01:42:19",1097
"2019-12-24 02:42:24",1097
"2019-12-24 03:42:22",1097
"2019-12-24 04:42:26",1097
"2019-12-24 05:42:15",1096
"2019-12-24 06:42:21",1096
"2019-12-24 07:42:14",1096
"2019-12-24 08:42:14",1096
"2019-12-24 09:42:14",1096
"2019-12-24 10:42:17",1096
"2019-12-24 11:42:14",1096
"2019-12-24 12:42:13",1096
"2019-12-24 13:42:12",1096
"2019-12-24 14:42:21",1096
"2019-12-24 15:42:19",1097
"2019-12-24 16:42:20",1099
"2019-12-24 17:42:12",1101
"2019-12-24 18:42:13",1102
"2019-12-24 19:42:12",1102
"2019-12-24 20:42:14",1101
"2019-12-24 21:42:13",1101
"2019-12-24 22:42:16",1101
"2019-12-24 23:42:22",1101
"2019-12-25 00:42:17",1101
"2019-12-25 01:42:13",1101
"2019-12-25 02:42:15",1101
"2019-12-25 03:42:15",1101
"2019-12-25 04:42:21",1101
"2019-12-25 05:42:20",1100
"2019-12-25 06:42:15",1100
"2019-12-25 07:42:14",1100
"2019-12-25 08:42:23",1100
"2019-12-25 09:42:15",1100
"2019-12-25 10:42:16",1100
"2019-12-25 11:42:15",1100
"2019-12-25 12:42:14",1100
"2019-12-25 13:42:14",1100
"2019-12-25 14:42:12",1100
"2019-12-25 15:42:19",1100
"2019-12-25 16:42:14",1100
"2019-12-25 17:42:20",1100
"2019-12-25 18:42:14",1100
"2019-12-25 19:42:12",1100
"2019-12-25 20:42:13",1100
"2019-12-25 21:42:12",1100
"2019-12-25 22:42:14",1100
"2019-12-25 23:42:15",1100
"2019-12-26 00:42:19",1100
"2019-12-26 01:42:20",1100
"2019-12-26 02:42:19",1100
"2019-12-26 03:42:19",1100
"2019-12-26 04:42:21",1100
"2019-12-26 05:42:16",1100
"2019-12-26 06:42:20",1100
"2019-12-26 07:42:13",1100
"2019-12-26 08:42:15",1100
"2019-12-26 09:42:15",1100
"2019-12-26 10:42:13",1100
"2019-12-26 11:42:12",1100
"2019-12-26 12:42:12",1100
"2019-12-26 13:42:12",1100
"2019-12-26 14:42:14",1101
"2019-12-26 15:42:13",1105
"2019-12-26 16:42:17",1106
"2019-12-26 17:42:22",1105
"2019-12-26 18:42:14",1106
"2019-12-26 19:42:13",1107
"2019-12-26 20:42:29",1108
"2019-12-26 21:42:18",1107
"2019-12-26 22:42:23",1106
"2019-12-26 23:42:21",1107
"2019-12-27 00:42:15",1107
"2019-12-27 01:42:21",1107
"2019-12-27 02:42:23",1107
"2019-12-27 03:42:21",1107
"2019-12-27 04:42:22",1107
"2019-12-27 05:42:21",1107
"2019-12-27 06:42:21",1107
"2019-12-27 07:42:15",1107
"2019-12-27 08:42:19",1107
"2019-12-27 09:42:16",1107
"2019-12-27 10:42:16",1107
"2019-12-27 11:42:15",1107
"2019-12-27 12:42:15",1107
"2019-12-27 14:06:45",1107
"2019-12-27 14:42:17",1107
"2019-12-27 15:42:14",1107
"2019-12-27 16:42:13",1103
"2019-12-27 17:42:19",1108
"2019-12-27 18:42:20",1106
"2019-12-27 19:42:30",1111
"2019-12-27 20:42:19",1111
"2019-12-27 21:42:30",1115
"2019-12-27 22:42:22",1115
"2019-12-27 23:42:15",1115
"2019-12-28 00:42:21",1115
"2019-12-28 01:42:16",1115
"2019-12-28 02:42:21",1115
"2019-12-28 03:42:14",1115
"2019-12-28 04:42:19",1115
"2019-12-28 05:42:20",1115
"2019-12-28 06:42:20",1115
"2019-12-28 07:42:17",1115
"2019-12-28 08:42:24",1115
"2019-12-28 09:42:16",1115
"2019-12-28 10:42:16",1115
"2019-12-28 11:42:14",1115
"2019-12-28 12:42:13",1115
"2019-12-28 13:42:13",1115
"2019-12-28 14:42:15",1115
"2019-12-28 15:42:14",1115
"2019-12-28 16:42:14",1115
"2019-12-28 17:42:20",1115
"2019-12-28 18:42:15",1115
"2019-12-28 19:42:15",1115
"2019-12-28 20:42:15",1115
"2019-12-28 21:42:15",1115
"2019-12-28 22:42:17",1115
"2019-12-28 23:42:28",1115
"2019-12-29 00:42:15",1115
"2019-12-29 01:42:22",1115
"2019-12-29 02:42:22",1115
"2019-12-29 03:42:23",1115
"2019-12-29 04:42:17",1115
"2019-12-29 05:42:23",1115
"2019-12-29 06:42:23",1115
"2019-12-29 07:42:19",1115
"2019-12-29 08:42:25",1115
"2019-12-29 09:42:15",1115
"2019-12-29 10:42:17",1115
"2019-12-29 11:42:17",1115
"2019-12-29 12:42:17",1115
"2019-12-29 13:42:16",1115
"2019-12-29 14:42:17",1115
"2019-12-29 15:42:21",1115
"2019-12-29 16:42:19",1115
"2019-12-29 17:42:14",1115
"2019-12-29 18:42:19",1115
"2019-12-29 19:42:19",1115
"2019-12-29 20:42:13",1115
"2019-12-29 21:42:28",1115
"2019-12-29 22:42:16",1115
"2019-12-29 23:42:15",1115
"2019-12-30 00:42:15",1115
"2019-12-30 01:42:24",1115
"2019-12-30 02:42:28",1115
"2019-12-30 03:42:20",1115
"2019-12-30 04:42:28",1115
"2019-12-30 05:42:17",1115
"2019-12-30 06:42:13",1115
"2019-12-30 07:42:15",1115
"2019-12-30 08:42:17",1115
"2019-12-30 09:42:33",1115
"2019-12-30 10:42:14",1115
"2019-12-30 11:42:16",1115
"2019-12-30 12:42:15",1115
"2019-12-30 14:06:44",1116
"2019-12-30 14:42:24",1116
"2019-12-30 15:42:14",1116
"2019-12-30 16:42:14",1130
"2019-12-30 17:42:17",1158
"2019-12-30 18:42:21",1157
"2019-12-30 19:42:16",1161
"2019-12-30 20:42:15",1155
"2019-12-30 21:42:14",1154
"2019-12-30 22:42:15",1155
"2019-12-30 23:42:15",1156
"2019-12-31 00:42:15",1156
"2019-12-31 01:42:15",1156
"2019-12-31 02:42:16",1156
"2019-12-31 03:42:18",1156
"2019-12-31 04:42:15",1156
"2019-12-31 05:42:16",1156
"2019-12-31 06:42:17",1156
"2019-12-31 07:42:15",1156
"2019-12-31 08:42:23",1156
"2019-12-31 09:42:21",1156
"2019-12-31 10:42:22",1156
"2019-12-31 11:42:20",1156
"2019-12-31 12:42:21",1156
"2019-12-31 14:07:45",1156
"2019-12-31 14:42:31",1156
"2019-12-31 15:42:24",1161
"2019-12-31 16:42:14",1161
"2019-12-31 17:42:14",1164
"2019-12-31 18:42:14",1163
"2019-12-31 19:42:15",1164
"2019-12-31 20:42:15",1169
"2019-12-31 21:42:15",1171
"2019-12-31 22:42:13",1171
"2019-12-31 23:42:14",1171
"2020-01-01 00:42:14",1171
"2020-01-01 01:42:16",1171
"2020-01-01 02:42:14",1171
"2020-01-01 03:42:19",1171
"2020-01-01 04:42:15",1171
"2020-01-01 05:42:23",1171
"2020-01-01 06:42:21",1171
"2020-01-01 07:42:23",1171
"2020-01-01 08:42:21",1171
"2020-01-01 09:42:16",1171
"2020-01-01 10:42:14",1171
"2020-01-01 11:42:15",1171
"2020-01-01 12:42:14",1171
"2020-01-01 13:42:17",1171
"2020-01-01 14:42:15",1171
"2020-01-01 15:42:16",1171
"2020-01-01 16:42:15",1171
"2020-01-01 17:42:14",1171
"2020-01-01 18:42:15",1171
"2020-01-01 19:42:15",1171
"2020-01-01 20:42:14",1171
"2020-01-01 21:42:15",1171
"2020-01-01 22:42:21",1171
"2020-01-01 23:42:31",1171
"2020-01-02 00:42:19",1171
"2020-01-02 01:42:21",1171
"2020-01-02 02:42:31",1171
"2020-01-02 03:42:15",1171
"2020-01-02 04:42:15",1171
"2020-01-02 05:42:15",1171
"2020-01-02 06:42:15",1171
"2020-01-02 07:42:14",1171
"2020-01-02 08:42:17",1171
"2020-01-02 09:42:17",1171
"2020-01-02 10:42:19",1171
"2020-01-02 11:42:15",1171
"2020-01-02 12:42:16",1171
"2020-01-02 14:08:15",1175
"2020-01-02 14:43:07",1175
"2020-01-02 15:42:18",1205
"2020-01-02 16:42:16",1211
"2020-01-02 17:42:16",1209
"2020-01-02 18:42:18",1212
"2020-01-02 19:42:16",1199
"2020-01-02 20:42:16",1199
"2020-01-02 21:42:15",1203
"2020-01-02 22:42:54",1205
"2020-01-02 23:42:14",1205
"2020-01-03 00:42:22",1205
"2020-01-03 01:42:16",1205
"2020-01-03 02:42:21",1205
"2020-01-03 03:42:16",1205
"2020-01-03 04:42:14",1205
"2020-01-03 05:42:15",1205
"2020-01-03 06:42:17",1205
"2020-01-03 07:42:14",1205
"2020-01-03 08:42:18",1205
"2020-01-03 09:42:14",1205
"2020-01-03 10:42:15",1205
"2020-01-03 11:42:14",1205
"2020-01-03 12:42:15",1205
"2020-01-03 14:08:14",1208
"2020-01-03 14:45:18",1208
"2020-01-03 15:42:17",1217
"2020-01-03 16:42:20",1226
"2020-01-03 17:42:34",1227
"2020-01-03 18:42:14",1229
"2020-01-03 19:42:14",1234
"2020-01-03 20:42:13",1234
"2020-01-03 21:42:13",1241
"2020-01-03 22:42:15",1241
"2020-01-03 23:42:13",1240
"2020-01-04 00:42:16",1240
"2020-01-04 01:42:14",1240
"2020-01-04 02:42:17",1240
"2020-01-04 03:42:15",1240
"2020-01-04 04:42:15",1240
"2020-01-04 05:42:15",1240
"2020-01-04 06:42:14",1240
"2020-01-04 07:42:14",1240
"2020-01-04 08:42:17",1240
"2020-01-04 09:42:12",1240
"2020-01-04 10:42:15",1240
"2020-01-04 11:42:12",1240
"2020-01-04 12:42:15",1240
"2020-01-04 13:42:14",1240
"2020-01-04 14:42:14",1240
"2020-01-04 15:42:15",1240
"2020-01-04 16:42:14",1240
"2020-01-04 17:42:16",1240
"2020-01-04 18:42:15",1240
"2020-01-04 19:42:14",1240
"2020-01-04 20:42:15",1240
"2020-01-04 21:42:28",1240
"2020-01-04 22:42:13",1240
"2020-01-04 23:42:23",1240
"2020-01-05 00:42:14",1240
"2020-01-05 01:42:29",1240
"2020-01-05 02:42:24",1240
"2020-01-05 03:42:22",1240
"2020-01-05 04:42:14",1240
"2020-01-05 05:42:14",1240
"2020-01-05 06:42:14",1240
"2020-01-05 07:42:14",1240
"2020-01-05 08:42:15",1240
"2020-01-05 09:42:15",1240
"2020-01-05 10:42:14",1240
"2020-01-05 11:42:14",1240
"2020-01-05 12:42:14",1240
"2020-01-05 13:42:14",1240
"2020-01-05 14:42:14",1240
"2020-01-05 15:42:15",1240
"2020-01-05 16:42:16",1240
"2020-01-05 17:42:31",1240
"2020-01-05 18:42:19",1240
"2020-01-05 20:42:16",1240
"2020-01-05 21:42:28",1240
"2020-01-05 22:42:15",1240
"2020-01-05 23:42:17",1240
"2020-01-06 00:42:17",1240
"2020-01-06 01:42:15",1240
"2020-01-06 02:42:23",1240
"2020-01-06 03:42:22",1240
"2020-01-06 04:42:23",1240
"2020-01-06 05:42:16",1240
"2020-01-06 06:42:17",1240
"2020-01-06 07:42:15",1240
"2020-01-06 08:42:16",1240
"2020-01-16 06:42:15",1725
"2020-01-16 07:42:15",1725
"2020-01-16 08:42:16",1725
"2020-01-16 09:42:20",1725
"2020-01-16 10:42:14",1725
"2020-01-16 11:42:16",1725
"2020-01-16 12:42:13",1725
"2020-01-16 14:08:17",1726
"2020-01-16 15:42:17",1719
"2020-01-16 16:42:19",1699
"2020-01-16 17:42:20",1697
"2020-01-16 18:42:17",1700
"2020-01-16 19:42:17",1695
"2020-01-16 20:42:16",1699
"2020-01-16 21:42:17",1691
"2020-01-16 22:42:18",1694
"2020-01-16 23:42:19",1693
"2020-01-17 00:42:33",1693
"2020-01-17 01:42:36",1693
"2020-01-17 02:42:17",1693
"2020-01-17 03:42:17",1693
"2020-01-17 04:42:18",1693
"2020-01-17 05:42:16",1693
"2020-01-17 06:42:19",1693
"2020-01-17 07:42:16",1693
"2020-01-17 08:42:20",1693
"2020-01-17 09:42:36",1693
"2020-01-17 10:42:17",1693
"2020-01-17 11:42:18",1693
"2020-01-17 12:42:19",1693
"2020-01-17 14:06:18",1693
"2020-01-17 14:42:21",1693
"2020-01-17 15:42:19",1685
"2020-01-17 16:42:18",1680
"2020-01-17 17:42:19",1673
"2020-01-17 18:42:18",1670
"2020-01-17 19:42:18",1667
"2020-01-17 20:42:17",1660
"2020-01-17 21:42:17",1658
"2020-01-17 22:42:20",1656
"2020-01-17 23:42:17",1657
"2020-01-18 00:42:26",1657
"2020-01-18 01:42:17",1657
"2020-01-18 02:42:17",1657
"2020-01-18 03:42:17",1657
"2020-01-18 04:42:17",1657
"2020-01-18 05:42:18",1657
"2020-01-18 06:42:17",1657
"2020-01-18 07:42:18",1657
"2020-01-18 08:42:19",1657
"2020-01-18 09:42:17",1657
"2020-01-18 10:42:16",1657
"2020-01-18 11:42:16",1657
"2020-01-18 12:42:18",1657
"2020-01-18 13:42:20",1657
"2020-01-18 14:42:17",1657
"2020-01-18 15:42:17",1657
"2020-01-18 16:42:17",1657
"2020-01-18 17:42:19",1657
"2020-01-18 18:42:18",1657
"2020-01-18 19:42:34",1657
"2020-01-18 20:42:18",1657
"2020-01-18 21:42:18",1657
"2020-01-18 22:42:19",1657
"2020-01-18 23:42:18",1657
"2020-01-19 00:42:16",1657
"2020-01-19 01:42:16",1657
"2020-01-19 02:42:19",1657
"2020-01-19 03:42:19",1657
"2020-01-19 04:42:17",1657
"2020-01-19 05:42:17",1657
"2020-01-19 06:42:19",1657
"2020-01-19 07:42:18",1657
"2020-01-19 08:42:25",1657
"2020-01-19 09:42:21",1657
"2020-01-19 10:42:17",1657
"2020-01-19 11:42:17",1657
"2020-01-19 12:42:17",1657
"2020-01-19 13:42:18",1657
"2020-01-19 14:42:18",1657
"2020-01-19 15:42:35",1657
"2020-01-19 16:42:17",1657
"2020-01-19 17:42:16",1657
"2020-01-19 18:42:17",1657
"2020-01-19 19:42:33",1657
"2020-01-19 20:42:17",1657
"2020-01-19 21:42:16",1657
"2020-01-19 22:42:19",1657
"2020-01-19 23:42:34",1657
"2020-01-20 00:42:34",1657
"2020-01-20 01:42:33",1657
"2020-01-20 02:42:28",1657
"2020-01-20 03:42:34",1657
"2020-01-20 04:42:31",1657
"2020-01-20 05:42:17",1657
"2020-01-20 06:42:34",1657
"2020-01-20 07:42:16",1657
"2020-01-20 08:42:35",1657
"2020-01-20 09:51:10",1657
"2020-01-20 10:42:29",1657
"2020-01-20 11:42:21",1657
"2020-01-20 12:42:16",1657
"2020-01-20 13:42:31",1657
"2020-01-20 14:42:33",1657
"2020-01-20 15:42:32",1657
"2020-01-20 16:42:19",1657
"2020-01-20 17:42:32",1657
"2020-01-20 18:42:18",1657
"2020-01-20 19:42:32",1657
"2020-01-20 20:42:33",1657
"2020-01-20 21:42:34",1657
"2020-01-20 22:42:34",1657
"2020-01-20 23:42:32",1657
"2020-01-21 00:42:33",1657
"2020-01-21 01:42:33",1657
"2020-01-21 02:42:34",1657
"2020-01-21 03:42:18",1657
"2020-01-21 04:42:19",1657
"2020-01-21 05:42:18",1657
"2020-01-21 06:42:17",1657
"2020-01-21 07:42:17",1657
"2020-01-21 08:42:19",1657
"2020-01-21 09:59:38",1657
"2020-01-21 10:42:32",1657
"2020-01-21 11:42:19",1657
"2020-01-21 12:42:16",1657
"2020-01-21 13:42:17",1657
"2020-01-21 15:42:34",2593
"2020-01-21 16:42:19",2941
"2020-01-21 17:42:28",3118
"2020-01-21 18:42:20",3145
"2020-01-21 19:42:35",3145
"2020-01-21 20:42:17",3419
"2020-01-21 21:42:31",3478
"2020-01-21 22:42:32",3521
"2020-01-21 23:42:17",3578
"2020-01-22 00:42:20",3578
"2020-01-22 01:42:18",3578
"2020-01-22 02:42:33",3578
"2020-01-22 03:42:20",3578
"2020-01-22 04:42:17",3578
"2020-01-22 05:42:18",3578
"2020-01-22 06:42:20",3578
"2020-01-22 07:42:17",3578
"2020-01-22 08:42:17",3578
"2020-01-22 09:55:51",3578
"2020-01-22 10:42:17",3578
"2020-01-22 11:42:17",3578
"2020-01-22 12:42:33",3578
"2020-01-22 13:42:32",3578
"2020-01-22 14:42:23",3587
"2020-01-22 15:42:20",4041
"2020-01-22 16:42:34",4099
"2020-01-22 17:42:31",4122
"2020-01-22 18:42:34",4158
"2020-01-22 19:42:32",4215
"2020-01-22 20:42:34",4263
"2020-01-22 21:42:36",4314
"2020-01-22 22:42:23",4361
"2020-01-22 23:42:30",4367
"2020-01-23 00:42:35",4367
"2020-01-23 01:42:36",4367
"2020-01-23 02:42:20",4367
"2020-01-23 03:42:18",4367
"2020-01-23 04:42:20",4367
"2020-01-23 05:42:19",4367
"2020-01-23 06:42:19",4367
"2020-01-23 07:42:17",4367
"2020-01-23 08:42:18",4367
"2020-01-23 10:42:18",4367
"2020-01-23 11:42:18",4367
"2020-01-23 12:42:19",4367
"2020-01-23 14:07:47",4430
"2020-01-23 14:42:26",4430
"2020-01-23 15:42:20",4786
"2020-01-23 16:42:20",4858
"2020-01-23 17:42:17",4783
"2020-01-23 18:42:19",4767
"2020-01-23 19:42:18",4750
"2020-01-23 20:42:19",4734
"2020-01-23 21:42:26",4693
"2020-01-23 22:42:21",4681
"2020-01-23 23:42:18",4674
"2020-01-24 00:42:19",4674
"2020-01-24 01:42:19",4674
"2020-01-24 02:42:35",4674
"2020-01-24 03:42:17",4674
"2020-01-24 04:42:18",4674
"2020-01-24 05:42:19",4674
"2020-01-24 06:42:17",4674
"2020-01-24 07:42:18",4674
"2020-01-24 08:42:20",4674
"2020-01-24 09:53:54",4674
"2020-01-24 10:42:19",4674
"2020-01-24 11:42:17",4674
"2020-01-24 12:42:18",4674
"2020-01-24 14:06:47",4677
"2020-01-24 14:42:18",4677
"2020-01-24 15:42:19",4549
"2020-01-24 16:42:18",4394
"2020-01-24 17:42:17",4295
"2020-01-24 18:42:18",4227
"2020-01-24 19:42:19",4198
"2020-01-24 20:42:24",4177
"2020-01-24 21:42:17",4161
"2020-01-24 22:42:17",4160
"2020-01-24 23:42:18",4153
"2020-01-25 00:42:18",4153
"2020-01-25 01:42:19",4153
"2020-01-25 02:42:27",4153
"2020-01-25 03:42:20",4153
"2020-01-25 04:42:17",4153
"2020-01-25 05:42:19",4153
"2020-01-25 06:42:19",4153
"2020-01-25 07:42:19",4153
"2020-01-25 08:42:20",4153
"2020-01-25 09:54:21",4153
"2020-01-25 10:42:21",4153
"2020-01-25 11:42:16",4153
"2020-01-25 12:42:20",4153
"2020-01-25 13:42:18",4153
"2020-01-25 14:42:17",4153
"2020-01-25 15:42:18",4153
"2020-01-25 16:42:19",4153
"2020-01-25 17:42:16",4153
"2020-01-25 18:42:18",4153
"2020-01-25 19:42:17",4153
"2020-01-25 20:42:18",4153
"2020-01-25 21:42:19",4153
"2020-01-25 22:42:17",4153
"2020-01-25 23:42:18",4153
"2020-01-26 00:42:18",4153
"2020-01-26 01:42:19",4153
"2020-01-26 02:42:21",4153
"2020-01-26 03:42:23",4153
"2020-01-26 04:42:19",4153
"2020-01-26 06:42:18",4153
"2020-01-26 07:42:18",4153
"2020-01-27 02:42:19",4153
"2020-01-27 03:42:18",4153
"2020-01-27 04:42:28",4153
"2020-01-27 05:42:23",4153
"2020-01-27 06:42:22",4153
"2020-01-27 07:42:20",4153
"2020-01-27 08:42:20",4153
"2020-01-27 09:42:23",4153
"2020-01-27 10:42:22",4153
"2020-01-27 11:42:22",4153
"2020-01-27 12:42:23",4153
"2020-01-27 13:42:23",4153
"2020-01-27 14:42:42",4157
"2020-01-27 15:42:31",4004
"2020-01-27 16:42:22",4004
"2020-01-27 17:42:24",3980
"2020-01-27 18:42:24",3968
"2020-01-27 19:42:30",3953
"2020-01-27 20:42:23",3942
"2020-01-27 21:42:24",3917
"2020-01-27 22:42:37",3913
"2020-01-27 23:42:27",3911
"2020-01-28 00:42:20",3911
"2020-01-28 01:42:28",3911
"2020-01-28 02:42:27",3911
"2020-01-28 03:42:27",3911
"2020-01-28 04:42:26",3911
"2020-01-28 05:42:30",3911
"2020-01-28 06:42:19",3911
"2020-01-28 07:42:20",3911
"2020-01-28 08:42:23",3911
"2020-01-28 09:42:28",3911
"2020-01-28 10:42:17",3911
"2020-01-28 11:42:19",3911
"2020-01-28 12:42:18",3911
"2020-01-28 14:07:21",3911
"2020-01-28 14:42:35",3911
"2020-01-28 15:42:23",3999
"2020-01-28 16:42:29",4033
"2020-01-28 17:42:23",4047
"2020-01-28 18:42:25",4051
"2020-01-28 19:42:26",4057
"2020-01-28 21:42:31",4063
"2020-01-28 22:42:27",4069
"2020-01-28 23:42:23",4074
"2020-01-29 00:42:21",4074
"2020-01-29 01:42:27",4074
"2020-01-29 02:42:34",4074
"2020-01-29 03:42:30",4074
"2020-01-29 04:42:20",4074
"2020-01-29 05:42:26",4074
"2020-01-29 06:42:21",4074
"2020-01-29 07:42:21",4074
"2020-01-29 08:42:24",4074
"2020-01-29 09:42:24",4074
"2020-01-29 10:42:19",4074
"2020-01-29 11:42:19",4074
"2020-01-29 12:42:21",4074
"2020-01-29 13:42:28",4074
"2020-01-29 14:42:27",4056
"2020-01-29 15:42:30",4065
"2020-01-29 16:42:24",4022
"2020-01-29 17:42:29",3988
"2020-01-29 18:42:27",3991
"2020-01-29 19:42:28",4015
"2020-01-29 20:42:27",4028
"2020-01-29 21:42:27",4025
"2020-01-29 22:42:19",4025
"2020-01-29 23:42:21",4024
"2020-01-30 00:42:26",4024
"2020-01-30 01:42:33",4024
"2020-01-30 02:42:27",4024
"2020-01-30 03:42:19",4024
"2020-01-30 04:42:27",4024
"2020-01-30 05:42:35",4023
"2020-01-30 06:42:38",4023
"2020-01-30 07:42:21",4023
"2020-01-30 08:42:21",4023
"2020-01-30 09:42:24",4023
"2020-01-30 10:42:18",4023
"2020-01-30 11:42:19",4023
"2020-01-30 12:42:20",4023
"2020-01-30 13:42:20",4023
"2020-01-30 14:42:26",4022
"2020-01-30 15:42:24",3944
"2020-01-30 16:42:29",3909
"2020-01-30 17:42:29",3896
"2020-01-30 18:42:29",3888
"2020-01-30 19:42:27",3885
"2020-01-30 20:42:25",3879
"2020-01-30 21:42:32",3888
"2020-01-30 22:42:20",3888
"2020-01-30 23:42:20",3881
"2020-01-31 00:42:25",3881
"2020-01-31 01:42:28",3881
"2020-01-31 02:42:21",3881
"2020-01-31 03:42:23",3881
"2020-01-31 04:42:20",3881
"2020-01-31 05:42:22",3881
"2020-01-31 06:42:21",3881
"2020-01-31 07:42:21",3881
"2020-01-31 08:42:27",3881
"2020-01-31 09:42:25",3881
"2020-01-31 10:42:21",3881
"2020-01-31 11:42:20",3881
"2020-01-31 12:42:21",3881
"2020-01-31 13:42:21",3881
"2020-01-31 14:42:22",3882
"2020-01-31 15:42:25",3810
"2020-01-31 16:42:24",3772
"2020-01-31 17:42:21",3753
"2020-01-31 18:42:21",3739
"2020-01-31 19:42:22",3727
"2020-01-31 20:42:22",3713
"2020-01-31 21:42:19",3600
"2020-01-31 22:42:21",3590
"2020-01-31 23:42:19",3584
"2020-02-01 00:42:18",3584
"2020-02-01 01:43:09",3584
"2020-02-01 02:42:23",3584
"2020-02-01 03:42:22",3584
"2020-02-01 04:42:24",3584
"2020-02-01 05:42:26",3584
"2020-02-01 06:42:22",3584
"2020-02-01 07:42:26",3584
"2020-02-01 08:42:23",3584
"2020-02-01 09:42:22",3584
"2020-02-01 10:42:21",3584
"2020-02-01 11:42:20",3584
"2020-02-01 12:42:20",3584
"2020-02-01 13:42:21",3584
"2020-02-01 14:42:21",3584
"2020-02-01 15:42:20",3584
"2020-02-01 16:42:21",3584
"2020-02-01 17:42:20",3584
"2020-02-01 18:42:21",3584
"2020-02-01 19:42:19",3584
"2020-02-01 20:42:22",3584
"2020-02-01 21:42:31",3584
"2020-02-01 22:42:26",3584
"2020-02-01 23:42:29",3584
"2020-02-02 00:42:28",3584
"2020-02-02 01:42:28",3584
"2020-02-02 02:42:28",3584
"2020-02-02 03:42:27",3584
"2020-02-02 04:42:29",3584
"2020-02-02 05:42:24",3584
"2020-02-02 06:42:27",3584
"2020-02-02 07:42:27",3584
"2020-02-02 08:42:27",3584
"2020-02-02 09:42:28",3584
"2020-02-02 10:42:25",3584
"2020-02-02 11:42:24",3584
"2020-02-02 12:42:30",3584
"2020-02-02 13:42:27",3584
"2020-02-02 14:42:26",3584
"2020-02-02 15:42:26",3584
"2020-02-02 16:42:25",3584
"2020-02-02 17:42:27",3584
"2020-02-02 18:42:25",3584
"2020-02-02 19:42:27",3584
"2020-02-02 20:42:26",3584
"2020-02-02 21:42:27",3584
"2020-02-02 22:42:26",3584
"2020-02-02 23:42:31",3584
"2020-02-03 00:42:35",3584
"2020-02-03 01:42:28",3584
"2020-02-03 02:42:27",3584
"2020-02-03 03:42:29",3584
"2020-02-03 04:42:28",3584
"2020-02-03 05:42:27",3584
"2020-02-03 06:42:27",3584
"2020-02-03 07:42:29",3584
"2020-02-03 08:42:30",3584
"2020-02-03 09:42:31",3584
"2020-02-03 10:42:27",3584
"2020-02-03 11:42:29",3584
"2020-02-03 12:42:25",3584
"2020-02-03 14:43:58",3583
"2020-02-03 14:51:45",3583
"2020-02-03 15:42:30",3531
"2020-02-03 16:42:32",3500
"2020-02-03 17:42:30",3467
"2020-02-03 18:42:28",3462
"2020-02-03 19:42:26",3449
"2020-02-03 20:42:29",3445
"2020-02-03 21:42:29",3441
"2020-02-03 22:42:28",3443
"2020-02-03 23:42:28",3442
"2020-02-04 00:42:27",3442
"2020-02-04 01:42:28",3442
"2020-02-04 02:42:28",3442
"2020-02-04 03:42:33",3442
"2020-02-04 04:42:29",3442
"2020-02-04 05:42:29",3442
"2020-02-04 06:42:29",3442
"2020-02-04 07:42:33",3442
"2020-02-04 08:42:21",3441
"2020-02-04 09:42:32",3441
"2020-02-04 10:42:26",3441
"2020-02-04 11:42:28",3441
"2020-02-04 12:42:28",3441
"2020-02-04 14:10:53",3441
"2020-02-04 14:42:35",3441
"2020-02-04 15:42:30",3423
"2020-02-04 16:42:31",3362
"2020-02-04 17:42:28",3375
"2020-02-04 18:42:30",3356
"2020-02-04 19:42:26",3352
"2020-02-04 20:42:27",3350
"2020-02-04 21:42:26",3351
"2020-02-04 22:42:29",3350
"2020-02-04 23:42:28",3353
"2020-02-05 00:42:26",3353
"2020-02-05 01:42:29",3353
"2020-02-05 02:42:27",3353
"2020-02-05 03:42:28",3353
"2020-02-05 04:42:40",3353
"2020-02-05 05:42:26",3353
"2020-02-05 06:42:29",3353
"2020-02-05 07:42:26",3353
"2020-02-05 08:42:30",3353
"2020-02-05 09:42:28",3353
"2020-02-05 10:42:26",3353
"2020-02-05 11:42:31",3353
"2020-02-05 12:42:29",3353
"2020-02-05 14:04:53",3355
"2020-02-05 14:42:32",3355
"2020-02-05 15:42:30",3345
"2020-02-05 16:42:30",3326
"2020-02-05 17:42:28",3320
"2020-02-05 18:42:26",3316
"2020-02-05 19:42:29",3318
"2020-02-05 20:42:30",3317
"2020-02-05 21:42:27",3319
"2020-02-05 22:42:29",3317
"2020-02-05 23:42:31",3316
"2020-02-06 00:42:30",3316
"2020-02-06 01:42:32",3316
"2020-02-06 02:42:31",3316
"2020-02-06 03:42:38",3316
"2020-02-06 04:42:37",3316
"2020-02-06 05:42:28",3316
"2020-02-06 06:42:21",3316
"2020-02-06 07:42:32",3316
"2020-02-06 08:42:31",3316
"2020-02-06 09:42:30",3316
"2020-02-06 10:42:26",3316
"2020-02-06 11:42:28",3316
"2020-02-06 12:42:28",3316
"2020-02-06 13:42:27",3316
"2020-02-06 14:42:32",3316
"2020-02-06 15:42:39",3303
"2020-02-06 16:42:27",3304
"2020-02-06 17:42:29",3292
"2020-02-06 18:42:29",3290
"2020-02-06 19:42:28",3285
"2020-02-06 20:42:28",3283
"2020-02-06 21:42:29",3276
"2020-02-06 22:42:28",3275
"2020-02-06 23:42:28",3275
"2020-02-07 00:42:29",3275
"2020-02-07 01:42:35",3275
"2020-02-07 02:42:27",3275
"2020-02-07 03:42:29",3275
"2020-02-07 04:42:29",3275
"2020-02-07 05:42:34",3275
"2020-02-07 06:42:36",3275
"2020-02-07 07:42:27",3275
"2020-02-07 08:42:31",3275
"2020-02-07 09:42:33",3275
"2020-02-07 10:42:33",3275
"2020-02-07 11:42:29",3275
"2020-02-07 12:42:27",3275
"2020-02-07 14:06:22",3275
"2020-02-07 14:42:29",3275
"2020-02-07 15:42:30",3253
"2020-02-07 16:42:28",3243
"2020-02-07 17:42:30",3243
"2020-02-07 18:42:29",3228
"2020-02-07 19:42:35",3219
"2020-02-07 20:42:29",3220
"2020-02-07 21:42:28",3213
"2020-02-07 22:42:29",3213
"2020-02-07 23:42:26",3213
"2020-02-08 00:42:28",3213
"2020-02-08 01:42:26",3213
"2020-02-08 02:42:28",3213
"2020-02-08 03:42:28",3213
"2020-02-08 04:42:29",3213
"2020-02-08 05:42:27",3213
"2020-02-08 06:42:29",3213
"2020-02-08 07:42:27",3213
"2020-02-08 08:42:28",3213
"2020-02-08 09:42:33",3213
"2020-02-08 10:42:21",3213
"2020-02-08 11:42:27",3213
"2020-02-08 12:42:26",3213
"2020-02-08 13:42:25",3213
"2020-02-08 14:42:27",3213
"2020-02-08 15:42:28",3213
"2020-02-08 16:42:28",3213
"2020-02-08 17:42:29",3213
"2020-02-08 18:44:48",3213
"2020-02-08 19:42:27",3213
"2020-02-08 20:42:30",3213
"2020-02-08 21:42:29",3213
"2020-02-08 22:42:30",3213
"2020-02-08 23:42:27",3213
"2020-02-09 00:42:27",3213
"2020-02-09 01:42:29",3213
"2020-02-09 02:42:32",3213
"2020-02-09 03:42:27",3213
"2020-02-09 04:42:27",3213
"2020-02-09 05:42:28",3213
"2020-02-09 06:42:32",3213
"2020-02-09 07:42:29",3213
"2020-02-09 08:42:31",3213
"2020-02-09 09:42:30",3213
"2020-02-09 10:42:28",3213
"2020-02-09 11:42:30",3213
"2020-02-09 12:42:29",3213
"2020-02-09 13:42:27",3213
"2020-02-09 14:42:29",3213
"2020-02-09 15:42:27",3213
"2020-02-09 16:42:30",3213
"2020-02-09 17:42:27",3213
"2020-02-09 18:42:29",3213
"2020-02-09 19:42:30",3213
"2020-02-09 20:42:27",3213
"2020-02-09 21:42:33",3213
"2020-02-09 22:42:27",3213
"2020-02-09 23:42:42",3213
"2020-02-10 00:42:30",3213
"2020-02-10 01:42:28",3213
"2020-02-10 02:42:29",3213
"2020-02-10 03:42:29",3213
"2020-02-10 04:42:28",3213
"2020-02-10 05:42:34",3213
"2020-02-10 06:42:31",3213
"2020-02-10 07:42:27",3213
"2020-02-10 08:42:28",3213
"2020-02-10 09:42:31",3213
"2020-02-10 10:42:28",3213
"2020-02-10 11:42:28",3213
"2020-02-10 12:42:28",3213
"2020-02-10 13:42:27",3213
"2020-02-10 14:42:31",3214
"2020-02-10 15:42:32",3220
"2020-02-10 16:42:32",3224
"2020-02-10 17:42:28",3220
"2020-02-10 18:42:28",3218
"2020-02-10 19:42:29",3222
"2020-02-10 20:42:31",3218
"2020-02-10 21:42:30",3217
"2020-02-10 22:42:29",3217
"2020-02-10 23:42:26",3217
"2020-02-11 00:42:29",3217
"2020-02-11 01:42:36",3217
"2020-02-11 02:42:30",3217
"2020-02-11 03:42:28",3217
"2020-02-11 04:42:28",3217
"2020-02-11 05:42:28",3217
"2020-02-11 06:42:31",3217
"2020-02-11 07:42:28",3217
"2020-02-11 08:42:30",3217
"2020-02-11 09:42:33",3217
"2020-02-11 10:42:27",3217
"2020-02-11 11:42:30",3217
"2020-02-11 12:42:28",3217
"2020-02-11 14:06:52",3210
"2020-02-11 14:42:33",3210
"2020-02-11 15:42:32",3494
"2020-02-11 16:42:33",3519
"2020-02-11 17:42:28",3505
"2020-02-11 18:42:29",3538
"2020-02-11 19:42:31",3536
"2020-02-11 20:42:29",3609
"2020-02-11 21:43:38",3647
"2020-02-11 22:42:37",3662
"2020-02-11 23:42:28",3659
"2020-02-12 00:42:36",3659
"2020-02-12 01:42:29",3659
"2020-02-12 02:42:42",3659
"2020-02-12 03:42:28",3659
"2020-02-12 04:42:28",3659
"2020-02-12 05:42:28",3659
"2020-02-12 06:42:31",3659
"2020-02-12 07:42:29",3658
"2020-02-12 08:42:29",3658
"2020-02-12 09:42:31",3658
"2020-02-12 10:42:27",3658
"2020-02-12 11:42:27",3658
"2020-02-12 12:42:29",3658
"2020-02-12 14:06:52",3663
"2020-02-12 14:42:33",3663
"2020-02-12 15:42:31",3671
"2020-02-12 16:42:29",3604
"2020-02-12 17:42:30",3587
"2020-02-12 18:42:32",3555
"2020-02-12 19:42:28",3533
"2020-02-12 20:42:32",3544
"2020-02-12 21:42:30",3551
"2020-02-12 22:42:22",3551
"2020-02-12 23:42:21",3555
"2020-02-13 00:42:29",3555
"2020-02-13 01:42:26",3555
"2020-02-13 02:42:29",3555
"2020-02-13 03:42:29",3555
"2020-02-13 04:42:28",3555
"2020-02-13 05:42:30",3555
"2020-02-13 06:42:31",3555
"2020-02-13 07:42:23",3555
"2020-02-13 08:42:24",3555
"2020-02-13 09:42:23",3555
"2020-02-13 10:42:20",3555
"2020-02-13 11:42:29",3555
"2020-02-13 12:42:22",3555
"2020-02-13 14:06:52",3557
"2020-02-13 14:42:24",3557
"2020-02-13 15:42:28",3549
"2020-02-13 16:42:25",3585
"2020-02-13 17:42:30",3686
"2020-02-13 18:42:31",3769
"2020-02-13 19:42:30",3772
"2020-02-13 20:42:30",3839
"2020-02-13 21:42:29",3999
"2020-02-13 22:42:25",4002
"2020-02-13 23:42:22",4035
"2020-02-14 00:42:24",4035
"2020-02-14 01:42:23",4035
"2020-02-14 02:42:32",4035
"2020-02-14 03:42:24",4035
"2020-02-14 04:42:23",4035
"2020-02-14 05:42:24",4035
"2020-02-14 06:42:22",4035
"2020-02-14 07:42:23",4035
"2020-02-14 08:42:30",4035
"2020-02-14 09:42:26",4035
"2020-02-14 10:42:22",4035
"2020-02-14 11:42:23",4035
"2020-02-14 12:42:21",4035
"2020-02-14 13:42:26",4035
"2020-02-14 14:42:24",4065
"2020-02-14 15:42:34",5166
"2020-02-14 16:42:26",5385
"2020-02-14 17:42:24",5206
"2020-02-14 18:42:22",5535
"2020-02-14 19:42:24",5673
"2020-02-14 20:42:30",5773
"2020-02-14 21:42:23",5764
"2020-02-14 22:42:22",5766
"2020-02-14 23:42:29",5777
"2020-02-15 00:42:22",5777
"2020-02-15 01:42:25",5777
"2020-02-15 02:42:23",5777
"2020-02-15 03:42:24",5777
"2020-02-15 04:42:26",5777
"2020-02-15 05:42:22",5777
"2020-02-15 06:42:24",5777
"2020-02-15 07:42:24",5777
"2020-02-15 08:42:22",5777
"2020-02-15 09:42:25",5777
"2020-02-15 10:42:21",5777
"2020-02-15 11:42:24",5777
"2020-02-15 12:42:29",5777
"2020-02-15 13:42:23",5777
"2020-02-15 14:42:25",5777
"2020-02-15 15:42:25",5777
"2020-02-15 16:42:22",5777
"2020-02-15 17:42:24",5777
"2020-02-15 18:42:30",5777
"2020-02-15 19:42:23",5777
"2020-02-15 20:42:23",5777
"2020-02-15 21:42:23",5777
"2020-02-15 22:42:23",5777
"2020-02-15 23:42:24",5777
"2020-02-16 00:42:21",5777
"2020-02-16 01:42:23",5777
"2020-02-16 02:42:22",5777
"2020-02-16 03:42:21",5777
"2020-02-16 04:42:23",5777
"2020-02-16 05:42:23",5777
"2020-02-16 06:42:22",5777
"2020-02-16 07:42:22",5777
"2020-02-16 08:42:23",5777
"2020-02-16 09:42:24",5777
"2020-02-16 10:42:23",5777
"2020-02-16 11:42:24",5777
"2020-02-16 12:42:23",5777
"2020-02-16 13:42:23",5777
"2020-02-16 14:42:23",5777
"2020-02-16 15:42:32",5777
"2020-02-16 16:42:30",5777
"2020-02-16 17:42:24",5777
"2020-02-16 18:42:24",5777
"2020-02-16 19:42:23",5777
"2020-02-16 20:42:22",5777
"2020-02-16 21:42:22",5777
"2020-02-16 22:42:23",5777
"2020-02-16 23:42:24",5777
"2020-02-17 00:42:24",5777
"2020-02-17 01:42:21",5777
"2020-02-17 02:42:23",5777
"2020-02-17 03:42:23",5777
"2020-02-17 04:42:23",5777
"2020-02-17 05:42:23",5777
"2020-02-17 06:42:25",5777
"2020-02-17 07:42:22",5777
"2020-02-17 08:42:23",5777
"2020-02-17 09:42:24",5777
"2020-02-17 10:42:23",5777
"2020-02-17 11:42:23",5777
"2020-02-17 12:42:26",5777
"2020-02-17 13:42:21",5777
"2020-02-17 14:42:20",5777
"2020-02-17 15:42:23",5777
"2020-02-17 16:42:26",5777
"2020-02-17 17:42:22",5777
"2020-02-17 18:42:23",5777
"2020-02-17 19:42:22",5777
"2020-02-17 20:42:23",5777
"2020-02-17 22:42:25",5777
"2020-02-17 23:42:29",5777
"2020-02-18 00:42:22",5777
"2020-02-18 01:42:23",5777
"2020-02-18 02:42:26",5777
"2020-02-18 03:42:23",5777
"2020-02-18 04:42:24",5777
"2020-02-18 05:42:25",5777
"2020-02-18 06:42:23",5777
"2020-02-18 07:42:23",5777
"2020-02-18 08:42:24",5777
"2020-02-18 09:42:26",5777
"2020-02-18 10:42:23",5777
"2020-02-18 11:42:22",5777
"2020-02-18 12:42:29",5777
"2020-02-18 14:07:21",5774
"2020-02-18 14:42:27",5774
"2020-02-18 15:42:24",5846
"2020-02-18 16:42:25",6074
"2020-02-18 17:42:22",6099
"2020-02-18 18:42:21",6106
"2020-02-18 19:42:20",6064
"2020-02-18 20:42:20",6076
"2020-02-18 21:42:20",6058
"2020-02-18 22:42:20",6039
"2020-02-18 23:42:21",6052
"2020-02-19 00:42:25",6052
"2020-02-19 01:42:21",6052
"2020-02-19 02:42:22",6052
"2020-02-19 03:42:25",6052
"2020-02-19 04:42:22",6052
"2020-02-19 05:42:22",6052
"2020-02-19 06:42:21",6052
"2020-02-19 07:42:23",6052
"2020-02-19 08:42:23",6052
"2020-02-19 09:42:21",6052
"2020-02-19 10:42:20",6052
"2020-02-19 11:42:20",6052
"2020-02-19 12:42:21",6052
"2020-02-19 14:08:51",6089
"2020-02-19 14:42:30",6089
"2020-02-19 15:42:26",6314
"2020-02-19 16:42:21",6272
"2020-02-19 17:42:22",6251
"2020-02-19 18:42:22",6216
"2020-02-19 19:42:21",6197
"2020-02-19 20:42:21",6175
"2020-02-19 21:42:29",6127
"2020-02-19 22:42:24",6126
"2020-02-19 23:42:22",6123
"2020-02-20 00:42:21",6123
"2020-02-20 01:42:23",6123
"2020-02-20 02:42:25",6123
"2020-02-20 03:42:21",6123
"2020-02-20 04:42:21",6123
"2020-02-20 05:42:22",6123
"2020-02-20 06:42:28",6123
"2020-02-20 07:42:20",6123
"2020-02-20 08:42:21",6123
"2020-02-20 09:42:23",6123
"2020-02-20 10:42:25",6123
"2020-02-20 11:42:20",6123
"2020-02-20 12:42:27",6123
"2020-02-20 13:42:27",6123
"2020-02-20 14:42:23",6122
"2020-02-20 15:42:25",6110
"2020-02-20 16:42:21",6106
"2020-02-20 17:42:28",6066
"2020-02-20 18:42:25",6034
"2020-02-20 19:42:34",6002
"2020-02-20 20:42:31",5978
"2020-02-20 21:42:29",5928
"2020-02-20 22:42:31",5919
"2020-02-20 23:42:30",5919
"2020-02-21 00:42:28",5919
"2020-02-21 01:42:30",5919
"2020-02-21 02:42:32",5919
"2020-02-21 03:42:44",5919
"2020-02-21 04:42:44",5919
"2020-02-21 05:42:33",5919
"2020-02-21 06:42:33",5919
"2020-02-21 07:42:32",5919
"2020-02-21 08:42:33",5919
"2020-02-21 09:42:47",5919
"2020-02-21 10:43:00",5919
"2020-02-21 11:42:44",5919
"2020-02-21 12:42:44",5919
"2020-02-21 13:42:42",5919
"2020-02-21 14:42:36",5916
"2020-02-21 15:42:48",5920
"2020-02-21 16:42:57",5881
"2020-02-21 17:42:54",5841
"2020-02-21 18:42:42",5828
"2020-02-21 19:42:31",5652
"2020-02-21 20:42:30",5499
"2020-02-21 21:42:45",5489
"2020-02-21 22:42:35",5456
"2020-02-21 23:43:23",5469
"2020-02-22 00:42:54",5469
"2020-02-22 01:42:37",5469
"2020-02-22 02:42:36",5469
"2020-02-22 03:42:53",5469
"2020-02-22 04:42:43",5469
"2020-02-22 05:42:45",5469
"2020-02-22 06:42:29",5469
"2020-02-22 07:42:42",5469
"2020-02-22 08:42:54",5469
"2020-02-22 09:42:32",5469
"2020-02-22 10:42:39",5469
"2020-02-22 11:42:31",5469
"2020-02-22 12:42:46",5469
"2020-02-22 13:43:25",5469
"2020-02-22 14:42:31",5469
"2020-02-22 15:42:35",5469
"2020-02-22 16:42:54",5469
"2020-02-22 17:42:49",5469
"2020-02-22 18:42:34",5469
"2020-02-22 19:42:33",5469
"2020-02-22 20:42:46",5469
"2020-02-22 21:43:14",5469
"2020-02-22 22:42:54",5469
"2020-02-22 23:42:30",5469
"2020-02-23 00:42:34",5469
"2020-02-23 01:42:37",5469
"2020-02-23 02:42:45",5469
"2020-02-23 03:42:34",5469
"2020-02-23 04:42:47",5469
"2020-02-23 05:42:47",5469
"2020-02-23 06:42:35",5469
"2020-02-23 07:42:39",5469
"2020-02-23 08:42:54",5469
"2020-02-23 09:42:34",5469
"2020-02-23 10:42:35",5469
"2020-02-23 11:42:35",5469
"2020-02-23 12:42:36",5469
"2020-02-23 13:42:35",5469
"2020-02-23 14:42:46",5469
"2020-02-23 15:42:34",5469
"2020-02-23 16:42:36",5469
"2020-02-23 17:42:33",5469
"2020-02-23 18:42:37",5469
"2020-02-23 19:42:36",5469
"2020-02-23 20:42:35",5469
"2020-02-23 21:42:47",5469
"2020-02-23 22:42:29",5469
"2020-02-23 23:42:37",5469
"2020-02-24 00:42:52",5469
"2020-02-24 01:42:31",5469
"2020-02-24 02:42:48",5469
"2020-02-24 03:42:34",5469
"2020-02-24 04:42:40",5469
"2020-02-24 05:42:51",5469
"2020-02-24 06:42:33",5469
"2020-02-24 07:42:34",5469
"2020-02-24 08:42:34",5469
"2020-02-24 09:55:17",5469
"2020-02-24 10:42:31",5469
"2020-02-24 11:42:48",5469
"2020-02-24 12:42:30",5469
"2020-02-24 13:42:43",5469
"2020-02-24 14:42:55",5469
"2020-02-24 15:42:32",5725
"2020-02-24 16:42:45",5782
"2020-02-24 17:42:32",5848
"2020-02-24 18:42:36",5909
"2020-02-24 19:42:49",5989
"2020-02-24 20:42:49",6034
"2020-02-24 21:42:49",6060
"2020-02-24 22:42:45",6096
"2020-02-24 23:42:30",6104
"2020-02-25 00:42:35",6104
"2020-02-25 01:42:29",6104
"2020-02-25 02:42:38",6104
"2020-02-25 03:42:38",6104
"2020-02-25 04:42:36",6104
"2020-02-25 05:42:56",6104
"2020-02-25 06:42:37",6104
"2020-02-25 07:42:39",6104
"2020-02-25 08:42:49",6104
"2020-02-25 09:56:00",6104
"2020-02-25 10:42:47",6104
"2020-02-25 11:42:37",6104
"2020-02-25 12:42:40",6104
"2020-02-25 14:08:19",6091
"2020-02-25 14:42:39",6091
"2020-02-25 15:42:38",6055
"2020-02-25 16:42:35",6047
"2020-02-25 17:42:37",6133
"2020-02-25 18:42:45",6146
"2020-02-25 19:42:36",6144
"2020-02-25 20:42:52",6158
"2020-02-25 21:42:47",6155
"2020-02-25 22:42:36",6165
"2020-02-25 23:42:36",6171
"2020-02-26 00:42:35",6171
"2020-02-26 01:42:35",6171
"2020-02-26 02:42:40",6171
"2020-02-26 03:42:34",6171
"2020-02-26 04:42:53",6171
"2020-02-26 05:42:48",6171
"2020-02-26 06:42:48",6171
"2020-02-26 07:42:57",6170
"2020-02-26 08:42:48",6170
"2020-02-26 09:42:41",6170
"2020-02-26 10:42:37",6170
"2020-02-26 11:42:47",6170
"2020-02-26 12:42:35",6170
"2020-02-26 13:42:46",6170
"2020-02-26 14:42:49",6171
"2020-02-26 15:42:52",5990
"2020-02-26 16:42:36",5978
"2020-02-26 17:42:38",5989
"2020-02-26 18:42:37",5943
"2020-02-26 19:42:48",5920
"2020-02-26 20:42:45",5893
"2020-02-26 21:42:48",5883
"2020-02-26 22:42:46",5887
"2020-02-26 23:42:49",5893
"2020-02-27 00:42:37",5893
"2020-02-27 01:42:36",5893
"2020-02-27 02:42:30",5893
"2020-02-27 03:42:50",5893
"2020-02-27 04:42:32",5893
"2020-02-27 05:42:37",5893
"2020-02-27 06:42:34",5893
"2020-02-27 07:42:36",5893
"2020-02-27 08:42:43",5893
"2020-02-27 09:42:39",5893
"2020-02-27 10:42:51",5893
"2020-02-27 11:42:41",5893
"2020-02-27 12:42:49",5893
"2020-02-27 14:06:50",5893
"2020-02-27 14:42:55",5893
"2020-02-27 15:42:43",5588
"2020-02-27 16:42:47",5534
"2020-02-27 17:42:36",5515
"2020-02-27 18:42:45",5558
"2020-02-27 19:42:30",5638
"2020-02-27 20:42:38",5647
"2020-02-27 21:42:36",5641
"2020-02-27 22:42:45",5638
"2020-02-27 23:42:33",5642
"2020-02-28 00:42:51",5642
"2020-02-28 01:42:34",5642
"2020-02-28 02:42:33",5642
"2020-02-28 03:42:49",5642
"2020-02-28 04:42:53",5642
"2020-02-28 05:42:47",5642
"2020-02-28 06:42:37",5642
"2020-02-28 07:42:51",5642
"2020-02-28 08:42:55",5642
"2020-02-28 09:42:52",5642
"2020-02-28 10:42:34",5642
"2020-02-28 11:42:41",5642
"2020-02-28 12:42:46",5642
"2020-02-28 14:07:24",5638
"2020-02-28 14:42:39",5638
"2020-02-28 15:42:34",5388
"2020-02-28 16:42:39",5355
"2020-02-28 17:42:38",5321
"2020-02-28 18:42:37",5309
"2020-02-28 19:42:49",5324
"2020-02-28 20:42:33",5307
"2020-02-28 21:42:34",5304
"2020-02-28 22:42:48",5299
"2020-02-28 23:42:35",5297
"2020-02-29 00:42:35",5297
"2020-02-29 01:42:34",5297
"2020-02-29 02:42:38",5297
"2020-02-29 03:42:32",5297
"2020-02-29 04:42:38",5297
"2020-02-29 05:42:55",5297
"2020-02-29 06:42:47",5297
"2020-02-29 07:43:17",5297
"2020-02-29 08:43:28",5297
"2020-02-29 09:43:14",5297
"2020-02-29 10:42:34",5297
"2020-02-29 11:42:32",5296
"2020-02-29 12:43:15",5296
"2020-02-29 13:43:16",5296
"2020-02-29 14:42:36",5296
"2020-02-29 15:42:36",5296
"2020-02-29 16:42:50",5296
"2020-02-29 17:42:49",5296
"2020-02-29 18:42:37",5296
"2020-02-29 19:42:36",5296
"2020-02-29 20:42:33",5296
"2020-02-29 21:42:43",5296
"2020-02-29 22:43:31",5296
"2020-02-29 23:43:13",5296
"2020-03-01 00:43:15",5296
"2020-03-01 01:43:15",5296
"2020-03-01 02:42:39",5296
"2020-03-01 03:43:14",5296
"2020-03-01 04:42:36",5296
"2020-03-01 05:42:48",5296
"2020-03-01 06:42:36",5296
"2020-03-01 07:42:47",5296
"2020-03-01 08:42:34",5296
"2020-03-01 09:43:15",5296
"2020-03-01 10:43:13",5296
"2020-03-01 11:42:44",5296
"2020-03-01 12:42:48",5296
"2020-03-01 13:42:35",5296
"2020-03-01 14:42:32",5296
"2020-03-01 15:43:16",5296
"2020-03-01 16:42:50",5296
"2020-03-01 17:43:13",5296
"2020-03-01 18:43:17",5296
"2020-03-01 19:43:18",5296
"2020-03-01 20:43:17",5296
"2020-03-01 21:42:35",5296
"2020-03-01 22:42:37",5296
"2020-03-01 23:43:16",5296
"2020-03-02 00:42:31",5296
"2020-03-02 01:42:50",5296
"2020-03-02 02:43:14",5296
"2020-03-02 03:43:30",5296
"2020-03-02 04:42:52",5296
"2020-03-02 05:43:17",5296
"2020-03-02 07:42:34",5296
"2020-03-02 08:43:14",5296
"2020-03-02 09:43:14",5296
"2020-03-02 10:42:46",5296
"2020-03-02 11:42:34",5296
"2020-03-02 12:42:45",5296
"2020-03-02 13:43:14",5296
"2020-03-02 18:44:28",5306
"2020-03-03 00:42:49",5278
"2020-03-03 01:42:57",5278
"2020-03-03 02:42:49",5278
"2020-03-03 03:43:01",5278
"2020-03-03 04:43:16",5278
"2020-03-03 05:44:48",5278
"2020-03-03 06:43:22",5278
"2020-03-03 07:42:48",5278
"2020-03-03 08:43:34",5278
"2020-03-03 09:43:38",5278
"2020-03-03 10:42:49",5278
"2020-03-03 11:43:47",5278
"2020-03-03 12:42:47",5278
"2020-03-03 13:43:36",5278
"2020-03-03 14:43:37",5279
"2020-03-03 16:43:49",5282
"2020-03-03 17:43:38",5253
"2020-03-03 18:42:34",5242
"2020-03-03 19:42:34",5231
"2020-03-03 20:42:50",5218
"2020-03-03 21:42:47",5221
"2020-03-03 22:43:52",5222
"2020-03-03 23:43:16",5219
"2020-03-04 00:43:29",5219
"2020-03-04 01:43:18",5219
"2020-03-04 02:42:38",5219
"2020-03-04 03:42:49",5219
"2020-03-04 04:43:36",5219
"2020-03-04 05:42:40",5219
"2020-03-04 06:43:24",5219
"2020-03-04 07:42:47",5219
"2020-03-04 08:43:17",5219
"2020-03-04 09:42:52",5219
"2020-03-04 10:42:35",5219
"2020-03-04 11:43:29",5219
"2020-03-04 12:43:29",5219
"2020-03-04 13:42:37",5219
"2020-03-04 14:42:35",5218
"2020-03-04 15:43:35",5180
"2020-03-04 16:42:36",5175
"2020-03-04 17:42:48",5172
"2020-03-04 18:43:15",5159
"2020-03-04 19:43:22",5130
"2020-03-04 20:43:20",5135
"2020-03-04 21:42:35",5129
"2020-03-04 22:43:17",5128
"2020-03-04 23:42:41",5124
"2020-03-05 00:42:43",5124
"2020-03-05 01:42:51",5124
"2020-03-05 02:42:37",5124
"2020-03-05 03:42:38",5124
"2020-03-05 04:42:50",5124
"2020-03-05 05:42:50",5124
"2020-03-05 06:42:39",5124
"2020-03-05 07:42:37",5124
"2020-03-05 08:43:40",5124
"2020-03-05 09:42:52",5124
"2020-03-05 10:42:35",5124
"2020-03-05 11:42:49",5124
"2020-03-05 12:42:49",5124
"2020-03-05 13:42:51",5124
"2020-03-05 14:43:18",5123
"2020-03-05 15:42:50",5088
"2020-03-05 16:43:19",5075
"2020-03-05 17:42:36",5076
"2020-03-05 18:42:40",5071
"2020-03-05 19:42:37",5063
"2020-03-05 20:42:35",5071
"2020-03-05 21:42:35",5057
"2020-03-05 22:43:18",5058
"2020-03-05 23:43:20",5058
"2020-03-06 00:42:34",5058
"2020-03-06 01:42:37",5058
"2020-03-06 02:43:19",5058
"2020-03-06 03:43:18",5058
"2020-03-06 04:43:19",5058
"2020-03-06 05:43:20",5058
"2020-03-06 06:43:30",5058
"2020-03-06 07:43:18",5058
"2020-03-06 08:42:44",5055
"2020-03-06 09:43:23",5055
"2020-03-06 10:42:40",5055
"2020-03-06 11:43:31",5055
"2020-03-06 12:42:43",5055
"2020-03-06 13:42:32",5055
"2020-03-06 14:43:37",5059
"2020-03-06 15:42:49",5033
"2020-03-06 16:42:49",5019
"2020-03-06 17:42:43",5007
"2020-03-06 18:42:35",4988
"2020-03-06 19:42:46",4976
"2020-03-06 20:42:38",4968
"2020-03-06 21:42:37",4954
"2020-03-06 22:42:36",4957
"2020-03-06 23:42:50",4964
"2020-03-07 00:42:38",4964
"2020-03-07 01:42:51",4964
"2020-03-07 02:42:39",4964
"2020-03-07 03:43:32",4964
"2020-03-07 04:43:33",4964
"2020-03-07 05:43:21",4964
"2020-03-07 06:43:21",4964
"2020-03-07 07:42:55",4964
"2020-03-07 08:43:18",4964
"2020-03-07 09:42:45",4964
"2020-03-07 10:42:51",4964
"2020-03-07 11:43:18",4964
"2020-03-07 12:42:49",4964
"2020-03-07 13:42:38",4961
"2020-03-07 14:42:41",4961
"2020-03-07 15:42:40",4961
"2020-03-07 16:42:39",4961
"2020-03-07 17:42:51",4961
"2020-03-07 18:42:41",4961
"2020-03-07 19:42:41",4961
"2020-03-07 20:43:23",4961
"2020-03-07 21:43:34",4961
"2020-03-07 22:43:21",4961
"2020-03-07 23:43:20",4961
"2020-03-08 00:42:38",4961
"2020-03-08 01:42:52",4961
"2020-03-08 02:42:55",4961
"2020-03-08 03:43:21",4961
"2020-03-08 04:43:20",4961
"2020-03-08 05:43:24",4961
"2020-03-08 06:43:02",4961
"2020-03-08 07:43:21",4961
"2020-03-08 08:43:23",4961
"2020-03-08 09:42:54",4961
"2020-03-08 10:43:25",4961
"2020-03-08 11:42:49",4961
"2020-03-08 12:43:33",4961
"2020-03-08 13:43:35",4961
"2020-03-08 14:42:35",4961
"2020-03-08 15:43:26",4961
"2020-03-08 16:42:37",4961
"2020-03-08 17:42:42",4961
"2020-03-08 18:43:36",4961
"2020-03-08 19:43:05",4961
"2020-03-08 20:42:52",4961
"2020-03-08 21:42:36",4961
"2020-03-08 22:43:17",4961
"2020-03-08 23:42:39",4961
"2020-03-09 00:43:24",4961
"2020-03-09 01:42:37",4961
"2020-03-09 02:43:24",4961
"2020-03-09 03:43:23",4961
"2020-03-09 04:43:24",4961
"2020-03-09 05:42:38",4961
"2020-03-09 06:42:39",4961
"2020-03-09 07:42:41",4961
"2020-03-09 08:42:38",4961
"2020-03-09 09:42:50",4961
"2020-03-09 10:43:17",4961
"2020-03-09 11:43:20",4961
"2020-03-09 12:43:00",4961
"2020-03-09 13:42:41",4967
"2020-03-09 14:43:33",4955
"2020-03-09 15:43:01",4903
"2020-03-09 16:42:49",4886
"2020-03-09 17:42:37",4875
"2020-03-09 18:42:37",4870
"2020-03-09 19:42:38",4855
"2020-03-09 20:42:40",4845
"2020-03-09 21:43:17",4846
"2020-03-09 22:43:16",4846
"2020-03-09 23:43:31",4846
"2020-03-10 00:42:33",4846
"2020-03-10 01:43:18",4846
"2020-03-10 02:42:50",4846
"2020-03-10 03:43:33",4846
"2020-03-10 04:42:49",4846
"2020-03-10 06:43:31",4846
"2020-03-10 07:43:29",4846
"2020-03-10 08:42:42",4846
"2020-03-10 09:43:17",4846
"2020-03-10 10:43:16",4846
"2020-03-10 11:43:19",4846
"2020-03-10 12:42:50",4846
"2020-03-10 13:42:54",4845
"2020-03-10 14:43:33",4877
"2020-03-10 15:43:32",4862
"2020-03-10 16:42:34",4864
"2020-03-10 17:43:20",4854
"2020-03-10 18:43:20",4842
"2020-03-10 19:43:22",4836
"2020-03-10 20:44:07",4837
"2020-03-10 21:43:32",4838
"2020-03-10 22:43:20",4838
"2020-03-10 23:42:48",4838
"2020-03-11 00:43:25",4838
"2020-03-11 01:43:29",4838
"2020-03-11 02:43:35",4838
"2020-03-11 03:42:51",4838
"2020-03-11 04:42:50",4838
"2020-03-11 05:43:31",4838
"2020-03-11 06:43:23",4838
"2020-03-11 07:42:36",4838
"2020-03-11 08:42:52",4838
"2020-03-11 09:42:33",4838
"2020-03-11 10:42:38",4838
"2020-03-11 11:43:21",4838
"2020-03-11 12:43:32",4838
"2020-03-11 13:43:20",4840
"2020-03-11 14:42:48",4816
"2020-03-11 15:42:39",4796
"2020-03-11 16:43:28",4782
"2020-03-11 17:42:49",4772
"2020-03-11 18:42:34",4767
"2020-03-11 19:43:31",4763
"2020-03-11 20:43:32",4752
"2020-03-11 21:42:49",4752
"2020-03-11 22:42:52",4752
"2020-03-11 23:42:58",4752
"2020-03-12 00:42:35",4752
"2020-03-12 01:43:22",4752
"2020-03-12 02:42:47",4752
"2020-03-12 03:43:19",4752
"2020-03-12 04:43:30",4752
"2020-03-12 05:42:49",4752
"2020-03-12 06:42:41",4751
"2020-03-12 07:42:45",4751
"2020-03-12 08:43:27",4751
"2020-03-12 09:43:03",4751
"2020-03-12 10:43:23",4751
"2020-03-12 11:43:20",4751
"2020-03-12 12:43:17",4751
"2020-03-12 13:43:32",4750
"2020-03-12 14:42:38",4696
"2020-03-12 15:42:33",4657
"2020-03-12 16:42:39",4648
"2020-03-12 17:42:35",4635
"2020-03-12 18:43:32",4632
"2020-03-12 19:42:49",4626
"2020-03-12 20:42:39",4625
"2020-03-12 21:43:35",4620
"2020-03-12 22:42:36",4618
"2020-03-12 23:43:36",4618
"2020-03-13 00:43:36",4618
"2020-03-13 01:42:36",4618
"2020-03-13 02:43:20",4618
"2020-03-13 03:43:22",4618
"2020-03-13 04:42:47",4618
"2020-03-13 05:42:51",4618
"2020-03-13 06:43:38",4618
"2020-03-13 07:43:40",4617
"2020-03-13 08:43:44",4617
"2020-03-13 09:43:46",4617
"2020-03-13 10:42:50",4617
"2020-03-13 11:43:16",4617
"2020-03-13 13:06:54",4617
"2020-03-13 13:42:55",4617
"2020-03-13 14:42:52",4602
"2020-03-13 15:42:53",4604
"2020-03-13 16:43:20",4602
"2020-03-13 17:43:16",4604
"2020-03-13 18:43:32",4603
"2020-03-13 19:43:19",4605
"2020-03-13 20:42:41",4603
"2020-03-13 21:42:49",4610
"2020-03-13 22:42:37",4612
"2020-03-13 23:43:15",4612
"2020-03-14 00:42:50",4612
"2020-03-14 01:43:29",4612
"2020-03-14 02:43:23",4612
"2020-03-14 03:42:48",4612
"2020-03-14 04:43:31",4612
"2020-03-14 05:43:24",4612
"2020-03-14 06:42:52",4612
"2020-03-14 07:43:32",4612
"2020-03-14 08:43:21",4612
"2020-03-14 09:43:21",4611
"2020-03-14 10:42:46",4611
"2020-03-14 11:42:41",4611
"2020-03-14 12:42:47",4611
"2020-03-14 13:42:39",4611
"2020-03-14 14:43:18",4611
"2020-03-14 15:42:37",4611
"2020-03-14 16:43:18",4611
"2020-03-14 17:42:49",4611
"2020-03-14 18:43:20",4611
"2020-03-14 19:42:51",4611
"2020-03-14 20:43:24",4611
"2020-03-14 21:43:20",4611
"2020-03-14 22:43:31",4611
"2020-03-14 23:43:17",4611
"2020-03-15 00:42:44",4611
"2020-03-15 01:42:49",4611
"2020-03-15 02:43:30",4611
"2020-03-15 03:43:30",4611
"2020-03-15 04:42:39",4611
"2020-03-15 05:43:31",4611
"2020-03-15 06:42:51",4611
"2020-03-15 07:43:36",4611
"2020-03-15 08:59:41",4611
"2020-03-15 09:43:01",4611
"2020-03-15 10:43:17",4611
"2020-03-15 11:43:33",4611
"2020-03-15 12:43:19",4611
"2020-03-15 13:42:40",4611
"2020-03-15 14:42:58",4611
"2020-03-15 15:42:47",4611
"2020-03-15 16:43:16",4611
"2020-03-15 17:42:51",4611
"2020-03-15 18:43:29",4611
"2020-03-15 19:43:21",4611
"2020-03-15 20:42:54",4611
"2020-03-15 21:42:51",4611
"2020-03-15 22:43:16",4611
"2020-03-15 23:43:15",4611
"2020-03-16 00:42:37",4611
"2020-03-16 01:42:38",4611
"2020-03-16 02:42:36",4611
"2020-03-16 03:43:09",4611
"2020-03-16 04:43:22",4611
"2020-03-16 05:43:34",4611
"2020-03-16 06:42:49",4611
"2020-03-16 07:43:32",4611
"2020-03-16 08:58:17",4611
"2020-03-16 09:43:19",4611
"2020-03-16 10:42:53",4611
"2020-03-16 11:43:18",4611
"2020-03-16 13:08:27",4616
"2020-03-16 13:43:22",4616
"2020-03-16 14:42:51",4602
"2020-03-16 15:43:20",4602
"2020-03-16 16:42:38",4602
"2020-03-16 17:42:50",4598
"2020-03-16 18:42:38",4601
"2020-03-16 19:43:30",4599
"2020-03-16 20:42:35",4598
"2020-03-16 21:42:51",4600
"2020-03-16 22:42:38",4601
"2020-03-16 23:43:21",4601
"2020-03-17 00:43:19",4601
"2020-03-17 01:42:41",4601
"2020-03-17 02:43:19",4601
"2020-03-17 20:10:19",4996
"2020-03-17 20:18:07",4996
"2020-03-17 20:42:51",4996
"2020-03-17 21:42:40",5009
"2020-03-17 22:42:40",5007
"2020-03-17 23:42:43",5007
"2020-03-18 00:42:50",5007
"2020-03-18 01:42:54",5007
"2020-03-18 02:42:53",5007
"2020-03-18 03:42:53",5007
"2020-03-18 04:42:55",5007
"2020-03-18 05:42:45",5007
"2020-03-18 06:42:40",5007
"2020-03-18 07:42:53",5007
"2020-03-18 08:42:38",5007
"2020-03-18 09:42:51",5004
"2020-03-18 10:42:39",5004
"2020-03-18 11:42:38",5004
"2020-03-18 13:08:25",5008
"2020-03-18 13:42:55",5008
"2020-03-18 14:42:42",5011
"2020-03-18 15:42:44",4970
"2020-03-18 16:42:40",4938
"2020-03-18 17:42:54",4899
"2020-03-18 18:42:37",4914
"2020-03-18 19:42:50",4911
"2020-03-18 20:42:43",4905
"2020-03-18 21:42:43",4904
"2020-03-18 22:42:38",4901
"2020-03-18 23:42:48",4901
"2020-03-19 00:42:44",4901
"2020-03-19 01:42:47",4901
"2020-03-19 02:42:38",4901
"2020-03-19 03:42:36",4901
"2020-03-19 04:42:41",4901
"2020-03-19 05:43:26",4901
"2020-03-19 06:42:38",4901
"2020-03-19 07:42:43",4901
"2020-03-19 08:42:41",4901
"2020-03-19 09:42:49",4901
"2020-03-19 10:42:38",4901
"2020-03-19 11:42:39",4901
"2020-03-19 12:42:39",4901
"2020-03-19 13:42:41",4900
"2020-03-19 14:42:41",4847
"2020-03-19 15:42:42",4826
"2020-03-19 16:42:41",4816
"2020-03-19 17:42:41",4799
"2020-03-19 18:42:35",4789
"2020-03-19 19:42:45",4788
"2020-03-19 20:42:55",4790
"2020-03-19 21:42:49",4789
"2020-03-19 22:42:38",4789
"2020-03-19 23:43:02",4789
"2020-03-20 00:42:39",4789
"2020-03-20 01:42:38",4789
"2020-03-20 02:43:05",4789
"2020-03-20 03:42:46",4789
"2020-03-20 04:42:43",4789
"2020-03-20 06:42:57",4789
"2020-03-20 07:42:45",4789
"2020-03-20 08:43:05",4789
"2020-03-20 09:42:52",4789
"2020-03-20 10:42:41",4789
"2020-03-20 11:42:41",4789
"2020-03-20 13:07:22",4788
"2020-03-20 13:42:54",4788
"2020-03-20 14:42:39",4780
"2020-03-20 15:42:38",4771
"2020-03-20 16:42:40",4755
"2020-03-20 17:42:41",4754
"2020-03-20 18:42:36",4745
"2020-03-20 19:42:42",4737
"2020-03-20 20:42:41",4730
"2020-03-20 21:42:37",4729
"2020-03-20 22:42:51",4732
"2020-03-20 23:42:55",4732
"2020-03-21 00:42:45",4732
"2020-03-21 01:42:41",4732
"2020-03-21 02:42:51",4732
"2020-03-21 03:42:54",4732
"2020-03-21 04:42:39",4732
"2020-03-21 05:42:37",4732
"2020-03-21 06:42:41",4732
"2020-03-21 07:42:52",4732
"2020-03-21 08:42:55",4732
"2020-03-21 09:42:41",4732
"2020-03-21 10:42:43",4732
"2020-03-21 11:42:48",4731
"2020-03-21 12:42:36",4731
"2020-03-21 13:42:41",4731
"2020-03-21 14:43:01",4731
"2020-03-21 15:42:50",4731
"2020-03-21 16:42:48",4731
"2020-03-21 17:42:57",4731
"2020-03-21 18:42:44",4731
"2020-03-21 19:42:44",4731
"2020-03-21 20:42:36",4731
"2020-03-21 21:42:43",4731
"2020-03-21 22:42:39",4731
"2020-03-21 23:42:42",4732
"2020-03-22 00:42:35",4732
"2020-03-22 01:42:49",4733
"2020-03-22 02:42:38",4733
"2020-03-22 03:43:03",4733
"2020-03-22 04:42:43",4733
"2020-03-22 05:43:07",4733
"2020-03-22 06:42:53",4733
"2020-03-22 07:42:55",4733
"2020-03-22 09:14:04",4733
"2020-03-22 09:42:43",4733
"2020-03-22 10:42:52",4733
"2020-03-22 11:42:39",4733
"2020-03-22 12:42:50",4733
"2020-03-22 21:52:41",4733
"2020-03-22 22:42:52",4733
"2020-03-22 23:42:42",4733
"2020-03-23 00:43:03",4733
"2020-03-23 01:42:59",4733
"2020-03-23 02:42:39",4733
"2020-03-23 03:42:41",4733
"2020-03-23 04:42:50",4733
"2020-03-23 05:42:46",4733
"2020-03-23 06:42:45",4733
"2020-03-23 07:42:40",4733
"2020-03-23 08:42:45",4733
"2020-03-23 09:42:55",4733
"2020-03-23 10:42:41",4733
"2020-03-23 11:42:50",4733
"2020-03-23 13:06:51",4733
"2020-03-23 13:43:01",4733
"2020-03-23 14:42:51",4734
"2020-03-23 15:42:45",4721
"2020-03-23 16:42:54",4713
"2020-03-23 17:42:42",4709
"2020-03-23 18:42:39",4702
"2020-03-23 19:42:49",4705
"2020-03-23 20:42:52",4710
"2020-03-23 21:42:42",4707
"2020-03-23 22:42:43",4705
"2020-03-23 23:42:42",4705
"2020-03-24 00:42:38",4705
"2020-03-24 01:42:40",4705
"2020-03-24 02:42:40",4705
"2020-03-24 03:42:40",4705
"2020-03-24 04:42:53",4705
"2020-03-24 05:43:14",4705
"2020-03-24 06:42:51",4705
"2020-03-24 07:42:57",4705
"2020-03-24 09:08:23",4705
"2020-03-24 09:42:40",4705
"2020-03-24 10:42:42",4705
"2020-03-24 11:42:42",4705
"2020-03-24 12:42:33",4705
"2020-03-24 13:43:03",4705
"2020-03-24 14:43:09",4694
"2020-03-24 15:43:02",4693
"2020-03-24 16:43:06",4694
"2020-03-24 17:42:52",4689
"2020-03-24 18:42:52",4680
"2020-03-24 19:42:42",4681
"2020-03-24 20:42:36",4667
"2020-03-24 21:42:35",4667
"2020-03-24 22:42:52",4667
"2020-03-24 23:42:52",4667
"2020-03-25 00:42:37",4667
"2020-03-25 01:42:42",4667
"2020-03-25 02:42:39",4667
"2020-03-25 03:42:37",4667
"2020-03-25 04:42:33",4667
"2020-03-25 06:42:54",4667
"2020-03-25 07:42:36",4667
"2020-03-25 09:42:42",4667
"2020-03-25 10:42:40",4667
"2020-03-25 11:42:49",4667
"2020-03-25 12:42:53",4667
"2020-03-25 13:42:55",4670
"2020-03-25 14:42:55",4652
"2020-03-25 15:43:01",4633
"2020-03-25 16:42:53",4623
"2020-03-25 17:42:41",4616
"2020-03-25 18:42:37",4598
"2020-03-25 19:42:37",4596
"2020-03-25 20:42:44",4590
"2020-03-25 21:42:35",4589
"2020-03-25 22:42:37",4592
"2020-03-25 23:42:39",4592
"2020-03-26 02:05:12",4592
"2020-03-26 02:42:44",4592
"2020-03-26 03:42:50",4592
"2020-03-26 04:43:03",4592
"2020-03-26 05:42:43",4592
"2020-03-26 06:42:44",4592
"2020-03-26 07:42:46",4590
"2020-03-26 08:42:39",4590
"2020-03-26 09:42:51",4590
"2020-03-26 10:42:37",4590
"2020-03-26 11:42:41",4590
"2020-03-26 12:42:42",4590
"2020-03-26 13:42:40",4588
"2020-03-26 14:42:44",4571
"2020-03-26 15:42:43",4566
"2020-03-26 16:42:40",4552
"2020-03-26 17:42:48",4552
"2020-03-26 18:42:40",4547
"2020-03-26 19:42:37",4544
"2020-03-26 20:42:41",4539
"2020-03-26 21:42:47",4540
"2020-03-26 22:42:36",4538
"2020-03-26 23:42:51",4538
"2020-03-27 00:42:43",4538
"2020-03-27 01:42:48",4538
"2020-03-27 02:42:52",4538
"2020-03-27 03:42:42",4538
"2020-03-27 04:42:47",4538
"2020-03-27 05:42:41",4538
"2020-03-27 06:42:48",4538
"2020-03-27 07:42:53",4536
"2020-03-27 08:43:40",4536
"2020-03-27 09:43:04",4536
"2020-03-27 10:42:45",4536
"2020-03-27 11:42:38",4536
"2020-03-27 12:42:37",4536
"2020-03-27 13:42:46",4537
"2020-03-27 14:42:40",4546
"2020-03-27 15:42:42",4543
"2020-03-27 16:42:47",4542
"2020-03-27 17:42:41",4530
"2020-03-27 18:42:55",4529
"2020-03-27 19:42:41",4532
"2020-03-27 20:42:41",4530
"2020-03-27 21:42:55",4529
"2020-03-27 22:42:44",4529
"2020-03-27 23:42:48",4529
"2020-03-28 00:42:53",4529
"2020-03-28 01:42:33",4529
"2020-03-28 02:42:40",4529
"2020-03-28 03:42:44",4529
"2020-03-28 04:42:41",4529
"2020-03-28 05:43:04",4529
"2020-03-28 06:42:46",4529
"2020-03-28 07:42:37",4528
"2020-03-28 08:42:43",4528
"2020-03-28 09:42:51",4528
"2020-03-28 10:42:56",4527
"2020-03-28 11:42:43",4527
"2020-03-28 12:42:53",4527
"2020-03-28 13:42:52",4527
"2020-03-28 14:42:46",4527
"2020-03-28 15:42:40",4527
"2020-03-28 16:42:39",4527
"2020-03-28 17:42:42",4527
"2020-03-28 18:42:46",4527
"2020-03-28 19:42:39",4527
"2020-03-28 20:42:44",4527
"2020-03-28 21:42:37",4527
"2020-03-28 22:43:04",4527
"2020-03-28 23:42:45",4527
"2020-03-29 00:42:47",4527
"2020-03-29 01:42:52",4527
"2020-03-29 02:43:06",4527
"2020-03-29 03:43:12",4527
"2020-03-29 04:42:56",4527
"2020-03-29 05:42:51",4527
"2020-03-29 06:43:08",4527
"2020-03-29 07:42:53",4527
"2020-03-29 08:42:47",4527
"2020-03-29 09:42:43",4527
"2020-03-29 10:43:05",4527
"2020-03-29 11:42:46",4527
"2020-03-29 12:42:42",4527
"2020-03-29 13:42:42",4527
"2020-03-29 14:42:39",4527
"2020-03-29 15:42:42",4527
"2020-03-29 16:42:42",4527
"2020-03-29 17:42:54",4527
"2020-03-29 18:42:43",4527
"2020-03-29 19:42:43",4527
"2020-03-29 20:42:41",4527
"2020-03-29 21:43:03",4527
"2020-03-29 22:42:45",4527
"2020-03-29 23:42:44",4527
"2020-03-30 00:42:45",4527
"2020-03-30 01:42:43",4527
"2020-03-30 02:42:57",4527
"2020-03-30 03:42:46",4527
"2020-03-30 04:42:58",4527
"2020-03-30 05:42:38",4527
"2020-03-30 06:42:45",4527
"2020-03-30 07:43:00",4527
"2020-03-30 08:42:45",4527
"2020-03-30 09:42:43",4527
"2020-03-30 10:42:42",4527
"2020-03-30 11:42:37",4527
"2020-03-30 12:42:39",4527
"2020-03-30 13:42:51",4527
"2020-03-30 14:42:40",4521
"2020-03-30 15:42:54",4517
"2020-03-30 16:42:42",4520
"2020-03-30 17:42:48",4523
"2020-03-30 18:42:43",4525
"2020-03-30 19:42:53",4525
"2020-03-30 20:42:41",4526
"2020-03-30 21:42:51",4526
"2020-03-30 22:42:42",4527
"2020-03-30 23:42:42",4527
"2020-03-31 00:42:38",4527
"2020-03-31 01:42:42",4527
"2020-03-31 02:42:42",4527
"2020-03-31 03:42:46",4527
"2020-03-31 04:42:43",4527
"2020-03-31 05:42:43",4527
"2020-03-31 06:42:40",4527
"2020-03-31 07:42:47",4527
"2020-03-31 08:42:45",4527
"2020-03-31 09:42:48",4527
"2020-03-31 10:42:44",4527
"2020-03-31 11:43:10",4527
"2020-03-31 13:05:55",4529
"2020-03-31 13:42:45",4529
"2020-03-31 14:42:59",4531
"2020-03-31 15:42:44",4525
"2020-03-31 16:43:01",4525
"2020-03-31 17:42:43",4523
"2020-03-31 18:42:53",4522
"2020-03-31 19:42:40",4515
"2020-03-31 20:42:53",4514
"2020-03-31 21:42:43",4515
"2020-03-31 22:42:46",4515
"2020-03-31 23:42:55",4515
"2020-04-01 00:42:46",4515
"2020-04-01 01:42:46",4515
"2020-04-01 02:42:43",4515
"2020-04-01 03:42:48",4515
"2020-04-01 04:42:54",4515
"2020-04-01 05:43:08",4515
"2020-04-01 06:42:49",4515
"2020-04-01 07:42:59",4515
"2020-04-01 08:42:43",4515
"2020-04-01 09:42:50",4515
"2020-04-01 10:42:40",4515
"2020-04-01 11:43:05",4515
"2020-04-01 13:08:55",4515
"2020-04-01 13:42:48",4515
"2020-04-01 14:43:07",4505
"2020-04-01 15:42:56",4504
"2020-04-01 16:42:41",4503
"2020-04-01 17:42:40",4501
"2020-04-01 18:42:41",4500
"2020-04-01 19:42:45",4498
"2020-04-01 20:42:46",4497
"2020-04-01 21:42:41",4496
"2020-04-01 22:42:40",4496
"2020-04-01 23:42:56",4496
"2020-04-02 00:42:44",4496
"2020-04-02 01:42:58",4496
"2020-04-02 02:42:45",4496
"2020-04-02 03:42:56",4496
"2020-04-02 04:42:46",4496
"2020-04-02 05:42:48",4496
"2020-04-02 06:42:38",4494
"2020-04-02 07:42:57",4494
"2020-04-02 08:43:12",4494
"2020-04-02 09:42:56",4494
"2020-04-02 10:42:45",4494
"2020-04-02 11:42:44",4494
"2020-04-02 13:09:55",4494
"2020-04-02 13:43:01",4494
"2020-04-02 14:42:40",4486
"2020-04-02 15:42:50",4479
"2020-04-02 16:42:38",4477
"2020-04-02 17:42:40",4478
"2020-04-02 18:43:02",4477
"2020-04-02 19:42:41",4476
"2020-04-02 20:42:55",4484
"2020-04-02 21:43:09",4485
"2020-04-02 22:43:00",4485
"2020-04-02 23:42:41",4485
"2020-04-03 00:42:47",4485
"2020-04-03 01:42:56",4485
"2020-04-03 02:42:45",4485
"2020-04-03 03:42:41",4485
"2020-04-03 04:42:52",4485
"2020-04-03 05:42:57",4485
"2020-04-03 06:42:46",4485
"2020-04-03 08:42:46",4484
"2020-04-03 09:42:44",4484
"2020-04-03 10:42:56",4484
"2020-04-03 11:42:42",4484
"2020-04-03 13:10:56",4484
"2020-04-03 13:42:52",4484
"2020-04-03 14:42:51",4480
"2020-04-03 15:42:59",4480
"2020-04-03 16:42:56",4480
"2020-04-03 17:42:57",4481
"2020-04-03 18:42:58",4484
"2020-04-03 19:42:43",4482
"2020-04-03 20:42:43",4483
"2020-04-03 21:42:47",4484
"2020-04-03 22:43:06",4484
"2020-04-03 23:42:45",4484
"2020-04-04 00:42:41",4484
"2020-04-04 01:42:55",4484
"2020-04-04 02:42:46",4484
"2020-04-04 03:42:48",4484
"2020-04-04 04:42:50",4484
"2020-04-04 05:42:54",4484
"2020-04-04 06:42:42",4484
"2020-04-04 07:42:58",4484
"2020-04-04 08:42:55",4484
"2020-04-04 09:42:52",4484
"2020-04-04 10:42:42",4484
"2020-04-04 11:42:43",4484
"2020-04-04 12:42:43",4484
"2020-04-04 13:42:42",4484
"2020-04-04 14:42:51",4484
"2020-04-04 15:42:39",4484
"2020-04-04 16:42:43",4484
"2020-04-04 17:42:43",4484
"2020-04-04 18:42:42",4484
"2020-04-04 19:42:44",4484
"2020-04-04 20:42:41",4484
"2020-04-04 21:42:40",4484
"2020-04-04 22:42:58",4484
"2020-04-04 23:42:42",4484
"2020-04-05 00:43:05",4484
"2020-04-05 01:42:54",4484
"2020-04-05 02:42:41",4484
"2020-04-05 03:42:43",4484
"2020-04-05 04:42:55",4484
"2020-04-05 05:42:53",4484
"2020-04-05 06:42:55",4484
"2020-04-05 07:42:44",4484
"2020-04-05 08:42:46",4484
"2020-04-05 09:42:40",4484
"2020-04-05 10:42:59",4484
"2020-04-05 11:42:54",4484
"2020-04-05 12:42:41",4484
"2020-04-05 13:42:56",4484
"2020-04-05 14:42:43",4484
"2020-04-05 15:42:40",4484
"2020-04-05 16:42:56",4484
"2020-04-05 17:42:38",4484
"2020-04-05 18:42:43",4484
"2020-04-05 19:42:41",4484
"2020-04-05 20:42:44",4484
"2020-04-05 21:42:46",4484
"2020-04-05 22:42:52",4484
"2020-04-05 23:42:40",4484
"2020-04-06 00:42:39",4484
"2020-04-06 01:42:45",4484
"2020-04-06 02:42:53",4484
"2020-04-06 03:43:08",4484
"2020-04-06 04:42:39",4484
"2020-04-06 05:42:49",4484
"2020-04-06 06:42:49",4484
"2020-04-06 07:42:44",4484
"2020-04-06 08:42:54",4484
"2020-04-06 09:42:44",4484
"2020-04-06 10:42:49",4484
"2020-04-06 11:42:38",4484
"2020-04-06 12:42:49",4484
"2020-04-06 13:42:47",4483
"2020-04-06 14:42:43",4491
"2020-04-06 15:42:44",4495
"2020-04-06 16:42:42",4496
"2020-04-06 17:42:40",4492
"2020-04-06 18:43:38",4492
"2020-04-06 19:42:54",4488
"2020-04-06 20:42:41",4489
"2020-04-06 21:42:39",4487
"2020-04-06 22:42:44",4488
"2020-04-06 23:42:50",4488
"2020-04-07 00:42:45",4488
"2020-04-07 01:42:48",4488
"2020-04-07 02:42:44",4488
"2020-04-07 03:42:42",4488
"2020-04-07 04:42:41",4488
"2020-04-07 05:42:38",4488
"2020-04-07 06:42:48",4488
"2020-04-07 07:42:45",4488
"2020-04-07 08:42:52",4488
"2020-04-07 09:42:42",4488
"2020-04-07 10:42:36",4488
"2020-04-07 11:42:40",4488
"2020-04-07 12:42:42",4488
"2020-04-07 13:42:43",4488
"2020-04-07 14:42:37",4487
"2020-04-07 15:42:38",4493
"2020-04-07 16:42:46",4490
"2020-04-07 17:42:37",4487
"2020-04-07 18:42:38",4481
"2020-04-07 19:42:35",4480
"2020-04-07 20:42:43",4479
"2020-04-07 21:42:45",4481
"2020-04-07 22:42:39",4480
"2020-04-07 23:42:42",4480
"2020-04-08 00:42:45",4480
"2020-04-08 01:42:38",4480
"2020-04-08 02:42:34",4480
"2020-04-08 03:42:45",4480
"2020-04-08 04:42:36",4480
"2020-04-08 06:42:42",4480
"2020-04-08 07:42:47",4480
"2020-04-08 08:42:49",4480
"2020-04-08 09:42:44",4480
"2020-04-08 10:42:39",4480
"2020-04-08 11:42:38",4480
"2020-04-08 12:42:38",4480
"2020-04-08 13:42:41",4480
"2020-04-08 14:42:36",4473
"2020-04-08 15:42:44",4473
"2020-04-08 16:42:38",4461
"2020-04-08 17:42:47",4459
"2020-04-08 18:42:37",4455
"2020-04-08 19:42:46",4447
"2020-04-08 20:42:42",4454
"2020-04-08 21:42:40",4455
"2020-04-08 22:42:36",4457
"2020-04-08 23:42:40",4457
"2020-04-09 00:42:37",4457
"2020-04-09 01:42:42",4457
"2020-04-09 02:42:42",4457
"2020-04-09 03:42:41",4457
"2020-04-09 04:42:49",4457
"2020-04-09 05:42:42",4457
"2020-04-09 06:42:49",4457
"2020-04-09 07:42:35",4457
"2020-04-09 08:42:36",4457
"2020-04-09 09:42:35",4455
"2020-04-09 10:42:39",4455
"2020-04-09 11:42:38",4455
"2020-04-09 12:42:39",4455
"2020-04-09 13:42:45",4455
"2020-04-09 14:42:45",4455
"2020-04-09 15:42:34",4454
"2020-04-09 16:42:42",4449
"2020-04-09 17:42:40",4447
"2020-04-09 18:42:35",4447
"2020-04-09 19:42:48",4449
"2020-04-09 20:42:40",4451
"2020-04-09 21:42:40",4453
"2020-04-09 22:42:39",4455
"2020-04-09 23:42:38",4455
"2020-04-10 00:42:41",4455
"2020-04-10 01:42:38",4455
"2020-04-10 02:42:44",4455
"2020-04-10 03:42:43",4455
"2020-04-10 04:42:38",4455
"2020-04-10 05:42:44",4455
"2020-04-10 06:42:38",4455
"2020-04-10 07:42:42",4455
"2020-04-10 08:42:43",4455
"2020-04-10 09:42:40",4455
"2020-04-10 10:42:44",4455
"2020-04-10 11:42:41",4455
"2020-04-10 12:42:40",4455
"2020-04-10 13:42:41",4455
"2020-04-10 14:42:47",4455
"2020-04-10 15:42:42",4455
"2020-04-10 16:42:38",4455
"2020-04-10 17:42:42",4455
"2020-04-10 18:42:40",4455
"2020-04-10 19:42:40",4455
"2020-04-10 20:42:49",4455
"2020-04-10 21:42:33",4455
"2020-04-10 22:42:31",4455
"2020-04-10 23:42:31",4455
"2020-04-11 00:42:34",4455
"2020-04-11 01:42:30",4455
"2020-04-11 02:42:31",4455
"2020-04-11 03:42:32",4455
"2020-04-11 04:42:32",4455
"2020-04-11 05:42:31",4455
"2020-04-11 06:42:31",4455
"2020-04-11 07:42:31",4455
"2020-04-11 08:42:27",4455
"2020-04-11 09:42:28",4455
"2020-04-11 10:42:34",4455
"2020-04-11 11:42:28",4455
"2020-04-11 12:42:30",4455
"2020-04-11 13:42:34",4455
"2020-04-11 14:42:28",4455
"2020-04-11 15:42:34",4455
"2020-04-11 16:42:33",4455
"2020-04-11 17:42:32",4455
"2020-04-11 18:42:33",4455
"2020-04-11 19:42:30",4455
"2020-04-11 20:42:28",4455
"2020-04-11 21:42:31",4455
"2020-04-11 22:42:31",4455
"2020-04-11 23:42:31",4455
"2020-04-12 00:42:35",4455
"2020-04-12 01:42:30",4455
"2020-04-12 02:42:31",4455
"2020-04-12 03:42:29",4455
"2020-04-12 04:42:36",4455
"2020-04-12 05:42:33",4455
"2020-04-12 06:42:32",4455
"2020-04-12 07:42:30",4455
"2020-04-12 08:42:30",4455
"2020-04-12 09:42:32",4455
"2020-04-12 10:42:32",4455
"2020-04-12 11:42:29",4455
"2020-04-12 12:42:31",4455
"2020-04-12 13:42:34",4455
"2020-04-12 14:42:33",4455
"2020-04-12 15:42:31",4455
"2020-04-12 16:42:30",4455
"2020-04-12 17:42:29",4455
"2020-04-12 18:42:32",4455
"2020-04-12 19:42:31",4455
"2020-04-12 20:42:38",4455
"2020-04-12 21:42:33",4455
"2020-04-12 22:42:36",4455
"2020-04-12 23:42:38",4455
"2020-04-13 00:42:42",4455
"2020-04-13 01:42:36",4455
"2020-04-13 02:42:37",4455
"2020-04-13 03:42:47",4455
"2020-04-13 04:42:38",4455
"2020-04-13 05:42:40",4455
"2020-04-13 06:42:31",4455
"2020-04-13 07:42:29",4455
"2020-04-13 08:42:34",4455
"2020-04-13 09:42:30",4455
"2020-04-13 10:42:30",4455
"2020-04-13 11:42:35",4455
"2020-04-13 13:07:53",4456
"2020-04-13 13:42:30",4456
"2020-04-13 14:42:29",4462
"2020-04-13 15:42:33",4467
"2020-04-13 16:42:33",4476
"2020-04-13 17:42:37",4480
"2020-04-13 18:42:29",4481
"2020-04-13 19:42:30",4480
"2020-04-13 20:42:33",4481
"2020-04-13 21:42:37",4483
"2020-04-13 22:42:31",4484
"2020-04-13 23:42:32",4484
"2020-04-14 00:42:45",4484
"2020-04-14 01:42:41",4484
"2020-04-14 02:42:39",4484
"2020-04-14 03:42:39",4484
"2020-04-14 04:42:39",4484
"2020-04-14 05:42:42",4484
"2020-04-14 06:42:35",4483
"2020-04-14 07:42:32",4483
"2020-04-14 08:42:33",4483
"2020-04-14 09:42:33",4483
"2020-04-14 10:42:32",4483
"2020-04-14 11:42:34",4483
"2020-04-14 12:42:31",4483
"2020-04-14 13:42:33",4485
"2020-04-14 14:42:37",4486
"2020-04-14 15:42:38",4473
"2020-04-14 16:42:43",4467
"2020-04-14 17:42:28",4467
"2020-04-14 18:42:40",4516
"2020-04-14 19:42:32",4518
"2020-04-14 20:42:31",4526
"2020-04-14 21:42:33",4529
"2020-04-14 22:42:32",4529
"2020-04-14 23:42:42",4529
"2020-04-15 00:42:37",4529
"2020-04-15 01:42:37",4529
"2020-04-15 02:42:35",4529
"2020-04-15 03:42:37",4529
"2020-04-15 04:42:40",4529
"2020-04-15 05:42:30",4529
"2020-04-15 06:42:31",4529
"2020-04-15 07:42:32",4529
"2020-04-15 08:42:34",4528
"2020-04-15 09:42:31",4528
"2020-04-15 10:42:30",4528
"2020-04-15 11:42:29",4528
"2020-04-15 13:10:56",4528
"2020-04-15 13:42:42",4528
"2020-04-15 14:42:32",4527
"2020-04-15 15:42:30",4533
"2020-04-15 16:42:37",4540
"2020-04-15 17:42:30",4540
"2020-04-15 18:42:31",4537
"2020-04-15 19:42:35",4541
"2020-04-15 20:42:32",4545
"2020-04-15 21:42:34",4545
"2020-04-15 22:42:36",4546
"2020-04-15 23:42:32",4546
"2020-04-16 00:42:39",4546
"2020-04-16 01:42:40",4546
"2020-04-16 02:42:42",4546
"2020-04-16 03:42:41",4546
"2020-04-16 04:42:43",4546
"2020-04-16 05:42:35",4546
"2020-04-16 06:42:40",4546
"2020-04-16 07:42:33",4546
"2020-04-16 08:42:33",4545
"2020-04-16 09:42:31",4545
"2020-04-16 10:42:32",4545
"2020-04-16 11:42:33",4545
"2020-04-16 12:42:34",4545
"2020-04-16 13:42:34",4544
"2020-04-16 14:42:31",4538
"2020-04-16 15:42:42",4536
"2020-04-16 16:42:41",4528
"2020-04-16 17:42:34",4543
"2020-04-16 18:42:39",4544
"2020-04-16 19:42:32",4542
"2020-04-16 20:42:33",4544
"2020-04-16 21:42:43",4544
"2020-04-16 22:42:33",4546
"2020-04-16 23:42:42",4546
"2020-04-17 00:42:40",4546
"2020-04-17 01:42:34",4546
"2020-04-17 02:42:41",4546
"2020-04-17 03:42:35",4546
"2020-04-17 04:42:33",4546
"2020-04-17 05:42:34",4546
"2020-04-17 06:42:37",4546
"2020-04-17 07:42:48",4545
"2020-04-17 08:42:35",4545
"2020-04-17 09:42:33",4545
"2020-04-17 10:42:33",4545
"2020-04-17 11:42:30",4545
"2020-04-17 13:07:55",4545
"2020-04-17 13:42:39",4545
"2020-04-17 14:42:34",4550
"2020-04-17 15:42:35",4558
"2020-04-17 16:42:31",4558
"2020-04-17 17:42:32",4563
"2020-04-17 18:42:40",4557
"2020-04-17 19:42:38",4560
"2020-04-17 20:42:40",4557
"2020-04-17 21:42:38",4556
"2020-04-17 22:42:36",4558
"2020-04-17 23:42:40",4558
"2020-04-18 00:42:38",4558
"2020-04-18 01:42:36",4558
"2020-04-18 02:42:35",4558
"2020-04-18 03:42:36",4558
"2020-04-18 04:42:40",4558
"2020-04-18 05:42:39",4558
"2020-04-18 06:42:34",4558
"2020-04-18 07:42:31",4558
"2020-04-18 08:42:38",4558
"2020-04-18 09:42:28",4556
"2020-04-18 10:42:32",4556
"2020-04-18 11:42:33",4557
"2020-04-18 12:42:28",4557
"2020-04-18 13:42:37",4557
"2020-04-18 14:42:35",4557
"2020-04-18 15:42:31",4557
"2020-04-18 16:42:29",4557
"2020-04-18 17:42:39",4557
"2020-04-18 18:42:34",4557
"2020-04-18 19:42:28",4557
"2020-04-18 20:42:37",4557
"2020-04-18 21:42:32",4557
"2020-04-18 22:42:36",4557
"2020-04-18 23:42:41",4557
"2020-04-19 00:42:41",4557
"2020-04-19 01:42:45",4557
"2020-04-19 02:42:40",4557
"2020-04-19 03:42:40",4557
"2020-04-19 04:42:48",4557
"2020-04-19 05:42:38",4557
"2020-04-19 06:42:38",4557
"2020-04-19 07:42:38",4557
"2020-04-19 08:42:33",4557
"2020-04-19 09:42:34",4557
"2020-04-19 10:42:33",4557
"2020-04-19 11:42:28",4557
"2020-04-19 12:42:30",4557
"2020-04-19 13:42:39",4557
"2020-04-19 14:42:29",4557
"2020-04-19 15:42:29",4557
"2020-04-19 16:42:35",4557
"2020-04-19 17:42:44",4557
"2020-04-19 18:42:34",4557
"2020-04-19 19:42:32",4557
"2020-04-19 20:42:29",4557
"2020-04-19 21:42:45",4557
"2020-04-19 22:42:42",4557
"2020-04-19 23:42:38",4557
"2020-04-20 00:42:44",4557
"2020-04-20 01:42:42",4557
"2020-04-20 02:42:46",4557
"2020-04-20 03:42:47",4557
"2020-04-20 04:42:43",4557
"2020-04-20 05:42:50",4557
"2020-04-20 06:42:40",4557
"2020-04-20 07:42:32",4557
"2020-04-20 08:42:32",4557
"2020-04-20 09:42:32",4557
"2020-04-20 10:42:32",4557
"2020-04-20 11:42:32",4557
"2020-04-20 12:42:33",4557
"2020-04-20 13:42:33",4558
"2020-04-20 14:42:41",4561
"2020-04-20 15:42:34",4571
"2020-04-20 16:42:37",4565
"2020-04-20 17:42:34",4561
"2020-04-20 18:42:40",4562
"2020-04-20 20:42:56",4550
"2020-04-20 21:42:53",4550
"2020-04-20 22:43:00",4551
"2020-04-20 23:42:43",4551
"2020-04-21 00:42:44",4551
"2020-04-21 01:42:41",4551
"2020-04-21 02:42:41",4551
"2020-04-21 03:43:19",4551
"2020-04-21 04:43:28",4551
"2020-04-21 05:43:37",4551
"2020-04-21 06:42:43",4551
"2020-04-21 07:42:37",4551
"2020-04-21 08:42:36",4551
"2020-04-21 09:42:34",4551
"2020-04-21 10:42:33",4551
"2020-04-21 11:42:32",4551
"2020-04-21 12:42:34",4551
"2020-04-21 13:42:39",4552
"2020-04-21 14:42:43",4548
"2020-04-21 15:42:31",4542
"2020-04-21 16:42:31",4538
"2020-04-21 17:42:41",4539
"2020-04-21 18:42:31",4539
"2020-04-21 19:42:34",4538
"2020-04-21 20:42:43",4532
"2020-04-21 21:42:45",4533
"2020-04-21 22:42:45",4533
"2020-04-21 23:42:33",4533
"2020-04-22 00:42:40",4533
"2020-04-22 01:42:44",4533
"2020-04-22 02:42:43",4533
"2020-04-22 03:42:37",4533
"2020-04-22 04:42:33",4533
"2020-04-22 05:42:34",4533
"2020-04-22 06:42:36",4533
"2020-04-22 07:42:36",4533
"2020-04-22 08:42:31",4531
"2020-04-22 09:42:36",4531
"2020-04-22 10:42:46",4531
"2020-04-22 11:42:30",4531
"2020-04-22 12:42:34",4531
"2020-04-22 13:42:30",4531
"2020-04-22 14:42:35",4530
"2020-04-22 15:42:32",4537
"2020-04-22 16:42:42",4541
"2020-04-22 17:42:47",4561
"2020-04-22 18:42:40",4580
"2020-04-22 19:42:33",4626
"2020-04-22 20:42:34",4632
"2020-04-22 21:42:41",4638
"2020-04-22 22:42:36",4635
"2020-04-22 23:42:40",4635
"2020-04-23 00:42:33",4635
"2020-04-23 01:42:39",4635
"2020-04-23 02:42:42",4635
"2020-04-23 03:42:43",4635
"2020-04-23 04:42:44",4635
"2020-04-23 05:42:31",4635
"2020-04-23 06:42:32",4634
"2020-04-23 07:42:36",4634
"2020-04-23 08:42:34",4634
"2020-04-23 09:42:29",4634
"2020-04-23 10:42:32",4634
"2020-04-23 11:42:40",4634
"2020-04-23 12:42:30",4634
"2020-04-23 13:42:30",4634
"2020-04-23 14:42:32",4636
"2020-04-23 15:42:33",4631
"2020-04-23 16:42:42",4643
"2020-04-23 17:42:31",4648
"2020-04-23 18:42:35",4660
"2020-04-23 19:42:30",4658
"2020-04-23 20:42:42",4662
"2020-04-23 21:42:37",4661
"2020-04-23 22:42:32",4663
"2020-04-23 23:42:34",4663
"2020-04-24 00:42:40",4663
"2020-04-24 01:42:57",4663
"2020-04-24 02:42:30",4663
"2020-04-24 03:42:43",4663
"2020-04-24 04:42:32",4663
"2020-04-24 05:42:31",4663
"2020-04-24 06:42:32",4663
"2020-04-24 07:42:29",4663
"2020-04-24 08:42:41",4663
"2020-04-24 09:42:33",4663
"2020-04-24 10:42:31",4663
"2020-04-24 11:42:29",4663
"2020-04-24 13:08:56",4664
"2020-04-24 13:42:46",4664
"2020-04-24 14:42:37",4633
"2020-04-24 15:42:33",4611
"2020-04-24 16:42:32",4610
"2020-04-24 17:42:34",4603
"2020-04-24 18:42:38",4600
"2020-04-24 19:42:33",4595
"2020-04-24 20:42:38",4598
"2020-04-24 21:42:40",4599
"2020-04-24 22:42:48",4600
"2020-04-24 23:42:36",4600
"2020-04-25 00:42:49",4600
"2020-04-25 01:42:44",4600
"2020-04-25 02:42:42",4600
"2020-04-25 03:42:38",4600
"2020-04-25 04:42:43",4600
"2020-04-25 05:42:45",4600
"2020-04-25 06:42:36",4600
"2020-04-25 07:42:33",4600
"2020-04-25 08:42:36",4600
"2020-04-25 09:42:34",4600
"2020-04-25 10:42:31",4600
"2020-04-25 11:42:34",4600
"2020-04-25 12:42:32",4600
"2020-04-25 13:42:40",4600
"2020-04-25 14:42:34",4600
"2020-04-25 15:42:36",4600
"2020-04-25 16:42:37",4600
"2020-04-25 17:42:36",4600
"2020-04-25 18:42:33",4600
"2020-04-25 19:42:38",4600
"2020-04-25 20:42:34",4600
"2020-04-25 21:42:33",4600
"2020-04-25 22:42:37",4600
"2020-04-25 23:42:42",4600
"2020-04-26 00:42:33",4600
"2020-04-26 01:42:40",4600
"2020-04-26 02:42:40",4600
"2020-04-26 03:42:43",4600
"2020-04-26 04:42:31",4600
"2020-04-26 05:42:47",4600
"2020-04-26 06:42:38",4600
"2020-04-26 07:42:35",4600
"2020-04-26 08:42:34",4600
"2020-04-26 09:42:34",4600
"2020-04-26 10:42:32",4600
"2020-04-26 11:42:37",4600
"2020-04-26 12:42:33",4600
"2020-04-26 13:42:30",4600
"2020-04-26 14:42:32",4600
"2020-04-26 15:42:36",4600
"2020-04-26 16:42:34",4600
"2020-04-26 17:42:33",4600
"2020-04-26 18:42:35",4600
"2020-04-26 19:42:34",4600
"2020-04-26 20:42:32",4600
"2020-04-26 21:42:33",4600
"2020-04-26 22:42:39",4600
"2020-04-26 23:42:46",4600
"2020-04-27 00:42:46",4600
"2020-04-27 01:42:45",4600
"2020-04-27 02:42:42",4600
"2020-04-27 03:42:45",4600
"2020-04-27 04:42:46",4600
"2020-04-27 05:42:37",4600
"2020-04-27 06:42:35",4600
"2020-04-27 07:42:32",4600
"2020-04-27 08:42:37",4600
"2020-04-27 09:42:35",4600
"2020-04-27 10:42:34",4600
"2020-04-27 11:42:29",4600
"2020-04-27 12:42:34",4600
"2020-04-27 13:42:47",4602
"2020-04-27 14:42:39",4606
"2020-04-27 15:42:35",4605
"2020-04-27 16:42:31",4602
"2020-04-27 17:42:35",4602
"2020-04-27 18:42:34",4599
"2020-04-27 19:42:33",4596
"2020-04-27 20:42:34",4594
"2020-04-27 21:42:45",4592
"2020-04-27 22:42:38",4595
"2020-04-27 23:42:43",4595
"2020-04-28 00:42:56",4595
"2020-04-28 01:42:38",4595
"2020-04-28 02:42:51",4595
"2020-04-28 03:42:47",4595
"2020-04-28 04:42:48",4595
"2020-04-28 05:42:34",4595
"2020-04-28 06:42:34",4595
"2020-04-28 07:42:46",4595
"2020-04-28 08:42:36",4595
"2020-04-28 09:42:36",4595
"2020-04-28 10:42:31",4595
"2020-04-28 11:42:36",4595
"2020-04-28 12:42:37",4595
"2020-04-28 13:42:34",4595
"2020-04-28 14:42:48",4586
"2020-04-28 15:42:44",4586
"2020-04-28 16:42:33",4589
"2020-04-28 17:42:42",4585
"2020-04-28 18:42:40",4585
"2020-04-28 19:42:34",4583
"2020-04-28 20:42:35",4590
"2020-04-28 21:42:37",4591
"2020-04-28 22:42:33",4590
"2020-04-28 23:42:34",4590
"2020-04-29 00:42:49",4590
"2020-04-29 01:42:55",4590
"2020-04-29 02:42:45",4590
"2020-04-29 03:42:34",4590
"2020-04-29 04:42:43",4590
"2020-04-29 05:42:33",4590
"2020-04-29 06:42:38",4590
"2020-04-29 07:42:38",4590
"2020-04-29 08:42:34",4590
"2020-04-29 09:42:42",4590
"2020-04-29 10:42:38",4590
"2020-04-29 11:42:31",4590
"2020-04-29 13:06:54",4590
"2020-04-29 13:42:37",4590
"2020-04-29 14:42:33",4577
"2020-04-29 15:42:31",4583
"2020-04-29 16:42:38",4584
"2020-04-29 17:42:35",4577
"2020-04-29 18:42:50",4576
"2020-04-29 19:42:47",4578
"2020-04-29 20:42:35",4573
"2020-04-29 21:42:48",4573
"2020-04-29 22:42:48",4577
"2020-04-29 23:42:43",4577
"2020-04-30 00:42:47",4577
"2020-04-30 01:42:47",4577
"2020-04-30 02:43:00",4577
"2020-04-30 03:42:54",4577
"2020-04-30 04:42:45",4577
"2020-04-30 05:42:40",4577
"2020-04-30 06:42:36",4577
"2020-04-30 07:42:36",4577
"2020-04-30 08:42:37",4577
"2020-04-30 09:42:35",4577
"2020-04-30 10:42:32",4577
"2020-04-30 11:42:39",4577
"2020-04-30 12:42:33",4577
"2020-04-30 13:42:35",4576
"2020-04-30 14:42:44",4563
"2020-04-30 15:42:33",4566
"2020-04-30 16:42:33",4561
"2020-04-30 17:43:40",4560
"2020-04-30 18:42:40",4562
"2020-04-30 20:42:36",4566
"2020-04-30 21:42:38",4566
"2020-04-30 22:42:38",4568
"2020-04-30 23:42:37",4568
"2020-05-01 00:42:49",4568
"2020-05-01 01:42:46",4568
"2020-05-01 02:42:35",4568
"2020-05-01 03:42:33",4568
"2020-05-01 04:42:37",4568
"2020-05-01 05:42:40",4568
"2020-05-01 06:42:36",4568
"2020-05-01 07:42:38",4568
"2020-05-01 08:42:35",4568
"2020-05-01 09:42:35",4568
"2020-05-01 10:42:33",4568
"2020-05-01 11:42:34",4568
"2020-05-01 13:07:56",4568
"2020-05-01 13:42:50",4568
"2020-05-01 14:42:33",4561
"2020-05-01 15:42:34",4551
"2020-05-01 16:42:37",4547
"2020-05-01 17:42:38",4546
"2020-05-01 18:42:33",4543
"2020-05-01 19:42:37",4540
"2020-05-01 20:42:31",4543
"2020-05-01 21:42:47",4542
"2020-05-01 22:42:34",4543
"2020-05-01 23:42:34",4543
"2020-05-02 00:42:35",4543
"2020-05-02 01:42:46",4543
"2020-05-02 02:42:44",4543
"2020-05-02 03:42:37",4543
"2020-05-02 04:42:35",4543
"2020-05-02 05:42:42",4543
"2020-05-02 06:42:36",4543
"2020-05-02 07:42:42",4543
"2020-05-02 08:42:37",4543
"2020-05-02 09:42:35",4543
"2020-05-02 10:42:32",4543
"2020-05-02 11:42:35",4543
"2020-05-02 12:42:32",4543
"2020-05-02 13:42:37",4543
"2020-05-02 14:42:38",4543
"2020-05-02 15:42:37",4543
"2020-05-02 16:42:38",4543
"2020-05-02 17:42:36",4543
"2020-05-02 18:42:43",4543
"2020-05-02 19:42:36",4543
"2020-05-02 20:42:34",4543
"2020-05-02 21:42:35",4543
"2020-05-02 22:42:32",4543
"2020-05-02 23:42:44",4543
"2020-05-03 00:42:36",4543
"2020-05-03 01:42:47",4543
"2020-05-03 02:42:44",4543
"2020-05-03 03:42:43",4543
"2020-05-03 04:42:42",4543
"2020-05-03 05:42:36",4543
"2020-05-03 06:42:36",4543
"2020-05-03 07:42:38",4543
"2020-05-03 08:42:37",4543
"2020-05-03 09:42:48",4543
"2020-05-03 10:42:37",4543
"2020-05-03 11:42:36",4543
"2020-05-03 12:42:35",4543
"2020-05-03 13:42:36",4543
"2020-05-03 14:42:39",4543
"2020-05-03 15:42:37",4543
"2020-05-03 16:42:45",4543
"2020-05-03 17:42:47",4543
"2020-05-03 18:42:33",4543
"2020-05-03 19:42:56",4543
"2020-05-03 20:42:47",4543
"2020-05-03 21:42:42",4543
"2020-05-03 22:42:46",4543
"2020-05-03 23:42:47",4543
"2020-05-04 00:42:45",4543
"2020-05-04 01:42:47",4543
"2020-05-04 02:42:44",4543
"2020-05-04 03:42:46",4543
"2020-05-04 04:42:35",4543
"2020-05-04 05:42:37",4543
"2020-05-04 06:42:39",4543
"2020-05-04 09:29:04",4543
"2020-05-04 10:47:59",4543
"2020-05-04 10:55:47",4543
"2020-05-04 11:03:22",4543
"2020-05-04 11:42:42",4543
"2020-05-04 13:06:59",4543
"2020-05-04 13:42:37",4543
"2020-05-04 14:42:40",4543
"2020-05-04 15:42:36",4629
"2020-05-04 16:42:38",4651
"2020-05-04 17:42:36",4655
"2020-05-04 18:42:42",4658
"2020-05-04 19:42:46",4657
"2020-05-04 20:42:44",4656
"2020-05-04 21:42:46",4655
"2020-05-04 22:42:35",4658
"2020-05-04 23:42:36",4658
"2020-05-05 00:42:34",4658
"2020-05-05 01:42:43",4658
"2020-05-05 02:42:33",4658
"2020-05-05 03:42:44",4658
"2020-05-05 04:42:35",4658
"2020-05-05 05:42:36",4658
"2020-05-05 06:42:38",4658
"2020-05-05 07:42:41",4658
"2020-05-05 08:42:51",4658
"2020-05-05 09:42:33",4658
"2020-05-05 10:42:34",4658
"2020-05-05 11:42:47",4658
"2020-05-05 12:42:37",4658
"2020-05-05 13:42:39",4668
"2020-05-05 14:42:38",5850
"2020-05-05 15:42:37",6089
"2020-05-05 16:42:41",6159
"2020-05-05 17:42:38",6209
"2020-05-05 18:42:37",6249
"2020-05-05 19:42:50",6262
"2020-05-05 20:42:41",6335
"2020-05-05 21:42:34",6352
"2020-05-05 22:42:34",6368
"2020-05-05 23:42:49",6368
"2020-05-06 00:42:41",6368
"2020-05-06 01:42:41",6368
"2020-05-06 02:42:37",6368
"2020-05-06 03:42:34",6368
"2020-05-06 04:42:40",6367
"2020-05-06 05:42:39",6367
"2020-05-06 06:42:34",6367
"2020-05-06 17:42:47",5925
"2020-05-06 18:42:54",5888
"2020-05-06 19:42:37",5858
"2020-05-06 20:42:45",5816
"2020-05-06 21:42:50",5815
"2020-05-06 22:42:49",5807
"2020-05-06 23:42:51",5807
"2020-05-07 00:42:45",5807
"2020-05-07 01:42:41",5807
"2020-05-07 02:42:33",5807
"2020-05-07 03:42:39",5807
"2020-05-07 04:42:42",5807
"2020-05-07 05:42:37",5807
"2020-05-07 06:42:39",5807
"2020-05-07 08:42:41",5807
"2020-05-07 09:42:39",5807
"2020-05-07 10:42:46",5807
"2020-05-07 11:42:41",5807
"2020-05-07 12:42:41",5807
"2020-05-07 13:42:44",5803
"2020-05-07 14:42:47",5711
"2020-05-07 15:42:38",5689
"2020-05-07 16:42:41",5660
"2020-05-07 17:42:36",5645
"2020-05-07 18:42:35",5637
"2020-05-07 19:42:53",5629
"2020-05-07 20:42:35",5621
"2020-05-07 21:42:35",5622
"2020-05-07 22:42:35",5617
"2020-05-07 23:42:41",5617
"2020-05-08 00:42:39",5617
"2020-05-08 01:42:33",5617
"2020-05-08 02:42:36",5617
"2020-05-08 03:42:40",5617
"2020-05-08 04:42:35",5617
"2020-05-08 05:42:36",5617
"2020-05-08 06:42:35",5617
"2020-05-08 07:42:40",5617
"2020-05-08 08:42:42",5617
"2020-05-08 09:42:40",5617
"2020-05-08 10:42:38",5617
"2020-05-08 11:42:40",5617
"2020-05-08 13:06:58",5617
"2020-05-08 13:42:42",5617
"2020-05-08 14:42:38",5596
"2020-05-08 15:42:39",5581
"2020-05-08 16:42:49",5572
"2020-05-08 17:42:42",5557
"2020-05-08 18:42:41",5545
"2020-05-08 19:42:36",5548
"2020-05-08 20:42:40",5536
"2020-05-08 21:42:38",5528
"2020-05-08 22:42:41",5534
"2020-05-08 23:42:39",5534
"2020-05-09 00:42:36",5534
"2020-05-09 01:42:48",5534
"2020-05-09 02:42:39",5534
"2020-05-09 03:42:51",5534
"2020-05-09 04:42:37",5534
"2020-05-09 05:42:41",5534
"2020-05-09 06:42:43",5534
"2020-05-09 07:42:35",5534
"2020-05-09 08:42:41",5534
"2020-05-09 09:42:38",5534
"2020-05-09 10:42:38",5534
"2020-05-09 11:42:34",5534
"2020-05-09 12:42:37",5534
"2020-05-09 13:42:37",5534
"2020-05-09 14:42:36",5534
"2020-05-09 15:42:38",5534
"2020-05-09 16:42:34",5534
"2020-05-09 17:42:39",5534
"2020-05-09 18:42:39",5534
"2020-05-09 19:42:37",5534
"2020-05-09 20:42:36",5534
"2020-05-09 21:42:40",5534
"2020-05-09 22:42:39",5534
"2020-05-09 23:42:37",5534
"2020-05-10 00:42:47",5534
"2020-05-10 01:42:38",5534
"2020-05-10 02:42:51",5534
"2020-05-10 03:42:41",5534
"2020-05-10 04:42:42",5534
"2020-05-10 05:42:44",5534
"2020-05-10 06:42:39",5534
"2020-05-10 07:42:42",5534
"2020-05-10 08:42:39",5534
"2020-05-10 09:42:42",5534
"2020-05-10 10:42:40",5534
"2020-05-10 11:42:41",5534
"2020-05-10 12:42:39",5534
"2020-05-10 13:42:40",5534
"2020-05-10 14:42:35",5534
"2020-05-10 15:42:39",5534
"2020-05-10 16:42:40",5534
"2020-05-10 17:42:37",5534
"2020-05-10 18:42:40",5534
"2020-05-10 19:42:37",5534
"2020-05-10 20:42:42",5534
"2020-05-10 21:42:39",5534
"2020-05-10 22:42:38",5534
"2020-05-10 23:42:40",5534
"2020-05-11 00:42:40",5534
"2020-05-11 01:42:36",5534
"2020-05-11 02:42:39",5534
"2020-05-11 03:42:51",5534
"2020-05-11 04:42:39",5534
"2020-05-11 05:42:40",5534
"2020-05-11 06:42:38",5534
"2020-05-11 07:42:40",5534
"2020-05-11 08:42:45",5534
"2020-05-11 09:44:23",5534
"2020-05-11 10:42:38",5534
"2020-05-11 11:42:35",5534
"2020-05-11 13:05:57",5535
"2020-05-11 13:42:45",5535
"2020-05-11 14:42:41",5536
"2020-05-11 15:42:49",5498
"2020-05-11 16:42:40",5488
"2020-05-11 17:42:41",5479
"2020-05-11 18:42:39",5470
"2020-05-11 19:42:36",5458
"2020-05-11 20:42:37",5441
"2020-05-11 21:42:39",5438
"2020-05-11 22:42:33",5434
"2020-05-11 23:42:42",5434
"2020-05-12 00:42:39",5434
"2020-05-12 01:42:39",5434
"2020-05-12 02:42:37",5434
"2020-05-12 03:42:34",5434
"2020-05-12 04:42:37",5434
"2020-05-12 05:42:37",5434
"2020-05-12 06:42:42",5434
"2020-05-12 07:42:36",5434
"2020-05-12 08:42:38",5434
"2020-05-12 09:42:39",5434
"2020-05-12 10:42:40",5434
"2020-05-12 11:42:36",5434
"2020-05-12 13:11:58",5433
"2020-05-12 17:42:35",5334
"2020-05-12 18:42:36",5327
"2020-05-12 19:42:46",5309
"2020-05-12 20:42:49",5299
"2020-05-12 21:42:49",5299
"2020-05-12 22:42:35",5299
"2020-05-12 23:42:36",5299
"2020-05-13 00:42:47",5299
"2020-05-13 01:42:39",5299
"2020-05-13 02:42:47",5299
"2020-05-13 03:42:50",5299
"2020-05-13 06:42:39",5299
"2020-05-13 07:42:48",5299
"2020-05-13 08:42:45",5299
"2020-05-13 09:42:35",5299
"2020-05-13 10:42:37",5299
"2020-05-13 11:42:36",5299
"2020-05-13 12:42:36",5299
"2020-05-13 13:42:36",5299
"2020-05-13 14:42:36",5299
"2020-05-13 15:42:39",5289
"2020-05-13 16:42:49",5266
"2020-05-13 17:42:38",5256
"2020-05-13 18:42:44",5260
"2020-05-13 19:42:38",5255
"2020-05-13 20:42:38",5253
"2020-05-13 21:42:35",5255
"2020-05-13 22:42:39",5257
"2020-05-13 23:42:40",5257
"2020-05-14 00:42:36",5257
"2020-05-14 01:42:41",5257
"2020-05-14 02:42:37",5257
"2020-05-14 03:42:39",5257
"2020-05-14 04:42:38",5256
"2020-05-14 05:42:41",5256
"2020-05-14 06:42:42",5256
"2020-05-14 07:42:38",5256
"2020-05-14 08:42:43",5256
"2020-05-14 09:42:36",5256
"2020-05-14 10:42:39",5256
"2020-05-14 11:42:41",5256
"2020-05-14 12:42:40",5256
"2020-05-14 13:42:41",5256
"2020-05-14 14:42:40",5248
"2020-05-14 15:42:38",5234
"2020-05-14 16:42:35",5227
"2020-05-14 17:42:36",5227
"2020-05-14 18:42:44",5223
"2020-05-14 19:42:45",5211
"2020-05-14 20:42:37",5207
"2020-05-14 21:42:39",5208
"2020-05-14 22:42:46",5205
"2020-05-14 23:42:41",5205
"2020-05-15 00:43:41",5205
"2020-05-15 01:43:02",5205
"2020-05-15 02:42:49",5205
"2020-05-15 03:42:48",5205
"2020-05-15 04:42:48",5205
"2020-05-15 05:42:39",5204
"2020-05-15 06:42:47",5204
"2020-05-15 07:42:37",5204
"2020-05-15 08:42:40",5204
"2020-05-15 09:42:49",5204
"2020-05-15 10:42:36",5204
"2020-05-15 11:42:38",5204
"2020-05-15 12:42:38",5204
"2020-05-15 13:42:40",5204
"2020-05-15 14:42:36",5210
"2020-05-15 15:42:38",5192
"2020-05-15 16:42:35",5193
"2020-05-15 17:42:47",5193
"2020-05-15 18:42:36",5196
"2020-05-15 19:42:41",5200
"2020-05-15 20:42:39",5197
"2020-05-15 21:42:39",5195
"2020-05-15 22:42:36",5197
"2020-05-15 23:42:34",5197
"2020-05-16 00:42:46",5197
"2020-05-16 01:42:57",5197
"2020-05-16 02:42:51",5197
"2020-05-16 03:42:42",5197
"2020-05-16 04:42:39",5197
"2020-05-16 05:42:38",5200
"2020-05-16 06:42:49",5201
"2020-05-16 07:42:48",5201
"2020-05-16 08:42:37",5201
"2020-05-16 09:42:42",5201
"2020-05-16 10:42:37",5201
"2020-05-16 11:42:35",5201
"2020-05-16 12:42:40",5201
"2020-05-16 13:42:38",5201
"2020-05-16 14:42:36",5201
"2020-05-16 15:42:42",5201
"2020-05-16 16:42:40",5201
"2020-05-16 17:42:36",5201
"2020-05-16 18:42:38",5201
"2020-05-16 19:42:36",5201
"2020-05-16 20:42:39",5201
"2020-05-16 21:42:38",5201
"2020-05-16 22:42:41",5201
"2020-05-16 23:42:39",5201
"2020-05-17 00:42:38",5201
"2020-05-17 01:42:41",5201
"2020-05-18 08:18:55",5201
"2020-05-18 08:21:53",5201
"2020-05-18 08:25:57",5201
"2020-05-18 08:26:45",5201
"2020-05-18 08:27:07",5201
"2020-05-18 08:27:33",5201
"2020-05-18 08:28:02",5201
"2020-05-18 08:28:23",5201
"2020-05-18 08:31:08",5201
"2020-05-18 08:37:06",5201
"2020-05-18 08:38:48",5201
"2020-05-18 08:39:06",5201
"2020-05-18 08:39:14",5201
"2020-05-18 08:41:24",5201
"2020-05-18 08:41:30",5201
"2020-05-18 08:41:33",5201
"2020-05-18 08:41:59",5201
"2020-05-18 08:56:47",5201
"2020-05-18 09:01:23",5201
"2020-05-18 09:03:17",5201
"2020-05-18 09:07:02",5201
"2020-05-18 09:10:27",5201
"2020-05-18 09:10:49",5201
"2020-05-18 09:11:15",5201
"2020-05-18 09:11:22",5201
"2020-05-18 09:11:24",5201
"2020-05-18 09:12:06",5201
"2020-05-18 09:37:15",5201
"2020-05-18 09:37:27",5201
"2020-05-18 09:37:37",5201
"2020-05-18 11:43:40",5201
"2020-05-18 11:51:16",5201
"2020-05-18 11:58:52",5201
"2020-05-18 12:06:30",5201
"2020-05-18 13:06:27",5197
"2020-05-18 13:42:43",5197
"2020-05-18 14:42:38",5185
"2020-05-18 15:42:53",5170
"2020-05-18 16:42:57",5172
"2020-05-18 17:42:38",5167
"2020-05-18 18:42:47",5169
"2020-05-18 19:42:43",5160
"2020-05-18 20:42:41",5160
"2020-05-18 21:42:51",5161
"2020-05-18 22:42:50",5163
"2020-05-18 23:42:53",5163
"2020-05-19 00:43:45",5163
"2020-05-19 01:42:36",5163
"2020-05-19 02:42:42",5163
"2020-05-19 03:42:42",5163
"2020-05-19 04:42:43",5163
"2020-05-19 05:42:41",5163
"2020-05-19 06:42:41",5163
"2020-05-19 07:42:41",5163
"2020-05-19 08:42:45",5163
"2020-05-19 09:42:56",5163
"2020-05-19 10:42:40",5163
"2020-05-19 11:42:49",5163
"2020-05-19 13:07:00",5163
"2020-05-19 13:42:41",5163
"2020-05-19 14:42:38",5139
"2020-05-19 15:42:38",5134
"2020-05-19 16:42:44",5126
"2020-05-19 17:42:37",5120
"2020-05-19 18:42:41",5116
"2020-05-19 19:42:40",5118
"2020-05-19 20:42:43",5118
"2020-05-19 21:42:43",5116
"2020-05-19 22:42:51",5115
"2020-05-19 23:42:39",5115
"2020-05-20 00:42:52",5115
"2020-05-20 01:42:57",5115
"2020-05-20 02:42:49",5115
"2020-05-20 03:42:50",5115
"2020-05-20 04:42:43",5114
"2020-05-20 05:42:41",5114
"2020-05-20 06:42:38",5114
"2020-05-20 07:42:43",5114
"2020-05-20 08:42:39",5114
"2020-05-20 09:42:43",5114
"2020-05-20 10:42:38",5114
"2020-05-20 11:42:39",5114
"2020-05-20 12:42:37",5114
"2020-05-20 13:42:41",5114
"2020-05-20 14:42:40",5095
"2020-05-20 15:42:41",5086
"2020-05-20 16:42:39",5084
"2020-05-20 17:42:50",5077
"2020-05-20 18:42:40",5072
"2020-05-20 19:42:39",5069
"2020-05-20 20:42:37",5072
"2020-05-20 21:42:41",5073
"2020-05-20 22:42:36",5073
"2020-05-20 23:42:39",5073
"2020-05-21 00:42:50",5073
"2020-05-21 01:42:37",5073
"2020-05-21 02:42:41",5073
"2020-05-21 03:42:41",5073
"2020-05-21 04:42:38",5072
"2020-05-21 05:42:38",5072
"2020-05-21 06:42:43",5072
"2020-05-21 07:42:37",5072
"2020-05-21 08:42:41",5072
"2020-05-21 09:42:38",5072
"2020-05-21 10:42:39",5072
"2020-05-21 11:42:43",5072
"2020-05-21 12:42:38",5072
"2020-05-21 13:42:42",5071
"2020-05-21 14:42:36",5063
"2020-05-21 15:42:38",5053
"2020-05-21 16:42:46",5047
"2020-05-21 17:42:42",5043
"2020-05-21 18:42:39",5044
"2020-05-21 19:42:38",5040
"2020-05-21 20:42:41",5031
"2020-05-21 21:42:41",5032
"2020-05-21 22:42:42",5031
"2020-05-21 23:42:49",5031
"2020-05-22 00:43:21",5031
"2020-05-22 01:42:41",5031
"2020-05-22 02:42:44",5031
"2020-05-22 03:42:50",5031
"2020-05-22 04:42:43",5031
"2020-05-22 05:42:44",5031
"2020-05-22 06:42:37",5031
"2020-05-22 07:42:41",5031
"2020-05-22 08:42:44",5031
"2020-05-22 09:42:42",5031
"2020-05-22 10:42:38",5031
"2020-05-22 11:42:38",5031
"2020-05-22 12:42:39",5031
"2020-05-22 13:42:43",5031
"2020-05-22 14:42:38",5027
"2020-05-22 15:42:39",5031
"2020-05-22 16:42:39",5032
"2020-05-22 17:42:39",5030
"2020-05-22 18:42:50",5034
"2020-05-22 19:42:39",5040
"2020-05-22 20:42:36",5044
"2020-05-22 21:42:38",5047
"2020-05-22 22:42:39",5047
"2020-05-22 23:42:38",5047
"2020-05-23 00:42:39",5047
"2020-05-23 01:42:39",5047
"2020-05-23 02:42:46",5047
"2020-05-23 03:42:41",5047
"2020-05-23 04:42:50",5047
"2020-05-23 05:42:38",5047
"2020-05-23 06:42:45",5047
"2020-05-23 07:42:44",5047
"2020-05-23 08:42:44",5047
"2020-05-23 09:42:40",5047
"2020-05-23 10:42:39",5047
"2020-05-23 11:42:46",5047
"2020-05-23 12:42:42",5047
"2020-05-23 13:42:42",5047
"2020-05-23 14:42:41",5047
"2020-05-23 15:42:39",5047
"2020-05-23 16:42:43",5047
"2020-05-23 17:42:41",5047
"2020-05-23 18:42:46",5047
"2020-05-23 19:42:39",5047
"2020-05-23 20:42:38",5047
"2020-05-23 21:42:37",5047
"2020-05-23 22:42:40",5047
"2020-05-23 23:42:41",5047
"2020-05-24 00:42:50",5047
"2020-05-24 01:42:39",5047
"2020-05-24 02:42:38",5047
"2020-05-24 03:42:41",5047
"2020-05-24 04:42:40",5047
"2020-05-24 05:42:39",5047
"2020-05-24 06:42:40",5047
"2020-05-24 07:42:39",5047
"2020-05-24 08:42:44",5047
"2020-05-24 09:42:37",5047
"2020-05-24 10:42:43",5047
"2020-05-24 11:42:41",5047
"2020-05-24 12:42:40",5047
"2020-05-24 13:42:42",5047
"2020-05-24 14:42:42",5047
"2020-05-24 15:42:37",5047
"2020-05-24 16:42:43",5047
"2020-05-24 17:42:42",5047
"2020-05-24 18:42:42",5047
"2020-05-24 19:42:42",5047
"2020-05-24 20:42:42",5047
"2020-05-24 21:42:44",5047
"2020-05-24 22:42:42",5047
"2020-05-24 23:42:37",5047
"2020-05-25 00:42:38",5047
"2020-05-25 01:42:46",5047
"2020-05-25 02:42:41",5047
"2020-05-25 03:42:54",5047
"2020-05-25 04:42:39",5047
"2020-05-25 05:44:17",5047
"2020-05-25 06:43:12",5047
"2020-05-25 07:42:42",5047
"2020-05-25 08:42:48",5047
"2020-05-25 09:42:40",5047
"2020-05-25 10:42:39",5047
"2020-05-25 11:42:51",5047
"2020-05-25 12:42:40",5047
"2020-05-25 13:42:37",5047
"2020-05-25 14:42:43",5047
"2020-05-25 15:42:39",5047
"2020-05-25 16:42:36",5047
"2020-05-25 17:42:40",5047
"2020-05-25 18:42:40",5047
"2020-05-25 19:42:42",5047
"2020-05-25 20:42:43",5047
"2020-05-25 21:42:37",5047
"2020-05-25 22:42:37",5047
"2020-05-25 23:42:37",5047
"2020-05-26 00:42:41",5047
"2020-05-26 01:42:38",5047
"2020-05-26 02:42:36",5047
"2020-05-26 03:42:43",5047
"2020-05-26 04:42:45",5047
"2020-05-26 05:42:40",5047
"2020-05-26 06:42:42",5047
"2020-05-26 07:42:44",5047
"2020-05-26 08:42:45",5047
"2020-05-26 09:42:41",5047
"2020-05-26 10:42:40",5047
"2020-05-26 11:42:44",5047
"2020-05-26 12:42:40",5047
"2020-05-26 13:42:43",5047
"2020-05-26 14:42:41",5041
"2020-05-26 15:42:39",5041
"2020-05-26 16:42:39",5029
"2020-05-26 17:42:40",5029
"2020-05-26 18:42:37",5028
"2020-05-26 19:42:41",5024
"2020-05-26 20:42:40",5024
"2020-05-26 21:42:47",5026
"2020-05-26 22:42:37",5023
"2020-05-26 23:42:39",5023
"2020-05-27 00:42:55",5023
"2020-05-27 01:42:38",5023
"2020-05-27 02:42:40",5023
"2020-05-27 03:42:40",5023
"2020-05-27 04:42:41",5023
"2020-05-27 05:42:39",5023
"2020-05-27 06:42:43",5023
"2020-05-27 07:42:42",5023
"2020-05-27 08:42:38",5023
"2020-05-27 09:42:37",5023
"2020-05-27 10:42:38",5023
"2020-05-27 11:42:37",5023
"2020-05-27 13:07:29",5023
"2020-05-27 13:42:46",5023
"2020-05-27 14:42:42",5020
"2020-05-27 15:42:37",5021
"2020-05-27 16:42:39",4999
"2020-05-27 17:42:37",4998
"2020-05-27 18:42:37",5001
"2020-05-27 19:42:43",5004
"2020-05-27 20:42:41",5003
"2020-05-27 21:42:41",5004
"2020-05-27 22:42:39",5002
"2020-05-27 23:42:37",5002
"2020-05-28 00:42:40",5002
"2020-05-28 01:42:43",5002
"2020-05-28 02:42:38",5002
"2020-05-28 03:42:38",5002
"2020-05-28 04:42:39",5002
"2020-05-28 05:42:37",5001
"2020-05-28 06:42:39",5001
"2020-05-28 07:42:45",5001
"2020-05-28 08:42:42",5001
"2020-05-28 09:42:37",5001
"2020-05-28 10:42:43",5001
"2020-05-28 11:42:45",5001
"2020-05-28 13:08:02",5001
"2020-05-28 13:42:43",5001
"2020-05-28 14:42:44",4996
"2020-05-28 15:42:42",4997
"2020-05-28 16:42:43",4996
"2020-05-28 17:42:42",4995
"2020-05-28 18:42:41",4997
"2020-05-28 19:42:41",4993
"2020-05-28 20:42:47",4987
"2020-05-28 21:42:51",4989
"2020-05-28 22:42:43",4991
"2020-05-28 23:42:46",4991
"2020-05-29 00:42:45",4991
"2020-05-29 01:42:43",4991
"2020-05-29 02:42:52",4991
"2020-05-29 03:42:42",4991
"2020-05-29 04:42:41",4991
"2020-05-29 05:42:51",4990
"2020-05-29 06:42:49",4990
"2020-05-29 07:42:48",4990
"2020-05-29 08:42:47",4990
"2020-05-29 09:50:27",4990
"2020-05-29 10:42:46",4990
"2020-05-29 11:42:42",4990
"2020-05-29 12:42:45",4990
"2020-05-29 13:42:47",4990
"2020-05-29 14:42:50",4989
"2020-05-29 15:42:42",4987
"2020-05-29 16:42:38",4987
"2020-05-29 17:42:45",4984
"2020-05-29 18:42:44",4981
"2020-05-29 19:42:43",4981
"2020-05-29 20:42:47",4971
"2020-05-29 21:42:42",4972
"2020-05-29 22:42:43",4974
"2020-05-29 23:42:53",4974
"2020-05-30 00:42:41",4974
"2020-05-30 01:42:38",4974
"2020-05-30 02:42:40",4974
"2020-05-30 03:42:41",4974
"2020-05-30 04:42:40",4974
"2020-05-30 05:42:44",4974
"2020-05-30 06:42:46",4974
"2020-05-30 07:42:54",4974
"2020-05-30 08:42:45",4974
"2020-05-30 09:42:40",4974
"2020-05-30 10:42:45",4974
"2020-05-30 11:42:42",4974
"2020-05-30 12:42:41",4974
"2020-05-30 13:42:42",4974
"2020-05-30 14:42:40",4974
"2020-05-30 15:42:41",4974
"2020-05-30 16:42:51",4974
"2020-05-30 17:42:42",4974
"2020-05-30 18:42:42",4974
"2020-05-30 19:42:45",4974
"2020-05-30 20:42:42",4974
"2020-05-30 21:42:45",4974
"2020-05-30 22:42:42",4974
"2020-05-30 23:42:45",4974
"2020-05-31 00:42:45",4974
"2020-05-31 01:42:45",4974
"2020-05-31 02:42:43",4974
"2020-05-31 03:42:43",4974
"2020-05-31 04:42:43",4974
"2020-05-31 05:42:45",4974
"2020-05-31 06:42:45",4974
"2020-05-31 07:42:45",4974
"2020-05-31 09:28:27",4974
"2020-05-31 09:42:43",4974
"2020-05-31 13:05:55",4974
"2020-05-31 13:08:52",4974
"2020-05-31 13:17:56",4974
"2020-06-01 04:50:17",4974
"2020-06-01 04:59:59",4974
"2020-06-01 05:08:30",4974
"2020-06-01 05:08:58",4974
"2020-06-01 05:09:11",4974
"2020-06-01 05:09:34",4974
"2020-06-01 05:10:11",4974
"2020-06-01 05:10:16",4974
"2020-06-01 05:10:57",4974
"2020-06-01 05:12:52",4974
"2020-06-01 05:13:37",4974
"2020-06-01 05:15:19",4974
"2020-06-01 05:18:04",4974
"2020-06-01 05:18:28",4974
"2020-06-01 05:18:45",4974
"2020-06-01 06:37:08",4974
"2020-06-01 06:44:44",4974
"2020-06-01 06:52:20",4974
"2020-06-01 07:42:44",4974
"2020-06-01 08:42:48",4974
"2020-06-01 09:42:46",4974
"2020-06-01 10:42:41",4974
"2020-06-01 11:42:44",4974
"2020-06-01 13:06:03",4973
"2020-06-01 13:42:58",4973
"2020-06-01 14:42:45",4981
"2020-06-01 15:42:43",4979
"2020-06-01 16:42:55",4972
"2020-06-01 17:42:53",4968
"2020-06-01 18:42:52",4963
"2020-06-01 19:42:44",4957
"2020-06-01 20:42:44",4953
"2020-06-01 21:42:43",4953
"2020-06-01 22:42:39",4953
"2020-06-01 23:42:45",4953
"2020-06-02 00:42:46",4953
"2020-06-02 01:42:40",4953
"2020-06-02 02:42:40",4953
"2020-06-02 03:42:42",4953
"2020-06-02 04:42:41",4953
"2020-06-02 05:42:41",4952
"2020-06-02 06:42:41",4952
"2020-06-02 07:42:45",4952
"2020-06-02 08:42:45",4952
"2020-06-02 09:42:41",4952
"2020-06-02 10:42:45",4952
"2020-06-02 11:42:42",4952
"2020-06-02 12:42:51",4952
"2020-06-02 13:42:46",4952
"2020-06-02 14:42:55",4952
"2020-06-02 15:42:55",4932
"2020-06-02 16:42:41",4928
"2020-06-02 17:42:54",4926
"2020-06-02 18:42:42",4926
"2020-06-02 19:42:53",4923
"2020-06-02 20:42:55",4922
"2020-06-02 21:42:39",4922
"2020-06-02 22:42:43",4922
"2020-06-02 23:42:39",4922
"2020-06-03 00:42:47",4922
"2020-06-03 01:42:56",4922
"2020-06-03 02:42:38",4922
"2020-06-03 03:42:50",4922
"2020-06-03 04:42:49",4921
"2020-06-03 05:42:39",4921
"2020-06-03 06:42:42",4921
"2020-06-03 07:42:52",4921
"2020-06-03 08:42:41",4921
"2020-06-03 09:42:43",4921
"2020-06-03 10:42:43",4921
"2020-06-03 11:42:42",4921
"2020-06-03 13:09:32",4920
"2020-06-03 13:42:45",4920
"2020-06-03 14:42:42",4913
"2020-06-03 15:42:55",4909
"2020-06-03 16:42:53",4900
"2020-06-03 17:42:57",4888
"2020-06-03 18:43:00",4882
"2020-06-03 19:42:57",4870
"2020-06-03 20:42:42",4870
"2020-06-03 21:42:45",4869
"2020-06-03 22:42:42",4869
"2020-06-03 23:42:41",4869
"2020-06-04 00:42:54",4869
"2020-06-04 01:42:49",4869
"2020-06-04 02:42:43",4869
"2020-06-04 03:42:45",4869
"2020-06-04 04:42:47",4869
"2020-06-04 05:42:43",4869
"2020-06-04 06:42:44",4869
"2020-06-04 07:42:51",4869
"2020-06-04 08:42:50",4869
"2020-06-04 09:42:47",4869
"2020-06-04 10:42:44",4869
"2020-06-04 11:42:43",4869
"2020-06-04 12:42:45",4869
"2020-06-04 13:42:49",4869
"2020-06-04 14:43:08",5066
"2020-06-04 15:42:55",5148
"2020-06-04 17:08:06",5127
"2020-06-04 17:42:46",5127
"2020-06-04 18:42:55",5120
"2020-06-04 19:42:42",5115
"2020-06-04 20:42:57",5110
"2020-06-04 21:42:56",5106
"2020-06-04 22:42:45",5108
"2020-06-04 23:42:47",5108
"2020-06-05 00:42:47",5108
"2020-06-05 01:42:43",5108
"2020-06-05 02:42:44",5108
"2020-06-05 03:42:45",5108
"2020-06-05 04:42:46",5108
"2020-06-05 05:42:48",5108
"2020-06-05 06:42:48",5108
"2020-06-05 07:42:47",5108
"2020-06-05 08:42:47",5108
"2020-06-05 09:42:43",5108
"2020-06-05 10:42:42",5108
"2020-06-05 11:42:44",5108
"2020-06-05 13:10:33",5110
"2020-06-05 13:42:57",5110
"2020-06-05 14:42:50",5223
"2020-06-05 15:42:46",5231
"2020-06-05 16:43:02",5234
"2020-06-05 17:42:46",5205
"2020-06-05 18:42:46",5201
"2020-06-05 19:42:46",5197
"2020-06-05 20:42:58",5190
"2020-06-05 21:42:47",5189
"2020-06-05 22:42:46",5187
"2020-06-05 23:42:46",5187
"2020-06-06 00:42:51",5187
"2020-06-06 01:42:42",5187
"2020-06-06 02:42:45",5187
"2020-06-06 03:42:48",5187
"2020-06-06 04:42:50",5187
"2020-06-06 05:42:51",5187
"2020-06-06 06:42:46",5187
"2020-06-06 07:43:03",5187
"2020-06-06 08:42:48",5187
"2020-06-06 09:53:50",5187
"2020-06-06 10:42:42",5187
"2020-06-06 11:42:46",5187
"2020-06-06 12:42:47",5187
"2020-06-06 13:42:45",5187
"2020-06-06 14:42:58",5187
"2020-06-06 15:42:45",5187
"2020-06-06 16:42:56",5187
"2020-06-06 18:42:47",5187
"2020-06-06 19:42:44",5187
"2020-06-06 20:42:46",5187
"2020-06-06 21:42:45",5187
"2020-06-06 22:42:45",5187
"2020-06-06 23:42:49",5187
"2020-06-07 00:42:49",5187
"2020-06-07 01:42:44",5187
"2020-06-07 02:42:46",5187
"2020-06-07 03:42:47",5187
"2020-06-07 04:42:46",5187
"2020-06-07 05:42:45",5187
"2020-06-07 06:42:46",5187
"2020-06-07 07:42:47",5187
"2020-06-07 08:42:47",5187
"2020-06-08 04:42:42",5187
"2020-06-08 05:42:41",5187
"2020-06-08 06:42:58",5187
"2020-06-08 07:42:41",5187
"2020-06-08 08:42:47",5187
"2020-06-08 09:42:43",5187
"2020-06-08 10:42:42",5187
"2020-06-08 11:42:45",5187
"2020-06-08 12:42:57",5187
"2020-06-08 13:42:46",5188
"2020-06-08 14:43:09",5137
"2020-06-08 15:42:45",5109
"2020-06-08 16:42:53",5087
"2020-06-08 17:42:50",5070
"2020-06-08 18:43:04",5059
"2020-06-08 19:42:59",5044
"2020-06-08 20:42:53",5038
"2020-06-08 21:42:50",5036
"2020-06-08 22:42:47",5035
"2020-06-08 23:42:48",5035
"2020-06-09 00:42:48",5035
"2020-06-09 01:42:53",5035
"2020-06-09 02:42:52",5035
"2020-06-09 03:42:46",5035
"2020-06-09 04:43:01",5035
"2020-06-09 05:43:07",5035
"2020-06-09 06:43:02",5033
"2020-06-09 07:42:50",5033
"2020-06-09 08:42:50",5033
"2020-06-09 09:42:59",5033
"2020-06-09 10:42:49",5033
"2020-06-09 11:42:52",5033
"2020-06-09 12:43:06",5033
"2020-06-09 13:42:57",5029
"2020-06-09 14:42:55",5031
"2020-06-09 15:42:59",5080
"2020-06-09 16:43:04",5086
"2020-06-09 17:42:46",5089
"2020-06-09 18:42:56",5089
"2020-06-09 19:43:08",5102
"2020-06-09 20:43:09",5102
"2020-06-09 21:42:57",5111
"2020-06-09 22:42:59",5115
"2020-06-09 23:42:59",5115
"2020-06-10 00:43:03",5115
"2020-06-10 01:42:56",5115
"2020-06-10 02:42:58",5115
"2020-06-10 03:43:02",5115
"2020-06-10 04:42:55",5114
"2020-06-10 05:43:00",5114
"2020-06-10 06:42:49",5114
"2020-06-10 07:42:43",5114
"2020-06-10 08:42:49",5114
"2020-06-10 09:42:41",5114
"2020-06-10 10:42:42",5114
"2020-06-10 11:42:47",5114
"2020-06-10 12:42:50",5114
"2020-06-10 13:42:56",5111
"2020-06-10 15:42:47",5071
"2020-06-10 16:42:55",5062
"2020-06-10 17:42:51",5052
"2020-06-10 18:42:50",5042
"2020-06-10 19:42:48",5043
"2020-06-10 20:42:46",5047
"2020-06-10 21:42:53",5047
"2020-06-10 22:42:45",5049
"2020-06-10 23:42:57",5049
"2020-06-11 00:43:43",5049
"2020-06-11 01:42:44",5049
"2020-06-11 02:43:07",5049
"2020-06-11 03:43:09",5049
"2020-06-11 04:42:48",5049
"2020-06-11 05:43:05",5049
"2020-06-11 06:42:51",5049
"2020-06-11 07:42:59",5049
"2020-06-11 08:42:46",5049
"2020-06-11 09:42:47",5049
"2020-06-11 10:42:48",5049
"2020-06-11 11:42:43",5049
"2020-06-11 12:42:49",5049
"2020-06-11 13:43:04",5047
"2020-06-11 14:42:52",5028
"2020-06-11 15:43:05",5021
"2020-06-11 16:43:16",5011
"2020-06-11 17:42:57",5010
"2020-06-11 18:43:01",5009
"2020-06-11 19:42:55",5010
"2020-06-11 20:42:46",4995
"2020-06-11 21:42:46",4995
"2020-06-11 22:42:41",4994
"2020-06-11 23:42:41",4994
"2020-06-12 00:42:48",4994
"2020-06-12 01:42:48",4994
"2020-06-12 02:42:47",4994
"2020-06-12 03:42:48",4994
"2020-06-12 04:42:46",4994
"2020-06-12 05:42:45",4994
"2020-06-12 06:42:50",4994
"2020-06-12 07:42:50",4994
"2020-06-12 08:42:43",4994
"2020-06-12 09:42:49",4994
"2020-06-12 10:42:51",4994
"2020-06-12 11:42:45",4994
"2020-06-12 14:10:12",4998
"2020-06-12 14:18:11",4998
"2020-06-12 14:43:05",4998
"2020-06-12 15:42:52",4998
"2020-06-12 16:42:54",4998
"2020-06-12 17:42:47",4999
"2020-06-12 18:42:51",4997
"2020-06-12 19:42:57",4996
"2020-06-12 20:42:57",4996
"2020-06-12 21:42:54",4998
"2020-06-12 22:42:46",4998
"2020-06-12 23:42:46",4998
"2020-06-13 00:42:43",4998
"2020-06-13 01:42:46",4998
"2020-06-13 02:42:46",4998
"2020-06-13 03:42:46",4998
"2020-06-13 04:42:45",4998
"2020-06-13 05:42:45",4998
"2020-06-13 06:42:46",4998
"2020-06-13 07:42:47",4998
"2020-06-13 08:42:43",4998
"2020-06-13 09:42:45",4998
"2020-06-13 10:42:45",4998
"2020-06-13 11:42:43",4998
"2020-06-13 12:42:44",4998
"2020-06-13 13:42:43",4998
"2020-06-13 14:42:45",4998
"2020-06-13 15:42:45",4998
"2020-06-13 16:42:50",4998
"2020-06-13 17:42:46",4998
"2020-06-13 18:42:46",4998
"2020-06-13 19:42:46",4998
"2020-06-13 20:42:47",4998
"2020-06-13 21:42:48",4998
"2020-06-13 22:42:48",4998
"2020-06-13 23:42:48",4998
"2020-06-14 00:42:48",4998
"2020-06-14 01:42:43",4998
"2020-06-14 02:42:47",4998
"2020-06-14 03:42:49",4998
"2020-06-14 04:42:41",4998
"2020-06-14 05:42:55",4998
"2020-06-14 06:42:44",4998
"2020-06-14 07:42:48",4998
"2020-06-14 08:42:44",4998
"2020-06-14 09:42:45",4998
"2020-06-14 10:42:46",4998
"2020-06-14 11:42:45",4998
"2020-06-14 12:42:44",4998
"2020-06-14 13:42:45",4998
"2020-06-14 14:42:47",4998
"2020-06-14 15:42:43",4998
"2020-06-14 16:42:44",4998
"2020-06-14 17:42:47",4998
"2020-06-14 18:42:48",4998
"2020-06-14 19:42:44",4998
"2020-06-14 20:42:46",4998
"2020-06-14 21:42:55",4998
"2020-06-14 22:42:43",4998
"2020-06-14 23:42:45",4998
"2020-06-15 00:42:54",4998
"2020-06-15 01:42:51",4998
"2020-06-15 02:42:49",4998
"2020-06-15 03:42:45",4998
"2020-06-15 04:42:46",4998
"2020-06-15 05:42:59",4998
"2020-06-15 06:42:45",4998
"2020-06-15 07:42:45",4998
"2020-06-15 08:42:48",4998
"2020-06-15 09:42:49",4998
"2020-06-15 10:42:43",4998
"2020-06-15 11:42:45",4998
"2020-06-15 12:42:49",4998
"2020-06-15 13:43:05",4998
"2020-06-15 14:42:59",4984
"2020-06-15 15:42:49",4978
"2020-06-15 16:42:53",4971
"2020-06-15 17:42:50",4966
"2020-06-15 18:41:08",4964
"2020-06-15 18:48:49",4964
"2020-06-15 18:56:29",4964
"2020-06-15 19:04:10",4962
"2020-06-15 19:11:55",4962
"2020-06-15 19:19:43",4962
"2020-06-15 19:27:26",4962
"2020-06-15 19:35:06",4962
"2020-06-15 19:42:45",4962
"2020-06-15 19:50:25",4962
"2020-06-15 19:58:10",4962
"2020-06-15 20:05:56",4953
"2020-06-15 20:10:58",4953
"2020-06-15 20:18:36",4953
"2020-06-15 20:26:15",4953
"2020-06-15 20:33:54",4953
"2020-06-15 20:41:31",4953
"2020-06-15 20:49:08",4953
"2020-06-15 20:56:49",4953
"2020-06-15 21:04:31",4951
"2020-06-15 21:12:13",4951
"2020-06-15 21:19:50",4951
"2020-06-15 21:27:27",4951
"2020-06-15 21:35:05",4951
"2020-06-15 21:42:42",4951
"2020-06-15 21:50:22",4951
"2020-06-15 22:42:46",4950
"2020-06-15 23:42:45",4950
"2020-06-16 00:42:47",4950
"2020-06-16 01:42:43",4950
"2020-06-16 02:43:07",4950
"2020-06-16 03:42:43",4950
"2020-06-16 04:42:43",4950
"2020-06-16 05:42:44",4950
"2020-06-16 06:42:59",4950
"2020-06-16 07:42:56",4950
"2020-06-16 08:42:44",4950
"2020-06-16 09:42:43",4950
"2020-06-16 10:42:46",4950
"2020-06-16 11:42:44",4950
"2020-06-16 12:42:48",4950
"2020-06-16 13:42:47",4949
"2020-06-16 14:42:57",4952
"2020-06-16 15:42:48",4956
"2020-06-16 16:42:47",4950
"2020-06-16 17:43:04",4945
"2020-06-16 18:42:47",4940
"2020-06-16 19:42:48",4939
"2020-06-16 20:42:46",4938
"2020-06-16 21:42:46",4937
"2020-06-16 22:42:41",4937
"2020-06-16 23:42:43",4937
"2020-06-17 00:42:46",4937
"2020-06-17 01:42:54",4937
"2020-06-17 02:42:47",4937
"2020-06-17 03:42:44",4937
"2020-06-17 04:42:48",4937
"2020-06-17 05:42:46",4937
"2020-06-17 06:42:55",4936
"2020-06-17 07:42:46",4936
"2020-06-17 08:42:44",4936
"2020-06-17 09:42:43",4936
"2020-06-17 10:42:42",4936
"2020-06-17 11:42:48",4936
"2020-06-17 12:42:46",4936
"2020-06-17 13:42:51",4936
"2020-06-17 14:42:46",4927
"2020-06-17 15:42:51",4922
"2020-06-17 16:42:52",4921
"2020-06-17 17:42:49",4921
"2020-06-17 18:42:52",4919
"2020-06-17 19:42:58",4912
"2020-06-17 20:42:59",4912
"2020-06-17 21:42:54",4912
"2020-06-17 22:42:44",4912
"2020-06-17 23:42:48",4913
"2020-06-18 00:42:46",4913
"2020-06-18 01:42:48",4913
"2020-06-18 02:42:45",4913
"2020-06-18 03:42:57",4913
"2020-06-18 04:42:47",4913
"2020-06-18 05:42:44",4913
"2020-06-18 06:42:48",4913
"2020-06-18 07:42:54",4913
"2020-06-18 08:42:44",4913
"2020-06-18 09:42:45",4913
"2020-06-18 10:42:42",4913
"2020-06-18 11:42:47",4913
"2020-06-18 12:42:48",4913
"2020-06-18 13:42:56",4912
"2020-06-18 14:42:54",4907
"2020-06-18 17:04:50",4907
"2020-06-18 17:42:52",4907
"2020-06-18 18:42:56",4907
"2020-06-18 19:42:54",4907
"2020-06-18 20:42:51",4894
"2020-06-18 21:43:00",4894
"2020-06-18 22:42:47",4894
"2020-06-18 23:42:54",4894
"2020-06-19 00:43:01",4894
"2020-06-19 01:42:49",4894
"2020-06-19 02:42:48",4894
"2020-06-19 03:43:00",4894
"2020-06-19 04:45:22",4894
"2020-06-19 05:42:50",4894
"2020-06-19 06:42:46",4894
"2020-06-19 07:43:01",4894
"2020-06-19 08:43:02",4894
"2020-06-19 09:42:58",4894
"2020-06-19 10:42:48",4894
"2020-06-19 11:42:43",4894
"2020-06-19 13:08:04",4894
"2020-06-19 13:42:54",4894
"2020-06-19 14:42:48",4884
"2020-06-19 15:42:52",4878
"2020-06-19 16:42:49",4880
"2020-06-19 17:42:57",4876
"2020-06-19 18:42:44",4879
"2020-06-19 19:42:52",4878
"2020-06-19 20:42:49",4876
"2020-06-19 21:42:43",4874
"2020-06-19 22:42:58",4876
"2020-06-19 23:42:56",4876
"2020-06-20 00:42:52",4876
"2020-06-20 01:42:52",4876
"2020-06-20 02:42:53",4876
"2020-06-20 03:42:45",4876
"2020-06-20 04:42:42",4876
"2020-06-20 05:42:51",4876
"2020-06-20 06:42:46",4876
"2020-06-20 07:42:48",4877
"2020-06-20 08:42:49",4877
"2020-06-20 09:42:48",4877
"2020-06-20 10:42:47",4877
"2020-06-20 11:42:48",4877
"2020-06-20 12:42:51",4877
"2020-06-20 13:42:50",4877
"2020-06-20 14:42:50",4877
"2020-06-20 15:42:44",4877
"2020-06-20 16:42:59",4877
"2020-06-20 17:42:46",4877
"2020-06-20 18:42:47",4877
"2020-06-20 19:42:56",4877
"2020-06-20 20:42:51",4877
"2020-06-20 21:42:48",4877
"2020-06-20 22:42:50",4877
"2020-06-20 23:42:51",4877
"2020-06-21 00:42:51",4877
"2020-06-21 01:42:48",4877
"2020-06-21 02:42:48",4877
"2020-06-21 03:43:02",4877
"2020-06-21 04:42:48",4877
"2020-06-21 05:43:00",4877
"2020-06-21 06:42:48",4877
"2020-06-21 07:42:49",4877
"2020-06-21 08:42:45",4877
"2020-06-21 09:42:46",4877
"2020-06-21 10:42:43",4877
"2020-06-21 11:42:49",4877
"2020-06-21 12:42:52",4877
"2020-06-21 13:42:51",4877
"2020-06-21 14:43:04",4877
"2020-06-21 15:42:50",4877
"2020-06-21 16:42:45",4877
"2020-06-21 17:42:49",4877
"2020-06-21 18:42:50",4877
"2020-06-21 19:42:51",4877
"2020-06-21 20:42:48",4877
"2020-06-21 21:42:50",4877
"2020-06-21 22:42:58",4877
"2020-06-21 23:42:54",4877
"2020-06-22 00:42:48",4877
"2020-06-22 01:42:54",4877
"2020-06-22 02:42:51",4877
"2020-06-22 03:42:49",4877
"2020-06-22 04:42:50",4877
"2020-06-22 05:42:59",4877
"2020-06-22 06:42:49",4877
"2020-06-22 07:42:44",4877
"2020-06-22 08:42:50",4877
"2020-06-22 09:42:52",4877
"2020-06-22 10:43:03",4877
"2020-06-22 11:42:46",4877
"2020-06-22 12:42:51",4877
"2020-06-22 13:42:52",4878
"2020-06-22 14:42:53",4870
"2020-06-22 15:42:59",4862
"2020-06-22 16:42:52",4836
"2020-06-22 17:43:00",4827
"2020-06-22 18:42:50",4823
"2020-06-22 19:42:53",4822
"2020-06-22 20:42:46",4821
"2020-06-22 21:42:47",4821
"2020-06-22 22:42:45",4821
"2020-06-22 23:42:47",4821
"2020-06-23 00:42:47",4821
"2020-06-23 01:42:50",4821
"2020-06-23 02:42:53",4821
"2020-06-23 03:42:53",4821
"2020-06-23 04:42:57",4821
"2020-06-23 05:43:04",4820
"2020-06-23 06:42:47",4820
"2020-06-23 07:42:52",4820
"2020-06-23 08:43:07",4820
"2020-06-23 09:42:49",4820
"2020-06-23 10:42:52",4820
"2020-06-23 11:42:49",4820
"2020-06-23 12:42:53",4820
"2020-06-23 13:42:51",4820
"2020-06-23 14:42:54",4818
"2020-06-23 15:43:03",4820
"2020-06-23 16:42:50",4814
"2020-06-23 17:42:54",4814
"2020-06-23 18:43:01",4809
"2020-06-23 19:42:49",4803
"2020-06-23 20:42:54",4789
"2020-06-23 21:42:46",4789
"2020-06-23 22:42:57",4788
"2020-06-23 23:43:02",4788
"2020-06-24 00:42:59",4788
"2020-06-24 01:43:03",4788
"2020-06-24 02:42:59",4788
"2020-06-24 03:42:48",4788
"2020-06-24 04:42:56",4788
"2020-06-24 05:43:02",4788
"2020-06-24 06:42:52",4788
"2020-06-24 07:42:51",4788
"2020-06-24 08:42:52",4788
"2020-06-24 09:42:52",4788
"2020-06-24 10:42:58",4788
"2020-06-24 11:42:46",4788
"2020-06-24 12:42:50",4788
"2020-06-24 13:42:54",4788
"2020-06-24 14:42:55",4765
"2020-06-24 15:42:46",4760
"2020-06-24 16:42:51",4757
"2020-06-24 17:43:02",4750
"2020-06-24 18:42:57",4745
"2020-06-24 19:43:00",4728
"2020-06-24 20:42:52",4752
"2020-06-24 21:42:49",4765
"2020-06-24 22:42:49",4768
"2020-06-24 23:42:51",4768
"2020-06-25 00:42:53",4768
"2020-06-25 01:42:50",4768
"2020-06-25 02:42:45",4768
"2020-06-25 03:42:48",4768
"2020-06-25 04:42:50",4768
"2020-06-25 05:42:49",4768
"2020-06-25 06:42:54",4767
"2020-06-25 07:42:55",4767
"2020-06-25 08:42:50",4767
"2020-06-25 09:43:00",4767
"2020-06-25 10:42:47",4767
"2020-06-25 11:43:07",4767
"2020-06-25 13:07:05",4768
"2020-06-25 13:43:03",4768
"2020-06-25 14:43:16",4770
"2020-06-25 15:43:04",4772
"2020-06-25 16:43:05",4772
"2020-06-25 17:43:04",4767
"2020-06-25 18:42:53",4770
"2020-06-25 19:43:01",4764
"2020-06-25 20:42:50",4769
"2020-06-25 21:43:00",4765
"2020-06-25 22:43:06",4766
"2020-06-25 23:42:51",4766
"2020-06-26 00:43:06",4766
"2020-06-26 01:43:01",4766
"2020-06-26 02:42:56",4766
"2020-06-26 03:43:01",4766
"2020-06-26 04:42:46",4766
"2020-06-26 05:42:52",4766
"2020-06-26 06:42:55",4766
"2020-06-26 07:42:57",4766
"2020-06-26 08:42:56",4766
"2020-06-26 09:42:49",4766
"2020-06-26 10:42:50",4766
"2020-06-26 11:42:55",4766
"2020-06-26 12:42:55",4766
"2020-06-26 13:43:07",4769
"2020-06-26 14:42:52",4762
"2020-06-26 15:42:51",4744
"2020-06-26 16:42:54",4749
"2020-06-26 17:42:53",4750
"2020-06-26 18:42:52",4761
"2020-06-26 19:42:55",4757
"2020-06-26 20:42:52",4755
"2020-06-26 21:42:53",4760
"2020-06-26 22:43:00",4759
"2020-06-26 23:42:48",4759
"2020-06-27 00:43:06",4759
"2020-06-27 01:43:02",4759
"2020-06-27 02:43:00",4759
"2020-06-27 03:43:00",4759
"2020-06-27 04:43:03",4759
"2020-06-27 05:42:48",4759
"2020-06-27 06:42:52",4759
"2020-06-27 07:42:52",4759
"2020-06-27 08:42:47",4759
"2020-06-27 09:42:51",4759
"2020-06-27 10:42:51",4759
"2020-06-27 11:42:47",4759
"2020-06-27 12:42:55",4759
"2020-06-27 13:42:53",4759
"2020-06-27 14:42:46",4759
"2020-06-27 15:43:05",4759
"2020-06-27 16:42:50",4759
"2020-06-27 17:42:49",4759
"2020-06-27 18:42:52",4759
"2020-06-27 19:42:50",4759
"2020-06-27 20:42:48",4759
"2020-06-27 21:42:49",4759
"2020-06-27 22:42:50",4759
"2020-06-27 23:42:48",4759
"2020-06-28 00:42:57",4759
"2020-06-28 01:42:48",4759
"2020-06-28 02:42:53",4759
"2020-06-28 03:42:50",4759
"2020-06-28 04:42:47",4759
"2020-06-28 05:42:50",4759
"2020-06-28 06:42:48",4759
"2020-06-28 07:42:56",4759
"2020-06-28 08:42:52",4759
"2020-06-28 09:42:49",4759
"2020-06-28 10:42:50",4759
"2020-06-28 11:42:46",4759
"2020-06-28 12:42:51",4759
"2020-06-28 13:42:51",4759
"2020-06-28 14:42:48",4759
"2020-06-28 15:42:53",4759
"2020-06-28 16:42:51",4759
"2020-06-28 17:42:48",4759
"2020-06-28 18:42:51",4759
"2020-06-28 19:42:52",4759
"2020-06-28 20:42:46",4759
"2020-06-28 21:42:53",4759
"2020-06-28 22:43:00",4759
"2020-06-28 23:42:53",4759
"2020-06-29 00:43:01",4759
"2020-06-29 01:42:47",4759
"2020-06-29 02:42:53",4759
"2020-06-29 03:42:50",4759
"2020-06-29 04:42:53",4759
"2020-06-29 05:42:49",4759
"2020-06-29 06:42:55",4759
"2020-06-29 07:42:55",4759
"2020-06-29 08:42:53",4759
"2020-06-29 09:42:53",4759
"2020-06-29 10:42:53",4759
"2020-06-29 11:42:51",4759
"2020-06-29 12:42:58",4759
"2020-06-29 13:43:00",4759
"2020-06-29 14:43:09",4782
"2020-06-29 15:42:53",4779
"2020-06-29 16:42:51",4777
"2020-06-29 17:42:51",4776
"2020-06-29 18:42:51",4781
"2020-06-29 19:42:52",4776
"2020-06-29 20:42:52",4777
"2020-06-29 21:42:52",4779
"2020-06-29 22:42:49",4781
"2020-06-29 23:42:55",4781
"2020-06-30 00:43:05",4781
"2020-06-30 01:42:57",4781
"2020-06-30 02:43:09",4781
"2020-06-30 03:42:50",4781
"2020-06-30 04:43:03",4781
"2020-06-30 05:42:57",4781
"2020-06-30 06:43:05",4781
"2020-06-30 07:42:50",4780
"2020-06-30 08:42:50",4780
"2020-06-30 09:42:56",4780
"2020-06-30 10:42:53",4780
"2020-06-30 11:42:50",4780
"2020-06-30 12:42:51",4780
"2020-06-30 13:43:15",4780
"2020-06-30 14:43:00",4777
"2020-06-30 15:42:59",4770
"2020-06-30 16:43:10",4768
"2020-06-30 17:42:53",4768
"2020-06-30 18:42:57",4769
"2020-06-30 19:42:54",4770
"2020-06-30 20:42:58",4768
"2020-06-30 21:43:02",4768
"2020-06-30 22:42:47",4768
"2020-06-30 23:42:53",4768
"2020-07-01 00:43:27",4768
"2020-07-01 01:42:53",4768
"2020-07-01 02:43:04",4768
"2020-07-01 03:42:55",4768
"2020-07-01 04:42:58",4766
"2020-07-01 05:42:55",4766
"2020-07-01 06:42:54",4766
"2020-07-01 07:42:56",4766
"2020-07-01 08:43:03",4766
"2020-07-01 09:43:15",4766
"2020-07-01 10:43:10",4766
"2020-07-01 11:42:53",4766
"2020-07-01 13:06:43",4767
"2020-07-01 13:43:11",4767
"2020-07-01 14:43:15",4771
"2020-07-01 15:43:12",4772
"2020-07-01 16:43:10",4772
"2020-07-01 17:43:04",4772
"2020-07-01 18:43:07",4766
"2020-07-01 19:43:13",4764
"2020-07-01 20:43:06",4770
"2020-07-01 21:42:56",4770
"2020-07-01 22:43:09",4768
"2020-07-01 23:42:58",4768
"2020-07-02 00:43:31",4768
"2020-07-02 01:42:58",4768
"2020-07-02 02:43:00",4768
"2020-07-02 03:43:01",4768
"2020-07-02 04:42:59",4767
"2020-07-02 05:42:58",4767
"2020-07-02 06:42:59",4767
"2020-07-02 07:42:53",4767
"2020-07-02 08:42:55",4767
"2020-07-02 09:42:59",4767
"2020-07-02 10:42:56",4767
"2020-07-02 11:42:57",4767
"2020-07-02 13:09:42",4766
"2020-07-02 13:43:18",4766
"2020-07-02 14:42:56",4760
"2020-07-02 15:42:57",4747
"2020-07-02 16:43:04",4750
"2020-07-02 17:43:02",4739
"2020-07-02 18:43:07",4735
"2020-07-02 19:42:58",4735
"2020-07-02 20:42:51",4732
"2020-07-02 21:42:57",4731
"2020-07-02 22:42:51",4730
"2020-07-02 23:42:51",4730
"2020-07-03 00:43:08",4730
"2020-07-03 01:42:56",4730
"2020-07-03 02:43:03",4730
"2020-07-03 03:42:54",4730
"2020-07-03 04:43:04",4730
"2020-07-03 05:42:54",4730
"2020-07-03 06:42:54",4730
"2020-07-03 07:42:54",4730
"2020-07-03 08:42:53",4730
"2020-07-03 09:43:09",4730
"2020-07-03 10:42:55",4730
"2020-07-03 11:42:53",4730
"2020-07-03 12:42:51",4730
"2020-07-03 13:42:53",4730
"2020-07-03 14:43:00",4730
"2020-07-03 15:42:52",4730
"2020-07-03 16:42:55",4730
"2020-07-03 17:42:53",4730
"2020-07-03 18:42:59",4730
"2020-07-03 19:42:54",4730
"2020-07-03 20:42:56",4730
"2020-07-03 21:42:55",4730
"2020-07-03 22:42:53",4730
"2020-07-03 23:42:52",4730
"2020-07-04 00:42:53",4730
"2020-07-04 01:42:58",4730
"2020-07-04 02:43:03",4730
"2020-07-04 03:42:54",4730
"2020-07-04 04:42:51",4730
"2020-07-04 05:42:56",4730
"2020-07-04 06:42:56",4730
"2020-07-04 07:42:54",4730
"2020-07-04 08:42:54",4730
"2020-07-04 09:42:56",4730
"2020-07-04 11:36:44",4730
"2020-07-04 11:44:32",4730
"2020-07-04 12:42:57",4730
"2020-07-04 13:42:53",4730
"2020-07-04 14:42:56",4730
"2020-07-04 15:42:50",4730
"2020-07-04 16:43:09",4730
"2020-07-04 17:42:53",4730
"2020-07-04 18:42:54",4730
"2020-07-04 19:42:51",4730
"2020-07-04 20:42:55",4730
"2020-07-04 21:42:55",4730
"2020-07-04 22:42:51",4730
"2020-07-04 23:42:58",4730
"2020-07-05 00:42:58",4730
"2020-07-05 01:42:56",4730
"2020-07-05 02:42:50",4730
"2020-07-05 03:42:54",4730
"2020-07-05 04:42:51",4730
"2020-07-05 05:42:56",4730
"2020-07-05 06:42:55",4730
"2020-07-05 07:42:57",4730
"2020-07-05 08:42:55",4730
"2020-07-05 09:42:54",4730
"2020-07-05 11:35:11",4730
"2020-07-05 11:46:01",4730
"2020-07-05 12:42:53",4730
"2020-07-05 13:42:56",4730
"2020-07-05 14:42:51",4730
"2020-07-05 15:43:00",4730
"2020-07-05 16:42:58",4730
"2020-07-05 17:42:52",4730
"2020-07-05 18:42:52",4730
"2020-07-05 19:42:54",4730
"2020-07-05 20:42:52",4730
"2020-07-05 21:42:56",4730
"2020-07-05 22:42:50",4730
"2020-07-05 23:42:51",4730
"2020-07-06 00:42:56",4730
"2020-07-06 01:42:56",4730
"2020-07-06 02:42:54",4730
"2020-07-06 03:42:54",4730
"2020-07-06 04:42:53",4730
"2020-07-06 05:42:48",4730
"2020-07-06 06:42:58",4730
"2020-07-06 07:43:02",4730
"2020-07-06 08:42:58",4730
"2020-07-06 09:42:54",4730
"2020-07-06 11:39:58",4730
"2020-07-06 11:50:30",4730
"2020-07-06 14:08:18",4733
"2020-07-06 14:16:22",4733
"2020-07-06 14:43:05",4733
"2020-07-06 15:42:58",4733
"2020-07-06 16:43:11",4727
"2020-07-06 17:42:58",4727
"2020-07-06 18:42:54",4720
"2020-07-06 19:42:52",4723
"2020-07-06 20:42:57",4720
"2020-07-06 21:42:53",4719
"2020-07-06 22:43:04",4720
"2020-07-06 23:42:53",4720
"2020-07-07 00:42:57",4720
"2020-07-07 01:42:51",4720
"2020-07-07 02:42:55",4720
"2020-07-07 03:43:06",4720
"2020-07-07 04:42:54",4720
"2020-07-07 05:42:51",4720
"2020-07-07 06:42:51",4720
"2020-07-07 07:42:50",4720
"2020-07-07 08:42:50",4720
"2020-07-07 11:23:25",4720
"2020-07-07 11:29:57",4720
"2020-07-07 11:42:54",4720
"2020-07-07 12:42:57",4720
"2020-07-07 13:42:57",4720
"2020-07-07 14:42:55",4718
"2020-07-07 15:43:10",4713
"2020-07-07 16:43:53",4717
"2020-07-07 17:43:02",4708
"2020-07-07 18:42:51",4705
"2020-07-07 19:43:11",4699
"2020-07-07 20:42:58",4694
"2020-07-07 21:43:12",4695
"2020-07-07 22:42:59",4695
"2020-07-07 23:42:57",4695
"2020-07-08 00:43:20",4695
"2020-07-08 01:43:06",4695
"2020-07-08 02:42:57",4695
"2020-07-08 03:43:01",4694
"2020-07-08 04:42:55",4694
"2020-07-08 05:43:07",4694
"2020-07-08 06:43:00",4694
"2020-07-08 07:42:59",4694
"2020-07-08 08:42:58",4694
"2020-07-08 11:48:35",4694
"2020-07-08 11:53:11",4694
"2020-07-08 11:54:41",4694
"2020-07-08 13:10:44",4695
"2020-07-08 13:43:09",4695
"2020-07-08 14:42:57",4676
"2020-07-08 15:42:57",4672
"2020-07-08 16:42:58",4669
"2020-07-08 17:43:00",4669
"2020-07-08 18:43:04",4669
"2020-07-08 19:43:06",4664
"2020-07-08 20:42:58",4661
"2020-07-08 21:42:58",4660
"2020-07-08 22:42:56",4660
"2020-07-08 23:43:00",4660
"2020-07-09 00:43:29",4660
"2020-07-09 01:42:58",4660
"2020-07-09 18:42:57",4652
"2020-07-09 18:45:58",4652
"2020-07-09 18:58:05",4652
"2020-07-09 19:44:38",4642
"2020-07-09 20:43:01",4643
"2020-07-09 21:43:00",4644
"2020-07-09 22:43:05",4644
"2020-07-09 23:42:57",4644
"2020-07-10 00:43:26",4644
"2020-07-10 01:42:55",4644
"2020-07-10 02:43:05",4644
"2020-07-10 03:42:57",4644
"2020-07-10 04:42:51",4644
"2020-07-10 05:42:53",4644
"2020-07-10 06:42:58",4644
"2020-07-10 07:42:57",4644
"2020-07-10 08:42:56",4644
"2020-07-10 11:42:20",4644
"2020-07-10 11:50:07",4644
"2020-07-10 11:57:43",4644
"2020-07-10 13:10:41",4644
"2020-07-10 13:43:00",4644
"2020-07-10 14:42:53",4644
"2020-07-10 15:42:57",4642
"2020-07-10 16:42:59",4638
"2020-07-10 17:42:56",4630
"2020-07-10 18:43:02",4627
"2020-07-10 19:42:59",4627
"2020-07-10 20:42:53",4623
"2020-07-10 21:43:09",4622
"2020-07-10 22:42:52",4623
"2020-07-10 23:43:03",4623
"2020-07-11 00:42:55",4623
"2020-07-11 01:42:56",4623
"2020-07-11 02:42:51",4623
"2020-07-11 03:43:00",4623
"2020-07-11 04:42:57",4623
"2020-07-11 05:42:53",4623
"2020-07-11 06:42:52",4623
"2020-07-11 07:43:00",4623
"2020-07-11 08:42:59",4623
"2020-07-11 11:47:01",4623
"2020-07-11 11:52:41",4623
"2020-07-11 11:56:30",4623
"2020-07-11 12:42:56",4623
"2020-07-11 13:42:58",4623
"2020-07-11 14:42:58",4623
"2020-07-11 15:42:59",4623
"2020-07-11 16:42:51",4623
"2020-07-11 17:42:57",4623
"2020-07-11 18:42:56",4623
"2020-07-11 19:42:55",4623
"2020-07-11 20:42:49",4623
"2020-07-11 21:42:59",4623
"2020-07-11 22:42:56",4623
"2020-07-11 23:42:55",4623
"2020-07-12 00:42:53",4623
"2020-07-12 01:43:08",4623
"2020-07-12 02:42:55",4623
"2020-07-12 03:42:59",4623
"2020-07-12 04:42:53",4623
"2020-07-12 05:42:56",4623
"2020-07-12 06:43:01",4623
"2020-07-12 07:42:56",4623
"2020-07-12 08:42:50",4623
"2020-07-12 11:33:14",4623
"2020-07-12 11:35:42",4623
"2020-07-12 11:52:01",4623
"2020-07-12 12:42:53",4623
"2020-07-12 13:42:57",4623
"2020-07-12 14:42:51",4623
"2020-07-12 15:42:55",4623
"2020-07-12 16:42:58",4623
"2020-07-12 17:42:50",4623
"2020-07-12 18:42:53",4623
"2020-07-12 19:42:55",4623
"2020-07-12 20:43:00",4623
"2020-07-12 21:42:52",4623
"2020-07-12 22:43:01",4623
"2020-07-12 23:42:54",4623
"2020-07-13 00:43:06",4623
"2020-07-13 01:43:10",4623
"2020-07-13 02:43:09",4623
"2020-07-13 03:42:59",4623
"2020-07-13 04:42:58",4623
"2020-07-13 05:42:53",4623
"2020-07-13 06:43:05",4623
"2020-07-13 07:42:55",4623
"2020-07-13 08:42:55",4623
"2020-07-13 11:56:46",4623
"2020-07-13 11:59:38",4623
"2020-07-13 12:01:39",4623
"2020-07-13 12:43:15",4623
"2020-07-13 13:42:57",4623
"2020-07-13 14:42:56",4617
"2020-07-13 15:43:07",4617
"2020-07-13 16:43:06",4606
"2020-07-13 17:42:58",4605
"2020-07-13 18:43:00",4597
"2020-07-13 19:43:07",4595
"2020-07-13 20:43:04",4600
"2020-07-13 21:43:04",4600
"2020-07-13 22:43:11",4598
"2020-07-13 23:43:04",4598
"2020-07-14 00:43:15",4598
"2020-07-14 01:43:08",4598
"2020-07-14 02:43:08",4598
"2020-07-14 03:42:59",4598
"2020-07-14 04:42:56",4598
"2020-07-14 05:42:57",4598
"2020-07-14 06:42:59",4598
"2020-07-14 07:43:02",4598
"2020-07-14 08:43:03",4598
"2020-07-14 12:05:25",4598
"2020-07-14 12:10:12",4598
"2020-07-14 12:17:01",4598
"2020-07-14 12:43:08",4598
"2020-07-14 13:43:13",4598
"2020-07-14 14:43:08",4596
"2020-07-14 15:43:15",4595
"2020-07-14 16:43:24",4595
"2020-07-14 17:43:20",4591
"2020-07-14 18:43:07",4589
"2020-07-14 19:43:03",4586
"2020-07-14 20:43:04",4584
"2020-07-14 21:43:06",4586
"2020-07-14 22:43:09",4586
"2020-07-14 23:43:13",4586
"2020-07-15 00:43:17",4586
"2020-07-15 01:43:11",4586
"2020-07-15 02:29:08",4586
"2020-07-15 02:36:56",4586
"2020-07-15 02:44:35",4586
"2020-07-15 02:52:19",4586
"2020-07-15 03:00:16",4586
"2020-07-15 03:13:55",4586
"2020-07-15 03:21:42",4586
"2020-07-15 03:29:33",4586
"2020-07-15 03:37:22",4586
"2020-07-15 03:45:06",4586
"2020-07-15 03:52:50",4586
"2020-07-15 04:00:35",4586
"2020-07-15 04:08:25",4586
"2020-07-15 04:16:10",4586
"2020-07-15 04:23:55",4586
"2020-07-15 04:31:46",4586
"2020-07-15 04:39:32",4586
"2020-07-15 04:47:15",4586
"2020-07-15 04:54:59",4586
"2020-07-15 05:03:14",4586
"2020-07-15 05:11:02",4586
"2020-07-15 12:17:20",4586
"2020-07-15 12:25:49",4586
"2020-07-15 12:33:45",4586
"2020-07-15 12:41:36",4586
"2020-07-15 12:49:30",4586
"2020-07-15 12:57:25",4586
"2020-07-15 13:05:23",4586
"2020-07-15 13:13:37",4586
"2020-07-15 13:21:42",4586
"2020-07-15 13:29:52",4586
"2020-07-15 13:37:52",4586
"2020-07-15 13:45:57",4586
"2020-07-15 13:53:52",4586
"2020-07-15 14:01:53",4586
"2020-07-15 14:09:56",4582
"2020-07-15 14:17:59",4582
"2020-07-15 14:26:01",4582
"2020-07-15 14:34:03",4582
"2020-07-15 14:43:56",4582
"2020-07-15 14:53:50",4582
"2020-07-15 15:03:54",4582
"2020-07-15 15:13:58",4579
"2020-07-15 15:23:54",4579
"2020-07-15 15:33:50",4579
"2020-07-15 15:43:51",4579
"2020-07-15 15:54:07",4579
"2020-07-15 16:04:06",4579
"2020-07-15 16:14:11",4577
"2020-07-15 16:24:13",4577
"2020-07-15 16:34:24",4577
"2020-07-15 16:44:32",4577
"2020-07-15 16:54:46",4577
"2020-07-15 17:04:52",4577
"2020-07-15 17:12:09",4575
"2020-07-15 17:20:04",4575
"2020-07-15 17:27:48",4575
"2020-07-15 17:35:36",4575
"2020-07-15 17:43:21",4575
"2020-07-15 17:51:08",4575
"2020-07-15 17:59:04",4575
"2020-07-15 18:07:02",4574
"2020-07-15 18:14:57",4574
"2020-07-15 18:22:53",4574
"2020-07-15 18:30:46",4574
"2020-07-15 18:38:44",4574
"2020-07-15 18:46:53",4574
"2020-07-15 18:54:51",4574
"2020-07-15 19:03:04",4574
"2020-07-15 19:11:08",4577
"2020-07-15 19:18:57",4577
"2020-07-15 19:26:50",4577
"2020-07-15 19:36:54",4577
"2020-07-15 19:46:49",4577
"2020-07-15 19:56:39",4577
"2020-07-15 20:06:36",4577
"2020-07-15 20:16:38",4563
"2020-07-15 20:26:38",4563
"2020-07-15 20:36:25",4563
"2020-07-15 20:46:13",4563
"2020-07-15 20:55:58",4563
"2020-07-15 21:05:47",4563
"2020-07-15 21:15:37",4565
"2020-07-15 21:25:22",4565
"2020-07-15 21:35:46",4565
"2020-07-15 21:45:47",4565
"2020-07-15 21:55:58",4565
"2020-07-15 22:05:58",4565
"2020-07-15 22:15:51",4565
"2020-07-15 22:25:45",4565
"2020-07-15 22:35:30",4565
"2020-07-15 22:45:13",4565
"2020-07-15 22:54:57",4565
"2020-07-15 23:00:43",4565
"2020-07-15 23:04:44",4565
"2020-07-15 23:24:39",4565
"2020-07-15 23:34:27",4565
"2020-07-15 23:44:15",4565
"2020-07-15 23:53:59",4565
"2020-07-16 00:04:25",4565
"2020-07-16 00:14:47",4565
"2020-07-16 00:25:19",4565
"2020-07-16 00:35:42",4565
"2020-07-16 00:45:40",4565
"2020-07-16 00:55:27",4565
"2020-07-16 01:05:19",4565
"2020-07-16 01:15:10",4565
"2020-07-16 01:25:09",4565
"2020-07-16 01:34:54",4565
"2020-07-16 01:44:39",4565
"2020-07-16 01:54:28",4565
"2020-07-16 02:04:22",4565
"2020-07-16 02:14:20",4565
"2020-07-16 02:24:48",4565
"2020-07-16 02:34:50",4565
"2020-07-16 02:44:54",4565
"2020-07-16 02:55:50",4565
"2020-07-16 02:58:23",4565
"2020-07-16 03:15:30",4565
"2020-07-16 03:25:48",4565
"2020-07-16 03:35:50",4565
"2020-07-16 03:45:50",4565
"2020-07-16 03:55:57",4565
"2020-07-16 04:06:27",4565
"2020-07-16 04:16:27",4565
"2020-07-16 04:26:21",4565
"2020-07-16 04:36:19",4565
"2020-07-16 04:46:12",4565
"2020-07-16 04:56:06",4565
"2020-07-16 05:06:03",4565
"2020-07-16 05:15:56",4565
"2020-07-16 05:25:49",4565
"2020-07-16 05:35:41",4565
"2020-07-16 05:48:10",4565
"2020-07-16 05:59:33",4565
"2020-07-16 06:09:32",4565
"2020-07-16 06:17:28",4565
"2020-07-16 06:26:14",4565
"2020-07-16 06:35:21",4565
"2020-07-16 06:44:39",4565
"2020-07-16 06:55:28",4565
"2020-07-16 06:59:10",4565
"2020-07-16 07:01:55",4565
"2020-07-16 07:26:34",4565
"2020-07-16 07:41:39",4565
"2020-07-16 07:51:22",4565
"2020-07-16 07:57:50",4565
"2020-07-16 08:08:55",4565
"2020-07-16 08:18:48",4565
"2020-07-16 08:28:06",4565
"2020-07-16 08:37:42",4565
"2020-07-16 08:46:55",4565
"2020-07-16 08:56:03",4565
"2020-07-16 09:05:37",4565
"2020-07-16 09:15:31",4565
"2020-07-16 09:25:38",4565
"2020-07-16 09:35:23",4565
"2020-07-16 09:44:22",4565
"2020-07-16 09:53:05",4565
"2020-07-16 10:02:03",4565
"2020-07-16 10:11:07",4565
"2020-07-16 10:19:43",4565
"2020-07-16 10:28:02",4565
"2020-07-16 10:36:33",4565
"2020-07-16 10:46:57",4565
"2020-07-16 10:57:28",4565
"2020-07-16 11:08:30",4565
"2020-07-16 11:19:24",4565
"2020-07-16 11:29:54",4565
"2020-07-16 11:40:22",4565
"2020-07-16 11:51:11",4565
"2020-07-16 12:02:38",4565
"2020-07-16 12:14:19",4565
"2020-07-16 12:25:21",4565
"2020-07-16 12:36:36",4565
"2020-07-16 12:47:44",4565
"2020-07-16 12:58:42",4565
"2020-07-16 13:10:19",4565
"2020-07-16 13:22:09",4565
"2020-07-16 13:34:08",4565
"2020-07-16 13:45:34",4565
"2020-07-16 13:56:16",4565
"2020-07-16 14:07:30",4569
"2020-07-16 14:18:37",4569
"2020-07-16 14:29:46",4569
"2020-07-16 14:36:15",4569
"2020-07-16 14:40:36",4569
"2020-07-16 15:02:13",4569
"2020-07-16 15:13:18",4569
"2020-07-16 16:56:55",4566
"2020-07-16 17:05:13",4566
"2020-07-16 17:13:29",4566
"2020-07-16 17:21:39",4568
"2020-07-16 17:29:42",4568
"2020-07-16 17:37:59",4568
"2020-07-16 17:46:08",4568
"2020-07-16 17:54:13",4568
"2020-07-16 18:02:23",4568
"2020-07-16 18:10:41",4568
"2020-07-16 18:18:52",4568
"2020-07-16 18:27:02",4566
"2020-07-16 18:35:10",4566
"2020-07-16 18:43:16",4566
"2020-07-16 18:51:35",4566
"2020-07-16 18:59:41",4566
"2020-07-16 19:07:51",4566
"2020-07-16 19:16:03",4563
"2020-07-16 19:26:08",4563
"2020-07-16 19:36:16",4563
"2020-07-16 19:46:23",4563
"2020-07-16 19:56:24",4563
"2020-07-16 20:06:31",4559
"2020-07-16 20:16:33",4559
"2020-07-16 20:26:33",4559
"2020-07-16 20:36:34",4559
"2020-07-16 20:46:40",4559
"2020-07-16 20:56:41",4559
"2020-07-16 21:06:49",4560
"2020-07-16 21:16:53",4560
"2020-07-16 21:27:10",4560
"2020-07-16 21:37:20",4560
"2020-07-16 21:47:28",4560
"2020-07-16 21:57:30",4560
"2020-07-16 22:07:39",4560
"2020-07-16 22:17:41",4560
"2020-07-16 22:27:42",4560
"2020-07-16 22:37:45",4560
"2020-07-16 22:47:44",4560
"2020-07-16 22:53:34",4560
"2020-07-16 22:57:33",4560
"2020-07-16 23:17:51",4560
"2020-07-16 23:27:50",4560
"2020-07-16 23:37:49",4560
"2020-07-16 23:47:48",4560
"2020-07-16 23:57:51",4560
"2020-07-17 00:08:42",4560
"2020-07-17 00:19:18",4560
"2020-07-17 00:29:45",4560
"2020-07-17 00:40:27",4560
"2020-07-17 00:50:34",4560
"2020-07-17 01:00:52",4560
"2020-07-17 01:11:02",4560
"2020-07-17 01:21:07",4560
"2020-07-17 01:31:07",4560
"2020-07-17 01:41:10",4560
"2020-07-17 01:51:11",4560
"2020-07-17 02:01:18",4560
"2020-07-17 02:11:21",4560
"2020-07-17 02:21:28",4560
"2020-07-17 02:31:27",4560
"2020-07-17 02:41:24",4560
"2020-07-17 02:52:03",4560
"2020-07-17 02:54:37",4560
"2020-07-17 03:11:29",4560
"2020-07-17 03:21:31",4560
"2020-07-17 03:31:38",4560
"2020-07-17 03:41:43",4560
"2020-07-17 03:51:49",4560
"2020-07-17 04:01:59",4560
"2020-07-17 04:12:11",4560
"2020-07-17 04:22:16",4560
"2020-07-17 04:32:21",4560
"2020-07-17 04:42:25",4560
"2020-07-17 04:52:27",4560
"2020-07-17 05:02:35",4560
"2020-07-17 05:12:41",4560
"2020-07-17 05:22:46",4560
"2020-07-17 05:32:45",4560
"2020-07-17 05:42:46",4560
"2020-07-17 05:52:46",4560
"2020-07-17 06:02:51",4560
"2020-07-17 06:11:05",4560
"2020-07-17 06:19:13",4560
"2020-07-17 06:27:27",4560
"2020-07-17 06:35:40",4560
"2020-07-17 06:45:06",4560
"2020-07-17 06:48:13",4560
"2020-07-17 06:50:22",4560
"2020-07-17 07:08:54",4560
"2020-07-17 07:17:05",4560
"2020-07-17 07:25:14",4560
"2020-07-17 07:33:22",4560
"2020-07-17 07:41:27",4560
"2020-07-17 07:49:33",4560
"2020-07-17 07:57:38",4560
"2020-07-17 08:06:01",4560
"2020-07-17 08:14:27",4560
"2020-07-17 08:22:59",4560
"2020-07-17 08:31:33",4560
"2020-07-17 08:40:03",4560
"2020-07-17 08:48:19",4560
"2020-07-17 08:56:30",4560
"2020-07-17 09:04:47",4560
"2020-07-17 09:12:57",4560
"2020-07-17 09:21:03",4560
"2020-07-17 09:29:11",4560
"2020-07-17 09:37:14",4560
"2020-07-17 09:45:16",4560
"2020-07-17 09:53:20",4560
"2020-07-17 10:01:45",4560
"2020-07-17 10:06:42",4560
"2020-07-17 10:13:42",4560
"2020-07-17 10:25:51",4560
"2020-07-17 10:35:52",4560
"2020-07-17 10:45:56",4560
"2020-07-17 10:56:07",4560
"2020-07-17 11:06:32",4560
"2020-07-17 11:16:39",4560
"2020-07-17 11:26:44",4560
"2020-07-17 11:36:52",4560
"2020-07-17 11:46:55",4560
"2020-07-17 11:57:03",4560
"2020-07-17 12:07:24",4560
"2020-07-17 12:17:46",4560
"2020-07-17 12:27:57",4560
"2020-07-17 12:38:04",4560
"2020-07-17 12:48:07",4560
"2020-07-17 12:58:20",4560
"2020-07-17 13:09:02",4560
"2020-07-17 13:19:32",4560
"2020-07-17 13:27:54",4560
"2020-07-17 13:36:33",4560
"2020-07-17 13:44:49",4560
"2020-07-17 13:52:52",4560
"2020-07-17 14:01:50",4560
"2020-07-17 14:10:22",4560
"2020-07-17 14:18:44",4560
"2020-07-17 14:27:05",4560
"2020-07-17 14:35:24",4560
"2020-07-17 14:43:26",4560
"2020-07-17 14:51:30",4560
"2020-07-17 15:00:07",4560
"2020-07-17 15:09:04",4549
"2020-07-17 15:17:56",4549
"2020-07-17 15:26:28",4549
"2020-07-17 15:35:00",4549
"2020-07-17 15:43:26",4549
"2020-07-17 15:51:45",4549
"2020-07-17 15:57:58",4549
"2020-07-17 16:07:07",4546
"2020-07-17 16:14:27",4546
"2020-07-17 16:23:18",4546
"2020-07-17 16:32:00",4546
"2020-07-17 16:40:38",4546
"2020-07-17 16:49:06",4546
"2020-07-17 16:57:38",4546
"2020-07-17 17:02:10",4546
"2020-07-17 17:10:24",4532
"2020-07-17 17:18:39",4532
"2020-07-17 17:27:14",4532
"2020-07-17 17:35:41",4532
"2020-07-17 17:44:07",4532
"2020-07-17 17:52:33",4532
"2020-07-17 18:01:12",4532
"2020-07-17 18:09:56",4530
"2020-07-17 18:18:31",4530
"2020-07-17 18:26:59",4530
"2020-07-17 18:35:34",4530
"2020-07-17 18:43:59",4530
"2020-07-17 18:52:22",4530
"2020-07-17 19:04:15",4530
"2020-07-17 19:13:36",4530
"2020-07-17 19:22:00",4528
"2020-07-17 19:30:15",4528
"2020-07-17 19:38:20",4528
"2020-07-17 19:42:00",4528
"2020-07-17 19:50:03",4528
"2020-07-17 19:58:08",4528
"2020-07-17 20:06:21",4526
"2020-07-17 20:14:24",4526
"2020-07-17 20:22:24",4526
"2020-07-17 20:30:25",4526
"2020-07-17 20:38:28",4526
"2020-07-17 20:46:28",4526
"2020-07-17 20:54:28",4526
"2020-07-17 21:02:43",4526
"2020-07-17 21:10:55",4527
"2020-07-17 21:18:52",4527
"2020-07-17 21:26:49",4527
"2020-07-17 21:34:50",4527
"2020-07-17 21:42:53",4527
"2020-07-17 21:51:00",4527
"2020-07-17 21:59:08",4527
"2020-07-17 22:09:30",4527
"2020-07-17 22:19:41",4526
"2020-07-17 22:29:47",4526
"2020-07-17 22:40:06",4526
"2020-07-17 22:50:33",4526
"2020-07-17 23:01:14",4526
"2020-07-17 23:11:49",4526
"2020-07-17 23:22:00",4526
"2020-07-17 23:32:03",4526
"2020-07-17 23:42:07",4526
"2020-07-17 23:52:14",4526
"2020-07-18 00:03:28",4526
"2020-07-18 00:15:14",4526
"2020-07-18 00:25:55",4526
"2020-07-18 00:36:23",4526
"2020-07-18 00:47:05",4526
"2020-07-18 00:57:17",4526
"2020-07-18 01:07:30",4526
"2020-07-18 01:17:39",4526
"2020-07-18 01:27:47",4526
"2020-07-18 01:37:53",4526
"2020-07-18 01:43:45",4526
"2020-07-18 01:47:45",4526
"2020-07-18 02:08:05",4526
"2020-07-18 02:18:10",4526
"2020-07-18 02:28:08",4526
"2020-07-18 02:38:08",4526
"2020-07-18 02:48:06",4526
"2020-07-18 02:58:06",4526
"2020-07-18 03:08:23",4526
"2020-07-18 03:18:31",4526
"2020-07-18 03:28:38",4526
"2020-07-18 03:38:46",4526
"2020-07-18 03:48:58",4526
"2020-07-18 03:59:08",4526
"2020-07-18 04:09:46",4526
"2020-07-18 04:20:21",4526
"2020-07-18 04:30:38",4526
"2020-07-18 04:40:43",4526
"2020-07-18 04:50:45",4526
"2020-07-18 05:01:01",4526
"2020-07-18 05:11:43",4526
"2020-07-18 05:22:02",4526
"2020-07-18 05:32:11",4526
"2020-07-18 05:42:51",4526
"2020-07-18 05:45:25",4526
"2020-07-18 06:02:24",4526
"2020-07-18 06:12:40",4526
"2020-07-18 08:36:41",4527
"2020-07-18 08:44:50",4527
"2020-07-18 08:52:55",4527
"2020-07-18 09:01:03",4527
"2020-07-18 09:09:05",4527
"2020-07-18 09:17:03",4527
"2020-07-18 09:25:03",4527
"2020-07-18 09:33:06",4527
"2020-07-18 09:41:06",4527
"2020-07-18 09:49:06",4527
"2020-07-18 09:57:09",4527
"2020-07-18 10:05:14",4527
"2020-07-18 10:13:16",4527
"2020-07-18 10:21:16",4527
"2020-07-18 10:29:22",4527
"2020-07-18 10:37:22",4527
"2020-07-18 10:45:18",4527
"2020-07-18 10:53:15",4527
"2020-07-18 11:03:16",4527
"2020-07-18 11:13:17",4527
"2020-07-18 11:23:15",4527
"2020-07-18 11:33:14",4527
"2020-07-18 11:43:13",4527
"2020-07-18 11:53:09",4527
"2020-07-18 12:03:16",4527
"2020-07-18 12:13:25",4527
"2020-07-18 12:23:31",4527
"2020-07-18 12:33:33",4527
"2020-07-18 12:43:34",4527
"2020-07-18 12:53:37",4527
"2020-07-18 13:03:51",4527
"2020-07-18 13:14:05",4527
"2020-07-18 13:24:10",4527
"2020-07-18 13:34:12",4527
"2020-07-18 13:44:07",4527
"2020-07-18 13:54:04",4527
"2020-07-18 14:04:01",4527
"2020-07-18 14:13:58",4527
"2020-07-18 14:23:55",4527
"2020-07-18 14:29:44",4527
"2020-07-18 14:33:46",4527
"2020-07-18 14:53:57",4527
"2020-07-18 15:04:02",4527
"2020-07-18 15:14:07",4527
"2020-07-18 15:24:09",4527
"2020-07-18 15:34:08",4527
"2020-07-18 15:44:06",4527
"2020-07-18 15:54:05",4527
"2020-07-18 16:04:07",4527
"2020-07-18 16:14:07",4527
"2020-07-18 16:24:08",4527
"2020-07-18 16:34:09",4527
"2020-07-18 16:44:08",4527
"2020-07-18 16:54:06",4527
"2020-07-18 17:04:08",4527
"2020-07-18 17:14:16",4527
"2020-07-18 17:24:15",4527
"2020-07-18 17:34:14",4527
"2020-07-18 17:44:11",4527
"2020-07-18 17:54:08",4527
"2020-07-18 18:04:08",4527
"2020-07-18 18:14:10",4527
"2020-07-18 18:24:48",4527
"2020-07-18 18:27:20",4527
"2020-07-18 18:44:01",4527
"2020-07-18 18:53:59",4527
"2020-07-18 19:04:03",4527
"2020-07-18 19:14:28",4527
"2020-07-18 19:24:25",4527
"2020-07-18 19:34:43",4527
"2020-07-18 19:44:43",4527
"2020-07-18 22:09:05",4527
"2020-07-18 22:16:37",4527
"2020-07-18 22:24:10",4527
"2020-07-18 22:31:43",4527
"2020-07-18 22:39:15",4527
"2020-07-18 22:46:48",4527
"2020-07-18 22:54:21",4527
"2020-07-18 23:01:55",4527
"2020-07-18 23:09:29",4527
"2020-07-18 23:17:02",4527
"2020-07-18 23:24:35",4527
"2020-07-18 23:32:08",4527
"2020-07-18 23:39:46",4527
"2020-07-18 23:47:27",4527
"2020-07-18 23:55:15",4527
"2020-07-19 00:02:59",4527
"2020-07-19 00:10:30",4527
"2020-07-19 00:18:04",4527
"2020-07-19 00:27:40",4527
"2020-07-19 00:37:15",4527
"2020-07-19 00:46:49",4527
"2020-07-19 00:56:25",4527
"2020-07-19 01:06:00",4527
"2020-07-19 01:15:36",4527
"2020-07-19 01:25:11",4527
"2020-07-19 01:34:47",4527
"2020-07-19 01:44:22",4527
"2020-07-19 01:53:58",4527
"2020-07-19 02:03:33",4527
"2020-07-19 02:13:08",4527
"2020-07-19 02:22:41",4527
"2020-07-19 02:32:14",4527
"2020-07-19 02:41:48",4527
"2020-07-19 02:51:21",4527
"2020-07-19 03:00:55",4527
"2020-07-19 03:10:30",4527
"2020-07-19 03:20:04",4527
"2020-07-19 03:29:39",4527
"2020-07-19 03:39:13",4527
"2020-07-19 03:44:42",4527
"2020-07-19 03:48:29",4527
"2020-07-19 04:07:57",4527
"2020-07-19 04:17:30",4527
"2020-07-19 04:27:03",4527
"2020-07-19 04:36:37",4527
"2020-07-19 04:46:11",4527
"2020-07-19 04:55:44",4527
"2020-07-19 05:05:17",4527
"2020-07-19 05:14:49",4527
"2020-07-19 05:24:23",4527
"2020-07-19 05:33:55",4527
"2020-07-19 05:43:27",4527
"2020-07-19 05:52:59",4527
"2020-07-19 06:02:31",4527
"2020-07-19 06:12:06",4527
"2020-07-19 06:21:43",4527
"2020-07-19 06:31:18",4527
"2020-07-19 06:42:27",4527
"2020-07-19 06:50:03",4527
"2020-07-19 06:57:38",4527
"2020-07-19 07:05:14",4527
"2020-07-19 07:12:51",4527
"2020-07-19 07:20:26",4527
"2020-07-19 07:28:00",4527
"2020-07-19 07:35:33",4527
"2020-07-19 07:43:09",4527
"2020-07-19 07:50:44",4527
"2020-07-19 07:58:17",4527
"2020-07-19 08:05:51",4527
"2020-07-19 08:13:25",4527
"2020-07-19 08:20:58",4527
"2020-07-19 08:28:37",4527
"2020-07-19 08:36:12",4527
"2020-07-19 08:43:39",4527
"2020-07-19 08:51:13",4527
"2020-07-19 09:00:48",4527
"2020-07-19 09:10:23",4527
"2020-07-19 09:19:58",4527
"2020-07-19 09:29:34",4527
"2020-07-19 09:39:14",4527
"2020-07-19 09:48:56",4527
"2020-07-19 09:58:38",4527
"2020-07-19 10:08:21",4527
"2020-07-19 10:17:56",4527
"2020-07-19 10:27:30",4527
"2020-07-19 10:37:06",4527
"2020-07-19 10:46:44",4527
"2020-07-19 10:56:21",4527
"2020-07-19 11:05:56",4527
"2020-07-19 11:15:31",4527
"2020-07-19 11:25:06",4527
"2020-07-19 11:34:41",4527
"2020-07-19 11:44:18",4527
"2020-07-19 11:53:53",4527
"2020-07-19 12:03:28",4527
"2020-07-19 12:13:04",4527
"2020-07-19 12:18:36",4527
"2020-07-19 12:22:24",4527
"2020-07-19 12:41:52",4527
"2020-07-19 12:51:32",4527
"2020-07-19 13:01:07",4527
"2020-07-19 13:10:42",4527
"2020-07-19 13:20:19",4527
"2020-07-19 13:29:57",4527
"2020-07-19 13:39:32",4527
"2020-07-19 13:49:06",4527
"2020-07-19 13:58:41",4527
"2020-07-19 14:08:16",4527
"2020-07-19 14:17:50",4527
"2020-07-19 14:27:25",4527
"2020-07-19 14:37:00",4527
"2020-07-19 14:46:35",4527
"2020-07-19 14:56:10",4527
"2020-07-19 15:05:46",4527
"2020-07-19 15:15:22",4527
"2020-07-19 15:24:58",4527
"2020-07-19 15:34:34",4527
"2020-07-19 15:44:08",4527
"2020-07-19 15:53:44",4527
"2020-07-19 16:03:58",4527
"2020-07-19 16:06:24",4527
"2020-07-19 16:22:34",4527
"2020-07-19 16:32:10",4527
"2020-07-19 16:41:45",4527
"2020-07-19 16:51:25",4527
"2020-07-19 17:01:03",4527
"2020-07-19 17:10:41",4527
"2020-07-19 17:20:16",4527
"2020-07-19 17:29:50",4527
"2020-07-19 17:39:24",4527
"2020-07-19 17:48:58",4527
"2020-07-19 17:58:32",4527
"2020-07-19 18:08:08",4527
"2020-07-19 18:17:43",4527
"2020-07-19 18:27:17",4527
"2020-07-19 18:36:53",4527
"2020-07-19 18:46:28",4527
"2020-07-19 18:56:03",4527
"2020-07-19 19:05:39",4527
"2020-07-19 19:13:13",4527
"2020-07-19 19:20:48",4527
"2020-07-19 19:28:23",4527
"2020-07-19 19:35:59",4527
"2020-07-19 19:44:43",4527
"2020-07-19 19:47:31",4527
"2020-07-19 19:49:27",4527
"2020-07-19 20:06:23",4527
"2020-07-19 20:13:59",4527
"2020-07-19 20:21:35",4527
"2020-07-19 20:29:10",4527
"2020-07-19 20:36:45",4527
"2020-07-19 20:44:21",4527
"2020-07-19 20:51:57",4527
"2020-07-19 20:59:32",4527
"2020-07-19 21:07:08",4527
"2020-07-19 21:14:42",4527
"2020-07-19 21:22:16",4527
"2020-07-19 21:29:50",4527
"2020-07-19 21:37:25",4527
"2020-07-19 21:44:59",4527
"2020-07-19 21:52:34",4527
"2020-07-19 22:00:10",4527
"2020-07-19 22:07:46",4527
"2020-07-19 22:15:23",4527
"2020-07-19 22:22:56",4527
"2020-07-19 22:30:31",4527
"2020-07-19 22:38:05",4527
"2020-07-19 22:45:50",4527
"2020-07-19 22:50:28",4527
"2020-07-19 22:57:03",4527
"2020-07-19 23:08:25",4527
"2020-07-19 23:18:00",4527
"2020-07-19 23:27:33",4527
"2020-07-19 23:37:07",4527
"2020-07-19 23:46:40",4527
"2020-07-19 23:56:16",4527
"2020-07-20 00:05:51",4527
"2020-07-20 00:15:27",4527
"2020-07-20 00:25:03",4527
"2020-07-20 00:34:39",4527
"2020-07-20 00:44:13",4527
"2020-07-20 00:53:49",4527
"2020-07-20 01:03:23",4527
"2020-07-20 01:12:58",4527
"2020-07-20 01:22:34",4527
"2020-07-20 01:32:10",4527
"2020-07-20 01:41:45",4527
"2020-07-20 01:51:23",4527
"2020-07-20 01:58:58",4527
"2020-07-20 02:06:36",4527
"2020-07-20 02:14:13",4527
"2020-07-20 02:21:48",4527
"2020-07-20 02:29:24",4527
"2020-07-20 02:37:00",4527
"2020-07-20 02:44:36",4527
"2020-07-20 02:52:12",4527
"2020-07-20 02:59:47",4527
"2020-07-20 03:07:23",4527
"2020-07-20 03:14:59",4527
"2020-07-20 03:22:35",4527
"2020-07-20 03:30:11",4527
"2020-07-20 03:37:48",4527
"2020-07-20 03:45:24",4527
"2020-07-20 03:52:59",4527
"2020-07-20 04:00:35",4527
"2020-07-20 04:08:10",4527
"2020-07-20 04:13:37",4527
"2020-07-20 04:21:11",4527
"2020-07-20 04:27:36",4527
"2020-07-20 04:35:14",4527
"2020-07-20 04:42:50",4527
"2020-07-20 04:50:30",4527
"2020-07-20 04:58:11",4527
"2020-07-20 05:06:00",4527
"2020-07-20 05:13:44",4527
"2020-07-20 05:21:30",4527
"2020-07-20 05:29:14",4527
"2020-07-20 05:36:59",4527
"2020-07-20 05:44:44",4527
"2020-07-20 05:52:29",4527
"2020-07-20 06:00:14",4527
"2020-07-20 06:07:59",4527
"2020-07-20 06:15:43",4527
"2020-07-20 06:23:28",4527
"2020-07-20 06:31:13",4527
"2020-07-20 06:38:56",4527
"2020-07-20 06:46:41",4527
"2020-07-20 06:54:25",4527
"2020-07-20 07:02:09",4527
"2020-07-20 07:09:52",4527
"2020-07-20 07:17:34",4527
"2020-07-20 07:25:18",4527
"2020-07-20 07:33:00",4527
"2020-07-20 07:40:44",4527
"2020-07-20 07:48:27",4527
"2020-07-20 07:56:11",4527
"2020-07-20 08:03:56",4527
"2020-07-20 08:11:39",4527
"2020-07-20 08:19:22",4527
"2020-07-20 08:27:03",4527
"2020-07-20 08:34:46",4527
"2020-07-20 08:42:28",4527
"2020-07-20 08:50:12",4527
"2020-07-20 08:57:55",4527
"2020-07-20 09:05:41",4527
"2020-07-20 09:13:26",4527
"2020-07-20 09:21:08",4527
"2020-07-20 09:28:51",4527
"2020-07-20 09:36:35",4527
"2020-07-20 09:44:19",4527
"2020-07-20 09:52:02",4527
"2020-07-20 09:59:46",4527
"2020-07-20 10:07:31",4527
"2020-07-20 10:15:16",4527
"2020-07-20 10:22:59",4527
"2020-07-20 10:30:43",4527
"2020-07-20 10:38:29",4527
"2020-07-20 10:46:15",4527
"2020-07-20 10:53:59",4527
"2020-07-20 11:01:45",4527
"2020-07-20 11:09:30",4527
"2020-07-20 11:17:15",4527
"2020-07-20 11:24:58",4527
"2020-07-20 11:32:42",4527
"2020-07-20 11:40:25",4527
"2020-07-20 11:48:07",4527
"2020-07-20 11:55:51",4527
"2020-07-20 12:03:36",4527
"2020-07-20 12:11:21",4527
"2020-07-20 12:19:06",4527
"2020-07-20 12:26:50",4527
"2020-07-20 12:34:36",4527
"2020-07-20 12:42:20",4527
"2020-07-20 12:50:03",4527
"2020-07-20 12:57:46",4527
"2020-07-20 13:05:32",4527
"2020-07-20 13:13:19",4527
"2020-07-20 13:21:02",4527
"2020-07-20 13:28:51",4527
"2020-07-20 13:36:37",4527
"2020-07-20 13:44:24",4527
"2020-07-20 13:52:10",4527
"2020-07-20 13:59:55",4527
"2020-07-20 14:07:39",4527
"2020-07-20 14:15:24",4527
"2020-07-20 14:23:09",4527
"2020-07-20 14:42:24",4527
"2020-07-20 15:42:31",4517
"2020-07-20 16:42:20",4514
"2020-07-20 17:42:17",4513
"2020-07-20 18:42:29",4512
"2020-07-20 19:42:33",4510
"2020-07-20 20:42:34",4510
"2020-07-20 21:42:32",4510
"2020-07-20 22:42:26",4510
"2020-07-20 23:42:24",4510
"2020-07-21 00:42:24",4510
"2020-07-21 01:42:29",4510
"2020-07-21 02:42:28",4510
"2020-07-21 03:42:30",4510
"2020-07-21 04:42:34",4510
"2020-07-21 05:42:32",4510
"2020-07-21 06:42:36",4510
"2020-07-21 07:42:31",4510
"2020-07-21 08:42:26",4510
"2020-07-21 09:42:18",4510
"2020-07-21 10:42:24",4510
"2020-07-21 11:42:25",4510
"2020-07-21 12:42:18",4510
"2020-07-21 13:42:26",4509
"2020-07-21 14:42:24",4716
"2020-07-21 15:42:19",4716
"2020-07-21 16:42:31",4824
"2020-07-21 17:42:34",4833
"2020-07-21 18:42:26",4848
"2020-07-21 19:42:19",4854
"2020-07-21 20:42:26",4859
"2020-07-21 21:42:16",4860
"2020-07-21 22:42:29",4863
"2020-07-21 23:42:33",4863
"2020-07-22 00:42:26",4863
"2020-07-22 01:42:24",4863
"2020-07-22 02:42:16",4863
"2020-07-22 03:42:33",4863
"2020-07-22 04:42:17",4863
"2020-07-22 05:42:17",4863
"2020-07-22 06:42:15",4863
"2020-07-22 07:42:15",4863
"2020-07-22 08:42:15",4863
"2020-07-22 09:42:16",4863
"2020-07-22 10:42:16",4863
"2020-07-22 11:42:15",4863
"2020-07-22 12:42:22",4863
"2020-07-22 13:42:23",4878
"2020-07-22 14:42:23",5083
"2020-07-22 15:42:19",5154
"2020-07-22 16:42:30",5146
"2020-07-22 17:42:23",5182
"2020-07-22 18:42:31",5196
"2020-07-22 19:42:17",5202
"2020-07-22 20:42:25",5262
"2020-07-22 21:42:24",5283
"2020-07-22 22:42:26",5297
"2020-07-22 23:42:16",5297
"2020-07-23 00:42:23",5297
"2020-07-23 01:42:27",5297
"2020-07-23 02:42:24",5297
"2020-07-23 03:42:26",5297
"2020-07-23 04:42:22",5297
"2020-07-23 05:42:31",5297
"2020-07-23 06:42:16",5297
"2020-07-23 07:42:20",5297
"2020-07-23 08:42:22",5297
"2020-07-23 09:42:26",5297
"2020-07-23 10:42:32",5297
"2020-07-23 11:42:25",5297
"2020-07-23 13:08:09",5297
"2020-07-23 13:42:50",5297
"2020-07-23 14:42:24",5288
"2020-07-23 15:42:32",5290
"2020-07-23 16:42:20",5226
"2020-07-23 17:42:25",5201
"2020-07-23 18:42:19",5132
"2020-07-23 19:42:31",5139
"2020-07-23 20:42:24",5129
"2020-07-23 21:42:26",5133
"2020-07-23 22:42:26",5135
"2020-07-23 23:42:17",5135
"2020-07-24 00:42:34",5135
"2020-07-24 01:42:22",5135
"2020-07-24 02:42:24",5135
"2020-07-24 03:42:27",5135
"2020-07-24 04:42:23",5135
"2020-07-24 05:42:32",5135
"2020-07-24 06:42:18",5135
"2020-07-24 07:42:33",5135
"2020-07-24 08:42:26",5135
"2020-07-24 09:42:28",5135
"2020-07-24 10:42:26",5135
"2020-07-24 11:42:25",5135
"2020-07-24 12:42:29",5135
"2020-07-24 13:42:20",5137
"2020-07-24 14:42:24",5075
"2020-07-24 15:42:33",5064
"2020-07-24 16:42:25",5058
"2020-07-24 17:42:19",5051
"2020-07-24 18:42:25",5045
"2020-07-24 19:42:22",5040
"2020-07-24 20:42:26",5030
"2020-07-24 21:42:16",5030
"2020-07-24 22:42:28",5030
"2020-07-24 23:42:26",5030
"2020-07-25 00:42:20",5030
"2020-07-25 01:42:20",5030
"2020-07-25 02:42:24",5030
"2020-07-25 03:42:28",5030
"2020-07-25 04:42:24",5030
"2020-07-25 05:42:27",5030
"2020-07-25 06:42:24",5029
"2020-07-25 07:42:35",5029
"2020-07-25 08:42:31",5029
"2020-07-25 09:42:23",5029
"2020-07-25 10:42:18",5029
"2020-07-25 11:42:32",5029
"2020-07-25 12:42:26",5029
"2020-07-25 13:42:31",5029
"2020-07-25 14:42:25",5029
"2020-07-25 15:42:26",5029
"2020-07-25 16:42:29",5029
"2020-07-25 17:42:26",5029
"2020-07-25 18:42:26",5029
"2020-07-25 19:42:20",5029
"2020-07-25 20:42:32",5029
"2020-07-25 21:42:26",5029
"2020-07-25 22:42:24",5029
"2020-07-25 23:42:26",5029
"2020-07-26 00:42:25",5029
"2020-07-26 01:42:28",5029
"2020-07-26 02:42:32",5029
"2020-07-26 03:42:25",5029
"2020-07-26 04:42:26",5029
"2020-07-26 05:42:27",5029
"2020-07-26 06:42:25",5029
"2020-07-26 07:42:25",5029
"2020-07-26 08:42:25",5029
"2020-07-26 09:42:26",5029
"2020-07-26 10:42:20",5029
"2020-07-26 11:42:28",5029
"2020-07-26 12:42:33",5029
"2020-07-26 13:42:33",5029
"2020-07-26 14:42:19",5029
"2020-07-26 15:42:28",5029
"2020-07-26 16:42:26",5029
"2020-07-26 17:42:25",5029
"2020-07-26 18:42:28",5029
"2020-07-26 19:42:25",5029
"2020-07-26 20:42:26",5029
"2020-07-26 21:42:33",5029
"2020-07-26 22:42:32",5029
"2020-07-26 23:42:26",5029
"2020-07-27 00:42:33",5029
"2020-07-27 01:42:27",5029
"2020-07-27 02:42:35",5029
"2020-07-27 03:42:36",5029
"2020-07-27 04:42:28",5029
"2020-07-27 05:42:37",5029
"2020-07-27 06:42:32",5029
"2020-07-27 07:42:30",5029
"2020-07-27 08:42:26",5029
"2020-07-27 09:42:27",5029
"2020-07-27 10:42:18",5029
"2020-07-27 11:42:31",5029
"2020-07-27 12:42:26",5029
"2020-07-27 13:42:27",5028
"2020-07-27 14:42:30",5012
"2020-07-27 15:42:30",4987
"2020-07-27 16:42:33",4973
"2020-07-27 17:42:36",4958
"2020-07-27 18:42:35",4944
"2020-07-27 19:42:26",4906
"2020-07-27 20:42:36",4905
"2020-07-27 21:42:27",4904
"2020-07-27 22:42:27",4905
"2020-07-27 23:42:29",4905
"2020-07-28 00:42:40",4905
"2020-07-28 01:42:36",4905
"2020-07-28 02:42:44",4905
"2020-07-28 03:42:37",4905
"2020-07-28 04:42:38",4905
"2020-07-28 07:05:55",4905
"2020-07-28 07:12:07",4905
"2020-07-28 07:42:30",4905
"2020-07-28 08:42:23",4905
"2020-07-28 09:42:26",4905
"2020-07-28 10:42:29",4905
"2020-07-28 11:42:29",4905
"2020-07-28 13:11:41",4905
"2020-07-28 13:42:29",4905
"2020-07-28 14:42:24",4907
"2020-07-28 15:42:29",4905
"2020-07-28 16:42:27",4900
"2020-07-28 17:42:20",4900
"2020-07-28 18:42:23",4900
"2020-07-28 19:42:28",4903
"2020-07-28 20:42:27",4902
"2020-07-28 21:42:22",4901
"2020-07-28 22:42:31",4899
"2020-07-28 23:42:37",4899
"2020-07-29 00:42:26",4899
"2020-07-29 01:42:36",4899
"2020-07-29 02:42:20",4899
"2020-07-29 03:42:27",4899
"2020-07-29 04:42:21",4899
"2020-07-29 05:42:35",4899
"2020-07-29 06:42:19",4898
"2020-07-29 07:42:28",4898
"2020-07-29 08:42:29",4898
"2020-07-29 09:42:30",4898
"2020-07-29 10:42:33",4898
"2020-07-29 11:42:34",4898
"2020-07-29 13:14:12",4899
"2020-07-29 13:42:32",4899
"2020-07-29 14:42:36",4875
"2020-07-29 15:42:36",4852
"2020-07-29 16:42:55",4844
"2020-07-29 17:42:39",4844
"2020-07-29 18:42:37",4835
"2020-07-29 19:42:34",4830
"2020-07-29 20:42:37",4824
"2020-07-29 21:42:36",4822
"2020-07-29 22:42:37",4822
"2020-07-29 23:42:38",4822
"2020-07-30 00:42:36",4822
"2020-07-30 01:42:37",4822
"2020-07-30 02:42:37",4822
"2020-07-30 03:42:36",4822
"2020-07-30 04:42:39",4821
"2020-07-30 05:42:43",4821
"2020-07-30 06:42:32",4821
"2020-07-30 07:42:34",4821
"2020-07-30 08:42:40",4821
"2020-07-30 09:42:33",4821
"2020-07-30 10:42:32",4821
"2020-07-30 11:42:35",4821
"2020-07-30 13:06:41",4822
"2020-07-30 13:42:39",4822
"2020-07-30 14:42:36",4805
"2020-07-30 15:42:36",4789
"2020-07-30 16:42:26",4788
"2020-07-30 17:42:36",4787
"2020-07-30 18:42:36",4787
"2020-07-30 19:42:35",4787
"2020-07-30 20:42:27",4783
"2020-07-30 21:42:30",4783
"2020-07-30 22:42:34",4782
"2020-07-30 23:42:25",4782
"2020-07-31 00:42:38",4782
"2020-07-31 01:42:24",4782
"2020-07-31 02:42:35",4782
"2020-07-31 03:42:29",4782
"2020-07-31 04:42:22",4782
"2020-07-31 05:42:27",4782
"2020-07-31 06:42:19",4782
"2020-07-31 07:42:31",4782
"2020-07-31 08:42:28",4782
"2020-07-31 09:42:27",4782
"2020-07-31 10:42:22",4782
"2020-07-31 11:42:21",4782
"2020-07-31 12:42:19",4782
"2020-07-31 13:42:37",4781
"2020-07-31 14:42:20",4789
"2020-07-31 15:42:26",4791
"2020-07-31 16:42:31",4792
"2020-07-31 17:42:27",4794
"2020-07-31 18:42:28",4791
"2020-07-31 19:42:28",4791
"2020-07-31 20:42:27",4787
"2020-07-31 21:42:28",4788
"2020-07-31 22:42:23",4788
"2020-07-31 23:42:31",4788
"2020-08-01 00:42:34",4788
"2020-08-01 01:42:20",4788
"2020-08-01 02:42:21",4788
"2020-08-01 03:42:29",4788
"2020-08-01 04:42:33",4788
"2020-08-01 05:42:29",4788
"2020-08-01 06:42:28",4788
"2020-08-01 07:42:34",4788
"2020-08-01 08:42:35",4788
"2020-08-01 09:42:32",4788
"2020-08-01 10:42:27",4788
"2020-08-01 11:42:26",4788
"2020-08-01 12:42:27",4788
"2020-08-01 13:42:28",4788
"2020-08-01 14:42:20",4788
"2020-08-01 15:42:45",4788
"2020-08-01 16:42:38",4788
"2020-08-01 17:42:27",4788
"2020-08-01 18:42:26",4788
"2020-08-01 19:42:27",4788
"2020-08-01 20:42:25",4788
"2020-08-01 21:42:25",4788
"2020-08-01 22:42:25",4788
"2020-08-01 23:42:29",4788
"2020-08-02 00:42:36",4788
"2020-08-02 01:42:27",4788
"2020-08-02 02:42:19",4788
"2020-08-02 03:42:36",4788
"2020-08-02 04:42:21",4788
"2020-08-02 05:42:30",4788
"2020-08-02 06:42:33",4788
"2020-08-02 07:42:33",4788
"2020-08-02 08:42:32",4788
"2020-08-02 09:42:36",4788
"2020-08-02 10:42:34",4788
"2020-08-02 11:42:20",4788
"2020-08-02 12:42:27",4788
"2020-08-02 13:42:23",4788
"2020-08-02 14:42:20",4788
"2020-08-02 15:42:37",4788
"2020-08-02 16:42:19",4788
"2020-08-02 17:42:28",4788
"2020-08-02 18:42:28",4788
"2020-08-02 19:42:28",4788
"2020-08-02 20:42:21",4788
"2020-08-02 21:42:28",4788
"2020-08-02 22:42:30",4788
"2020-08-02 23:42:31",4788
"2020-08-03 00:42:33",4788
"2020-08-03 01:42:30",4788
"2020-08-03 02:42:27",4788
"2020-08-03 03:42:28",4788
"2020-08-03 04:42:25",4788
"2020-08-03 05:42:32",4788
"2020-08-03 06:42:19",4788
"2020-08-03 07:42:27",4788
"2020-08-03 08:42:23",4788
"2020-08-03 09:42:34",4788
"2020-08-03 10:42:30",4788
"2020-08-03 11:42:24",4788
"2020-08-03 12:42:33",4788
"2020-08-03 13:42:31",4789
"2020-08-03 14:42:25",4793
"2020-08-03 15:42:37",4786
"2020-08-03 16:42:30",4789
"2020-08-03 17:42:30",4779
"2020-08-03 18:42:23",4773
"2020-08-03 19:42:31",4780
"2020-08-03 20:42:26",4777
"2020-08-03 21:42:21",4778
"2020-08-03 22:42:26",4778
"2020-08-03 23:42:31",4778
"2020-08-04 00:42:36",4778
"2020-08-04 01:42:32",4778
"2020-08-04 02:42:34",4778
"2020-08-04 03:42:33",4778
"2020-08-04 04:42:47",4777
"2020-08-04 05:42:28",4777
"2020-08-04 06:42:29",4777
"2020-08-04 07:42:22",4777
"2020-08-04 08:42:36",4777
"2020-08-04 09:42:27",4777
"2020-08-04 10:42:19",4777
"2020-08-04 11:42:25",4777
"2020-08-04 12:42:19",4777
"2020-08-04 13:42:38",4777
"2020-08-04 14:42:29",4769
"2020-08-04 15:42:30",4759
"2020-08-04 16:42:29",4756
"2020-08-04 17:42:31",4755
"2020-08-04 18:42:40",4750
"2020-08-04 19:42:24",4750
"2020-08-04 20:42:28",4743
"2020-08-04 21:42:30",4741
"2020-08-04 22:42:29",4739
"2020-08-04 23:42:38",4739
"2020-08-05 00:42:33",4739
"2020-08-05 01:42:35",4739
"2020-08-05 02:42:24",4739
"2020-08-05 03:42:36",4739
"2020-08-05 04:42:32",4739
"2020-08-05 05:42:30",4738
"2020-08-05 06:42:20",4738
"2020-08-05 07:42:21",4738
"2020-08-05 08:42:30",4738
"2020-08-05 09:42:38",4738
"2020-08-05 10:42:27",4738
"2020-08-05 11:42:28",4738
"2020-08-05 13:10:14",4738
"2020-08-05 13:42:40",4738
"2020-08-05 14:42:30",4732
"2020-08-05 15:42:24",4732
"2020-08-05 16:42:27",4724
"2020-08-05 17:42:25",4710
"2020-08-05 18:42:28",4710
"2020-08-05 19:42:34",4707
"2020-08-05 20:42:25",4710
"2020-08-05 21:42:25",4710
"2020-08-05 22:42:33",4711
"2020-08-05 23:42:29",4711
"2020-08-06 00:42:40",4711
"2020-08-06 01:42:29",4711
"2020-08-06 02:42:26",4711
"2020-08-06 03:42:32",4711
"2020-08-06 04:42:27",4711
"2020-08-06 05:42:45",4711
"2020-08-06 06:42:31",4711
"2020-08-06 07:42:34",4711
"2020-08-06 08:42:39",4711
"2020-08-06 09:42:27",4711
"2020-08-06 10:42:35",4711
"2020-08-06 11:42:26",4711
"2020-08-06 12:42:35",4711
"2020-08-06 13:42:22",4711
"2020-08-06 14:42:19",4714
"2020-08-06 15:42:27",4718
"2020-08-06 16:42:35",4715
"2020-08-06 17:42:28",4711
"2020-08-06 18:42:27",4705
"2020-08-06 19:42:29",4705
"2020-08-06 20:42:35",4704
"2020-08-06 21:42:29",4702
"2020-08-06 22:42:20",4702
"2020-08-06 23:42:37",4702
"2020-08-07 00:42:29",4702
"2020-08-07 01:42:32",4702
"2020-08-07 02:42:27",4702
"2020-08-07 03:42:25",4702
"2020-08-07 04:42:34",4702
"2020-08-07 05:42:32",4702
"2020-08-07 06:42:22",4702
"2020-08-07 07:42:32",4702
"2020-08-07 08:42:28",4702
"2020-08-07 09:42:26",4702
"2020-08-07 10:42:27",4702
"2020-08-07 11:42:19",4702
"2020-08-07 12:42:19",4702
"2020-08-07 13:42:26",4704
"2020-08-07 14:42:20",4696
"2020-08-07 15:42:34",4696
"2020-08-07 16:42:26",4697
"2020-08-07 17:42:26",4697
"2020-08-07 18:42:28",4691
"2020-08-07 19:42:20",4691
"2020-08-07 20:42:30",4688
"2020-08-07 21:42:26",4688
"2020-08-07 22:42:26",4688
"2020-08-07 23:42:26",4688
"2020-08-08 00:42:21",4688
"2020-08-08 01:42:33",4688
"2020-08-08 02:42:24",4688
"2020-08-08 03:42:19",4688
"2020-08-08 04:42:19",4688
"2020-08-08 05:42:22",4688
"2020-08-08 06:42:28",4688
"2020-08-08 07:42:27",4688
"2020-08-08 08:42:36",4688
"2020-08-08 09:42:26",4688
"2020-08-08 10:42:27",4688
"2020-08-08 11:42:30",4688
"2020-08-08 12:42:24",4688
"2020-08-08 13:42:26",4688
"2020-08-08 14:42:26",4688
"2020-08-08 15:42:26",4688
"2020-08-08 16:42:27",4688
"2020-08-08 17:42:21",4688
"2020-08-08 18:42:20",4688
"2020-08-08 19:42:28",4688
"2020-08-08 20:42:36",4688
"2020-08-08 21:42:28",4688
"2020-08-08 22:42:27",4688
"2020-08-08 23:42:32",4688
"2020-08-09 00:42:37",4688
"2020-08-09 01:42:30",4688
"2020-08-09 02:42:33",4688
"2020-08-09 03:42:36",4688
"2020-08-09 04:42:27",4688
"2020-08-09 05:42:36",4688
"2020-08-09 06:42:32",4688
"2020-08-09 07:42:29",4688
"2020-08-09 08:42:20",4688
"2020-08-09 09:42:29",4688
"2020-08-09 10:42:22",4688
"2020-08-09 11:42:19",4688
"2020-08-09 12:42:28",4688
"2020-08-09 13:42:36",4688
"2020-08-09 14:42:31",4688
"2020-08-09 15:42:27",4688
"2020-08-09 16:42:36",4688
"2020-08-09 17:42:28",4688
"2020-08-09 18:42:29",4688
"2020-08-09 19:42:34",4688
"2020-08-09 20:42:30",4688
"2020-08-09 21:42:28",4688
"2020-08-09 22:42:28",4688
"2020-08-09 23:42:28",4688
"2020-08-10 00:42:34",4688
"2020-08-10 01:42:28",4688
"2020-08-10 02:42:34",4688
"2020-08-10 03:42:26",4688
"2020-08-10 04:42:22",4688
"2020-08-10 05:42:26",4688
"2020-08-10 06:42:18",4688
"2020-08-10 07:42:19",4688
"2020-08-10 08:42:32",4688
"2020-08-10 09:42:26",4688
"2020-08-10 10:42:28",4688
"2020-08-10 11:42:27",4688
"2020-08-10 12:42:19",4688
"2020-08-10 13:42:31",4688
"2020-08-10 14:42:29",4687
"2020-08-10 15:42:37",4672
"2020-08-10 16:42:29",4672
"2020-08-10 17:42:34",4637
"2020-08-10 18:42:30",4633
"2020-08-10 19:42:36",4630
"2020-08-10 20:42:26",4631
"2020-08-10 21:42:36",4629
"2020-08-10 22:42:22",4629
"2020-08-10 23:42:25",4629
