timestamp,users_holding
"2018-05-02 04:51:52",50
"2018-05-02 06:36:59",50
"2018-05-03 00:33:09",50
"2018-05-03 06:31:48",50
"2018-05-03 06:46:46",50
"2018-05-03 07:04:49",50
"2018-05-03 07:32:08",50
"2018-05-03 07:41:24",50
"2018-05-03 11:17:52",50
"2018-05-03 12:41:16",50
"2018-05-03 13:41:16",50
"2018-05-03 14:41:16",50
"2018-05-03 15:41:17",50
"2018-05-03 16:41:17",52
"2018-05-03 17:41:17",52
"2018-05-03 18:41:16",52
"2018-05-03 19:41:16",53
"2018-05-03 20:41:17",53
"2018-05-03 21:41:16",53
"2018-05-03 22:41:17",53
"2018-05-03 23:41:16",53
"2018-05-04 00:41:16",53
"2018-05-04 01:41:16",53
"2018-05-04 02:41:17",53
"2018-05-04 03:41:16",53
"2018-05-04 04:41:16",53
"2018-05-04 05:41:16",53
"2018-05-04 06:41:16",53
"2018-05-04 07:41:16",53
"2018-05-04 08:41:17",53
"2018-05-04 09:41:16",53
"2018-05-04 10:41:17",53
"2018-05-04 11:41:16",53
"2018-05-04 12:41:16",53
"2018-05-04 20:46:00",53
"2018-05-04 20:52:00",53
"2018-05-04 20:58:00",53
"2018-05-04 21:03:59",53
"2018-05-04 21:09:59",53
"2018-05-04 21:15:59",53
"2018-05-04 21:21:59",53
"2018-05-04 21:27:59",53
"2018-05-04 21:41:16",53
"2018-05-04 22:41:17",53
"2018-05-04 23:41:17",53
"2018-05-05 00:41:17",53
"2018-05-05 01:41:17",53
"2018-05-05 02:41:17",53
"2018-05-05 03:41:17",53
"2018-05-05 04:41:17",53
"2018-05-05 05:41:17",53
"2018-05-05 06:41:18",53
"2018-05-05 07:41:18",53
"2018-05-05 08:41:18",53
"2018-05-05 09:41:16",53
"2018-05-05 10:41:18",53
"2018-05-05 11:41:17",53
"2018-05-05 12:41:18",53
"2018-05-05 13:41:18",53
"2018-05-05 14:41:17",53
"2018-05-05 15:41:18",53
"2018-05-05 16:41:18",53
"2018-05-05 17:41:18",53
"2018-05-05 18:41:17",53
"2018-05-05 19:41:17",53
"2018-05-05 20:41:18",53
"2018-05-05 21:41:17",53
"2018-05-05 22:41:17",53
"2018-05-05 23:41:17",53
"2018-05-06 00:41:17",53
"2018-05-06 01:41:17",53
"2018-05-06 02:41:18",53
"2018-05-06 03:41:17",53
"2018-05-06 04:41:17",53
"2018-05-06 05:41:18",53
"2018-05-06 06:41:17",53
"2018-05-06 07:41:22",53
"2018-05-06 08:41:17",53
"2018-05-06 09:41:17",53
"2018-05-06 10:41:16",53
"2018-05-06 11:41:18",53
"2018-05-06 12:41:17",53
"2018-05-06 13:41:18",53
"2018-05-06 14:41:17",53
"2018-05-06 15:41:17",53
"2018-05-06 16:41:18",53
"2018-05-06 17:41:17",53
"2018-05-06 18:41:18",53
"2018-05-06 19:41:17",53
"2018-05-06 20:41:18",53
"2018-05-06 21:41:18",53
"2018-05-06 22:41:17",53
"2018-05-06 23:41:18",53
"2018-05-07 00:41:17",53
"2018-05-07 01:41:17",53
"2018-05-07 01:54:53",53
"2018-05-07 02:41:18",53
"2018-05-07 03:41:17",53
"2018-05-07 04:41:17",53
"2018-05-07 05:41:17",53
"2018-05-07 06:41:16",53
"2018-05-07 07:41:17",53
"2018-05-07 08:41:19",53
"2018-05-07 09:41:17",53
"2018-05-07 10:41:17",53
"2018-05-07 11:41:17",53
"2018-05-07 12:41:17",53
"2018-05-07 13:41:24",53
"2018-05-07 14:41:17",52
"2018-05-07 15:41:18",52
"2018-05-07 16:41:19",52
"2018-05-07 22:41:17",53
"2018-05-07 23:41:17",53
"2018-05-08 00:41:18",53
"2018-05-08 01:41:18",53
"2018-05-08 02:41:17",53
"2018-05-08 03:41:17",53
"2018-05-08 04:41:17",53
"2018-05-08 05:41:16",53
"2018-05-08 06:41:17",53
"2018-05-08 07:41:17",53
"2018-05-08 08:41:16",53
"2018-05-08 09:41:16",53
"2018-05-08 10:41:16",53
"2018-05-08 11:41:16",53
"2018-05-08 12:41:16",53
"2018-05-08 13:41:17",53
"2018-05-08 14:41:17",53
"2018-05-08 15:41:16",53
"2018-05-08 16:41:16",53
"2018-05-08 17:41:16",53
"2018-05-08 18:41:17",53
"2018-05-08 19:41:17",53
"2018-05-08 20:41:16",53
"2018-05-08 21:41:16",53
"2018-05-08 22:41:17",53
"2018-05-08 23:41:22",53
"2018-05-09 00:41:17",53
"2018-05-09 01:41:17",53
"2018-05-09 02:41:16",53
"2018-05-09 03:41:16",53
"2018-05-09 04:41:17",53
"2018-05-09 05:41:17",53
"2018-05-09 06:41:17",53
"2018-05-09 07:41:16",53
"2018-05-09 08:41:17",53
"2018-05-09 09:41:16",53
"2018-05-09 10:41:16",53
"2018-05-09 11:41:17",53
"2018-05-09 12:41:16",53
"2018-05-09 13:41:17",53
"2018-05-09 14:41:16",53
"2018-05-09 15:41:16",53
"2018-05-09 16:41:16",53
"2018-05-09 17:41:17",54
"2018-05-09 18:41:16",54
"2018-05-09 19:41:16",55
"2018-05-09 20:41:16",55
"2018-05-09 21:41:17",55
"2018-05-09 22:41:16",55
"2018-05-09 23:41:16",55
"2018-05-10 00:41:17",55
"2018-05-10 01:41:17",55
"2018-05-10 02:41:18",55
"2018-05-10 03:41:18",55
"2018-05-10 04:41:18",55
"2018-05-10 05:41:17",55
"2018-05-10 06:41:17",55
"2018-05-10 07:41:18",55
"2018-05-10 08:41:18",55
"2018-05-10 09:41:17",55
"2018-05-10 10:41:18",55
"2018-05-10 11:41:18",55
"2018-05-10 12:41:17",55
"2018-05-10 13:41:26",55
"2018-05-10 14:41:18",55
"2018-05-10 15:41:18",55
"2018-05-10 16:41:18",55
"2018-05-10 17:41:18",55
"2018-05-10 18:41:18",55
"2018-05-10 19:41:18",55
"2018-05-10 20:41:18",55
"2018-05-10 21:41:17",55
"2018-05-10 22:41:18",55
"2018-05-10 23:41:18",55
"2018-05-11 00:41:18",55
"2018-05-11 01:41:18",55
"2018-05-11 02:41:17",55
"2018-05-11 03:41:17",55
"2018-05-11 04:41:17",55
"2018-05-11 05:41:19",55
"2018-05-11 06:41:17",55
"2018-05-11 07:41:17",55
"2018-05-11 08:41:18",55
"2018-05-11 09:41:17",55
"2018-05-11 10:41:17",55
"2018-05-11 11:41:18",55
"2018-05-11 12:41:17",55
"2018-05-11 13:41:19",55
"2018-05-11 14:41:18",55
"2018-05-11 15:41:18",55
"2018-05-11 16:41:18",55
"2018-05-11 17:41:18",55
"2018-05-11 18:41:18",55
"2018-05-11 19:41:18",55
"2018-05-11 20:41:17",55
"2018-05-11 21:41:18",55
"2018-05-11 22:41:17",55
"2018-05-11 23:41:17",55
"2018-05-12 00:41:18",55
"2018-05-12 01:41:18",55
"2018-05-12 02:41:18",55
"2018-05-12 03:41:18",55
"2018-05-12 04:41:17",55
"2018-05-12 05:41:18",55
"2018-05-12 06:41:18",55
"2018-05-12 07:41:17",55
"2018-05-12 08:41:18",55
"2018-05-12 09:41:18",55
"2018-05-12 10:41:18",55
"2018-05-12 11:41:18",55
"2018-05-12 12:41:18",55
"2018-05-12 13:41:19",55
"2018-05-12 14:41:17",55
"2018-05-12 15:41:18",55
"2018-05-12 16:41:17",55
"2018-05-12 17:41:18",55
"2018-05-12 18:41:17",55
"2018-05-12 19:41:18",55
"2018-05-12 20:41:18",55
"2018-05-12 21:41:17",55
"2018-05-12 22:41:17",55
"2018-05-12 23:41:18",55
"2018-05-13 00:41:18",55
"2018-05-13 01:41:18",55
"2018-05-13 02:41:17",55
"2018-05-13 03:41:18",55
"2018-05-13 04:41:18",55
"2018-05-13 05:41:18",55
"2018-05-13 06:41:18",55
"2018-05-13 07:41:18",55
"2018-05-13 08:41:17",55
"2018-05-13 09:41:18",55
"2018-05-13 10:41:17",55
"2018-05-13 11:41:17",55
"2018-05-13 12:41:18",55
"2018-05-13 13:41:17",55
"2018-05-13 14:41:17",55
"2018-05-13 15:41:18",55
"2018-05-13 16:41:18",55
"2018-05-13 17:41:18",55
"2018-05-13 18:41:18",55
"2018-05-13 19:41:17",55
"2018-05-13 20:41:18",55
"2018-05-13 21:41:18",55
"2018-05-13 22:41:18",55
"2018-05-13 23:41:18",55
"2018-05-14 00:41:18",55
"2018-05-14 01:41:18",55
"2018-05-14 02:41:18",55
"2018-05-14 03:41:18",55
"2018-05-14 04:41:18",55
"2018-05-14 05:41:18",55
"2018-05-14 06:41:17",55
"2018-05-14 07:41:17",55
"2018-05-14 08:41:17",55
"2018-05-14 09:41:18",55
"2018-05-14 10:41:17",55
"2018-05-14 11:41:18",55
"2018-05-14 12:41:17",55
"2018-05-14 13:41:19",55
"2018-05-14 14:41:18",56
"2018-05-14 15:41:19",56
"2018-05-14 16:41:18",56
"2018-05-14 17:41:18",56
"2018-05-14 18:41:19",56
"2018-05-14 19:41:18",55
"2018-05-14 20:41:19",54
"2018-05-14 21:41:18",54
"2018-05-14 22:41:19",54
"2018-05-14 23:41:19",54
"2018-05-15 00:41:19",54
"2018-05-15 01:41:19",54
"2018-05-15 02:41:19",54
"2018-05-15 03:41:19",54
"2018-05-15 04:41:19",54
"2018-05-15 05:41:18",54
"2018-05-15 06:41:18",54
"2018-05-15 07:41:18",54
"2018-05-15 08:41:19",54
"2018-05-15 09:41:18",54
"2018-05-15 10:41:19",54
"2018-05-15 11:41:19",54
"2018-05-15 12:41:19",54
"2018-05-15 13:41:18",54
"2018-05-15 14:41:19",53
"2018-05-15 15:41:19",53
"2018-05-15 16:41:19",54
"2018-05-15 17:41:18",54
"2018-05-15 18:41:19",54
"2018-05-15 19:41:18",54
"2018-05-15 20:41:17",54
"2018-05-15 21:41:17",54
"2018-05-15 22:41:18",54
"2018-05-15 23:41:18",54
"2018-05-16 00:41:17",54
"2018-05-16 01:41:18",54
"2018-05-16 02:41:18",54
"2018-05-16 03:41:18",54
"2018-05-16 04:41:19",54
"2018-05-16 05:41:18",54
"2018-05-16 06:41:18",54
"2018-05-16 07:41:18",54
"2018-05-16 08:41:19",54
"2018-05-16 09:41:17",54
"2018-05-16 10:41:17",54
"2018-05-16 11:41:18",54
"2018-05-16 12:41:19",54
"2018-05-16 13:41:18",54
"2018-05-16 14:41:17",54
"2018-05-16 15:41:18",54
"2018-05-16 16:41:18",54
"2018-05-16 17:41:18",54
"2018-05-16 18:41:17",54
"2018-05-16 19:41:18",54
"2018-05-16 20:41:17",54
"2018-05-16 21:41:17",54
"2018-05-16 22:41:17",54
"2018-05-16 23:41:18",54
"2018-05-17 00:41:19",54
"2018-05-17 01:41:17",54
"2018-05-17 02:41:17",54
"2018-05-17 03:41:18",54
"2018-05-17 04:41:17",54
"2018-05-17 05:41:18",54
"2018-05-17 06:41:18",54
"2018-05-17 07:41:18",54
"2018-05-17 08:41:18",54
"2018-05-17 09:41:17",54
"2018-05-17 10:41:17",54
"2018-05-17 11:41:18",54
"2018-05-17 12:41:18",54
"2018-05-17 13:41:19",54
"2018-05-17 14:41:18",54
"2018-05-17 15:41:18",54
"2018-05-18 07:41:18",54
"2018-05-18 08:41:18",54
"2018-05-18 09:41:17",54
"2018-05-18 10:41:17",54
"2018-05-18 11:41:17",54
"2018-05-18 12:41:18",54
"2018-05-18 13:41:19",54
"2018-05-18 14:41:17",54
"2018-05-18 15:41:17",54
"2018-05-18 16:41:17",54
"2018-05-18 17:41:17",54
"2018-05-18 18:41:17",54
"2018-05-18 19:41:18",54
"2018-05-18 20:41:18",54
"2018-05-18 21:41:17",54
"2018-05-18 22:41:18",54
"2018-05-18 23:41:18",54
"2018-05-19 00:41:17",54
"2018-05-19 01:41:18",54
"2018-05-19 02:41:18",54
"2018-05-19 03:41:18",54
"2018-05-19 04:41:18",54
"2018-05-19 05:41:18",54
"2018-05-19 06:41:19",54
"2018-05-19 07:41:17",54
"2018-05-19 08:41:17",54
"2018-05-19 09:41:18",54
"2018-05-19 10:41:17",54
"2018-05-19 11:41:18",54
"2018-05-19 12:41:18",54
"2018-05-19 13:41:18",54
"2018-05-19 14:41:18",54
"2018-05-19 15:41:18",54
"2018-05-19 16:41:18",54
"2018-05-19 17:41:18",54
"2018-05-19 18:41:17",54
"2018-05-19 19:41:17",54
"2018-05-19 20:41:18",54
"2018-05-19 21:41:18",54
"2018-05-19 22:41:17",54
"2018-05-19 23:41:18",54
"2018-05-20 00:41:18",54
"2018-05-20 01:41:18",54
"2018-05-20 02:41:18",54
"2018-05-20 03:41:17",54
"2018-05-20 04:41:18",54
"2018-05-20 05:41:18",54
"2018-05-20 06:41:17",54
"2018-05-20 07:41:17",54
"2018-05-20 08:41:17",54
"2018-05-20 09:41:17",54
"2018-05-20 10:41:18",54
"2018-05-20 11:41:17",54
"2018-05-20 12:41:17",54
"2018-05-20 13:41:17",54
"2018-05-20 14:41:20",54
"2018-05-20 15:41:18",54
"2018-05-20 16:41:18",54
"2018-05-20 17:41:18",54
"2018-05-20 18:41:17",54
"2018-05-20 19:41:17",54
"2018-05-20 20:41:17",54
"2018-05-20 21:41:17",54
"2018-05-20 22:41:18",54
"2018-05-20 23:41:18",54
"2018-05-21 00:41:18",54
"2018-05-21 01:41:26",54
"2018-05-21 02:41:21",54
"2018-05-21 03:41:19",54
"2018-05-21 04:41:20",54
"2018-05-21 05:41:18",54
"2018-05-21 06:41:18",54
"2018-05-21 07:41:19",54
"2018-05-21 08:41:20",54
"2018-05-21 09:41:18",54
"2018-05-21 10:41:17",54
"2018-05-21 11:41:18",54
"2018-05-21 12:41:19",54
"2018-05-21 13:41:18",54
"2018-05-21 14:41:18",53
"2018-05-21 15:41:18",53
"2018-05-21 16:41:18",53
"2018-05-21 17:41:17",53
"2018-05-21 18:41:18",53
"2018-05-21 19:41:18",53
"2018-05-21 20:41:18",53
"2018-05-21 21:41:18",53
"2018-05-21 22:41:17",53
"2018-05-21 23:41:17",53
"2018-05-22 00:41:17",53
"2018-05-22 01:41:18",53
"2018-05-22 02:41:18",53
"2018-05-22 03:41:18",53
"2018-05-22 04:41:18",53
"2018-05-22 05:41:17",53
"2018-05-22 06:41:17",53
"2018-05-22 07:41:18",53
"2018-05-22 08:41:23",53
"2018-05-22 09:41:17",53
"2018-05-22 10:41:17",53
"2018-05-22 11:41:17",53
"2018-05-22 12:41:18",53
"2018-05-22 13:41:19",53
"2018-05-22 14:41:18",53
"2018-05-22 15:41:18",53
"2018-05-22 16:41:17",53
"2018-05-22 17:41:17",53
"2018-05-22 18:41:18",53
"2018-05-22 19:41:18",53
"2018-05-22 20:41:18",53
"2018-05-22 21:41:17",53
"2018-05-22 22:41:18",53
"2018-05-22 23:41:18",53
"2018-05-23 00:41:17",53
"2018-05-23 01:41:18",53
"2018-05-23 02:41:17",53
"2018-05-23 03:41:18",53
"2018-05-23 04:41:17",53
"2018-05-23 05:41:19",53
"2018-05-23 06:41:18",53
"2018-05-23 07:41:21",53
"2018-05-23 08:41:18",53
"2018-05-23 09:41:18",53
"2018-05-23 10:41:18",53
"2018-05-23 11:41:18",53
"2018-05-23 12:41:17",53
"2018-05-23 13:41:18",53
"2018-05-23 14:41:18",53
"2018-05-23 15:41:19",53
"2018-05-23 16:41:21",53
"2018-05-23 17:41:18",53
"2018-05-23 18:41:18",53
"2018-05-23 19:41:18",53
"2018-05-23 20:41:19",53
"2018-05-23 21:41:19",53
"2018-05-23 22:41:19",53
"2018-05-23 23:41:19",53
"2018-05-24 00:41:19",53
"2018-05-24 01:41:19",53
"2018-05-24 02:41:19",53
"2018-05-24 03:41:19",53
"2018-05-24 04:41:18",53
"2018-05-24 06:41:19",53
"2018-05-24 07:41:19",53
"2018-05-24 08:41:19",53
"2018-05-24 09:41:19",53
"2018-05-24 10:41:19",53
"2018-05-24 11:41:19",53
"2018-05-24 12:41:19",53
"2018-05-24 13:41:19",53
"2018-05-24 20:10:27",53
"2018-05-24 20:41:18",53
"2018-05-24 21:41:19",53
"2018-05-24 22:41:19",53
"2018-05-24 23:41:19",53
"2018-05-25 00:41:18",53
"2018-05-25 01:41:19",53
"2018-05-25 02:41:19",53
"2018-05-25 03:41:19",53
"2018-05-25 04:41:19",53
"2018-05-25 05:41:19",53
"2018-05-25 06:41:19",53
"2018-05-25 07:41:19",53
"2018-05-25 08:41:19",53
"2018-05-25 09:41:18",53
"2018-05-25 10:41:19",53
"2018-05-25 11:41:19",53
"2018-05-25 12:41:19",53
"2018-05-25 13:41:19",53
"2018-05-25 14:41:18",53
"2018-05-25 15:41:19",53
"2018-05-25 16:41:19",53
"2018-05-25 17:41:18",53
"2018-05-25 18:41:18",54
"2018-05-25 19:41:19",54
"2018-05-25 20:41:19",54
"2018-05-25 21:41:18",54
"2018-05-25 22:41:18",54
"2018-05-25 23:41:19",54
"2018-05-26 00:41:19",54
"2018-05-26 01:41:18",54
"2018-05-26 02:41:19",54
"2018-05-26 03:41:18",54
"2018-05-26 04:41:18",54
"2018-05-26 05:41:18",54
"2018-05-26 06:41:18",54
"2018-05-26 07:41:19",54
"2018-05-26 08:41:19",54
"2018-05-26 09:41:18",54
"2018-05-26 10:41:18",54
"2018-05-26 11:41:18",54
"2018-05-26 12:41:19",54
"2018-05-26 13:41:19",54
"2018-05-26 14:41:19",54
"2018-05-26 15:41:19",54
"2018-05-26 16:41:18",54
"2018-05-26 17:41:19",54
"2018-05-26 18:41:19",54
"2018-05-26 19:41:22",54
"2018-05-26 20:41:18",54
"2018-05-26 21:41:18",54
"2018-05-26 22:41:19",54
"2018-05-26 23:41:19",54
"2018-05-27 00:41:19",54
"2018-05-27 01:41:19",54
"2018-05-27 02:41:19",54
"2018-05-27 03:41:18",54
"2018-05-27 04:41:19",54
"2018-05-27 05:41:19",54
"2018-05-27 06:41:18",54
"2018-05-27 07:41:18",54
"2018-05-27 08:41:19",54
"2018-05-27 09:41:18",54
"2018-05-27 10:41:18",54
"2018-05-27 11:41:19",54
"2018-05-27 12:41:18",54
"2018-05-27 13:41:19",54
"2018-05-27 14:41:18",54
"2018-05-27 15:41:19",54
"2018-05-27 16:41:19",54
"2018-05-27 17:41:18",54
"2018-05-27 18:41:19",54
"2018-05-27 19:41:18",54
"2018-05-27 20:41:18",54
"2018-05-27 21:41:19",54
"2018-05-27 22:41:20",54
"2018-05-27 23:41:19",54
"2018-05-28 00:41:18",54
"2018-05-28 01:41:18",54
"2018-05-28 02:41:18",54
"2018-05-28 03:41:19",54
"2018-05-28 04:41:19",54
"2018-05-28 05:41:18",54
"2018-05-28 06:41:18",54
"2018-05-28 07:41:18",54
"2018-05-28 08:41:18",54
"2018-05-28 09:41:19",54
"2018-05-28 10:41:18",54
"2018-05-28 11:41:18",54
"2018-05-28 12:41:18",54
"2018-05-28 13:41:18",54
"2018-05-28 14:41:18",54
"2018-05-28 15:41:19",54
"2018-05-28 16:41:18",54
"2018-05-28 17:41:19",54
"2018-05-28 18:41:19",54
"2018-05-28 19:41:19",54
"2018-05-28 20:41:19",54
"2018-05-28 21:41:19",54
"2018-05-28 22:41:19",54
"2018-05-28 23:41:19",54
"2018-05-29 00:41:19",54
"2018-05-29 01:41:18",54
"2018-05-29 02:41:18",54
"2018-05-29 03:41:19",54
"2018-05-29 04:41:19",54
"2018-05-29 05:41:18",54
"2018-05-29 06:41:18",54
"2018-05-29 07:41:18",54
"2018-05-29 08:41:24",54
"2018-05-29 09:41:19",54
"2018-05-29 10:41:18",54
"2018-05-29 11:41:18",54
"2018-05-29 12:41:19",54
"2018-05-30 19:51:59",56
"2018-05-30 20:41:18",56
"2018-05-30 21:41:18",56
"2018-05-30 22:41:19",56
"2018-05-30 23:41:19",56
"2018-05-31 00:41:19",56
"2018-05-31 01:41:19",56
"2018-05-31 02:41:19",56
"2018-05-31 03:41:23",56
"2018-05-31 04:41:18",56
"2018-05-31 05:41:18",56
"2018-05-31 06:41:19",56
"2018-05-31 07:41:18",56
"2018-05-31 08:41:18",56
"2018-05-31 09:41:19",56
"2018-05-31 10:41:18",56
"2018-05-31 11:41:19",56
"2018-05-31 12:41:19",56
"2018-05-31 13:41:19",56
"2018-05-31 14:41:19",56
"2018-05-31 15:41:18",56
"2018-05-31 16:41:18",56
"2018-05-31 17:41:18",56
"2018-05-31 18:41:19",56
"2018-05-31 19:41:19",56
"2018-05-31 20:41:19",56
"2018-05-31 21:41:18",56
"2018-05-31 22:41:19",56
"2018-05-31 23:41:18",56
"2018-06-01 00:41:19",56
"2018-06-01 01:41:18",56
"2018-06-01 02:41:19",56
"2018-06-01 03:41:19",56
"2018-06-01 04:41:18",56
"2018-06-01 05:41:18",56
"2018-06-01 06:41:19",56
"2018-06-01 07:41:19",56
"2018-06-01 08:41:18",56
"2018-06-01 09:41:18",56
"2018-06-01 10:41:18",56
"2018-06-01 11:41:18",56
"2018-06-01 12:41:18",56
"2018-06-01 13:41:26",56
"2018-06-01 14:41:19",56
"2018-06-01 15:41:20",56
"2018-06-01 16:41:20",56
"2018-06-01 17:41:20",56
"2018-06-01 18:41:19",56
"2018-06-01 19:41:20",55
"2018-06-01 20:41:20",55
"2018-06-01 21:41:20",55
"2018-06-01 22:41:20",55
"2018-06-01 23:41:20",55
"2018-06-02 00:41:20",55
"2018-06-02 01:41:20",55
"2018-06-02 02:41:20",55
"2018-06-02 03:41:20",55
"2018-06-02 04:41:20",55
"2018-06-02 05:41:20",55
"2018-06-02 06:41:20",55
"2018-06-02 07:41:19",55
"2018-06-02 08:41:19",55
"2018-06-02 09:41:20",55
"2018-06-02 10:41:19",55
"2018-06-02 11:41:19",55
"2018-06-02 12:41:21",55
"2018-06-02 13:41:21",55
"2018-06-02 14:41:20",55
"2018-06-02 15:41:20",55
"2018-06-02 16:41:20",55
"2018-06-02 17:41:19",55
"2018-06-02 18:41:19",55
"2018-06-02 19:41:20",55
"2018-06-02 20:41:20",55
"2018-06-02 21:41:20",55
"2018-06-02 22:41:19",55
"2018-06-02 23:41:21",55
"2018-06-03 00:41:19",55
"2018-06-03 01:41:20",55
"2018-06-03 02:41:19",55
"2018-06-03 03:41:19",55
"2018-06-03 04:41:19",55
"2018-06-03 05:41:20",55
"2018-06-03 06:41:19",55
"2018-06-03 19:43:35",55
"2018-06-03 20:41:20",55
"2018-06-03 21:41:19",55
"2018-06-03 22:41:20",55
"2018-06-03 23:41:20",55
"2018-06-04 00:41:19",55
"2018-06-04 01:41:19",55
"2018-06-04 02:41:20",55
"2018-06-04 03:41:19",55
"2018-06-04 04:41:21",55
"2018-06-04 05:41:20",55
"2018-06-04 06:41:20",55
"2018-06-04 07:41:20",55
"2018-06-04 08:41:20",55
"2018-06-04 09:41:20",55
"2018-06-04 10:41:18",55
"2018-06-04 11:41:18",55
"2018-06-04 12:41:17",55
"2018-06-04 13:41:18",55
"2018-06-04 14:41:18",55
"2018-06-04 15:41:18",55
"2018-06-04 16:41:17",55
"2018-06-04 17:41:18",55
"2018-06-04 18:41:18",55
"2018-06-04 19:41:17",55
"2018-06-04 20:41:18",55
"2018-06-04 21:41:17",55
"2018-06-04 22:41:19",55
"2018-06-04 23:41:19",55
"2018-06-05 00:41:19",55
"2018-06-05 01:41:19",55
"2018-06-05 02:41:19",55
"2018-06-05 03:41:18",55
"2018-06-05 04:41:19",55
"2018-06-05 05:41:19",55
"2018-06-05 06:41:19",55
"2018-06-05 07:41:18",55
"2018-06-05 08:41:18",55
"2018-06-05 09:41:19",55
"2018-06-05 10:41:19",55
"2018-06-05 11:41:18",55
"2018-06-05 12:41:18",55
"2018-06-05 13:41:20",55
"2018-06-05 14:41:19",55
"2018-06-05 15:41:19",55
"2018-06-05 16:41:19",55
"2018-06-05 17:41:18",55
"2018-06-05 18:41:18",55
"2018-06-05 19:41:19",55
"2018-06-05 20:41:19",55
"2018-06-05 21:41:19",55
"2018-06-05 22:41:19",55
"2018-06-05 23:41:19",55
"2018-06-06 00:41:19",55
"2018-06-06 01:41:19",55
"2018-06-06 02:41:19",55
"2018-06-06 03:41:19",55
"2018-06-06 04:41:19",55
"2018-06-06 05:41:19",55
"2018-06-06 06:41:19",55
"2018-06-06 07:41:18",55
"2018-06-06 08:41:19",55
"2018-06-06 09:41:18",55
"2018-06-06 10:41:18",55
"2018-06-06 11:41:19",55
"2018-06-06 12:41:19",55
"2018-06-06 13:41:19",55
"2018-06-06 14:41:18",55
"2018-06-06 15:41:19",55
"2018-06-06 16:41:20",55
"2018-06-06 17:41:19",55
"2018-06-06 18:41:19",55
"2018-06-06 19:41:18",56
"2018-06-06 20:41:18",56
"2018-06-06 21:41:18",57
"2018-06-06 22:41:20",57
"2018-06-06 23:41:20",57
"2018-06-07 00:41:19",57
"2018-06-07 01:41:20",57
"2018-06-07 02:41:20",57
"2018-06-07 03:41:19",57
"2018-06-07 04:41:20",57
"2018-06-07 05:41:20",57
"2018-06-07 06:41:19",57
"2018-06-07 07:41:20",57
"2018-06-07 08:41:20",57
"2018-06-07 09:41:20",57
"2018-06-07 10:41:20",57
"2018-06-07 11:41:20",57
"2018-06-07 12:41:20",57
"2018-06-07 13:41:20",57
"2018-06-07 14:41:21",57
"2018-06-07 15:41:19",57
"2018-06-07 16:41:20",57
"2018-06-07 17:41:20",58
"2018-06-07 18:41:19",58
"2018-06-07 19:41:20",58
"2018-06-07 20:41:19",59
"2018-06-07 21:41:19",59
"2018-06-07 22:41:20",59
"2018-06-07 23:41:20",59
"2018-06-08 00:41:20",59
"2018-06-08 01:41:19",59
"2018-06-08 02:41:20",59
"2018-06-08 03:41:20",59
"2018-06-08 04:41:20",59
"2018-06-08 05:41:19",59
"2018-06-08 06:41:21",59
"2018-06-08 07:41:20",59
"2018-06-08 08:41:20",59
"2018-06-08 09:41:19",59
"2018-06-08 10:41:20",59
"2018-06-08 11:41:19",59
"2018-06-08 12:41:20",59
"2018-06-08 13:41:22",59
"2018-06-08 14:41:21",59
"2018-06-08 15:41:20",59
"2018-06-08 16:41:21",59
"2018-06-08 17:41:21",59
"2018-06-08 18:41:21",59
"2018-06-08 19:41:21",59
"2018-06-08 20:41:21",59
"2018-06-08 21:41:21",59
"2018-06-08 22:41:21",59
"2018-06-08 23:41:20",59
"2018-06-09 00:41:21",59
"2018-06-09 01:41:21",59
"2018-06-09 02:41:20",59
"2018-06-09 03:41:21",59
"2018-06-09 04:41:21",59
"2018-06-09 05:41:20",59
"2018-06-09 06:41:22",59
"2018-06-09 07:41:21",59
"2018-06-09 08:41:21",59
"2018-06-09 09:41:21",59
"2018-06-09 10:41:21",59
"2018-06-09 11:41:21",59
"2018-06-09 12:41:21",59
"2018-06-09 13:41:21",59
"2018-06-09 14:41:21",59
"2018-06-09 15:41:21",59
"2018-06-09 16:41:21",59
"2018-06-09 17:41:21",59
"2018-06-09 18:41:21",59
"2018-06-09 19:41:21",59
"2018-06-09 20:41:22",59
"2018-06-09 21:41:21",59
"2018-06-09 22:41:21",59
"2018-06-09 23:41:21",59
"2018-06-10 00:41:21",59
"2018-06-10 01:41:20",59
"2018-06-10 02:41:21",59
"2018-06-10 03:41:21",59
"2018-06-10 04:41:21",59
"2018-06-10 05:41:21",59
"2018-06-10 06:41:20",59
"2018-06-10 07:41:21",59
"2018-06-10 08:41:20",59
"2018-06-10 09:41:21",59
"2018-06-10 10:41:21",59
"2018-06-10 11:41:21",59
"2018-06-10 12:41:21",59
"2018-06-10 13:41:20",59
"2018-06-10 14:41:21",59
"2018-06-10 15:41:20",59
"2018-06-10 16:41:21",59
"2018-06-10 17:41:21",59
"2018-06-10 18:41:21",59
"2018-06-10 19:41:20",59
"2018-06-10 20:41:20",59
"2018-06-10 21:41:20",59
"2018-06-10 22:41:21",59
"2018-06-10 23:41:21",59
"2018-06-11 00:41:21",59
"2018-06-11 01:41:20",59
"2018-06-11 02:41:20",59
"2018-06-11 03:41:21",59
"2018-06-11 04:41:21",59
"2018-06-11 06:41:20",59
"2018-06-11 07:41:20",59
"2018-06-11 08:41:21",59
"2018-06-11 09:41:20",59
"2018-06-11 10:41:21",59
"2018-06-11 11:41:20",59
"2018-06-11 12:41:21",59
"2018-06-11 13:41:22",59
"2018-06-11 14:41:21",59
"2018-06-11 15:41:21",58
"2018-06-11 16:41:21",58
"2018-06-11 17:41:20",58
"2018-06-11 18:41:21",58
"2018-06-11 19:41:20",57
"2018-06-11 20:41:21",57
"2018-06-11 21:41:20",57
"2018-06-11 22:41:20",57
"2018-06-11 23:41:21",57
"2018-06-12 00:41:21",57
"2018-06-12 01:41:21",57
"2018-06-12 02:41:21",57
"2018-06-12 03:41:21",57
"2018-06-12 04:41:21",57
"2018-06-12 05:41:21",57
"2018-06-12 06:41:21",57
"2018-06-12 07:41:21",57
"2018-06-12 08:41:20",57
"2018-06-12 09:41:20",57
"2018-06-12 10:41:20",57
"2018-06-12 11:41:20",57
"2018-06-12 12:41:21",57
"2018-06-12 13:41:22",57
"2018-06-12 14:41:21",57
"2018-06-12 15:41:20",57
"2018-06-12 16:41:21",57
"2018-06-12 17:41:20",57
"2018-06-12 18:41:21",57
"2018-06-12 19:41:21",56
"2018-06-12 20:41:20",56
"2018-06-12 21:41:20",56
"2018-06-12 22:41:20",56
"2018-06-12 23:41:21",56
"2018-06-13 00:41:21",56
"2018-06-13 01:41:21",56
"2018-06-13 02:41:20",56
"2018-06-13 03:41:20",56
"2018-06-13 04:41:21",56
"2018-06-13 05:41:20",56
"2018-06-13 06:41:21",56
"2018-06-13 07:41:21",56
"2018-06-13 08:41:21",56
"2018-06-13 09:41:21",56
"2018-06-13 10:41:21",56
"2018-06-13 11:41:20",56
"2018-06-13 12:41:21",56
"2018-06-13 13:41:22",56
"2018-06-13 14:41:21",56
"2018-06-13 15:41:21",56
"2018-06-13 16:41:21",56
"2018-06-13 17:41:21",57
"2018-06-13 18:41:21",57
"2018-06-13 19:41:21",57
"2018-06-13 20:41:21",57
"2018-06-13 21:41:21",57
"2018-06-13 22:41:20",57
"2018-06-13 23:41:21",57
"2018-06-14 00:41:21",57
"2018-06-14 01:41:21",57
"2018-06-14 02:41:21",57
"2018-06-14 03:41:22",57
"2018-06-14 04:41:20",57
"2018-06-14 05:41:21",57
"2018-06-14 06:41:21",57
"2018-06-14 07:41:21",57
"2018-06-14 08:41:21",57
"2018-06-14 09:41:20",57
"2018-06-14 10:41:20",57
"2018-06-14 11:41:21",57
"2018-06-14 12:41:21",57
"2018-06-14 13:41:22",57
"2018-06-14 14:41:20",57
"2018-06-14 15:41:21",57
"2018-06-14 16:41:20",57
"2018-06-14 17:41:20",57
"2018-06-14 18:41:21",57
"2018-06-14 19:41:21",57
"2018-06-14 20:41:21",57
"2018-06-14 21:41:21",57
"2018-06-14 22:41:21",57
"2018-06-14 23:41:20",57
"2018-06-15 00:41:21",57
"2018-06-15 01:41:20",57
"2018-06-15 02:41:21",57
"2018-06-15 03:41:20",57
"2018-06-15 04:41:21",57
"2018-06-15 05:41:22",57
"2018-06-15 06:41:21",57
"2018-06-15 07:41:20",57
"2018-06-15 08:41:21",57
"2018-06-15 09:41:21",57
"2018-06-15 10:41:21",57
"2018-06-15 11:41:20",57
"2018-06-15 12:41:21",57
"2018-06-15 13:41:21",57
"2018-06-15 14:41:21",58
"2018-06-15 15:41:21",58
"2018-06-15 16:41:20",58
"2018-06-15 17:41:20",58
"2018-06-15 18:41:21",58
"2018-06-15 19:41:21",58
"2018-06-15 20:41:21",58
"2018-06-15 21:41:20",57
"2018-06-15 22:41:21",57
"2018-06-15 23:41:21",57
"2018-06-16 00:41:21",57
"2018-06-16 01:41:20",57
"2018-06-16 02:41:21",57
"2018-06-16 03:41:21",57
"2018-06-16 04:41:22",57
"2018-06-16 05:41:22",57
"2018-06-16 06:41:21",57
"2018-06-16 07:41:20",57
"2018-06-16 08:41:21",57
"2018-06-16 09:41:21",57
"2018-06-16 10:41:20",57
"2018-06-16 11:41:21",57
"2018-06-16 12:41:21",57
"2018-06-16 13:41:21",57
"2018-06-16 14:41:21",57
"2018-06-16 15:41:21",57
"2018-06-16 16:41:21",57
"2018-06-16 17:41:20",57
"2018-06-16 18:41:20",57
"2018-06-16 19:41:21",57
"2018-06-16 20:41:21",57
"2018-06-16 21:41:20",57
"2018-06-16 22:41:21",57
"2018-06-16 23:41:20",57
"2018-06-17 00:41:21",57
"2018-06-17 01:41:21",57
"2018-06-17 02:41:22",57
"2018-06-17 03:41:21",57
"2018-06-17 04:41:21",57
"2018-06-17 05:41:21",57
"2018-06-17 06:41:20",57
"2018-06-17 07:41:21",57
"2018-06-17 08:41:21",57
"2018-06-17 09:41:20",57
"2018-06-17 10:41:20",57
"2018-06-17 11:41:20",57
"2018-06-17 12:41:21",57
"2018-06-17 13:41:21",57
"2018-06-17 14:41:21",57
"2018-06-17 15:41:20",57
"2018-06-17 16:41:20",57
"2018-06-17 17:41:20",57
"2018-06-17 18:41:20",57
"2018-06-17 19:41:21",57
"2018-06-17 20:41:21",57
"2018-06-17 21:41:21",57
"2018-06-17 22:41:20",57
"2018-06-17 23:41:21",57
"2018-06-18 00:41:21",57
"2018-06-18 01:41:20",57
"2018-06-18 02:41:21",57
"2018-06-18 03:41:20",57
"2018-06-18 04:41:21",57
"2018-06-18 05:41:21",57
"2018-06-18 06:41:20",57
"2018-06-18 07:41:20",57
"2018-06-18 08:41:22",57
"2018-06-18 09:41:20",57
"2018-06-18 10:41:20",57
"2018-06-18 11:41:21",57
"2018-06-18 12:41:20",57
"2018-06-18 13:41:22",57
"2018-06-18 14:41:20",58
"2018-06-18 15:41:21",58
"2018-06-18 16:41:20",58
"2018-06-18 17:41:20",58
"2018-06-18 18:41:21",60
"2018-06-18 19:41:21",60
"2018-06-18 20:41:21",60
"2018-06-18 21:41:20",60
"2018-06-18 22:41:21",60
"2018-06-18 23:41:21",60
"2018-06-19 00:41:21",60
"2018-06-19 01:41:20",60
"2018-06-19 02:41:21",60
"2018-06-19 03:41:21",60
"2018-06-19 04:41:21",60
"2018-06-19 05:41:20",60
"2018-06-19 06:41:21",60
"2018-06-19 07:41:21",60
"2018-06-19 08:41:22",60
"2018-06-19 09:41:20",60
"2018-06-19 10:41:21",60
"2018-06-19 11:41:20",60
"2018-06-19 12:41:20",60
"2018-06-19 13:41:23",60
"2018-06-19 14:41:21",60
"2018-06-19 15:41:21",60
"2018-06-19 16:41:21",60
"2018-06-19 17:41:21",60
"2018-06-19 18:41:21",60
"2018-06-19 19:41:20",60
"2018-06-19 20:41:20",60
"2018-06-19 21:41:21",60
"2018-06-19 22:41:21",60
"2018-06-19 23:41:21",60
"2018-06-20 00:41:29",60
"2018-06-20 01:41:21",60
"2018-06-20 02:41:20",60
"2018-06-20 03:41:21",60
"2018-06-20 04:41:21",60
"2018-06-20 05:41:20",60
"2018-06-20 06:41:21",60
"2018-06-20 07:41:20",60
"2018-06-20 08:41:20",60
"2018-06-20 09:41:20",60
"2018-06-20 10:41:21",60
"2018-06-20 11:41:20",60
"2018-06-20 12:41:20",60
"2018-06-20 14:05:55",60
"2018-06-20 14:41:24",60
"2018-06-20 15:41:22",59
"2018-06-20 16:41:23",58
"2018-06-20 17:41:22",59
"2018-06-20 18:41:22",59
"2018-06-20 19:41:22",59
"2018-06-20 20:41:21",59
"2018-06-20 21:41:22",59
"2018-06-20 22:41:22",59
"2018-06-20 23:41:22",59
"2018-06-21 00:41:22",59
"2018-06-21 01:41:21",59
"2018-06-21 02:41:22",59
"2018-06-21 03:41:22",59
"2018-06-21 04:41:22",59
"2018-06-21 05:41:22",59
"2018-06-21 06:41:21",59
"2018-06-21 07:41:22",59
"2018-06-21 08:41:22",59
"2018-06-21 09:41:21",59
"2018-06-21 10:41:21",59
"2018-06-21 11:41:20",59
"2018-06-21 12:41:22",59
"2018-06-21 13:41:22",59
"2018-06-21 14:41:22",59
"2018-06-21 15:41:22",59
"2018-06-21 16:41:22",59
"2018-06-21 17:41:22",59
"2018-06-21 18:41:22",59
"2018-06-21 19:41:22",59
"2018-06-21 20:41:22",59
"2018-06-21 21:41:22",59
"2018-06-21 22:41:22",59
"2018-06-21 23:41:22",59
"2018-06-22 00:41:22",59
"2018-06-22 01:41:21",59
"2018-06-22 02:41:22",59
"2018-06-22 03:41:22",59
"2018-06-22 04:41:22",59
"2018-06-22 05:41:23",59
"2018-06-22 06:41:21",59
"2018-06-22 07:41:21",59
"2018-06-22 08:41:22",59
"2018-06-22 09:41:22",59
"2018-06-22 10:41:22",59
"2018-06-22 11:41:22",59
"2018-06-22 12:41:22",59
"2018-06-22 13:41:23",59
"2018-06-22 15:05:24",59
"2018-06-22 15:41:22",59
"2018-06-22 16:41:22",59
"2018-06-22 17:41:22",59
"2018-06-22 18:41:22",60
"2018-06-22 19:41:22",60
"2018-06-22 20:41:21",59
"2018-06-22 21:41:22",59
"2018-06-22 22:41:22",59
"2018-06-22 23:41:22",59
"2018-06-23 00:41:21",59
"2018-06-23 01:41:22",59
"2018-06-23 02:41:22",59
"2018-06-23 03:41:22",59
"2018-06-23 04:41:22",59
"2018-06-23 05:41:22",59
"2018-06-23 06:41:22",59
"2018-06-23 07:41:22",59
"2018-06-23 08:41:22",59
"2018-06-23 09:41:21",59
"2018-06-23 10:41:22",59
"2018-06-23 11:41:22",59
"2018-06-23 12:41:21",59
"2018-06-23 13:41:22",59
"2018-06-23 14:41:21",59
"2018-06-23 15:41:22",59
"2018-06-23 16:41:22",59
"2018-06-23 17:41:21",59
"2018-06-23 18:41:22",59
"2018-06-23 19:41:22",59
"2018-06-23 20:41:22",59
"2018-06-23 21:41:22",59
"2018-06-23 22:41:21",59
"2018-06-23 23:41:21",59
"2018-06-24 00:41:33",59
"2018-06-24 01:41:21",59
"2018-06-24 02:41:21",59
"2018-06-24 03:41:24",59
"2018-06-24 04:41:22",59
"2018-06-24 05:41:22",59
"2018-06-24 06:41:22",59
"2018-06-24 07:41:22",59
"2018-06-24 08:41:21",59
"2018-06-24 09:41:22",59
"2018-06-24 10:41:47",59
"2018-06-24 11:41:22",59
"2018-06-24 12:41:22",59
"2018-06-24 13:41:21",59
"2018-06-24 14:41:26",59
"2018-06-24 15:41:30",59
"2018-06-24 16:41:21",59
"2018-06-24 17:41:22",59
"2018-06-24 18:41:22",59
"2018-06-24 19:41:22",59
"2018-06-24 20:41:21",59
"2018-06-24 21:41:22",59
"2018-06-24 22:41:21",59
"2018-06-24 23:41:22",59
"2018-06-25 00:41:21",59
"2018-06-25 01:41:22",59
"2018-06-25 02:41:22",59
"2018-06-25 03:41:25",59
"2018-06-25 04:41:23",59
"2018-06-25 05:41:23",59
"2018-06-25 06:41:22",59
"2018-06-25 07:41:21",59
"2018-06-25 08:41:22",59
"2018-06-25 09:41:22",59
"2018-06-25 10:41:21",59
"2018-06-25 11:41:22",59
"2018-06-25 12:41:21",59
"2018-06-25 13:41:23",59
"2018-06-25 14:41:22",59
"2018-06-25 15:41:21",59
"2018-06-25 16:41:21",58
"2018-06-25 17:41:22",58
"2018-06-25 18:41:22",58
"2018-06-25 19:41:22",58
"2018-06-25 20:41:23",57
"2018-06-25 21:41:22",57
"2018-06-25 22:41:21",57
"2018-06-26 01:09:48",57
"2018-06-26 01:41:22",57
"2018-06-26 02:41:22",57
"2018-06-26 03:41:26",57
"2018-06-26 04:41:27",57
"2018-06-26 05:41:22",57
"2018-06-26 06:41:22",57
"2018-06-26 07:41:22",57
"2018-06-26 08:41:22",57
"2018-06-26 09:41:23",57
"2018-06-26 10:41:23",57
"2018-06-26 11:41:24",57
"2018-06-26 12:41:28",57
"2018-06-26 13:41:24",57
"2018-06-26 14:41:22",57
"2018-06-26 15:41:30",57
"2018-06-26 16:41:23",57
"2018-06-26 17:41:22",57
"2018-06-26 18:41:22",57
"2018-06-26 19:41:22",57
"2018-06-26 20:41:22",57
"2018-06-26 21:41:22",57
"2018-06-26 22:41:22",57
"2018-06-26 23:41:22",57
"2018-06-27 00:41:22",57
"2018-06-27 01:41:21",57
"2018-06-27 02:41:22",57
"2018-06-27 03:41:23",57
"2018-06-27 04:41:24",57
"2018-06-27 05:41:23",57
"2018-06-27 06:41:22",57
"2018-06-27 07:41:21",57
"2018-06-27 08:41:21",57
"2018-06-27 09:41:22",57
"2018-06-27 10:41:21",57
"2018-06-27 11:41:22",57
"2018-06-27 12:41:22",57
"2018-06-27 13:41:30",57
"2018-06-27 14:41:29",57
"2018-06-27 15:41:30",57
"2018-06-27 16:41:23",57
"2018-06-27 17:41:21",57
"2018-06-27 18:41:22",56
"2018-06-27 19:41:22",56
"2018-06-27 20:41:21",56
"2018-06-27 21:41:21",56
"2018-06-27 22:41:21",56
"2018-06-27 23:41:22",56
"2018-06-28 00:41:22",56
"2018-06-28 01:41:21",56
"2018-06-28 02:41:22",56
"2018-06-28 03:41:28",56
"2018-06-28 04:41:26",56
"2018-06-28 05:41:26",56
"2018-06-28 06:41:22",56
"2018-06-28 07:41:22",56
"2018-06-28 08:41:22",56
"2018-06-28 09:41:21",56
"2018-06-28 10:41:22",56
"2018-06-28 11:41:22",56
"2018-06-28 12:41:22",56
"2018-06-28 13:41:23",56
"2018-06-28 14:41:28",56
"2018-06-28 15:41:30",56
"2018-06-28 16:41:22",56
"2018-06-28 17:41:23",56
"2018-06-28 18:41:22",56
"2018-06-28 19:41:25",56
"2018-06-28 20:41:23",56
"2018-06-28 21:41:23",56
"2018-06-28 22:41:22",56
"2018-06-28 23:41:23",56
"2018-06-29 00:41:23",56
"2018-06-29 01:41:22",56
"2018-06-29 02:41:23",56
"2018-06-29 03:41:27",56
"2018-06-29 04:41:25",56
"2018-06-29 05:41:23",56
"2018-06-29 06:41:24",56
"2018-06-29 07:41:23",56
"2018-06-29 08:41:24",56
"2018-06-29 09:41:23",56
"2018-06-29 10:41:23",56
"2018-06-29 11:41:23",56
"2018-06-29 12:41:25",56
"2018-06-29 13:41:24",56
"2018-06-29 14:41:24",56
"2018-06-29 15:41:23",56
"2018-06-29 16:41:23",56
"2018-06-29 17:41:22",56
"2018-06-29 18:41:23",56
"2018-06-29 19:41:25",56
"2018-06-29 20:41:23",57
"2018-06-29 21:41:24",57
"2018-06-29 22:41:23",57
"2018-06-29 23:41:24",57
"2018-06-30 00:41:24",57
"2018-06-30 01:41:22",57
"2018-06-30 02:41:23",57
"2018-06-30 03:41:28",57
"2018-06-30 04:41:26",57
"2018-06-30 05:41:26",57
"2018-06-30 06:41:24",57
"2018-06-30 07:41:22",57
"2018-06-30 08:41:23",57
"2018-06-30 09:41:22",57
"2018-06-30 10:41:24",57
"2018-06-30 11:41:24",57
"2018-06-30 12:41:25",57
"2018-06-30 13:41:30",57
"2018-06-30 14:41:24",57
"2018-06-30 15:41:27",57
"2018-06-30 16:41:27",57
"2018-06-30 17:41:23",57
"2018-06-30 18:41:22",57
"2018-06-30 19:41:28",57
"2018-06-30 20:41:22",57
"2018-06-30 21:41:22",57
"2018-06-30 22:41:22",57
"2018-06-30 23:41:23",57
"2018-07-01 00:41:23",57
"2018-07-01 01:41:23",57
"2018-07-01 02:41:23",57
"2018-07-01 03:41:23",57
"2018-07-01 04:41:22",57
"2018-07-01 05:41:23",57
"2018-07-01 06:41:23",57
"2018-07-01 07:41:22",57
"2018-07-01 08:41:23",57
"2018-07-01 09:41:23",57
"2018-07-01 10:41:23",57
"2018-07-01 11:41:23",57
"2018-07-01 12:41:23",57
"2018-07-01 13:41:23",57
"2018-07-01 14:41:23",57
"2018-07-01 15:41:23",57
"2018-07-01 16:41:24",57
"2018-07-01 17:41:23",57
"2018-07-01 18:41:23",57
"2018-07-01 19:41:26",57
"2018-07-01 20:41:24",57
"2018-07-01 21:41:23",57
"2018-07-01 22:41:22",57
"2018-07-01 23:41:23",57
"2018-07-02 00:41:23",57
"2018-07-02 01:41:25",57
"2018-07-02 02:41:23",57
"2018-07-02 03:41:22",57
"2018-07-02 04:41:23",57
"2018-07-02 05:41:23",57
"2018-07-02 06:41:23",57
"2018-07-02 07:41:23",57
"2018-07-02 08:41:23",57
"2018-07-02 09:41:23",57
"2018-07-02 10:41:23",57
"2018-07-02 11:41:23",57
"2018-07-02 12:41:23",57
"2018-07-02 13:41:24",57
"2018-07-02 14:41:23",56
"2018-07-02 15:41:23",56
"2018-07-02 16:41:23",56
"2018-07-02 17:41:23",56
"2018-07-02 18:41:23",56
"2018-07-02 19:41:24",56
"2018-07-02 20:41:23",56
"2018-07-02 21:41:23",56
"2018-07-02 22:41:23",56
"2018-07-02 23:41:23",56
"2018-07-03 00:41:23",56
"2018-07-03 01:41:23",56
"2018-07-03 02:41:23",56
"2018-07-03 03:41:23",56
"2018-07-03 04:41:23",56
"2018-07-03 05:41:23",56
"2018-07-03 06:41:22",56
"2018-07-03 07:41:23",56
"2018-07-03 08:41:23",56
"2018-07-03 09:41:23",56
"2018-07-03 10:41:23",56
"2018-07-03 11:41:23",56
"2018-07-03 12:41:23",56
"2018-07-03 13:41:24",56
"2018-07-03 14:41:23",56
"2018-07-03 15:41:23",55
"2018-07-03 16:41:23",55
"2018-07-03 17:41:23",55
"2018-07-03 18:41:22",55
"2018-07-03 19:41:25",55
"2018-07-03 20:41:22",55
"2018-07-03 21:41:22",55
"2018-07-03 22:41:22",55
"2018-07-03 23:41:22",55
"2018-07-04 00:41:23",55
"2018-07-04 01:41:24",55
"2018-07-04 02:41:23",55
"2018-07-04 03:41:23",55
"2018-07-04 04:41:22",55
"2018-07-04 05:41:22",55
"2018-07-04 06:41:23",55
"2018-07-04 07:41:23",55
"2018-07-04 08:41:23",55
"2018-07-04 09:41:23",55
"2018-07-04 10:41:23",55
"2018-07-04 11:41:22",55
"2018-07-04 12:41:22",55
"2018-07-04 13:41:24",55
"2018-07-04 14:41:23",55
"2018-07-04 15:41:22",55
"2018-07-04 16:41:23",55
"2018-07-04 17:41:23",55
"2018-07-04 18:41:23",55
"2018-07-04 19:41:23",55
"2018-07-04 20:41:23",55
"2018-07-04 21:41:23",55
"2018-07-04 22:41:23",55
"2018-07-04 23:41:23",55
"2018-07-05 00:41:22",55
"2018-07-05 01:41:23",55
"2018-07-05 02:41:23",55
"2018-07-05 03:41:23",55
"2018-07-05 04:41:23",55
"2018-07-05 05:41:22",55
"2018-07-05 06:41:22",55
"2018-07-05 07:41:23",55
"2018-07-05 08:41:23",55
"2018-07-05 09:41:22",55
"2018-07-05 10:41:23",55
"2018-07-05 11:41:23",55
"2018-07-05 12:41:23",55
"2018-07-05 13:41:24",55
"2018-07-05 14:41:23",55
"2018-07-05 15:41:23",55
"2018-07-05 16:41:23",55
"2018-07-05 17:41:25",55
"2018-07-05 18:41:22",55
"2018-07-05 19:41:25",56
"2018-07-05 20:41:22",56
"2018-07-05 21:41:23",56
"2018-07-05 22:41:23",56
"2018-07-05 23:41:23",56
"2018-07-06 00:41:22",56
"2018-07-06 01:41:23",56
"2018-07-06 02:41:23",56
"2018-07-06 03:41:23",56
"2018-07-06 04:41:23",56
"2018-07-06 05:41:22",56
"2018-07-06 06:41:22",56
"2018-07-06 07:41:23",56
"2018-07-06 08:41:23",56
"2018-07-06 09:41:23",56
"2018-07-06 10:41:24",56
"2018-07-06 11:41:24",56
"2018-07-06 12:41:23",56
"2018-07-06 13:41:24",56
"2018-07-06 14:41:24",56
"2018-07-06 15:41:24",56
"2018-07-06 16:41:24",56
"2018-07-06 17:41:24",56
"2018-07-06 18:41:22",56
"2018-07-06 19:41:26",56
"2018-07-06 20:41:23",56
"2018-07-06 21:41:23",56
"2018-07-06 22:41:23",56
"2018-07-06 23:41:23",56
"2018-07-07 00:41:23",56
"2018-07-07 01:41:22",56
"2018-07-07 02:41:23",56
"2018-07-07 03:41:23",56
"2018-07-07 04:41:23",56
"2018-07-07 05:41:22",56
"2018-07-07 06:41:23",56
"2018-07-07 07:41:23",56
"2018-07-07 08:41:23",56
"2018-07-07 09:41:23",56
"2018-07-07 10:41:23",56
"2018-07-07 11:41:23",56
"2018-07-07 12:41:23",56
"2018-07-07 13:41:23",56
"2018-07-07 14:41:23",56
"2018-07-07 15:41:23",56
"2018-07-07 16:41:24",56
"2018-07-07 17:41:23",56
"2018-07-07 18:41:24",56
"2018-07-07 19:41:25",56
"2018-07-07 20:41:23",56
"2018-07-07 21:41:22",56
"2018-07-07 22:41:24",56
"2018-07-07 23:41:23",56
"2018-07-08 00:41:23",56
"2018-07-08 01:41:23",56
"2018-07-08 02:41:24",56
"2018-07-08 03:41:24",56
"2018-07-08 04:41:24",56
"2018-07-08 05:41:24",56
"2018-07-08 06:41:24",56
"2018-07-08 07:41:23",56
"2018-07-08 08:41:23",56
"2018-07-08 09:41:23",56
"2018-07-08 10:41:22",56
"2018-07-08 11:41:23",56
"2018-07-08 12:41:24",56
"2018-07-08 13:41:23",56
"2018-07-08 14:41:23",56
"2018-07-08 15:41:23",56
"2018-07-08 16:41:23",56
"2018-07-08 17:41:23",56
"2018-07-08 18:41:24",56
"2018-07-08 19:41:27",56
"2018-07-08 20:41:24",56
"2018-07-08 21:41:23",56
"2018-07-08 22:41:23",56
"2018-07-08 23:41:23",56
"2018-07-09 00:41:23",56
"2018-07-09 01:41:23",56
"2018-07-09 02:41:23",56
"2018-07-09 03:41:24",56
"2018-07-09 04:41:22",56
"2018-07-09 05:41:23",56
"2018-07-09 06:41:22",56
"2018-07-09 07:41:23",56
"2018-07-09 08:41:24",56
"2018-07-09 09:41:23",56
"2018-07-09 10:41:23",56
"2018-07-09 11:41:22",56
"2018-07-09 12:41:23",56
"2018-07-09 13:41:26",56
"2018-07-09 14:41:23",56
"2018-07-09 15:41:23",56
"2018-07-09 16:41:23",56
"2018-07-09 17:41:23",56
"2018-07-09 18:41:25",56
"2018-07-09 19:41:33",56
"2018-07-09 20:41:23",57
"2018-07-09 21:41:23",57
"2018-07-09 22:41:23",57
"2018-07-09 23:41:23",57
"2018-07-10 00:41:23",57
"2018-07-10 01:41:25",57
"2018-07-10 02:41:23",57
"2018-07-10 03:41:23",57
"2018-07-10 04:41:23",57
"2018-07-10 05:41:24",57
"2018-07-10 06:41:23",57
"2018-07-10 07:41:23",57
"2018-07-10 08:41:23",57
"2018-07-10 09:41:23",57
"2018-07-10 10:41:23",57
"2018-07-10 11:41:23",57
"2018-07-10 12:41:22",57
"2018-07-10 13:41:26",57
"2018-07-10 14:41:26",57
"2018-07-10 15:41:25",57
"2018-07-10 16:41:24",57
"2018-07-10 17:41:25",58
"2018-07-10 18:41:24",58
"2018-07-10 19:41:27",58
"2018-07-10 20:41:24",58
"2018-07-10 21:41:24",58
"2018-07-10 22:41:26",58
"2018-07-10 23:41:24",58
"2018-07-11 00:41:25",58
"2018-07-11 01:41:25",58
"2018-07-11 02:41:24",58
"2018-07-11 03:41:25",58
"2018-07-11 04:41:25",58
"2018-07-11 05:41:25",58
"2018-07-11 06:41:25",58
"2018-07-11 07:41:24",58
"2018-07-11 08:41:25",58
"2018-07-11 09:41:24",58
"2018-07-11 10:41:24",58
"2018-07-11 11:41:24",58
"2018-07-11 12:41:24",58
"2018-07-11 13:41:25",58
"2018-07-11 14:41:25",58
"2018-07-11 15:41:25",58
"2018-07-11 16:41:24",57
"2018-07-11 17:41:24",57
"2018-07-11 18:41:24",57
"2018-07-11 19:41:25",57
"2018-07-11 20:41:24",57
"2018-07-11 21:41:24",57
"2018-07-11 22:41:24",57
"2018-07-11 23:41:25",57
"2018-07-12 00:41:25",57
"2018-07-12 01:41:24",57
"2018-07-12 02:41:25",57
"2018-07-12 03:41:24",57
"2018-07-12 04:41:25",57
"2018-07-12 05:41:24",57
"2018-07-12 06:41:24",57
"2018-07-12 07:41:25",57
"2018-07-12 08:41:24",57
"2018-07-12 09:41:25",57
"2018-07-12 10:41:23",57
"2018-07-12 11:41:24",57
"2018-07-12 12:41:24",57
"2018-07-12 13:41:26",57
"2018-07-12 14:41:25",57
"2018-07-12 15:41:25",57
"2018-07-12 16:41:26",57
"2018-07-12 17:41:24",57
"2018-07-12 18:41:25",57
"2018-07-12 19:41:30",57
"2018-07-12 20:41:24",57
"2018-07-12 21:41:24",57
"2018-07-12 22:41:25",57
"2018-07-12 23:41:25",57
"2018-07-13 00:41:25",57
"2018-07-13 01:41:24",57
"2018-07-13 02:41:24",57
"2018-07-13 03:41:24",57
"2018-07-13 04:41:25",57
"2018-07-13 05:41:25",57
"2018-07-13 06:41:24",57
"2018-07-13 07:41:24",57
"2018-07-13 08:41:25",57
"2018-07-13 09:41:24",57
"2018-07-13 10:41:23",57
"2018-07-13 11:41:24",57
"2018-07-13 12:41:24",57
"2018-07-13 13:41:27",57
"2018-07-13 14:41:25",56
"2018-07-13 15:41:25",56
"2018-07-13 16:41:24",56
"2018-07-13 17:41:24",56
"2018-07-13 18:41:24",56
"2018-07-13 19:41:25",56
"2018-07-13 20:41:24",56
"2018-07-13 21:41:23",56
"2018-07-13 22:41:24",56
"2018-07-13 23:41:25",56
"2018-07-14 00:41:24",56
"2018-07-14 01:41:24",56
"2018-07-14 02:41:24",56
"2018-07-14 03:41:25",56
"2018-07-14 04:41:24",56
"2018-07-14 05:41:24",56
"2018-07-14 06:41:24",56
"2018-07-14 07:41:24",56
"2018-07-14 08:41:24",56
"2018-07-14 09:41:24",56
"2018-07-14 10:41:25",56
"2018-07-14 11:41:25",56
"2018-07-14 12:41:24",56
"2018-07-14 13:41:25",56
"2018-07-14 14:41:24",56
"2018-07-14 15:41:24",56
"2018-07-14 16:41:24",56
"2018-07-14 17:41:24",56
"2018-07-14 18:41:24",56
"2018-07-14 19:41:25",56
"2018-07-14 20:41:24",56
"2018-07-14 21:41:24",56
"2018-07-14 22:41:25",56
"2018-07-14 23:41:24",56
"2018-07-15 00:41:24",56
"2018-07-15 01:41:24",56
"2018-07-15 02:41:25",56
"2018-07-15 03:41:24",56
"2018-07-15 04:41:24",56
"2018-07-15 05:41:24",56
"2018-07-15 06:41:24",56
"2018-07-15 07:41:24",56
"2018-07-15 08:41:24",56
"2018-07-15 09:41:24",56
"2018-07-15 10:41:24",56
"2018-07-15 11:41:24",56
"2018-07-15 12:41:24",56
"2018-07-15 13:41:24",56
"2018-07-15 14:41:23",56
"2018-07-15 15:41:25",56
"2018-07-15 16:41:25",56
"2018-07-15 17:41:24",56
"2018-07-15 18:41:24",56
"2018-07-15 19:41:29",56
"2018-07-15 20:41:24",56
"2018-07-15 21:41:26",56
"2018-07-15 22:41:24",56
"2018-07-15 23:41:25",56
"2018-07-16 00:41:24",56
"2018-07-16 01:41:24",56
"2018-07-16 02:41:24",56
"2018-07-16 03:41:25",56
"2018-07-16 04:41:25",56
"2018-07-16 05:41:24",56
"2018-07-16 06:41:25",56
"2018-07-16 07:41:25",56
"2018-07-16 08:41:26",56
"2018-07-16 09:41:23",56
"2018-07-16 10:41:24",56
"2018-07-16 11:41:24",56
"2018-07-16 12:41:23",56
"2018-07-16 13:41:28",56
"2018-07-16 14:41:24",57
"2018-07-16 15:41:26",57
"2018-07-16 16:41:25",57
"2018-07-16 17:41:25",57
"2018-07-16 18:41:24",57
"2018-07-16 19:41:39",57
"2018-07-16 20:41:24",57
"2018-07-16 21:41:25",57
"2018-07-16 22:41:24",57
"2018-07-16 23:41:25",57
"2018-07-17 00:41:32",57
"2018-07-17 01:41:25",57
"2018-07-17 02:41:25",57
"2018-07-17 03:41:23",57
"2018-07-17 04:41:25",57
"2018-07-17 05:41:25",57
"2018-07-17 06:41:25",57
"2018-07-17 07:41:26",57
"2018-07-17 08:41:24",57
"2018-07-17 09:41:24",57
"2018-07-17 10:41:24",57
"2018-07-17 11:41:24",57
"2018-07-17 12:41:24",57
"2018-07-17 13:41:27",57
"2018-07-17 14:41:26",57
"2018-07-17 15:41:25",56
"2018-07-17 16:41:26",56
"2018-07-17 17:41:25",56
"2018-07-17 18:41:26",56
"2018-07-17 19:41:33",55
"2018-07-17 20:41:26",55
"2018-07-17 21:41:25",55
"2018-07-17 22:41:25",55
"2018-07-17 23:41:27",55
"2018-07-18 00:41:27",55
"2018-07-18 01:41:27",55
"2018-07-18 02:41:31",55
"2018-07-18 03:41:27",55
"2018-07-18 04:41:27",55
"2018-07-18 05:41:28",55
"2018-07-18 06:41:26",55
"2018-07-18 07:41:26",55
"2018-07-18 08:41:26",55
"2018-07-18 09:41:26",55
"2018-07-18 10:41:26",55
"2018-07-18 11:41:27",55
"2018-07-18 12:41:26",55
"2018-07-18 13:41:28",55
"2018-07-18 14:41:28",55
"2018-07-18 15:41:27",55
"2018-07-18 16:41:27",55
"2018-07-18 17:41:27",55
"2018-07-18 18:41:26",55
"2018-07-18 19:41:31",55
"2018-07-18 20:41:26",55
"2018-07-18 21:41:26",55
"2018-07-18 22:41:27",55
"2018-07-18 23:41:26",55
"2018-07-19 00:41:26",55
"2018-07-19 01:41:26",55
"2018-07-19 02:41:27",55
"2018-07-19 03:41:27",55
"2018-07-19 04:41:28",55
"2018-07-19 05:41:28",55
"2018-07-19 06:41:28",55
"2018-07-19 07:41:33",55
"2018-07-19 08:41:26",55
"2018-07-19 09:41:26",55
"2018-07-19 10:41:27",55
"2018-07-19 11:41:27",55
"2018-07-19 12:41:26",55
"2018-07-19 13:41:29",55
"2018-07-19 14:41:28",55
"2018-07-19 15:41:28",55
"2018-07-19 16:41:28",55
"2018-07-19 17:41:29",55
"2018-07-19 18:41:28",55
"2018-07-19 19:41:30",55
"2018-07-19 20:41:28",55
"2018-07-19 21:41:27",55
"2018-07-19 22:41:28",55
"2018-07-19 23:41:29",55
"2018-07-20 00:41:28",55
"2018-07-20 01:41:28",55
"2018-07-20 02:41:28",55
"2018-07-20 03:41:29",55
"2018-07-20 04:41:30",55
"2018-07-20 05:41:30",55
"2018-07-20 06:41:29",55
"2018-07-20 07:41:29",55
"2018-07-20 08:41:28",55
"2018-07-20 09:41:33",55
"2018-07-20 10:41:27",55
"2018-07-20 11:41:27",55
"2018-07-20 12:41:26",55
"2018-07-20 14:05:01",55
"2018-07-20 14:41:28",55
"2018-07-20 15:41:28",55
"2018-07-20 16:41:29",55
"2018-07-20 17:41:27",55
"2018-07-20 18:41:29",56
"2018-07-20 19:41:33",56
"2018-07-20 20:41:28",56
"2018-07-20 21:41:27",56
"2018-07-20 22:41:26",56
"2018-07-20 23:41:28",56
"2018-07-21 00:41:28",56
"2018-07-21 01:41:28",56
"2018-07-21 02:41:29",56
"2018-07-21 03:41:32",56
"2018-07-21 04:41:28",56
"2018-07-21 05:41:27",56
"2018-07-21 06:41:27",56
"2018-07-21 07:41:27",56
"2018-07-21 08:41:27",56
"2018-07-21 09:41:28",56
"2018-07-21 10:41:28",56
"2018-07-21 11:41:27",56
"2018-07-21 12:41:27",56
"2018-07-21 13:41:28",56
"2018-07-21 14:41:28",56
"2018-07-21 15:41:27",56
"2018-07-21 16:41:28",56
"2018-07-21 17:41:27",56
"2018-07-21 18:41:28",56
"2018-07-21 19:41:31",56
"2018-07-21 20:41:27",56
"2018-07-21 21:41:27",56
"2018-07-21 22:41:27",56
"2018-07-21 23:41:27",56
"2018-07-22 00:41:27",56
"2018-07-22 01:41:27",56
"2018-07-22 02:41:28",56
"2018-07-22 03:41:28",56
"2018-07-22 04:41:28",56
"2018-07-22 05:41:28",56
"2018-07-22 06:41:30",56
"2018-07-22 07:41:31",56
"2018-07-22 08:41:28",56
"2018-07-22 09:41:26",56
"2018-07-22 10:41:27",56
"2018-07-22 11:41:27",56
"2018-07-22 12:41:28",56
"2018-07-22 13:41:28",56
"2018-07-22 14:41:28",56
"2018-07-22 15:41:27",56
"2018-07-22 16:41:28",56
"2018-07-22 17:41:27",56
"2018-07-22 18:41:27",56
"2018-07-22 19:41:33",56
"2018-07-22 20:41:28",56
"2018-07-22 21:41:27",56
"2018-07-22 22:41:27",56
"2018-07-22 23:41:27",56
"2018-07-23 00:41:27",56
"2018-07-23 01:41:27",56
"2018-07-23 02:41:28",56
"2018-07-23 03:41:27",56
"2018-07-23 04:41:27",56
"2018-07-23 05:41:26",56
"2018-07-23 06:41:27",56
"2018-07-23 07:41:28",56
"2018-07-23 08:41:28",56
"2018-07-23 09:41:28",56
"2018-07-23 23:41:30",56
"2018-07-24 00:41:28",56
"2018-07-24 01:41:27",56
"2018-07-24 02:41:28",56
"2018-07-24 03:41:27",56
"2018-07-24 04:41:27",56
"2018-07-24 05:41:27",56
"2018-07-24 06:41:27",56
"2018-07-24 07:41:27",56
"2018-07-24 08:41:27",56
"2018-07-24 09:41:27",56
"2018-07-24 10:41:27",56
"2018-07-24 11:41:27",56
"2018-07-24 12:41:28",56
"2018-07-24 13:41:35",56
"2018-07-24 14:41:27",55
"2018-07-24 15:41:28",55
"2018-07-24 16:41:28",54
"2018-07-24 17:41:28",54
"2018-07-24 18:41:28",54
"2018-07-24 19:41:27",54
"2018-07-24 20:41:27",54
"2018-07-24 21:41:27",54
"2018-07-24 22:41:27",54
"2018-07-24 23:41:27",54
"2018-07-25 00:41:27",54
"2018-07-25 01:41:27",54
"2018-07-25 02:41:27",54
"2018-07-25 03:41:27",54
"2018-07-25 04:41:28",54
"2018-07-25 05:41:27",54
"2018-07-25 06:41:28",54
"2018-07-25 07:41:26",54
"2018-07-25 08:41:27",54
"2018-07-25 09:41:27",54
"2018-07-25 10:41:27",54
"2018-07-25 11:41:27",54
"2018-07-25 12:41:27",54
"2018-07-25 13:41:30",54
"2018-07-25 14:41:28",55
"2018-07-25 15:41:28",55
"2018-07-25 16:41:29",55
"2018-07-25 17:41:34",55
"2018-07-25 18:41:28",55
"2018-07-25 19:41:28",55
"2018-07-25 20:41:28",55
"2018-07-25 21:41:28",55
"2018-07-25 22:41:28",55
"2018-07-25 23:41:27",55
"2018-07-26 00:41:27",55
"2018-07-26 01:41:28",55
"2018-07-26 02:41:28",55
"2018-07-26 03:41:28",55
"2018-07-26 04:41:28",55
"2018-07-26 05:41:28",55
"2018-07-26 06:41:28",55
"2018-07-26 07:41:27",55
"2018-07-26 08:41:27",55
"2018-07-26 09:41:28",55
"2018-07-26 10:41:28",55
"2018-07-26 11:41:27",55
"2018-07-26 12:41:28",55
"2018-07-26 14:41:31",55
"2018-07-26 15:41:29",55
"2018-07-26 16:41:29",55
"2018-07-26 17:41:30",55
"2018-07-26 18:41:29",55
"2018-07-26 19:41:29",55
"2018-07-26 20:41:29",55
"2018-07-26 21:41:28",55
"2018-07-26 22:41:28",55
"2018-07-26 23:41:29",55
"2018-07-27 00:41:29",55
"2018-07-27 01:41:29",55
"2018-07-27 02:41:28",55
"2018-07-27 03:41:29",55
"2018-07-27 04:41:29",55
"2018-07-27 05:41:29",55
"2018-07-27 06:41:29",55
"2018-07-27 07:41:29",55
"2018-07-27 08:41:28",55
"2018-07-27 09:41:28",55
"2018-07-27 10:41:29",55
"2018-07-27 11:41:28",55
"2018-07-27 12:41:28",55
"2018-07-27 13:41:32",55
"2018-07-27 14:41:30",55
"2018-07-27 15:41:28",55
"2018-07-27 16:41:29",55
"2018-07-27 17:41:29",55
"2018-07-27 18:41:29",55
"2018-07-27 19:41:29",55
"2018-07-27 20:41:28",55
"2018-07-27 21:41:29",55
"2018-07-27 22:41:28",55
"2018-07-27 23:41:29",55
"2018-07-28 00:41:28",55
"2018-07-28 01:41:29",55
"2018-07-28 02:41:29",55
"2018-07-28 03:41:29",55
"2018-07-28 04:41:28",55
"2018-07-28 05:41:29",55
"2018-07-28 06:41:29",55
"2018-07-28 07:41:28",55
"2018-07-28 08:41:28",55
"2018-07-28 09:41:28",55
"2018-07-28 10:41:28",55
"2018-07-28 11:41:28",55
"2018-07-28 12:41:28",55
"2018-07-28 13:41:28",55
"2018-07-28 14:41:28",55
"2018-07-28 15:41:29",55
"2018-07-28 16:41:29",55
"2018-07-28 17:41:29",55
"2018-07-28 18:41:29",55
"2018-07-28 19:41:37",55
"2018-07-28 20:41:31",55
"2018-07-28 21:41:28",55
"2018-07-28 22:41:29",55
"2018-07-28 23:41:29",55
"2018-07-29 00:41:28",55
"2018-07-29 01:41:29",55
"2018-07-29 02:41:29",55
"2018-07-29 03:41:28",55
"2018-07-29 04:41:29",55
"2018-07-29 05:41:29",55
"2018-07-29 06:41:29",55
"2018-07-29 07:41:28",55
"2018-07-29 08:41:28",55
"2018-07-29 09:41:28",55
"2018-07-29 10:41:28",55
"2018-07-29 11:41:28",55
"2018-07-29 12:41:29",55
"2018-07-29 13:41:29",55
"2018-07-29 14:41:29",55
"2018-07-29 15:41:27",55
"2018-07-29 16:41:29",55
"2018-07-29 17:41:29",55
"2018-07-29 18:41:28",55
"2018-07-29 19:41:29",55
"2018-07-29 20:41:29",55
"2018-07-29 21:41:29",55
"2018-07-29 22:41:29",55
"2018-07-29 23:41:29",55
"2018-07-30 00:41:28",55
"2018-07-30 01:41:28",55
"2018-07-30 02:41:28",55
"2018-07-30 03:41:29",55
"2018-07-30 04:41:29",55
"2018-07-30 05:41:28",55
"2018-07-30 06:41:27",55
"2018-07-30 07:41:28",55
"2018-07-30 08:41:28",55
"2018-07-30 09:41:29",55
"2018-07-30 10:41:28",55
"2018-07-30 11:41:28",55
"2018-07-30 12:41:28",55
"2018-07-30 13:41:32",55
"2018-07-30 14:41:30",54
"2018-07-30 15:41:28",54
"2018-07-30 16:41:29",54
"2018-07-30 17:41:29",54
"2018-07-30 18:41:28",54
"2018-07-30 19:41:29",54
"2018-07-30 20:41:28",54
"2018-07-30 21:41:28",54
"2018-07-30 22:41:29",54
"2018-07-30 23:41:28",54
"2018-07-31 00:41:29",54
"2018-07-31 01:41:29",54
"2018-07-31 02:41:28",54
"2018-07-31 03:41:28",54
"2018-07-31 04:41:28",54
"2018-07-31 05:41:29",54
"2018-07-31 06:41:28",54
"2018-07-31 07:41:29",54
"2018-07-31 08:41:41",54
"2018-07-31 09:48:25",54
"2018-07-31 10:41:28",54
"2018-07-31 11:41:28",54
"2018-07-31 12:41:28",54
"2018-07-31 13:41:31",54
"2018-07-31 14:41:29",54
"2018-07-31 15:41:29",54
"2018-07-31 16:41:29",54
"2018-07-31 17:41:28",54
"2018-07-31 18:41:29",54
"2018-07-31 19:41:29",54
"2018-07-31 20:41:29",54
"2018-07-31 21:41:28",54
"2018-07-31 22:41:29",54
"2018-07-31 23:41:29",54
"2018-08-01 00:41:29",54
"2018-08-01 01:41:28",54
"2018-08-01 02:41:28",54
"2018-08-01 03:41:28",54
"2018-08-01 04:41:29",54
"2018-08-01 05:41:29",54
"2018-08-01 06:41:29",54
"2018-08-01 07:41:28",54
"2018-08-01 08:41:29",54
"2018-08-01 09:41:28",54
"2018-08-01 10:41:28",54
"2018-08-01 11:41:29",54
"2018-08-01 12:41:28",54
"2018-08-01 14:06:33",54
"2018-08-01 14:41:29",54
"2018-08-01 15:41:29",54
"2018-08-01 16:41:30",54
"2018-08-01 17:41:29",54
"2018-08-01 18:41:29",54
"2018-08-01 19:41:30",54
"2018-08-01 20:41:28",54
"2018-08-01 21:41:28",54
"2018-08-01 22:41:28",54
"2018-08-01 23:41:28",54
"2018-08-02 00:41:29",54
"2018-08-02 01:41:29",54
"2018-08-02 02:41:29",54
"2018-08-02 03:41:28",54
"2018-08-02 04:41:29",54
"2018-08-02 05:41:29",54
"2018-08-02 06:41:28",54
"2018-08-02 07:41:28",54
"2018-08-02 08:41:28",54
"2018-08-02 09:41:29",54
"2018-08-02 10:41:29",54
"2018-08-02 11:41:28",54
"2018-08-02 12:41:28",54
"2018-08-02 13:41:30",54
"2018-08-02 14:41:31",54
"2018-08-02 15:41:32",54
"2018-08-02 16:41:29",54
"2018-08-02 17:41:30",54
"2018-08-02 18:41:29",54
"2018-08-02 19:41:30",54
"2018-08-02 20:41:30",54
"2018-08-02 21:41:29",54
"2018-08-02 22:41:29",54
"2018-08-02 23:41:29",54
"2018-08-03 00:41:30",54
"2018-08-03 01:41:30",54
"2018-08-03 02:41:30",54
"2018-08-03 03:41:30",54
"2018-08-03 04:41:30",54
"2018-08-03 05:41:30",54
"2018-08-03 06:41:30",54
"2018-08-03 07:41:29",54
"2018-08-03 08:41:30",54
"2018-08-03 09:41:30",54
"2018-08-03 10:41:30",54
"2018-08-03 11:42:33",54
"2018-08-03 13:06:29",54
"2018-08-03 13:41:31",54
"2018-08-03 14:41:30",54
"2018-08-03 15:41:29",54
"2018-08-03 16:41:30",55
"2018-08-03 17:41:30",54
"2018-08-03 18:41:30",54
"2018-08-03 19:41:30",54
"2018-08-03 20:41:30",54
"2018-08-03 21:41:29",54
"2018-08-03 22:41:29",54
"2018-08-03 23:41:30",54
"2018-08-04 00:41:29",54
"2018-08-04 01:41:29",54
"2018-08-04 02:41:29",54
"2018-08-04 03:41:29",54
"2018-08-04 04:41:29",54
"2018-08-04 05:41:30",54
"2018-08-04 06:41:30",54
"2018-08-04 07:41:30",54
"2018-08-04 08:41:29",54
"2018-08-04 09:41:30",54
"2018-08-04 10:41:30",54
"2018-08-04 11:41:29",54
"2018-08-04 12:41:29",54
"2018-08-04 13:41:30",54
"2018-08-04 14:41:29",54
"2018-08-04 15:41:30",54
"2018-08-04 16:41:29",54
"2018-08-04 17:41:30",54
"2018-08-04 18:41:30",54
"2018-08-04 19:41:30",54
"2018-08-04 20:41:29",54
"2018-08-04 21:41:29",54
"2018-08-04 22:41:29",54
"2018-08-04 23:41:30",54
"2018-08-05 00:41:29",54
"2018-08-05 01:41:29",54
"2018-08-05 02:41:30",54
"2018-08-05 03:41:29",54
"2018-08-05 04:41:29",54
"2018-08-05 05:41:29",54
"2018-08-05 06:41:30",54
"2018-08-05 07:41:29",54
"2018-08-05 08:41:29",54
"2018-08-05 09:41:29",54
"2018-08-05 10:41:29",54
"2018-08-05 11:41:29",54
"2018-08-05 12:41:30",54
"2018-08-05 13:41:29",54
"2018-08-05 14:41:29",54
"2018-08-05 15:41:29",54
"2018-08-05 16:41:30",54
"2018-08-05 17:41:29",54
"2018-08-05 18:41:29",54
"2018-08-05 19:41:30",54
"2018-08-05 20:41:29",54
"2018-08-05 21:41:30",54
"2018-08-05 22:41:29",54
"2018-08-05 23:41:29",54
"2018-08-06 00:41:30",54
"2018-08-06 01:41:29",54
"2018-08-06 02:41:29",54
"2018-08-06 03:41:29",54
"2018-08-06 04:41:29",54
"2018-08-06 05:41:29",54
"2018-08-06 06:41:29",54
"2018-08-06 07:41:30",54
"2018-08-06 08:41:30",54
"2018-08-06 09:41:29",54
"2018-08-06 10:41:29",54
"2018-08-06 11:41:29",54
"2018-08-06 12:41:29",54
"2018-08-06 13:41:31",54
"2018-08-06 14:41:30",54
"2018-08-06 15:41:29",54
"2018-08-06 16:41:45",54
"2018-08-06 17:41:31",54
"2018-08-06 18:41:31",54
"2018-08-06 19:41:29",54
"2018-08-06 20:41:30",54
"2018-08-06 21:41:32",54
"2018-08-06 22:41:30",54
"2018-08-06 23:41:30",54
"2018-08-07 00:41:30",54
"2018-08-07 01:41:30",54
"2018-08-07 02:41:30",54
"2018-08-07 03:41:30",54
"2018-08-07 04:41:31",54
"2018-08-07 05:41:30",54
"2018-08-07 06:41:30",54
"2018-08-07 07:41:30",54
"2018-08-07 08:41:30",54
"2018-08-07 09:41:29",54
"2018-08-07 10:41:29",54
"2018-08-07 11:41:30",54
"2018-08-07 12:41:30",54
"2018-08-07 13:41:33",54
"2018-08-07 14:41:30",53
"2018-08-07 15:41:29",53
"2018-08-07 16:41:29",53
"2018-08-07 17:41:31",53
"2018-08-07 18:41:30",53
"2018-08-07 19:41:31",53
"2018-08-07 20:41:30",53
"2018-08-07 21:41:30",53
"2018-08-07 22:41:30",53
"2018-08-07 23:41:30",53
"2018-08-08 00:41:30",53
"2018-08-08 01:41:31",53
"2018-08-08 02:41:30",53
"2018-08-08 03:41:30",53
"2018-08-08 04:41:29",53
"2018-08-08 05:41:30",53
"2018-08-08 06:41:30",53
"2018-08-08 07:41:30",53
"2018-08-08 08:41:30",53
"2018-08-08 09:41:30",53
"2018-08-08 10:41:30",53
"2018-08-08 11:41:30",53
"2018-08-08 12:41:31",53
"2018-08-08 13:41:31",53
"2018-08-08 14:41:31",53
"2018-08-08 15:41:31",53
"2018-08-08 16:41:31",52
"2018-08-08 17:41:30",52
"2018-08-08 18:41:30",52
"2018-08-08 19:41:30",52
"2018-08-08 20:41:30",52
"2018-08-08 21:41:29",52
"2018-08-08 22:41:29",52
"2018-08-08 23:41:29",52
"2018-08-10 00:19:46",52
"2018-08-10 00:41:31",52
"2018-08-10 01:41:31",52
"2018-08-10 02:41:31",52
"2018-08-10 03:41:29",52
"2018-08-10 04:41:31",52
"2018-08-10 05:41:35",52
"2018-08-10 06:41:33",52
"2018-08-10 07:41:35",52
"2018-08-10 08:41:34",52
"2018-08-10 09:41:33",52
"2018-08-10 10:41:33",52
"2018-08-10 11:41:33",52
"2018-08-10 12:41:32",52
"2018-08-10 13:41:36",52
"2018-08-10 14:41:35",53
"2018-08-10 15:41:35",53
"2018-08-10 16:41:36",53
"2018-08-10 17:41:35",53
"2018-08-10 18:41:34",53
"2018-08-10 19:41:35",53
"2018-08-10 20:41:35",53
"2018-08-10 21:41:35",53
"2018-08-10 22:41:34",53
"2018-08-10 23:41:35",53
"2018-08-11 00:41:35",53
"2018-08-11 01:41:35",53
"2018-08-11 02:41:35",53
"2018-08-11 03:41:35",53
"2018-08-11 04:41:34",53
"2018-08-11 05:41:35",53
"2018-08-11 06:41:34",53
"2018-08-11 07:41:34",53
"2018-08-11 08:41:34",53
"2018-08-11 09:41:34",53
"2018-08-11 10:41:34",53
"2018-08-11 11:41:34",53
"2018-08-11 12:41:34",53
"2018-08-11 13:41:34",53
"2018-08-11 14:41:34",53
"2018-08-11 15:41:35",53
"2018-08-11 16:41:34",53
"2018-08-11 17:41:34",53
"2018-08-11 18:41:35",53
"2018-08-11 19:41:34",53
"2018-08-11 20:41:34",53
"2018-08-11 21:41:34",53
"2018-08-11 22:41:35",53
"2018-08-11 23:41:35",53
"2018-08-12 00:41:35",53
"2018-08-12 01:41:34",53
"2018-08-12 02:41:34",53
"2018-08-12 03:41:34",53
"2018-08-12 04:41:35",53
"2018-08-12 05:41:34",53
"2018-08-12 06:41:34",53
"2018-08-12 07:41:34",53
"2018-08-12 08:41:34",53
"2018-08-12 09:41:34",53
"2018-08-12 10:41:34",53
"2018-08-12 11:41:34",53
"2018-08-12 12:41:34",53
"2018-08-12 13:41:35",53
"2018-08-12 14:41:35",53
"2018-08-12 15:41:35",53
"2018-08-12 16:41:35",53
"2018-08-12 17:41:35",53
"2018-08-12 18:41:34",53
"2018-08-12 19:41:35",53
"2018-08-12 20:41:35",53
"2018-08-12 21:41:34",53
"2018-08-12 22:41:34",53
"2018-08-12 23:41:35",53
"2018-08-13 00:41:34",53
"2018-08-13 01:41:35",53
"2018-08-13 02:41:35",53
"2018-08-13 03:41:34",53
"2018-08-13 04:41:35",53
"2018-08-13 05:41:34",53
"2018-08-13 06:41:35",53
"2018-08-13 07:41:35",53
"2018-08-13 08:41:35",53
"2018-08-13 09:41:35",53
"2018-08-13 10:41:34",53
"2018-08-13 11:41:34",53
"2018-08-13 12:41:34",53
"2018-08-13 13:41:36",53
"2018-08-13 14:41:36",53
"2018-08-13 15:41:36",53
"2018-08-13 16:41:35",53
"2018-08-13 17:41:34",54
"2018-08-13 18:41:35",54
"2018-08-13 19:41:36",54
"2018-08-13 20:41:35",53
"2018-08-13 21:41:35",53
"2018-08-13 22:41:34",53
"2018-08-13 23:41:35",53
"2018-08-14 00:41:34",53
"2018-08-14 01:41:36",53
"2018-08-14 02:41:34",53
"2018-08-14 03:41:34",53
"2018-08-14 04:41:35",53
"2018-08-14 05:41:34",53
"2018-08-14 06:41:35",53
"2018-08-14 07:41:35",53
"2018-08-14 08:41:35",53
"2018-08-14 09:41:34",53
"2018-08-14 10:41:35",53
"2018-08-14 11:41:34",53
"2018-08-14 12:41:34",53
"2018-08-14 13:41:36",53
"2018-08-14 14:41:35",53
"2018-08-14 15:41:35",53
"2018-08-14 16:41:35",53
"2018-08-14 17:41:34",53
"2018-08-14 18:41:35",53
"2018-08-14 19:41:35",53
"2018-08-14 20:41:35",53
"2018-08-14 21:41:34",53
"2018-08-14 22:41:35",53
"2018-08-14 23:41:34",53
"2018-08-15 00:41:35",53
"2018-08-15 01:41:35",53
"2018-08-15 02:41:35",53
"2018-08-15 03:41:35",53
"2018-08-15 04:41:35",53
"2018-08-15 05:41:34",53
"2018-08-15 06:41:35",53
"2018-08-15 07:41:34",53
"2018-08-15 08:41:35",53
"2018-08-15 09:41:35",53
"2018-08-15 10:41:35",53
"2018-08-15 11:41:35",53
"2018-08-15 12:41:34",53
"2018-08-15 14:07:09",53
"2018-08-15 14:41:35",53
"2018-08-15 15:41:35",53
"2018-08-15 16:41:36",53
"2018-08-15 17:41:34",53
"2018-08-15 18:41:34",53
"2018-08-15 19:41:34",53
"2018-08-15 20:41:34",53
"2018-08-15 21:41:34",53
"2018-08-15 22:41:34",53
"2018-08-15 23:41:35",53
"2018-08-16 00:41:35",53
"2018-08-16 01:41:35",53
"2018-08-16 02:41:35",53
"2018-08-16 03:41:36",53
"2018-08-16 04:41:35",53
"2018-08-16 05:41:34",53
"2018-08-16 06:41:34",53
"2018-08-16 07:41:35",53
"2018-08-16 08:41:35",53
"2018-08-16 09:41:34",53
"2018-08-16 10:41:35",53
"2018-08-16 11:41:33",53
"2018-08-16 12:41:34",53
"2018-08-16 13:41:35",53
"2018-08-16 14:41:34",52
"2018-08-16 15:41:35",52
"2018-08-16 16:41:34",52
"2018-08-16 17:41:35",52
"2018-08-16 18:41:34",52
"2018-08-16 19:41:35",52
"2018-08-16 20:41:35",52
"2018-08-16 21:41:35",52
"2018-08-16 22:41:35",52
"2018-08-16 23:41:35",52
"2018-08-17 00:41:35",52
"2018-08-17 01:41:35",52
"2018-08-17 02:41:36",52
"2018-08-17 03:41:36",52
"2018-08-17 04:41:36",52
"2018-08-17 05:41:34",52
"2018-08-17 06:41:34",52
"2018-08-17 07:41:34",52
"2018-08-17 08:41:35",52
"2018-08-17 09:41:35",52
"2018-08-17 10:41:34",52
"2018-08-17 11:41:35",52
"2018-08-17 12:41:34",52
"2018-08-17 13:41:36",52
"2018-08-17 14:41:36",52
"2018-08-17 15:41:36",52
"2018-08-17 16:41:35",52
"2018-08-17 17:41:34",52
"2018-08-17 18:41:35",52
"2018-08-17 19:41:35",52
"2018-08-17 20:41:34",52
"2018-08-17 21:41:34",52
"2018-08-17 22:41:35",52
"2018-08-17 23:41:34",52
"2018-08-18 00:41:35",52
"2018-08-18 01:41:35",52
"2018-08-18 02:41:35",52
"2018-08-18 03:41:35",52
"2018-08-18 04:41:35",52
"2018-08-18 05:41:35",52
"2018-08-18 06:41:35",52
"2018-08-18 07:41:34",52
"2018-08-18 08:41:35",52
"2018-08-18 09:41:35",52
"2018-08-18 10:41:34",52
"2018-08-18 11:41:35",52
"2018-08-18 12:41:36",52
"2018-08-18 13:41:36",52
"2018-08-18 14:41:35",52
"2018-08-18 15:41:36",52
"2018-08-18 16:41:35",52
"2018-08-18 17:41:35",52
"2018-08-18 18:41:34",52
"2018-08-18 19:41:35",52
"2018-08-18 20:41:36",52
"2018-08-18 21:41:34",52
"2018-08-18 22:41:34",52
"2018-08-18 23:41:34",52
"2018-08-19 00:41:35",52
"2018-08-19 01:41:34",52
"2018-08-19 02:41:34",52
"2018-08-19 03:41:34",52
"2018-08-19 04:41:35",52
"2018-08-19 05:41:35",52
"2018-08-19 06:41:35",52
"2018-08-19 07:41:34",52
"2018-08-19 08:41:35",52
"2018-08-19 09:41:34",52
"2018-08-19 10:41:34",52
"2018-08-19 11:41:34",52
"2018-08-19 12:41:35",52
"2018-08-19 13:41:35",52
"2018-08-19 14:41:34",52
"2018-08-19 15:41:35",52
"2018-08-19 16:41:34",52
"2018-08-19 17:41:35",52
"2018-08-19 18:41:35",52
"2018-08-19 19:41:35",52
"2018-08-19 20:41:35",52
"2018-08-19 21:41:36",52
"2018-08-19 22:41:35",52
"2018-08-19 23:41:35",52
"2018-08-20 00:41:35",52
"2018-08-20 01:41:35",52
"2018-08-20 02:41:35",52
"2018-08-20 03:41:34",52
"2018-08-20 04:41:35",52
"2018-08-20 05:41:35",52
"2018-08-20 06:41:35",52
"2018-08-20 07:41:34",52
"2018-08-20 08:41:38",52
"2018-08-20 09:41:34",52
"2018-08-20 10:41:35",52
"2018-08-20 11:41:35",52
"2018-08-20 12:41:34",52
"2018-08-20 13:41:36",52
"2018-08-20 14:41:38",52
"2018-08-20 15:41:36",52
"2018-08-20 16:41:36",51
"2018-08-20 17:41:35",51
"2018-08-20 18:41:35",51
"2018-08-20 19:41:35",51
"2018-08-20 20:41:35",51
"2018-08-20 21:41:34",51
"2018-08-20 22:41:35",51
"2018-08-20 23:41:34",51
"2018-08-21 00:41:35",51
"2018-08-21 01:41:35",51
"2018-08-21 02:41:35",51
"2018-08-21 03:41:35",51
"2018-08-21 04:41:35",51
"2018-08-21 05:41:34",51
"2018-08-21 06:41:35",51
"2018-08-21 07:41:34",51
"2018-08-21 08:41:35",51
"2018-08-21 09:41:35",51
"2018-08-21 10:41:35",51
"2018-08-21 11:41:34",51
"2018-08-21 12:41:35",51
"2018-08-21 13:41:37",51
"2018-08-21 14:41:35",51
"2018-08-21 15:41:35",52
"2018-08-21 16:41:35",52
"2018-08-21 17:41:34",52
"2018-08-21 18:41:34",51
"2018-08-21 19:41:34",51
"2018-08-21 20:41:34",51
"2018-08-21 21:41:33",51
"2018-08-21 22:41:35",51
"2018-08-21 23:41:34",51
"2018-08-22 00:41:34",51
"2018-08-22 01:41:34",51
"2018-08-22 02:41:35",51
"2018-08-22 03:41:35",51
"2018-08-22 04:41:35",51
"2018-08-22 05:41:34",51
"2018-08-22 06:41:34",51
"2018-08-22 07:41:34",51
"2018-08-22 08:41:33",51
"2018-08-22 09:41:34",51
"2018-08-22 10:41:34",51
"2018-08-22 11:41:34",51
"2018-08-22 12:41:33",51
"2018-08-22 13:41:38",51
"2018-08-22 14:41:34",51
"2018-08-22 15:41:34",51
"2018-08-22 16:41:34",51
"2018-08-22 17:41:33",51
"2018-08-22 18:41:35",51
"2018-08-22 19:41:35",51
"2018-08-22 20:41:33",51
"2018-08-22 21:41:33",51
"2018-08-22 22:41:34",51
"2018-08-22 23:41:34",51
"2018-08-23 00:41:34",51
"2018-08-23 01:41:35",51
"2018-08-23 02:41:34",51
"2018-08-23 03:41:35",51
"2018-08-23 04:41:34",51
"2018-08-23 05:41:34",51
"2018-08-23 06:41:33",51
"2018-08-23 07:41:34",51
"2018-08-23 08:41:34",51
"2018-08-23 09:41:34",51
"2018-08-23 10:41:33",51
"2018-08-23 11:41:34",51
"2018-08-23 12:41:34",51
"2018-08-23 13:41:37",51
"2018-08-23 14:41:35",52
"2018-08-23 15:41:35",52
"2018-08-23 16:41:35",52
"2018-08-23 17:41:34",52
"2018-08-23 18:41:35",52
"2018-08-23 19:41:34",52
"2018-08-23 20:41:34",52
"2018-08-23 21:41:33",52
"2018-08-23 22:41:34",52
"2018-08-23 23:41:34",52
"2018-08-24 00:41:34",52
"2018-08-24 01:41:35",52
"2018-08-24 02:41:34",52
"2018-08-24 03:41:33",52
"2018-08-24 19:59:53",53
"2018-08-24 20:41:35",53
"2018-08-24 21:41:35",53
"2018-08-24 22:41:34",53
"2018-08-24 23:41:34",53
"2018-08-25 00:41:34",53
"2018-08-25 01:41:34",53
"2018-08-25 02:41:34",53
"2018-08-25 03:41:34",53
"2018-08-25 04:41:34",53
"2018-08-25 05:41:34",53
"2018-08-25 06:41:34",53
"2018-08-25 07:41:33",53
"2018-08-25 08:41:34",53
"2018-08-25 09:41:33",53
"2018-08-25 10:41:34",53
"2018-08-25 11:41:34",53
"2018-08-25 12:41:34",53
"2018-08-25 13:41:35",53
"2018-08-25 14:41:34",53
"2018-08-25 15:41:34",53
"2018-08-25 16:41:34",53
"2018-08-25 17:41:35",53
"2018-08-25 18:41:35",53
"2018-08-25 19:41:34",53
"2018-08-25 20:41:34",53
"2018-08-25 21:41:34",53
"2018-08-25 22:41:34",53
"2018-08-25 23:41:34",53
"2018-08-26 00:41:35",53
"2018-08-26 01:41:34",53
"2018-08-26 02:41:35",53
"2018-08-26 03:41:34",53
"2018-08-26 04:41:33",53
"2018-08-26 05:41:33",53
"2018-08-26 06:41:34",53
"2018-08-26 07:41:34",53
"2018-08-26 08:41:34",53
"2018-08-26 09:41:34",53
"2018-08-26 10:41:34",53
"2018-08-26 11:41:34",53
"2018-08-26 12:41:34",53
"2018-08-26 13:41:34",53
"2018-08-26 14:41:34",53
"2018-08-26 15:41:33",53
"2018-08-26 16:41:34",53
"2018-08-26 17:41:33",53
"2018-08-26 18:41:34",53
"2018-08-26 19:41:34",53
"2018-08-26 20:41:34",53
"2018-08-26 21:41:33",53
"2018-08-26 22:41:33",53
"2018-08-26 23:41:34",53
"2018-08-27 00:41:34",53
"2018-08-27 01:41:34",53
"2018-08-27 02:41:34",53
"2018-08-27 03:41:34",53
"2018-08-27 04:41:34",53
"2018-08-27 05:41:34",53
"2018-08-27 06:41:34",53
"2018-08-27 07:41:34",53
"2018-08-27 08:41:34",53
"2018-08-27 09:41:34",53
"2018-08-27 10:41:34",53
"2018-08-27 11:41:34",53
"2018-08-27 12:41:34",53
"2018-08-27 14:05:37",53
"2018-08-27 14:41:35",53
"2018-08-27 15:41:35",53
"2018-08-27 16:41:35",53
"2018-08-27 17:41:35",53
"2018-08-27 18:41:35",53
"2018-08-27 19:41:35",53
"2018-08-27 20:41:34",53
"2018-08-27 21:41:35",53
"2018-08-27 22:41:34",53
"2018-08-27 23:41:34",53
"2018-08-28 00:41:34",53
"2018-08-28 01:41:35",53
"2018-08-28 02:41:33",53
"2018-08-28 03:41:33",53
"2018-08-28 04:41:35",53
"2018-08-28 05:41:34",53
"2018-08-28 06:41:34",53
"2018-08-28 07:41:33",53
"2018-08-28 08:41:33",53
"2018-08-28 09:41:34",53
"2018-08-28 10:41:34",53
"2018-08-28 11:41:34",53
"2018-08-28 12:41:34",53
"2018-08-28 13:41:48",53
"2018-08-28 14:41:45",53
"2018-08-28 15:41:46",53
"2018-08-28 16:41:46",53
"2018-08-28 17:41:46",53
"2018-08-28 18:41:47",53
"2018-08-28 19:41:46",53
"2018-08-28 20:41:46",52
"2018-08-28 21:41:46",52
"2018-08-28 22:41:46",52
"2018-08-28 23:41:45",52
"2018-08-29 00:41:46",52
"2018-08-29 01:41:46",52
"2018-08-29 02:41:45",52
"2018-08-29 03:41:45",52
"2018-08-29 04:41:46",52
"2018-08-29 05:41:46",52
"2018-08-29 06:41:45",52
"2018-08-29 07:41:46",52
"2018-08-29 08:41:45",52
"2018-08-29 09:41:45",52
"2018-08-29 10:41:45",52
"2018-08-29 11:41:45",52
"2018-08-29 12:41:46",52
"2018-08-29 14:05:22",51
"2018-08-29 14:41:46",51
"2018-08-29 15:41:46",51
"2018-08-29 16:41:45",51
"2018-08-29 17:41:47",51
"2018-08-29 18:41:48",51
"2018-08-29 19:41:46",51
"2018-08-29 20:41:45",51
"2018-08-29 21:41:45",51
"2018-08-29 22:41:45",51
"2018-08-29 23:41:46",51
"2018-08-30 00:42:31",51
"2018-08-30 01:41:45",51
"2018-08-30 02:41:46",51
"2018-08-30 03:41:46",51
"2018-08-30 04:41:45",51
"2018-08-30 05:41:46",51
"2018-08-30 06:41:46",51
"2018-08-30 07:41:45",51
"2018-08-30 08:41:50",51
"2018-08-30 09:41:46",51
"2018-08-30 10:41:46",51
"2018-08-30 11:41:46",51
"2018-08-30 12:41:45",51
"2018-08-30 13:41:49",51
"2018-08-30 14:41:46",51
"2018-08-30 15:41:45",51
"2018-08-30 16:41:46",51
"2018-08-30 17:41:45",51
"2018-08-30 18:41:47",51
"2018-08-30 19:41:46",51
"2018-08-30 20:41:45",51
"2018-08-30 21:41:46",51
"2018-08-30 22:41:46",51
"2018-08-30 23:41:47",51
"2018-08-31 00:41:48",51
"2018-08-31 01:41:46",51
"2018-08-31 02:41:46",51
"2018-08-31 03:41:47",51
"2018-08-31 04:41:47",51
"2018-08-31 05:41:46",51
"2018-08-31 06:41:47",51
"2018-08-31 07:41:46",51
"2018-08-31 08:41:46",51
"2018-08-31 09:41:47",51
"2018-08-31 10:41:45",51
"2018-08-31 11:41:46",51
"2018-08-31 12:41:46",51
"2018-08-31 13:41:47",51
"2018-08-31 14:41:46",51
"2018-08-31 15:41:46",51
"2018-08-31 16:41:45",51
"2018-08-31 17:41:46",52
"2018-08-31 18:41:46",52
"2018-08-31 19:41:47",52
"2018-08-31 20:41:48",52
"2018-08-31 21:41:46",52
"2018-08-31 22:41:46",52
"2018-08-31 23:41:46",52
"2018-09-01 00:41:47",52
"2018-09-01 01:41:47",52
"2018-09-01 02:41:47",52
"2018-09-01 03:41:47",52
"2018-09-01 04:41:47",52
"2018-09-01 05:41:47",52
"2018-09-01 06:41:47",52
"2018-09-01 07:41:47",52
"2018-09-01 08:41:47",52
"2018-09-01 09:41:47",52
"2018-09-01 10:41:47",52
"2018-09-01 11:41:46",52
"2018-09-01 12:41:47",52
"2018-09-01 13:41:48",52
"2018-09-01 14:41:48",52
"2018-09-01 15:41:47",52
"2018-09-01 16:41:46",52
"2018-09-01 17:41:46",52
"2018-09-01 18:41:47",52
"2018-09-01 19:41:46",52
"2018-09-01 20:41:46",52
"2018-09-01 21:41:46",52
"2018-09-01 22:41:47",52
"2018-09-01 23:41:47",52
"2018-09-02 00:41:46",52
"2018-09-02 01:41:46",52
"2018-09-02 02:41:47",52
"2018-09-02 03:41:48",52
"2018-09-02 04:41:47",52
"2018-09-02 05:41:47",52
"2018-09-02 06:41:46",52
"2018-09-02 07:41:46",52
"2018-09-02 08:41:47",52
"2018-09-02 09:41:46",52
"2018-09-02 10:41:46",52
"2018-09-02 11:41:47",52
"2018-09-02 12:41:47",52
"2018-09-02 13:41:47",52
"2018-09-02 14:41:47",52
"2018-09-02 15:41:47",52
"2018-09-02 16:41:47",52
"2018-09-02 17:41:47",52
"2018-09-02 18:41:46",52
"2018-09-02 19:41:46",52
"2018-09-02 20:41:46",52
"2018-09-02 21:41:47",52
"2018-09-02 22:41:47",52
"2018-09-02 23:41:48",52
"2018-09-03 00:41:46",52
"2018-09-03 01:41:47",52
"2018-09-03 02:41:48",52
"2018-09-03 03:41:46",52
"2018-09-03 04:41:47",52
"2018-09-03 05:41:46",52
"2018-09-03 06:41:47",52
"2018-09-03 07:41:47",52
"2018-09-03 08:41:50",52
"2018-09-03 09:41:47",52
"2018-09-03 10:41:46",52
"2018-09-03 11:41:47",52
"2018-09-03 12:41:46",52
"2018-09-03 13:41:47",52
"2018-09-03 14:41:46",52
"2018-09-03 15:41:46",52
"2018-09-03 16:41:47",52
"2018-09-03 17:41:46",52
"2018-09-03 18:41:47",52
"2018-09-03 19:41:46",52
"2018-09-03 20:41:47",52
"2018-09-03 21:41:46",52
"2018-09-03 22:41:47",52
"2018-09-03 23:41:46",52
"2018-09-04 00:41:47",52
"2018-09-04 01:41:47",52
"2018-09-04 02:41:46",52
"2018-09-04 03:41:47",52
"2018-09-04 04:41:46",52
"2018-09-04 05:41:46",52
"2018-09-04 06:41:46",52
"2018-09-04 07:41:47",52
"2018-09-04 08:41:47",52
"2018-09-04 09:41:46",52
"2018-09-04 10:41:47",52
"2018-09-04 11:41:46",52
"2018-09-04 12:41:46",52
"2018-09-04 13:41:49",52
"2018-09-04 14:41:48",53
"2018-09-04 15:41:47",53
"2018-09-04 16:41:47",53
"2018-09-04 17:41:47",53
"2018-09-04 18:41:48",53
"2018-09-04 19:41:49",53
"2018-09-04 20:41:47",53
"2018-09-04 21:41:47",53
"2018-09-04 22:41:47",53
"2018-09-04 23:41:46",53
"2018-09-05 00:41:47",53
"2018-09-05 01:41:47",53
"2018-09-05 02:41:47",53
"2018-09-05 03:41:46",53
"2018-09-05 04:41:46",53
"2018-09-05 05:41:46",53
"2018-09-05 06:41:46",53
"2018-09-05 07:41:47",53
"2018-09-05 08:41:47",53
"2018-09-05 09:41:46",53
"2018-09-05 10:41:46",53
"2018-09-05 11:41:50",53
"2018-09-05 12:41:46",53
"2018-09-05 13:41:52",53
"2018-09-05 14:41:49",53
"2018-09-05 15:41:47",53
"2018-09-05 16:41:48",53
"2018-09-05 17:41:48",53
"2018-09-05 18:41:48",53
"2018-09-05 19:41:47",53
"2018-09-05 20:41:47",53
"2018-09-05 21:41:46",53
"2018-09-05 22:41:46",53
"2018-09-05 23:41:47",53
"2018-09-06 00:41:47",53
"2018-09-06 01:41:47",53
"2018-09-06 02:41:47",53
"2018-09-06 03:41:47",53
"2018-09-06 04:41:47",53
"2018-09-06 05:41:48",53
"2018-09-06 06:41:47",53
"2018-09-06 07:41:46",53
"2018-09-06 08:41:47",53
"2018-09-06 09:41:47",53
"2018-09-06 10:41:45",53
"2018-09-06 11:41:46",53
"2018-09-06 13:06:50",53
"2018-09-06 13:41:51",53
"2018-09-06 14:41:47",53
"2018-09-06 15:41:47",54
"2018-09-06 16:41:47",54
"2018-09-06 17:41:47",54
"2018-09-06 18:41:47",55
"2018-09-06 19:41:47",55
"2018-09-06 20:41:46",55
"2018-09-06 21:41:46",55
"2018-09-06 22:41:47",55
"2018-09-06 23:41:48",55
"2018-09-07 00:41:47",55
"2018-09-07 01:41:47",55
"2018-09-07 02:41:47",55
"2018-09-07 03:41:47",55
"2018-09-07 04:41:46",55
"2018-09-07 05:41:48",55
"2018-09-07 06:41:48",55
"2018-09-07 08:41:48",55
"2018-09-07 09:41:48",55
"2018-09-07 10:41:48",55
"2018-09-07 11:41:47",55
"2018-09-07 12:41:47",55
"2018-09-07 13:41:50",55
"2018-09-07 14:41:47",55
"2018-09-07 15:41:47",55
"2018-09-07 16:41:48",55
"2018-09-07 17:41:47",55
"2018-09-07 18:41:46",55
"2018-09-07 19:41:46",55
"2018-09-07 20:41:47",55
"2018-09-07 21:41:46",55
"2018-09-07 22:41:46",55
"2018-09-07 23:41:47",55
"2018-09-08 00:41:47",55
"2018-09-08 01:41:47",55
"2018-09-08 02:41:47",55
"2018-09-08 03:41:47",55
"2018-09-08 04:41:46",55
"2018-09-08 05:41:47",55
"2018-09-08 06:41:47",55
"2018-09-08 07:41:46",55
"2018-09-08 08:41:46",55
"2018-09-08 09:41:46",55
"2018-09-08 10:41:46",55
"2018-09-08 11:41:46",55
"2018-09-08 12:41:47",55
"2018-09-08 13:41:47",55
"2018-09-08 14:41:46",55
"2018-09-08 15:41:47",55
"2018-09-08 16:41:47",55
"2018-09-08 17:41:47",55
"2018-09-08 18:41:47",55
"2018-09-08 19:41:47",55
"2018-09-08 20:41:46",55
"2018-09-08 21:41:46",55
"2018-09-08 22:41:47",55
"2018-09-08 23:41:47",55
"2018-09-09 00:41:46",55
"2018-09-09 01:41:47",55
"2018-09-09 02:41:47",55
"2018-09-09 03:41:46",55
"2018-09-09 04:41:46",55
"2018-09-09 05:41:46",55
"2018-09-09 06:41:47",55
"2018-09-09 07:41:46",55
"2018-09-09 08:41:47",55
"2018-09-09 09:41:47",55
"2018-09-09 10:41:46",55
"2018-09-09 11:41:47",55
"2018-09-09 12:41:47",55
"2018-09-09 13:41:47",55
"2018-09-09 14:41:47",55
"2018-09-09 15:41:47",55
"2018-09-09 16:41:46",55
"2018-09-09 17:41:47",55
"2018-09-09 18:41:47",55
"2018-09-09 19:41:47",55
"2018-09-09 20:41:46",55
"2018-09-09 21:41:47",55
"2018-09-09 22:41:46",55
"2018-09-09 23:41:47",55
"2018-09-10 00:41:47",55
"2018-09-10 01:41:48",55
"2018-09-10 02:41:47",55
"2018-09-10 03:41:47",55
"2018-09-10 04:41:47",55
"2018-09-10 05:41:46",55
"2018-09-10 06:41:46",55
"2018-09-10 07:41:46",55
"2018-09-10 08:41:46",55
"2018-09-10 09:41:46",55
"2018-09-10 10:41:46",55
"2018-09-10 11:41:46",55
"2018-09-10 12:41:47",55
"2018-09-10 13:41:50",55
"2018-09-10 14:41:47",55
"2018-09-10 15:41:48",55
"2018-09-10 16:41:48",55
"2018-09-10 17:41:47",55
"2018-09-10 18:41:48",55
"2018-09-10 19:41:46",55
"2018-09-10 20:41:47",55
"2018-09-10 21:41:46",55
"2018-09-10 22:41:47",55
"2018-09-10 23:41:47",55
"2018-09-11 00:41:47",55
"2018-09-11 01:41:47",55
"2018-09-11 02:41:48",55
"2018-09-11 03:41:47",55
"2018-09-11 04:41:47",55
"2018-09-11 05:41:48",55
"2018-09-11 06:41:47",55
"2018-09-11 07:41:47",55
"2018-09-11 08:41:46",55
"2018-09-11 09:41:47",55
"2018-09-11 10:41:46",55
"2018-09-11 11:41:46",55
"2018-09-11 12:41:47",55
"2018-09-11 13:41:49",55
"2018-09-11 14:41:47",55
"2018-09-11 15:41:46",54
"2018-09-11 16:41:47",54
"2018-09-11 17:41:47",54
"2018-09-11 18:41:47",53
"2018-09-11 19:41:47",53
"2018-09-11 20:41:46",53
"2018-09-11 21:41:46",53
"2018-09-11 22:41:46",53
"2018-09-11 23:41:47",53
"2018-09-12 00:41:47",53
"2018-09-12 01:41:48",53
"2018-09-12 20:41:49",54
"2018-09-12 21:41:47",54
"2018-09-12 22:41:46",54
"2018-09-12 23:41:46",54
"2018-09-13 00:41:47",54
"2018-09-13 01:41:47",54
"2018-09-13 02:41:50",54
"2018-09-13 03:41:46",54
"2018-09-13 04:41:47",54
"2018-09-13 05:41:47",54
"2018-09-13 06:41:47",54
"2018-09-13 07:41:46",54
"2018-09-13 08:41:46",54
"2018-09-13 09:41:46",54
"2018-09-13 10:41:46",54
"2018-09-13 11:41:46",54
"2018-09-13 12:41:48",54
"2018-09-13 14:41:49",54
"2018-09-13 15:41:48",54
"2018-09-13 16:41:48",54
"2018-09-13 17:41:47",54
"2018-09-13 18:41:48",54
"2018-09-13 19:41:48",54
"2018-09-13 20:41:48",54
"2018-09-13 21:41:47",54
"2018-09-13 22:41:48",54
"2018-09-13 23:41:48",54
"2018-09-14 00:41:48",54
"2018-09-14 01:41:48",54
"2018-09-14 02:41:48",54
"2018-09-14 03:41:48",54
"2018-09-14 04:41:48",54
"2018-09-14 05:41:48",54
"2018-09-14 06:41:47",54
"2018-09-14 07:41:48",54
"2018-09-14 08:41:48",54
"2018-09-14 09:41:48",54
"2018-09-14 10:41:48",54
"2018-09-14 11:41:47",54
"2018-09-14 12:41:48",54
"2018-09-14 13:41:52",54
"2018-09-14 14:41:51",53
"2018-09-14 15:41:50",53
"2018-09-14 16:41:48",54
"2018-09-14 17:41:49",54
"2018-09-14 18:41:49",54
"2018-09-14 19:41:48",54
"2018-09-14 20:41:48",54
"2018-09-14 21:41:47",54
"2018-09-14 22:41:47",54
"2018-09-14 23:41:48",54
"2018-09-15 00:41:48",54
"2018-09-15 01:41:48",54
"2018-09-15 02:41:48",54
"2018-09-15 03:41:48",54
"2018-09-15 04:41:47",54
"2018-09-15 05:41:47",54
"2018-09-15 06:41:47",54
"2018-09-15 07:41:48",54
"2018-09-15 08:41:47",54
"2018-09-15 09:41:48",54
"2018-09-15 10:41:48",54
"2018-09-15 11:41:47",54
"2018-09-15 12:41:49",54
"2018-09-15 13:41:48",54
"2018-09-15 14:41:47",54
"2018-09-15 15:41:48",54
"2018-09-15 16:41:47",54
"2018-09-15 17:41:47",54
"2018-09-15 18:41:47",54
"2018-09-15 19:41:48",54
"2018-09-15 20:41:48",54
"2018-09-15 21:41:47",54
"2018-09-15 22:41:47",54
"2018-09-15 23:41:47",54
"2018-09-16 00:41:47",54
"2018-09-16 01:41:47",54
"2018-09-16 02:41:48",54
"2018-09-16 03:41:47",54
"2018-09-16 04:41:48",54
"2018-09-16 05:41:48",54
"2018-09-16 06:41:48",54
"2018-09-16 07:41:47",54
"2018-09-16 08:41:47",54
"2018-09-16 09:41:48",54
"2018-09-16 10:41:47",54
"2018-09-16 11:41:48",54
"2018-09-16 12:41:47",54
"2018-09-16 13:41:48",54
"2018-09-16 14:41:48",54
"2018-09-16 15:41:48",54
"2018-09-16 16:41:48",54
"2018-09-16 17:41:47",54
"2018-09-16 18:41:48",54
"2018-09-16 19:41:47",54
"2018-09-16 20:41:48",54
"2018-09-16 21:41:47",54
"2018-09-16 22:41:48",54
"2018-09-16 23:41:48",54
"2018-09-17 00:41:48",54
"2018-09-17 01:41:48",54
"2018-09-17 02:41:48",54
"2018-09-17 03:41:47",54
"2018-09-17 04:41:48",54
"2018-09-17 05:41:47",54
"2018-09-17 06:41:47",54
"2018-09-17 07:41:48",54
"2018-09-17 08:41:48",54
"2018-09-17 09:41:47",54
"2018-09-17 10:41:48",54
"2018-09-17 11:41:48",54
"2018-09-17 12:41:47",54
"2018-09-17 13:41:51",54
"2018-09-17 14:41:48",54
"2018-09-17 15:41:54",55
"2018-09-17 16:41:48",55
"2018-09-17 17:41:47",55
"2018-09-17 18:41:48",55
"2018-09-17 19:41:48",55
"2018-09-17 20:41:48",55
"2018-09-17 21:41:48",55
"2018-09-17 22:41:47",55
"2018-09-17 23:41:47",55
"2018-09-18 00:41:47",55
"2018-09-18 01:41:47",55
"2018-09-18 02:41:47",55
"2018-09-18 03:41:47",55
"2018-09-18 04:41:48",55
"2018-09-18 05:41:48",55
"2018-09-18 06:41:48",55
"2018-09-18 07:41:47",55
"2018-09-18 08:41:48",55
"2018-09-18 09:41:47",55
"2018-09-18 10:41:47",55
"2018-09-18 11:41:47",55
"2018-09-18 12:41:48",55
"2018-09-18 13:41:50",55
"2018-09-18 14:41:48",55
"2018-09-18 15:41:47",55
"2018-09-18 16:41:49",55
"2018-09-18 17:41:49",55
"2018-09-18 18:41:48",55
"2018-09-18 19:41:50",54
"2018-09-18 20:41:48",54
"2018-09-18 21:41:47",54
"2018-09-18 22:41:47",54
"2018-09-18 23:41:48",54
"2018-09-19 00:41:49",54
"2018-09-19 01:41:48",54
"2018-09-19 02:41:48",54
"2018-09-19 03:41:48",54
"2018-09-19 04:41:48",54
"2018-09-19 05:41:48",54
"2018-09-19 06:41:48",54
"2018-09-19 07:41:48",54
"2018-09-19 08:41:47",54
"2018-09-19 09:41:47",54
"2018-09-19 10:41:47",54
"2018-09-19 11:41:47",54
"2018-09-19 12:41:47",54
"2018-09-19 13:42:29",54
"2018-09-19 14:41:52",54
"2018-09-19 15:41:51",54
"2018-09-19 16:41:49",54
"2018-09-19 17:41:49",54
"2018-09-19 18:41:49",54
"2018-09-19 19:41:56",54
"2018-09-19 20:41:49",55
"2018-09-19 21:41:49",55
"2018-09-19 22:41:48",55
"2018-09-19 23:41:49",55
"2018-09-20 00:41:49",55
"2018-09-20 01:41:51",55
"2018-09-20 02:41:50",55
"2018-09-20 03:41:53",55
"2018-09-20 04:41:49",55
"2018-09-20 05:41:49",55
"2018-09-20 06:41:49",55
"2018-09-20 07:41:48",55
"2018-09-20 08:41:50",55
"2018-09-20 09:41:49",55
"2018-09-20 10:41:48",55
"2018-09-20 11:41:47",55
"2018-09-20 13:07:53",55
"2018-09-20 14:41:52",55
"2018-09-20 15:41:50",55
"2018-09-20 16:41:50",55
"2018-09-20 17:41:49",55
"2018-09-20 18:41:49",55
"2018-09-20 19:41:50",55
"2018-09-20 20:41:49",55
"2018-09-20 21:41:48",55
"2018-09-20 22:41:48",55
"2018-09-20 23:41:49",55
"2018-09-21 00:41:50",55
"2018-09-21 01:41:49",55
"2018-09-21 02:41:49",55
"2018-09-21 03:41:49",55
"2018-09-21 04:41:52",55
"2018-09-21 05:41:49",55
"2018-09-21 06:41:49",55
"2018-09-21 07:41:49",55
"2018-09-21 08:41:49",55
"2018-09-21 09:41:49",55
"2018-09-21 10:41:48",55
"2018-09-21 11:41:49",55
"2018-09-21 13:09:22",55
"2018-09-21 13:41:53",55
"2018-09-21 14:41:49",55
"2018-09-21 15:41:51",55
"2018-09-21 16:41:50",55
"2018-09-21 17:41:49",55
"2018-09-21 18:41:49",55
"2018-09-21 19:41:50",55
"2018-09-21 20:41:49",55
"2018-09-21 21:41:48",55
"2018-09-21 22:41:48",55
"2018-09-21 23:41:49",55
"2018-09-22 00:41:48",55
"2018-09-22 01:41:48",55
"2018-09-22 02:41:48",55
"2018-09-22 03:41:49",55
"2018-09-22 04:41:49",55
"2018-09-22 05:41:49",55
"2018-09-22 06:41:48",55
"2018-09-22 07:41:49",55
"2018-09-22 08:41:48",55
"2018-09-22 09:41:48",55
"2018-09-22 10:41:48",55
"2018-09-22 11:41:49",55
"2018-09-22 12:41:48",55
"2018-09-22 13:41:50",55
"2018-09-22 14:41:49",55
"2018-09-22 15:41:49",55
"2018-09-22 16:41:49",55
"2018-09-22 17:41:49",55
"2018-09-22 18:41:49",55
"2018-09-22 19:41:49",55
"2018-09-22 20:41:48",55
"2018-09-22 21:41:48",55
"2018-09-22 22:41:49",55
"2018-09-22 23:41:48",55
"2018-09-23 00:41:49",55
"2018-09-23 01:41:49",55
"2018-09-23 02:41:48",55
"2018-09-23 03:41:50",55
"2018-09-23 04:41:50",55
"2018-09-23 05:41:48",55
"2018-09-23 06:41:48",55
"2018-09-23 07:41:49",55
"2018-09-23 08:41:48",55
"2018-09-23 09:41:48",55
"2018-09-23 10:41:49",55
"2018-09-23 11:41:49",55
"2018-09-23 12:41:48",55
"2018-09-23 13:41:49",55
"2018-09-23 14:41:49",55
"2018-09-23 15:41:49",55
"2018-09-23 16:41:49",55
"2018-09-23 17:41:48",55
"2018-09-23 18:41:49",55
"2018-09-23 19:41:49",55
"2018-09-23 20:41:48",55
"2018-09-23 21:41:49",55
"2018-09-23 22:41:49",55
"2018-09-23 23:41:49",55
"2018-09-24 00:41:48",55
"2018-09-24 01:41:50",55
"2018-09-24 02:41:49",55
"2018-09-24 03:41:49",55
"2018-09-24 04:41:50",55
"2018-09-24 05:41:49",55
"2018-09-24 06:41:49",55
"2018-09-24 07:41:49",55
"2018-09-24 08:41:48",55
"2018-09-24 09:41:48",55
"2018-09-24 10:41:48",55
"2018-09-24 11:41:49",55
"2018-09-24 12:41:48",55
"2018-09-24 13:41:53",55
"2018-09-24 14:41:49",55
"2018-09-24 15:41:49",54
"2018-09-24 16:41:48",54
"2018-09-24 17:41:49",54
"2018-09-24 18:41:49",54
"2018-09-24 19:41:50",54
"2018-09-24 20:41:49",54
"2018-09-24 21:41:49",54
"2018-09-24 22:41:49",54
"2018-09-24 23:41:49",54
"2018-09-25 00:41:49",54
"2018-09-25 01:41:48",54
"2018-09-25 02:41:48",54
"2018-09-25 03:41:48",54
"2018-09-25 04:41:49",54
"2018-09-25 05:41:48",54
"2018-09-25 06:41:49",54
"2018-09-25 07:41:49",54
"2018-09-25 08:41:49",54
"2018-09-25 09:41:48",54
"2018-09-25 10:41:49",54
"2018-09-25 11:41:49",54
"2018-09-25 12:41:49",54
"2018-09-25 13:41:51",54
"2018-09-25 14:41:51",54
"2018-09-25 15:41:50",54
"2018-09-25 16:41:50",54
"2018-09-25 17:41:48",54
"2018-09-25 18:41:49",54
"2018-09-25 19:41:49",54
"2018-09-25 20:41:49",54
"2018-09-25 21:41:49",54
"2018-09-25 22:41:49",54
"2018-09-25 23:41:49",54
"2018-09-26 00:41:50",54
"2018-09-26 01:41:51",54
"2018-09-26 02:41:51",54
"2018-09-26 03:41:51",54
"2018-09-26 04:41:49",54
"2018-09-26 05:41:49",54
"2018-09-26 06:41:49",54
"2018-09-26 07:41:49",54
"2018-09-26 08:41:49",54
"2018-09-26 09:41:49",54
"2018-09-26 10:41:48",54
"2018-09-26 11:41:48",54
"2018-09-26 13:08:24",54
"2018-09-26 13:41:54",54
"2018-09-26 14:41:50",54
"2018-09-26 15:41:51",54
"2018-09-26 16:41:51",53
"2018-09-26 17:41:50",53
"2018-09-26 18:41:52",52
"2018-09-26 19:41:51",52
"2018-09-26 20:41:50",52
"2018-09-26 21:41:50",52
"2018-09-26 22:41:50",52
"2018-09-26 23:41:50",52
"2018-09-27 00:41:51",52
"2018-09-27 01:41:50",52
"2018-09-27 02:41:51",52
"2018-09-27 03:41:50",52
"2018-09-27 04:41:50",52
"2018-09-27 05:41:50",52
"2018-09-27 06:41:51",52
"2018-09-27 07:41:50",52
"2018-09-27 08:41:50",52
"2018-09-27 09:41:50",52
"2018-09-27 10:41:50",52
"2018-09-27 11:41:50",52
"2018-09-27 12:41:50",52
"2018-09-27 13:41:52",52
"2018-09-27 14:41:51",52
"2018-09-27 15:41:51",52
"2018-09-27 17:07:30",52
"2018-09-27 17:41:52",52
"2018-09-27 18:41:52",52
"2018-09-27 19:41:51",52
"2018-09-27 20:41:51",52
"2018-09-27 21:41:51",52
"2018-09-27 22:41:50",52
"2018-09-27 23:41:51",52
"2018-09-28 00:41:52",52
"2018-09-28 01:41:51",52
"2018-09-28 02:41:50",52
"2018-09-28 03:41:50",52
"2018-09-28 04:41:51",52
"2018-09-28 05:41:51",52
"2018-09-28 06:41:51",52
"2018-09-28 07:41:51",52
"2018-09-28 08:41:51",52
"2018-09-28 09:41:51",52
"2018-09-28 10:41:51",52
"2018-09-28 11:41:51",52
"2018-09-28 12:41:51",52
"2018-09-28 13:41:54",52
"2018-09-28 14:41:51",52
"2018-09-28 15:41:53",52
"2018-09-28 16:41:52",52
"2018-09-28 17:41:52",52
"2018-09-28 18:41:52",52
"2018-09-28 19:41:52",52
"2018-09-28 20:41:51",52
"2018-09-28 21:41:51",52
"2018-09-28 22:41:51",52
"2018-09-28 23:41:50",52
"2018-09-29 00:41:50",52
"2018-09-29 01:41:51",52
"2018-09-29 02:41:57",52
"2018-09-29 03:41:51",52
"2018-09-29 04:41:50",52
"2018-09-29 05:41:50",52
"2018-09-29 06:41:50",52
"2018-09-29 07:41:50",52
"2018-09-29 08:41:50",52
"2018-09-29 09:41:50",52
"2018-09-29 10:41:50",52
"2018-09-29 11:41:52",52
"2018-09-29 12:41:50",52
"2018-09-29 13:41:51",52
"2018-09-29 14:41:51",52
"2018-09-29 15:41:52",52
"2018-09-29 16:41:50",52
"2018-09-29 17:41:50",52
"2018-09-29 18:41:51",52
"2018-09-29 19:41:50",52
"2018-09-29 20:41:50",52
"2018-09-29 21:41:51",52
"2018-09-29 22:41:50",52
"2018-09-29 23:41:50",52
"2018-09-30 00:41:51",52
"2018-09-30 01:41:51",52
"2018-09-30 02:41:49",52
"2018-09-30 03:41:51",52
"2018-09-30 04:41:51",52
"2018-09-30 05:41:50",52
"2018-09-30 06:41:49",52
"2018-09-30 07:41:49",52
"2018-09-30 08:41:50",52
"2018-09-30 09:41:49",52
"2018-09-30 10:41:50",52
"2018-09-30 11:41:49",52
"2018-09-30 12:41:50",52
"2018-09-30 13:41:50",52
"2018-09-30 14:41:50",52
"2018-09-30 15:41:50",52
"2018-09-30 16:41:50",52
"2018-09-30 17:41:49",52
"2018-09-30 18:41:50",52
"2018-09-30 19:41:50",52
"2018-09-30 20:41:50",52
"2018-09-30 21:41:49",52
"2018-09-30 22:41:50",52
"2018-09-30 23:41:51",52
"2018-10-01 00:41:52",52
"2018-10-01 01:41:50",52
"2018-10-01 02:41:51",52
"2018-10-01 03:41:51",52
"2018-10-01 04:41:50",52
"2018-10-01 05:41:51",52
"2018-10-01 06:41:50",52
"2018-10-01 07:41:50",52
"2018-10-01 08:41:51",52
"2018-10-01 09:41:50",52
"2018-10-01 10:41:48",52
"2018-10-01 11:41:49",52
"2018-10-01 12:41:50",52
"2018-10-01 14:07:03",52
"2018-10-01 14:41:51",52
"2018-10-01 15:41:50",52
"2018-10-01 16:41:51",52
"2018-10-01 17:41:53",52
"2018-10-01 18:41:50",52
"2018-10-01 19:41:51",52
"2018-10-01 20:41:50",52
"2018-10-01 21:41:50",52
"2018-10-01 22:41:49",52
"2018-10-01 23:41:50",52
"2018-10-02 00:41:52",52
"2018-10-02 01:41:50",52
"2018-10-02 02:41:50",52
"2018-10-02 03:41:50",52
"2018-10-02 04:41:51",52
"2018-10-02 05:41:50",52
"2018-10-02 06:41:50",52
"2018-10-02 07:41:51",52
"2018-10-02 08:41:50",52
"2018-10-02 09:41:50",52
"2018-10-02 10:41:50",52
"2018-10-02 11:41:50",52
"2018-10-02 12:41:49",52
"2018-10-02 13:41:53",52
"2018-10-02 14:41:52",52
"2018-10-02 15:41:51",52
"2018-10-02 16:41:51",52
"2018-10-02 17:41:50",52
"2018-10-02 18:41:50",52
"2018-10-02 19:41:50",52
"2018-10-02 20:41:51",52
"2018-10-02 21:41:50",52
"2018-10-02 22:41:50",52
"2018-10-02 23:41:50",52
"2018-10-03 00:41:50",52
"2018-10-03 01:41:49",52
"2018-10-03 02:41:50",52
"2018-10-03 03:41:51",52
"2018-10-03 04:41:52",52
"2018-10-03 05:41:51",52
"2018-10-03 06:41:50",52
"2018-10-03 07:41:51",52
"2018-10-03 08:41:51",52
"2018-10-03 09:41:51",52
"2018-10-03 10:41:51",52
"2018-10-03 11:41:51",52
"2018-10-03 12:41:50",52
"2018-10-03 13:43:00",52
"2018-10-03 15:06:56",52
"2018-10-03 15:41:51",52
"2018-10-03 16:41:51",52
"2018-10-03 17:41:51",52
"2018-10-03 18:41:50",52
"2018-10-03 19:41:50",52
"2018-10-03 20:41:50",52
"2018-10-03 21:41:50",52
"2018-10-03 22:41:51",52
"2018-10-03 23:41:50",52
"2018-10-04 00:41:51",52
"2018-10-04 01:41:51",52
"2018-10-04 02:41:50",52
"2018-10-04 03:41:49",52
"2018-10-04 04:41:50",52
"2018-10-04 05:41:50",52
"2018-10-04 06:41:49",52
"2018-10-04 07:41:50",52
"2018-10-04 08:41:49",52
"2018-10-04 09:41:50",52
"2018-10-04 10:41:50",52
"2018-10-04 11:41:50",52
"2018-10-04 12:41:51",52
"2018-10-04 14:07:59",52
"2018-10-04 14:41:52",52
"2018-10-04 15:41:51",52
"2018-10-04 16:41:54",52
"2018-10-04 17:41:52",52
"2018-10-04 18:41:51",51
"2018-10-04 19:41:52",51
"2018-10-04 20:41:51",51
"2018-10-04 21:41:51",51
"2018-10-04 22:41:51",51
"2018-10-04 23:41:51",51
"2018-10-05 00:41:51",51
"2018-10-05 01:41:51",51
"2018-10-05 02:41:51",51
"2018-10-05 03:41:52",51
"2018-10-05 04:41:52",51
"2018-10-05 05:41:52",51
"2018-10-05 06:41:51",51
"2018-10-05 07:41:51",51
"2018-10-05 08:41:51",51
"2018-10-05 09:41:51",51
"2018-10-05 10:41:51",51
"2018-10-05 11:41:51",51
"2018-10-05 12:41:51",51
"2018-10-05 13:41:54",51
"2018-10-05 14:41:52",51
"2018-10-05 15:41:54",51
"2018-10-05 16:41:53",51
"2018-10-05 17:41:54",51
"2018-10-05 18:41:54",51
"2018-10-05 19:41:51",51
"2018-10-05 20:41:51",51
"2018-10-05 21:41:51",51
"2018-10-05 22:41:51",51
"2018-10-05 23:41:50",51
"2018-10-06 00:41:52",51
"2018-10-06 01:41:52",51
"2018-10-06 02:41:52",51
"2018-10-06 03:41:52",51
"2018-10-06 04:41:52",51
"2018-10-06 05:41:51",51
"2018-10-06 06:41:52",51
"2018-10-06 07:41:52",51
"2018-10-06 08:41:51",51
"2018-10-06 09:41:51",51
"2018-10-06 10:41:52",51
"2018-10-06 11:41:50",51
"2018-10-06 12:41:51",51
"2018-10-06 13:41:51",51
"2018-10-06 14:41:52",51
"2018-10-06 15:41:52",51
"2018-10-06 16:41:51",51
"2018-10-06 17:41:51",51
"2018-10-06 18:41:51",51
"2018-10-06 19:41:52",51
"2018-10-06 20:41:51",51
"2018-10-06 21:41:51",51
"2018-10-06 22:41:51",51
"2018-10-06 23:41:51",51
"2018-10-07 00:41:51",51
"2018-10-07 01:41:51",51
"2018-10-07 02:41:51",51
"2018-10-07 03:41:52",51
"2018-10-07 04:41:51",51
"2018-10-07 05:41:52",51
"2018-10-07 06:41:51",51
"2018-10-07 07:41:51",51
"2018-10-07 08:41:50",51
"2018-10-07 09:41:50",51
"2018-10-07 10:41:51",51
"2018-10-07 11:41:50",51
"2018-10-07 12:41:51",51
"2018-10-07 13:41:52",51
"2018-10-07 14:41:52",51
"2018-10-07 15:41:52",51
"2018-10-07 16:41:52",51
"2018-10-07 17:41:52",51
"2018-10-07 18:41:52",51
"2018-10-07 19:41:52",51
"2018-10-07 20:41:52",51
"2018-10-07 21:41:52",51
"2018-10-07 22:41:51",51
"2018-10-07 23:41:51",51
"2018-10-08 00:41:51",51
"2018-10-08 01:41:51",51
"2018-10-08 02:41:52",51
"2018-10-08 03:41:51",51
"2018-10-08 04:41:51",51
"2018-10-08 05:41:50",51
"2018-10-08 06:41:51",51
"2018-10-08 07:41:51",51
"2018-10-08 08:41:51",51
"2018-10-08 09:41:51",51
"2018-10-08 10:41:51",51
"2018-10-08 11:41:50",51
"2018-10-08 12:41:51",51
"2018-10-08 13:41:57",51
"2018-10-08 14:41:52",51
"2018-10-08 15:41:53",51
"2018-10-08 16:41:53",51
"2018-10-08 17:41:53",51
"2018-10-08 18:41:52",51
"2018-10-08 19:41:52",51
"2018-10-08 20:41:51",51
"2018-10-08 21:41:51",51
"2018-10-08 22:41:50",51
"2018-10-08 23:41:51",51
"2018-10-09 00:41:50",51
"2018-10-09 01:42:21",51
"2018-10-09 02:41:50",51
"2018-10-09 03:41:56",51
"2018-10-09 04:41:50",51
"2018-10-09 05:41:50",51
"2018-10-09 06:41:50",51
"2018-10-09 07:41:50",51
"2018-10-09 08:41:50",51
"2018-10-09 09:41:49",51
"2018-10-09 10:41:50",51
"2018-10-09 11:41:50",51
"2018-10-09 12:41:50",51
"2018-10-09 13:41:55",51
"2018-10-09 14:41:52",51
"2018-10-09 15:41:52",52
"2018-10-09 16:41:50",52
"2018-10-09 17:41:50",52
"2018-10-09 18:41:51",51
"2018-10-09 19:41:49",51
"2018-10-09 21:41:49",51
"2018-10-09 22:41:51",51
"2018-10-09 23:41:50",51
"2018-10-10 00:41:50",51
"2018-10-10 01:41:50",51
"2018-10-10 02:41:50",51
"2018-10-10 03:41:53",51
"2018-10-10 04:41:50",51
"2018-10-10 05:41:50",51
"2018-10-10 06:41:50",51
"2018-10-10 07:41:50",51
"2018-10-10 08:41:50",51
"2018-10-10 09:41:50",51
"2018-10-10 10:41:50",51
"2018-10-10 11:41:50",51
"2018-10-10 12:41:50",51
"2018-10-10 13:41:53",51
"2018-10-10 14:41:52",52
"2018-10-10 15:41:51",51
"2018-10-10 16:41:51",51
"2018-10-10 17:41:50",51
"2018-10-10 18:41:51",51
"2018-10-10 19:41:55",51
"2018-10-10 20:41:51",51
"2018-10-10 21:41:50",51
"2018-10-10 22:41:51",51
"2018-10-10 23:41:51",51
"2018-10-11 00:41:51",51
"2018-10-11 01:41:50",51
"2018-10-11 02:41:50",51
"2018-10-11 03:41:49",51
"2018-10-11 04:41:49",51
"2018-10-11 05:41:49",51
"2018-10-11 06:41:50",51
"2018-10-11 07:41:49",51
"2018-10-11 08:41:50",51
"2018-10-11 09:41:50",51
"2018-10-11 10:41:51",51
"2018-10-11 11:41:50",51
"2018-10-11 12:41:49",51
"2018-10-11 13:41:53",51
"2018-10-11 14:41:50",51
"2018-10-11 15:41:51",51
"2018-10-11 16:41:52",51
"2018-10-11 17:41:51",51
"2018-10-11 18:41:52",51
"2018-10-11 19:41:50",51
"2018-10-11 20:41:51",51
"2018-10-11 21:41:51",51
"2018-10-11 22:41:49",51
"2018-10-11 23:41:51",51
"2018-10-12 00:41:50",51
"2018-10-12 01:41:50",51
"2018-10-12 02:41:51",51
"2018-10-12 03:41:50",51
"2018-10-12 04:41:51",51
"2018-10-12 05:41:49",51
"2018-10-12 06:41:49",51
"2018-10-12 07:41:49",51
"2018-10-12 08:41:50",51
"2018-10-12 09:41:50",51
"2018-10-12 10:41:50",51
"2018-10-12 11:41:50",51
"2018-10-12 12:41:51",51
"2018-10-12 13:41:54",51
"2018-10-12 14:41:51",51
"2018-10-12 15:41:53",51
"2018-10-12 16:41:52",51
"2018-10-12 17:41:51",51
"2018-10-12 18:41:51",51
"2018-10-12 19:41:52",51
"2018-10-12 20:41:51",51
"2018-10-12 21:41:51",51
"2018-10-12 22:41:51",51
"2018-10-12 23:41:51",51
"2018-10-13 00:41:50",51
"2018-10-13 01:41:51",51
"2018-10-13 02:41:52",51
"2018-10-13 03:41:51",51
"2018-10-13 04:41:52",51
"2018-10-13 05:41:51",51
"2018-10-13 06:41:51",51
"2018-10-13 07:41:51",51
"2018-10-13 08:41:52",51
"2018-10-13 09:41:51",51
"2018-10-13 10:41:51",51
"2018-10-13 11:41:50",51
"2018-10-13 12:41:51",51
"2018-10-13 13:41:51",51
"2018-10-13 14:41:51",51
"2018-10-13 15:41:51",51
"2018-10-13 16:41:50",51
"2018-10-13 17:41:51",51
"2018-10-13 18:41:51",51
"2018-10-13 19:41:51",51
"2018-10-13 20:41:51",51
"2018-10-13 21:41:51",51
"2018-10-13 22:41:52",51
"2018-10-13 23:41:51",51
"2018-10-14 00:41:51",51
"2018-10-14 01:41:51",51
"2018-10-14 02:41:51",51
"2018-10-14 03:41:51",51
"2018-10-14 04:41:52",51
"2018-10-14 05:41:51",51
"2018-10-14 06:41:51",51
"2018-10-14 07:41:51",51
"2018-10-14 08:41:50",51
"2018-10-14 09:41:51",51
"2018-10-14 10:41:51",51
"2018-10-14 11:41:51",51
"2018-10-14 12:41:50",51
"2018-10-14 13:41:50",51
"2018-10-14 14:41:51",51
"2018-10-14 15:41:51",51
"2018-10-14 16:41:50",51
"2018-10-14 17:41:50",51
"2018-10-14 18:41:51",51
"2018-10-14 19:41:51",51
"2018-10-14 20:41:50",51
"2018-10-14 21:41:52",51
"2018-10-14 22:41:50",51
"2018-10-14 23:41:51",51
"2018-10-15 00:41:52",51
"2018-10-15 01:41:51",51
"2018-10-15 02:41:50",51
"2018-10-15 03:41:51",51
"2018-10-15 04:41:51",51
"2018-10-15 05:41:51",51
"2018-10-15 06:41:52",51
"2018-10-15 07:41:52",51
"2018-10-15 08:42:03",51
"2018-10-15 09:41:51",51
"2018-10-15 10:41:51",51
"2018-10-15 11:41:51",51
"2018-10-15 12:41:51",51
"2018-10-15 13:41:55",51
"2018-10-15 14:41:52",51
"2018-10-15 15:41:52",51
"2018-10-15 16:41:54",51
"2018-10-15 17:41:52",51
"2018-10-15 18:41:52",51
"2018-10-15 19:41:52",51
"2018-10-15 20:41:53",51
"2018-10-15 21:41:53",51
"2018-10-15 22:41:51",51
"2018-10-15 23:41:52",51
"2018-10-16 00:41:52",51
"2018-10-16 01:41:53",51
"2018-10-16 02:41:52",51
"2018-10-16 03:41:51",51
"2018-10-16 04:41:52",51
"2018-10-16 09:41:50",51
"2018-10-16 10:41:52",51
"2018-10-16 11:41:50",51
"2018-10-16 12:41:51",51
"2018-10-16 13:41:54",51
"2018-10-16 14:41:53",51
"2018-10-16 15:41:52",51
"2018-10-16 16:41:51",51
"2018-10-16 17:41:53",51
"2018-10-16 18:41:53",51
"2018-10-16 19:41:53",51
"2018-10-16 20:41:52",51
"2018-10-16 21:41:51",51
"2018-10-16 22:41:52",51
"2018-10-16 23:41:52",51
"2018-10-17 00:41:52",51
"2018-10-17 01:41:52",51
"2018-10-17 02:41:51",51
"2018-10-17 03:41:51",51
"2018-10-17 04:41:51",51
"2018-10-17 05:41:52",51
"2018-10-17 06:41:52",51
"2018-10-17 07:41:52",51
"2018-10-17 08:41:51",51
"2018-10-17 09:41:52",51
"2018-10-17 10:41:51",51
"2018-10-17 11:41:51",51
"2018-10-17 12:41:52",51
"2018-10-17 14:07:55",51
"2018-10-17 14:41:51",51
"2018-10-17 15:41:52",51
"2018-10-17 16:41:52",51
"2018-10-17 17:41:52",51
"2018-10-17 18:41:52",51
"2018-10-17 19:41:52",51
"2018-10-17 20:41:52",51
"2018-10-17 21:41:52",51
"2018-10-17 22:41:51",51
"2018-10-17 23:41:51",51
"2018-10-18 00:41:52",51
"2018-10-18 01:41:51",51
"2018-10-18 02:41:52",51
"2018-10-18 03:41:53",51
"2018-10-18 04:41:50",51
"2018-10-18 05:41:51",51
"2018-10-18 06:41:50",51
"2018-10-18 07:41:51",51
"2018-10-18 08:41:50",51
"2018-10-18 09:41:50",51
"2018-10-18 10:41:51",51
"2018-10-18 11:41:50",51
"2018-10-18 13:06:53",51
"2018-10-18 13:41:52",51
"2018-10-18 14:41:52",51
"2018-10-18 15:41:52",51
"2018-10-18 16:41:52",51
"2018-10-18 17:41:51",51
"2018-10-18 18:41:51",51
"2018-10-18 19:41:51",51
"2018-10-18 20:41:51",51
"2018-10-18 21:41:51",51
"2018-10-18 22:41:51",51
"2018-10-18 23:41:50",51
"2018-10-19 00:41:52",51
"2018-10-19 01:41:51",51
"2018-10-19 02:41:51",51
"2018-10-19 03:41:51",51
"2018-10-19 04:41:51",51
"2018-10-19 05:41:50",51
"2018-10-19 06:41:51",51
"2018-10-19 07:41:51",51
"2018-10-19 08:41:51",51
"2018-10-19 09:41:50",51
"2018-10-19 10:41:51",51
"2018-10-19 11:41:51",51
"2018-10-19 13:06:26",51
"2018-10-19 13:41:58",51
"2018-10-19 14:41:52",51
"2018-10-19 15:41:53",51
"2018-10-19 16:41:52",51
"2018-10-19 17:41:52",51
"2018-10-19 18:41:53",51
"2018-10-19 19:41:53",51
"2018-10-19 20:41:53",51
"2018-10-19 21:41:52",51
"2018-10-19 22:41:52",51
"2018-10-19 23:42:21",51
"2018-10-20 00:41:52",51
"2018-10-20 01:41:53",51
"2018-10-20 02:41:52",51
"2018-10-20 03:41:51",51
"2018-10-20 04:41:52",51
"2018-10-20 05:41:52",51
"2018-10-20 06:41:53",51
"2018-10-20 07:41:51",51
"2018-10-20 08:41:52",51
"2018-10-20 09:41:52",51
"2018-10-20 10:41:52",51
"2018-10-20 11:41:52",51
"2018-10-20 12:41:52",51
"2018-10-20 13:41:53",51
"2018-10-20 14:41:53",51
"2018-10-20 15:41:53",51
"2018-10-20 16:41:52",51
"2018-10-20 17:41:52",51
"2018-10-20 18:41:52",51
"2018-10-20 19:41:52",51
"2018-10-20 20:41:52",51
"2018-10-20 21:41:53",51
"2018-10-20 22:41:52",51
"2018-10-20 23:41:52",51
"2018-10-21 00:41:52",51
"2018-10-21 01:41:53",51
"2018-10-21 02:41:52",51
"2018-10-21 03:41:52",51
"2018-10-21 04:41:52",51
"2018-10-21 05:41:52",51
"2018-10-21 06:41:52",51
"2018-10-21 07:41:57",51
"2018-10-21 08:41:51",51
"2018-10-21 09:41:51",51
"2018-10-21 10:41:51",51
"2018-10-21 11:41:51",51
"2018-10-21 12:41:51",51
"2018-10-21 13:41:54",51
"2018-10-21 14:41:53",51
"2018-10-21 15:41:53",51
"2018-10-21 16:41:52",51
"2018-10-21 17:41:52",51
"2018-10-21 18:41:52",51
"2018-10-21 19:41:52",51
"2018-10-21 20:41:52",51
"2018-10-21 21:41:52",51
"2018-10-21 22:41:53",51
"2018-10-21 23:41:52",51
"2018-10-22 00:41:53",51
"2018-10-22 01:41:54",51
"2018-10-22 02:41:54",51
"2018-10-22 03:41:54",51
"2018-10-22 04:41:54",51
"2018-10-22 05:41:52",51
"2018-10-22 06:41:52",51
"2018-10-22 07:41:54",51
"2018-10-22 08:41:52",51
"2018-10-22 09:41:52",51
"2018-10-22 10:41:53",51
"2018-10-22 11:41:52",51
"2018-10-22 12:41:53",51
"2018-10-22 13:41:55",51
"2018-10-22 14:41:55",51
"2018-10-22 15:41:53",51
"2018-10-22 16:41:52",51
"2018-10-22 17:41:53",51
"2018-10-22 18:41:51",51
"2018-10-22 19:41:53",50
"2018-10-22 20:41:52",50
"2018-10-22 21:41:53",50
"2018-10-22 22:41:52",50
"2018-10-22 23:41:53",50
"2018-10-23 00:41:53",50
"2018-10-23 01:41:53",50
"2018-10-23 02:41:52",50
"2018-10-23 03:41:52",50
"2018-10-23 04:41:52",50
"2018-10-23 05:41:52",50
"2018-10-23 06:41:52",50
"2018-10-23 07:41:55",50
"2018-10-23 08:41:51",50
"2018-10-23 09:41:52",50
"2018-10-23 10:41:52",50
"2018-10-23 11:41:52",50
"2018-10-23 12:41:51",50
"2018-10-23 13:41:55",50
"2018-10-23 14:41:53",50
"2018-10-23 15:41:52",50
"2018-10-23 16:41:52",50
"2018-10-23 17:41:52",50
"2018-10-23 18:41:53",50
"2018-10-23 19:41:52",50
"2018-10-23 20:41:52",50
"2018-10-23 21:41:52",50
"2018-10-23 22:41:52",50
"2018-10-23 23:41:52",50
"2018-10-24 00:41:52",50
"2018-10-24 01:41:53",50
"2018-10-24 02:41:53",50
"2018-10-24 03:41:53",50
"2018-10-24 04:41:52",50
"2018-10-24 05:41:53",50
"2018-10-24 06:41:53",50
"2018-10-24 07:41:52",50
"2018-10-24 08:41:52",50
"2018-10-24 09:41:52",50
"2018-10-24 10:41:52",50
"2018-10-24 11:41:52",50
"2018-10-24 12:41:51",50
"2018-10-24 13:41:53",50
"2018-10-24 14:41:53",50
"2018-10-24 15:41:53",50
"2018-10-24 16:41:53",50
"2018-10-24 17:41:52",50
"2018-10-24 18:41:53",50
"2018-10-24 19:41:52",50
"2018-10-24 20:41:53",50
"2018-10-24 21:41:52",50
"2018-10-24 22:41:53",50
"2018-10-24 23:41:52",50
"2018-10-25 00:41:52",50
"2018-10-25 01:41:52",50
"2018-10-25 02:41:52",50
"2018-10-25 03:41:51",50
"2018-10-25 04:41:53",50
"2018-10-25 05:41:52",50
"2018-10-25 06:41:52",50
"2018-10-25 07:41:52",50
"2018-10-25 08:41:52",50
"2018-10-25 09:41:52",50
"2018-10-25 10:41:52",50
"2018-10-25 11:41:53",50
"2018-10-25 14:07:59",50
"2018-10-25 14:41:54",50
"2018-10-25 15:41:54",50
"2018-10-25 16:41:53",50
"2018-10-25 17:41:53",50
"2018-10-25 18:41:53",50
"2018-10-25 19:41:52",50
"2018-10-25 20:41:53",50
"2018-10-25 21:41:53",50
"2018-10-25 22:41:52",50
"2018-10-25 23:41:53",50
"2018-10-26 00:41:52",50
"2018-10-26 01:41:52",50
"2018-10-26 02:41:53",50
"2018-10-26 03:41:53",50
"2018-10-26 04:41:53",50
"2018-10-26 05:41:52",50
"2018-10-26 06:41:52",50
"2018-10-26 07:41:51",50
"2018-10-26 08:41:51",50
"2018-10-26 09:41:52",50
"2018-10-26 10:41:52",50
"2018-10-26 11:41:52",50
"2018-10-26 12:41:52",50
"2018-10-26 13:41:53",50
"2018-10-26 14:41:52",50
"2018-10-26 15:41:52",50
"2018-10-26 16:41:52",50
"2018-10-26 17:41:52",50
"2018-10-26 18:41:52",50
"2018-10-26 19:41:52",50
"2018-10-26 20:41:52",50
"2018-10-26 21:41:51",50
"2018-10-26 22:41:51",50
"2018-10-26 23:41:52",50
"2018-10-27 00:41:51",50
"2018-10-27 01:41:52",50
"2018-10-27 02:41:52",50
"2018-10-27 03:41:51",50
"2018-10-27 04:41:51",50
"2018-10-27 05:41:52",50
"2018-10-27 06:41:52",50
"2018-10-27 07:41:52",50
"2018-10-27 08:41:52",50
"2018-10-27 09:41:52",50
"2018-10-27 10:41:52",50
"2018-10-27 11:41:52",50
"2018-10-27 12:41:51",50
"2018-10-27 13:41:51",50
"2018-10-27 14:41:52",50
"2018-10-27 15:41:53",50
"2018-10-27 16:41:52",50
"2018-10-27 17:41:52",50
"2018-10-27 18:41:51",50
"2018-10-27 19:41:52",50
"2018-10-27 20:41:52",50
"2018-10-27 21:41:52",50
"2018-10-27 22:41:52",50
"2018-10-27 23:41:51",50
"2018-10-28 00:41:52",50
"2018-10-28 01:41:52",50
"2018-10-28 02:41:51",50
"2018-10-28 03:41:52",50
"2018-10-28 04:41:52",50
"2018-10-28 05:41:52",50
"2018-10-28 06:41:52",50
"2018-10-28 07:41:51",50
"2018-10-28 08:41:52",50
"2018-10-28 09:41:52",50
"2018-10-28 10:41:51",50
"2018-10-28 11:41:51",50
"2018-10-28 12:41:51",50
"2018-10-28 13:41:52",50
"2018-10-28 14:41:52",50
"2018-10-28 15:41:52",50
"2018-10-28 16:41:52",50
"2018-10-28 17:41:52",50
"2018-10-28 18:41:52",50
"2018-10-28 19:41:51",50
"2018-10-28 20:41:51",50
"2018-10-28 21:41:51",50
"2018-10-28 22:41:52",50
"2018-10-28 23:41:51",50
"2018-10-29 00:41:52",50
"2018-10-29 01:41:52",50
"2018-10-29 02:41:52",50
"2018-10-29 03:41:51",50
"2018-10-29 04:41:52",50
"2018-10-29 05:41:51",50
"2018-10-29 06:41:52",50
"2018-10-29 07:41:51",50
"2018-10-29 08:41:52",50
"2018-10-29 09:41:51",50
"2018-10-29 10:41:51",50
"2018-10-29 11:41:51",50
"2018-10-29 12:41:52",50
"2018-10-29 13:41:54",50
"2018-10-29 14:41:52",50
"2018-10-29 15:41:52",49
"2018-10-29 16:41:54",49
"2018-10-29 17:41:53",49
"2018-10-29 18:41:54",49
"2018-10-29 19:41:54",49
"2018-10-29 20:41:53",49
"2018-10-29 21:41:53",49
"2018-10-29 22:41:54",49
"2018-10-29 23:41:54",49
"2018-10-30 00:41:53",49
"2018-10-30 01:41:52",49
"2018-10-30 02:41:53",49
"2018-10-30 03:41:53",49
"2018-10-30 04:41:53",49
"2018-10-30 05:41:52",49
"2018-10-30 06:41:53",49
"2018-10-30 07:41:52",49
"2018-10-30 08:41:51",49
"2018-10-30 09:41:52",49
"2018-10-30 10:41:52",49
"2018-10-30 11:41:52",49
"2018-10-30 12:41:52",49
"2018-10-30 13:41:55",49
"2018-10-30 14:41:56",49
"2018-10-30 15:41:54",49
"2018-10-30 16:41:53",49
"2018-10-30 17:41:52",49
"2018-10-30 18:41:53",49
"2018-10-30 19:41:53",49
"2018-10-30 20:41:53",49
"2018-10-30 21:41:53",49
"2018-10-30 22:41:53",49
"2018-10-30 23:41:52",49
"2018-10-31 00:41:53",49
"2018-10-31 01:41:54",49
"2018-10-31 02:41:54",49
"2018-10-31 03:41:52",49
"2018-10-31 04:41:53",49
"2018-10-31 05:41:53",49
"2018-10-31 06:41:53",49
"2018-10-31 07:41:52",49
"2018-10-31 08:41:53",49
"2018-10-31 09:41:52",49
"2018-10-31 10:41:53",49
"2018-10-31 11:41:53",49
"2018-10-31 12:41:53",49
"2018-10-31 14:08:28",49
"2018-10-31 14:41:53",49
"2018-10-31 15:41:54",49
"2018-10-31 16:41:53",49
"2018-10-31 17:41:52",49
"2018-10-31 18:41:53",49
"2018-10-31 19:41:53",49
"2018-10-31 20:41:53",49
"2018-10-31 21:41:52",49
"2018-10-31 22:41:52",49
"2018-10-31 23:41:53",49
"2018-11-01 00:41:52",49
"2018-11-01 01:41:53",49
"2018-11-01 02:41:53",49
"2018-11-01 03:41:52",49
"2018-11-01 04:41:53",49
"2018-11-01 05:41:53",49
"2018-11-01 06:41:53",49
"2018-11-01 07:41:53",49
"2018-11-01 08:41:53",49
"2018-11-01 09:41:53",49
"2018-11-01 10:41:54",49
"2018-11-01 11:41:53",49
"2018-11-01 12:41:52",49
"2018-11-01 13:41:53",49
"2018-11-01 14:41:57",49
"2018-11-01 15:41:54",49
"2018-11-01 16:41:54",49
"2018-11-01 17:41:53",49
"2018-11-01 18:41:54",49
"2018-11-01 19:41:54",49
"2018-11-01 20:41:55",49
"2018-11-01 21:41:54",49
"2018-11-01 22:41:54",49
"2018-11-01 23:41:53",49
"2018-11-02 00:41:53",49
"2018-11-02 01:41:53",49
"2018-11-02 02:41:54",49
"2018-11-02 03:41:55",49
"2018-11-02 04:41:53",49
"2018-11-02 05:41:53",49
"2018-11-02 06:41:53",49
"2018-11-02 07:41:52",49
"2018-11-02 08:41:53",49
"2018-11-02 09:41:54",49
"2018-11-02 10:41:53",49
"2018-11-02 11:41:52",49
"2018-11-02 12:41:53",49
"2018-11-02 14:06:27",49
"2018-11-02 14:41:54",49
"2018-11-02 15:41:54",49
"2018-11-02 16:41:54",49
"2018-11-02 17:41:54",49
"2018-11-02 18:41:53",49
"2018-11-02 19:41:53",49
"2018-11-02 20:41:54",49
"2018-11-02 21:41:54",49
"2018-11-02 22:41:53",49
"2018-11-02 23:41:54",49
"2018-11-03 00:41:54",49
"2018-11-03 01:41:53",49
"2018-11-03 02:41:55",49
"2018-11-03 03:41:52",49
"2018-11-03 04:41:53",49
"2018-11-03 05:41:53",49
"2018-11-03 06:41:53",49
"2018-11-03 07:41:52",49
"2018-11-03 08:41:53",49
"2018-11-03 09:41:54",49
"2018-11-03 10:41:53",49
"2018-11-03 11:41:53",49
"2018-11-03 12:41:53",49
"2018-11-03 13:41:53",49
"2018-11-03 14:41:53",49
"2018-11-03 15:41:53",49
"2018-11-03 16:41:53",49
"2018-11-03 17:41:56",49
"2018-11-03 18:41:55",49
"2018-11-03 19:41:54",49
"2018-11-03 20:41:53",49
"2018-11-03 21:42:56",49
"2018-11-03 22:41:53",49
"2018-11-03 23:41:54",49
"2018-11-04 00:41:54",49
"2018-11-04 01:41:54",49
"2018-11-04 02:41:53",49
"2018-11-04 03:41:53",49
"2018-11-04 04:41:54",49
"2018-11-04 05:41:53",49
"2018-11-04 06:41:53",49
"2018-11-04 07:41:53",49
"2018-11-04 08:41:54",49
"2018-11-04 09:41:52",49
"2018-11-04 10:41:52",49
"2018-11-04 11:41:53",49
"2018-11-04 12:41:53",49
"2018-11-04 13:41:53",49
"2018-11-04 14:41:53",49
"2018-11-04 15:41:53",49
"2018-11-04 16:41:53",49
"2018-11-04 17:41:53",49
"2018-11-04 18:41:53",49
"2018-11-04 19:41:53",49
"2018-11-04 20:41:52",49
"2018-11-04 21:41:53",49
"2018-11-04 22:41:54",49
"2018-11-04 23:41:54",49
"2018-11-05 00:41:53",49
"2018-11-05 01:41:53",49
"2018-11-05 02:41:52",49
"2018-11-05 03:41:54",49
"2018-11-05 04:41:54",49
"2018-11-05 05:41:54",49
"2018-11-05 06:41:53",49
"2018-11-05 07:41:53",49
"2018-11-05 08:41:53",49
"2018-11-05 09:41:53",49
"2018-11-05 10:41:53",49
"2018-11-05 11:41:52",49
"2018-11-05 12:41:52",49
"2018-11-05 13:41:53",49
"2018-11-05 14:41:58",49
"2018-11-05 15:41:55",49
"2018-11-05 16:41:56",49
"2018-11-05 17:41:54",49
"2018-11-05 18:41:53",49
"2018-11-05 19:41:54",49
"2018-11-05 20:41:55",49
"2018-11-05 21:41:56",49
"2018-11-05 22:41:56",49
"2018-11-05 23:41:54",49
"2018-11-06 00:41:54",49
"2018-11-06 01:41:54",49
"2018-11-06 02:41:54",49
"2018-11-06 03:41:55",49
"2018-11-06 04:41:55",49
"2018-11-06 05:41:55",49
"2018-11-06 06:41:55",49
"2018-11-06 07:41:56",49
"2018-11-06 08:41:56",49
"2018-11-06 09:41:55",49
"2018-11-06 10:41:55",49
"2018-11-06 11:41:55",49
"2018-11-06 12:41:55",49
"2018-11-06 13:41:56",49
"2018-11-06 14:41:58",49
"2018-11-06 15:41:58",49
"2018-11-06 16:41:58",49
"2018-11-06 17:42:00",49
"2018-11-06 18:41:57",49
"2018-11-06 19:41:55",50
"2018-11-06 20:41:57",50
"2018-11-06 21:41:56",50
"2018-11-06 22:41:57",50
"2018-11-06 23:41:55",50
"2018-11-07 00:41:56",50
"2018-11-07 01:41:56",50
"2018-11-07 02:41:56",50
"2018-11-07 03:41:56",50
"2018-11-07 04:41:55",50
"2018-11-07 05:41:55",50
"2018-11-07 06:41:55",50
"2018-11-07 07:41:56",50
"2018-11-07 08:41:55",50
"2018-11-07 09:41:55",50
"2018-11-07 10:41:55",50
"2018-11-07 11:41:55",50
"2018-11-07 12:41:56",50
"2018-11-07 13:41:55",50
"2018-11-07 14:42:00",50
"2018-11-07 15:41:56",50
"2018-11-07 16:41:55",50
"2018-11-07 17:41:57",50
"2018-11-07 18:41:58",50
"2018-11-07 19:41:58",50
"2018-11-07 20:41:58",50
"2018-11-07 21:41:55",50
"2018-11-07 22:41:56",50
"2018-11-07 23:41:55",50
"2018-11-08 00:41:55",50
"2018-11-08 01:41:56",50
"2018-11-08 02:41:55",50
"2018-11-08 03:41:55",50
"2018-11-08 04:41:56",50
"2018-11-08 05:41:56",50
"2018-11-08 06:41:56",50
"2018-11-08 07:41:56",50
"2018-11-08 08:41:56",50
"2018-11-08 09:41:55",50
"2018-11-08 10:41:55",50
"2018-11-08 11:41:55",50
"2018-11-08 12:41:56",50
"2018-11-08 13:41:55",50
"2018-11-08 14:41:58",50
"2018-11-08 15:41:57",50
"2018-11-08 16:41:57",50
"2018-11-08 17:41:55",50
"2018-11-08 18:41:55",50
"2018-11-08 19:41:56",50
"2018-11-08 20:41:58",51
"2018-11-08 21:41:57",51
"2018-11-08 22:41:55",51
"2018-11-08 23:41:56",51
"2018-11-09 00:41:56",51
"2018-11-09 01:41:56",51
"2018-11-09 02:41:56",51
"2018-11-09 03:41:56",51
"2018-11-09 04:41:56",51
"2018-11-09 05:41:56",51
"2018-11-09 06:41:55",51
"2018-11-09 07:41:56",51
"2018-11-09 08:41:56",51
"2018-11-09 09:41:56",51
"2018-11-09 10:41:55",51
"2018-11-09 11:41:55",51
"2018-11-09 12:41:56",51
"2018-11-09 13:41:55",51
"2018-11-09 15:05:59",51
"2018-11-09 15:41:57",51
"2018-11-09 16:41:56",51
"2018-11-09 17:41:56",51
"2018-11-09 18:41:56",51
"2018-11-09 19:41:59",51
"2018-11-09 20:41:57",51
"2018-11-09 21:41:56",51
"2018-11-09 22:41:56",51
"2018-11-09 23:41:55",51
"2018-11-10 00:41:55",51
"2018-11-10 01:41:56",51
"2018-11-10 02:41:55",51
"2018-11-10 03:41:56",51
"2018-11-10 04:41:56",51
"2018-11-10 05:41:55",51
"2018-11-10 06:41:55",51
"2018-11-10 07:41:55",51
"2018-11-10 08:41:56",51
"2018-11-10 09:41:56",51
"2018-11-10 10:41:55",51
"2018-11-10 11:41:56",51
"2018-11-10 12:41:55",51
"2018-11-10 13:41:55",51
"2018-11-10 14:41:55",51
"2018-11-10 15:41:58",51
"2018-11-10 16:41:56",51
"2018-11-10 17:41:56",51
"2018-11-10 18:41:57",51
"2018-11-10 19:41:57",51
"2018-11-10 20:41:56",51
"2018-11-10 21:41:56",51
"2018-11-10 22:41:56",51
"2018-11-10 23:41:56",51
"2018-11-11 00:41:56",51
"2018-11-11 01:41:56",51
"2018-11-11 02:41:55",51
"2018-11-11 03:41:56",51
"2018-11-11 04:41:55",51
"2018-11-11 05:41:56",51
"2018-11-11 06:41:55",51
"2018-11-11 07:41:56",51
"2018-11-11 08:41:55",51
"2018-11-11 09:41:56",51
"2018-11-11 10:41:57",51
"2018-11-11 11:41:56",51
"2018-11-11 12:41:56",51
"2018-11-11 13:41:55",51
"2018-11-11 14:41:56",51
"2018-11-11 15:41:57",51
"2018-11-11 16:41:55",51
"2018-11-11 17:41:56",51
"2018-11-11 18:41:56",51
"2018-11-11 19:41:55",51
"2018-11-11 20:41:56",51
"2018-11-11 21:41:55",51
"2018-11-11 22:41:56",51
"2018-11-11 23:41:55",51
"2018-11-12 00:41:56",51
"2018-11-12 01:41:55",51
"2018-11-12 02:41:56",51
"2018-11-12 03:41:56",51
"2018-11-12 04:41:56",51
"2018-11-12 05:41:56",51
"2018-11-12 06:41:56",51
"2018-11-12 07:41:56",51
"2018-11-12 08:41:56",51
"2018-11-12 09:41:56",51
"2018-11-12 10:41:56",51
"2018-11-12 11:41:56",51
"2018-11-12 12:41:55",51
"2018-11-12 13:41:56",51
"2018-11-12 14:41:58",51
"2018-11-12 15:41:55",51
"2018-11-12 16:41:57",51
"2018-11-12 17:41:55",51
"2018-11-12 18:41:55",51
"2018-11-12 19:41:56",51
"2018-11-12 20:41:56",51
"2018-11-12 21:41:55",51
"2018-11-12 22:41:56",51
"2018-11-12 23:41:55",51
"2018-11-13 00:41:56",51
"2018-11-13 01:41:56",51
"2018-11-13 02:41:57",51
"2018-11-13 03:41:56",51
"2018-11-13 04:41:56",51
"2018-11-13 05:41:56",51
"2018-11-13 06:41:56",51
"2018-11-13 07:41:56",51
"2018-11-13 08:41:57",51
"2018-11-13 09:41:56",51
"2018-11-13 10:41:57",51
"2018-11-13 11:41:56",51
"2018-11-13 12:41:56",51
"2018-11-13 13:41:55",51
"2018-11-13 14:41:58",51
"2018-11-13 15:41:56",51
"2018-11-13 16:41:55",51
"2018-11-13 17:41:56",51
"2018-11-13 18:41:55",51
"2018-11-13 19:41:56",51
"2018-11-13 20:41:55",51
"2018-11-13 21:41:55",51
"2018-11-13 22:41:55",51
"2018-11-13 23:41:56",51
"2018-11-14 00:41:56",51
"2018-11-14 01:41:56",51
"2018-11-14 02:41:55",51
"2018-11-14 03:41:55",51
"2018-11-14 04:41:56",51
"2018-11-14 05:41:55",51
"2018-11-14 06:41:56",51
"2018-11-14 07:41:56",51
"2018-11-14 08:41:56",51
"2018-11-14 09:41:56",51
"2018-11-14 10:41:55",51
"2018-11-14 11:41:56",51
"2018-11-14 12:41:56",51
"2018-11-14 13:41:56",51
"2018-11-14 14:41:57",51
"2018-11-14 15:41:57",51
"2018-11-14 16:41:57",51
"2018-11-14 17:41:57",51
"2018-11-14 18:41:58",51
"2018-11-14 19:41:57",51
"2018-11-14 20:41:57",51
"2018-11-14 21:41:57",51
"2018-11-14 22:41:57",51
"2018-11-14 23:41:56",51
"2018-11-15 00:41:55",51
"2018-11-15 01:41:56",51
"2018-11-15 02:41:56",51
"2018-11-15 03:41:56",51
"2018-11-15 04:41:56",51
"2018-11-15 05:41:57",51
"2018-11-15 06:41:55",51
"2018-11-15 07:41:55",51
"2018-11-15 08:41:55",51
"2018-11-15 09:41:56",51
"2018-11-15 10:41:56",51
"2018-11-15 11:41:55",51
"2018-11-15 12:41:55",51
"2018-11-15 13:41:56",51
"2018-11-15 14:41:57",51
"2018-11-15 15:41:57",51
"2018-11-15 16:41:55",51
"2018-11-15 17:41:58",51
"2018-11-15 18:41:57",51
"2018-11-15 19:41:55",51
"2018-11-15 20:41:57",51
"2018-11-15 21:41:58",51
"2018-11-15 22:41:57",51
"2018-11-15 23:41:56",51
"2018-11-16 00:41:56",51
"2018-11-16 01:41:55",51
"2018-11-16 02:41:55",51
"2018-11-16 03:41:55",51
"2018-11-16 04:41:55",51
"2018-11-16 05:41:55",51
"2018-11-16 06:41:56",51
"2018-11-16 07:41:56",51
"2018-11-16 08:41:55",51
"2018-11-16 09:41:56",51
"2018-11-16 10:41:56",51
"2018-11-16 11:41:55",51
"2018-11-16 12:41:55",51
"2018-11-16 13:41:56",51
"2018-11-16 14:41:57",51
"2018-11-16 15:41:56",51
"2018-11-16 16:41:56",51
"2018-11-16 17:41:56",51
"2018-11-16 18:41:56",51
"2018-11-16 19:41:55",51
"2018-11-16 20:41:58",51
"2018-11-16 21:41:57",51
"2018-11-16 22:41:57",51
"2018-11-16 23:41:57",51
"2018-11-17 00:41:57",51
"2018-11-17 01:41:56",51
"2018-11-17 02:41:55",51
"2018-11-17 03:42:00",51
"2018-11-17 04:41:56",51
"2018-11-17 05:41:56",51
"2018-11-17 06:41:57",51
"2018-11-17 07:41:55",51
"2018-11-17 08:41:56",51
"2018-11-17 09:41:56",51
"2018-11-17 10:41:56",51
"2018-11-17 11:41:56",51
"2018-11-17 12:41:55",51
"2018-11-17 13:41:56",51
"2018-11-17 14:41:57",51
"2018-11-17 15:41:56",51
"2018-11-17 16:41:55",51
"2018-11-17 17:41:57",51
"2018-11-17 18:41:56",51
"2018-11-17 19:41:56",51
"2018-11-17 20:41:56",51
"2018-11-17 21:41:56",51
"2018-11-17 22:41:55",51
"2018-11-17 23:41:55",51
"2018-11-18 00:41:55",51
"2018-11-18 01:41:56",51
"2018-11-18 02:41:56",51
"2018-11-18 03:41:56",51
"2018-11-18 04:41:55",51
"2018-11-18 05:41:55",51
"2018-11-18 06:41:56",51
"2018-11-18 07:41:55",51
"2018-11-18 08:41:55",51
"2018-11-18 09:41:56",51
"2018-11-18 10:41:55",51
"2018-11-18 11:41:55",51
"2018-11-18 12:41:55",51
"2018-11-18 13:41:55",51
"2018-11-18 14:41:56",51
"2018-11-18 15:41:56",51
"2018-11-18 16:41:55",51
"2018-11-18 17:41:56",51
"2018-11-18 18:41:56",51
"2018-11-18 19:41:55",51
"2018-11-18 20:41:56",51
"2018-11-18 21:41:56",51
"2018-11-18 22:41:55",51
"2018-11-18 23:41:56",51
"2018-11-19 00:41:56",51
"2018-11-19 01:41:56",51
"2018-11-19 02:41:56",51
"2018-11-19 03:41:56",51
"2018-11-19 04:41:56",51
"2018-11-19 05:41:55",51
"2018-11-19 06:41:55",51
"2018-11-19 07:41:56",51
"2018-11-19 08:41:55",51
"2018-11-19 09:41:55",51
"2018-11-19 10:41:56",51
"2018-11-19 11:41:56",51
"2018-11-19 12:41:56",51
"2018-11-19 13:41:55",51
"2018-11-19 14:41:57",51
"2018-11-19 15:41:55",51
"2018-11-19 16:41:58",52
"2018-11-19 17:41:57",52
"2018-11-19 18:41:56",52
"2018-11-19 19:41:56",52
"2018-11-19 20:41:56",52
"2018-11-19 21:41:56",52
"2018-11-19 22:41:56",52
"2018-11-19 23:41:55",52
"2018-11-20 00:41:56",52
"2018-11-20 01:41:56",52
"2018-11-20 02:41:56",52
"2018-11-20 03:41:57",52
"2018-11-20 04:41:55",52
"2018-11-20 05:41:55",52
"2018-11-20 06:41:56",52
"2018-11-20 07:41:56",52
"2018-11-20 08:41:56",52
"2018-11-20 09:41:56",52
"2018-11-20 10:41:56",52
"2018-11-20 11:41:55",52
"2018-11-20 12:41:55",52
"2018-11-20 13:41:57",52
"2018-11-20 14:41:57",52
"2018-11-20 15:41:57",52
"2018-11-20 16:41:55",52
"2018-11-20 17:41:55",52
"2018-11-20 18:41:59",52
"2018-11-20 19:41:57",52
"2018-11-20 20:41:57",52
"2018-11-20 21:41:58",52
"2018-11-20 22:41:57",52
"2018-11-20 23:41:56",52
"2018-11-21 00:41:55",52
"2018-11-21 01:41:56",52
"2018-11-21 02:41:55",52
"2018-11-21 03:41:56",52
"2018-11-21 04:41:56",52
"2018-11-21 05:41:56",52
"2018-11-21 06:41:57",52
"2018-11-21 07:41:57",52
"2018-11-21 08:41:57",52
"2018-11-21 09:41:56",52
"2018-11-21 10:41:56",52
"2018-11-21 11:41:56",52
"2018-11-21 12:41:55",52
"2018-11-21 13:41:55",52
"2018-11-21 14:41:58",52
"2018-11-21 16:41:56",52
"2018-11-21 17:41:59",52
"2018-11-21 18:41:56",52
"2018-11-21 19:41:57",52
"2018-11-21 20:41:58",52
"2018-11-21 21:41:57",52
"2018-11-21 22:41:56",52
"2018-11-21 23:41:56",52
"2018-11-22 00:41:56",52
"2018-11-22 01:41:56",52
"2018-11-22 02:41:57",52
"2018-11-22 03:41:56",52
"2018-11-22 04:41:57",52
"2018-11-22 05:41:56",52
"2018-11-22 06:41:57",52
"2018-11-22 07:41:57",52
"2018-11-22 08:41:56",52
"2018-11-22 09:41:56",52
"2018-11-22 10:41:57",52
"2018-11-22 11:41:57",52
"2018-11-22 12:41:57",52
"2018-11-22 13:41:57",52
"2018-11-22 14:41:56",52
"2018-11-22 15:41:57",52
"2018-11-22 16:41:55",52
"2018-11-22 17:41:57",52
"2018-11-22 18:41:55",52
"2018-11-22 19:41:56",52
"2018-11-22 20:41:56",52
"2018-11-22 21:41:57",52
"2018-11-22 22:41:57",52
"2018-11-22 23:41:56",52
"2018-11-23 00:41:56",52
"2018-11-23 01:41:55",52
"2018-11-23 02:41:56",52
"2018-11-23 03:41:56",52
"2018-11-23 04:41:57",52
"2018-11-23 05:41:56",52
"2018-11-23 06:41:56",52
"2018-11-23 07:41:56",52
"2018-11-23 08:41:56",52
"2018-11-23 09:41:56",52
"2018-11-23 10:41:56",52
"2018-11-23 11:41:57",52
"2018-11-23 12:41:57",52
"2018-11-23 13:41:56",52
"2018-11-23 14:41:57",52
"2018-11-23 15:41:57",52
"2018-11-23 16:41:56",52
"2018-11-23 17:41:56",52
"2018-11-23 18:41:56",52
"2018-11-23 19:41:57",52
"2018-11-23 20:41:57",52
"2018-11-23 21:41:57",52
"2018-11-23 22:41:57",52
"2018-11-23 23:41:58",52
"2018-11-24 00:41:57",52
"2018-11-24 01:41:58",52
"2018-11-24 02:41:58",52
"2018-11-24 03:41:57",52
"2018-11-24 04:41:58",52
"2018-11-24 05:41:58",52
"2018-11-24 06:41:57",52
"2018-11-24 07:41:57",52
"2018-11-24 08:41:57",52
"2018-11-24 09:41:56",52
"2018-11-24 10:41:56",52
"2018-11-24 11:41:58",52
"2018-11-24 12:41:57",52
"2018-11-24 13:41:56",52
"2018-11-24 14:41:57",52
"2018-11-24 15:41:57",52
"2018-11-24 16:41:56",52
"2018-11-24 17:41:58",52
"2018-11-24 18:41:56",52
"2018-11-24 19:41:56",52
"2018-11-24 20:41:58",52
"2018-11-24 21:41:57",52
"2018-11-24 22:41:56",52
"2018-11-24 23:41:57",52
"2018-11-25 00:41:57",52
"2018-11-25 01:41:57",52
"2018-11-25 02:41:57",52
"2018-11-25 03:41:57",52
"2018-11-25 04:41:57",52
"2018-11-25 05:41:57",52
"2018-11-25 06:41:57",52
"2018-11-25 07:41:57",52
"2018-11-25 08:41:56",52
"2018-11-25 09:41:57",52
"2018-11-25 10:41:56",52
"2018-11-25 11:41:58",52
"2018-11-25 12:41:56",52
"2018-11-25 13:41:57",52
"2018-11-25 14:41:57",52
"2018-11-25 15:41:57",52
"2018-11-25 16:41:58",52
"2018-11-25 17:41:57",52
"2018-11-25 18:41:57",52
"2018-11-25 19:41:58",52
"2018-11-25 20:41:57",52
"2018-11-25 21:41:57",52
"2018-11-25 22:41:57",52
"2018-11-25 23:41:57",52
"2018-11-26 00:41:56",52
"2018-11-26 01:41:57",52
"2018-11-26 02:41:58",52
"2018-11-26 03:41:57",52
"2018-11-26 04:41:56",52
"2018-11-26 05:41:57",52
"2018-11-26 06:41:56",52
"2018-11-26 07:41:57",52
"2018-11-26 08:41:57",52
"2018-11-26 09:41:57",52
"2018-11-26 10:41:57",52
"2018-11-26 11:41:57",52
"2018-11-26 12:41:57",52
"2018-11-26 13:41:56",52
"2018-11-26 14:41:59",52
"2018-11-26 15:41:56",52
"2018-11-26 16:41:57",52
"2018-11-26 17:41:57",52
"2018-11-26 18:41:57",52
"2018-11-26 19:41:56",52
"2018-11-26 20:41:58",52
"2018-11-26 21:41:56",52
"2018-11-26 22:41:58",52
"2018-11-26 23:41:58",52
"2018-11-27 00:41:58",52
"2018-11-27 01:41:57",52
"2018-11-27 02:41:57",52
"2018-11-27 03:41:56",52
"2018-11-27 04:41:56",52
"2018-11-27 05:41:57",52
"2018-11-27 06:41:57",52
"2018-11-27 07:41:56",52
"2018-11-27 08:41:56",52
"2018-11-27 09:41:56",52
"2018-11-27 10:42:42",52
"2018-11-27 11:41:56",52
"2018-11-27 12:41:56",52
"2018-11-27 13:41:57",52
"2018-11-27 14:41:59",52
"2018-11-27 15:41:58",52
"2018-11-27 16:41:59",52
"2018-11-27 17:41:59",52
"2018-11-27 18:41:58",52
"2018-11-27 19:41:58",52
"2018-11-27 20:41:58",52
"2018-11-27 21:41:58",52
"2018-11-27 22:41:58",52
"2018-11-27 23:41:59",52
"2018-11-28 00:41:58",52
"2018-11-28 01:41:57",52
"2018-11-28 02:41:58",52
"2018-11-28 03:41:59",52
"2018-11-28 04:41:59",52
"2018-11-28 05:41:58",52
"2018-11-28 06:41:57",52
"2018-11-28 07:41:56",52
"2018-11-28 08:41:58",52
"2018-11-28 09:42:00",52
"2018-11-28 10:41:58",52
"2018-11-28 11:41:57",52
"2018-11-28 12:41:57",52
"2018-11-28 14:06:59",52
"2018-11-28 14:41:58",52
"2018-11-28 15:41:59",52
"2018-11-28 16:41:58",52
"2018-11-28 17:41:59",52
"2018-11-28 18:41:57",52
"2018-11-28 19:41:58",52
"2018-11-28 20:41:58",52
"2018-11-28 21:41:57",52
"2018-11-28 22:41:56",52
"2018-11-28 23:41:56",52
"2018-11-29 00:41:56",52
"2018-11-29 01:41:57",52
"2018-11-29 02:41:57",52
"2018-11-29 03:41:56",52
"2018-11-29 04:41:56",52
"2018-11-29 05:41:56",52
"2018-11-29 06:41:57",52
"2018-11-29 07:41:55",52
"2018-11-29 08:41:55",52
"2018-11-29 09:41:56",52
"2018-11-29 10:41:57",52
"2018-11-29 11:41:56",52
"2018-11-29 12:41:56",52
"2018-11-29 13:41:57",52
"2018-11-29 15:07:00",52
"2018-11-29 15:41:57",52
"2018-11-29 16:41:57",51
"2018-11-29 17:41:58",51
"2018-11-29 18:41:59",51
"2018-11-29 19:41:57",51
"2018-11-29 20:41:56",51
"2018-11-29 21:41:57",51
"2018-11-29 22:41:57",51
"2018-11-29 23:41:58",51
"2018-11-30 00:41:58",51
"2018-11-30 01:41:58",51
"2018-11-30 02:41:56",51
"2018-11-30 03:41:58",51
"2018-11-30 04:41:56",51
"2018-11-30 05:41:58",51
"2018-11-30 06:41:57",51
"2018-11-30 07:41:56",51
"2018-11-30 08:41:56",51
"2018-11-30 09:41:57",51
"2018-11-30 10:41:57",51
"2018-11-30 11:41:56",51
"2018-11-30 12:41:56",51
"2018-11-30 13:41:56",51
"2018-11-30 14:41:59",51
"2018-11-30 15:41:57",51
"2018-11-30 16:41:57",49
"2018-11-30 17:41:57",49
"2018-11-30 18:41:56",49
"2018-11-30 19:41:56",49
"2018-11-30 20:41:57",49
"2018-11-30 21:41:56",49
"2018-11-30 22:41:58",49
"2018-11-30 23:41:57",49
"2018-12-01 00:41:56",49
"2018-12-01 01:41:56",49
"2018-12-01 02:41:56",49
"2018-12-01 03:41:57",49
"2018-12-01 04:41:56",49
"2018-12-01 05:41:56",49
"2018-12-01 06:41:56",49
"2018-12-01 07:41:56",49
"2018-12-01 08:41:56",49
"2018-12-01 09:41:56",49
"2018-12-01 10:41:56",49
"2018-12-01 11:41:57",49
"2018-12-01 12:41:56",49
"2018-12-01 13:41:57",49
"2018-12-01 14:41:56",49
"2018-12-01 15:41:56",49
"2018-12-01 16:41:56",49
"2018-12-01 17:41:56",49
"2018-12-01 18:41:56",49
"2018-12-01 19:41:55",49
"2018-12-01 20:41:56",49
"2018-12-01 21:41:56",49
"2018-12-01 22:41:58",49
"2018-12-01 23:41:57",49
"2018-12-02 00:41:55",49
"2018-12-02 01:41:56",49
"2018-12-02 02:41:56",49
"2018-12-02 03:41:57",49
"2018-12-02 04:41:57",49
"2018-12-02 05:41:56",49
"2018-12-02 06:41:56",49
"2018-12-02 07:41:57",49
"2018-12-02 08:41:58",49
"2018-12-02 09:41:56",49
"2018-12-02 10:41:57",49
"2018-12-02 11:41:56",49
"2018-12-02 12:41:55",49
"2018-12-02 13:41:56",49
"2018-12-02 14:41:56",49
"2018-12-02 15:41:57",49
"2018-12-02 16:41:56",49
"2018-12-02 17:41:56",49
"2018-12-02 18:41:56",49
"2018-12-02 19:41:56",49
"2018-12-02 20:41:56",49
"2018-12-02 21:41:56",49
"2018-12-02 22:41:55",49
"2018-12-02 23:41:56",49
"2018-12-03 00:41:56",49
"2018-12-03 01:41:56",49
"2018-12-03 02:41:56",49
"2018-12-03 03:41:56",49
"2018-12-03 04:41:57",49
"2018-12-03 05:41:55",49
"2018-12-03 06:41:57",49
"2018-12-03 07:41:56",49
"2018-12-03 08:41:56",49
"2018-12-03 09:41:57",49
"2018-12-03 10:41:56",49
"2018-12-03 11:41:57",49
"2018-12-03 12:41:55",49
"2018-12-03 13:41:55",49
"2018-12-03 14:42:01",49
"2018-12-03 15:41:57",49
"2018-12-03 16:41:59",49
"2018-12-03 17:41:59",49
"2018-12-03 18:41:58",49
"2018-12-03 19:41:57",49
"2018-12-03 20:41:58",49
"2018-12-03 21:41:57",49
"2018-12-03 22:41:58",49
"2018-12-03 23:41:59",49
"2018-12-04 00:41:58",49
"2018-12-04 01:41:57",49
"2018-12-04 02:41:58",49
"2018-12-04 03:41:58",49
"2018-12-04 04:41:57",49
"2018-12-04 05:41:59",49
"2018-12-04 06:41:58",49
"2018-12-04 07:41:58",49
"2018-12-04 08:41:58",49
"2018-12-04 09:41:57",49
"2018-12-04 10:41:56",49
"2018-12-04 11:41:57",49
"2018-12-04 12:41:57",49
"2018-12-04 13:41:58",49
"2018-12-04 15:08:31",49
"2018-12-04 15:41:59",49
"2018-12-04 16:41:58",49
"2018-12-04 17:41:58",49
"2018-12-04 18:41:58",49
"2018-12-04 19:41:58",49
"2018-12-04 20:41:58",49
"2018-12-04 21:41:58",49
"2018-12-04 22:42:00",49
"2018-12-04 23:41:58",49
"2018-12-05 00:41:59",49
"2018-12-05 01:41:58",49
"2018-12-05 02:41:59",49
"2018-12-05 03:41:58",49
"2018-12-05 04:42:00",49
"2018-12-05 05:42:01",49
"2018-12-05 06:41:58",49
"2018-12-05 07:41:57",49
"2018-12-05 08:41:57",49
"2018-12-05 09:41:57",49
"2018-12-05 10:41:58",49
"2018-12-05 11:41:58",49
"2018-12-05 12:41:57",49
"2018-12-05 13:41:57",49
"2018-12-05 14:41:57",49
"2018-12-05 15:41:58",49
"2018-12-05 16:41:57",49
"2018-12-05 17:41:58",49
"2018-12-05 18:41:58",49
"2018-12-05 19:41:58",49
"2018-12-05 20:41:58",49
"2018-12-05 21:41:59",49
"2018-12-05 22:41:58",49
"2018-12-05 23:41:59",49
"2018-12-06 00:41:59",49
"2018-12-06 01:41:59",49
"2018-12-06 02:41:58",49
"2018-12-06 03:41:59",49
"2018-12-06 04:41:57",49
"2018-12-06 05:41:57",49
"2018-12-06 06:41:58",49
"2018-12-06 07:41:56",49
"2018-12-06 08:41:59",49
"2018-12-06 09:41:58",49
"2018-12-06 10:41:57",49
"2018-12-06 11:41:58",49
"2018-12-06 12:41:58",49
"2018-12-06 13:41:58",49
"2018-12-06 14:41:59",49
"2018-12-06 15:41:58",49
"2018-12-06 16:41:58",49
"2018-12-06 17:41:59",49
"2018-12-06 18:41:58",49
"2018-12-06 19:41:57",49
"2018-12-06 20:41:58",48
"2018-12-06 21:41:58",48
"2018-12-06 22:41:57",48
"2018-12-06 23:42:00",48
"2018-12-07 00:42:01",48
"2018-12-07 01:42:01",48
"2018-12-07 02:42:00",48
"2018-12-07 03:42:01",48
"2018-12-07 04:42:01",48
"2018-12-07 05:42:01",48
"2018-12-07 06:42:01",48
"2018-12-07 07:42:00",48
"2018-12-07 08:42:00",48
"2018-12-07 09:42:00",48
"2018-12-07 10:42:00",48
"2018-12-07 11:42:00",48
"2018-12-07 12:42:01",48
"2018-12-07 14:07:01",48
"2018-12-07 14:42:03",48
"2018-12-07 16:07:05",48
"2018-12-07 16:42:00",48
"2018-12-07 17:42:01",48
"2018-12-07 18:42:00",48
"2018-12-07 19:42:03",48
"2018-12-07 20:42:01",48
"2018-12-07 21:42:00",48
"2018-12-07 22:42:02",48
"2018-12-07 23:42:02",48
"2018-12-08 00:42:01",48
"2018-12-08 01:42:00",48
"2018-12-08 03:42:01",48
"2018-12-08 04:42:01",48
"2018-12-08 05:42:02",48
"2018-12-08 06:42:00",48
"2018-12-08 07:42:01",48
"2018-12-08 08:42:00",48
"2018-12-08 09:42:00",48
"2018-12-08 10:42:01",48
"2018-12-08 11:42:00",48
"2018-12-08 12:42:01",48
"2018-12-08 13:41:59",48
"2018-12-08 14:42:00",48
"2018-12-08 15:42:00",48
"2018-12-08 16:42:01",48
"2018-12-08 17:42:01",48
"2018-12-08 18:42:00",48
"2018-12-08 19:42:01",48
"2018-12-08 20:42:03",48
"2018-12-08 21:42:03",48
"2018-12-08 22:42:00",48
"2018-12-08 23:42:02",48
"2018-12-09 00:42:01",48
"2018-12-09 01:42:02",48
"2018-12-09 02:42:01",48
"2018-12-09 03:42:00",48
"2018-12-09 04:42:00",48
"2018-12-09 05:42:00",48
"2018-12-09 06:42:00",48
"2018-12-09 07:42:02",48
"2018-12-09 08:42:01",48
"2018-12-09 09:42:03",48
"2018-12-09 10:42:01",48
"2018-12-09 11:42:02",48
"2018-12-09 12:42:00",48
"2018-12-09 13:42:01",48
"2018-12-09 14:42:00",48
"2018-12-09 15:42:01",48
"2018-12-09 16:42:00",48
"2018-12-09 17:42:00",48
"2018-12-09 18:42:00",48
"2018-12-09 19:42:00",48
"2018-12-09 20:42:00",48
"2018-12-09 21:42:00",48
"2018-12-09 22:42:02",48
"2018-12-09 23:42:01",48
"2018-12-10 00:42:02",48
"2018-12-10 01:42:00",48
"2018-12-10 02:42:00",48
"2018-12-10 03:42:00",48
"2018-12-10 04:42:02",48
"2018-12-10 05:42:00",48
"2018-12-10 06:42:03",48
"2018-12-10 07:42:02",48
"2018-12-10 08:42:00",48
"2018-12-10 09:42:01",48
"2018-12-10 10:42:01",48
"2018-12-10 11:42:00",48
"2018-12-10 12:42:01",48
"2018-12-10 13:42:02",48
"2018-12-10 15:05:34",48
"2018-12-10 15:41:59",48
"2018-12-10 16:42:00",48
"2018-12-10 17:42:01",48
"2018-12-10 18:42:00",48
"2018-12-10 19:42:00",48
"2018-12-10 20:41:59",48
"2018-12-10 21:42:00",48
"2018-12-10 22:42:00",48
"2018-12-10 23:42:00",48
"2018-12-11 00:42:00",48
"2018-12-11 01:41:59",48
"2018-12-11 02:41:59",48
"2018-12-11 03:42:00",48
"2018-12-11 04:41:59",48
"2018-12-11 05:42:01",48
"2018-12-11 06:42:00",48
"2018-12-11 07:42:00",48
"2018-12-11 08:42:00",48
"2018-12-11 09:42:00",48
"2018-12-11 10:41:59",48
"2018-12-11 11:42:01",48
"2018-12-11 12:42:00",48
"2018-12-11 13:41:59",48
"2018-12-11 15:06:34",48
"2018-12-11 15:42:01",48
"2018-12-11 16:42:01",48
"2018-12-11 17:42:01",48
"2018-12-11 18:42:01",48
"2018-12-11 19:42:01",48
"2018-12-11 20:42:01",48
"2018-12-11 21:42:03",48
"2018-12-11 22:42:02",48
"2018-12-11 23:42:01",48
"2018-12-12 00:42:00",48
"2018-12-12 01:42:00",48
"2018-12-12 02:42:01",48
"2018-12-12 03:42:01",48
"2018-12-12 04:42:00",48
"2018-12-12 05:42:00",48
"2018-12-12 06:42:00",48
"2018-12-12 07:42:00",48
"2018-12-12 08:42:01",48
"2018-12-12 09:42:01",48
"2018-12-12 10:42:01",48
"2018-12-12 11:42:02",48
"2018-12-12 12:42:03",48
"2018-12-12 14:07:36",48
"2018-12-12 14:42:02",48
"2018-12-12 15:42:01",48
"2018-12-12 16:42:02",48
"2018-12-12 17:42:01",48
"2018-12-12 18:42:01",48
"2018-12-12 19:42:01",48
"2018-12-12 20:42:01",48
"2018-12-12 21:42:01",49
"2018-12-12 22:42:01",49
"2018-12-12 23:42:01",49
"2018-12-13 00:42:00",49
"2018-12-13 01:42:01",49
"2018-12-13 02:42:01",49
"2018-12-13 03:42:01",49
"2018-12-13 04:42:03",49
"2018-12-13 05:42:03",49
"2018-12-13 06:42:02",49
"2018-12-13 07:42:01",49
"2018-12-13 08:42:00",49
"2018-12-13 09:42:01",49
"2018-12-13 10:42:00",49
"2018-12-13 11:42:00",49
"2018-12-13 12:42:00",49
"2018-12-13 14:06:04",49
"2018-12-13 14:42:02",49
"2018-12-13 15:42:03",48
"2018-12-13 16:42:01",48
"2018-12-13 17:42:02",49
"2018-12-13 18:42:01",49
"2018-12-13 19:42:01",49
"2018-12-13 20:42:02",49
"2018-12-13 21:42:01",49
"2018-12-13 22:42:01",49
"2018-12-13 23:42:01",49
"2018-12-14 00:42:01",49
"2018-12-14 01:42:01",49
"2018-12-14 02:42:00",49
"2018-12-14 03:42:00",49
"2018-12-14 04:42:02",49
"2018-12-14 05:42:01",49
"2018-12-14 06:42:01",49
"2018-12-14 07:42:01",49
"2018-12-14 08:42:01",49
"2018-12-14 09:42:01",49
"2018-12-14 10:42:01",49
"2018-12-14 11:42:01",49
"2018-12-14 12:42:01",49
"2018-12-14 14:06:04",49
"2018-12-14 14:42:02",49
"2018-12-14 15:42:02",49
"2018-12-14 16:42:01",49
"2018-12-14 17:42:02",49
"2018-12-14 18:42:03",49
"2018-12-14 19:42:04",49
"2018-12-14 20:42:02",49
"2018-12-14 21:42:01",48
"2018-12-14 22:42:02",48
"2018-12-14 23:42:02",48
"2018-12-15 00:42:01",48
"2018-12-15 01:42:02",48
"2018-12-15 02:42:00",48
"2018-12-15 03:42:01",48
"2018-12-15 04:42:01",48
"2018-12-15 05:42:03",48
"2018-12-15 06:42:01",48
"2018-12-15 07:42:01",48
"2018-12-15 08:42:00",48
"2018-12-15 09:42:00",48
"2018-12-15 10:42:01",48
"2018-12-15 11:42:01",48
"2018-12-15 12:42:02",48
"2018-12-15 13:42:01",48
"2018-12-15 14:42:01",48
"2018-12-15 15:42:02",48
"2018-12-15 16:42:01",48
"2018-12-15 17:42:02",48
"2018-12-15 18:42:01",48
"2018-12-15 19:42:01",48
"2018-12-15 20:42:01",48
"2018-12-15 21:42:00",48
"2018-12-15 22:42:01",48
"2018-12-15 23:42:00",48
"2018-12-16 00:42:01",48
"2018-12-16 01:42:01",48
"2018-12-16 02:42:00",48
"2018-12-16 03:42:01",48
"2018-12-16 04:42:02",48
"2018-12-16 05:42:00",48
"2018-12-16 06:42:03",48
"2018-12-16 07:42:01",48
"2018-12-16 08:42:00",48
"2018-12-16 09:42:02",48
"2018-12-16 10:42:01",48
"2018-12-16 11:42:01",48
"2018-12-16 12:42:00",48
"2018-12-16 13:42:01",48
"2018-12-16 14:42:01",48
"2018-12-16 15:42:00",48
"2018-12-16 16:42:00",48
"2018-12-16 17:42:03",48
"2018-12-16 18:42:01",48
"2018-12-16 19:42:01",48
"2018-12-16 20:42:01",48
"2018-12-16 21:42:01",48
"2018-12-16 22:42:02",48
"2018-12-16 23:42:02",48
"2018-12-17 00:42:01",48
"2018-12-17 01:42:00",48
"2018-12-17 02:42:01",48
"2018-12-17 03:42:01",48
"2018-12-17 04:42:03",48
"2018-12-17 05:42:01",48
"2018-12-17 06:42:02",48
"2018-12-17 07:42:01",48
"2018-12-17 08:42:01",48
"2018-12-17 09:42:01",48
"2018-12-17 10:42:01",48
"2018-12-17 11:42:00",48
"2018-12-17 12:42:01",48
"2018-12-17 13:42:03",48
"2018-12-17 14:42:05",48
"2018-12-17 15:42:02",48
"2018-12-17 16:42:02",48
"2018-12-17 17:42:01",48
"2018-12-17 18:42:02",48
"2018-12-17 20:07:35",49
"2018-12-17 20:42:03",49
"2018-12-17 21:42:04",49
"2018-12-17 22:42:03",49
"2018-12-17 23:42:02",49
"2018-12-18 00:42:02",49
"2018-12-18 01:42:03",49
"2018-12-18 02:42:01",49
"2018-12-18 03:42:02",49
"2018-12-18 04:42:02",49
"2018-12-18 05:42:02",49
"2018-12-18 06:42:02",49
"2018-12-18 07:42:02",49
"2018-12-18 08:42:02",49
"2018-12-18 09:42:01",49
"2018-12-18 10:42:02",49
"2018-12-18 11:42:01",49
"2018-12-18 12:42:02",49
"2018-12-18 13:42:02",49
"2018-12-18 14:42:02",49
"2018-12-18 15:42:02",49
"2018-12-18 16:42:02",49
"2018-12-18 17:42:02",49
"2018-12-18 18:42:01",49
"2018-12-18 19:42:01",49
"2018-12-18 20:42:03",49
"2018-12-18 21:42:03",49
"2018-12-18 22:42:02",49
"2018-12-18 23:42:03",49
"2018-12-19 00:42:02",49
"2018-12-19 01:42:03",49
"2018-12-19 02:42:02",49
"2018-12-19 03:42:03",49
"2018-12-19 04:42:03",49
"2018-12-19 05:42:04",49
"2018-12-19 06:42:03",49
"2018-12-19 07:42:02",49
"2018-12-19 08:42:02",49
"2018-12-19 09:42:03",49
"2018-12-19 11:42:02",49
"2018-12-19 12:42:02",49
"2018-12-19 13:42:02",49
"2018-12-19 14:42:03",49
"2018-12-19 15:42:02",49
"2018-12-19 16:42:02",49
"2018-12-19 17:42:01",49
"2018-12-19 18:42:02",49
"2018-12-19 19:42:02",48
"2018-12-19 20:42:02",47
"2018-12-19 21:42:05",47
"2018-12-19 22:42:05",47
"2018-12-19 23:42:05",47
"2018-12-20 00:42:05",47
"2018-12-20 01:42:04",47
"2018-12-20 02:42:03",47
"2018-12-20 03:42:04",47
"2018-12-20 04:42:03",47
"2018-12-20 05:42:02",47
"2018-12-20 06:42:02",47
"2018-12-20 07:42:04",47
"2018-12-20 08:42:04",47
"2018-12-20 09:42:02",47
"2018-12-20 10:42:03",47
"2018-12-20 11:42:02",47
"2018-12-20 12:42:02",47
"2018-12-20 13:42:02",47
"2018-12-20 14:42:04",47
"2018-12-20 15:42:03",47
"2018-12-20 16:42:05",47
"2018-12-20 17:42:03",47
"2018-12-20 18:42:02",47
"2018-12-20 19:42:03",47
"2018-12-20 20:42:03",47
"2018-12-20 21:42:03",48
"2018-12-20 22:42:03",48
"2018-12-20 23:42:04",48
"2018-12-21 00:42:03",48
"2018-12-21 01:42:03",48
"2018-12-21 02:42:04",48
"2018-12-21 03:42:02",48
"2018-12-21 04:42:04",48
"2018-12-21 05:42:01",48
"2018-12-21 06:42:03",48
"2018-12-21 07:42:01",48
"2018-12-21 08:42:02",48
"2018-12-21 09:42:02",48
"2018-12-21 10:42:01",48
"2018-12-21 11:42:02",48
"2018-12-21 12:42:02",48
"2018-12-21 13:42:02",48
"2018-12-21 14:42:05",48
"2018-12-21 15:42:03",48
"2018-12-21 16:42:03",48
"2018-12-21 17:42:03",48
"2018-12-21 18:42:06",47
"2018-12-21 19:42:02",47
"2018-12-21 20:42:05",47
"2018-12-21 21:42:04",47
"2018-12-21 22:42:04",47
"2018-12-21 23:42:03",47
"2018-12-22 00:42:04",47
"2018-12-22 01:42:03",47
"2018-12-22 02:42:06",47
"2018-12-22 03:42:01",47
"2018-12-22 04:42:05",47
"2018-12-22 05:42:02",47
"2018-12-22 06:42:04",47
"2018-12-22 07:42:03",47
"2018-12-22 08:42:02",47
"2018-12-22 09:42:01",47
"2018-12-22 10:42:02",47
"2018-12-22 11:42:01",47
"2018-12-22 12:42:01",47
"2018-12-22 13:42:01",47
"2018-12-22 14:42:03",47
"2018-12-22 15:42:02",47
"2018-12-22 16:42:01",47
"2018-12-22 17:42:02",47
"2018-12-22 18:42:02",47
"2018-12-22 19:42:03",47
"2018-12-22 20:42:03",47
"2018-12-22 21:42:03",47
"2018-12-22 22:42:04",47
"2018-12-22 23:42:02",47
"2018-12-23 00:42:02",47
"2018-12-23 01:42:03",47
"2018-12-23 02:42:02",47
"2018-12-23 03:42:04",47
"2018-12-23 04:42:03",47
"2018-12-23 05:42:02",47
"2018-12-23 06:42:04",47
"2018-12-23 07:42:02",47
"2018-12-23 08:42:03",47
"2018-12-23 09:42:02",47
"2018-12-23 10:42:05",47
"2018-12-23 11:42:03",47
"2018-12-23 12:42:02",47
"2018-12-23 13:42:03",47
"2018-12-23 14:42:04",47
"2018-12-23 15:42:04",47
"2018-12-23 16:42:04",47
"2018-12-23 17:42:05",47
"2018-12-23 18:42:03",47
"2018-12-23 19:42:03",47
"2018-12-23 20:42:04",47
"2018-12-23 21:42:04",47
"2018-12-23 22:42:03",47
"2018-12-23 23:42:01",47
"2018-12-24 00:42:03",47
"2018-12-24 01:42:05",47
"2018-12-24 02:42:06",47
"2018-12-24 03:42:05",47
"2018-12-24 04:42:01",47
"2018-12-24 05:42:02",47
"2018-12-24 06:42:03",47
"2018-12-24 07:42:05",47
"2018-12-24 08:42:02",47
"2018-12-24 09:42:05",47
"2018-12-24 10:42:03",47
"2018-12-24 11:42:03",47
"2018-12-24 12:42:02",47
"2018-12-24 13:42:03",47
"2018-12-24 15:05:39",47
"2018-12-24 15:42:05",47
"2018-12-24 16:42:04",47
"2018-12-24 17:42:04",47
"2018-12-24 18:42:06",47
"2018-12-24 19:42:05",47
"2018-12-24 20:42:04",47
"2018-12-24 21:42:02",47
"2018-12-24 22:42:02",47
"2018-12-24 23:42:01",47
"2018-12-25 00:42:03",47
"2018-12-25 01:42:02",47
"2018-12-25 02:42:04",47
"2018-12-25 03:42:03",47
"2018-12-25 04:42:03",47
"2018-12-25 05:42:03",47
"2018-12-25 06:42:03",47
"2018-12-25 07:42:03",47
"2018-12-25 08:42:02",47
"2018-12-25 09:42:02",47
"2018-12-25 10:42:01",47
"2018-12-25 11:42:01",47
"2018-12-25 12:42:02",47
"2018-12-25 13:42:02",47
"2018-12-25 14:42:02",47
"2018-12-25 15:42:02",47
"2018-12-25 16:42:02",47
"2018-12-25 17:42:03",47
"2018-12-25 18:42:02",47
"2018-12-25 19:42:02",47
"2018-12-25 20:42:02",47
"2018-12-25 21:42:02",47
"2018-12-25 22:42:02",47
"2018-12-25 23:42:02",47
"2018-12-26 00:42:03",47
"2018-12-26 01:42:02",47
"2018-12-26 02:42:03",47
"2018-12-26 03:42:02",47
"2018-12-26 04:42:02",47
"2018-12-26 05:42:01",47
"2018-12-26 06:42:04",47
"2018-12-26 07:42:03",47
"2018-12-26 08:42:03",47
"2018-12-26 09:42:01",47
"2018-12-26 10:42:03",47
"2018-12-26 11:42:01",47
"2018-12-26 12:42:02",47
"2018-12-26 13:42:06",47
"2018-12-26 15:07:09",47
"2018-12-26 15:42:03",47
"2018-12-26 16:42:03",47
"2018-12-26 17:42:04",47
"2018-12-26 18:42:02",47
"2018-12-26 19:42:03",47
"2018-12-26 20:42:04",47
"2018-12-26 21:42:04",47
"2018-12-26 22:42:04",47
"2018-12-26 23:42:04",47
"2018-12-27 00:42:04",47
"2018-12-27 01:42:04",47
"2018-12-27 02:42:04",47
"2018-12-27 03:42:05",47
"2018-12-27 04:42:02",47
"2018-12-27 05:42:03",47
"2018-12-27 06:42:02",47
"2018-12-27 07:42:03",47
"2018-12-27 08:42:02",47
"2018-12-27 09:42:03",47
"2018-12-27 10:42:04",47
"2018-12-27 11:42:02",47
"2018-12-27 12:42:02",47
"2018-12-27 13:42:01",47
"2018-12-27 14:42:02",47
"2018-12-27 15:42:01",47
"2018-12-27 16:42:02",47
"2018-12-27 17:42:04",47
"2018-12-27 18:42:05",47
"2018-12-27 19:42:05",47
"2018-12-27 20:42:02",47
"2018-12-27 21:42:04",47
"2018-12-27 22:42:08",47
"2018-12-27 23:42:08",47
"2018-12-28 00:42:06",47
"2018-12-28 01:42:05",47
"2018-12-28 02:42:05",47
"2018-12-28 03:42:02",47
"2018-12-28 04:42:04",47
"2018-12-28 05:42:03",47
"2018-12-28 06:42:06",47
"2018-12-28 07:42:06",47
"2018-12-28 08:42:04",47
"2018-12-28 09:42:04",47
"2018-12-28 10:42:02",47
"2018-12-28 11:42:03",47
"2018-12-28 12:42:02",47
"2018-12-28 13:42:02",47
"2018-12-28 14:42:04",47
"2018-12-28 16:07:37",47
"2018-12-28 16:42:03",47
"2018-12-28 17:42:05",47
"2018-12-28 18:42:04",47
"2018-12-28 19:42:03",47
"2018-12-28 20:42:04",47
"2018-12-28 21:42:05",47
"2018-12-28 22:42:03",47
"2018-12-28 23:42:05",47
"2018-12-29 00:42:03",47
"2018-12-29 01:42:03",47
"2018-12-29 02:42:04",47
"2018-12-29 03:42:03",47
"2018-12-29 04:42:04",47
"2018-12-29 05:42:04",47
"2018-12-29 06:42:02",47
"2018-12-29 07:42:06",47
"2018-12-29 08:42:06",47
"2018-12-29 09:42:04",47
"2018-12-29 10:42:04",47
"2018-12-29 11:42:04",47
"2018-12-29 12:42:03",47
"2018-12-29 13:42:03",47
"2018-12-29 14:42:02",47
"2018-12-29 15:42:03",47
"2018-12-29 16:42:04",47
"2018-12-29 17:42:03",47
"2018-12-29 18:42:05",47
"2018-12-29 19:42:06",47
"2018-12-29 20:42:03",47
"2018-12-29 21:42:07",47
"2018-12-29 22:42:04",47
"2018-12-29 23:42:07",47
"2018-12-30 00:42:03",47
"2018-12-30 01:42:05",47
"2018-12-30 02:42:02",47
"2018-12-30 03:42:03",47
"2018-12-30 04:42:03",47
"2018-12-30 05:42:03",47
"2018-12-30 06:42:02",47
"2018-12-30 07:42:03",47
"2018-12-30 08:42:03",47
"2018-12-30 09:42:02",47
"2018-12-30 10:42:02",47
"2018-12-30 11:42:03",47
"2018-12-30 12:42:03",47
"2018-12-30 13:42:03",47
"2018-12-30 14:42:03",47
"2018-12-30 15:42:02",47
"2018-12-30 16:42:03",47
"2018-12-30 17:42:03",47
"2018-12-30 18:42:02",47
"2018-12-30 19:42:03",47
"2018-12-30 20:42:03",47
"2018-12-30 21:42:04",47
"2018-12-30 22:42:05",47
"2018-12-30 23:42:03",47
"2018-12-31 00:42:03",47
"2018-12-31 01:42:03",47
"2018-12-31 02:42:02",47
"2018-12-31 03:42:04",47
"2018-12-31 04:42:04",47
"2018-12-31 05:42:07",47
"2018-12-31 06:42:03",47
"2018-12-31 07:42:03",47
"2018-12-31 08:42:03",47
"2018-12-31 09:42:04",47
"2018-12-31 10:42:04",47
"2018-12-31 11:42:03",47
"2018-12-31 12:42:02",47
"2018-12-31 13:42:02",47
"2018-12-31 14:42:05",47
"2018-12-31 15:42:03",48
"2018-12-31 16:42:03",49
"2018-12-31 17:42:04",49
"2018-12-31 18:42:04",49
"2018-12-31 19:42:04",49
"2018-12-31 20:42:04",49
"2018-12-31 21:42:04",49
"2018-12-31 22:42:04",49
"2018-12-31 23:42:03",49
"2019-01-01 00:42:04",49
"2019-01-01 01:42:04",49
"2019-01-01 02:42:04",49
"2019-01-01 03:42:03",49
"2019-01-01 04:42:03",49
"2019-01-01 05:42:03",49
"2019-01-01 06:42:03",49
"2019-01-01 07:42:03",49
"2019-01-01 08:42:04",49
"2019-01-01 09:42:02",49
"2019-01-01 10:42:03",49
"2019-01-01 11:42:03",49
"2019-01-01 12:42:02",49
"2019-01-01 13:42:03",49
"2019-01-01 14:42:03",49
"2019-01-01 15:42:03",49
"2019-01-01 16:42:03",49
"2019-01-01 17:42:03",49
"2019-01-01 18:42:02",49
"2019-01-01 19:42:03",49
"2019-01-01 20:42:03",49
"2019-01-01 21:42:03",49
"2019-01-01 22:42:05",49
"2019-01-01 23:42:02",49
"2019-01-02 00:42:03",49
"2019-01-02 01:42:02",49
"2019-01-02 02:42:04",49
"2019-01-02 03:42:03",49
"2019-01-02 04:42:03",49
"2019-01-02 05:42:05",49
"2019-01-02 06:42:03",49
"2019-01-02 07:42:04",49
"2019-01-02 08:42:03",49
"2019-01-02 09:42:03",49
"2019-01-02 10:42:04",49
"2019-01-02 11:42:03",49
"2019-01-02 12:42:02",49
"2019-01-02 13:42:03",49
"2019-01-02 15:07:09",49
"2019-01-02 15:42:03",49
"2019-01-02 16:42:02",49
"2019-01-02 17:42:03",49
"2019-01-02 18:42:04",49
"2019-01-02 19:42:04",49
"2019-01-02 20:42:04",49
"2019-01-02 21:42:03",48
"2019-01-02 22:42:03",48
"2019-01-02 23:42:05",48
"2019-01-03 00:42:04",48
"2019-01-03 01:42:03",48
"2019-01-03 02:42:04",48
"2019-01-03 03:42:03",48
"2019-01-03 05:42:04",48
"2019-01-03 06:42:03",48
"2019-01-03 07:42:04",48
"2019-01-03 08:42:03",48
"2019-01-03 09:42:03",48
"2019-01-03 10:42:03",48
"2019-01-03 11:42:02",48
"2019-01-03 12:42:03",48
"2019-01-03 13:42:02",48
"2019-01-03 14:42:05",48
"2019-01-03 15:42:06",48
"2019-01-03 16:42:06",48
"2019-01-03 17:42:07",48
"2019-01-03 18:42:04",48
"2019-01-03 19:42:05",48
"2019-01-03 20:42:04",49
"2019-01-03 21:42:05",49
"2019-01-03 22:42:06",49
"2019-01-03 23:42:03",49
"2019-01-04 00:42:05",49
"2019-01-04 01:42:04",49
"2019-01-04 02:42:06",49
"2019-01-04 03:42:04",49
"2019-01-04 04:42:03",49
"2019-01-04 05:42:04",49
"2019-01-04 06:42:04",49
"2019-01-04 07:42:03",49
"2019-01-04 08:42:03",49
"2019-01-04 09:42:04",49
"2019-01-04 10:42:03",49
"2019-01-04 11:42:04",49
"2019-01-04 12:42:03",49
"2019-01-04 13:42:03",49
"2019-01-04 15:06:41",49
"2019-01-04 15:42:06",49
"2019-01-04 16:42:05",50
"2019-01-04 17:42:04",50
"2019-01-04 18:42:06",50
"2019-01-04 19:42:06",49
"2019-01-04 20:42:05",49
"2019-01-04 21:42:05",49
"2019-01-04 22:42:03",49
"2019-01-04 23:42:05",49
"2019-01-05 00:42:07",49
"2019-01-05 01:42:05",49
"2019-01-05 02:42:06",49
"2019-01-05 03:42:04",49
"2019-01-05 04:42:05",49
"2019-01-05 05:42:04",49
"2019-01-05 06:42:03",49
"2019-01-05 07:42:04",49
"2019-01-05 08:42:06",49
"2019-01-05 09:42:05",49
"2019-01-05 10:42:04",49
"2019-01-05 11:42:03",49
"2019-01-05 12:42:04",49
"2019-01-05 13:42:04",49
"2019-01-05 14:42:04",49
"2019-01-05 15:42:04",49
"2019-01-05 16:42:04",49
"2019-01-05 17:42:04",49
"2019-01-05 18:42:04",49
"2019-01-05 19:42:07",49
"2019-01-05 20:42:04",49
"2019-01-05 21:42:06",49
"2019-01-05 22:42:04",49
"2019-01-05 23:42:04",49
"2019-01-06 00:42:04",49
"2019-01-06 01:42:04",49
"2019-01-06 02:42:04",49
"2019-01-06 03:42:05",49
"2019-01-06 04:42:05",49
"2019-01-06 05:42:04",49
"2019-01-06 06:42:03",49
"2019-01-06 07:42:05",49
"2019-01-06 08:42:03",49
"2019-01-06 09:42:03",49
"2019-01-06 10:42:03",49
"2019-01-06 11:42:04",49
"2019-01-06 12:42:04",49
"2019-01-06 13:42:04",49
"2019-01-06 14:42:04",49
"2019-01-06 15:42:04",49
"2019-01-06 16:42:04",49
"2019-01-06 17:42:04",49
"2019-01-06 18:42:03",49
"2019-01-06 19:42:03",49
"2019-01-06 20:42:03",49
"2019-01-06 21:42:04",49
"2019-01-06 22:42:03",49
"2019-01-06 23:42:04",49
"2019-01-07 00:42:03",49
"2019-01-07 01:42:03",49
"2019-01-07 02:42:05",49
"2019-01-07 03:42:05",49
"2019-01-07 04:42:04",49
"2019-01-07 05:42:03",49
"2019-01-07 06:42:04",49
"2019-01-07 07:42:04",49
"2019-01-07 08:42:04",49
"2019-01-07 09:42:05",49
"2019-01-07 10:42:06",49
"2019-01-07 11:42:04",49
"2019-01-07 12:42:05",49
"2019-01-07 14:07:36",49
"2019-01-07 14:42:05",49
"2019-01-07 15:42:06",49
"2019-01-07 16:42:06",49
"2019-01-07 17:42:08",49
"2019-01-07 18:42:05",48
"2019-01-07 19:42:04",48
"2019-01-07 20:42:07",48
"2019-01-07 21:42:06",48
"2019-01-07 22:42:04",48
"2019-01-07 23:42:07",48
"2019-01-08 00:42:03",48
"2019-01-08 01:42:05",48
"2019-01-08 02:42:06",48
"2019-01-08 03:42:05",48
"2019-01-08 04:42:05",48
"2019-01-08 05:42:05",48
"2019-01-08 06:42:04",48
"2019-01-08 07:42:04",48
"2019-01-08 08:42:05",48
"2019-01-08 09:42:04",48
"2019-01-08 10:42:05",48
"2019-01-08 11:42:05",48
"2019-01-08 12:42:05",48
"2019-01-08 13:42:05",48
"2019-01-08 14:42:07",48
"2019-01-08 15:42:07",48
"2019-01-08 16:42:05",48
"2019-01-08 17:42:05",48
"2019-01-08 18:42:05",48
"2019-01-08 19:42:05",48
"2019-01-08 20:42:04",48
"2019-01-08 21:42:05",48
"2019-01-08 22:42:04",48
"2019-01-08 23:42:06",48
"2019-01-09 00:42:04",48
"2019-01-09 01:42:05",48
"2019-01-09 02:42:08",48
"2019-01-09 04:42:05",48
"2019-01-09 05:42:06",48
"2019-01-09 06:42:05",48
"2019-01-09 07:42:07",48
"2019-01-09 08:42:06",48
"2019-01-09 09:42:05",48
"2019-01-09 10:42:05",48
"2019-01-09 11:42:04",48
"2019-01-09 12:42:03",48
"2019-01-09 14:07:37",48
"2019-01-09 14:42:06",48
"2019-01-09 15:42:05",48
"2019-01-09 16:42:06",48
"2019-01-09 17:42:04",48
"2019-01-09 18:42:06",48
"2019-01-09 19:42:05",48
"2019-01-09 20:42:08",48
"2019-01-09 21:42:06",48
"2019-01-09 22:42:05",48
"2019-01-09 23:42:04",48
"2019-01-10 00:42:03",48
"2019-01-10 01:42:04",48
"2019-01-10 02:42:04",48
"2019-01-10 03:42:04",48
"2019-01-10 04:42:03",48
"2019-01-10 05:42:04",48
"2019-01-10 06:42:03",48
"2019-01-10 07:42:05",48
"2019-01-10 08:42:04",48
"2019-01-10 09:42:04",48
"2019-01-10 10:42:04",48
"2019-01-10 11:42:03",48
"2019-01-10 12:42:03",48
"2019-01-10 13:42:04",48
"2019-01-10 15:06:39",48
"2019-01-10 15:42:06",48
"2019-01-10 16:42:05",48
"2019-01-10 17:42:05",48
"2019-01-10 18:42:04",48
"2019-01-10 19:42:04",48
"2019-01-10 20:42:06",48
"2019-01-10 21:42:06",48
"2019-01-10 22:42:04",48
"2019-01-10 23:42:05",48
"2019-01-11 00:42:05",48
"2019-01-11 01:42:03",48
"2019-01-11 02:42:05",48
"2019-01-11 03:42:04",48
"2019-01-11 04:42:04",48
"2019-01-11 05:42:05",48
"2019-01-11 06:42:03",48
"2019-01-11 07:42:07",48
"2019-01-11 08:42:04",48
"2019-01-11 09:42:05",48
"2019-01-11 10:42:04",48
"2019-01-11 11:42:04",48
"2019-01-11 12:42:05",48
"2019-01-11 13:42:04",48
"2019-01-11 14:42:07",48
"2019-01-11 15:42:07",48
"2019-01-11 16:42:04",48
"2019-01-11 17:42:05",48
"2019-01-11 18:42:04",48
"2019-01-11 19:42:07",48
"2019-01-11 20:42:06",48
"2019-01-11 21:42:04",48
"2019-01-11 22:42:05",48
"2019-01-11 23:42:04",48
"2019-01-12 00:42:04",48
"2019-01-12 01:42:05",48
"2019-01-12 02:42:03",48
"2019-01-12 03:42:05",48
"2019-01-12 04:42:03",48
"2019-01-12 05:42:03",48
"2019-01-12 06:42:04",48
"2019-01-12 07:42:03",48
"2019-01-12 08:42:04",48
"2019-01-12 09:42:04",48
"2019-01-12 10:42:04",48
"2019-01-12 11:42:04",48
"2019-01-12 12:42:03",48
"2019-01-12 13:42:03",48
"2019-01-12 14:42:04",48
"2019-01-12 15:42:03",48
"2019-01-12 16:42:04",48
"2019-01-12 17:42:05",48
"2019-01-12 18:42:03",48
"2019-01-12 19:42:05",48
"2019-01-12 20:42:04",48
"2019-01-12 21:42:04",48
"2019-01-12 22:42:04",48
"2019-01-12 23:42:07",48
"2019-01-13 00:42:04",48
"2019-01-13 01:42:03",48
"2019-01-13 02:42:04",48
"2019-01-13 03:42:04",48
"2019-01-13 04:42:05",48
"2019-01-13 05:42:04",48
"2019-01-13 06:42:04",48
"2019-01-13 07:42:04",48
"2019-01-13 08:42:03",48
"2019-01-13 09:42:05",48
"2019-01-13 10:42:07",48
"2019-01-13 11:42:06",48
"2019-01-13 12:42:03",48
"2019-01-13 13:42:04",48
"2019-01-13 14:42:03",48
"2019-01-13 15:42:04",48
"2019-01-13 16:42:03",48
"2019-01-13 17:42:04",48
"2019-01-13 18:42:03",48
"2019-01-13 19:42:04",48
"2019-01-13 20:42:05",48
"2019-01-13 21:42:04",48
"2019-01-13 22:42:04",48
"2019-01-13 23:42:04",48
"2019-01-14 00:42:04",48
"2019-01-14 01:42:03",48
"2019-01-14 02:42:04",48
"2019-01-14 03:42:03",48
"2019-01-14 04:42:04",48
"2019-01-14 05:42:05",48
"2019-01-14 06:42:03",48
"2019-01-14 07:42:03",48
"2019-01-14 08:42:04",48
"2019-01-14 09:42:04",48
"2019-01-14 10:42:04",48
"2019-01-14 11:42:04",48
"2019-01-14 12:42:04",48
"2019-01-14 13:42:04",48
"2019-01-14 14:42:04",48
"2019-01-14 15:42:06",47
"2019-01-14 16:42:05",47
"2019-01-14 17:42:04",47
"2019-01-14 18:42:04",47
"2019-01-14 19:42:06",47
"2019-01-14 20:42:03",47
"2019-01-14 21:42:04",47
"2019-01-14 22:42:03",47
"2019-01-14 23:42:03",47
"2019-01-15 00:42:04",47
"2019-01-15 01:42:03",47
"2019-01-15 02:42:03",47
"2019-01-15 03:42:04",47
"2019-01-15 04:42:06",47
"2019-01-15 05:42:03",47
"2019-01-15 06:42:03",47
"2019-01-15 07:42:03",47
"2019-01-15 08:42:03",47
"2019-01-15 09:42:03",47
"2019-01-15 10:42:03",47
"2019-01-15 11:42:03",47
"2019-01-15 12:42:04",47
"2019-01-15 13:42:03",47
"2019-01-15 14:42:07",47
"2019-01-15 15:42:05",47
"2019-01-15 16:42:05",47
"2019-01-15 17:42:04",47
"2019-01-15 18:42:04",47
"2019-01-15 19:42:04",47
"2019-01-15 20:42:05",47
"2019-01-15 21:42:04",47
"2019-01-15 22:42:05",47
"2019-01-15 23:42:05",47
"2019-01-16 00:42:04",47
"2019-01-16 01:42:08",47
"2019-01-16 02:42:04",47
"2019-01-16 03:42:03",47
"2019-01-16 04:42:04",47
"2019-01-16 05:42:03",47
"2019-01-16 06:42:03",47
"2019-01-16 07:42:03",47
"2019-01-16 08:42:02",47
"2019-01-16 09:42:03",47
"2019-01-16 10:42:03",47
"2019-01-16 11:42:02",47
"2019-01-16 12:42:03",47
"2019-01-16 14:08:37",47
"2019-01-16 15:07:39",47
"2019-01-16 15:42:05",47
"2019-01-16 16:42:05",47
"2019-01-16 17:42:04",47
"2019-01-16 18:42:07",47
"2019-01-16 19:42:05",47
"2019-01-16 20:42:05",47
"2019-01-16 21:42:05",47
"2019-01-16 22:42:04",47
"2019-01-16 23:42:03",47
"2019-01-17 00:42:04",47
"2019-01-17 01:42:05",47
"2019-01-17 02:42:06",47
"2019-01-17 03:42:05",47
"2019-01-17 04:42:06",47
"2019-01-17 05:42:04",47
"2019-01-17 06:42:05",47
"2019-01-17 07:42:04",47
"2019-01-17 08:42:04",47
"2019-01-17 09:42:05",47
"2019-01-17 10:42:05",47
"2019-01-17 11:42:05",47
"2019-01-17 12:42:04",47
"2019-01-17 13:42:04",47
"2019-01-17 15:08:10",47
"2019-01-17 15:42:06",47
"2019-01-17 16:42:04",47
"2019-01-17 17:42:04",47
"2019-01-17 18:42:05",47
"2019-01-17 19:42:05",47
"2019-01-17 20:42:05",47
"2019-01-17 21:42:04",47
"2019-01-17 22:42:04",47
"2019-01-17 23:42:04",47
"2019-01-18 00:42:04",47
"2019-01-18 01:42:05",47
"2019-01-18 02:42:04",47
"2019-01-18 03:42:06",47
"2019-01-18 04:42:05",47
"2019-01-18 05:42:04",47
"2019-01-18 06:42:04",47
"2019-01-18 07:42:05",47
"2019-01-18 08:42:04",47
"2019-01-18 09:42:05",47
"2019-01-18 10:42:04",47
"2019-01-18 11:42:03",47
"2019-01-18 12:42:05",47
"2019-01-18 13:42:04",47
"2019-01-18 14:42:07",47
"2019-01-18 15:42:06",48
"2019-01-18 16:42:06",48
"2019-01-18 17:42:06",48
"2019-01-18 18:42:06",48
"2019-01-18 19:42:04",48
"2019-01-18 20:42:06",48
"2019-01-18 21:42:04",48
"2019-01-18 22:42:04",48
"2019-01-18 23:42:04",48
"2019-01-19 00:42:04",48
"2019-01-19 01:42:05",48
"2019-01-19 02:42:05",48
"2019-01-19 03:42:04",48
"2019-01-19 04:42:05",48
"2019-01-19 05:42:04",48
"2019-01-19 06:42:04",48
"2019-01-19 07:42:04",48
"2019-01-19 08:42:04",48
"2019-01-19 09:42:05",48
"2019-01-19 10:42:05",48
"2019-01-19 11:42:04",48
"2019-01-19 12:42:03",48
"2019-01-19 13:42:05",48
"2019-01-19 14:42:04",48
"2019-01-19 15:42:05",48
"2019-01-19 16:42:05",48
"2019-01-19 17:42:04",48
"2019-01-19 18:42:03",48
"2019-01-19 19:42:04",48
"2019-01-19 20:42:04",48
"2019-01-19 21:42:04",48
"2019-01-19 22:42:04",48
"2019-01-19 23:42:05",48
"2019-01-20 00:42:05",48
"2019-01-20 01:42:04",48
"2019-01-20 02:42:05",48
"2019-01-20 03:42:04",48
"2019-01-20 04:42:06",48
"2019-01-20 05:42:05",48
"2019-01-20 06:42:04",48
"2019-01-20 07:42:04",48
"2019-01-20 08:42:04",48
"2019-01-20 09:42:04",48
"2019-01-20 10:42:04",48
"2019-01-20 11:42:04",48
"2019-01-20 12:42:04",48
"2019-01-20 13:42:04",48
"2019-01-20 14:42:04",48
"2019-01-20 15:42:05",48
"2019-01-20 16:42:05",48
"2019-01-20 17:42:05",48
"2019-01-20 18:42:04",48
"2019-01-20 19:42:04",48
"2019-01-20 20:42:04",48
"2019-01-20 21:42:04",48
"2019-01-20 22:42:04",48
"2019-01-20 23:42:05",48
"2019-01-21 00:42:04",48
"2019-01-21 01:42:05",48
"2019-01-21 02:42:05",48
"2019-01-21 03:42:04",48
"2019-01-21 04:42:05",48
"2019-01-21 05:42:04",48
"2019-01-21 06:42:04",48
"2019-01-21 07:42:04",48
"2019-01-21 08:42:04",48
"2019-01-21 09:42:05",48
"2019-01-21 10:42:04",48
"2019-01-21 11:42:04",48
"2019-01-21 12:42:04",48
"2019-01-21 13:42:03",48
"2019-01-21 14:42:04",48
"2019-01-21 15:42:03",48
"2019-01-21 16:42:04",48
"2019-01-21 17:42:04",48
"2019-01-21 18:42:04",48
"2019-01-21 19:42:03",48
"2019-01-21 20:42:04",48
"2019-01-21 21:42:03",48
"2019-01-21 22:42:05",48
"2019-01-21 23:42:04",48
"2019-01-22 00:42:04",48
"2019-01-22 01:42:03",48
"2019-01-22 02:42:04",48
"2019-01-22 03:42:04",48
"2019-01-22 04:42:05",48
"2019-01-22 05:42:05",48
"2019-01-22 06:42:03",48
"2019-01-22 07:42:04",48
"2019-01-22 08:42:04",48
"2019-01-22 09:42:03",48
"2019-01-22 10:42:04",48
"2019-01-22 11:42:04",48
"2019-01-22 12:42:04",48
"2019-01-22 13:42:04",48
"2019-01-22 14:42:04",48
"2019-01-22 15:42:04",48
"2019-01-22 16:42:04",48
"2019-01-22 17:42:04",48
"2019-01-22 18:42:04",48
"2019-01-22 19:42:05",48
"2019-01-22 20:42:05",48
"2019-01-22 21:42:05",48
"2019-01-22 22:42:03",48
"2019-01-22 23:42:04",48
"2019-01-23 00:42:04",48
"2019-01-23 01:42:04",48
"2019-01-23 02:42:04",48
"2019-01-23 03:42:05",48
"2019-01-23 04:42:05",48
"2019-01-23 05:42:04",48
"2019-01-23 06:42:05",48
"2019-01-23 07:42:05",48
"2019-01-23 08:42:06",48
"2019-01-23 09:42:06",48
"2019-01-23 10:42:05",48
"2019-01-23 11:42:04",48
"2019-01-23 12:42:04",48
"2019-01-23 13:42:04",48
"2019-01-23 15:06:07",48
"2019-01-23 15:42:04",48
"2019-01-23 16:42:03",48
"2019-01-23 17:42:04",48
"2019-01-23 18:42:04",48
"2019-01-23 19:42:04",48
"2019-01-23 20:42:03",48
"2019-01-23 21:42:04",48
"2019-01-23 22:42:04",48
"2019-01-23 23:42:04",48
"2019-01-30 08:08:32",50
"2019-01-30 08:14:03",50
"2019-01-30 08:20:08",50
"2019-01-30 08:44:14",50
"2019-01-30 08:44:18",50
"2019-01-30 09:44:11",50
"2019-01-30 09:44:16",50
"2019-01-30 10:44:12",50
"2019-01-30 10:44:17",50
"2019-01-30 11:44:13",50
"2019-01-30 11:44:17",50
"2019-01-30 12:44:14",50
"2019-01-30 12:44:19",50
"2019-01-30 13:44:12",50
"2019-01-30 13:44:17",50
"2019-01-30 14:44:14",50
"2019-01-30 14:44:18",50
"2019-01-30 15:44:13",50
"2019-01-30 15:44:18",50
"2019-01-30 16:44:12",50
"2019-01-30 16:44:17",50
"2019-01-30 17:44:14",51
"2019-01-30 17:44:18",51
"2019-01-30 18:44:12",51
"2019-01-30 18:44:16",51
"2019-01-30 19:44:16",51
"2019-01-30 19:44:20",51
"2019-01-30 20:43:09",51
"2019-01-30 21:44:14",51
"2019-01-30 21:44:16",51
"2019-01-30 22:44:12",51
"2019-01-30 22:44:16",51
"2019-01-30 23:44:15",51
"2019-01-30 23:44:19",51
"2019-01-31 00:44:17",51
"2019-01-31 00:44:21",51
"2019-01-31 01:44:12",51
"2019-01-31 01:44:16",51
"2019-01-31 02:44:14",51
"2019-01-31 02:44:19",51
"2019-01-31 03:44:14",51
"2019-01-31 03:44:18",51
"2019-01-31 04:44:12",51
"2019-01-31 04:44:16",51
"2019-01-31 05:44:13",51
"2019-01-31 05:44:16",51
"2019-01-31 06:44:15",51
"2019-01-31 06:44:19",51
"2019-01-31 08:10:59",51
"2019-01-31 08:15:34",51
"2019-01-31 08:42:09",51
"2019-01-31 10:05:42",51
"2019-01-31 10:42:10",51
"2019-01-31 11:42:08",51
"2019-01-31 12:42:08",51
"2019-01-31 13:42:09",51
"2019-01-31 15:42:09",51
"2019-01-31 16:42:13",51
"2019-01-31 17:42:11",51
"2019-01-31 18:42:10",51
"2019-01-31 19:42:12",51
"2019-01-31 20:42:12",51
"2019-01-31 21:42:11",51
"2019-01-31 22:42:10",51
"2019-01-31 23:42:09",51
"2019-02-01 00:42:10",51
"2019-02-01 01:42:11",51
"2019-02-01 02:42:13",51
"2019-02-01 03:42:11",51
"2019-02-01 04:42:11",51
"2019-02-01 05:42:10",51
"2019-02-01 06:42:10",51
"2019-02-01 07:42:11",51
"2019-02-01 08:42:10",51
"2019-02-01 09:42:10",51
"2019-02-01 10:42:10",51
"2019-02-01 11:42:11",51
"2019-02-01 12:42:10",51
"2019-02-01 13:42:10",51
"2019-02-01 14:42:11",51
"2019-02-01 15:42:11",50
"2019-02-01 16:42:11",50
"2019-02-01 17:42:10",50
"2019-02-01 18:42:14",50
"2019-02-01 19:42:13",50
"2019-02-01 20:42:10",51
"2019-02-01 21:42:13",51
"2019-02-01 22:42:12",51
"2019-02-02 00:07:13",51
"2019-02-02 00:42:11",51
"2019-02-02 01:42:11",51
"2019-02-02 02:42:11",51
"2019-02-02 03:42:10",51
"2019-02-02 04:42:10",51
"2019-02-02 05:42:09",51
"2019-02-02 06:42:10",51
"2019-02-02 07:42:10",51
"2019-02-02 08:42:09",51
"2019-02-02 09:42:10",51
"2019-02-02 10:42:09",51
"2019-02-02 11:42:10",51
"2019-02-02 12:42:10",51
"2019-02-02 13:42:11",51
"2019-02-02 14:42:11",51
"2019-02-02 15:42:10",51
"2019-02-02 16:42:13",51
"2019-02-02 17:42:11",51
"2019-02-02 18:42:12",51
"2019-02-02 19:42:10",51
"2019-02-02 20:42:12",51
"2019-02-02 21:42:09",51
"2019-02-02 22:42:11",51
"2019-02-02 23:42:11",51
"2019-02-03 00:42:11",51
"2019-02-03 01:42:11",51
"2019-02-03 02:42:11",51
"2019-02-03 03:42:11",51
"2019-02-03 04:42:12",51
"2019-02-03 05:42:08",51
"2019-02-03 06:42:11",51
"2019-02-03 07:42:10",51
"2019-02-03 08:42:09",51
"2019-02-03 09:42:10",51
"2019-02-03 10:42:09",51
"2019-02-03 11:42:11",51
"2019-02-03 12:42:10",51
"2019-02-03 13:42:11",51
"2019-02-03 14:42:12",51
"2019-02-03 15:42:10",51
"2019-02-03 16:42:11",51
"2019-02-03 17:42:11",51
"2019-02-03 18:42:13",51
"2019-02-03 19:42:09",51
"2019-02-03 20:42:11",51
"2019-02-03 21:42:12",51
"2019-02-03 22:42:13",51
"2019-02-03 23:42:13",51
"2019-02-04 00:42:12",51
"2019-02-04 01:42:11",51
"2019-02-04 02:42:12",51
"2019-02-04 03:42:11",51
"2019-02-04 04:42:12",51
"2019-02-04 05:42:10",51
"2019-02-04 06:42:10",51
"2019-02-04 07:42:10",51
"2019-02-04 08:42:10",51
"2019-02-04 09:42:10",51
"2019-02-04 10:42:11",51
"2019-02-04 11:42:10",51
"2019-02-04 12:42:09",51
"2019-02-04 13:42:10",51
"2019-02-04 14:42:11",51
"2019-02-04 15:42:12",51
"2019-02-04 16:42:11",51
"2019-02-04 17:42:11",51
"2019-02-04 18:42:12",51
"2019-02-04 19:42:10",51
"2019-02-04 20:42:13",51
"2019-02-04 21:42:11",51
"2019-02-04 22:42:12",51
"2019-02-04 23:42:13",51
"2019-02-05 00:42:12",51
"2019-02-05 01:42:14",51
"2019-02-05 02:42:12",51
"2019-02-05 03:42:11",51
"2019-02-05 04:42:22",51
"2019-02-05 05:42:12",51
"2019-02-05 06:42:12",51
"2019-02-05 07:42:11",51
"2019-02-05 08:42:12",51
"2019-02-05 09:42:11",51
"2019-02-05 10:42:12",51
"2019-02-05 11:42:10",51
"2019-02-05 12:42:10",51
"2019-02-05 13:42:11",51
"2019-02-05 14:42:12",51
"2019-02-05 15:42:10",51
"2019-02-05 16:42:13",50
"2019-02-05 17:42:11",50
"2019-02-05 18:42:13",50
"2019-02-05 19:42:13",50
"2019-02-05 20:42:12",50
"2019-02-05 21:42:11",50
"2019-02-05 22:42:13",50
"2019-02-05 23:42:15",50
"2019-02-06 00:42:13",50
"2019-02-06 01:42:11",50
"2019-02-06 02:42:12",50
"2019-02-06 03:42:12",50
"2019-02-06 04:42:11",50
"2019-02-06 05:42:11",50
"2019-02-06 06:42:13",50
"2019-02-06 07:42:13",50
"2019-02-06 08:42:08",50
"2019-02-06 09:42:07",50
"2019-02-07 02:42:16",50
"2019-02-07 03:42:10",50
"2019-02-07 04:42:11",50
"2019-02-07 05:42:11",50
"2019-02-07 06:42:09",50
"2019-02-07 07:42:10",50
"2019-02-07 08:42:10",50
"2019-02-07 09:42:10",50
"2019-02-07 10:42:13",50
"2019-02-07 11:42:13",50
"2019-02-07 12:42:13",50
"2019-02-07 13:42:12",50
"2019-02-07 15:05:44",50
"2019-02-07 15:42:13",50
"2019-02-07 16:42:16",52
"2019-02-07 17:42:12",52
"2019-02-07 18:42:16",52
"2019-02-07 19:42:15",53
"2019-02-07 20:42:13",53
"2019-02-07 21:42:13",53
"2019-02-07 22:42:12",53
"2019-02-07 23:42:13",53
"2019-02-08 00:42:44",53
"2019-02-08 01:42:13",53
"2019-02-08 02:42:13",53
"2019-02-08 03:42:16",53
"2019-02-08 04:42:12",53
"2019-02-08 05:42:11",53
"2019-02-08 06:42:11",53
"2019-02-08 07:42:11",53
"2019-02-08 08:42:10",53
"2019-02-08 09:42:12",53
"2019-02-08 10:42:12",53
"2019-02-08 11:42:13",53
"2019-02-08 12:42:14",53
"2019-02-08 13:42:13",53
"2019-02-08 15:06:45",53
"2019-02-08 15:42:11",53
"2019-02-08 16:42:12",52
"2019-02-08 17:42:14",52
"2019-02-08 18:42:16",52
"2019-02-08 19:42:15",52
"2019-02-08 20:42:15",52
"2019-02-08 21:42:14",52
"2019-02-08 22:42:12",52
"2019-02-08 23:42:12",52
"2019-02-09 00:42:13",52
"2019-02-09 01:42:12",52
"2019-02-09 02:42:12",52
"2019-02-09 03:42:11",52
"2019-02-09 04:42:14",52
"2019-02-09 05:42:13",52
"2019-02-09 06:42:12",52
"2019-02-09 07:42:12",52
"2019-02-09 08:42:11",52
"2019-02-09 09:42:12",52
"2019-02-09 10:42:12",52
"2019-02-09 11:42:11",52
"2019-02-09 12:42:14",52
"2019-02-09 13:42:12",52
"2019-02-09 14:42:12",52
"2019-02-09 15:42:14",52
"2019-02-09 16:42:13",52
"2019-02-09 17:42:14",52
"2019-02-09 18:42:12",52
"2019-02-09 19:42:13",52
"2019-02-09 20:42:12",52
"2019-02-09 21:42:14",52
"2019-02-09 22:42:13",52
"2019-02-09 23:42:14",52
"2019-02-10 00:42:12",52
"2019-02-10 01:42:13",52
"2019-02-10 02:42:13",52
"2019-02-10 03:42:11",52
"2019-02-10 04:42:15",52
"2019-02-10 05:42:15",52
"2019-02-10 06:42:14",52
"2019-02-10 07:42:11",52
"2019-02-10 08:42:12",52
"2019-02-10 09:42:12",52
"2019-02-10 10:42:12",52
"2019-02-10 11:42:11",52
"2019-02-10 12:42:12",52
"2019-02-10 13:42:13",52
"2019-02-10 14:42:13",52
"2019-02-10 15:42:15",52
"2019-02-10 16:42:15",52
"2019-02-10 17:42:12",52
"2019-02-10 18:42:12",52
"2019-02-10 19:42:15",52
"2019-02-10 20:42:14",52
"2019-02-10 21:42:12",52
"2019-02-10 22:42:14",52
"2019-02-10 23:42:15",52
"2019-02-11 00:42:14",52
"2019-02-11 01:42:14",52
"2019-02-11 02:42:16",52
"2019-02-11 03:42:15",52
"2019-02-11 04:42:17",52
"2019-02-11 05:42:13",52
"2019-02-11 06:42:14",52
"2019-02-11 07:42:12",52
"2019-02-11 08:42:12",52
"2019-02-11 09:42:13",52
"2019-02-11 10:42:15",52
"2019-02-11 11:42:11",52
"2019-02-11 12:42:12",52
"2019-02-11 13:42:12",52
"2019-02-11 14:42:11",52
"2019-02-11 15:42:12",51
"2019-02-11 16:42:13",51
"2019-02-11 17:42:13",51
"2019-02-11 18:42:13",51
"2019-02-11 19:42:12",51
"2019-02-11 20:42:13",51
"2019-02-11 21:42:11",51
"2019-02-11 22:42:11",51
"2019-02-11 23:42:13",51
"2019-02-12 00:42:12",51
"2019-02-12 01:42:11",51
"2019-02-12 02:42:16",51
"2019-02-12 03:42:12",51
"2019-02-12 04:42:14",51
"2019-02-12 05:42:12",51
"2019-02-12 06:42:12",51
"2019-02-12 07:42:11",51
"2019-02-12 08:42:11",51
"2019-02-12 09:42:12",51
"2019-02-12 10:42:12",51
"2019-02-12 11:42:13",51
"2019-02-12 12:42:12",51
"2019-02-12 13:42:12",51
"2019-02-12 14:42:13",51
"2019-02-12 15:42:16",51
"2019-02-12 16:42:13",51
"2019-02-12 17:42:12",51
"2019-02-12 18:42:14",51
"2019-02-12 19:42:14",50
"2019-02-12 20:42:13",50
"2019-02-12 21:42:14",50
"2019-02-12 22:42:14",50
"2019-02-12 23:42:13",50
"2019-02-13 00:42:14",50
"2019-02-13 01:42:15",50
"2019-02-13 02:42:13",50
"2019-02-13 03:42:13",50
"2019-02-13 04:42:15",50
"2019-02-13 05:42:15",50
"2019-02-13 06:42:14",50
"2019-02-13 07:42:14",50
"2019-02-13 08:42:14",50
"2019-02-13 09:42:13",50
"2019-02-13 10:42:14",50
"2019-02-13 11:42:13",50
"2019-02-13 12:42:15",50
"2019-02-13 13:42:12",50
"2019-02-13 14:42:12",50
"2019-02-13 15:42:14",50
"2019-02-13 16:42:12",50
"2019-02-13 17:42:15",50
"2019-02-13 18:42:12",50
"2019-02-13 19:42:12",50
"2019-02-13 20:42:13",50
"2019-02-13 21:42:13",50
"2019-02-13 22:42:14",50
"2019-02-13 23:42:14",50
"2019-02-14 00:42:13",50
"2019-02-14 01:42:14",50
"2019-02-14 02:42:14",50
"2019-02-14 03:42:16",50
"2019-02-14 04:42:13",50
"2019-02-14 05:42:17",50
"2019-02-14 06:42:13",50
"2019-02-14 07:42:13",50
"2019-02-14 08:42:12",50
"2019-02-14 09:42:12",50
"2019-02-14 10:42:13",50
"2019-02-14 11:42:14",50
"2019-02-14 12:42:13",50
"2019-02-14 13:42:14",50
"2019-02-14 14:42:14",50
"2019-02-14 15:42:15",50
"2019-02-14 16:42:12",50
"2019-02-14 17:42:14",50
"2019-02-14 18:42:14",50
"2019-02-14 19:42:13",50
"2019-02-14 20:42:15",50
"2019-02-14 21:42:13",50
"2019-02-14 22:42:15",50
"2019-02-15 00:42:15",50
"2019-02-15 01:42:14",50
"2019-02-15 02:42:16",50
"2019-02-15 03:42:18",50
"2019-02-15 04:42:19",50
"2019-02-15 05:42:14",50
"2019-02-15 06:42:12",50
"2019-02-15 07:42:14",50
"2019-02-15 08:42:14",50
"2019-02-15 09:42:14",50
"2019-02-15 10:42:14",50
"2019-02-15 11:42:15",50
"2019-02-15 12:42:13",50
"2019-02-15 14:07:16",50
"2019-02-15 14:42:16",50
"2019-02-15 15:42:21",50
"2019-02-15 16:42:18",50
"2019-02-15 17:42:13",50
"2019-02-15 18:42:17",50
"2019-02-15 19:42:15",50
"2019-02-15 20:42:14",50
"2019-02-15 21:42:16",50
"2019-02-15 22:42:16",50
"2019-02-15 23:42:16",50
"2019-02-16 00:42:16",50
"2019-02-16 01:42:21",50
"2019-02-16 02:42:19",50
"2019-02-16 03:42:18",50
"2019-02-16 04:42:14",50
"2019-02-16 05:42:16",50
"2019-02-16 06:42:14",50
"2019-02-16 07:42:13",50
"2019-02-16 08:42:14",50
"2019-02-16 09:42:16",50
"2019-02-16 10:42:15",50
"2019-02-16 11:42:13",50
"2019-02-16 12:42:15",50
"2019-02-16 13:42:17",50
"2019-02-16 14:42:14",50
"2019-02-16 15:42:19",50
"2019-02-16 16:42:13",50
"2019-02-16 17:42:14",50
"2019-02-16 18:42:14",50
"2019-02-16 19:42:13",50
"2019-02-16 20:42:15",50
"2019-02-16 21:42:15",50
"2019-02-16 22:42:14",50
"2019-02-16 23:42:13",50
"2019-02-17 00:42:15",50
"2019-02-17 01:42:14",50
"2019-02-17 02:42:12",50
"2019-02-17 03:42:16",50
"2019-02-17 04:42:13",50
"2019-02-17 05:42:14",50
"2019-02-17 06:42:13",50
"2019-02-17 07:42:14",50
"2019-02-17 08:42:13",50
"2019-02-17 09:42:12",50
"2019-02-17 10:42:13",50
"2019-02-17 11:42:14",50
"2019-02-17 12:42:11",50
"2019-02-17 13:42:14",50
"2019-02-17 14:42:13",50
"2019-02-17 15:42:15",50
"2019-02-17 16:42:14",50
"2019-02-17 17:42:14",50
"2019-02-17 18:42:15",50
"2019-02-17 19:42:14",50
"2019-02-17 20:42:15",50
"2019-02-17 21:42:13",50
"2019-02-17 22:42:13",50
"2019-02-17 23:42:14",50
"2019-02-18 00:42:14",50
"2019-02-18 01:42:14",50
"2019-02-18 02:42:17",50
"2019-02-18 03:42:16",50
"2019-02-18 04:42:12",50
"2019-02-18 05:42:14",50
"2019-02-18 06:42:12",50
"2019-02-18 07:42:14",50
"2019-02-18 08:42:13",50
"2019-02-18 09:42:15",50
"2019-02-18 10:42:13",50
"2019-02-18 11:42:13",50
"2019-02-18 12:42:14",50
"2019-02-18 13:42:18",50
"2019-02-18 14:42:13",50
"2019-02-18 15:42:15",50
"2019-02-18 16:42:14",50
"2019-02-18 17:42:15",50
"2019-02-18 18:42:14",50
"2019-02-18 19:42:14",50
"2019-02-18 20:42:15",50
"2019-02-18 21:42:13",50
"2019-02-18 22:42:12",50
"2019-02-18 23:42:13",50
"2019-02-19 00:42:13",50
"2019-02-19 01:42:16",50
"2019-02-19 02:42:14",50
"2019-02-19 03:42:15",50
"2019-02-19 04:42:14",50
"2019-02-19 05:42:13",50
"2019-02-19 06:42:13",50
"2019-02-19 07:42:13",50
"2019-02-19 08:42:14",50
"2019-02-19 09:42:12",50
"2019-02-19 10:42:12",50
"2019-02-19 11:42:10",50
"2019-02-19 12:42:11",50
"2019-02-19 14:06:45",50
"2019-02-19 14:42:14",50
"2019-02-19 15:42:16",50
"2019-02-19 16:42:15",50
"2019-02-19 17:42:15",50
"2019-02-19 18:42:18",50
"2019-02-19 19:42:15",50
"2019-02-19 20:42:17",50
"2019-02-19 21:42:16",50
"2019-02-19 22:42:15",50
"2019-02-19 23:42:15",50
"2019-02-20 00:42:21",50
"2019-02-20 01:42:16",50
"2019-02-20 02:42:16",50
"2019-02-20 03:42:21",50
"2019-02-20 04:42:17",50
"2019-02-20 05:42:15",50
"2019-02-20 06:42:16",50
"2019-02-20 07:42:13",50
"2019-02-20 08:42:16",50
"2019-02-20 09:42:15",50
"2019-02-20 10:42:14",50
"2019-02-20 11:42:16",50
"2019-02-20 12:42:15",50
"2019-02-20 13:42:14",50
"2019-02-20 14:42:17",50
"2019-02-20 15:42:18",50
"2019-02-20 16:42:15",50
"2019-02-20 17:42:16",50
"2019-02-20 18:42:16",50
"2019-02-20 19:42:16",50
"2019-02-20 20:42:16",50
"2019-02-20 21:42:17",50
"2019-02-20 22:42:17",50
"2019-02-20 23:42:14",50
"2019-02-21 00:42:16",50
"2019-02-21 01:42:17",50
"2019-02-21 02:42:18",50
"2019-02-21 03:42:16",50
"2019-02-21 04:42:14",50
"2019-02-21 05:42:16",50
"2019-02-21 06:42:15",50
"2019-02-21 07:42:14",50
"2019-02-21 08:42:13",50
"2019-02-21 09:42:14",50
"2019-02-21 10:42:14",50
"2019-02-21 11:42:15",50
"2019-02-21 12:42:13",50
"2019-02-21 13:42:14",50
"2019-02-21 14:42:15",50
"2019-02-21 15:42:18",50
"2019-02-21 17:06:16",50
"2019-02-21 17:42:13",50
"2019-02-21 18:42:13",50
"2019-02-21 19:42:14",50
"2019-02-21 20:42:18",50
"2019-02-21 21:42:13",50
"2019-02-21 22:42:13",50
"2019-02-21 23:42:13",50
"2019-02-22 00:42:14",50
"2019-02-22 01:42:17",50
"2019-02-22 02:42:15",50
"2019-02-22 03:42:16",50
"2019-02-22 04:42:14",50
"2019-02-22 05:42:13",50
"2019-02-22 06:42:13",50
"2019-02-22 07:42:17",50
"2019-02-22 08:42:16",50
"2019-02-22 09:42:14",50
"2019-02-22 10:42:13",50
"2019-02-22 11:42:15",50
"2019-02-22 12:42:14",50
"2019-02-22 13:42:12",50
"2019-02-22 14:42:15",50
"2019-02-22 15:42:16",50
"2019-02-22 16:42:14",50
"2019-02-22 17:42:14",50
"2019-02-22 18:42:15",50
"2019-02-22 19:42:13",50
"2019-02-22 20:42:12",50
"2019-02-22 21:42:16",51
"2019-02-22 22:42:13",51
"2019-02-22 23:42:16",51
"2019-02-23 00:42:12",51
"2019-02-23 01:42:15",51
"2019-02-23 02:42:17",51
"2019-02-23 03:42:17",51
"2019-02-23 04:42:14",51
"2019-02-23 05:42:16",51
"2019-02-23 06:42:13",51
"2019-02-23 07:42:13",51
"2019-02-23 08:42:14",51
"2019-02-23 09:42:13",51
"2019-02-23 10:42:14",51
"2019-02-23 11:42:15",51
"2019-02-23 12:42:13",51
"2019-02-23 13:42:13",51
"2019-02-23 14:42:14",51
"2019-02-23 15:42:15",51
"2019-02-23 16:42:13",51
"2019-02-23 17:42:14",51
"2019-02-23 18:42:14",51
"2019-02-23 19:42:14",51
"2019-02-23 20:42:14",51
"2019-02-23 21:42:16",51
"2019-02-23 22:42:13",51
"2019-02-23 23:42:14",51
"2019-02-24 00:42:15",51
"2019-02-24 01:42:14",51
"2019-02-24 02:42:15",51
"2019-02-24 03:42:15",51
"2019-02-24 04:42:14",51
"2019-02-24 05:42:15",51
"2019-02-24 06:42:13",51
"2019-02-24 07:42:15",51
"2019-02-24 08:42:13",51
"2019-02-24 09:42:14",51
"2019-02-24 10:42:12",51
"2019-02-24 11:42:13",51
"2019-02-24 12:42:13",51
"2019-02-24 13:42:13",51
"2019-02-24 14:42:13",51
"2019-02-24 15:42:15",51
"2019-02-24 16:42:14",51
"2019-02-24 17:42:15",51
"2019-02-24 18:42:16",51
"2019-02-24 19:42:15",51
"2019-02-24 20:42:13",51
"2019-02-24 21:42:13",51
"2019-02-24 22:42:15",51
"2019-02-24 23:42:13",51
"2019-02-25 00:42:15",51
"2019-02-25 01:42:13",51
"2019-02-25 02:42:13",51
"2019-02-25 03:42:15",51
"2019-02-25 04:42:14",51
"2019-02-25 05:42:13",51
"2019-02-25 06:42:13",51
"2019-02-25 07:42:14",51
"2019-02-25 08:42:13",51
"2019-02-25 09:42:14",51
"2019-02-25 10:42:13",51
"2019-02-25 11:42:15",51
"2019-02-25 12:42:13",51
"2019-02-25 14:07:18",51
"2019-02-25 14:42:15",51
"2019-02-25 15:42:15",53
"2019-02-25 16:42:14",53
"2019-02-25 17:42:16",53
"2019-02-25 18:42:17",53
"2019-02-25 19:42:13",53
"2019-02-25 20:42:15",53
"2019-02-25 21:42:15",52
"2019-02-25 22:42:13",52
"2019-02-25 23:42:16",52
"2019-02-26 00:42:15",52
"2019-02-26 01:42:15",52
"2019-02-26 02:42:16",52
"2019-02-26 03:42:17",52
"2019-02-26 04:42:17",52
"2019-02-26 05:42:14",52
"2019-02-26 06:42:16",52
"2019-02-26 07:42:16",52
"2019-02-26 08:42:15",52
"2019-02-26 09:42:15",52
"2019-02-26 10:42:13",52
"2019-02-26 11:42:15",52
"2019-02-26 12:42:13",52
"2019-02-26 13:42:14",52
"2019-02-26 14:42:15",52
"2019-02-26 15:42:18",52
"2019-02-26 16:42:15",52
"2019-02-26 17:42:15",52
"2019-02-26 18:42:14",52
"2019-02-26 19:42:19",52
"2019-02-26 20:42:16",52
"2019-02-26 21:42:14",52
"2019-02-26 22:42:17",52
"2019-02-26 23:42:16",52
"2019-02-27 00:42:18",52
"2019-02-27 01:42:18",52
"2019-02-27 03:42:34",52
"2019-02-27 04:42:18",52
"2019-02-27 05:42:17",52
"2019-02-27 06:42:19",52
"2019-02-27 07:42:17",52
"2019-02-27 08:42:16",52
"2019-02-27 09:42:13",52
"2019-02-27 10:42:14",52
"2019-02-27 11:42:19",52
"2019-02-27 12:42:20",52
"2019-02-27 13:42:16",52
"2019-02-27 14:42:17",52
"2019-02-27 15:42:20",52
"2019-02-27 16:42:15",52
"2019-02-27 17:42:15",52
"2019-02-27 18:42:19",52
"2019-02-27 19:42:18",52
"2019-02-27 20:42:16",52
"2019-02-27 21:42:16",52
"2019-02-27 22:42:18",52
"2019-02-27 23:42:15",52
"2019-02-28 00:42:16",52
"2019-02-28 01:42:14",52
"2019-02-28 02:42:16",52
"2019-02-28 04:42:16",52
"2019-02-28 05:42:15",52
"2019-02-28 06:42:13",52
"2019-02-28 07:42:15",52
"2019-02-28 08:42:15",52
"2019-02-28 09:42:14",52
"2019-02-28 10:42:15",52
"2019-02-28 11:42:16",52
"2019-02-28 12:42:16",52
"2019-02-28 13:42:16",52
"2019-02-28 15:06:21",52
"2019-02-28 15:42:12",52
"2019-02-28 16:42:17",52
"2019-02-28 17:42:15",52
"2019-02-28 18:42:18",52
"2019-02-28 19:42:17",52
"2019-02-28 20:42:15",52
"2019-02-28 21:42:15",52
"2019-02-28 22:42:16",52
"2019-02-28 23:42:15",52
"2019-03-01 00:42:15",52
"2019-03-01 01:42:16",52
"2019-03-01 02:42:18",52
"2019-03-01 03:42:18",52
"2019-03-01 04:42:17",52
"2019-03-01 05:42:17",52
"2019-03-01 06:42:15",52
"2019-03-01 07:42:17",52
"2019-03-01 08:42:16",52
"2019-03-01 09:42:13",52
"2019-03-01 10:42:16",52
"2019-03-01 11:42:15",52
"2019-03-01 12:42:13",52
"2019-03-01 13:42:21",52
"2019-03-01 14:42:18",52
"2019-03-01 15:42:16",53
"2019-03-01 16:42:16",53
"2019-03-01 17:42:15",53
"2019-03-01 18:42:17",53
"2019-03-01 19:42:18",53
"2019-03-01 20:42:20",53
"2019-03-01 21:42:19",53
"2019-03-01 22:42:18",53
"2019-03-01 23:42:18",53
"2019-03-02 07:42:16",53
"2019-03-02 08:42:17",53
"2019-03-02 09:42:14",53
"2019-03-02 10:42:15",53
"2019-03-02 11:42:17",53
"2019-03-02 15:42:20",53
"2019-03-02 16:42:16",53
"2019-03-02 17:42:16",53
"2019-03-04 02:42:17",53
"2019-03-04 07:42:18",53
"2019-03-04 10:42:13",53
"2019-03-04 11:42:15",53
"2019-03-04 12:42:13",53
"2019-03-04 13:42:12",53
"2019-03-04 14:42:17",53
"2019-03-04 15:42:14",53
"2019-03-04 16:42:16",52
"2019-03-04 17:42:17",52
"2019-03-04 18:42:15",52
"2019-03-04 19:42:17",52
"2019-03-04 20:42:16",52
"2019-03-04 21:42:16",52
"2019-03-04 22:42:17",52
"2019-03-04 23:42:15",52
"2019-03-05 00:42:18",52
"2019-03-05 01:42:16",52
"2019-03-05 02:42:18",52
"2019-03-05 03:42:19",52
"2019-03-05 04:42:16",52
"2019-03-05 05:42:15",52
"2019-03-05 06:42:14",52
"2019-03-05 07:42:15",52
"2019-03-05 08:42:15",52
"2019-03-05 09:42:17",52
"2019-03-05 10:42:14",52
"2019-03-05 11:42:13",52
"2019-03-05 12:42:15",52
"2019-03-05 14:07:23",52
"2019-03-05 14:42:16",52
"2019-03-05 15:42:18",52
"2019-03-05 16:42:17",52
"2019-03-05 17:42:18",52
"2019-03-05 18:42:17",52
"2019-03-05 19:42:16",52
"2019-03-05 20:42:18",52
"2019-03-05 21:42:16",52
"2019-03-05 22:42:20",52
"2019-03-05 23:42:19",52
"2019-03-06 00:42:18",52
"2019-03-06 01:42:18",52
"2019-03-06 02:42:17",52
"2019-03-06 03:42:18",52
"2019-03-06 04:42:19",52
"2019-03-06 05:42:19",52
"2019-03-06 06:42:21",52
"2019-03-06 07:42:17",52
"2019-03-06 08:42:15",52
"2019-03-06 09:42:15",52
"2019-03-06 10:42:17",52
"2019-03-06 11:42:57",52
"2019-03-06 12:42:29",52
"2019-03-06 14:07:02",52
"2019-03-06 14:42:43",52
"2019-03-06 15:42:35",52
"2019-03-06 16:42:15",52
"2019-03-06 17:42:22",52
"2019-03-06 18:42:20",52
"2019-03-06 19:42:18",52
"2019-03-06 20:42:18",52
"2019-03-06 21:42:18",52
"2019-03-06 22:42:17",52
"2019-03-06 23:42:18",52
"2019-03-07 00:42:17",52
"2019-03-07 01:42:19",52
"2019-03-07 02:42:19",52
"2019-03-07 04:42:22",52
"2019-03-07 05:42:19",52
"2019-03-07 06:42:17",52
"2019-03-07 07:42:16",52
"2019-03-07 08:42:18",52
"2019-03-07 09:42:18",52
"2019-03-07 10:42:17",52
"2019-03-07 11:42:16",52
"2019-03-07 12:42:16",52
"2019-03-07 13:42:18",52
"2019-03-07 14:42:21",52
"2019-03-07 15:42:16",52
"2019-03-07 16:42:18",52
"2019-03-07 17:42:20",52
"2019-03-07 18:42:19",52
"2019-03-07 20:06:51",52
"2019-03-07 20:42:18",52
"2019-03-07 21:42:19",53
"2019-03-07 22:42:22",53
"2019-03-07 23:42:16",53
"2019-03-08 00:42:17",53
"2019-03-08 01:42:19",53
"2019-03-08 02:42:17",53
"2019-03-08 04:42:17",53
"2019-03-08 05:42:16",53
"2019-03-08 06:42:17",53
"2019-03-08 07:42:18",53
"2019-03-08 08:42:17",53
"2019-03-08 09:42:16",53
"2019-03-08 10:42:16",53
"2019-03-08 11:42:17",53
"2019-03-08 12:42:15",53
"2019-03-08 14:07:21",53
"2019-03-08 14:42:16",53
"2019-03-08 15:42:19",53
"2019-03-08 16:42:16",53
"2019-03-08 17:42:16",53
"2019-03-08 18:42:18",53
"2019-03-08 19:42:19",52
"2019-03-08 20:42:15",52
"2019-03-08 21:42:22",52
"2019-03-08 22:42:15",52
"2019-03-08 23:42:19",52
"2019-03-09 00:42:23",52
"2019-03-09 01:42:19",52
"2019-03-09 02:42:17",52
"2019-03-09 03:42:19",52
"2019-03-09 04:42:18",52
"2019-03-09 05:42:17",52
"2019-03-09 06:42:16",52
"2019-03-09 07:42:16",52
"2019-03-09 08:42:15",52
"2019-03-09 09:42:14",52
"2019-03-09 10:42:16",52
"2019-03-09 11:42:15",52
"2019-03-09 12:42:15",52
"2019-03-09 13:42:15",52
"2019-03-09 14:42:16",52
"2019-03-09 15:42:18",52
"2019-03-09 16:42:16",52
"2019-03-09 17:42:17",52
"2019-03-09 18:42:17",52
"2019-03-09 19:42:16",52
"2019-03-09 20:42:16",52
"2019-03-09 21:42:15",52
"2019-03-09 22:42:17",52
"2019-03-09 23:42:16",52
"2019-03-10 00:42:16",52
"2019-03-10 01:42:17",52
"2019-03-10 02:42:19",52
"2019-03-10 03:42:17",52
"2019-03-10 04:42:17",52
"2019-03-10 05:42:16",52
"2019-03-10 06:42:17",52
"2019-03-10 07:42:15",52
"2019-03-10 08:42:14",52
"2019-03-10 09:42:15",52
"2019-03-10 10:42:14",52
"2019-03-10 11:42:16",52
"2019-03-10 12:42:16",52
"2019-03-10 13:42:14",52
"2019-03-10 14:42:15",52
"2019-03-10 15:42:18",52
"2019-03-10 16:42:16",52
"2019-03-10 17:42:20",52
"2019-03-10 18:42:20",52
"2019-03-10 19:42:16",52
"2019-03-10 20:42:16",52
"2019-03-10 21:42:15",52
"2019-03-10 22:42:15",52
"2019-03-10 23:42:17",52
"2019-03-11 00:42:17",52
"2019-03-11 01:42:18",52
"2019-03-11 02:42:16",52
"2019-03-11 03:42:15",52
"2019-03-11 04:42:17",52
"2019-03-11 05:42:16",52
"2019-03-11 06:42:15",52
"2019-03-11 07:42:15",52
"2019-03-11 08:42:14",52
"2019-03-11 09:42:16",52
"2019-03-11 10:42:17",52
"2019-03-11 11:42:14",52
"2019-03-11 12:42:19",52
"2019-03-11 13:42:18",52
"2019-03-11 14:42:18",52
"2019-03-11 15:42:16",52
"2019-03-11 16:42:16",52
"2019-03-11 17:42:16",52
"2019-03-11 18:42:17",52
"2019-03-11 19:42:16",52
"2019-03-11 20:42:16",52
"2019-03-11 21:42:19",52
"2019-03-11 22:42:16",52
"2019-03-11 23:42:18",52
"2019-03-12 00:42:20",52
"2019-03-12 01:42:15",52
"2019-03-12 02:42:16",52
"2019-03-12 03:42:18",52
"2019-03-12 04:42:17",52
"2019-03-12 05:42:17",52
"2019-03-12 06:42:18",52
"2019-03-12 07:42:14",52
"2019-03-12 08:42:16",52
"2019-03-12 09:42:15",52
"2019-03-12 10:42:19",52
"2019-03-12 11:42:16",52
"2019-03-12 12:42:17",52
"2019-03-12 13:42:17",52
"2019-03-12 14:42:15",52
"2019-03-12 15:42:16",52
"2019-03-12 16:42:16",52
"2019-03-12 17:42:15",52
"2019-03-12 18:42:16",52
"2019-03-12 19:42:15",52
"2019-03-12 20:42:17",52
"2019-03-12 21:42:16",52
"2019-03-12 22:42:17",52
"2019-03-12 23:42:18",52
"2019-03-13 00:42:17",52
"2019-03-13 01:42:17",52
"2019-03-13 02:42:16",52
"2019-03-13 03:42:18",52
"2019-03-13 04:42:17",52
"2019-03-13 05:42:16",52
"2019-03-13 06:42:15",52
"2019-03-13 07:42:19",52
"2019-03-13 08:42:15",52
"2019-03-13 09:42:15",52
"2019-03-13 10:42:14",52
"2019-03-13 11:42:14",52
"2019-03-13 13:06:18",52
"2019-03-13 13:42:15",52
"2019-03-13 14:42:15",52
"2019-03-13 15:42:16",52
"2019-03-13 16:42:16",52
"2019-03-13 17:42:18",52
"2019-03-13 18:42:14",52
"2019-03-13 19:42:17",52
"2019-03-13 20:42:15",52
"2019-03-13 21:42:17",52
"2019-03-13 22:42:15",52
"2019-03-13 23:42:17",52
"2019-03-14 00:42:14",52
"2019-03-14 01:42:18",52
"2019-03-14 02:42:17",52
"2019-03-14 03:42:15",52
"2019-03-14 04:42:16",52
"2019-03-14 05:42:15",52
"2019-03-14 06:42:16",52
"2019-03-14 07:42:15",52
"2019-03-14 08:42:15",52
"2019-03-14 09:42:14",52
"2019-03-14 10:42:17",52
"2019-03-14 11:42:16",52
"2019-03-14 13:06:51",52
"2019-03-14 13:42:16",52
"2019-03-14 14:42:17",52
"2019-03-14 15:42:17",52
"2019-03-14 16:42:17",52
"2019-03-14 17:42:18",52
"2019-03-14 18:42:16",52
"2019-03-14 19:42:21",52
"2019-03-14 20:42:17",52
"2019-03-14 21:42:18",52
"2019-03-14 22:42:22",52
"2019-03-14 23:42:20",52
"2019-03-15 00:42:18",52
"2019-03-15 01:42:18",52
"2019-03-15 02:42:20",52
"2019-03-15 03:42:18",52
"2019-03-15 04:42:17",52
"2019-03-15 05:42:16",52
"2019-03-15 06:42:15",52
"2019-03-15 07:42:17",52
"2019-03-15 08:42:19",52
"2019-03-15 09:42:18",52
"2019-03-15 10:42:20",52
"2019-03-15 11:42:19",52
"2019-03-15 12:42:17",52
"2019-03-15 13:42:17",52
"2019-03-15 14:42:17",52
"2019-03-15 15:42:21",52
"2019-03-15 16:42:18",52
"2019-03-15 17:42:21",52
"2019-03-15 18:42:18",52
"2019-03-15 19:42:17",52
"2019-03-15 20:42:18",52
"2019-03-15 21:42:16",52
"2019-03-15 22:42:16",52
"2019-03-15 23:42:20",52
"2019-03-16 00:42:18",52
"2019-03-16 01:42:16",52
"2019-03-16 02:42:18",52
"2019-03-16 03:42:18",52
"2019-03-16 04:42:19",52
"2019-03-16 05:42:19",52
"2019-03-16 06:42:18",52
"2019-03-16 07:42:17",52
"2019-03-16 08:42:20",52
"2019-03-16 09:42:17",52
"2019-03-16 10:42:16",52
"2019-03-16 11:42:17",52
"2019-03-16 12:42:17",52
"2019-03-16 13:42:17",52
"2019-03-16 14:42:17",52
"2019-03-16 15:42:18",52
"2019-03-16 16:42:17",52
"2019-03-16 17:42:16",52
"2019-03-16 18:42:16",52
"2019-03-16 19:42:16",52
"2019-03-16 20:42:19",52
"2019-03-16 21:42:19",52
"2019-03-16 22:42:19",52
"2019-03-16 23:42:17",52
"2019-03-17 00:42:19",52
"2019-03-17 01:42:18",52
"2019-03-17 02:42:20",52
"2019-03-17 03:42:18",52
"2019-03-17 04:42:18",52
"2019-03-17 05:42:19",52
"2019-03-17 06:42:17",52
"2019-03-17 07:42:16",52
"2019-03-17 08:42:15",52
"2019-03-17 09:42:19",52
"2019-03-17 10:42:16",52
"2019-03-17 11:42:16",52
"2019-03-17 12:42:16",52
"2019-03-17 13:42:16",52
"2019-03-17 14:42:15",52
"2019-03-17 15:42:15",52
"2019-03-17 16:42:15",52
"2019-03-17 17:42:14",52
"2019-03-17 18:42:16",52
"2019-03-17 19:42:16",52
"2019-03-17 20:42:15",52
"2019-03-17 21:42:14",52
"2019-03-17 22:42:14",52
"2019-03-17 23:42:16",52
"2019-03-18 00:42:15",52
"2019-03-18 01:42:16",52
"2019-03-18 02:42:17",52
"2019-03-18 03:42:17",52
"2019-03-18 04:42:17",52
"2019-03-18 05:42:15",52
"2019-03-18 06:42:16",52
"2019-03-18 07:42:17",52
"2019-03-18 08:42:15",52
"2019-03-18 09:42:17",52
"2019-03-18 10:42:16",52
"2019-03-18 11:42:14",52
"2019-03-18 12:42:17",52
"2019-03-18 13:42:18",52
"2019-03-18 14:42:18",51
"2019-03-18 15:42:23",51
"2019-03-18 16:42:16",51
"2019-03-18 17:42:20",51
"2019-03-18 18:42:20",51
"2019-03-18 19:42:20",51
"2019-03-18 20:42:17",51
"2019-03-18 21:42:18",51
"2019-03-18 22:42:21",51
"2019-03-18 23:42:19",51
"2019-03-19 00:42:23",51
"2019-03-19 01:42:20",51
"2019-03-19 02:42:21",51
"2019-03-19 03:42:17",51
"2019-03-19 04:42:18",51
"2019-03-19 05:42:15",51
"2019-03-19 06:42:22",51
"2019-03-19 07:42:18",51
"2019-03-19 08:42:16",51
"2019-03-19 09:42:18",51
"2019-03-19 10:42:17",51
"2019-03-19 11:42:17",51
"2019-03-19 12:42:19",51
"2019-03-19 13:42:17",51
"2019-03-19 14:42:18",51
"2019-03-19 15:42:19",51
"2019-03-19 16:42:19",51
"2019-03-19 17:42:20",51
"2019-03-19 18:42:19",51
"2019-03-19 19:42:21",51
"2019-03-19 20:42:20",51
"2019-03-19 21:42:25",51
"2019-03-19 22:42:22",51
"2019-03-19 23:42:20",51
"2019-03-20 00:42:21",51
"2019-03-20 01:42:21",51
"2019-03-20 02:42:21",51
"2019-03-20 03:42:22",51
"2019-03-20 04:42:20",51
"2019-03-20 05:42:19",51
"2019-03-20 06:42:24",51
"2019-03-20 07:42:23",51
"2019-03-20 08:42:22",51
"2019-03-20 09:42:20",51
"2019-03-20 10:42:21",51
"2019-03-20 11:42:20",51
"2019-03-20 13:06:28",51
"2019-03-20 13:42:21",51
"2019-03-20 14:42:22",51
"2019-03-20 15:42:26",51
"2019-03-20 16:42:21",51
"2019-03-20 17:42:22",51
"2019-03-20 18:42:20",51
"2019-03-20 19:42:19",51
"2019-03-20 20:42:18",51
"2019-03-20 21:42:17",51
"2019-03-20 22:42:18",51
"2019-03-20 23:42:17",51
"2019-03-21 00:42:18",51
"2019-03-21 01:42:17",51
"2019-03-21 02:42:20",51
"2019-03-21 03:42:20",51
"2019-03-21 04:42:18",51
"2019-03-21 05:42:21",51
"2019-03-21 06:42:17",51
"2019-03-21 07:42:17",51
"2019-03-21 08:42:15",51
"2019-03-21 09:42:17",51
"2019-03-21 10:42:19",51
"2019-03-21 11:42:18",51
"2019-03-21 13:07:20",51
"2019-03-21 13:42:16",51
"2019-03-21 14:42:16",51
"2019-03-21 15:42:18",51
"2019-03-21 16:42:15",52
"2019-03-21 17:42:17",52
"2019-03-21 18:42:18",52
"2019-03-21 19:42:17",52
"2019-03-21 20:42:13",52
"2019-03-21 21:42:14",52
"2019-03-21 22:42:15",52
"2019-03-21 23:42:15",52
"2019-03-22 00:42:15",52
"2019-03-22 01:42:14",52
"2019-03-22 02:42:21",52
"2019-03-22 03:42:16",52
"2019-03-22 04:42:14",52
"2019-03-22 05:42:15",52
"2019-03-22 06:42:13",52
"2019-03-22 07:42:14",52
"2019-03-22 08:42:25",52
"2019-03-22 09:42:16",52
"2019-03-22 10:42:15",52
"2019-03-22 11:42:13",52
"2019-03-22 12:42:20",52
"2019-03-22 13:42:14",52
"2019-03-22 14:42:14",52
"2019-03-22 15:42:15",52
"2019-03-22 16:42:15",52
"2019-03-22 17:42:18",52
"2019-03-22 18:42:16",52
"2019-03-22 19:42:15",52
"2019-03-22 20:42:15",52
"2019-03-22 21:42:14",52
"2019-03-22 22:42:15",52
"2019-03-22 23:42:14",52
"2019-03-23 00:42:16",52
"2019-03-23 01:42:22",52
"2019-03-23 02:42:16",52
"2019-03-23 03:42:14",52
"2019-03-23 04:42:14",52
"2019-03-23 05:42:15",52
"2019-03-23 06:42:14",52
"2019-03-23 07:42:19",52
"2019-03-23 08:42:14",52
"2019-03-23 09:42:15",52
"2019-03-23 10:42:13",52
"2019-03-23 11:42:15",52
"2019-03-23 12:42:13",52
"2019-03-23 13:42:17",52
"2019-03-23 14:42:15",52
"2019-03-23 15:42:15",52
"2019-03-23 16:42:13",52
"2019-03-23 17:42:14",52
"2019-03-23 18:42:15",52
"2019-03-23 19:42:19",52
"2019-03-23 20:42:15",52
"2019-03-23 21:42:15",52
"2019-03-23 22:42:15",52
"2019-03-23 23:42:15",52
"2019-03-24 00:42:14",52
"2019-03-24 01:42:16",52
"2019-03-24 02:42:16",52
"2019-03-24 03:42:17",52
"2019-03-24 04:42:21",52
"2019-03-24 05:42:16",52
"2019-03-24 06:42:16",52
"2019-03-24 07:42:16",52
"2019-03-24 08:42:15",52
"2019-03-24 09:42:21",52
"2019-03-24 10:42:18",52
"2019-03-24 11:42:13",52
"2019-03-24 12:42:14",52
"2019-03-24 13:42:18",52
"2019-03-24 14:42:15",52
"2019-03-24 15:42:15",52
"2019-03-24 16:42:14",52
"2019-03-24 17:42:15",52
"2019-03-24 18:42:16",52
"2019-03-24 19:42:15",52
"2019-03-24 20:42:16",52
"2019-03-24 21:42:22",52
"2019-03-24 22:42:16",52
"2019-03-24 23:42:16",52
"2019-03-25 00:42:16",52
"2019-03-25 01:42:16",52
"2019-03-25 02:42:17",52
"2019-03-25 03:42:23",52
"2019-03-25 04:42:16",52
"2019-03-25 05:42:17",52
"2019-03-25 06:42:15",52
"2019-03-25 07:42:16",52
"2019-03-25 08:42:18",52
"2019-03-25 09:42:15",52
"2019-03-25 10:42:16",52
"2019-03-25 11:42:24",52
"2019-03-25 13:06:21",52
"2019-03-25 13:42:21",52
"2019-03-25 14:42:16",52
"2019-03-25 15:42:16",52
"2019-03-25 16:42:16",52
"2019-03-25 17:42:17",52
"2019-03-25 18:42:18",52
"2019-03-25 19:42:20",52
"2019-03-25 20:42:16",52
"2019-03-25 21:42:16",52
"2019-03-25 22:42:24",52
"2019-03-25 23:42:22",52
"2019-03-26 00:42:19",52
"2019-03-26 01:42:18",52
"2019-03-26 02:42:15",52
"2019-03-26 03:42:18",52
"2019-03-26 04:42:16",52
"2019-03-26 05:42:17",52
"2019-03-26 06:42:17",52
"2019-03-26 07:42:15",52
"2019-03-26 08:42:14",52
"2019-03-26 09:42:15",52
"2019-03-26 10:42:19",52
"2019-03-26 11:42:15",52
"2019-03-26 12:42:17",52
"2019-03-26 13:42:23",52
"2019-03-26 14:42:14",52
"2019-03-26 15:42:23",52
"2019-03-26 16:42:21",52
"2019-03-26 17:42:16",52
"2019-03-26 18:42:20",52
"2019-03-26 19:42:22",52
"2019-03-26 20:42:18",52
"2019-03-26 21:42:18",52
"2019-03-26 22:42:17",52
"2019-03-26 23:42:16",52
"2019-03-27 00:42:20",52
"2019-03-27 01:42:16",52
"2019-03-27 02:42:15",52
"2019-03-27 03:42:21",52
"2019-03-27 04:42:19",52
"2019-03-27 05:42:18",52
"2019-03-27 06:42:22",52
"2019-03-27 07:42:16",52
"2019-03-27 08:42:15",52
"2019-03-27 09:42:16",52
"2019-03-27 10:42:20",52
"2019-03-27 11:42:15",52
"2019-03-27 13:06:57",52
"2019-03-27 13:42:18",52
"2019-03-27 14:42:22",52
"2019-03-27 15:42:16",52
"2019-03-27 16:42:17",52
"2019-03-27 17:42:26",52
"2019-03-27 18:42:16",52
"2019-03-27 19:42:15",52
"2019-03-27 20:42:20",52
"2019-03-27 21:42:16",52
"2019-03-27 22:42:25",52
"2019-03-27 23:42:20",52
"2019-03-28 00:42:18",52
"2019-03-28 01:42:16",52
"2019-03-28 02:42:25",52
"2019-03-28 03:42:18",52
"2019-03-28 04:42:21",52
"2019-03-28 05:42:16",52
"2019-03-28 06:42:15",52
"2019-03-28 07:42:16",52
"2019-03-28 08:42:14",52
"2019-03-28 09:42:15",52
"2019-03-28 10:42:15",52
"2019-03-28 11:42:14",52
"2019-03-28 13:06:48",52
"2019-03-28 13:42:20",52
"2019-03-28 14:42:16",52
"2019-03-28 15:42:17",52
"2019-03-28 16:42:19",52
"2019-03-28 17:42:16",52
"2019-03-28 18:42:17",52
"2019-03-28 19:42:16",52
"2019-03-28 20:42:19",52
"2019-03-28 21:42:18",52
"2019-03-28 22:42:15",52
"2019-03-28 23:42:17",52
"2019-03-29 00:42:15",52
"2019-03-29 01:42:30",52
"2019-03-29 02:42:20",52
"2019-03-29 03:42:22",52
"2019-03-29 04:42:19",52
"2019-03-29 05:42:14",52
"2019-03-29 06:42:14",52
"2019-03-29 07:42:15",52
"2019-03-29 08:42:21",52
"2019-03-29 09:42:16",52
"2019-03-29 10:42:16",52
"2019-03-29 11:42:21",52
"2019-03-29 13:07:20",52
"2019-03-29 13:42:18",52
"2019-03-29 14:42:20",52
"2019-03-29 15:42:20",52
"2019-03-29 16:42:14",52
"2019-03-29 17:42:21",52
"2019-03-29 18:42:30",52
"2019-03-29 19:42:21",52
"2019-03-29 20:42:20",52
"2019-03-29 21:42:19",52
"2019-03-29 22:42:23",52
"2019-03-29 23:42:28",52
"2019-03-30 00:42:22",52
"2019-03-30 01:42:21",52
"2019-03-30 02:42:25",52
"2019-03-30 03:42:23",52
"2019-03-30 04:42:24",52
"2019-03-30 05:42:19",52
"2019-03-30 06:42:19",52
"2019-03-30 07:42:19",52
"2019-03-30 08:42:37",52
"2019-03-30 09:42:21",52
"2019-03-30 10:42:21",52
"2019-03-30 11:42:20",52
"2019-03-30 12:42:25",52
"2019-03-30 13:42:16",52
"2019-03-30 14:42:17",52
"2019-03-30 15:42:16",52
"2019-03-30 16:42:16",52
"2019-03-30 17:42:22",52
"2019-03-30 18:42:16",52
"2019-03-30 19:42:17",52
"2019-03-30 20:42:15",52
"2019-03-30 21:42:16",52
"2019-03-30 22:42:23",52
"2019-03-30 23:42:17",52
"2019-03-31 00:42:17",52
"2019-03-31 01:42:19",52
"2019-03-31 02:42:23",52
"2019-03-31 03:42:18",52
"2019-03-31 04:42:16",52
"2019-03-31 05:42:16",52
"2019-03-31 06:42:23",52
"2019-03-31 07:42:18",52
"2019-03-31 08:42:15",52
"2019-03-31 09:42:15",52
"2019-03-31 10:42:21",52
"2019-03-31 11:42:17",52
"2019-03-31 12:42:16",52
"2019-03-31 13:42:19",52
"2019-03-31 14:42:16",52
"2019-03-31 15:42:17",52
"2019-03-31 16:42:18",52
"2019-03-31 17:42:26",52
"2019-03-31 18:42:16",52
"2019-03-31 19:42:17",52
"2019-03-31 20:42:16",52
"2019-03-31 21:42:17",52
"2019-03-31 22:42:16",52
"2019-03-31 23:42:21",52
"2019-04-01 00:42:22",52
"2019-04-01 01:42:19",52
"2019-04-01 02:42:22",52
"2019-04-01 03:42:28",52
"2019-04-01 04:42:19",52
"2019-04-01 05:42:18",52
"2019-04-01 06:42:16",52
"2019-04-01 07:42:23",52
"2019-04-01 08:42:17",52
"2019-04-01 09:42:19",52
"2019-04-01 10:42:24",52
"2019-04-01 11:42:22",52
"2019-04-01 13:42:23",53
"2019-04-01 14:42:23",53
"2019-04-01 15:42:31",52
"2019-04-01 16:42:27",52
"2019-04-01 17:42:22",52
"2019-04-01 18:42:18",52
"2019-04-01 19:42:30",52
"2019-04-01 20:42:20",52
"2019-04-01 21:42:17",52
"2019-04-01 22:42:21",52
"2019-04-01 23:42:20",52
"2019-04-02 00:42:24",52
"2019-04-02 01:42:18",52
"2019-04-02 02:42:20",52
"2019-04-02 03:42:28",52
"2019-04-02 04:42:19",52
"2019-04-02 05:42:18",52
"2019-04-02 06:42:18",52
"2019-04-02 07:42:22",52
"2019-04-02 08:42:19",52
"2019-04-02 09:42:23",52
"2019-04-02 10:42:18",52
"2019-04-02 11:42:18",52
"2019-04-02 13:06:56",52
"2019-04-02 13:42:20",52
"2019-04-02 14:42:16",52
"2019-04-02 15:42:28",52
"2019-04-02 16:42:18",52
"2019-04-02 17:42:26",52
"2019-04-02 18:42:19",52
"2019-04-02 19:42:20",52
"2019-04-02 20:42:25",53
"2019-04-02 21:42:21",53
"2019-04-02 22:42:19",53
"2019-04-02 23:42:21",53
"2019-04-03 00:42:30",53
"2019-04-03 01:42:22",53
"2019-04-03 02:42:18",53
"2019-04-03 03:42:22",53
"2019-04-03 04:42:22",53
"2019-04-03 05:42:22",53
"2019-04-03 06:42:23",53
"2019-04-03 07:42:19",53
"2019-04-03 08:42:19",53
"2019-04-03 09:42:31",53
"2019-04-03 10:42:23",53
"2019-04-03 11:42:21",53
"2019-04-03 13:06:59",53
"2019-04-03 13:42:20",53
"2019-04-03 14:42:27",54
"2019-04-03 15:42:27",54
"2019-04-03 16:42:20",55
"2019-04-03 17:42:18",55
"2019-04-03 18:42:19",55
"2019-04-03 19:42:20",55
"2019-04-03 20:42:22",55
"2019-04-03 21:42:19",55
"2019-04-03 22:42:18",55
"2019-04-03 23:42:26",55
"2019-04-04 00:42:17",55
"2019-04-04 01:42:19",55
"2019-04-04 02:42:20",55
"2019-04-04 03:42:24",55
"2019-04-04 04:42:17",55
"2019-04-04 05:42:16",55
"2019-04-04 06:42:17",55
"2019-04-04 07:42:19",55
"2019-04-04 08:42:23",55
"2019-04-04 09:42:17",55
"2019-04-04 10:42:18",55
"2019-04-04 11:42:24",55
"2019-04-04 12:42:19",55
"2019-04-04 13:42:18",55
"2019-04-04 14:42:26",54
"2019-04-04 15:42:20",54
"2019-04-04 16:42:27",54
"2019-04-04 17:42:17",54
"2019-04-04 18:42:22",54
"2019-04-04 19:42:19",54
"2019-04-04 20:42:19",54
"2019-04-04 21:42:22",54
"2019-04-04 22:42:29",54
"2019-04-04 23:42:19",54
"2019-04-05 00:42:20",54
"2019-04-05 01:42:18",54
"2019-04-05 02:42:18",54
"2019-04-05 03:42:30",54
"2019-04-05 04:42:20",54
"2019-04-05 05:42:18",54
"2019-04-05 06:42:16",54
"2019-04-05 07:42:18",54
"2019-04-05 08:42:27",54
"2019-04-05 09:42:20",54
"2019-04-05 10:42:26",54
"2019-04-05 11:42:19",54
"2019-04-05 13:06:24",54
"2019-04-05 13:42:22",54
"2019-04-05 14:42:21",54
"2019-04-05 15:42:26",54
"2019-04-05 16:42:18",54
"2019-04-05 17:42:18",54
"2019-04-05 18:42:21",54
"2019-04-05 19:42:19",54
"2019-04-05 20:42:18",54
"2019-04-05 21:42:22",54
"2019-04-05 22:42:20",54
"2019-04-05 23:42:23",54
"2019-04-06 00:42:21",54
"2019-04-06 01:42:32",54
"2019-04-06 02:42:23",54
"2019-04-06 03:42:21",54
"2019-04-06 04:42:25",54
"2019-04-06 05:42:21",54
"2019-04-06 06:42:19",54
"2019-04-06 07:42:20",54
"2019-04-06 08:42:29",54
"2019-04-06 09:42:20",54
"2019-04-06 10:42:19",54
"2019-04-06 11:42:21",54
"2019-04-06 12:42:21",54
"2019-04-06 13:42:18",54
"2019-04-06 14:42:18",54
"2019-04-06 15:42:24",54
"2019-04-06 16:42:18",54
"2019-04-06 17:42:19",54
"2019-04-06 18:42:20",54
"2019-04-06 19:42:19",54
"2019-04-06 20:42:17",54
"2019-04-06 21:42:27",54
"2019-04-06 22:42:19",54
"2019-04-06 23:42:18",54
"2019-04-07 00:42:18",54
"2019-04-07 01:42:17",54
"2019-04-07 02:42:21",54
"2019-04-07 03:42:25",54
"2019-04-07 04:42:20",54
"2019-04-07 05:42:20",54
"2019-04-07 06:42:21",54
"2019-04-07 07:42:28",54
"2019-04-07 08:42:21",54
"2019-04-07 09:42:24",54
"2019-04-07 10:42:18",54
"2019-04-07 11:42:25",54
"2019-04-07 12:42:21",54
"2019-04-07 13:42:25",54
"2019-04-07 14:42:19",54
"2019-04-07 15:42:21",54
"2019-04-07 16:42:24",54
"2019-04-07 17:42:20",54
"2019-04-07 18:42:19",54
"2019-04-07 19:42:19",54
"2019-04-07 20:42:26",54
"2019-04-07 21:42:19",54
"2019-04-07 22:42:18",54
"2019-04-07 23:42:17",54
"2019-04-08 00:42:30",54
"2019-04-08 01:42:20",54
"2019-04-08 02:42:20",54
"2019-04-08 03:42:19",54
"2019-04-08 04:42:17",54
"2019-04-08 05:42:28",54
"2019-04-08 06:42:17",54
"2019-04-08 07:42:17",54
"2019-04-08 08:42:18",54
"2019-04-08 09:42:20",54
"2019-04-08 10:42:18",54
"2019-04-08 11:42:30",54
"2019-04-08 12:42:18",54
"2019-04-08 13:42:25",54
"2019-04-08 14:42:18",55
"2019-04-08 15:42:23",55
"2019-04-08 16:42:30",55
"2019-04-08 17:42:20",55
"2019-04-08 18:42:19",55
"2019-04-08 19:42:20",55
"2019-04-08 20:42:20",55
"2019-04-08 21:42:21",55
"2019-04-08 22:42:21",55
"2019-04-08 23:42:19",55
"2019-04-09 00:42:26",55
"2019-04-09 01:42:20",55
"2019-04-09 02:42:23",55
"2019-04-09 03:42:21",55
"2019-04-09 04:42:20",55
"2019-04-09 05:42:24",55
"2019-04-09 06:42:20",55
"2019-04-09 07:42:20",55
"2019-04-09 08:42:23",55
"2019-04-09 09:42:30",55
"2019-04-09 10:42:20",55
"2019-04-09 11:42:21",55
"2019-04-09 13:07:35",55
"2019-04-09 13:42:20",55
"2019-04-09 14:42:19",55
"2019-04-09 15:42:32",56
"2019-04-09 16:42:21",56
"2019-04-09 17:42:20",56
"2019-04-09 18:42:20",56
"2019-04-09 19:42:20",56
"2019-04-09 20:42:20",56
"2019-04-09 21:42:21",56
"2019-04-09 22:42:19",56
"2019-04-09 23:42:26",56
"2019-04-10 00:42:21",56
"2019-04-10 01:42:21",56
"2019-04-10 02:42:22",56
"2019-04-10 03:42:25",56
"2019-04-10 04:42:26",56
"2019-04-10 05:42:20",56
"2019-04-10 06:42:20",56
"2019-04-10 07:42:19",56
"2019-04-10 08:42:26",56
"2019-04-10 09:42:21",56
"2019-04-10 10:42:21",56
"2019-04-10 11:42:22",56
"2019-04-10 12:42:29",56
"2019-04-10 13:42:30",56
"2019-04-10 14:42:20",55
"2019-04-10 15:42:24",55
"2019-04-10 16:42:21",54
"2019-04-10 17:42:21",54
"2019-04-10 18:42:26",54
"2019-04-10 19:42:23",54
"2019-04-10 20:42:19",54
"2019-04-10 21:42:18",54
"2019-04-10 22:42:18",54
"2019-04-10 23:42:28",54
"2019-04-11 00:42:20",54
"2019-04-11 01:42:17",54
"2019-04-11 02:42:21",54
"2019-04-11 03:42:23",54
"2019-04-11 04:42:23",54
"2019-04-11 05:42:22",54
"2019-04-11 06:42:17",54
"2019-04-11 18:42:25",54
"2019-04-11 19:42:34",54
"2019-04-11 20:42:21",54
"2019-04-11 21:42:22",54
"2019-04-11 22:42:21",54
"2019-04-11 23:42:21",54
"2019-04-12 00:42:20",54
"2019-04-12 01:42:23",54
"2019-04-12 02:42:28",54
"2019-04-12 03:42:23",54
"2019-04-12 04:42:22",54
"2019-04-12 05:42:22",54
"2019-04-12 06:42:19",54
"2019-04-12 07:42:20",54
"2019-04-12 08:42:21",54
"2019-04-12 09:42:26",54
"2019-04-12 10:42:20",54
"2019-04-12 11:42:20",54
"2019-04-12 13:06:02",54
"2019-04-12 13:42:22",54
"2019-04-12 14:42:19",54
"2019-04-12 15:42:25",55
"2019-04-12 16:42:24",54
"2019-04-12 17:42:21",54
"2019-04-12 18:42:21",54
"2019-04-12 19:42:20",54
"2019-04-12 20:42:20",54
"2019-04-12 21:42:19",54
"2019-04-12 22:42:29",54
"2019-04-12 23:42:20",54
"2019-04-13 00:42:23",54
"2019-04-13 01:42:20",54
"2019-04-13 02:42:22",54
"2019-04-13 03:42:32",54
"2019-04-13 04:42:23",54
"2019-04-13 05:42:22",54
"2019-04-13 06:42:22",54
"2019-04-13 07:42:18",54
"2019-04-13 08:42:20",54
"2019-04-13 09:42:24",54
"2019-04-13 10:42:19",54
"2019-04-13 11:42:21",54
"2019-04-13 12:42:20",54
"2019-04-13 13:42:21",54
"2019-04-13 14:42:25",54
"2019-04-13 15:42:23",54
"2019-04-13 16:42:22",54
"2019-04-13 17:42:19",54
"2019-04-13 18:42:21",54
"2019-04-13 19:42:21",54
"2019-04-13 20:42:21",54
"2019-04-13 21:42:25",54
"2019-04-13 22:42:20",54
"2019-04-13 23:42:20",54
"2019-04-14 00:42:23",54
"2019-04-14 01:42:25",54
"2019-04-14 02:42:20",54
"2019-04-14 03:42:20",54
"2019-04-14 04:42:29",54
"2019-04-14 05:42:20",54
"2019-04-14 06:42:21",54
"2019-04-14 07:42:25",54
"2019-04-14 08:42:21",54
"2019-04-14 09:42:23",54
"2019-04-14 10:42:18",54
"2019-04-14 11:42:24",54
"2019-04-14 12:42:19",54
"2019-04-14 13:42:22",54
"2019-04-14 14:42:27",54
"2019-04-14 15:42:25",54
"2019-04-14 16:42:24",54
"2019-04-14 17:42:21",54
"2019-04-14 18:42:22",54
"2019-04-14 19:42:23",54
"2019-04-14 20:42:24",54
"2019-04-14 21:42:29",54
"2019-04-14 22:42:21",54
"2019-04-14 23:42:23",54
"2019-04-15 00:42:22",54
"2019-04-15 01:42:20",54
"2019-04-15 02:42:22",54
"2019-04-15 03:42:30",54
"2019-04-15 04:42:21",54
"2019-04-15 05:42:22",54
"2019-04-15 06:42:19",54
"2019-04-15 07:42:21",54
"2019-04-15 08:42:25",54
"2019-04-15 09:42:19",54
"2019-04-15 10:42:20",54
"2019-04-15 11:42:20",54
"2019-04-15 13:08:00",54
"2019-04-15 13:42:19",54
"2019-04-15 14:42:22",54
"2019-04-15 15:42:27",54
"2019-04-15 16:42:21",54
"2019-04-15 17:42:24",54
"2019-04-15 18:42:25",54
"2019-04-15 19:42:37",54
"2019-04-15 20:42:21",54
"2019-04-15 21:42:21",54
"2019-04-15 22:42:23",54
"2019-04-15 23:42:25",54
"2019-04-16 00:42:23",54
"2019-04-16 01:42:21",54
"2019-04-16 02:42:23",54
"2019-04-16 03:42:26",54
"2019-04-16 04:42:22",54
"2019-04-16 05:42:21",54
"2019-04-16 06:42:21",54
"2019-04-16 07:42:19",54
"2019-04-16 08:42:33",54
"2019-04-16 09:42:20",54
"2019-04-16 10:42:27",54
"2019-04-16 11:42:21",54
"2019-04-16 13:06:25",54
"2019-04-16 13:42:22",54
"2019-04-16 14:42:27",54
"2019-04-16 15:42:20",54
"2019-04-16 16:42:20",54
"2019-04-16 17:42:19",54
"2019-04-16 18:42:27",54
"2019-04-16 19:42:23",54
"2019-04-16 20:42:23",55
"2019-04-16 21:42:19",55
"2019-04-16 22:42:20",55
"2019-04-16 23:42:20",55
"2019-04-17 00:42:21",55
"2019-04-17 01:42:23",55
"2019-04-17 02:42:27",55
"2019-04-17 03:42:22",55
"2019-04-17 04:42:22",55
"2019-04-17 05:42:22",55
"2019-04-17 06:42:35",55
"2019-04-17 07:42:23",55
"2019-04-17 08:42:20",55
"2019-04-17 09:42:26",55
"2019-04-17 10:42:20",55
"2019-04-17 11:42:22",55
"2019-04-17 13:07:27",55
"2019-04-17 13:42:23",55
"2019-04-17 14:42:21",55
"2019-04-17 15:42:37",55
"2019-04-17 16:42:22",55
"2019-04-17 17:42:27",55
"2019-04-17 18:42:22",55
"2019-04-17 19:42:20",55
"2019-04-17 20:42:22",55
"2019-04-17 21:42:21",55
"2019-04-17 22:42:22",55
"2019-04-17 23:45:57",55
"2019-04-18 00:42:20",55
"2019-04-18 01:42:23",55
"2019-04-18 02:42:20",55
"2019-04-18 03:42:30",55
"2019-04-18 04:42:22",55
"2019-04-18 05:42:27",55
"2019-04-18 06:42:21",55
"2019-04-18 07:42:21",55
"2019-04-18 08:42:26",55
"2019-04-18 09:42:21",55
"2019-04-18 10:42:23",55
"2019-04-18 11:42:25",55
"2019-04-18 13:07:24",55
"2019-04-18 13:42:22",55
"2019-04-18 14:42:27",54
"2019-04-18 15:42:22",54
"2019-04-18 16:42:23",53
"2019-04-18 17:42:28",53
"2019-04-18 18:42:21",53
"2019-04-18 19:42:20",53
"2019-04-18 20:42:21",53
"2019-04-18 21:42:23",53
"2019-04-18 22:42:22",53
"2019-04-18 23:42:26",53
"2019-04-19 00:42:52",53
"2019-04-19 02:42:21",53
"2019-04-19 03:42:29",53
"2019-04-19 04:42:21",53
"2019-04-19 05:42:20",53
"2019-04-19 06:42:22",53
"2019-04-19 07:42:26",53
"2019-04-19 08:42:24",53
"2019-04-19 09:42:22",53
"2019-04-19 10:42:24",53
"2019-04-19 11:42:19",53
"2019-04-19 12:42:21",53
"2019-04-19 13:42:24",53
"2019-04-19 14:42:26",53
"2019-04-19 15:42:20",53
"2019-04-19 16:42:22",53
"2019-04-19 17:42:28",53
"2019-04-19 18:42:21",53
"2019-04-19 19:42:20",53
"2019-04-19 20:42:20",53
"2019-04-19 21:42:20",53
"2019-04-19 22:42:21",53
"2019-04-19 23:42:23",53
"2019-04-20 00:42:28",53
"2019-04-20 01:42:23",53
"2019-04-20 02:42:23",53
"2019-04-20 03:42:21",53
"2019-04-20 04:42:26",53
"2019-04-20 05:42:21",53
"2019-04-20 06:42:21",53
"2019-04-20 07:42:24",53
"2019-04-20 08:42:22",53
"2019-04-20 09:42:26",53
"2019-04-20 10:42:22",53
"2019-04-20 11:42:18",53
"2019-04-20 12:42:30",53
"2019-04-20 13:43:14",53
"2019-04-20 14:42:21",53
"2019-04-20 15:42:18",53
"2019-04-20 16:42:24",53
"2019-04-20 17:42:24",53
"2019-04-20 18:42:20",53
"2019-04-20 19:42:21",53
"2019-04-20 20:42:21",53
"2019-04-20 21:42:19",53
"2019-04-20 22:42:21",53
"2019-04-20 23:42:28",53
"2019-04-21 00:42:20",53
"2019-04-21 01:42:21",53
"2019-04-21 02:42:23",53
"2019-04-21 03:42:22",53
"2019-04-21 04:42:24",53
"2019-04-21 05:42:21",53
"2019-04-21 06:42:20",53
"2019-04-21 07:42:27",53
"2019-04-21 08:42:19",53
"2019-04-21 09:42:19",53
"2019-04-21 10:42:22",53
"2019-04-21 11:42:22",53
"2019-04-21 12:42:21",53
"2019-04-21 13:42:20",53
"2019-04-21 14:42:26",53
"2019-04-21 15:42:21",53
"2019-04-21 16:42:22",53
"2019-04-21 17:42:22",53
"2019-04-21 18:42:19",53
"2019-04-21 19:42:27",53
"2019-04-21 20:42:19",53
"2019-04-21 21:42:21",53
"2019-04-21 22:42:20",53
"2019-04-21 23:42:20",53
"2019-04-22 00:42:20",53
"2019-04-22 01:42:24",53
"2019-04-22 02:42:30",53
"2019-04-22 03:42:22",53
"2019-04-22 04:42:18",53
"2019-04-22 05:42:19",53
"2019-04-22 06:42:23",53
"2019-04-22 07:42:23",53
"2019-04-22 08:42:21",53
"2019-04-22 09:42:19",53
"2019-04-22 10:42:26",53
"2019-04-22 11:42:24",53
"2019-04-22 13:07:57",53
"2019-04-22 13:42:24",53
"2019-04-22 14:42:25",53
"2019-04-22 15:42:22",53
"2019-04-22 16:42:21",53
"2019-04-22 17:42:24",53
"2019-04-22 18:42:26",53
"2019-04-22 19:42:25",53
"2019-04-22 20:42:23",53
"2019-04-22 21:42:23",53
"2019-04-22 22:42:23",53
"2019-04-22 23:42:26",53
"2019-04-23 00:42:25",53
"2019-04-23 01:42:21",53
"2019-04-23 02:42:21",53
"2019-04-23 03:42:25",53
"2019-04-23 04:42:26",53
"2019-04-23 05:42:23",53
"2019-04-23 06:42:57",53
"2019-04-23 07:42:22",53
"2019-04-23 08:42:19",53
"2019-04-23 09:42:22",53
"2019-04-23 10:42:25",53
"2019-04-23 11:42:26",53
"2019-04-23 13:08:27",53
"2019-04-23 13:42:22",53
"2019-04-23 14:42:20",53
"2019-04-23 15:42:26",53
"2019-04-23 16:42:23",53
"2019-04-23 17:42:22",53
"2019-04-23 18:42:20",53
"2019-04-23 19:42:23",53
"2019-04-23 20:42:30",53
"2019-04-23 21:42:25",53
"2019-04-23 22:42:22",53
"2019-04-23 23:42:23",53
"2019-04-24 00:42:21",53
"2019-04-24 01:42:23",53
"2019-04-24 02:42:28",53
"2019-04-24 03:42:23",53
"2019-04-24 04:42:22",53
"2019-04-24 05:42:20",53
"2019-04-24 06:42:24",53
"2019-04-24 07:42:28",53
"2019-04-24 08:42:21",53
"2019-04-24 09:42:23",53
"2019-04-24 10:42:27",53
"2019-04-24 11:42:28",53
"2019-04-24 12:42:21",53
"2019-04-24 13:42:35",53
"2019-04-24 14:42:26",53
"2019-04-24 15:42:24",53
"2019-04-24 16:42:23",53
"2019-04-24 17:42:25",53
"2019-04-24 18:42:34",52
"2019-04-24 19:42:23",52
"2019-04-24 20:42:25",52
"2019-04-24 21:42:23",52
"2019-04-24 22:42:22",52
"2019-04-24 23:42:32",52
"2019-04-25 00:42:25",52
"2019-04-25 01:42:24",52
"2019-04-25 02:42:24",52
"2019-04-25 03:42:30",52
"2019-04-25 04:42:23",52
"2019-04-25 05:42:23",52
"2019-04-25 06:42:26",52
"2019-04-25 07:42:21",52
"2019-04-25 08:42:27",52
"2019-04-25 09:42:23",52
"2019-04-25 10:42:27",52
"2019-04-25 11:42:25",52
"2019-04-25 13:06:57",52
"2019-04-25 13:42:24",52
"2019-04-25 14:42:28",52
"2019-04-25 15:42:22",52
"2019-04-25 16:42:27",52
"2019-04-25 17:42:21",52
"2019-04-25 18:42:21",52
"2019-04-25 19:42:25",52
"2019-04-25 20:42:21",52
"2019-04-25 21:42:28",52
"2019-04-25 22:42:22",52
"2019-04-25 23:42:21",52
"2019-04-26 00:42:24",52
"2019-04-26 01:42:28",52
"2019-04-26 02:42:23",52
"2019-04-26 03:42:24",52
"2019-04-26 04:42:25",52
"2019-04-26 05:42:25",52
"2019-04-26 06:42:25",52
"2019-04-26 07:42:21",52
"2019-04-26 08:42:28",52
"2019-04-26 09:42:20",52
"2019-04-26 10:42:29",52
"2019-04-26 11:42:21",52
"2019-04-26 12:42:22",52
"2019-04-26 13:42:27",52
"2019-04-26 14:42:22",51
"2019-04-26 15:42:27",51
"2019-04-26 16:42:20",51
"2019-04-26 17:42:22",51
"2019-04-26 18:42:23",51
"2019-04-26 19:42:21",51
"2019-04-26 20:42:26",51
"2019-04-26 21:42:21",51
"2019-04-26 22:42:21",51
"2019-04-26 23:42:22",51
"2019-04-27 00:42:22",51
"2019-04-27 01:42:26",51
"2019-04-27 02:42:21",51
"2019-04-27 03:42:21",51
"2019-04-27 04:42:20",51
"2019-04-27 05:42:22",51
"2019-04-27 06:42:26",51
"2019-04-27 07:42:20",51
"2019-04-27 08:42:20",51
"2019-04-27 09:42:24",51
"2019-04-27 10:42:22",51
"2019-04-27 11:42:19",51
"2019-04-27 12:42:20",51
"2019-04-27 13:42:23",51
"2019-04-27 14:42:20",51
"2019-04-27 15:42:19",51
"2019-04-27 16:42:22",51
"2019-04-27 17:42:29",51
"2019-04-27 18:42:21",51
"2019-04-27 19:42:19",51
"2019-04-27 20:42:22",51
"2019-04-27 21:42:22",51
"2019-04-27 22:42:20",51
"2019-04-27 23:42:20",51
"2019-04-28 00:42:20",51
"2019-04-28 01:42:22",51
"2019-04-28 02:42:21",51
"2019-04-28 03:42:19",51
"2019-04-28 04:42:27",51
"2019-04-28 05:42:21",51
"2019-04-28 06:42:20",51
"2019-04-28 07:42:20",51
"2019-04-28 08:42:24",51
"2019-04-28 09:42:20",51
"2019-04-28 10:42:25",51
"2019-04-28 11:42:22",51
"2019-04-28 12:42:20",51
"2019-04-28 13:42:20",51
"2019-04-28 14:42:24",51
"2019-04-28 15:42:21",51
"2019-04-28 16:42:19",51
"2019-04-28 17:42:21",51
"2019-04-28 18:42:21",51
"2019-04-28 19:42:33",51
"2019-04-28 20:42:20",51
"2019-04-28 21:42:22",51
"2019-04-28 22:42:20",51
"2019-04-28 23:42:22",51
"2019-04-29 00:42:25",51
"2019-04-29 01:42:19",51
"2019-04-29 02:42:19",51
"2019-04-29 03:42:23",51
"2019-04-29 04:42:25",51
"2019-04-29 05:42:20",51
"2019-04-29 06:42:20",51
"2019-04-29 07:42:22",51
"2019-04-29 08:42:26",51
"2019-04-29 09:42:24",51
"2019-04-29 10:42:20",51
"2019-04-29 11:42:20",51
"2019-04-29 12:42:26",51
"2019-04-29 13:42:20",51
"2019-04-29 14:42:24",51
"2019-04-29 15:42:19",51
"2019-04-29 16:42:23",51
"2019-04-29 17:42:22",51
"2019-04-29 18:42:22",51
"2019-04-29 19:42:23",51
"2019-04-29 20:42:29",51
"2019-04-29 21:42:21",51
"2019-04-29 22:42:19",51
"2019-04-29 23:42:23",51
"2019-04-30 00:42:20",51
"2019-04-30 01:42:22",51
"2019-04-30 02:42:25",51
"2019-04-30 03:42:27",51
"2019-04-30 04:42:23",51
"2019-04-30 05:42:24",51
"2019-04-30 06:42:20",51
"2019-04-30 07:42:22",51
"2019-04-30 08:42:22",51
"2019-04-30 09:42:27",51
"2019-04-30 10:42:23",51
"2019-04-30 11:42:23",51
"2019-04-30 13:06:26",51
"2019-04-30 13:42:25",51
"2019-04-30 14:42:24",51
"2019-04-30 15:42:25",51
"2019-04-30 16:42:25",51
"2019-04-30 17:42:30",51
"2019-04-30 18:42:23",51
"2019-04-30 19:42:26",51
"2019-04-30 20:42:23",51
"2019-04-30 21:42:23",51
"2019-04-30 22:42:19",51
"2019-04-30 23:42:26",51
"2019-05-01 00:42:19",51
"2019-05-01 01:42:29",51
"2019-05-01 02:42:23",51
"2019-05-01 03:42:29",51
"2019-05-01 04:42:27",51
"2019-05-01 05:42:25",51
"2019-05-01 06:42:21",51
"2019-05-01 07:42:24",51
"2019-05-01 08:42:25",51
"2019-05-01 09:42:25",51
"2019-05-01 10:42:21",51
"2019-05-01 11:42:23",51
"2019-05-01 13:06:26",51
"2019-05-01 13:42:26",51
"2019-05-01 14:42:19",52
"2019-05-01 15:42:26",52
"2019-05-01 16:42:23",52
"2019-05-01 17:42:20",52
"2019-05-01 18:42:25",52
"2019-05-01 19:42:29",54
"2019-05-01 20:42:26",54
"2019-05-01 21:42:23",54
"2019-05-01 22:42:26",54
"2019-05-01 23:42:26",54
"2019-05-02 00:42:27",54
"2019-05-02 01:42:23",54
"2019-05-02 02:42:28",54
"2019-05-02 03:42:24",54
"2019-05-02 04:42:28",54
"2019-05-02 05:42:31",54
"2019-05-02 06:42:28",54
"2019-05-02 07:42:25",54
"2019-05-02 08:42:25",54
"2019-05-02 09:42:23",54
"2019-05-02 10:42:26",54
"2019-05-02 11:42:22",54
"2019-05-02 13:42:32",54
"2019-05-02 14:42:23",54
"2019-05-02 15:42:24",54
"2019-05-02 16:42:29",54
"2019-05-02 17:42:23",53
"2019-05-02 18:42:24",53
"2019-05-02 19:42:30",53
"2019-05-02 20:42:25",53
"2019-05-02 21:42:26",53
"2019-05-02 22:42:31",53
"2019-05-02 23:42:23",53
"2019-05-03 00:42:24",53
"2019-05-03 01:42:32",53
"2019-05-03 02:42:25",53
"2019-05-03 03:42:31",53
"2019-05-03 04:42:24",53
"2019-05-03 05:42:39",53
"2019-05-03 06:42:28",53
"2019-05-03 07:42:28",53
"2019-05-03 08:42:27",53
"2019-05-03 09:42:28",53
"2019-05-03 10:42:31",53
"2019-05-03 11:42:27",53
"2019-05-03 13:05:35",53
"2019-05-03 13:42:36",53
"2019-05-03 14:42:30",52
"2019-05-03 15:42:28",52
"2019-05-03 16:42:29",52
"2019-05-03 17:42:30",52
"2019-05-03 18:42:35",52
"2019-05-03 19:42:32",52
"2019-05-03 20:42:24",52
"2019-05-03 21:42:35",52
"2019-05-03 22:42:25",52
"2019-05-03 23:42:31",52
"2019-05-04 00:42:28",52
"2019-05-04 01:42:29",52
"2019-05-04 02:42:31",52
"2019-05-04 03:42:35",52
"2019-05-04 04:42:29",52
"2019-05-04 05:42:28",52
"2019-05-04 06:42:30",52
"2019-05-04 07:42:29",52
"2019-05-04 08:42:25",52
"2019-05-04 09:42:28",52
"2019-05-04 10:42:23",52
"2019-05-04 11:42:28",52
"2019-05-04 12:42:31",52
"2019-05-04 13:42:30",52
"2019-05-04 14:42:24",52
"2019-05-04 15:42:25",52
"2019-05-04 16:42:29",52
"2019-05-04 17:42:25",52
"2019-05-04 18:42:24",52
"2019-05-04 19:42:27",52
"2019-05-04 20:42:23",52
"2019-05-04 21:42:26",52
"2019-05-04 22:42:24",52
"2019-05-04 23:42:31",52
"2019-05-05 00:42:26",52
"2019-05-05 01:42:29",52
"2019-05-05 02:42:25",52
"2019-05-05 03:42:27",52
"2019-05-05 04:42:29",52
"2019-05-05 05:42:30",52
"2019-05-05 06:42:31",52
"2019-05-05 07:42:27",52
"2019-05-05 08:42:23",52
"2019-05-05 09:42:24",52
"2019-05-05 10:42:27",52
"2019-05-05 11:42:27",52
"2019-05-05 12:42:27",52
"2019-05-05 13:42:27",52
"2019-05-05 14:42:28",52
"2019-05-05 15:42:25",52
"2019-05-05 16:42:25",52
"2019-05-05 17:42:31",52
"2019-05-05 18:42:25",52
"2019-05-05 19:42:23",52
"2019-05-05 20:42:26",52
"2019-05-05 21:42:24",52
"2019-05-05 22:42:28",52
"2019-05-05 23:42:29",52
"2019-05-06 00:42:25",52
"2019-05-06 01:42:24",52
"2019-05-06 02:42:25",52
"2019-05-06 03:42:28",52
"2019-05-06 04:42:23",52
"2019-05-06 05:42:23",52
"2019-05-06 06:42:23",52
"2019-05-06 07:42:29",52
"2019-05-06 08:42:24",52
"2019-05-06 09:42:22",52
"2019-05-06 10:42:27",52
"2019-05-06 11:42:27",52
"2019-05-06 13:07:35",52
"2019-05-06 13:42:34",52
"2019-05-06 14:42:34",54
"2019-05-06 15:42:23",54
"2019-05-06 16:42:26",54
"2019-05-06 17:34:16",54
"2019-05-06 17:42:24",54
"2019-05-06 18:42:25",54
"2019-05-06 19:42:27",54
"2019-05-06 20:42:22",54
"2019-05-06 21:42:22",54
"2019-05-06 22:42:25",54
"2019-05-06 23:42:22",54
"2019-05-07 00:42:23",54
"2019-05-07 01:42:31",54
"2019-05-07 02:42:23",54
"2019-05-07 03:42:26",54
"2019-05-07 04:42:25",54
"2019-05-07 05:42:23",54
"2019-05-07 06:42:22",54
"2019-05-07 07:42:23",54
"2019-05-07 08:42:21",54
"2019-05-07 09:42:25",54
"2019-05-07 10:42:23",54
"2019-05-07 11:42:21",54
"2019-05-07 12:42:28",54
"2019-05-07 13:42:26",54
"2019-05-07 14:42:21",54
"2019-05-07 15:42:21",54
"2019-05-07 16:42:25",54
"2019-05-07 17:42:26",54
"2019-05-07 18:42:23",54
"2019-05-07 19:42:28",54
"2019-05-07 20:42:24",54
"2019-05-07 21:42:22",54
"2019-05-07 22:42:22",54
"2019-05-07 23:42:26",54
"2019-05-08 00:42:22",54
"2019-05-08 01:42:23",54
"2019-05-08 02:42:23",54
"2019-05-08 03:42:28",54
"2019-05-08 04:42:24",54
"2019-05-08 05:42:24",54
"2019-05-08 06:42:25",54
"2019-05-08 07:42:23",54
"2019-05-08 08:42:22",54
"2019-05-08 09:42:29",54
"2019-05-08 10:42:22",54
"2019-05-08 11:42:26",54
"2019-05-08 13:06:28",54
"2019-05-08 13:42:25",54
"2019-05-08 14:42:27",54
"2019-05-08 15:42:28",53
"2019-05-08 16:42:26",53
"2019-05-08 17:42:27",52
"2019-05-08 18:42:30",52
"2019-05-08 19:42:25",52
"2019-05-08 20:42:23",52
"2019-05-08 21:42:25",52
"2019-05-08 22:42:23",52
"2019-05-08 23:42:33",52
"2019-05-09 00:42:24",52
"2019-05-09 01:42:27",52
"2019-05-09 02:42:27",52
"2019-05-09 03:42:32",52
"2019-05-09 04:42:32",52
"2019-05-09 05:42:26",52
"2019-05-09 06:42:29",52
"2019-05-09 07:42:28",52
"2019-05-09 08:42:27",52
"2019-05-09 09:42:32",52
"2019-05-09 10:42:24",52
"2019-05-09 11:42:29",52
"2019-05-09 13:05:59",52
"2019-05-09 13:42:26",52
"2019-05-09 14:42:24",52
"2019-05-09 15:42:29",52
"2019-05-09 16:42:26",52
"2019-05-09 17:42:31",52
"2019-05-09 18:42:25",52
"2019-05-09 19:42:27",52
"2019-05-09 20:42:26",52
"2019-05-09 21:42:24",52
"2019-05-09 22:42:31",52
"2019-05-09 23:42:24",52
"2019-05-10 00:42:24",52
"2019-05-10 01:42:28",52
"2019-05-10 02:42:32",52
"2019-05-10 03:42:24",52
"2019-05-10 04:42:32",52
"2019-05-10 05:42:25",52
"2019-05-10 06:42:24",52
"2019-05-10 07:42:23",52
"2019-05-10 08:42:29",52
"2019-05-10 09:42:25",52
"2019-05-10 10:42:26",52
"2019-05-10 11:42:25",52
"2019-05-10 12:42:31",52
"2019-05-10 13:42:24",52
"2019-05-10 14:42:29",52
"2019-05-10 15:42:24",52
"2019-05-10 16:42:24",51
"2019-05-10 17:42:25",51
"2019-05-10 18:42:30",51
"2019-05-10 19:42:24",51
"2019-05-10 20:42:23",51
"2019-05-10 21:42:24",51
"2019-05-10 22:42:27",51
"2019-05-10 23:42:25",51
"2019-05-11 00:42:32",51
"2019-05-11 01:42:24",51
"2019-05-11 02:42:31",51
"2019-05-11 03:42:24",51
"2019-05-11 04:42:25",51
"2019-05-11 05:42:34",51
"2019-05-11 06:42:23",51
"2019-05-11 07:42:23",51
"2019-05-11 08:42:29",51
"2019-05-11 09:42:23",51
"2019-05-11 10:42:31",51
"2019-05-11 11:42:24",51
"2019-05-11 12:42:24",51
"2019-05-11 13:42:27",51
"2019-05-11 14:42:23",51
"2019-05-11 15:42:26",51
"2019-05-11 16:42:33",51
"2019-05-11 17:42:25",51
"2019-05-11 18:42:26",51
"2019-05-11 19:42:25",51
"2019-05-11 20:42:24",51
"2019-05-11 21:42:25",51
"2019-05-11 22:42:28",51
"2019-05-11 23:42:26",51
"2019-05-12 00:42:24",51
"2019-05-12 01:42:25",51
"2019-05-12 02:42:25",51
"2019-05-12 03:42:30",51
"2019-05-12 04:42:24",51
"2019-05-12 05:42:26",51
"2019-05-12 06:42:24",51
"2019-05-12 07:42:29",51
"2019-05-12 08:42:24",51
"2019-05-12 09:42:27",51
"2019-05-12 10:42:23",51
"2019-05-12 11:42:23",51
"2019-05-12 12:42:23",51
"2019-05-12 13:42:29",51
"2019-05-12 14:42:24",51
"2019-05-12 15:42:25",51
"2019-05-12 16:42:26",51
"2019-05-12 17:42:30",51
"2019-05-12 18:42:23",51
"2019-05-12 19:42:24",51
"2019-05-12 20:42:23",51
"2019-05-12 21:42:21",51
"2019-05-12 22:42:30",51
"2019-05-12 23:42:23",51
"2019-05-13 00:42:26",51
"2019-05-13 01:42:22",51
"2019-05-13 02:42:23",51
"2019-05-13 03:42:27",51
"2019-05-13 04:42:22",51
"2019-05-13 05:42:22",51
"2019-05-13 06:42:27",51
"2019-05-13 07:42:21",51
"2019-05-13 08:42:22",51
"2019-05-13 09:42:24",51
"2019-05-13 10:42:27",51
"2019-05-13 11:42:24",51
"2019-05-13 13:05:58",51
"2019-05-13 13:42:24",51
"2019-05-13 14:42:23",51
"2019-05-13 15:42:29",51
"2019-05-13 16:42:23",51
"2019-05-13 17:42:24",51
"2019-05-13 18:42:26",51
"2019-05-13 19:42:26",51
"2019-05-13 20:42:23",51
"2019-05-13 21:42:25",51
"2019-05-13 22:42:23",51
"2019-05-13 23:42:23",51
"2019-05-14 00:42:40",51
"2019-05-14 01:42:23",51
"2019-05-14 02:42:25",51
"2019-05-14 03:42:30",51
"2019-05-14 04:42:25",51
"2019-05-14 05:42:23",51
"2019-05-14 06:42:30",51
"2019-05-14 07:42:26",51
"2019-05-14 08:42:26",51
"2019-05-14 09:42:30",51
"2019-05-14 10:42:24",51
"2019-05-14 11:42:24",51
"2019-05-14 13:05:30",51
"2019-05-14 13:42:27",51
"2019-05-14 14:42:25",51
"2019-05-14 15:42:27",51
"2019-05-14 16:42:26",51
"2019-05-14 17:42:26",51
"2019-05-14 18:42:27",51
"2019-05-14 19:42:23",51
"2019-05-14 20:42:24",51
"2019-05-14 21:42:23",51
"2019-05-14 22:42:28",51
"2019-05-14 23:42:26",51
"2019-05-15 00:42:25",51
"2019-05-15 01:42:25",51
"2019-05-15 02:42:24",51
"2019-05-15 03:42:28",51
"2019-05-15 04:42:26",51
"2019-05-15 05:42:27",51
"2019-05-15 06:42:28",51
"2019-05-15 07:42:26",51
"2019-05-15 08:42:27",51
"2019-05-15 09:42:30",51
"2019-05-15 10:42:33",51
"2019-05-15 11:42:25",51
"2019-05-15 13:06:30",51
"2019-05-15 13:42:26",51
"2019-05-15 14:42:26",51
"2019-05-15 15:42:24",51
"2019-05-15 16:42:29",51
"2019-05-15 17:42:26",51
"2019-05-15 18:42:28",51
"2019-05-15 19:42:26",51
"2019-05-15 20:42:26",51
"2019-05-15 21:42:28",51
"2019-05-15 22:42:25",51
"2019-05-15 23:42:25",51
"2019-05-16 00:42:24",51
"2019-05-16 01:42:30",51
"2019-05-16 02:42:29",51
"2019-05-16 03:42:24",51
"2019-05-16 04:42:25",51
"2019-05-16 05:42:29",51
"2019-05-16 06:42:27",51
"2019-05-16 07:42:30",51
"2019-05-16 08:42:29",51
"2019-05-16 09:42:29",51
"2019-05-16 10:42:39",51
"2019-05-16 11:42:26",51
"2019-05-16 13:05:29",51
"2019-05-16 13:42:39",51
"2019-05-16 14:42:27",51
"2019-05-16 15:42:26",51
"2019-05-16 16:42:30",51
"2019-05-16 17:42:27",51
"2019-05-16 18:42:29",51
"2019-05-16 19:42:30",51
"2019-05-16 20:42:26",51
"2019-05-16 21:42:29",51
"2019-05-16 22:42:30",51
"2019-05-16 23:42:27",51
"2019-05-17 00:42:35",51
"2019-05-17 01:42:30",51
"2019-05-17 02:42:27",51
"2019-05-17 03:42:26",51
"2019-05-17 04:42:26",51
"2019-05-17 05:42:28",51
"2019-05-17 06:42:33",51
"2019-05-17 07:42:29",51
"2019-05-17 08:42:34",51
"2019-05-17 09:42:32",51
"2019-05-17 10:42:26",51
"2019-05-17 11:42:30",51
"2019-05-17 13:07:01",51
"2019-05-17 13:42:35",51
"2019-05-17 14:42:28",51
"2019-05-17 15:42:26",51
"2019-05-17 16:42:30",51
"2019-05-17 17:42:27",51
"2019-05-17 18:42:29",51
"2019-05-17 19:42:30",51
"2019-05-17 20:42:26",51
"2019-05-17 21:42:27",51
"2019-05-17 22:42:26",51
"2019-05-17 23:42:27",51
"2019-05-18 00:42:27",51
"2019-05-18 01:42:29",51
"2019-05-18 02:42:28",51
"2019-05-18 04:42:24",51
"2019-05-18 05:42:21",51
"2019-05-18 06:42:23",51
"2019-05-18 07:42:21",51
"2019-05-18 08:42:21",51
"2019-05-18 09:42:21",51
"2019-05-18 10:42:20",51
"2019-05-18 11:42:23",51
"2019-05-18 12:42:21",51
"2019-05-18 13:42:22",51
"2019-05-18 14:42:21",51
"2019-05-18 15:42:24",51
"2019-05-18 16:42:21",51
"2019-05-18 17:42:23",51
"2019-05-18 18:42:20",51
"2019-05-18 19:42:21",51
"2019-05-18 20:42:21",51
"2019-05-18 21:42:21",51
"2019-05-18 22:42:21",51
"2019-05-18 23:42:20",51
"2019-05-19 00:42:20",51
"2019-05-19 01:42:20",51
"2019-05-19 02:42:21",51
"2019-05-19 03:42:20",51
"2019-05-19 04:42:23",51
"2019-05-19 05:42:20",51
"2019-05-19 06:42:20",51
"2019-05-19 07:42:20",51
"2019-05-19 08:42:20",51
"2019-05-19 09:42:20",51
"2019-05-19 10:42:20",51
"2019-05-19 11:42:21",51
"2019-05-19 12:42:22",51
"2019-05-19 13:42:22",51
"2019-05-19 14:42:20",51
"2019-05-19 15:42:20",51
"2019-05-19 16:42:22",51
"2019-05-19 17:42:21",51
"2019-05-19 18:42:21",51
"2019-05-19 19:42:21",51
"2019-05-19 20:42:22",51
"2019-05-19 21:42:22",51
"2019-05-19 22:42:21",51
"2019-05-19 23:42:21",51
"2019-05-20 00:42:22",51
"2019-05-20 01:42:21",51
"2019-05-20 02:42:23",51
"2019-05-20 03:42:22",51
"2019-05-20 04:42:23",51
"2019-05-20 05:42:23",51
"2019-05-20 06:42:22",51
"2019-05-20 07:42:22",51
"2019-05-20 08:42:22",51
"2019-05-20 09:42:22",51
"2019-05-20 10:42:22",51
"2019-05-20 11:42:22",51
"2019-05-20 12:42:25",51
"2019-05-20 13:42:23",51
"2019-05-20 14:42:22",50
"2019-05-20 15:42:20",50
"2019-05-20 16:42:23",50
"2019-05-20 17:42:22",50
"2019-05-20 18:42:20",50
"2019-05-20 19:42:21",50
"2019-05-20 20:42:21",50
"2019-05-20 21:42:21",50
"2019-05-20 22:42:21",50
"2019-05-20 23:42:25",50
"2019-05-21 00:42:21",50
"2019-05-21 01:42:22",50
"2019-05-21 02:42:21",50
"2019-05-21 03:42:21",50
"2019-05-21 04:42:22",50
"2019-05-21 05:42:21",50
"2019-05-21 06:42:20",50
"2019-05-21 07:42:22",50
"2019-05-21 08:42:21",50
"2019-05-21 09:42:19",50
"2019-05-21 10:42:21",50
"2019-05-21 11:42:20",50
"2019-05-21 13:06:24",50
"2019-05-21 13:42:21",50
"2019-05-21 14:42:22",50
"2019-05-21 15:42:20",49
"2019-05-21 16:42:20",49
"2019-05-21 17:42:20",49
"2019-05-21 18:42:21",49
"2019-05-21 19:42:22",49
"2019-05-21 20:42:21",49
"2019-05-21 21:42:20",49
"2019-05-21 22:42:24",49
"2019-05-21 23:42:21",49
"2019-05-22 00:42:20",49
"2019-05-22 01:42:21",49
"2019-05-22 02:42:20",49
"2019-05-22 03:42:20",49
"2019-05-22 04:42:22",49
"2019-05-22 05:42:21",49
"2019-05-22 06:42:20",49
"2019-05-22 07:42:21",49
"2019-05-22 08:42:26",49
"2019-05-22 09:42:26",49
"2019-05-22 10:42:20",49
"2019-05-22 11:42:21",49
"2019-05-22 12:42:21",49
"2019-05-22 13:42:22",49
"2019-05-22 14:42:21",49
"2019-05-22 15:42:24",49
"2019-05-22 16:42:21",49
"2019-05-22 17:42:20",49
"2019-05-22 18:42:21",49
"2019-05-22 19:42:20",49
"2019-05-22 20:42:20",49
"2019-05-22 21:42:21",49
"2019-05-22 22:42:20",49
"2019-05-22 23:42:20",49
"2019-05-23 00:42:21",49
"2019-05-23 01:42:20",49
"2019-05-23 02:42:22",49
"2019-05-23 03:42:20",49
"2019-05-23 04:42:24",49
"2019-05-23 05:42:20",49
"2019-05-23 06:42:21",49
"2019-05-23 07:42:22",49
"2019-05-23 08:42:21",49
"2019-05-23 09:42:21",49
"2019-05-23 10:42:21",49
"2019-05-23 11:42:20",49
"2019-05-23 12:42:24",49
"2019-05-23 13:42:22",49
"2019-05-23 14:42:22",49
"2019-05-23 15:42:21",49
"2019-05-23 16:42:21",49
"2019-05-23 17:42:22",49
"2019-05-23 18:42:22",49
"2019-05-23 19:42:24",49
"2019-05-23 20:42:22",49
"2019-05-23 21:42:22",49
"2019-05-23 22:42:22",49
"2019-05-23 23:42:22",49
"2019-05-24 00:42:23",49
"2019-05-24 01:42:22",49
"2019-05-24 02:42:21",49
"2019-05-24 03:42:21",49
"2019-05-24 04:42:22",49
"2019-05-24 05:42:24",49
"2019-05-24 06:42:21",49
"2019-05-24 07:42:21",49
"2019-05-24 08:42:22",49
"2019-05-24 09:42:23",49
"2019-05-24 10:42:23",49
"2019-05-24 11:42:22",49
"2019-05-24 13:06:25",49
"2019-05-24 13:42:22",49
"2019-05-24 14:42:22",49
"2019-05-24 15:42:22",49
"2019-05-24 16:42:21",49
"2019-05-24 17:42:23",49
"2019-05-24 18:42:24",49
"2019-05-24 19:42:23",50
"2019-05-24 20:42:23",50
"2019-05-24 21:42:24",50
"2019-05-24 22:42:23",50
"2019-05-24 23:42:25",50
"2019-05-25 00:42:23",50
"2019-05-25 01:42:22",50
"2019-05-25 04:42:23",50
"2019-05-26 04:42:25",50
"2019-05-26 05:42:23",50
"2019-05-26 06:42:22",50
"2019-05-26 07:42:24",50
"2019-05-26 08:42:21",50
"2019-05-26 09:42:21",50
"2019-05-26 10:42:22",50
"2019-05-26 11:42:23",50
"2019-05-26 12:42:21",50
"2019-05-26 13:42:21",50
"2019-05-26 14:42:23",50
"2019-05-26 15:42:21",50
"2019-05-26 16:42:22",50
"2019-05-26 17:42:25",50
"2019-05-26 18:42:22",50
"2019-05-26 19:42:21",50
"2019-05-26 20:42:21",50
"2019-05-26 21:42:22",50
"2019-05-26 22:42:22",50
"2019-05-26 23:42:21",50
"2019-05-27 00:42:21",50
"2019-05-27 01:42:22",50
"2019-05-27 02:42:22",50
"2019-05-27 03:42:23",50
"2019-05-27 04:42:23",50
"2019-05-27 05:42:22",50
"2019-05-27 06:42:22",50
"2019-05-27 07:42:27",50
"2019-05-27 08:42:26",50
"2019-05-27 09:42:25",50
"2019-05-27 10:42:23",50
"2019-05-27 11:42:21",50
"2019-05-27 12:42:21",50
"2019-05-27 13:42:22",50
"2019-05-27 14:42:22",50
"2019-05-27 15:42:22",50
"2019-05-27 16:42:22",50
"2019-05-27 17:42:24",50
"2019-05-27 18:42:22",50
"2019-05-27 19:42:21",50
"2019-05-27 20:42:21",50
"2019-05-27 21:42:22",50
"2019-05-27 22:42:21",50
"2019-05-27 23:42:21",50
"2019-05-28 00:42:21",50
"2019-05-28 01:42:22",50
"2019-05-28 02:42:23",50
"2019-05-28 03:42:22",50
"2019-05-28 04:42:22",50
"2019-05-28 05:42:22",50
"2019-05-28 06:42:27",50
"2019-05-28 07:42:23",50
"2019-05-28 08:42:22",50
"2019-05-28 09:42:24",50
"2019-05-28 10:42:22",50
"2019-05-28 11:42:21",50
"2019-05-28 12:42:22",50
"2019-05-28 13:42:24",50
"2019-05-28 14:42:23",50
"2019-05-28 15:42:22",50
"2019-05-28 16:42:23",50
"2019-05-28 17:42:26",50
"2019-05-28 18:42:23",50
"2019-05-28 19:42:23",51
"2019-05-28 20:42:23",51
"2019-05-28 21:42:22",51
"2019-05-28 22:42:22",51
"2019-05-28 23:42:23",51
"2019-05-29 00:42:24",51
"2019-05-29 01:42:22",51
"2019-05-29 02:42:23",51
"2019-05-29 03:42:22",51
"2019-05-29 04:42:22",51
"2019-05-29 05:42:25",51
"2019-05-29 06:42:23",51
"2019-05-29 07:42:25",51
"2019-05-29 08:42:23",51
"2019-05-29 09:42:27",51
"2019-05-29 10:42:23",51
"2019-05-29 11:42:22",51
"2019-05-29 13:05:27",51
"2019-05-29 13:42:25",51
"2019-05-29 14:42:25",51
"2019-05-29 15:42:24",50
"2019-05-29 16:42:23",50
"2019-05-29 17:42:24",50
"2019-05-29 18:42:24",50
"2019-05-29 19:42:25",50
"2019-05-29 20:42:22",50
"2019-05-29 21:42:23",50
"2019-05-29 22:42:23",50
"2019-05-29 23:42:24",50
"2019-05-30 00:42:22",50
"2019-05-30 01:42:23",50
"2019-05-30 02:42:24",50
"2019-05-30 03:42:23",50
"2019-05-30 04:42:24",50
"2019-05-30 05:42:25",50
"2019-05-30 06:42:23",50
"2019-05-30 07:42:23",50
"2019-05-30 08:42:27",50
"2019-05-30 09:42:23",50
"2019-05-30 10:42:22",50
"2019-05-30 11:42:23",50
"2019-05-30 12:42:26",50
"2019-05-30 13:42:22",50
"2019-05-30 14:42:25",50
"2019-05-30 15:42:24",51
"2019-05-30 16:42:22",51
"2019-05-30 17:42:23",51
"2019-05-30 18:42:23",51
"2019-05-30 19:42:23",51
"2019-05-30 20:42:22",51
"2019-05-30 21:42:22",51
"2019-05-30 22:42:24",51
"2019-05-30 23:42:22",51
"2019-05-31 00:42:21",51
"2019-05-31 01:42:23",51
"2019-05-31 02:42:22",51
"2019-05-31 03:42:22",51
"2019-05-31 04:42:22",51
"2019-05-31 05:42:22",51
"2019-05-31 06:42:24",51
"2019-05-31 07:42:21",51
"2019-05-31 08:42:22",51
"2019-05-31 09:42:24",51
"2019-05-31 10:42:23",51
"2019-05-31 11:42:22",51
"2019-05-31 12:43:08",51
"2019-05-31 13:42:24",51
"2019-05-31 14:42:23",51
"2019-05-31 15:42:23",51
"2019-05-31 16:42:22",51
"2019-05-31 17:42:26",51
"2019-05-31 18:42:23",51
"2019-05-31 19:42:22",51
"2019-05-31 20:42:23",51
"2019-05-31 21:42:23",51
"2019-05-31 22:42:21",51
"2019-05-31 23:42:22",51
"2019-06-01 00:42:22",51
"2019-06-01 01:42:22",51
"2019-06-01 02:42:22",51
"2019-06-01 03:42:22",51
"2019-06-01 04:42:22",51
"2019-06-01 05:42:22",51
"2019-06-01 06:42:25",51
"2019-06-01 07:42:22",51
"2019-06-01 08:42:23",51
"2019-06-01 09:42:22",51
"2019-06-01 10:42:23",51
"2019-06-01 11:42:22",51
"2019-06-01 12:42:22",51
"2019-06-01 13:42:22",51
"2019-06-01 14:42:25",51
"2019-06-01 15:42:24",51
"2019-06-01 16:42:22",51
"2019-06-01 17:42:23",51
"2019-06-01 18:42:23",51
"2019-06-01 19:42:24",51
"2019-06-01 20:42:22",51
"2019-06-01 21:42:23",51
"2019-06-01 22:42:23",51
"2019-06-01 23:42:23",51
"2019-06-02 00:42:24",51
"2019-06-02 01:42:26",51
"2019-06-02 02:42:24",51
"2019-06-02 03:42:23",51
"2019-06-02 04:42:22",51
"2019-06-02 05:42:26",51
"2019-06-02 06:42:23",51
"2019-06-02 07:42:22",51
"2019-06-02 08:42:22",51
"2019-06-02 09:42:22",51
"2019-06-02 10:42:23",51
"2019-06-02 11:42:22",51
"2019-06-02 12:42:26",51
"2019-06-02 13:42:23",51
"2019-06-02 14:42:24",51
"2019-06-02 15:42:21",51
"2019-06-02 16:42:22",51
"2019-06-02 17:42:23",51
"2019-06-02 18:42:23",51
"2019-06-02 19:42:23",51
"2019-06-02 20:42:22",51
"2019-06-02 21:42:23",51
"2019-06-02 22:42:23",51
"2019-06-02 23:42:22",51
"2019-06-03 00:42:22",51
"2019-06-03 01:42:25",51
"2019-06-03 02:42:23",51
"2019-06-03 03:42:22",51
"2019-06-03 04:42:22",51
"2019-06-03 05:42:23",51
"2019-06-03 06:42:23",51
"2019-06-03 07:42:22",51
"2019-06-03 08:42:24",51
"2019-06-03 09:42:23",51
"2019-06-03 10:42:25",51
"2019-06-03 11:42:24",51
"2019-06-03 12:42:22",51
"2019-06-03 13:42:24",51
"2019-06-03 14:42:24",51
"2019-06-03 15:42:23",51
"2019-06-03 16:42:22",51
"2019-06-03 17:42:22",51
"2019-06-03 18:42:24",51
"2019-06-03 19:42:24",51
"2019-06-03 20:42:22",51
"2019-06-03 21:42:24",51
"2019-06-03 22:42:23",51
"2019-06-03 23:42:26",51
"2019-06-04 00:42:22",51
"2019-06-04 01:42:23",51
"2019-06-04 02:42:23",51
"2019-06-04 03:42:23",51
"2019-06-04 04:42:24",51
"2019-06-04 05:42:23",51
"2019-06-04 06:42:22",51
"2019-06-04 07:42:22",51
"2019-06-04 08:42:26",51
"2019-06-04 09:42:22",51
"2019-06-04 10:42:24",51
"2019-06-04 11:42:23",51
"2019-06-04 13:04:57",51
"2019-06-04 13:42:24",51
"2019-06-04 14:42:27",51
"2019-06-04 15:42:24",51
"2019-06-04 16:42:24",51
"2019-06-04 17:42:25",51
"2019-06-04 18:42:24",51
"2019-06-04 19:42:24",51
"2019-06-04 20:42:24",51
"2019-06-04 21:42:23",51
"2019-06-04 22:42:24",51
"2019-06-04 23:42:27",51
"2019-06-05 00:42:23",51
"2019-06-05 01:42:25",51
"2019-06-05 02:42:26",51
"2019-06-05 03:42:25",51
"2019-06-05 04:42:28",51
"2019-06-05 05:42:24",51
"2019-06-05 06:42:24",51
"2019-06-05 07:42:24",51
"2019-06-05 08:42:28",51
"2019-06-05 09:42:23",51
"2019-06-05 10:42:24",51
"2019-06-05 11:42:27",51
"2019-06-05 13:06:27",51
"2019-06-05 13:42:23",51
"2019-06-05 14:42:23",51
"2019-06-05 15:42:24",51
"2019-06-05 16:42:24",51
"2019-06-05 17:42:24",51
"2019-06-05 18:42:24",51
"2019-06-05 19:42:27",51
"2019-06-05 20:42:24",51
"2019-06-05 21:42:23",51
"2019-06-05 22:42:24",51
"2019-06-05 23:42:23",51
"2019-06-06 00:42:24",51
"2019-06-06 01:42:23",51
"2019-06-06 02:42:24",51
"2019-06-06 03:42:24",51
"2019-06-06 04:42:28",51
"2019-06-06 05:42:24",51
"2019-06-06 06:42:26",51
"2019-06-06 07:42:24",51
"2019-06-06 08:42:28",51
"2019-06-06 09:42:25",51
"2019-06-06 10:42:29",51
"2019-06-06 11:42:24",51
"2019-06-06 13:06:27",51
"2019-06-06 13:42:24",51
"2019-06-06 14:42:24",51
"2019-06-06 15:42:26",51
"2019-06-06 16:42:24",51
"2019-06-06 17:42:26",50
"2019-06-06 18:42:27",50
"2019-06-06 19:42:26",50
"2019-06-06 20:42:23",50
"2019-06-06 21:42:24",50
"2019-06-06 22:42:23",50
"2019-06-06 23:42:23",50
"2019-06-07 00:42:26",50
"2019-06-07 01:42:25",50
"2019-06-07 02:42:25",50
"2019-06-07 03:42:25",50
"2019-06-07 04:42:27",50
"2019-06-07 05:42:23",50
"2019-06-07 06:42:25",50
"2019-06-07 07:42:25",50
"2019-06-07 08:42:25",50
"2019-06-07 09:42:26",50
"2019-06-07 10:42:24",50
"2019-06-07 11:42:24",50
"2019-06-07 13:06:30",50
"2019-06-07 13:42:26",50
"2019-06-07 14:42:25",51
"2019-06-07 15:42:25",51
"2019-06-07 16:42:25",50
"2019-06-07 17:42:24",50
"2019-06-07 18:42:24",50
"2019-06-07 19:42:24",50
"2019-06-07 20:42:24",50
"2019-06-07 21:42:25",50
"2019-06-07 22:42:23",50
"2019-06-07 23:42:27",50
"2019-06-08 00:42:25",50
"2019-06-08 01:42:28",50
"2019-06-08 02:42:26",50
"2019-06-08 03:42:27",50
"2019-06-08 04:42:24",50
"2019-06-08 05:42:30",50
"2019-06-08 06:42:27",50
"2019-06-08 07:42:27",50
"2019-06-08 08:42:25",50
"2019-06-08 09:42:26",50
"2019-06-08 10:42:25",50
"2019-06-08 11:42:26",50
"2019-06-08 12:42:25",50
"2019-06-08 13:42:24",50
"2019-06-08 14:42:23",50
"2019-06-08 15:42:26",50
"2019-06-08 16:42:25",50
"2019-06-08 17:42:25",50
"2019-06-08 18:42:25",50
"2019-06-08 19:42:24",50
"2019-06-08 20:42:25",50
"2019-06-08 21:42:24",50
"2019-06-08 22:42:24",50
"2019-06-08 23:42:27",50
"2019-06-09 00:42:23",50
"2019-06-09 01:42:24",50
"2019-06-09 02:42:30",50
"2019-06-09 03:42:29",50
"2019-06-09 04:42:24",50
"2019-06-09 05:42:28",50
"2019-06-09 06:42:23",50
"2019-06-09 07:42:27",50
"2019-06-09 08:42:24",50
"2019-06-09 09:42:25",50
"2019-06-09 10:42:24",50
"2019-06-09 11:42:25",50
"2019-06-09 12:42:26",50
"2019-06-09 13:42:24",50
"2019-06-09 14:42:23",50
"2019-06-09 15:42:26",50
"2019-06-09 16:42:24",50
"2019-06-09 17:42:26",50
"2019-06-09 18:42:24",50
"2019-06-09 19:42:24",50
"2019-06-09 20:42:24",50
"2019-06-09 21:42:24",50
"2019-06-09 22:42:28",50
"2019-06-09 23:42:25",50
"2019-06-10 00:42:25",50
"2019-06-10 01:42:27",50
"2019-06-10 02:42:24",50
"2019-06-10 03:42:27",50
"2019-06-10 04:42:25",50
"2019-06-10 05:42:26",50
"2019-06-10 06:42:24",50
"2019-06-10 07:42:27",50
"2019-06-10 08:42:25",50
"2019-06-10 09:42:24",50
"2019-06-10 10:42:28",50
"2019-06-10 11:42:26",50
"2019-06-10 12:42:31",50
"2019-06-10 13:42:28",50
"2019-06-10 14:42:25",50
"2019-06-10 15:42:26",49
"2019-06-10 16:42:29",49
"2019-06-10 17:42:26",49
"2019-06-10 18:42:27",49
"2019-06-10 19:42:28",49
"2019-06-10 20:42:26",49
"2019-06-10 21:42:25",49
"2019-06-10 22:42:26",49
"2019-06-10 23:42:26",49
"2019-06-11 00:42:27",49
"2019-06-11 01:42:29",49
"2019-06-11 02:42:28",49
"2019-06-11 03:42:26",49
"2019-06-11 04:42:26",49
"2019-06-11 05:42:27",49
"2019-06-11 06:42:26",49
"2019-06-11 07:42:26",49
"2019-06-11 08:42:25",49
"2019-06-11 09:42:28",49
"2019-06-11 10:42:26",49
"2019-06-11 11:42:27",49
"2019-06-11 13:06:00",49
"2019-06-11 13:42:29",49
"2019-06-11 14:42:26",49
"2019-06-11 15:42:26",49
"2019-06-11 16:42:30",49
"2019-06-11 17:42:26",50
"2019-06-11 18:42:29",50
"2019-06-11 19:42:26",51
"2019-06-11 20:42:28",52
"2019-06-11 21:42:27",52
"2019-06-11 22:42:26",52
"2019-06-11 23:42:26",52
"2019-06-12 00:42:29",52
"2019-06-12 01:42:27",52
"2019-06-12 02:42:28",52
"2019-06-12 03:42:32",52
"2019-06-12 04:42:28",52
"2019-06-12 05:42:28",52
"2019-06-12 06:42:28",52
"2019-06-12 07:42:29",52
"2019-06-12 08:42:28",52
"2019-06-12 09:42:31",52
"2019-06-12 10:42:28",52
"2019-06-12 11:42:29",52
"2019-06-12 13:05:32",52
"2019-06-12 13:42:28",52
"2019-06-12 14:42:27",51
"2019-06-12 15:42:29",51
"2019-06-12 16:42:28",52
"2019-06-12 17:42:27",52
"2019-06-12 18:42:28",52
"2019-06-12 19:42:29",52
"2019-06-12 20:42:28",52
"2019-06-12 21:42:28",52
"2019-06-12 22:42:27",52
"2019-06-12 23:42:27",52
"2019-06-13 00:42:28",52
"2019-06-13 01:42:29",52
"2019-06-13 02:42:29",52
"2019-06-13 03:42:28",52
"2019-06-13 04:42:28",52
"2019-06-13 05:42:29",52
"2019-06-13 06:42:27",52
"2019-06-13 07:42:26",52
"2019-06-13 08:42:26",52
"2019-06-13 09:42:26",52
"2019-06-13 10:42:30",52
"2019-06-13 11:42:25",52
"2019-06-13 13:06:30",52
"2019-06-13 13:42:31",52
"2019-06-13 14:42:28",52
"2019-06-13 15:42:30",52
"2019-06-13 16:42:29",52
"2019-06-13 17:42:26",51
"2019-06-13 18:42:28",51
"2019-06-13 19:42:28",51
"2019-06-13 20:42:25",51
"2019-06-13 21:42:27",51
"2019-06-13 22:42:26",51
"2019-06-13 23:42:28",51
"2019-06-14 00:42:28",51
"2019-06-14 01:42:29",51
"2019-06-14 02:42:29",51
"2019-06-14 03:42:27",51
"2019-06-14 04:42:28",51
"2019-06-14 05:42:28",51
"2019-06-14 06:42:34",51
"2019-06-14 07:42:30",51
"2019-06-14 08:42:29",51
"2019-06-14 09:42:28",51
"2019-06-14 10:42:29",51
"2019-06-14 11:42:30",51
"2019-06-14 12:42:29",51
"2019-06-14 13:42:28",51
"2019-06-14 14:42:29",51
"2019-06-14 15:42:31",51
"2019-06-14 16:42:30",51
"2019-06-14 17:42:28",51
"2019-06-14 18:42:28",51
"2019-06-14 19:42:28",51
"2019-06-14 20:42:28",51
"2019-06-14 21:42:29",51
"2019-06-14 22:42:27",51
"2019-06-14 23:42:29",51
"2019-06-15 00:42:28",51
"2019-06-15 01:42:31",51
"2019-06-15 02:42:29",51
"2019-06-15 03:42:28",51
"2019-06-15 04:42:29",51
"2019-06-15 05:42:30",51
"2019-06-15 06:42:28",51
"2019-06-15 07:42:28",51
"2019-06-15 08:42:28",51
"2019-06-15 09:42:29",51
"2019-06-15 10:42:28",51
"2019-06-15 11:42:28",51
"2019-06-15 12:42:30",51
"2019-06-15 13:42:31",51
"2019-06-15 14:42:28",51
"2019-06-15 15:42:28",51
"2019-06-15 16:42:28",51
"2019-06-15 17:42:27",51
"2019-06-15 18:42:29",51
"2019-06-15 19:42:28",51
"2019-06-15 20:42:29",51
"2019-06-15 21:42:32",51
"2019-06-15 22:42:33",51
"2019-06-15 23:42:28",51
"2019-06-16 00:42:28",51
"2019-06-16 01:42:30",51
"2019-06-16 02:42:30",51
"2019-06-16 03:42:29",51
"2019-06-16 04:42:32",51
"2019-06-16 05:42:29",51
"2019-06-16 06:42:30",51
"2019-06-16 07:42:31",51
"2019-06-16 08:42:29",51
"2019-06-16 09:42:27",51
"2019-06-16 10:42:27",51
"2019-06-16 11:42:27",51
"2019-06-16 12:42:29",51
"2019-06-16 13:42:27",51
"2019-06-16 14:42:29",51
"2019-06-16 15:42:29",51
"2019-06-16 16:42:30",51
"2019-06-16 17:42:30",51
"2019-06-16 18:42:31",51
"2019-06-16 19:42:28",51
"2019-06-16 20:42:28",51
"2019-06-16 21:42:30",51
"2019-06-16 22:42:27",51
"2019-06-16 23:42:28",51
"2019-06-17 00:42:28",51
"2019-06-17 01:42:28",51
"2019-06-17 02:42:31",51
"2019-06-17 03:42:31",51
"2019-06-17 04:42:30",51
"2019-06-17 05:42:29",51
"2019-06-17 06:42:29",51
"2019-06-17 07:42:27",51
"2019-06-17 08:42:29",51
"2019-06-17 09:42:27",51
"2019-06-17 10:42:29",51
"2019-06-17 11:42:29",51
"2019-06-17 13:07:01",51
"2019-06-17 13:42:28",51
"2019-06-17 14:42:28",51
"2019-06-17 15:42:29",51
"2019-06-17 16:42:39",51
"2019-06-17 17:42:30",51
"2019-06-17 18:42:32",51
"2019-06-17 19:42:29",51
"2019-06-17 20:42:31",51
"2019-06-17 21:42:28",51
"2019-06-17 22:42:29",51
"2019-06-17 23:42:27",51
"2019-06-18 00:42:28",51
"2019-06-18 01:42:27",51
"2019-06-18 02:42:37",51
"2019-06-18 03:42:30",51
"2019-06-18 04:42:29",51
"2019-06-18 05:42:30",51
"2019-06-18 06:42:29",51
"2019-06-18 07:42:30",51
"2019-06-18 08:42:34",51
"2019-06-18 09:42:27",51
"2019-06-18 10:42:27",51
"2019-06-18 11:42:28",51
"2019-06-18 13:05:02",51
"2019-06-18 13:42:28",51
"2019-06-18 14:42:28",51
"2019-06-18 15:42:28",51
"2019-06-18 16:42:29",51
"2019-06-18 17:42:27",51
"2019-06-18 18:42:30",51
"2019-06-18 19:42:30",51
"2019-06-18 20:42:28",51
"2019-06-18 21:42:27",51
"2019-06-18 22:42:28",51
"2019-06-18 23:42:29",51
"2019-06-19 00:42:28",51
"2019-06-19 01:42:30",51
"2019-06-19 02:42:30",51
"2019-06-19 03:42:30",51
"2019-06-19 04:42:27",51
"2019-06-19 05:42:37",51
"2019-06-19 06:42:41",51
"2019-06-19 07:42:31",51
"2019-06-19 08:42:32",51
"2019-06-19 09:42:28",51
"2019-06-19 10:42:30",51
"2019-06-19 11:42:29",51
"2019-06-19 13:05:03",51
"2019-06-19 13:42:29",51
"2019-06-19 14:42:29",51
"2019-06-19 15:42:29",51
"2019-06-19 16:42:38",51
"2019-06-19 17:42:30",51
"2019-06-19 18:42:28",51
"2019-06-19 19:42:30",51
"2019-06-19 20:42:29",51
"2019-06-19 21:42:29",51
"2019-06-19 22:42:28",51
"2019-06-19 23:42:28",51
"2019-06-20 00:42:29",51
"2019-06-20 01:42:27",51
"2019-06-20 02:42:27",51
"2019-06-20 03:42:28",51
"2019-06-20 04:42:30",51
"2019-06-20 05:42:26",51
"2019-06-20 06:42:28",51
"2019-06-20 07:42:29",51
"2019-06-20 08:42:28",51
"2019-06-20 09:42:29",51
"2019-06-20 10:42:29",51
"2019-06-20 11:42:27",51
"2019-06-20 13:06:42",51
"2019-06-20 13:42:31",51
"2019-06-20 14:42:29",51
"2019-06-20 15:42:29",50
"2019-06-20 16:42:30",50
"2019-06-20 17:42:30",50
"2019-06-20 18:42:28",50
"2019-06-20 19:42:28",50
"2019-06-20 20:42:33",50
"2019-06-20 21:42:28",50
"2019-06-20 22:42:28",50
"2019-06-20 23:42:30",50
"2019-06-21 00:42:29",50
"2019-06-21 01:42:29",50
"2019-06-21 02:42:30",50
"2019-06-21 03:42:29",50
"2019-06-21 04:42:30",50
"2019-06-21 05:42:30",50
"2019-06-21 06:42:30",50
"2019-06-21 07:42:31",50
"2019-06-21 08:42:29",50
"2019-06-21 09:42:29",50
"2019-06-21 10:42:28",50
"2019-06-21 11:42:27",50
"2019-06-21 12:42:29",50
"2019-06-21 13:42:30",50
"2019-06-21 14:42:28",51
"2019-06-21 15:42:28",51
"2019-06-21 16:42:30",51
"2019-06-21 17:42:29",51
"2019-06-21 18:42:29",51
"2019-06-21 19:42:27",51
"2019-06-21 20:42:28",50
"2019-06-21 21:42:30",50
"2019-06-21 22:42:29",50
"2019-06-21 23:42:28",50
"2019-06-22 00:42:30",50
"2019-06-22 01:42:32",50
"2019-06-22 02:42:32",50
"2019-06-22 03:42:28",50
"2019-06-22 04:42:29",50
"2019-06-22 05:42:31",50
"2019-06-22 06:42:31",50
"2019-06-22 07:42:30",50
"2019-06-22 08:42:30",50
"2019-06-22 09:42:32",50
"2019-06-22 10:42:31",50
"2019-06-22 11:42:29",50
"2019-06-22 12:42:35",50
"2019-06-22 13:42:30",50
"2019-06-22 14:42:33",50
"2019-06-22 15:42:42",50
"2019-06-22 16:42:37",50
"2019-06-22 17:42:30",50
"2019-06-22 18:42:35",50
"2019-06-22 19:42:31",50
"2019-06-22 20:42:30",50
"2019-06-22 21:42:30",50
"2019-06-22 22:42:34",50
"2019-06-22 23:42:31",50
"2019-06-23 00:42:41",50
"2019-06-23 01:42:33",50
"2019-06-23 02:42:35",50
"2019-06-23 03:42:32",50
"2019-06-23 04:42:30",50
"2019-06-23 05:42:35",50
"2019-06-23 06:42:30",50
"2019-06-23 07:42:29",50
"2019-06-23 08:42:30",50
"2019-06-23 09:42:31",50
"2019-06-23 10:42:30",50
"2019-06-23 11:42:31",50
"2019-06-23 12:42:29",50
"2019-06-23 13:42:30",50
"2019-06-23 14:42:29",50
"2019-06-23 15:42:29",50
"2019-06-23 16:42:31",50
"2019-06-23 17:42:31",50
"2019-06-23 18:42:28",50
"2019-06-23 19:42:28",50
"2019-06-23 20:42:31",50
"2019-06-23 21:42:29",50
"2019-06-23 22:42:30",50
"2019-06-23 23:42:29",50
"2019-06-24 00:42:31",50
"2019-06-24 01:42:30",50
"2019-06-24 02:42:30",50
"2019-06-24 03:42:33",50
"2019-06-24 04:42:30",50
"2019-06-24 05:42:31",50
"2019-06-24 06:42:33",50
"2019-06-24 07:42:28",50
"2019-06-24 08:42:28",50
"2019-06-24 09:42:31",50
"2019-06-24 10:42:27",50
"2019-06-24 11:42:34",50
"2019-06-24 12:42:33",50
"2019-06-24 13:42:29",50
"2019-06-24 14:42:31",50
"2019-06-24 15:42:30",50
"2019-06-24 16:42:35",50
"2019-06-24 17:42:32",50
"2019-06-24 18:42:32",50
"2019-06-24 19:42:32",50
"2019-06-24 20:42:31",50
"2019-06-24 21:42:32",50
"2019-06-24 22:42:30",50
"2019-06-24 23:42:30",50
"2019-06-25 00:42:30",50
"2019-06-25 01:42:31",50
"2019-06-25 02:42:32",50
"2019-06-25 03:42:31",50
"2019-06-25 04:42:30",50
"2019-06-25 05:42:31",50
"2019-06-25 06:42:34",50
"2019-06-25 07:42:31",50
"2019-06-25 08:42:30",50
"2019-06-25 09:42:34",50
"2019-06-25 10:42:30",50
"2019-06-25 11:42:28",50
"2019-06-25 13:06:03",50
"2019-06-25 13:42:30",50
"2019-06-25 14:42:31",50
"2019-06-25 15:42:30",50
"2019-06-25 16:42:31",50
"2019-06-25 17:42:32",50
"2019-06-25 18:42:33",50
"2019-06-25 19:42:29",50
"2019-06-25 20:42:30",50
"2019-06-25 21:42:28",50
"2019-06-25 22:42:27",50
"2019-06-25 23:42:33",50
"2019-06-26 00:42:31",50
"2019-06-26 01:42:30",50
"2019-06-26 02:42:30",50
"2019-06-26 03:42:39",50
"2019-06-26 04:42:31",50
"2019-06-26 05:42:31",50
"2019-06-26 06:42:31",50
"2019-06-26 07:42:31",50
"2019-06-26 08:42:29",50
"2019-06-26 09:42:27",50
"2019-06-26 10:42:29",50
"2019-06-26 11:42:29",50
"2019-06-26 13:05:01",50
"2019-06-26 13:42:30",50
"2019-06-26 14:42:30",50
"2019-06-26 15:42:30",50
"2019-06-26 16:42:31",50
"2019-06-26 17:42:29",50
"2019-06-26 18:42:30",50
"2019-06-26 19:42:30",50
"2019-06-26 20:42:28",50
"2019-06-26 21:42:29",50
"2019-06-26 22:42:30",50
"2019-06-26 23:42:29",50
"2019-06-27 00:42:31",50
"2019-06-27 01:42:29",50
"2019-06-27 02:42:31",50
"2019-06-27 03:42:28",50
"2019-06-27 04:42:31",50
"2019-06-27 05:42:29",50
"2019-06-27 06:42:31",50
"2019-06-27 07:42:27",50
"2019-06-27 08:42:28",50
"2019-06-27 09:42:29",50
"2019-06-27 10:42:29",50
"2019-06-27 11:42:28",50
"2019-06-27 13:05:03",50
"2019-06-27 13:42:28",50
"2019-06-27 14:42:29",50
"2019-06-27 15:42:31",50
"2019-06-27 16:42:28",50
"2019-06-27 17:42:28",49
"2019-06-27 18:42:29",49
"2019-06-27 19:42:27",49
"2019-06-27 20:42:31",49
"2019-06-27 21:42:32",49
"2019-06-27 22:42:27",49
"2019-06-27 23:42:47",49
"2019-06-28 00:42:29",49
"2019-06-28 01:42:28",49
"2019-06-28 02:42:28",49
"2019-06-28 03:42:31",49
"2019-06-28 04:42:32",49
"2019-06-28 05:42:29",49
"2019-06-28 06:42:28",49
"2019-06-28 07:42:28",49
"2019-06-28 08:42:28",49
"2019-06-28 09:42:28",49
"2019-06-28 10:42:27",49
"2019-06-28 11:42:28",49
"2019-06-28 13:06:02",49
"2019-06-28 13:42:28",49
"2019-06-28 14:42:28",49
"2019-06-28 15:42:30",48
"2019-06-28 16:42:30",48
"2019-06-28 17:42:29",48
"2019-06-28 18:42:28",48
"2019-06-28 19:42:29",48
"2019-06-28 20:42:29",48
"2019-06-28 21:42:30",48
"2019-06-28 22:42:29",48
"2019-06-28 23:42:28",48
"2019-06-29 00:42:31",48
"2019-06-29 01:42:35",48
"2019-06-29 02:42:29",48
"2019-06-29 03:42:28",48
"2019-06-29 04:42:29",48
"2019-06-29 05:42:29",48
"2019-06-29 06:42:29",48
"2019-06-29 07:42:30",48
"2019-06-29 08:42:29",48
"2019-06-29 09:42:30",48
"2019-06-29 10:42:29",48
"2019-06-29 11:42:33",48
"2019-06-29 12:42:32",48
"2019-06-29 13:42:30",48
"2019-06-29 14:42:31",48
"2019-06-29 15:42:31",48
"2019-06-29 16:42:33",48
"2019-06-29 17:42:30",48
"2019-06-29 18:42:30",48
"2019-06-29 19:42:31",48
"2019-06-29 20:42:30",48
"2019-06-29 21:42:32",48
"2019-06-29 22:42:28",48
"2019-06-29 23:42:31",48
"2019-06-30 00:42:30",48
"2019-06-30 01:42:34",48
"2019-06-30 02:42:31",48
"2019-06-30 03:42:31",48
"2019-06-30 04:42:32",48
"2019-06-30 05:42:30",48
"2019-06-30 06:42:31",48
"2019-06-30 07:42:31",48
"2019-06-30 08:42:31",48
"2019-06-30 09:42:30",48
"2019-06-30 10:42:30",48
"2019-06-30 11:42:30",48
"2019-06-30 12:42:30",48
"2019-06-30 13:42:31",48
"2019-06-30 14:42:29",48
"2019-06-30 15:42:30",48
"2019-06-30 16:42:31",48
"2019-06-30 17:42:30",48
"2019-06-30 18:42:30",48
"2019-06-30 19:42:31",48
"2019-06-30 20:42:31",48
"2019-06-30 21:42:30",48
"2019-06-30 22:42:30",48
"2019-06-30 23:42:30",48
"2019-07-01 00:42:31",48
"2019-07-01 01:42:31",48
"2019-07-01 02:42:32",48
"2019-07-01 03:42:31",48
"2019-07-01 04:42:28",48
"2019-07-01 05:42:34",48
"2019-07-01 06:42:29",48
"2019-07-01 07:42:35",48
"2019-07-01 08:42:39",48
"2019-07-01 09:42:29",48
"2019-07-01 10:42:28",48
"2019-07-01 11:42:31",48
"2019-07-01 13:06:02",48
"2019-07-01 13:42:33",48
"2019-07-01 14:42:52",48
"2019-07-01 15:42:33",48
"2019-07-01 16:42:32",48
"2019-07-01 17:42:31",48
"2019-07-01 18:42:31",48
"2019-07-01 19:42:33",48
"2019-07-01 20:42:31",48
"2019-07-01 21:42:30",48
"2019-07-01 22:42:32",48
"2019-07-01 23:42:31",48
"2019-07-02 00:42:33",48
"2019-07-02 01:42:30",48
"2019-07-02 02:42:42",48
"2019-07-02 03:42:39",48
"2019-07-02 04:42:31",48
"2019-07-02 05:42:47",48
"2019-07-02 06:42:32",48
"2019-07-02 07:42:33",48
"2019-07-02 08:42:31",48
"2019-07-02 09:42:29",48
"2019-07-02 10:42:30",48
"2019-07-02 11:42:30",48
"2019-07-02 12:42:34",48
"2019-07-02 13:42:31",48
"2019-07-02 14:42:33",48
"2019-07-02 15:42:31",48
"2019-07-02 16:42:30",48
"2019-07-02 17:42:31",48
"2019-07-02 18:42:30",48
"2019-07-02 19:42:32",48
"2019-07-02 20:42:30",48
"2019-07-02 21:42:31",48
"2019-07-02 22:42:33",48
"2019-07-03 00:42:31",48
"2019-07-03 01:42:29",48
"2019-07-03 02:42:33",48
"2019-07-03 03:42:32",48
"2019-07-03 04:42:32",48
"2019-07-03 05:42:32",48
"2019-07-03 06:42:32",48
"2019-07-03 07:42:31",48
"2019-07-03 08:42:42",48
"2019-07-03 09:42:31",48
"2019-07-03 10:42:36",48
"2019-07-03 11:42:31",48
"2019-07-03 13:07:05",48
"2019-07-03 13:42:32",48
"2019-07-03 14:42:38",48
"2019-07-03 15:42:32",48
"2019-07-03 16:42:50",47
"2019-07-03 17:42:33",47
"2019-07-03 18:42:33",47
"2019-07-03 19:42:31",47
"2019-07-03 20:42:31",47
"2019-07-03 21:42:32",47
"2019-07-03 22:42:31",47
"2019-07-03 23:42:33",47
"2019-07-04 00:42:33",47
"2019-07-04 01:42:31",47
"2019-07-04 02:42:35",47
"2019-07-04 03:42:32",47
"2019-07-04 04:42:31",47
"2019-07-04 05:42:33",47
"2019-07-04 06:42:32",47
"2019-07-04 07:42:31",47
"2019-07-04 08:42:30",47
"2019-07-04 09:42:31",47
"2019-07-04 10:42:32",47
"2019-07-04 11:42:31",47
"2019-07-04 12:42:34",47
"2019-07-04 13:42:35",47
"2019-07-04 14:42:34",47
"2019-07-04 15:42:32",47
"2019-07-04 16:42:32",47
"2019-07-04 17:42:30",47
"2019-07-04 18:42:31",47
"2019-07-04 19:42:31",47
"2019-07-04 20:42:32",47
"2019-07-04 21:42:32",47
"2019-07-04 22:42:32",47
"2019-07-04 23:42:31",47
"2019-07-05 00:42:33",47
"2019-07-05 01:42:31",47
"2019-07-05 02:42:31",47
"2019-07-05 03:42:32",47
"2019-07-05 04:42:29",47
"2019-07-05 05:42:33",47
"2019-07-05 06:42:34",47
"2019-07-05 07:42:31",47
"2019-07-05 08:42:30",47
"2019-07-05 09:42:30",47
"2019-07-05 10:42:32",47
"2019-07-05 11:42:38",47
"2019-07-05 12:42:30",47
"2019-07-05 13:42:37",47
"2019-07-05 14:42:32",47
"2019-07-05 15:42:30",47
"2019-07-05 16:42:41",47
"2019-07-05 17:42:31",47
"2019-07-05 18:42:30",47
"2019-07-05 19:42:30",47
"2019-07-05 20:42:31",47
"2019-07-05 21:42:32",47
"2019-07-05 22:42:33",47
"2019-07-05 23:42:30",47
"2019-07-06 00:42:34",47
"2019-07-06 01:42:34",47
"2019-07-06 02:42:36",47
"2019-07-06 03:42:31",47
"2019-07-06 04:42:30",47
"2019-07-06 05:42:32",47
"2019-07-06 06:42:32",47
"2019-07-06 07:42:29",47
"2019-07-06 08:42:30",47
"2019-07-06 09:42:30",47
"2019-07-06 10:42:30",47
"2019-07-06 11:42:48",47
"2019-07-06 12:42:32",47
"2019-07-06 13:42:30",47
"2019-07-06 14:42:29",47
"2019-07-06 15:42:29",47
"2019-07-06 16:42:33",47
"2019-07-06 17:42:32",47
"2019-07-06 18:42:30",47
"2019-07-06 19:42:34",47
"2019-07-06 20:42:29",47
"2019-07-06 21:42:30",47
"2019-07-06 22:42:30",47
"2019-07-06 23:42:31",47
"2019-07-07 00:42:30",47
"2019-07-07 01:42:30",47
"2019-07-07 02:42:32",47
"2019-07-07 03:42:30",47
"2019-07-07 04:42:31",47
"2019-07-07 05:42:34",47
"2019-07-07 06:42:30",47
"2019-07-07 07:42:30",47
"2019-07-07 08:42:31",47
"2019-07-07 09:42:30",47
"2019-07-07 10:42:32",47
"2019-07-07 11:42:28",47
"2019-07-07 12:42:28",47
"2019-07-07 13:42:28",47
"2019-07-07 14:42:29",47
"2019-07-07 15:42:30",47
"2019-07-07 16:42:31",47
"2019-07-07 17:42:30",47
"2019-07-07 18:42:30",47
"2019-07-07 19:42:28",47
"2019-07-07 20:42:29",47
"2019-07-07 21:42:30",47
"2019-07-07 22:42:31",47
"2019-07-07 23:42:29",47
"2019-07-08 00:42:29",47
"2019-07-08 01:42:32",47
"2019-07-08 02:42:30",47
"2019-07-08 03:42:33",47
"2019-07-08 04:42:30",47
"2019-07-08 05:42:28",47
"2019-07-08 06:42:34",47
"2019-07-08 07:42:35",47
"2019-07-08 08:42:33",47
"2019-07-08 09:42:37",47
"2019-07-08 10:42:38",47
"2019-07-08 11:42:45",47
"2019-07-08 12:42:31",47
"2019-07-08 13:42:31",47
"2019-07-08 14:42:31",47
"2019-07-08 15:42:31",47
"2019-07-08 16:42:32",47
"2019-07-08 17:42:30",47
"2019-07-08 18:42:32",47
"2019-07-08 19:42:30",47
"2019-07-08 20:42:31",47
"2019-07-08 21:42:31",47
"2019-07-08 22:42:31",47
"2019-07-08 23:42:30",47
"2019-07-09 00:42:30",47
"2019-07-09 01:42:30",47
"2019-07-09 02:42:37",47
"2019-07-09 03:42:33",47
"2019-07-09 04:42:32",47
"2019-07-09 05:42:38",47
"2019-07-09 06:42:33",47
"2019-07-09 07:42:34",47
"2019-07-09 08:42:31",47
"2019-07-09 09:42:31",47
"2019-07-09 10:42:29",47
"2019-07-09 11:42:32",47
"2019-07-09 13:05:34",47
"2019-07-09 13:42:30",47
"2019-07-09 14:42:31",47
"2019-07-09 15:42:32",48
"2019-07-09 16:42:30",48
"2019-07-09 17:42:34",49
"2019-07-09 18:42:31",49
"2019-07-09 19:42:31",49
"2019-07-09 20:42:31",49
"2019-07-09 21:42:30",49
"2019-07-09 22:42:29",49
"2019-07-09 23:42:31",49
"2019-07-10 00:42:30",49
"2019-07-10 01:42:32",49
"2019-07-10 02:42:30",49
"2019-07-10 03:42:30",49
"2019-07-10 04:42:30",49
"2019-07-10 05:42:34",49
"2019-07-10 06:42:32",49
"2019-07-10 07:42:28",49
"2019-07-10 08:42:30",49
"2019-07-10 09:42:29",49
"2019-07-10 10:42:30",49
"2019-07-10 11:42:32",49
"2019-07-10 12:42:34",49
"2019-07-10 13:42:31",49
"2019-07-10 14:42:31",49
"2019-07-10 15:42:33",49
"2019-07-10 16:42:37",49
"2019-07-10 17:42:30",49
"2019-07-10 18:42:30",49
"2019-07-10 19:42:30",49
"2019-07-10 20:42:30",49
"2019-07-10 21:42:30",49
"2019-07-10 22:42:35",49
"2019-07-10 23:42:30",49
"2019-07-11 00:42:30",49
"2019-07-11 01:42:31",49
"2019-07-11 02:42:35",49
"2019-07-11 03:42:33",49
"2019-07-11 04:42:33",49
"2019-07-11 05:42:33",49
"2019-07-11 06:42:32",49
"2019-07-11 07:42:31",49
"2019-07-11 08:42:33",49
"2019-07-11 09:42:30",49
"2019-07-11 10:42:32",49
"2019-07-11 11:42:30",49
"2019-07-11 12:42:30",49
"2019-07-11 13:42:30",49
"2019-07-11 14:42:30",50
"2019-07-11 15:42:31",50
"2019-07-11 16:42:30",50
"2019-07-11 17:42:30",50
"2019-07-11 18:42:31",50
"2019-07-11 19:42:30",49
"2019-07-11 20:42:30",50
"2019-07-11 21:42:35",50
"2019-07-11 22:42:29",50
"2019-07-11 23:42:31",50
"2019-07-12 00:42:30",50
"2019-07-12 01:42:31",50
"2019-07-12 02:42:30",50
"2019-07-12 03:42:30",50
"2019-07-12 04:42:29",50
"2019-07-12 05:42:33",50
"2019-07-12 06:42:36",50
"2019-07-12 07:42:30",50
"2019-07-12 08:42:30",50
"2019-07-12 09:42:33",50
"2019-07-12 10:42:32",50
"2019-07-12 11:42:30",50
"2019-07-12 13:06:04",50
"2019-07-12 13:42:32",50
"2019-07-12 14:42:30",50
"2019-07-12 15:42:47",50
"2019-07-12 16:42:33",50
"2019-07-12 17:42:34",49
"2019-07-12 18:42:30",49
"2019-07-12 19:42:29",49
"2019-07-12 20:42:29",49
"2019-07-12 21:42:30",49
"2019-07-12 22:42:37",49
"2019-07-12 23:42:31",49
"2019-07-13 00:42:30",49
"2019-07-13 01:42:32",49
"2019-07-13 02:42:33",49
"2019-07-13 03:42:29",49
"2019-07-13 04:42:31",49
"2019-07-13 05:42:30",49
"2019-07-13 06:42:30",49
"2019-07-13 07:42:31",49
"2019-07-13 08:42:29",49
"2019-07-13 09:42:31",49
"2019-07-13 10:42:31",49
"2019-07-13 11:42:33",49
"2019-07-13 12:42:33",49
"2019-07-13 13:42:30",49
"2019-07-13 14:42:30",49
"2019-07-13 15:42:31",49
"2019-07-13 16:42:55",49
"2019-07-13 17:42:34",49
"2019-07-13 18:42:35",49
"2019-07-13 19:42:33",49
"2019-07-13 20:42:35",49
"2019-07-13 21:42:33",49
"2019-07-13 22:42:30",49
"2019-07-13 23:42:31",49
"2019-07-14 00:42:30",49
"2019-07-14 01:42:39",49
"2019-07-14 02:42:31",49
"2019-07-14 03:42:32",49
"2019-07-14 04:42:31",49
"2019-07-14 05:42:33",49
"2019-07-14 06:42:32",49
"2019-07-14 07:42:30",49
"2019-07-14 08:42:31",49
"2019-07-14 09:42:29",49
"2019-07-14 10:42:30",49
"2019-07-14 11:42:32",49
"2019-07-14 12:42:30",49
"2019-07-14 13:42:32",49
"2019-07-14 14:42:30",49
"2019-07-14 15:42:31",49
"2019-07-14 16:42:35",49
"2019-07-14 17:42:31",49
"2019-07-14 18:42:30",49
"2019-07-14 19:42:30",49
"2019-07-14 20:42:38",49
"2019-07-14 21:42:29",49
"2019-07-14 22:42:29",49
"2019-07-14 23:42:30",49
"2019-07-15 00:42:31",49
"2019-07-15 01:42:29",49
"2019-07-15 02:42:31",49
"2019-07-15 03:42:29",49
"2019-07-15 04:42:30",49
"2019-07-15 05:42:33",49
"2019-07-15 06:42:35",49
"2019-07-15 07:42:31",49
"2019-07-15 08:42:29",49
"2019-07-15 09:42:30",49
"2019-07-15 10:42:30",49
"2019-07-15 11:42:29",49
"2019-07-15 13:06:34",49
"2019-07-15 13:42:32",49
"2019-07-15 14:42:30",49
"2019-07-15 15:42:30",49
"2019-07-15 16:42:44",49
"2019-07-15 17:42:31",49
"2019-07-15 18:42:30",49
"2019-07-15 19:42:30",49
"2019-07-15 20:42:31",49
"2019-07-15 21:42:31",49
"2019-07-15 22:42:34",49
"2019-07-15 23:42:30",49
"2019-07-16 00:42:30",49
"2019-07-16 01:42:30",49
"2019-07-16 02:42:36",49
"2019-07-16 03:42:30",49
"2019-07-16 04:42:30",49
"2019-07-16 05:42:35",49
"2019-07-16 06:42:33",49
"2019-07-16 07:42:30",49
"2019-07-16 08:42:31",49
"2019-07-16 09:42:30",49
"2019-07-16 10:42:32",49
"2019-07-16 11:42:30",49
"2019-07-16 13:06:33",49
"2019-07-16 13:42:32",49
"2019-07-16 14:42:30",49
"2019-07-16 15:42:38",49
"2019-07-16 16:42:32",49
"2019-07-16 17:42:33",49
"2019-07-16 18:42:31",49
"2019-07-16 19:42:30",49
"2019-07-16 20:42:48",49
"2019-07-16 21:42:31",49
"2019-07-16 22:42:31",49
"2019-07-16 23:42:31",49
"2019-07-17 00:42:30",49
"2019-07-17 01:42:31",49
"2019-07-17 02:42:32",49
"2019-07-17 03:42:31",49
"2019-07-17 04:42:31",49
"2019-07-17 05:42:44",49
"2019-07-17 06:42:33",49
"2019-07-17 07:42:34",49
"2019-07-17 08:42:31",49
"2019-07-17 09:42:31",49
"2019-07-17 10:42:31",49
"2019-07-17 11:42:30",49
"2019-07-17 13:06:05",49
"2019-07-17 13:42:31",49
"2019-07-17 14:42:32",49
"2019-07-17 15:42:37",49
"2019-07-17 16:42:35",49
"2019-07-17 17:42:30",48
"2019-07-17 18:42:31",48
"2019-07-17 19:42:29",48
"2019-07-17 20:42:30",48
"2019-07-17 21:42:30",48
"2019-07-17 22:42:30",48
"2019-07-17 23:42:30",48
"2019-07-18 00:42:29",48
"2019-07-18 01:42:35",48
"2019-07-18 02:42:31",48
"2019-07-18 03:42:31",48
"2019-07-18 04:42:30",48
"2019-07-18 05:42:33",48
"2019-07-18 06:42:34",48
"2019-07-18 07:42:29",48
"2019-07-18 08:42:34",48
"2019-07-18 09:42:30",48
"2019-07-18 10:42:31",48
"2019-07-18 11:42:29",48
"2019-07-18 13:06:37",48
"2019-07-18 13:42:30",48
"2019-07-18 14:42:30",48
"2019-07-18 15:42:30",48
"2019-07-18 16:42:36",48
"2019-07-18 17:42:31",48
"2019-07-18 18:42:31",48
"2019-07-18 19:42:33",48
"2019-07-18 20:42:31",48
"2019-07-18 21:42:31",48
"2019-07-18 22:42:31",48
"2019-07-18 23:42:33",48
"2019-07-19 00:42:31",48
"2019-07-19 01:42:31",48
"2019-07-19 02:42:33",48
"2019-07-19 03:42:31",48
"2019-07-19 04:42:31",48
"2019-07-19 05:42:46",48
"2019-07-19 06:42:32",48
"2019-07-19 07:42:34",48
"2019-07-19 08:42:31",48
"2019-07-19 09:42:31",48
"2019-07-19 10:42:30",48
"2019-07-19 11:42:30",48
"2019-07-19 13:06:04",48
"2019-07-19 13:42:31",48
"2019-07-19 14:42:30",48
"2019-07-19 15:42:32",48
"2019-07-19 16:42:32",48
"2019-07-19 17:42:33",48
"2019-07-19 18:42:32",48
"2019-07-19 19:42:31",48
"2019-07-19 20:42:32",48
"2019-07-19 21:42:30",48
"2019-07-19 22:42:32",48
"2019-07-19 23:42:31",48
"2019-07-20 00:42:31",48
"2019-07-20 01:42:38",48
"2019-07-20 02:42:39",48
"2019-07-20 03:42:32",48
"2019-07-20 04:42:40",48
"2019-07-20 05:42:36",48
"2019-07-20 06:42:32",48
"2019-07-20 07:42:31",48
"2019-07-20 08:42:32",48
"2019-07-20 09:42:29",48
"2019-07-20 10:42:30",48
"2019-07-20 11:42:31",48
"2019-07-20 12:42:32",48
"2019-07-20 13:42:31",48
"2019-07-20 14:42:30",48
"2019-07-20 15:42:30",48
"2019-07-20 16:42:33",48
"2019-07-20 17:42:31",48
"2019-07-20 18:42:31",48
"2019-07-20 19:42:32",48
"2019-07-20 20:42:30",48
"2019-07-20 21:42:32",48
"2019-07-20 22:42:29",48
"2019-07-20 23:42:31",48
"2019-07-21 00:42:32",48
"2019-07-21 01:42:31",48
"2019-07-21 02:42:32",48
"2019-07-21 03:42:30",48
"2019-07-21 04:42:31",48
"2019-07-21 05:42:38",48
"2019-07-21 06:42:39",48
"2019-07-21 07:42:29",48
"2019-07-21 08:42:32",48
"2019-07-21 09:42:32",48
"2019-07-21 10:42:39",48
"2019-07-21 11:42:31",48
"2019-07-21 12:42:30",48
"2019-07-21 13:42:32",48
"2019-07-21 14:42:31",48
"2019-07-21 15:42:31",48
"2019-07-21 16:42:31",48
"2019-07-21 17:42:31",48
"2019-07-21 18:42:31",48
"2019-07-21 19:42:31",48
"2019-07-21 20:42:32",48
"2019-07-21 21:42:32",48
"2019-07-21 22:42:30",48
"2019-07-21 23:42:31",48
"2019-07-22 00:42:30",48
"2019-07-22 01:42:32",48
"2019-07-22 02:42:31",48
"2019-07-22 03:42:31",48
"2019-07-22 04:42:31",48
"2019-07-22 05:42:35",48
"2019-07-22 06:42:39",48
"2019-07-22 07:42:31",48
"2019-07-22 08:42:31",48
"2019-07-22 09:42:30",48
"2019-07-22 10:42:31",48
"2019-07-22 11:42:39",48
"2019-07-22 12:42:35",48
"2019-07-22 13:42:31",48
"2019-07-22 14:42:32",48
"2019-07-22 15:42:31",48
"2019-07-22 16:42:33",48
"2019-07-22 17:42:32",48
"2019-07-22 18:42:36",48
"2019-07-22 19:42:33",48
"2019-07-22 20:42:33",48
"2019-07-22 21:42:35",48
"2019-07-22 22:42:31",48
"2019-07-22 23:42:31",48
"2019-07-23 00:42:30",48
"2019-07-23 01:42:30",48
"2019-07-23 02:42:35",48
"2019-07-23 03:42:32",48
"2019-07-23 04:42:33",48
"2019-07-23 05:42:35",48
"2019-07-23 06:42:37",48
"2019-07-23 07:42:32",48
"2019-07-23 08:42:30",48
"2019-07-23 09:42:33",48
"2019-07-23 10:42:32",48
"2019-07-23 11:42:32",48
"2019-07-23 13:05:35",48
"2019-07-23 13:42:32",48
"2019-07-23 14:42:32",48
"2019-07-23 15:42:37",48
"2019-07-23 16:42:33",49
"2019-07-23 17:42:31",49
"2019-07-23 18:42:32",49
"2019-07-23 19:42:31",50
"2019-07-23 20:42:32",50
"2019-07-23 21:42:32",50
"2019-07-23 22:42:34",50
"2019-07-23 23:42:32",50
"2019-07-24 00:42:32",50
"2019-07-24 01:42:32",50
"2019-07-24 02:42:37",50
"2019-07-24 03:42:32",50
"2019-07-24 04:42:32",50
"2019-07-24 05:42:33",50
"2019-07-24 06:42:31",50
"2019-07-24 07:42:30",50
"2019-07-24 08:42:31",50
"2019-07-24 09:42:33",50
"2019-07-24 10:42:33",50
"2019-07-24 11:42:30",50
"2019-07-24 13:05:05",50
"2019-07-24 13:42:32",50
"2019-07-24 14:42:31",50
"2019-07-24 15:42:33",50
"2019-07-24 16:42:32",50
"2019-07-24 17:42:30",50
"2019-07-24 18:42:33",50
"2019-07-24 19:42:31",50
"2019-07-24 20:42:32",50
"2019-07-24 21:42:32",50
"2019-07-24 22:42:31",50
"2019-07-24 23:42:31",50
"2019-07-25 00:42:31",50
"2019-07-25 01:42:36",50
"2019-07-25 02:42:45",50
"2019-07-25 03:42:31",50
"2019-07-25 04:42:31",50
"2019-07-25 05:42:36",50
"2019-07-25 06:42:35",50
"2019-07-25 07:42:32",50
"2019-07-25 08:42:33",50
"2019-07-25 09:42:31",50
"2019-07-25 10:42:41",50
"2019-07-25 11:42:31",50
"2019-07-25 13:05:36",50
"2019-07-25 13:42:35",50
"2019-07-25 14:42:33",50
"2019-07-25 15:42:31",50
"2019-07-25 16:42:34",50
"2019-07-25 17:42:33",50
"2019-07-25 18:42:39",50
"2019-07-25 19:43:07",50
"2019-07-25 20:42:36",50
"2019-07-25 21:42:36",50
"2019-07-25 22:42:32",50
"2019-07-25 23:42:32",50
"2019-07-26 00:42:43",50
"2019-07-26 01:42:32",50
"2019-07-26 02:42:34",50
"2019-07-26 03:42:34",50
"2019-07-26 04:42:36",50
"2019-07-26 05:42:39",50
"2019-07-26 06:42:48",50
"2019-07-26 07:42:39",50
"2019-07-26 08:42:30",50
"2019-07-26 09:42:31",50
"2019-07-26 10:42:33",50
"2019-07-26 11:42:36",50
"2019-07-26 13:07:37",50
"2019-07-26 13:42:34",50
"2019-07-26 14:42:34",51
"2019-07-26 15:42:33",51
"2019-07-26 16:42:35",51
"2019-07-26 17:42:35",51
"2019-07-26 18:42:35",51
"2019-07-26 19:42:33",51
"2019-07-26 20:42:32",51
"2019-07-26 22:42:32",51
"2019-07-26 23:42:31",51
"2019-07-27 00:42:32",51
"2019-07-27 01:42:33",51
"2019-07-27 02:42:34",51
"2019-07-27 03:42:33",51
"2019-07-27 04:42:32",51
"2019-07-27 05:42:32",51
"2019-07-27 06:42:32",51
"2019-07-27 07:42:31",51
"2019-07-27 08:42:32",51
"2019-07-27 09:42:31",51
"2019-07-27 10:42:34",51
"2019-07-27 11:42:31",51
"2019-07-27 12:42:33",51
"2019-07-27 13:42:31",51
"2019-07-27 14:42:33",51
"2019-07-27 15:42:34",51
"2019-07-27 16:42:39",51
"2019-07-27 17:42:36",51
"2019-07-27 18:42:34",51
"2019-07-27 19:42:34",51
"2019-07-27 20:42:34",51
"2019-07-27 21:42:34",51
"2019-07-27 22:42:33",51
"2019-07-27 23:42:32",51
"2019-07-28 00:42:32",51
"2019-07-28 01:42:31",51
"2019-07-28 02:42:31",51
"2019-07-28 03:42:31",51
"2019-07-28 04:42:32",51
"2019-07-28 05:42:31",51
"2019-07-28 06:42:31",51
"2019-07-28 07:42:32",51
"2019-07-28 08:42:31",51
"2019-07-28 09:42:31",51
"2019-07-28 10:42:30",51
"2019-07-28 11:42:30",51
"2019-07-28 12:42:31",51
"2019-07-28 13:42:31",51
"2019-07-28 14:42:32",51
"2019-07-28 15:42:30",51
"2019-07-28 16:42:33",51
"2019-07-28 17:42:33",51
"2019-07-28 18:42:31",51
"2019-07-28 19:42:31",51
"2019-07-28 20:42:31",51
"2019-07-28 21:42:31",51
"2019-07-28 22:42:33",51
"2019-07-28 23:42:33",51
"2019-07-29 00:42:32",51
"2019-07-29 01:42:32",51
"2019-07-29 02:42:32",51
"2019-07-29 03:42:32",51
"2019-07-29 04:42:33",51
"2019-07-29 05:42:35",51
"2019-07-29 06:42:41",51
"2019-07-29 07:42:33",51
"2019-07-29 08:42:31",51
"2019-07-29 09:42:32",51
"2019-07-29 10:42:32",51
"2019-07-29 11:42:32",51
"2019-07-29 13:06:35",51
"2019-07-29 13:42:34",51
"2019-07-29 14:42:32",51
"2019-07-29 15:42:32",51
"2019-07-29 16:42:33",50
"2019-07-29 17:42:32",50
"2019-07-29 18:42:33",50
"2019-07-29 19:42:32",50
"2019-07-29 20:42:32",50
"2019-07-29 21:42:31",50
"2019-07-29 22:42:33",50
"2019-07-29 23:42:32",50
"2019-07-30 00:42:32",50
"2019-07-30 01:42:32",50
"2019-07-30 02:42:33",50
"2019-07-30 03:42:31",50
"2019-07-30 04:42:31",50
"2019-07-30 05:42:32",50
"2019-07-30 06:42:33",50
"2019-07-30 07:42:39",50
"2019-07-30 08:42:32",50
"2019-07-30 09:42:32",50
"2019-07-30 10:42:31",50
"2019-07-30 11:42:34",50
"2019-07-30 12:42:32",50
"2019-07-30 13:42:33",50
"2019-07-30 14:42:34",50
"2019-07-30 15:42:34",50
"2019-07-30 16:42:33",50
"2019-07-30 17:42:37",50
"2019-07-30 18:42:36",50
"2019-07-30 19:42:36",50
"2019-07-30 20:42:34",50
"2019-07-30 21:42:34",50
"2019-07-30 22:42:35",50
"2019-07-30 23:42:33",50
"2019-07-31 00:42:33",50
"2019-07-31 01:42:33",50
"2019-07-31 02:42:33",50
"2019-07-31 03:42:34",50
"2019-07-31 04:42:34",50
"2019-07-31 05:42:40",50
"2019-07-31 06:42:34",50
"2019-07-31 07:42:33",50
"2019-07-31 08:42:34",50
"2019-07-31 09:42:34",50
"2019-07-31 10:42:32",50
"2019-07-31 11:42:31",50
"2019-07-31 13:06:39",50
"2019-07-31 13:42:33",50
"2019-07-31 14:42:34",50
"2019-07-31 15:42:33",50
"2019-07-31 16:42:37",50
"2019-07-31 17:42:33",50
"2019-07-31 18:42:32",50
"2019-07-31 19:42:33",50
"2019-07-31 20:42:34",50
"2019-07-31 21:42:34",50
"2019-07-31 22:42:33",50
"2019-07-31 23:42:33",50
"2019-08-01 00:42:33",50
"2019-08-01 01:42:44",50
"2019-08-01 02:42:35",50
"2019-08-01 03:42:33",50
"2019-08-01 04:42:32",50
"2019-08-01 05:42:36",50
"2019-08-01 06:42:34",50
"2019-08-01 07:42:38",50
"2019-08-01 08:42:32",50
"2019-08-01 09:42:34",50
"2019-08-01 10:42:33",50
"2019-08-01 11:42:31",50
"2019-08-01 13:05:06",50
"2019-08-01 13:42:34",50
"2019-08-01 14:42:34",50
"2019-08-01 15:42:40",50
"2019-08-01 16:42:38",50
"2019-08-01 17:42:36",49
"2019-08-01 18:42:32",49
"2019-08-01 19:42:33",49
"2019-08-01 20:42:33",49
"2019-08-01 21:42:33",49
"2019-08-01 22:42:32",49
"2019-08-01 23:42:34",49
"2019-08-02 00:42:32",49
"2019-08-02 01:42:32",49
"2019-08-02 02:42:32",49
"2019-08-02 03:42:32",49
"2019-08-02 04:42:33",49
"2019-08-02 05:42:35",49
"2019-08-02 06:42:33",49
"2019-08-02 07:42:31",49
"2019-08-02 08:42:33",49
"2019-08-02 09:42:34",49
"2019-08-02 10:42:41",49
"2019-08-02 11:42:32",49
"2019-08-02 13:06:38",49
"2019-08-02 13:42:35",49
"2019-08-02 14:42:35",51
"2019-08-02 15:42:35",51
"2019-08-02 16:42:34",51
"2019-08-02 17:42:33",51
"2019-08-02 18:42:34",51
"2019-08-02 19:42:35",51
"2019-08-02 20:42:34",51
"2019-08-02 21:42:34",51
"2019-08-02 22:42:33",51
"2019-08-02 23:42:34",51
"2019-08-03 00:42:34",51
"2019-08-03 01:42:33",51
"2019-08-03 02:42:39",51
"2019-08-03 03:42:34",51
"2019-08-03 04:42:33",51
"2019-08-03 05:42:40",51
"2019-08-03 06:42:34",51
"2019-08-03 07:42:32",51
"2019-08-03 08:42:34",51
"2019-08-03 09:42:33",51
"2019-08-03 10:42:33",51
"2019-08-03 11:42:33",51
"2019-08-03 12:42:34",51
"2019-08-03 13:42:34",51
"2019-08-03 14:42:34",51
"2019-08-03 15:42:32",51
"2019-08-03 16:42:34",51
"2019-08-03 17:42:34",51
"2019-08-03 18:42:34",51
"2019-08-03 19:42:33",51
"2019-08-03 20:42:32",51
"2019-08-03 21:42:32",51
"2019-08-03 22:42:33",51
"2019-08-03 23:42:33",51
"2019-08-04 00:42:33",51
"2019-08-04 01:42:33",51
"2019-08-04 02:42:38",51
"2019-08-04 03:42:34",51
"2019-08-04 04:42:33",51
"2019-08-04 05:42:37",51
"2019-08-04 06:42:33",51
"2019-08-04 07:42:33",51
"2019-08-04 08:42:34",51
"2019-08-04 09:42:33",51
"2019-08-04 10:42:33",51
"2019-08-04 11:42:31",51
"2019-08-04 12:42:33",51
"2019-08-04 13:42:33",51
"2019-08-04 14:42:32",51
"2019-08-04 15:42:33",51
"2019-08-04 16:42:34",51
"2019-08-04 17:42:33",51
"2019-08-04 18:42:34",51
"2019-08-04 19:42:33",51
"2019-08-04 20:42:33",51
"2019-08-04 21:42:34",51
"2019-08-04 22:42:34",51
"2019-08-04 23:42:33",51
"2019-08-05 00:42:33",51
"2019-08-05 01:42:34",51
"2019-08-05 02:42:35",51
"2019-08-05 03:42:34",51
"2019-08-05 04:42:34",51
"2019-08-05 05:42:35",51
"2019-08-05 06:42:33",51
"2019-08-05 07:42:37",51
"2019-08-05 08:42:35",51
"2019-08-05 09:42:35",51
"2019-08-05 10:42:33",51
"2019-08-05 11:42:33",51
"2019-08-05 13:07:09",51
"2019-08-05 13:42:36",51
"2019-08-05 14:42:35",51
"2019-08-05 15:42:33",51
"2019-08-05 16:42:35",51
"2019-08-05 17:42:36",51
"2019-08-05 18:42:36",51
"2019-08-05 19:42:35",51
"2019-08-05 20:42:33",51
"2019-08-05 21:42:34",51
"2019-08-05 22:42:35",51
"2019-08-05 23:42:35",51
"2019-08-06 00:42:43",51
"2019-08-06 01:42:37",51
"2019-08-06 02:42:34",51
"2019-08-06 03:42:33",51
"2019-08-06 04:42:35",51
"2019-08-06 05:42:36",51
"2019-08-06 06:42:33",51
"2019-08-06 07:42:33",51
"2019-08-06 08:42:33",51
"2019-08-06 09:42:38",51
"2019-08-06 10:42:32",51
"2019-08-06 11:42:32",51
"2019-08-06 12:42:34",51
"2019-08-06 13:42:35",51
"2019-08-06 14:42:33",51
"2019-08-06 15:42:34",51
"2019-08-06 16:42:36",51
"2019-08-06 17:42:34",51
"2019-08-06 18:42:33",51
"2019-08-06 19:42:33",51
"2019-08-06 20:42:35",51
"2019-08-06 21:42:33",51
"2019-08-06 22:42:32",51
"2019-08-06 23:42:34",51
"2019-08-07 00:42:35",51
"2019-08-07 01:42:35",51
"2019-08-07 02:42:36",51
"2019-08-07 03:42:34",51
"2019-08-07 04:42:33",51
"2019-08-07 05:42:35",51
"2019-08-07 06:42:39",51
"2019-08-07 07:42:32",51
"2019-08-07 08:42:34",51
"2019-08-07 09:42:33",51
"2019-08-07 10:42:41",51
"2019-08-07 11:42:33",51
"2019-08-07 12:42:35",51
"2019-08-07 13:42:36",51
"2019-08-07 14:42:35",51
"2019-08-07 15:42:34",51
"2019-08-07 16:42:35",51
"2019-08-07 17:42:34",51
"2019-08-07 18:42:34",51
"2019-08-07 19:42:33",51
"2019-08-07 20:42:34",51
"2019-08-07 21:42:34",51
"2019-08-07 22:42:33",51
"2019-08-07 23:42:35",51
"2019-08-08 00:42:34",51
"2019-08-08 01:42:34",51
"2019-08-08 02:42:40",51
"2019-08-08 03:42:33",51
"2019-08-08 04:42:33",51
"2019-08-08 05:42:33",51
"2019-08-08 06:42:37",51
"2019-08-08 07:42:34",51
"2019-08-08 08:42:33",51
"2019-08-08 09:42:33",51
"2019-08-08 10:42:37",51
"2019-08-08 11:42:32",51
"2019-08-08 12:42:35",51
"2019-08-08 13:42:34",51
"2019-08-08 14:42:34",51
"2019-08-08 15:42:34",51
"2019-08-08 16:42:36",51
"2019-08-08 17:42:35",51
"2019-08-08 18:42:34",51
"2019-08-08 19:42:34",51
"2019-08-08 20:42:35",51
"2019-08-08 21:42:36",51
"2019-08-08 22:42:35",51
"2019-08-08 23:42:36",51
"2019-08-09 00:42:36",51
"2019-08-09 01:42:37",51
"2019-08-09 02:42:37",51
"2019-08-09 03:42:36",51
"2019-08-09 04:42:37",51
"2019-08-09 05:42:39",51
"2019-08-09 06:42:37",51
"2019-08-09 07:42:39",51
"2019-08-09 08:42:37",51
"2019-08-09 09:42:43",51
"2019-08-09 10:42:37",51
"2019-08-09 11:42:36",51
"2019-08-09 13:06:40",51
"2019-08-09 13:42:37",51
"2019-08-09 14:42:40",51
"2019-08-09 15:42:36",51
"2019-08-09 16:42:43",51
"2019-08-09 17:42:36",51
"2019-08-09 18:42:36",51
"2019-08-09 19:42:36",51
"2019-08-09 20:42:35",51
"2019-08-09 21:42:37",51
"2019-08-09 22:42:36",51
"2019-08-09 23:42:38",51
"2019-08-10 00:42:38",51
"2019-08-10 01:42:36",51
"2019-08-10 02:42:49",51
"2019-08-10 03:42:36",51
"2019-08-10 04:42:37",51
"2019-08-10 05:42:39",51
"2019-08-10 06:42:36",51
"2019-08-10 07:42:36",51
"2019-08-10 08:42:35",51
"2019-08-10 09:42:36",51
"2019-08-10 10:42:37",51
"2019-08-10 11:42:35",51
"2019-08-10 12:42:38",51
"2019-08-10 13:42:38",51
"2019-08-10 14:42:35",51
"2019-08-10 15:42:35",51
"2019-08-10 16:42:43",51
"2019-08-10 17:42:36",51
"2019-08-10 18:42:36",51
"2019-08-10 19:42:36",51
"2019-08-10 20:42:36",51
"2019-08-10 21:42:34",51
"2019-08-10 22:42:35",51
"2019-08-10 23:42:35",51
"2019-08-11 00:42:34",51
"2019-08-11 01:42:35",51
"2019-08-11 02:42:44",51
"2019-08-11 03:42:37",51
"2019-08-11 04:42:36",51
"2019-08-11 05:42:41",51
"2019-08-11 06:42:35",51
"2019-08-11 07:42:36",51
"2019-08-11 08:42:35",51
"2019-08-11 09:42:34",51
"2019-08-11 10:42:35",51
"2019-08-11 11:42:36",51
"2019-08-11 12:42:36",51
"2019-08-11 13:42:36",51
"2019-08-11 14:42:36",51
"2019-08-11 15:42:35",51
"2019-08-11 16:42:36",51
"2019-08-11 17:42:35",51
"2019-08-11 18:42:36",51
"2019-08-11 19:42:37",51
"2019-08-11 20:42:38",51
"2019-08-11 21:42:37",51
"2019-08-11 22:42:37",51
"2019-08-11 23:42:38",51
"2019-08-12 00:42:38",51
"2019-08-12 01:42:38",51
"2019-08-12 02:42:40",51
"2019-08-12 03:42:38",51
"2019-08-12 04:42:37",51
"2019-08-12 05:42:42",51
"2019-08-12 06:42:44",51
"2019-08-12 07:42:36",51
"2019-08-12 08:42:38",51
"2019-08-12 09:42:36",51
"2019-08-12 10:42:41",51
"2019-08-12 11:42:36",51
"2019-08-12 12:42:40",51
"2019-08-12 13:42:46",51
"2019-08-12 14:42:36",51
"2019-08-12 15:42:37",51
"2019-08-12 16:42:46",51
"2019-08-12 17:42:37",51
"2019-08-12 18:42:35",51
"2019-08-12 19:42:35",51
"2019-08-12 20:42:36",51
"2019-08-12 21:42:35",51
"2019-08-12 22:42:36",51
"2019-08-12 23:42:36",51
"2019-08-13 00:42:34",51
"2019-08-13 01:42:37",51
"2019-08-13 02:42:40",51
"2019-08-13 03:42:37",51
"2019-08-13 04:42:34",51
"2019-08-13 05:42:39",51
"2019-08-13 06:42:35",51
"2019-08-13 07:42:36",51
"2019-08-13 08:42:34",51
"2019-08-13 09:42:37",51
"2019-08-13 10:42:38",51
"2019-08-13 11:42:37",51
"2019-08-13 12:42:38",51
"2019-08-13 13:42:38",51
"2019-08-13 14:42:37",51
"2019-08-13 15:42:41",51
"2019-08-13 16:42:38",51
"2019-08-13 17:42:36",51
"2019-08-13 18:42:37",51
"2019-08-13 19:42:36",52
"2019-08-13 20:42:36",52
"2019-08-13 21:42:37",52
"2019-08-13 22:42:44",52
"2019-08-13 23:42:36",52
"2019-08-14 00:42:39",52
"2019-08-14 01:42:38",52
"2019-08-14 02:42:38",52
"2019-08-14 03:42:36",52
"2019-08-14 04:42:35",52
"2019-08-14 05:42:44",52
"2019-08-14 06:42:36",52
"2019-08-14 07:42:35",52
"2019-08-14 08:42:35",52
"2019-08-14 09:42:38",52
"2019-08-14 10:42:33",52
"2019-08-14 11:42:35",52
"2019-08-14 13:05:42",52
"2019-08-14 13:42:37",52
"2019-08-14 14:42:38",52
"2019-08-14 15:42:38",52
"2019-08-14 16:42:36",51
"2019-08-14 17:42:35",51
"2019-08-14 18:42:37",51
"2019-08-14 19:42:38",51
"2019-08-14 20:42:36",51
"2019-08-14 21:42:42",51
"2019-08-14 22:42:36",51
"2019-08-14 23:42:35",51
"2019-08-15 00:42:35",51
"2019-08-15 01:42:36",51
"2019-08-15 02:42:38",51
"2019-08-15 03:42:36",51
"2019-08-15 04:42:36",51
"2019-08-15 05:42:40",51
"2019-08-15 06:42:35",51
"2019-08-15 07:42:34",51
"2019-08-15 08:42:50",51
"2019-08-15 09:42:35",51
"2019-08-15 10:42:35",51
"2019-08-15 11:42:34",51
"2019-08-15 13:05:40",51
"2019-08-15 13:42:43",51
"2019-08-15 14:42:37",51
"2019-08-15 15:42:34",51
"2019-08-15 16:42:50",51
"2019-08-15 17:42:33",51
"2019-08-15 18:42:36",51
"2019-08-15 19:42:34",51
"2019-08-15 20:42:35",51
"2019-08-15 21:42:34",51
"2019-08-15 22:42:33",51
"2019-08-15 23:42:39",51
"2019-08-16 00:42:36",51
"2019-08-16 01:42:47",51
"2019-08-16 02:42:36",51
"2019-08-16 03:42:36",51
"2019-08-16 04:42:33",51
"2019-08-16 05:42:50",51
"2019-08-16 06:42:33",51
"2019-08-16 07:42:34",51
"2019-08-16 08:42:35",51
"2019-08-16 09:42:33",51
"2019-08-16 10:42:33",51
"2019-08-16 11:42:33",51
"2019-08-16 12:42:34",51
"2019-08-16 13:42:38",51
"2019-08-16 14:42:35",51
"2019-08-16 15:42:36",51
"2019-08-16 16:42:39",51
"2019-08-16 18:43:21",51
"2019-08-16 19:42:38",51
"2019-08-16 20:42:39",51
"2019-08-16 21:42:37",51
"2019-08-16 22:42:39",51
"2019-08-16 23:42:38",51
"2019-08-17 00:42:38",51
"2019-08-17 01:42:41",51
"2019-08-17 02:42:51",51
"2019-08-17 03:42:37",51
"2019-08-17 04:42:39",51
"2019-08-17 05:42:37",51
"2019-08-17 06:42:37",51
"2019-08-17 07:42:37",51
"2019-08-17 08:42:38",51
"2019-08-17 09:42:37",51
"2019-08-17 10:42:36",51
"2019-08-17 11:42:36",51
"2019-08-17 12:42:36",51
"2019-08-17 13:42:38",51
"2019-08-17 14:42:58",51
"2019-08-17 15:42:37",51
"2019-08-17 16:42:37",51
"2019-08-17 17:42:35",51
"2019-08-17 18:42:36",51
"2019-08-17 19:42:36",51
"2019-08-17 20:42:39",51
"2019-08-17 21:42:36",51
"2019-08-17 22:42:36",51
"2019-08-17 23:42:36",51
"2019-08-18 00:42:37",51
"2019-08-18 01:42:35",51
"2019-08-18 02:42:38",51
"2019-08-18 03:42:36",51
"2019-08-18 04:42:35",51
"2019-08-18 05:42:47",51
"2019-08-18 06:42:54",51
"2019-08-18 07:42:38",51
"2019-08-18 08:42:40",51
"2019-08-18 09:42:39",51
"2019-08-18 10:42:36",51
"2019-08-18 11:42:37",51
"2019-08-18 12:42:38",51
"2019-08-18 13:42:38",51
"2019-08-18 14:42:37",51
"2019-08-18 15:42:39",51
"2019-08-18 16:42:41",51
"2019-08-18 17:42:37",51
"2019-08-18 18:42:37",51
"2019-08-18 19:42:38",51
"2019-08-18 20:42:38",51
"2019-08-18 21:42:45",51
"2019-08-18 22:42:39",51
"2019-08-18 23:42:37",51
"2019-08-19 00:42:38",51
"2019-08-19 01:42:40",51
"2019-08-19 02:42:38",51
"2019-08-19 03:42:36",51
"2019-08-19 04:42:37",51
"2019-08-19 05:42:40",51
"2019-08-19 06:42:39",51
"2019-08-19 07:42:49",51
"2019-08-19 08:42:38",51
"2019-08-19 09:42:43",51
"2019-08-19 10:42:38",51
"2019-08-19 11:42:37",51
"2019-08-19 12:42:42",51
"2019-08-19 13:42:38",51
"2019-08-19 14:42:34",51
"2019-08-19 15:42:35",51
"2019-08-19 16:42:35",50
"2019-08-19 17:42:35",50
"2019-08-19 18:42:37",50
"2019-08-19 19:42:35",50
"2019-08-19 20:42:34",50
"2019-08-19 21:42:35",50
"2019-08-19 22:42:34",50
"2019-08-19 23:42:35",50
"2019-08-20 00:42:38",50
"2019-08-20 01:42:35",50
"2019-08-20 02:42:38",50
"2019-08-20 03:42:35",50
"2019-08-20 04:42:35",50
"2019-08-20 05:42:45",50
"2019-08-20 06:42:40",50
"2019-08-20 07:42:34",50
"2019-08-20 08:42:34",50
"2019-08-20 09:42:34",50
"2019-08-20 10:42:55",50
"2019-08-20 11:42:34",50
"2019-08-20 13:04:41",50
"2019-08-20 13:42:44",50
"2019-08-20 14:42:37",50
"2019-08-20 15:42:36",50
"2019-08-20 16:42:38",50
"2019-08-20 17:42:37",50
"2019-08-20 18:42:37",50
"2019-08-20 19:42:37",51
"2019-08-20 20:42:38",51
"2019-08-20 21:42:40",51
"2019-08-20 22:42:38",51
"2019-08-20 23:42:37",51
"2019-08-21 00:42:38",51
"2019-08-21 01:42:39",51
"2019-08-21 02:42:42",51
"2019-08-21 03:42:41",51
"2019-08-21 04:42:37",51
"2019-08-21 05:42:39",51
"2019-08-21 06:42:43",51
"2019-08-21 07:42:37",51
"2019-08-21 08:42:38",51
"2019-08-21 09:42:37",51
"2019-08-21 10:42:36",51
"2019-08-21 11:42:37",51
"2019-08-21 12:42:36",51
"2019-08-21 13:42:38",51
"2019-08-21 14:42:37",51
"2019-08-21 15:42:39",50
"2019-08-21 16:42:52",50
"2019-08-21 17:42:36",51
"2019-08-21 18:42:37",51
"2019-08-21 19:42:38",52
"2019-08-21 20:42:37",52
"2019-08-21 21:42:38",52
"2019-08-21 22:42:40",52
"2019-08-21 23:42:37",52
"2019-08-22 00:42:38",52
"2019-08-22 01:42:36",52
"2019-08-22 02:42:39",52
"2019-08-22 03:42:37",52
"2019-08-22 04:42:36",52
"2019-08-22 05:42:38",52
"2019-08-22 06:42:37",52
"2019-08-22 07:42:37",52
"2019-08-22 08:42:37",52
"2019-08-22 09:42:37",52
"2019-08-22 10:42:38",52
"2019-08-22 11:42:38",52
"2019-08-22 12:42:37",52
"2019-08-22 13:42:38",52
"2019-08-22 14:42:41",52
"2019-08-22 15:42:39",51
"2019-08-22 16:42:42",51
"2019-08-22 17:42:40",51
"2019-08-22 18:42:40",51
"2019-08-22 19:42:39",51
"2019-08-22 20:42:39",51
"2019-08-22 21:42:41",51
"2019-08-22 22:42:38",51
"2019-08-22 23:42:39",51
"2019-08-23 00:42:41",51
"2019-08-23 01:42:43",51
"2019-08-23 02:42:44",51
"2019-08-23 03:42:38",51
"2019-08-23 04:42:37",51
"2019-08-23 05:42:39",51
"2019-08-23 06:42:39",51
"2019-08-23 07:42:38",51
"2019-08-23 08:42:40",51
"2019-08-23 09:42:37",51
"2019-08-23 10:42:42",51
"2019-08-23 11:42:36",51
"2019-08-23 12:42:41",51
"2019-08-23 13:42:39",51
"2019-08-23 14:42:38",51
"2019-08-23 15:42:40",51
"2019-08-23 16:42:41",51
"2019-08-23 17:42:37",51
"2019-08-23 18:42:40",51
"2019-08-23 19:42:39",51
"2019-08-23 20:42:37",51
"2019-08-23 21:42:38",51
"2019-08-23 22:43:16",51
"2019-08-23 23:42:38",51
"2019-08-24 00:42:38",51
"2019-08-24 01:42:38",51
"2019-08-24 02:42:58",51
"2019-08-24 03:42:37",51
"2019-08-24 04:42:36",51
"2019-08-24 05:42:40",51
"2019-08-24 06:42:39",51
"2019-08-24 07:42:43",51
"2019-08-24 08:42:40",51
"2019-08-24 09:42:39",51
"2019-08-24 10:42:39",51
"2019-08-24 11:42:37",51
"2019-08-24 12:42:41",51
"2019-08-24 13:42:38",51
"2019-08-24 14:42:38",51
"2019-08-24 15:42:39",51
"2019-08-24 16:42:46",51
"2019-08-24 17:42:38",51
"2019-08-24 18:42:41",51
"2019-08-24 19:42:38",51
"2019-08-24 20:42:39",51
"2019-08-24 21:42:39",51
"2019-08-24 22:42:39",51
"2019-08-24 23:42:38",51
"2019-08-25 00:42:37",51
"2019-08-25 01:42:42",51
"2019-08-25 02:42:50",51
"2019-08-25 03:42:37",51
"2019-08-25 04:42:38",51
"2019-08-25 05:42:38",51
"2019-08-25 06:42:38",51
"2019-08-25 07:42:38",51
"2019-08-25 08:42:40",51
"2019-08-25 09:42:37",51
"2019-08-25 10:42:38",51
"2019-08-25 11:42:41",51
"2019-08-25 12:42:38",51
"2019-08-25 13:42:38",51
"2019-08-25 14:42:38",51
"2019-08-25 15:42:40",51
"2019-08-25 16:42:43",51
"2019-08-25 17:42:37",51
"2019-08-25 18:42:37",51
"2019-08-25 19:42:40",51
"2019-08-25 20:42:38",51
"2019-08-25 21:42:39",51
"2019-08-25 22:42:37",51
"2019-08-25 23:42:39",51
"2019-08-26 00:42:38",51
"2019-08-26 01:42:36",51
"2019-08-26 02:42:42",51
"2019-08-26 03:42:37",51
"2019-08-26 04:42:37",51
"2019-08-26 05:42:40",51
"2019-08-26 06:42:36",51
"2019-08-26 07:42:38",51
"2019-08-26 08:42:36",51
"2019-08-26 09:42:36",51
"2019-08-26 10:42:38",51
"2019-08-26 11:42:36",51
"2019-08-26 12:42:39",51
"2019-08-26 13:42:37",51
"2019-08-26 14:42:37",52
"2019-08-26 15:42:39",52
"2019-08-26 16:42:42",52
"2019-08-26 17:42:37",52
"2019-08-26 18:42:37",52
"2019-08-26 19:42:40",52
"2019-08-26 20:42:38",52
"2019-08-26 21:42:39",52
"2019-08-26 22:42:36",52
"2019-08-26 23:42:36",52
"2019-08-27 00:42:39",52
"2019-08-27 01:42:37",52
"2019-08-27 02:42:42",52
"2019-08-27 03:42:37",52
"2019-08-27 04:42:37",52
"2019-08-27 05:42:41",52
"2019-08-27 06:42:40",52
"2019-08-27 07:42:37",52
"2019-08-27 08:42:40",52
"2019-08-27 09:42:37",52
"2019-08-27 10:42:36",52
"2019-08-27 11:42:41",52
"2019-08-27 12:42:40",52
"2019-08-27 13:42:53",52
"2019-08-27 14:42:37",52
"2019-08-27 15:42:40",52
"2019-08-27 16:42:42",52
"2019-08-27 17:42:36",52
"2019-08-27 18:42:37",52
"2019-08-27 19:42:39",52
"2019-08-27 20:42:37",52
"2019-08-27 21:42:39",52
"2019-08-27 22:42:39",52
"2019-08-27 23:42:40",52
"2019-08-28 00:42:43",52
"2019-08-28 01:42:40",52
"2019-08-28 02:42:44",52
"2019-08-28 03:42:46",52
"2019-08-28 04:42:39",52
"2019-08-28 05:42:40",52
"2019-08-28 06:42:40",52
"2019-08-28 07:42:42",52
"2019-08-28 08:42:36",52
"2019-08-28 09:42:40",52
"2019-08-28 10:42:40",52
"2019-08-28 11:42:41",52
"2019-08-28 12:42:39",52
"2019-08-28 13:42:37",52
"2019-08-28 14:42:36",52
"2019-08-28 15:42:35",52
"2019-08-28 16:42:50",52
"2019-08-28 17:42:36",52
"2019-08-28 18:42:37",52
"2019-08-28 19:42:37",52
"2019-08-28 20:42:38",52
"2019-08-28 21:42:38",52
"2019-08-28 22:42:37",52
"2019-08-28 23:42:40",52
"2019-08-29 00:42:35",52
"2019-08-29 01:42:38",52
"2019-08-29 02:42:40",52
"2019-08-29 03:42:36",52
"2019-08-29 04:42:37",52
"2019-08-29 05:42:50",52
"2019-08-29 06:42:35",52
"2019-08-29 07:42:38",52
"2019-08-29 08:42:37",52
"2019-08-29 09:42:38",52
"2019-08-29 10:42:34",52
"2019-08-29 11:42:34",52
"2019-08-29 12:42:38",52
"2019-08-29 13:42:37",52
"2019-08-29 14:42:36",52
"2019-08-29 15:42:36",52
"2019-08-29 16:42:41",52
"2019-08-29 17:42:35",52
"2019-08-29 18:42:35",52
"2019-08-29 19:42:34",52
"2019-08-29 20:42:37",52
"2019-08-29 21:42:37",52
"2019-08-29 22:42:35",52
"2019-08-29 23:42:36",52
"2019-08-30 00:42:39",52
"2019-08-30 01:42:42",52
"2019-08-30 02:42:38",52
"2019-08-30 03:42:38",52
"2019-08-30 04:42:37",52
"2019-08-30 05:42:45",52
"2019-08-30 06:42:34",52
"2019-08-30 07:42:34",52
"2019-08-30 08:42:33",52
"2019-08-30 09:42:34",52
"2019-08-30 10:42:33",52
"2019-08-30 11:42:33",52
"2019-08-30 12:42:37",52
"2019-08-30 13:42:36",52
"2019-08-30 14:42:36",52
"2019-08-30 15:42:36",52
"2019-08-30 16:42:37",52
"2019-08-30 17:42:37",52
"2019-08-30 18:42:35",52
"2019-08-30 19:42:34",52
"2019-08-30 20:42:48",52
"2019-08-30 21:42:44",52
"2019-08-30 22:42:46",52
"2019-08-30 23:42:45",52
"2019-08-31 00:42:44",52
"2019-08-31 01:42:47",52
"2019-08-31 02:42:45",52
"2019-08-31 03:42:45",52
"2019-08-31 04:42:44",52
"2019-08-31 23:42:59",52
"2019-09-01 00:42:47",52
"2019-09-01 01:42:45",52
"2019-09-01 02:42:46",52
"2019-09-01 03:42:46",52
"2019-09-01 04:42:45",52
"2019-09-01 05:42:45",52
"2019-09-01 06:42:45",52
"2019-09-01 07:42:43",52
"2019-09-01 08:42:45",52
"2019-09-01 09:42:44",52
"2019-09-01 10:42:45",52
"2019-09-01 11:42:44",52
"2019-09-01 12:42:46",52
"2019-09-01 13:42:45",52
"2019-09-01 14:42:45",52
"2019-09-01 15:42:45",52
"2019-09-01 16:42:50",52
"2019-09-01 17:42:48",52
"2019-09-01 18:42:45",52
"2019-09-01 19:42:44",52
"2019-09-01 20:42:44",52
"2019-09-01 21:42:45",52
"2019-09-01 22:42:46",52
"2019-09-01 23:42:46",52
"2019-09-02 00:42:44",52
"2019-09-02 01:42:43",52
"2019-09-02 02:42:44",52
"2019-09-02 03:42:46",52
"2019-09-02 04:42:46",52
"2019-09-02 05:42:54",52
"2019-09-02 06:42:47",52
"2019-09-02 07:42:48",52
"2019-09-02 08:42:45",52
"2019-09-02 09:42:47",52
"2019-09-02 10:42:51",52
"2019-09-02 11:42:46",52
"2019-09-02 12:42:43",52
"2019-09-02 13:42:45",52
"2019-09-02 14:42:45",52
"2019-09-02 15:42:45",52
"2019-09-02 16:42:54",52
"2019-09-02 17:42:44",52
"2019-09-02 18:42:46",52
"2019-09-02 19:42:45",52
"2019-09-02 20:42:45",52
"2019-09-02 21:42:45",52
"2019-09-02 22:42:46",52
"2019-09-02 23:42:46",52
"2019-09-03 00:42:45",52
"2019-09-03 01:42:47",52
"2019-09-03 02:42:48",52
"2019-09-03 03:42:45",52
"2019-09-03 04:42:44",52
"2019-09-03 05:42:52",52
"2019-09-03 06:42:48",52
"2019-09-03 07:42:44",52
"2019-09-03 08:42:51",52
"2019-09-03 09:42:45",52
"2019-09-03 10:42:49",52
"2019-09-03 11:42:44",52
"2019-09-03 13:06:55",52
"2019-09-03 13:42:52",52
"2019-09-03 14:42:48",52
"2019-09-03 15:42:47",53
"2019-09-03 16:42:51",53
"2019-09-03 17:42:47",53
"2019-09-03 18:42:45",53
"2019-09-03 19:42:45",53
"2019-09-03 20:42:46",53
"2019-09-03 21:42:46",53
"2019-09-03 22:42:50",53
"2019-09-03 23:42:46",53
"2019-09-04 00:42:48",53
"2019-09-04 01:42:48",53
"2019-09-04 02:42:46",53
"2019-09-04 03:42:46",53
"2019-09-04 04:42:45",53
"2019-09-04 05:42:54",53
"2019-09-04 06:42:48",53
"2019-09-04 07:42:46",53
"2019-09-04 08:42:46",53
"2019-09-04 09:42:47",53
"2019-09-04 10:42:46",53
"2019-09-04 11:42:45",53
"2019-09-04 13:05:53",53
"2019-09-04 13:42:47",53
"2019-09-04 14:42:47",53
"2019-09-04 15:42:47",53
"2019-09-04 16:42:54",53
"2019-09-04 17:42:45",53
"2019-09-04 18:42:48",53
"2019-09-04 19:42:47",53
"2019-09-04 20:42:46",53
"2019-09-04 21:42:45",53
"2019-09-04 22:42:45",53
"2019-09-04 23:42:48",53
"2019-09-05 01:42:46",53
"2019-09-05 02:42:51",53
"2019-09-05 03:42:45",53
"2019-09-05 04:42:46",53
"2019-09-05 05:42:54",53
"2019-09-05 06:42:45",53
"2019-09-05 07:42:49",53
"2019-09-05 08:42:46",53
"2019-09-05 09:42:44",53
"2019-09-05 10:42:52",53
"2019-09-05 11:42:46",53
"2019-09-05 13:06:50",53
"2019-09-05 13:42:47",53
"2019-09-05 14:42:50",53
"2019-09-05 15:42:47",53
"2019-09-05 16:42:58",53
"2019-09-05 17:42:47",53
"2019-09-05 18:42:45",53
"2019-09-05 19:42:45",53
"2019-09-05 20:42:48",53
"2019-09-05 21:42:46",53
"2019-09-05 22:42:47",53
"2019-09-05 23:42:48",53
"2019-09-06 00:42:47",53
"2019-09-06 01:42:47",53
"2019-09-06 02:42:46",53
"2019-09-06 03:42:44",53
"2019-09-06 04:42:45",53
"2019-09-06 05:42:58",53
"2019-09-06 06:42:47",53
"2019-09-06 07:42:48",53
"2019-09-06 08:42:45",53
"2019-09-06 09:42:47",53
"2019-09-06 10:42:47",53
"2019-09-06 11:42:59",53
"2019-09-06 13:05:51",53
"2019-09-06 13:42:47",53
"2019-09-06 14:42:45",53
"2019-09-06 15:42:45",53
"2019-09-06 16:42:57",53
"2019-09-06 17:42:46",53
"2019-09-06 18:42:49",53
"2019-09-06 19:42:45",53
"2019-09-06 20:42:47",53
"2019-09-06 21:42:47",53
"2019-09-06 22:42:47",53
"2019-09-06 23:42:45",53
"2019-09-07 00:42:45",53
"2019-09-07 01:42:48",53
"2019-09-07 02:42:47",53
"2019-09-07 03:42:48",53
"2019-09-07 04:42:46",53
"2019-09-07 05:43:08",53
"2019-09-07 06:42:46",53
"2019-09-07 07:42:44",53
"2019-09-07 08:42:45",53
"2019-09-07 09:42:46",53
"2019-09-07 10:42:48",53
"2019-09-07 11:42:46",53
"2019-09-07 12:42:44",53
"2019-09-07 13:42:47",53
"2019-09-07 14:42:47",53
"2019-09-07 15:42:47",53
"2019-09-07 16:42:46",53
"2019-09-07 17:42:46",53
"2019-09-07 18:42:46",53
"2019-09-07 19:42:45",53
"2019-09-07 20:42:46",53
"2019-09-07 22:42:44",53
"2019-09-07 23:42:47",53
"2019-09-08 00:42:47",53
"2019-09-08 01:42:49",53
"2019-09-08 02:42:51",53
"2019-09-08 03:42:47",53
"2019-09-08 04:42:46",53
"2019-09-08 05:42:50",53
"2019-09-08 06:42:46",53
"2019-09-08 07:42:45",53
"2019-09-08 08:42:47",53
"2019-09-08 09:42:45",53
"2019-09-08 10:42:49",53
"2019-09-08 11:42:45",53
"2019-09-08 12:42:45",53
"2019-09-08 13:42:47",53
"2019-09-08 14:42:46",53
"2019-09-08 15:42:45",53
"2019-09-08 16:42:52",53
"2019-09-08 17:42:46",53
"2019-09-08 18:42:46",53
"2019-09-08 19:42:51",53
"2019-09-08 20:42:48",53
"2019-09-08 21:42:47",53
"2019-09-08 22:42:45",53
"2019-09-08 23:42:46",53
"2019-09-09 00:42:46",53
"2019-09-09 01:42:46",53
"2019-09-09 02:42:47",53
"2019-09-09 03:42:46",53
"2019-09-09 04:42:45",53
"2019-09-09 05:42:56",53
"2019-09-09 06:42:45",53
"2019-09-09 07:42:46",53
"2019-09-09 08:42:46",53
"2019-09-09 09:42:44",53
"2019-09-09 10:42:45",53
"2019-09-09 11:42:46",53
"2019-09-09 13:05:51",53
"2019-09-09 13:42:49",53
"2019-09-09 14:42:53",53
"2019-09-09 15:42:47",53
"2019-09-09 16:42:58",53
"2019-09-09 17:42:46",53
"2019-09-09 18:42:46",53
"2019-09-09 19:42:46",53
"2019-09-09 20:42:45",53
"2019-09-09 21:42:46",53
"2019-09-09 22:42:45",53
"2019-09-09 23:42:46",53
"2019-09-10 00:42:47",53
"2019-09-10 01:42:46",53
"2019-09-10 02:42:49",53
"2019-09-10 03:42:47",53
"2019-09-10 04:42:47",53
"2019-09-10 05:42:49",53
"2019-09-10 06:42:46",53
"2019-09-10 07:42:44",53
"2019-09-10 08:42:47",53
"2019-09-10 09:42:57",53
"2019-09-10 10:42:46",53
"2019-09-10 11:42:45",53
"2019-09-10 12:42:47",53
"2019-09-10 13:42:47",53
"2019-09-10 14:42:46",53
"2019-09-10 15:42:45",54
"2019-09-10 16:42:50",54
"2019-09-10 17:42:46",54
"2019-09-10 18:42:46",54
"2019-09-10 19:42:53",54
"2019-09-10 20:42:44",54
"2019-09-10 21:42:46",54
"2019-09-10 22:42:45",54
"2019-09-10 23:42:46",54
"2019-09-11 00:42:45",54
"2019-09-11 01:42:46",54
"2019-09-11 02:42:45",54
"2019-09-11 03:42:44",54
"2019-09-11 04:42:45",54
"2019-09-11 05:42:52",54
"2019-09-11 06:42:48",54
"2019-09-11 07:42:44",54
"2019-09-11 08:42:45",54
"2019-09-11 09:42:48",54
"2019-09-11 10:42:56",54
"2019-09-11 11:42:52",54
"2019-09-11 12:42:46",54
"2019-09-11 13:42:49",54
"2019-09-11 14:42:46",54
"2019-09-11 15:42:46",54
"2019-09-11 16:42:48",54
"2019-09-11 17:42:45",54
"2019-09-11 18:42:46",55
"2019-09-11 19:42:46",55
"2019-09-11 20:42:45",55
"2019-09-11 21:42:51",55
"2019-09-11 22:42:46",55
"2019-09-11 23:42:45",55
"2019-09-12 00:42:47",55
"2019-09-12 01:42:46",55
"2019-09-12 02:42:52",55
"2019-09-12 03:42:46",55
"2019-09-12 04:42:44",55
"2019-09-12 05:42:56",55
"2019-09-12 06:42:47",55
"2019-09-12 07:42:46",55
"2019-09-12 08:42:44",55
"2019-09-12 09:42:45",55
"2019-09-12 10:42:56",55
"2019-09-12 11:42:48",55
"2019-09-12 13:06:53",55
"2019-09-12 13:42:48",55
"2019-09-12 14:42:50",55
"2019-09-12 15:42:48",55
"2019-09-12 16:42:47",55
"2019-09-12 17:42:46",55
"2019-09-12 18:42:46",55
"2019-09-12 19:42:46",55
"2019-09-12 20:42:44",55
"2019-09-12 21:42:44",55
"2019-09-12 22:42:45",55
"2019-09-12 23:42:45",55
"2019-09-13 00:42:45",55
"2019-09-13 01:42:47",55
"2019-09-13 02:42:46",55
"2019-09-13 03:42:46",55
"2019-09-13 04:42:44",55
"2019-09-13 05:42:46",55
"2019-09-13 06:42:46",55
"2019-09-13 07:42:44",55
"2019-09-13 08:42:46",55
"2019-09-13 09:42:45",55
"2019-09-13 10:42:46",55
"2019-09-13 11:42:45",55
"2019-09-13 13:06:48",55
"2019-09-13 14:07:50",56
"2019-09-13 14:42:46",56
"2019-09-13 15:42:45",56
"2019-09-13 16:42:45",56
"2019-09-13 17:42:45",56
"2019-09-13 18:42:44",56
"2019-09-13 19:42:45",56
"2019-09-13 20:42:42",56
"2019-09-13 21:42:48",56
"2019-09-13 22:42:43",56
"2019-09-13 23:42:45",56
"2019-09-14 00:42:48",56
"2019-09-14 01:42:42",56
"2019-09-14 02:42:45",56
"2019-09-14 03:42:46",56
"2019-09-14 04:42:42",56
"2019-09-14 05:42:44",56
"2019-09-14 06:42:45",56
"2019-09-14 07:42:44",56
"2019-09-14 08:42:44",56
"2019-09-14 09:42:43",56
"2019-09-14 10:42:45",56
"2019-09-14 11:42:42",56
"2019-09-14 12:42:44",56
"2019-09-14 13:42:42",56
"2019-09-14 14:42:44",56
"2019-09-14 15:42:42",56
"2019-09-14 16:42:46",56
"2019-09-14 17:42:45",56
"2019-09-14 18:42:42",56
"2019-09-14 19:42:43",56
"2019-09-14 20:42:42",56
"2019-09-14 21:42:46",56
"2019-09-14 22:42:44",56
"2019-09-14 23:42:45",56
"2019-09-15 00:42:45",56
"2019-09-15 01:42:42",56
"2019-09-15 02:42:47",56
"2019-09-15 03:42:46",56
"2019-09-15 04:42:45",56
"2019-09-15 05:42:43",56
"2019-09-15 06:42:47",56
"2019-09-15 07:42:46",56
"2019-09-15 08:42:46",56
"2019-09-15 09:42:44",56
"2019-09-15 10:42:44",56
"2019-09-15 11:42:45",56
"2019-09-15 12:42:46",56
"2019-09-15 13:42:46",56
"2019-09-15 14:42:44",56
"2019-09-15 15:42:43",56
"2019-09-15 16:42:46",56
"2019-09-15 17:42:41",56
"2019-09-15 18:42:43",56
"2019-09-15 19:42:44",56
"2019-09-15 20:42:43",56
"2019-09-15 21:42:45",56
"2019-09-15 22:42:43",56
"2019-09-15 23:42:43",56
"2019-09-16 00:42:46",56
"2019-09-16 01:42:44",56
"2019-09-16 02:42:46",56
"2019-09-16 03:42:47",56
"2019-09-16 04:42:43",56
"2019-09-16 05:42:45",56
"2019-09-16 06:42:46",56
"2019-09-16 07:42:44",56
"2019-09-16 08:42:45",56
"2019-09-16 09:42:45",56
"2019-09-16 10:42:44",56
"2019-09-16 11:42:42",56
"2019-09-16 13:06:20",56
"2019-09-16 13:42:46",56
"2019-09-16 14:42:49",56
"2019-09-16 15:42:46",56
"2019-09-16 16:42:48",56
"2019-09-16 17:42:45",56
"2019-09-16 18:42:47",56
"2019-09-16 19:42:53",56
"2019-09-16 20:42:50",56
"2019-09-16 21:42:47",56
"2019-09-16 22:42:49",56
"2019-09-16 23:42:47",56
"2019-09-17 00:42:47",56
"2019-09-17 01:42:45",56
"2019-09-17 02:42:47",56
"2019-09-17 03:42:48",56
"2019-09-17 04:42:45",56
"2019-09-17 05:42:46",56
"2019-09-17 06:42:44",56
"2019-09-17 07:42:46",56
"2019-09-17 08:42:44",56
"2019-09-17 09:42:48",56
"2019-09-17 10:42:47",56
"2019-09-17 11:42:45",56
"2019-09-17 12:42:45",56
"2019-09-17 13:42:48",56
"2019-09-17 14:42:46",56
"2019-09-17 15:42:46",56
"2019-09-17 16:42:48",56
"2019-09-17 17:42:45",56
"2019-09-17 18:42:46",57
"2019-09-17 19:42:45",57
"2019-09-17 20:42:46",57
"2019-09-17 21:42:46",57
"2019-09-17 22:42:48",57
"2019-09-17 23:42:46",57
"2019-09-18 00:42:46",57
"2019-09-18 01:42:45",57
"2019-09-18 02:42:44",57
"2019-09-18 03:42:45",57
"2019-09-18 04:42:53",57
"2019-09-18 05:42:46",57
"2019-09-18 06:42:47",57
"2019-09-18 07:42:45",57
"2019-09-18 08:42:47",57
"2019-09-18 09:42:46",57
"2019-09-18 10:42:45",57
"2019-09-18 11:42:45",57
"2019-09-18 13:37:54",57
"2019-09-18 13:45:10",57
"2019-09-18 14:42:46",57
"2019-09-18 15:42:48",57
"2019-09-18 16:42:49",57
"2019-09-18 17:42:45",57
"2019-09-18 18:42:44",56
"2019-09-18 19:42:47",56
"2019-09-18 20:42:46",56
"2019-09-18 21:42:45",56
"2019-09-18 22:42:47",56
"2019-09-18 23:42:49",56
"2019-09-19 00:42:43",56
"2019-09-19 01:42:45",56
"2019-09-19 02:42:49",56
"2019-09-19 03:42:47",56
"2019-09-19 04:42:44",56
"2019-09-19 05:42:47",56
"2019-09-19 06:42:48",56
"2019-09-19 07:42:43",56
"2019-09-19 08:42:46",56
"2019-09-19 09:42:45",56
"2019-09-19 10:42:46",56
"2019-09-19 11:42:43",56
"2019-09-19 13:06:22",56
"2019-09-19 13:42:49",56
"2019-09-19 14:42:46",56
"2019-09-19 15:42:47",56
"2019-09-19 16:42:52",56
"2019-09-19 17:42:48",56
"2019-09-19 18:42:47",56
"2019-09-19 19:42:44",56
"2019-09-19 20:42:49",56
"2019-09-19 21:42:45",56
"2019-09-19 22:42:49",56
"2019-09-19 23:42:45",56
"2019-09-20 00:42:49",56
"2019-09-20 01:42:53",56
"2019-09-20 02:42:44",56
"2019-09-20 03:42:48",56
"2019-09-20 04:42:47",56
"2019-09-20 05:42:49",56
"2019-09-20 06:42:46",56
"2019-09-20 07:42:46",56
"2019-09-20 08:42:48",56
"2019-09-20 09:42:45",56
"2019-09-20 10:42:45",56
"2019-09-20 11:42:47",56
"2019-09-20 12:42:49",56
"2019-09-20 13:42:43",56
"2019-09-20 14:42:46",56
"2019-09-20 15:42:48",56
"2019-09-20 16:42:47",56
"2019-09-20 17:42:50",56
"2019-09-20 18:42:45",56
"2019-09-20 19:42:48",56
"2019-09-20 20:42:43",56
"2019-09-20 21:42:45",56
"2019-09-20 22:42:48",56
"2019-09-20 23:42:44",56
"2019-09-21 00:42:44",56
"2019-09-21 01:42:44",56
"2019-09-21 02:42:46",56
"2019-09-21 03:42:48",56
"2019-09-21 04:42:43",56
"2019-09-21 05:42:47",56
"2019-09-21 06:42:47",56
"2019-09-21 07:42:43",56
"2019-09-21 08:42:44",56
"2019-09-21 09:42:46",56
"2019-09-21 10:42:43",56
"2019-09-21 11:42:45",56
"2019-09-21 12:42:47",56
"2019-09-21 13:42:47",56
"2019-09-21 14:42:45",56
"2019-09-21 15:42:43",56
"2019-09-21 16:42:47",56
"2019-09-21 17:42:45",56
"2019-09-21 18:42:44",56
"2019-09-21 19:42:45",56
"2019-09-21 20:42:44",56
"2019-09-21 21:42:44",56
"2019-09-21 22:42:44",56
"2019-09-21 23:42:46",56
"2019-09-22 00:42:43",56
"2019-09-22 01:42:44",56
"2019-09-22 02:42:45",56
"2019-09-22 03:42:44",56
"2019-09-22 04:42:46",56
"2019-09-22 05:42:44",56
"2019-09-22 06:42:47",56
"2019-09-22 07:42:47",56
"2019-09-22 08:42:44",56
"2019-09-22 09:42:46",56
"2019-09-22 10:42:44",56
"2019-09-22 11:42:43",56
"2019-09-22 12:42:45",56
"2019-09-22 13:42:44",56
"2019-09-22 14:42:47",56
"2019-09-22 15:42:43",56
"2019-09-22 16:42:47",56
"2019-09-22 17:42:44",56
"2019-09-22 18:42:44",56
"2019-09-22 19:42:47",56
"2019-09-22 20:42:43",56
"2019-09-22 21:42:44",56
"2019-09-22 22:42:43",56
"2019-09-22 23:42:44",56
"2019-09-23 00:42:46",56
"2019-09-23 01:42:44",56
"2019-09-23 02:42:43",56
"2019-09-23 03:42:46",56
"2019-09-23 04:42:44",56
"2019-09-23 05:42:43",56
"2019-09-23 06:42:46",56
"2019-09-23 07:42:44",56
"2019-09-23 08:42:46",56
"2019-09-23 09:42:45",56
"2019-09-23 10:42:45",56
"2019-09-23 11:42:48",56
"2019-09-23 12:42:46",56
"2019-09-23 13:42:44",56
"2019-09-23 14:42:47",56
"2019-09-23 15:42:43",56
"2019-09-23 16:42:46",56
"2019-09-23 17:42:44",56
"2019-09-23 18:42:48",56
"2019-09-23 19:42:44",56
"2019-09-23 20:42:45",56
"2019-09-23 21:42:45",56
"2019-09-23 22:42:46",56
"2019-09-23 23:42:43",56
"2019-09-24 00:42:46",56
"2019-09-24 01:42:44",56
"2019-09-24 02:46:21",56
"2019-09-24 03:42:47",56
"2019-09-24 04:42:45",56
"2019-09-24 05:42:50",56
"2019-09-24 06:42:44",56
"2019-09-24 07:42:45",56
"2019-09-24 08:42:46",56
"2019-09-24 09:42:43",56
"2019-09-24 10:42:45",56
"2019-09-24 11:42:46",56
"2019-09-24 12:42:47",56
"2019-09-24 13:42:44",56
"2019-09-24 14:42:46",56
"2019-09-24 15:42:48",56
"2019-09-24 16:42:46",56
"2019-09-24 17:42:46",56
"2019-09-24 18:42:47",56
"2019-09-24 19:42:43",56
"2019-09-24 20:42:45",56
"2019-09-24 21:42:47",56
"2019-09-24 22:42:44",56
"2019-09-24 23:42:43",56
"2019-09-25 00:42:46",56
"2019-09-25 01:42:48",56
"2019-09-25 02:42:42",56
"2019-09-25 03:42:48",56
"2019-09-25 04:42:47",56
"2019-09-25 05:42:44",56
"2019-09-25 06:42:46",56
"2019-09-25 07:42:49",56
"2019-09-25 08:42:46",56
"2019-09-25 09:42:46",56
"2019-09-25 10:42:47",56
"2019-09-25 11:42:45",56
"2019-09-25 12:42:48",56
"2019-09-25 13:42:49",56
"2019-09-25 14:42:48",56
"2019-09-25 15:42:49",56
"2019-09-25 16:42:46",56
"2019-09-25 17:42:46",56
"2019-09-25 18:42:46",56
"2019-09-25 19:42:49",56
"2019-09-25 20:42:44",56
"2019-09-25 21:42:46",56
"2019-09-25 22:42:44",56
"2019-09-25 23:42:48",56
"2019-09-26 00:42:45",56
"2019-09-26 01:42:45",56
"2019-09-26 02:42:48",56
"2019-09-26 03:42:46",56
"2019-09-26 04:42:50",56
"2019-09-26 05:42:47",56
"2019-09-26 06:42:46",56
"2019-09-26 07:42:44",56
"2019-09-26 08:42:47",56
"2019-09-26 09:42:46",56
"2019-09-26 10:42:44",56
"2019-09-26 11:42:44",56
"2019-09-26 13:05:51",56
"2019-09-26 13:42:52",56
"2019-09-26 14:42:47",56
"2019-09-26 15:42:48",56
"2019-09-26 16:42:49",56
"2019-09-26 17:42:49",56
"2019-09-26 18:42:50",56
"2019-09-26 19:42:47",55
"2019-09-26 20:42:45",55
"2019-09-26 21:42:48",55
"2019-09-26 22:42:48",55
"2019-09-26 23:42:47",55
"2019-09-27 00:42:47",55
"2019-09-27 01:42:43",55
"2019-09-27 02:42:53",55
"2019-09-27 03:42:47",55
"2019-09-27 04:42:45",55
"2019-09-27 05:42:47",55
"2019-09-27 06:42:47",55
"2019-09-27 07:42:50",55
"2019-09-27 08:42:46",55
"2019-09-27 09:42:45",55
"2019-09-27 10:42:48",55
"2019-09-27 11:42:45",55
"2019-09-27 13:06:51",55
"2019-09-27 13:42:49",55
"2019-09-27 14:42:47",55
"2019-09-27 15:42:47",55
"2019-09-27 16:42:47",55
"2019-09-27 17:42:46",55
"2019-09-27 18:42:44",55
"2019-09-27 19:42:47",55
"2019-09-27 20:42:43",55
"2019-09-27 21:42:44",55
"2019-09-27 22:42:49",55
"2019-09-27 23:42:46",55
"2019-09-28 00:42:45",55
"2019-09-28 01:42:48",55
"2019-09-28 02:42:46",55
"2019-09-28 03:42:47",55
"2019-09-28 04:42:46",55
"2019-09-28 05:42:49",55
"2019-09-28 06:42:43",55
"2019-09-28 07:42:48",55
"2019-09-28 08:42:45",55
"2019-09-28 09:42:46",55
"2019-09-28 10:42:43",55
"2019-09-28 11:42:46",55
"2019-09-28 12:42:47",55
"2019-09-28 13:42:48",55
"2019-09-28 14:42:44",55
"2019-09-28 15:42:43",55
"2019-09-28 16:42:48",55
"2019-09-28 17:42:47",55
"2019-09-28 18:42:43",55
"2019-09-28 19:42:44",55
"2019-09-28 20:42:47",55
"2019-09-28 21:42:45",55
"2019-09-28 22:42:46",55
"2019-09-28 23:42:44",55
"2019-09-29 00:42:44",55
"2019-09-29 01:42:47",55
"2019-09-29 02:42:46",55
"2019-09-29 03:42:47",55
"2019-09-29 04:42:45",55
"2019-09-29 05:42:47",55
"2019-09-29 06:42:43",55
"2019-09-29 07:42:46",55
"2019-09-29 08:42:44",55
"2019-09-29 09:42:46",55
"2019-09-29 10:42:44",55
"2019-09-29 11:42:46",55
"2019-09-29 12:42:45",55
"2019-09-29 13:42:44",55
"2019-09-29 14:42:46",55
"2019-09-29 15:42:43",55
"2019-09-29 16:42:46",55
"2019-09-29 17:42:49",55
"2019-09-29 18:42:44",55
"2019-09-29 19:42:49",55
"2019-09-29 20:42:47",55
"2019-09-29 21:42:44",55
"2019-09-29 22:42:45",55
"2019-09-29 23:42:48",55
"2019-09-30 00:42:42",55
"2019-09-30 01:42:46",55
"2019-09-30 02:42:44",55
"2019-09-30 03:42:47",55
"2019-09-30 04:42:45",55
"2019-09-30 05:42:46",55
"2019-09-30 06:42:44",55
"2019-09-30 07:42:48",55
"2019-09-30 08:42:46",55
"2019-09-30 09:42:46",55
"2019-09-30 10:42:43",55
"2019-09-30 11:42:44",55
"2019-09-30 12:42:48",55
"2019-09-30 13:42:45",55
"2019-09-30 14:42:49",55
"2019-09-30 15:42:47",55
"2019-09-30 16:42:53",55
"2019-09-30 17:42:47",55
"2019-09-30 18:42:49",55
"2019-09-30 19:42:46",55
"2019-09-30 20:42:44",55
"2019-09-30 21:42:46",55
"2019-09-30 22:42:44",55
"2019-09-30 23:42:47",55
"2019-10-01 00:42:46",55
"2019-10-01 01:42:44",55
"2019-10-01 02:42:46",55
"2019-10-01 03:42:47",55
"2019-10-01 04:42:43",55
"2019-10-01 05:42:44",55
"2019-10-01 06:42:45",55
"2019-10-01 07:42:48",55
"2019-10-01 08:42:44",55
"2019-10-01 09:42:50",55
"2019-10-01 10:42:45",55
"2019-10-01 11:42:44",55
"2019-10-01 13:05:50",55
"2019-10-01 13:42:47",55
"2019-10-01 14:42:45",56
"2019-10-01 15:42:46",56
"2019-10-01 16:42:49",56
"2019-10-01 17:42:44",55
"2019-10-01 18:42:47",55
"2019-10-01 19:42:47",55
"2019-10-01 20:42:44",55
"2019-10-01 21:42:45",55
"2019-10-01 22:42:46",55
"2019-10-01 23:42:45",55
"2019-10-02 00:42:56",55
"2019-10-02 01:42:45",55
"2019-10-02 02:42:44",55
"2019-10-02 03:42:46",55
"2019-10-02 04:42:49",55
"2019-10-02 05:42:48",55
"2019-10-02 06:42:45",55
"2019-10-02 07:42:45",55
"2019-10-02 08:42:44",55
"2019-10-02 09:42:47",55
"2019-10-02 10:42:43",55
"2019-10-02 11:42:44",55
"2019-10-02 13:06:20",55
"2019-10-02 13:42:46",55
"2019-10-02 14:42:46",56
"2019-10-02 15:42:47",56
"2019-10-02 16:42:43",56
"2019-10-02 17:42:44",55
"2019-10-02 18:42:45",55
"2019-10-02 19:42:45",55
"2019-10-02 20:42:45",55
"2019-10-02 21:42:45",55
"2019-10-02 22:42:47",55
"2019-10-02 23:42:43",55
"2019-10-03 00:42:44",55
"2019-10-03 01:42:44",55
"2019-10-03 02:42:44",55
"2019-10-03 03:42:45",55
"2019-10-03 04:42:46",55
"2019-10-03 06:42:44",55
"2019-10-03 07:42:46",55
"2019-10-03 08:42:45",55
"2019-10-03 09:42:45",55
"2019-10-03 10:42:47",55
"2019-10-03 11:42:44",55
"2019-10-03 13:06:17",55
"2019-10-03 13:43:29",55
"2019-10-03 14:42:47",55
"2019-10-03 15:42:43",55
"2019-10-03 16:42:44",54
"2019-10-03 17:42:45",54
"2019-10-03 18:42:46",54
"2019-10-03 19:42:45",54
"2019-10-03 20:42:44",54
"2019-10-03 21:42:45",54
"2019-10-03 22:42:45",54
"2019-10-03 23:42:47",54
"2019-10-04 00:42:44",54
"2019-10-04 01:42:44",54
"2019-10-04 02:42:43",54
"2019-10-04 03:42:45",54
"2019-10-04 04:42:44",54
"2019-10-04 05:42:48",54
"2019-10-04 06:42:47",54
"2019-10-04 07:42:44",54
"2019-10-04 08:42:45",54
"2019-10-04 09:42:44",54
"2019-10-04 10:42:46",54
"2019-10-04 11:42:44",54
"2019-10-04 12:42:45",54
"2019-10-04 13:42:47",54
"2019-10-04 14:42:44",54
"2019-10-04 15:42:44",54
"2019-10-04 16:42:47",54
"2019-10-04 17:42:44",54
"2019-10-04 18:42:45",54
"2019-10-04 19:42:45",54
"2019-10-04 20:42:45",54
"2019-10-04 21:42:46",54
"2019-10-04 22:42:43",54
"2019-10-04 23:42:44",54
"2019-10-05 00:42:47",54
"2019-10-05 01:42:44",54
"2019-10-05 02:42:44",54
"2019-10-05 03:42:44",54
"2019-10-05 04:42:43",54
"2019-10-05 05:42:48",54
"2019-10-05 06:42:44",54
"2019-10-05 07:42:44",54
"2019-10-05 08:42:46",54
"2019-10-05 09:42:44",54
"2019-10-05 10:42:44",54
"2019-10-05 11:42:45",54
"2019-10-05 12:42:45",54
"2019-10-05 13:42:46",54
"2019-10-05 14:42:44",54
"2019-10-05 15:42:44",54
"2019-10-05 16:42:45",54
"2019-10-05 17:42:48",54
"2019-10-05 18:42:45",54
"2019-10-05 19:42:44",54
"2019-10-05 20:42:46",54
"2019-10-05 21:42:44",54
"2019-10-05 22:42:45",54
"2019-10-05 23:42:45",54
"2019-10-06 00:42:44",54
"2019-10-06 01:42:45",54
"2019-10-06 02:42:49",54
"2019-10-06 03:42:46",54
"2019-10-06 04:42:45",54
"2019-10-06 05:42:44",54
"2019-10-06 06:42:48",54
"2019-10-06 07:42:45",54
"2019-10-06 08:42:47",54
"2019-10-06 09:42:45",54
"2019-10-06 10:42:45",54
"2019-10-06 11:42:45",54
"2019-10-06 12:42:46",54
"2019-10-06 13:42:44",54
"2019-10-06 14:42:46",54
"2019-10-06 15:42:43",54
"2019-10-06 16:42:44",54
"2019-10-06 17:42:44",54
"2019-10-06 18:42:47",54
"2019-10-06 19:42:47",54
"2019-10-06 20:42:43",54
"2019-10-06 21:42:43",54
"2019-10-06 22:42:43",54
"2019-10-06 23:42:43",54
"2019-10-07 00:42:44",54
"2019-10-07 01:42:45",54
"2019-10-07 02:42:46",54
"2019-10-07 03:42:44",54
"2019-10-07 04:42:45",54
"2019-10-07 05:42:44",54
"2019-10-07 06:42:45",54
"2019-10-07 07:42:44",54
"2019-10-07 08:42:44",54
"2019-10-07 09:42:49",54
"2019-10-07 10:42:45",54
"2019-10-07 11:42:44",54
"2019-10-07 12:42:51",54
"2019-10-07 13:42:46",54
"2019-10-07 14:42:44",54
"2019-10-07 15:42:45",54
"2019-10-07 16:42:46",55
"2019-10-07 17:42:45",55
"2019-10-07 18:42:45",55
"2019-10-07 19:42:46",55
"2019-10-07 20:42:44",55
"2019-10-07 21:42:44",55
"2019-10-07 22:42:44",55
"2019-10-07 23:42:47",55
"2019-10-08 00:42:44",55
"2019-10-08 01:42:44",55
"2019-10-08 02:42:44",55
"2019-10-08 03:42:47",55
"2019-10-08 04:42:44",55
"2019-10-08 05:42:44",55
"2019-10-08 06:42:46",55
"2019-10-08 07:42:45",55
"2019-10-08 08:42:44",55
"2019-10-08 09:42:45",55
"2019-10-08 10:42:46",55
"2019-10-08 11:42:44",55
"2019-10-08 12:42:44",55
"2019-10-08 13:42:46",55
"2019-10-08 14:42:43",55
"2019-10-08 15:42:44",55
"2019-10-08 16:42:48",54
"2019-10-08 17:42:47",54
"2019-10-08 18:42:46",54
"2019-10-08 19:42:46",54
"2019-10-08 20:42:44",54
"2019-10-08 21:42:44",54
"2019-10-08 22:42:45",54
"2019-10-08 23:42:45",54
"2019-10-09 00:42:44",54
"2019-10-09 01:42:45",54
"2019-10-09 02:42:45",54
"2019-10-09 03:42:43",54
"2019-10-09 04:42:47",54
"2019-10-09 05:42:44",54
"2019-10-09 06:42:45",54
"2019-10-09 07:42:49",54
"2019-10-09 08:42:45",54
"2019-10-09 09:42:43",54
"2019-10-09 10:42:46",54
"2019-10-09 11:42:44",54
"2019-10-09 12:42:49",54
"2019-10-09 13:42:45",54
"2019-10-09 14:42:45",54
"2019-10-09 15:42:50",54
"2019-10-09 16:42:46",54
"2019-10-09 17:42:51",54
"2019-10-09 18:42:47",54
"2019-10-09 19:42:49",55
"2019-10-09 20:42:45",55
"2019-10-09 21:42:44",55
"2019-10-09 22:42:45",55
"2019-10-09 23:42:45",55
"2019-10-10 00:42:47",55
"2019-10-10 01:42:44",55
"2019-10-10 02:42:46",55
"2019-10-10 03:42:44",55
"2019-10-10 04:42:44",55
"2019-10-10 05:42:49",55
"2019-10-10 06:42:45",55
"2019-10-10 07:42:47",55
"2019-10-10 08:42:45",55
"2019-10-10 09:42:44",55
"2019-10-10 10:42:44",55
"2019-10-10 11:42:46",55
"2019-10-10 13:05:52",55
"2019-10-10 13:42:48",55
"2019-10-10 14:42:46",55
"2019-10-10 15:42:47",55
"2019-10-10 16:42:46",55
"2019-10-10 17:42:46",55
"2019-10-10 18:42:45",55
"2019-10-10 19:42:47",55
"2019-10-10 20:42:47",55
"2019-10-10 21:42:47",55
"2019-10-10 22:42:46",55
"2019-10-10 23:42:58",55
"2019-10-11 00:42:47",55
"2019-10-11 01:42:47",55
"2019-10-11 02:42:47",55
"2019-10-11 03:42:51",55
"2019-10-11 04:42:46",55
"2019-10-11 05:42:46",55
"2019-10-11 06:42:48",55
"2019-10-11 07:42:47",55
"2019-10-11 08:42:47",55
"2019-10-11 09:42:50",55
"2019-10-11 10:42:46",55
"2019-10-11 11:42:47",55
"2019-10-11 13:06:22",55
"2019-10-11 13:42:49",55
"2019-10-11 14:42:46",55
"2019-10-11 15:42:53",54
"2019-10-11 16:42:48",54
"2019-10-11 17:42:47",54
"2019-10-11 18:42:48",54
"2019-10-11 19:42:47",54
"2019-10-11 20:42:46",54
"2019-10-11 21:42:46",54
"2019-10-11 22:42:46",54
"2019-10-11 23:42:46",54
"2019-10-12 00:42:49",54
"2019-10-12 01:42:45",54
"2019-10-12 02:42:47",54
"2019-10-12 03:42:48",54
"2019-10-12 04:42:45",54
"2019-10-12 05:42:49",54
"2019-10-12 06:42:51",54
"2019-10-12 07:42:46",54
"2019-10-12 08:42:46",54
"2019-10-12 09:42:49",54
"2019-10-12 10:42:46",54
"2019-10-12 11:42:45",54
"2019-10-12 12:42:50",54
"2019-10-12 13:42:46",54
"2019-10-12 14:42:47",54
"2019-10-12 15:42:46",54
"2019-10-12 16:42:49",54
"2019-10-12 17:42:49",54
"2019-10-12 18:42:46",54
"2019-10-12 19:42:47",54
"2019-10-12 20:42:47",54
"2019-10-12 21:42:45",54
"2019-10-12 22:42:47",54
"2019-10-12 23:42:46",54
"2019-10-13 00:42:49",54
"2019-10-13 01:42:46",54
"2019-10-13 02:42:46",54
"2019-10-13 03:42:49",54
"2019-10-13 04:42:45",54
"2019-10-13 05:42:46",54
"2019-10-13 06:42:47",54
"2019-10-13 07:42:46",54
"2019-10-13 08:42:49",54
"2019-10-13 09:42:49",54
"2019-10-13 10:42:44",54
"2019-10-13 11:42:50",54
"2019-10-13 12:42:46",54
"2019-10-13 13:42:49",54
"2019-10-13 14:42:48",54
"2019-10-13 15:42:46",54
"2019-10-13 16:42:51",54
"2019-10-13 17:42:46",54
"2019-10-13 18:42:48",54
"2019-10-13 19:42:47",54
"2019-10-13 20:42:50",54
"2019-10-13 21:42:48",54
"2019-10-13 22:42:48",54
"2019-10-13 23:42:52",54
"2019-10-14 00:42:47",54
"2019-10-14 01:42:48",54
"2019-10-14 02:42:47",54
"2019-10-14 03:42:47",54
"2019-10-14 04:42:48",54
"2019-10-14 05:42:46",54
"2019-10-14 06:42:49",54
"2019-10-14 07:42:46",54
"2019-10-14 08:42:47",54
"2019-10-14 09:42:50",54
"2019-10-14 10:42:47",54
"2019-10-14 11:42:49",54
"2019-10-14 12:42:50",54
"2019-10-14 13:42:48",54
"2019-10-14 14:42:47",53
"2019-10-14 15:42:48",53
"2019-10-14 16:42:51",53
"2019-10-14 17:42:46",53
"2019-10-14 18:42:50",53
"2019-10-14 19:42:46",53
"2019-10-14 20:42:48",53
"2019-10-14 21:42:48",53
"2019-10-14 22:42:49",53
"2019-10-14 23:42:54",53
"2019-10-15 00:42:46",53
"2019-10-15 02:42:51",53
"2019-10-15 03:42:46",53
"2019-10-15 04:42:46",53
"2019-10-15 05:42:48",53
"2019-10-15 06:42:47",53
"2019-10-15 07:42:51",53
"2019-10-15 08:42:47",53
"2019-10-15 09:42:46",53
"2019-10-15 10:42:46",53
"2019-10-15 11:42:49",53
"2019-10-15 12:42:47",53
"2019-10-15 13:42:51",53
"2019-10-15 14:42:46",53
"2019-10-15 15:42:46",53
"2019-10-15 16:42:48",53
"2019-10-15 17:42:49",53
"2019-10-15 18:42:51",53
"2019-10-15 19:42:50",53
"2019-10-15 20:42:53",53
"2019-10-15 21:42:47",53
"2019-10-15 22:42:46",53
"2019-10-15 23:42:46",53
"2019-10-16 00:42:47",53
"2019-10-16 01:42:47",53
"2019-10-16 02:42:48",53
"2019-10-16 03:42:51",53
"2019-10-16 04:42:48",53
"2019-10-16 05:42:47",53
"2019-10-16 06:42:46",53
"2019-10-16 07:42:52",53
"2019-10-16 08:42:54",53
"2019-10-16 09:42:47",53
"2019-10-16 10:42:49",53
"2019-10-16 11:42:46",53
"2019-10-16 12:42:47",53
"2019-10-16 13:42:51",53
"2019-10-16 14:42:47",53
"2019-10-16 15:42:52",53
"2019-10-16 16:42:47",53
"2019-10-16 17:42:46",53
"2019-10-16 18:42:48",53
"2019-10-16 19:42:46",53
"2019-10-16 20:42:47",53
"2019-10-16 21:42:48",53
"2019-10-16 22:42:45",53
"2019-10-16 23:42:47",53
"2019-10-17 00:42:47",53
"2019-10-17 01:42:48",53
"2019-10-17 02:42:47",53
"2019-10-17 04:42:48",53
"2019-10-17 05:42:46",53
"2019-10-17 06:42:46",53
"2019-10-17 07:42:49",53
"2019-10-17 08:42:47",53
"2019-10-17 09:42:46",53
"2019-10-17 10:42:45",53
"2019-10-17 11:42:49",53
"2019-10-17 12:42:47",53
"2019-10-17 13:42:48",53
"2019-10-17 14:42:49",53
"2019-10-17 15:42:46",54
"2019-10-17 16:42:45",54
"2019-10-17 17:42:48",54
"2019-10-17 18:42:47",54
"2019-10-17 19:42:49",54
"2019-10-17 20:42:47",54
"2019-10-17 21:42:46",54
"2019-10-17 22:42:47",54
"2019-10-17 23:42:47",54
"2019-10-18 00:42:46",54
"2019-10-18 01:42:47",54
"2019-10-18 02:42:46",54
"2019-10-18 03:42:50",54
"2019-10-18 04:42:46",54
"2019-10-18 05:42:47",54
"2019-10-18 06:42:51",54
"2019-10-18 07:42:47",54
"2019-10-18 08:42:48",54
"2019-10-18 09:42:48",54
"2019-10-18 10:42:50",54
"2019-10-18 11:42:47",54
"2019-10-18 13:05:21",54
"2019-10-18 13:42:45",54
"2019-10-18 14:42:46",54
"2019-10-18 15:42:49",54
"2019-10-18 16:42:46",54
"2019-10-18 17:42:47",54
"2019-10-18 18:42:46",54
"2019-10-18 19:42:47",54
"2019-10-18 20:42:49",54
"2019-10-18 21:42:46",54
"2019-10-18 22:42:46",54
"2019-10-18 23:42:47",54
"2019-10-19 00:42:46",54
"2019-10-19 01:42:49",54
"2019-10-19 02:42:46",54
"2019-10-19 03:42:46",54
"2019-10-19 04:42:48",54
"2019-10-19 05:42:45",54
"2019-10-19 06:42:49",54
"2019-10-19 07:42:47",54
"2019-10-19 08:42:47",54
"2019-10-19 09:42:47",54
"2019-10-19 10:42:49",54
"2019-10-19 11:42:46",54
"2019-10-19 12:42:50",54
"2019-10-19 13:42:45",54
"2019-10-19 14:42:47",54
"2019-10-19 15:42:47",54
"2019-10-19 16:42:50",54
"2019-10-19 17:42:46",54
"2019-10-19 18:42:46",54
"2019-10-19 19:42:49",54
"2019-10-19 20:42:47",54
"2019-10-19 21:42:45",54
"2019-10-19 22:42:46",54
"2019-10-19 23:42:46",54
"2019-10-20 00:42:46",54
"2019-10-20 01:42:45",54
"2019-10-20 02:42:49",54
"2019-10-20 03:42:46",54
"2019-10-20 04:42:47",54
"2019-10-20 05:42:49",54
"2019-10-20 06:42:48",54
"2019-10-20 07:42:49",54
"2019-10-20 08:42:47",54
"2019-10-20 09:42:46",54
"2019-10-20 10:42:49",54
"2019-10-20 11:42:46",54
"2019-10-20 12:42:49",54
"2019-10-20 13:42:46",54
"2019-10-20 14:42:45",54
"2019-10-20 16:42:49",54
"2019-10-20 17:42:45",54
"2019-10-20 18:42:46",54
"2019-10-20 19:42:45",54
"2019-10-20 20:42:45",54
"2019-10-20 21:42:45",54
"2019-10-20 22:42:46",54
"2019-10-20 23:42:46",54
"2019-10-21 00:42:47",54
"2019-10-21 01:42:49",54
"2019-10-21 02:42:46",54
"2019-10-21 03:42:46",54
"2019-10-21 04:42:45",54
"2019-10-21 05:42:50",54
"2019-10-21 06:42:46",54
"2019-10-21 07:42:47",54
"2019-10-21 08:42:48",54
"2019-10-21 09:42:47",54
"2019-10-21 10:42:46",54
"2019-10-21 11:42:49",54
"2019-10-21 13:06:19",54
"2019-10-21 13:42:51",54
"2019-10-21 14:42:47",54
"2019-10-21 15:42:48",54
"2019-10-21 16:42:48",52
"2019-10-21 17:42:46",52
"2019-10-21 18:42:47",52
"2019-10-21 19:42:47",52
"2019-10-21 20:42:46",52
"2019-10-21 22:42:50",52
"2019-10-21 23:42:46",52
"2019-10-22 00:42:46",52
"2019-10-22 01:42:47",52
"2019-10-22 02:42:49",52
"2019-10-22 03:42:50",52
"2019-10-22 04:42:49",52
"2019-10-22 05:42:47",52
"2019-10-22 06:42:46",52
"2019-10-22 07:42:50",52
"2019-10-22 08:42:47",52
"2019-10-22 09:42:48",52
"2019-10-22 10:42:46",52
"2019-10-22 11:42:45",52
"2019-10-22 12:42:53",52
"2019-10-22 13:42:47",52
"2019-10-22 14:42:46",52
"2019-10-22 15:42:51",52
"2019-10-22 16:42:48",52
"2019-10-22 17:42:50",52
"2019-10-22 18:42:49",52
"2019-10-22 19:42:46",52
"2019-10-22 20:42:48",52
"2019-10-22 21:42:47",52
"2019-10-22 22:42:49",52
"2019-10-22 23:42:48",52
"2019-10-23 00:42:53",52
"2019-10-23 01:42:49",52
"2019-10-23 02:42:47",52
"2019-10-23 03:42:46",52
"2019-10-23 04:42:51",52
"2019-10-23 05:42:48",52
"2019-10-23 06:42:54",52
"2019-10-23 07:42:48",52
"2019-10-23 08:42:47",52
"2019-10-23 09:42:49",52
"2019-10-23 10:42:49",52
"2019-10-23 11:42:46",52
"2019-10-23 12:42:51",52
"2019-10-23 13:42:51",52
"2019-10-23 14:42:47",52
"2019-10-23 15:42:46",52
"2019-10-23 16:42:49",52
"2019-10-23 17:42:47",52
"2019-10-23 18:42:46",52
"2019-10-23 19:42:47",52
"2019-10-23 20:42:49",52
"2019-10-23 21:42:46",52
"2019-10-23 22:42:47",52
"2019-10-23 23:42:47",52
"2019-10-24 00:48:45",52
"2019-10-24 01:42:48",52
"2019-10-24 02:42:48",52
"2019-10-24 03:42:51",52
"2019-10-24 04:42:47",52
"2019-10-24 05:42:50",52
"2019-10-24 06:42:53",52
"2019-10-24 07:42:47",52
"2019-10-24 08:42:47",52
"2019-10-24 09:42:51",52
"2019-10-24 10:42:46",52
"2019-10-24 11:42:46",52
"2019-10-24 13:06:22",52
"2019-10-24 13:42:47",52
"2019-10-24 14:42:46",52
"2019-10-24 15:42:50",52
"2019-10-24 16:42:47",53
"2019-10-24 17:42:47",53
"2019-10-24 18:42:47",53
"2019-10-24 19:42:50",53
"2019-10-24 20:42:46",53
"2019-10-24 21:42:47",53
"2019-10-24 22:42:47",53
"2019-10-24 23:42:48",53
"2019-10-25 00:42:47",53
"2019-10-25 01:42:47",53
"2019-10-25 02:42:50",53
"2019-10-25 03:42:47",53
"2019-10-25 04:42:45",53
"2019-10-25 05:42:49",53
"2019-10-25 06:42:48",53
"2019-10-25 07:42:49",53
"2019-10-25 08:42:50",53
"2019-10-25 09:42:46",53
"2019-10-25 10:42:46",53
"2019-10-25 11:42:52",53
"2019-10-25 13:06:20",53
"2019-10-25 13:42:49",53
"2019-10-25 14:42:52",53
"2019-10-25 15:42:47",53
"2019-10-25 16:42:52",53
"2019-10-25 17:42:47",53
"2019-10-25 18:42:47",53
"2019-10-25 19:42:46",53
"2019-10-25 20:42:46",53
"2019-10-25 21:42:46",53
"2019-10-25 22:42:47",53
"2019-10-25 23:42:47",53
"2019-10-26 00:42:48",53
"2019-10-26 01:42:50",53
"2019-10-26 02:42:47",53
"2019-10-26 03:42:48",53
"2019-10-26 04:42:50",53
"2019-10-26 05:42:47",53
"2019-10-26 06:42:45",53
"2019-10-26 07:42:50",53
"2019-10-26 08:42:47",53
"2019-10-26 09:42:46",53
"2019-10-26 10:42:46",53
"2019-10-26 11:42:49",53
"2019-10-26 12:42:47",53
"2019-10-26 13:42:48",53
"2019-10-26 14:42:49",53
"2019-10-26 15:42:50",53
"2019-10-26 16:42:48",53
"2019-10-26 17:42:48",53
"2019-10-26 18:42:50",53
"2019-10-26 19:42:48",53
"2019-10-26 20:42:48",53
"2019-10-26 21:42:49",53
"2019-10-26 22:42:48",53
"2019-10-26 23:42:48",53
"2019-10-27 00:42:49",53
"2019-10-27 01:42:47",53
"2019-10-27 02:42:49",53
"2019-10-27 03:42:49",53
"2019-10-27 04:42:47",53
"2019-10-27 05:42:51",53
"2019-10-27 06:42:48",53
"2019-10-27 07:42:46",53
"2019-10-27 08:42:47",53
"2019-10-27 09:42:46",53
"2019-10-27 10:42:45",53
"2019-10-27 11:42:46",53
"2019-10-27 12:42:49",53
"2019-10-27 13:42:47",53
"2019-10-27 14:42:46",53
"2019-10-27 15:42:52",53
"2019-10-27 16:42:46",53
"2019-10-27 17:42:47",53
"2019-10-27 18:42:49",53
"2019-10-27 19:42:49",53
"2019-10-27 20:42:51",53
"2019-10-27 21:42:46",53
"2019-10-27 22:42:46",53
"2019-10-27 23:42:46",53
"2019-10-28 00:42:46",53
"2019-10-28 01:42:48",53
"2019-10-28 02:42:46",53
"2019-10-28 03:42:50",53
"2019-10-28 04:42:46",53
"2019-10-28 05:42:46",53
"2019-10-28 06:42:48",53
"2019-10-28 07:42:48",53
"2019-10-28 08:42:47",53
"2019-10-28 09:42:46",53
"2019-10-28 10:42:49",53
"2019-10-28 11:42:45",53
"2019-10-28 12:42:52",53
"2019-10-28 14:42:50",53
"2019-10-28 15:42:56",53
"2019-10-28 16:42:54",53
"2019-10-28 17:42:51",53
"2019-10-28 18:42:51",53
"2019-10-28 19:42:51",53
"2019-10-28 23:42:49",53
"2019-10-29 00:42:49",53
"2019-10-29 01:42:52",53
"2019-10-29 02:42:49",53
"2019-10-29 03:42:52",53
"2019-10-29 04:42:48",53
"2019-10-29 05:42:51",53
"2019-10-29 06:42:51",53
"2019-10-29 07:42:49",53
"2019-10-29 08:42:49",53
"2019-10-29 09:42:47",53
"2019-10-29 10:42:51",53
"2019-10-29 11:42:48",53
"2019-10-29 12:42:48",53
"2019-10-29 13:42:55",53
"2019-10-29 14:42:49",53
"2019-10-29 15:42:50",53
"2019-10-29 16:42:51",53
"2019-10-29 17:42:47",53
"2019-10-29 18:42:50",53
"2019-10-29 19:42:51",53
"2019-10-29 20:42:48",53
"2019-10-29 21:42:50",53
"2019-10-29 22:42:49",53
"2019-10-29 23:42:49",53
"2019-10-30 00:42:54",53
"2019-10-30 01:42:49",53
"2019-10-30 02:42:48",53
"2019-10-30 03:42:49",53
"2019-10-30 04:42:52",53
"2019-10-30 05:42:53",53
"2019-10-30 06:42:49",53
"2019-10-30 07:42:56",53
"2019-10-30 08:42:49",53
"2019-10-30 09:42:50",53
"2019-10-30 10:42:51",53
"2019-10-30 11:42:47",53
"2019-10-30 13:42:50",53
"2019-10-30 14:42:47",53
"2019-10-30 15:42:47",53
"2019-10-30 16:42:49",53
"2019-10-30 17:42:49",53
"2019-10-30 18:42:48",53
"2019-10-30 19:42:48",53
"2019-10-30 20:42:48",53
"2019-10-30 21:42:48",53
"2019-10-30 22:42:47",53
"2019-10-30 23:42:48",53
"2019-10-31 00:42:48",53
"2019-10-31 01:42:49",53
"2019-10-31 02:42:47",53
"2019-10-31 03:42:50",53
"2019-10-31 04:42:48",53
"2019-10-31 05:42:48",53
"2019-10-31 06:42:51",53
"2019-10-31 07:42:49",53
"2019-10-31 08:42:49",53
"2019-10-31 09:42:51",53
"2019-10-31 10:42:48",53
"2019-10-31 11:42:49",53
"2019-10-31 13:07:53",53
"2019-10-31 13:42:50",53
"2019-10-31 14:42:49",53
"2019-10-31 15:42:51",53
"2019-10-31 16:42:50",53
"2019-10-31 17:42:49",53
"2019-10-31 18:42:48",53
"2019-10-31 19:42:48",54
"2019-10-31 20:42:50",54
"2019-10-31 22:05:52",54
"2019-10-31 22:42:53",54
"2019-10-31 23:42:48",54
"2019-11-01 00:42:48",54
"2019-11-01 01:42:48",54
"2019-11-01 02:42:48",54
"2019-11-01 03:42:50",54
"2019-11-01 04:42:48",54
"2019-11-01 05:42:52",54
"2019-11-01 06:42:47",54
"2019-11-01 07:42:53",54
"2019-11-01 08:42:49",54
"2019-11-01 09:42:50",54
"2019-11-01 10:42:50",54
"2019-11-01 11:42:53",54
"2019-11-01 13:38:57",53
"2019-11-01 13:48:16",53
"2019-11-01 14:42:49",53
"2019-11-01 15:42:48",54
"2019-11-01 16:42:53",55
"2019-11-01 17:42:51",55
"2019-11-01 18:42:54",55
"2019-11-01 19:42:49",55
"2019-11-01 20:42:49",55
"2019-11-01 21:42:48",55
"2019-11-01 22:42:49",55
"2019-11-01 23:42:49",55
"2019-11-02 00:42:51",55
"2019-11-02 01:42:49",55
"2019-11-02 02:42:49",55
"2019-11-02 03:42:53",55
"2019-11-02 04:42:49",55
"2019-11-02 05:42:49",55
"2019-11-02 06:42:51",55
"2019-11-02 07:42:49",55
"2019-11-02 08:42:49",55
"2019-11-02 09:42:48",55
"2019-11-02 10:42:52",55
"2019-11-02 11:42:49",55
"2019-11-02 12:42:52",55
"2019-11-02 13:42:50",55
"2019-11-02 14:42:50",55
"2019-11-02 15:42:52",55
"2019-11-02 16:42:49",55
"2019-11-02 17:42:50",55
"2019-11-02 18:42:50",55
"2019-11-02 19:42:49",55
"2019-11-02 20:42:49",55
"2019-11-02 23:42:50",55
"2019-11-03 00:42:48",55
"2019-11-03 01:42:49",55
"2019-11-03 03:42:50",55
"2019-11-03 05:42:51",55
"2019-11-03 06:42:49",55
"2019-11-03 07:42:50",55
"2019-11-03 21:42:51",55
"2019-11-03 22:42:48",55
"2019-11-03 23:42:52",55
"2019-11-04 00:42:48",55
"2019-11-04 01:42:49",55
"2019-11-04 02:42:48",55
"2019-11-04 03:42:48",55
"2019-11-04 04:42:48",55
"2019-11-04 05:42:52",55
"2019-11-04 06:42:49",55
"2019-11-04 07:42:47",55
"2019-11-04 08:42:48",55
"2019-11-04 09:42:50",55
"2019-11-04 10:42:48",55
"2019-11-04 11:42:48",55
"2019-11-04 12:42:48",55
"2019-11-04 14:08:22",55
"2019-11-04 15:42:48",56
"2019-11-04 16:42:49",56
"2019-11-04 17:42:50",56
"2019-11-04 18:42:49",56
"2019-11-04 19:42:51",56
"2019-11-04 20:42:49",56
"2019-11-04 21:42:49",56
"2019-11-04 22:42:49",56
"2019-11-04 23:42:49",56
"2019-11-05 00:42:49",56
"2019-11-05 01:42:49",56
"2019-11-05 02:42:52",56
"2019-11-05 03:42:50",56
"2019-11-05 04:42:48",56
"2019-11-05 05:42:51",56
"2019-11-05 06:42:50",56
"2019-11-05 07:42:49",56
"2019-11-05 08:42:50",56
"2019-11-05 09:42:51",56
"2019-11-05 10:42:49",56
"2019-11-05 11:42:49",56
"2019-11-05 12:42:49",56
"2019-11-05 14:08:22",56
"2019-11-05 14:42:52",56
"2019-11-05 15:42:49",56
"2019-11-05 16:42:50",56
"2019-11-05 17:42:49",56
"2019-11-05 18:42:49",56
"2019-11-05 19:42:51",55
"2019-11-05 20:42:51",55
"2019-11-05 21:42:49",56
"2019-11-05 22:42:49",56
"2019-11-05 23:42:49",56
"2019-11-06 00:42:49",56
"2019-11-06 01:42:50",56
"2019-11-06 02:42:50",56
"2019-11-06 03:42:50",56
"2019-11-06 04:42:53",56
"2019-11-06 05:42:50",56
"2019-11-06 06:42:53",56
"2019-11-06 07:42:48",56
"2019-11-06 08:42:49",56
"2019-11-06 09:42:51",56
"2019-11-06 10:42:51",56
"2019-11-06 11:42:49",56
"2019-11-06 12:42:48",56
"2019-11-06 13:42:49",56
"2019-11-06 14:42:53",56
"2019-11-06 15:42:50",56
"2019-11-06 16:42:51",56
"2019-11-06 17:42:51",56
"2019-11-06 18:42:51",56
"2019-11-06 19:42:50",56
"2019-11-06 20:42:51",56
"2019-11-06 21:42:51",56
"2019-11-06 22:42:50",56
"2019-11-06 23:42:50",56
"2019-11-07 00:42:50",56
"2019-11-07 01:42:50",56
"2019-11-07 02:42:51",56
"2019-11-07 03:42:50",56
"2019-11-07 04:42:52",56
"2019-11-07 05:42:51",56
"2019-11-07 06:42:49",56
"2019-11-07 07:42:51",56
"2019-11-07 08:42:50",56
"2019-11-07 09:42:51",56
"2019-11-07 10:42:48",56
"2019-11-07 11:42:49",56
"2019-11-07 12:42:49",56
"2019-11-07 14:06:52",56
"2019-11-07 14:43:22",56
"2019-11-07 15:42:52",55
"2019-11-07 16:42:51",55
"2019-11-07 17:42:51",55
"2019-11-07 18:42:51",54
"2019-11-07 19:42:52",53
"2019-11-07 21:07:24",54
"2019-11-07 21:42:54",54
"2019-11-07 22:42:56",54
"2019-11-07 23:42:56",54
"2019-11-08 00:42:57",54
"2019-11-08 01:42:56",54
"2019-11-08 02:42:58",54
"2019-11-08 03:42:56",54
"2019-11-08 04:42:55",54
"2019-11-08 05:42:57",54
"2019-11-08 06:42:54",54
"2019-11-08 07:42:55",54
"2019-11-08 08:42:58",54
"2019-11-08 09:42:56",54
"2019-11-08 10:42:55",54
"2019-11-08 11:42:53",54
"2019-11-08 12:42:54",54
"2019-11-08 14:08:29",54
"2019-11-08 14:43:30",54
"2019-11-08 15:42:55",54
"2019-11-08 16:42:55",54
"2019-11-08 17:42:56",54
"2019-11-08 18:42:55",54
"2019-11-08 19:42:57",54
"2019-11-08 20:42:55",54
"2019-11-08 21:42:56",54
"2019-11-08 22:42:55",54
"2019-11-08 23:42:56",54
"2019-11-09 00:42:56",54
"2019-11-09 01:42:56",54
"2019-11-09 02:42:56",54
"2019-11-09 03:42:55",54
"2019-11-09 04:42:57",54
"2019-11-09 05:42:54",54
"2019-11-09 06:42:56",54
"2019-11-09 07:42:56",54
"2019-11-09 08:42:57",54
"2019-11-09 09:42:55",54
"2019-11-09 10:42:54",54
"2019-11-09 11:42:58",54
"2019-11-09 12:42:55",54
"2019-11-09 13:42:54",54
"2019-11-09 14:42:56",54
"2019-11-09 15:42:57",54
"2019-11-09 16:42:56",54
"2019-11-09 17:42:56",54
"2019-11-09 18:42:54",54
"2019-11-09 19:42:56",54
"2019-11-09 20:42:57",54
"2019-11-09 21:42:55",54
"2019-11-09 22:42:57",54
"2019-11-09 23:42:55",54
"2019-11-10 00:42:54",54
"2019-11-10 01:42:56",54
"2019-11-10 02:42:57",54
"2019-11-10 03:42:54",54
"2019-11-10 04:42:55",54
"2019-11-10 05:42:55",54
"2019-11-10 06:42:54",54
"2019-11-10 07:42:53",54
"2019-11-10 08:42:57",54
"2019-11-10 09:42:57",54
"2019-11-10 10:42:54",54
"2019-11-10 11:42:54",54
"2019-11-10 12:42:55",54
"2019-11-10 13:42:54",54
"2019-11-10 14:42:54",54
"2019-11-10 15:42:57",54
"2019-11-10 16:42:55",54
"2019-11-10 17:42:55",54
"2019-11-10 18:42:57",54
"2019-11-10 19:42:54",54
"2019-11-10 20:42:55",54
"2019-11-10 21:42:53",54
"2019-11-10 22:42:56",54
"2019-11-10 23:42:57",54
"2019-11-11 00:42:56",54
"2019-11-11 01:42:57",54
"2019-11-11 02:42:56",54
"2019-11-11 03:42:56",54
"2019-11-11 04:42:55",54
"2019-11-11 05:42:57",54
"2019-11-11 06:42:55",54
"2019-11-11 07:42:56",54
"2019-11-11 08:42:59",54
"2019-11-11 09:42:57",54
"2019-11-11 10:42:57",54
"2019-11-11 11:42:55",54
"2019-11-11 12:42:57",54
"2019-11-11 13:42:56",54
"2019-11-11 14:42:58",54
"2019-11-11 15:43:00",54
"2019-11-11 16:42:56",54
"2019-11-11 17:42:58",54
"2019-11-11 18:42:59",54
"2019-11-11 19:42:57",54
"2019-11-11 21:42:56",54
"2019-11-11 22:42:55",54
"2019-11-11 23:42:55",54
"2019-11-12 00:42:53",54
"2019-11-12 01:42:54",54
"2019-11-12 02:42:58",54
"2019-11-12 03:42:56",54
"2019-11-12 04:42:54",54
"2019-11-12 05:42:56",54
"2019-11-12 06:42:54",54
"2019-11-12 07:42:57",54
"2019-11-12 08:42:54",54
"2019-11-12 09:42:55",54
"2019-11-12 10:42:53",54
"2019-11-12 11:42:57",54
"2019-11-12 12:42:59",54
"2019-11-12 14:06:58",54
"2019-11-12 14:42:58",54
"2019-11-12 15:42:54",54
"2019-11-12 16:42:56",54
"2019-11-12 17:42:56",54
"2019-11-12 18:42:59",54
"2019-11-12 19:42:54",54
"2019-11-12 20:42:54",54
"2019-11-12 21:42:55",54
"2019-11-12 22:42:57",54
"2019-11-12 23:42:55",54
"2019-11-13 00:42:59",54
"2019-11-13 01:42:55",54
"2019-11-13 02:42:56",54
"2019-11-13 03:42:58",54
"2019-11-13 04:42:56",54
"2019-11-13 05:43:01",54
"2019-11-13 06:42:55",54
"2019-11-13 07:43:00",54
"2019-11-13 08:42:57",54
"2019-11-13 09:42:56",54
"2019-11-13 10:42:55",54
"2019-11-13 11:42:59",54
"2019-11-13 12:42:54",54
"2019-11-13 13:42:55",54
"2019-11-13 15:42:59",54
"2019-11-13 16:42:55",53
"2019-11-13 17:42:57",53
"2019-11-13 18:42:59",53
"2019-11-13 19:42:55",53
"2019-11-13 20:42:55",53
"2019-11-13 21:42:54",53
"2019-11-13 22:42:56",53
"2019-11-13 23:42:56",53
"2019-11-14 00:42:56",53
"2019-11-14 01:42:54",53
"2019-11-14 02:42:59",53
"2019-11-14 03:42:54",53
"2019-11-14 04:42:55",53
"2019-11-14 05:42:59",53
"2019-11-14 06:42:54",53
"2019-11-14 07:42:59",53
"2019-11-14 08:42:57",53
"2019-11-14 09:42:58",53
"2019-11-14 10:42:56",53
"2019-11-14 11:42:59",53
"2019-11-14 12:42:54",53
"2019-11-14 14:06:32",53
"2019-11-14 14:42:57",53
"2019-11-14 15:42:56",53
"2019-11-14 17:42:56",53
"2019-11-14 18:42:54",53
"2019-11-14 19:42:55",53
"2019-11-14 20:42:56",53
"2019-11-14 21:42:59",53
"2019-11-14 22:42:54",53
"2019-11-14 23:42:55",53
"2019-11-15 00:42:56",53
"2019-11-15 01:42:55",53
"2019-11-15 02:42:54",53
"2019-11-15 03:42:56",53
"2019-11-15 04:42:56",53
"2019-11-15 05:42:56",53
"2019-11-15 06:42:57",53
"2019-11-15 07:42:54",53
"2019-11-15 08:43:02",53
"2019-11-15 09:42:54",53
"2019-11-15 10:42:55",53
"2019-11-15 11:42:54",53
"2019-11-15 12:42:58",53
"2019-11-15 14:09:28",53
"2019-11-15 15:42:59",53
"2019-11-15 16:42:54",53
"2019-11-15 17:42:56",53
"2019-11-15 18:43:01",53
"2019-11-15 19:42:57",53
"2019-11-15 20:42:57",53
"2019-11-15 21:42:54",53
"2019-11-15 22:42:56",53
"2019-11-15 23:42:56",53
"2019-11-16 00:42:57",53
"2019-11-16 01:42:55",53
"2019-11-16 02:42:56",53
"2019-11-16 03:42:55",53
"2019-11-16 04:42:57",53
"2019-11-16 05:42:55",53
"2019-11-16 06:42:56",53
"2019-11-16 07:42:55",53
"2019-11-16 08:42:56",53
"2019-11-16 09:42:57",53
"2019-11-16 10:42:54",53
"2019-11-16 11:42:54",53
"2019-11-16 12:42:57",53
"2019-11-16 13:42:57",53
"2019-11-16 14:42:57",53
"2019-11-16 15:42:55",53
"2019-11-16 16:42:55",53
"2019-11-16 17:42:57",53
"2019-11-16 18:42:54",53
"2019-11-16 19:42:54",53
"2019-11-16 20:42:53",53
"2019-11-16 21:42:54",53
"2019-11-16 22:42:54",53
"2019-11-16 23:42:53",53
"2019-11-17 00:42:54",53
"2019-11-17 01:42:53",53
"2019-11-17 02:42:56",53
"2019-11-17 03:42:53",53
"2019-11-17 04:42:55",53
"2019-11-17 05:42:55",53
"2019-11-17 06:42:57",53
"2019-11-17 07:42:56",53
"2019-11-17 08:42:54",53
"2019-11-17 10:42:58",53
"2019-11-17 11:42:58",53
"2019-11-17 12:42:55",53
"2019-11-17 13:42:56",53
"2019-11-17 14:42:54",53
"2019-11-17 15:42:53",53
"2019-11-17 16:42:56",53
"2019-11-17 17:42:53",53
"2019-11-17 18:42:53",53
"2019-11-17 19:42:54",53
"2019-11-17 20:42:56",53
"2019-11-17 21:42:57",53
"2019-11-17 22:42:55",53
"2019-11-17 23:42:57",53
"2019-11-18 00:42:53",53
"2019-11-18 01:42:53",53
"2019-11-18 02:42:55",53
"2019-11-18 03:42:54",53
"2019-11-18 04:42:53",53
"2019-11-18 05:42:56",53
"2019-11-18 06:42:52",53
"2019-11-18 07:42:54",53
"2019-11-18 08:42:58",53
"2019-11-18 09:42:58",53
"2019-11-18 10:42:56",53
"2019-11-18 11:42:53",53
"2019-11-18 12:42:56",53
"2019-11-18 14:07:59",53
"2019-11-18 14:42:54",53
"2019-11-18 15:42:59",53
"2019-11-18 16:42:56",53
"2019-11-18 17:42:58",53
"2019-11-18 18:42:58",53
"2019-11-18 19:42:55",53
"2019-11-18 20:42:57",54
"2019-11-18 21:42:56",54
"2019-11-18 22:42:53",54
"2019-11-18 23:42:56",54
"2019-11-19 00:42:55",54
"2019-11-19 01:42:55",54
"2019-11-19 02:42:55",54
"2019-11-19 03:42:55",54
"2019-11-19 04:42:57",54
"2019-11-19 05:42:53",54
"2019-11-19 06:42:56",54
"2019-11-19 07:42:54",54
"2019-11-19 08:42:55",54
"2019-11-19 09:42:57",54
"2019-11-19 10:42:55",54
"2019-11-19 11:42:54",54
"2019-11-19 12:42:55",54
"2019-11-19 14:08:01",54
"2019-11-19 14:42:57",54
"2019-11-19 15:42:58",54
"2019-11-19 16:42:56",54
"2019-11-19 17:42:57",54
"2019-11-19 18:42:55",54
"2019-11-19 19:42:57",54
"2019-11-19 20:42:57",54
"2019-11-19 21:43:00",54
"2019-11-19 22:42:57",54
"2019-11-19 23:42:57",54
"2019-11-20 00:42:57",54
"2019-11-20 01:42:57",54
"2019-11-20 02:42:58",54
"2019-11-20 03:42:58",54
"2019-11-20 04:42:56",54
"2019-11-20 05:42:56",54
"2019-11-20 06:42:56",54
"2019-11-20 07:42:57",54
"2019-11-20 08:42:58",54
"2019-11-20 09:43:02",54
"2019-11-20 10:43:02",54
"2019-11-20 11:43:01",54
"2019-11-20 12:42:59",54
"2019-11-20 14:07:33",54
"2019-11-20 14:43:02",54
"2019-11-20 15:42:59",54
"2019-11-20 16:43:00",54
"2019-11-20 22:42:59",54
"2019-11-20 23:42:55",54
"2019-11-21 00:42:55",54
"2019-11-21 01:42:55",54
"2019-11-21 02:42:58",54
"2019-11-21 03:42:56",54
"2019-11-21 04:42:55",54
"2019-11-21 05:42:57",54
"2019-11-21 06:42:59",54
"2019-11-21 07:42:54",54
"2019-11-21 08:42:55",54
"2019-11-21 09:42:57",54
"2019-11-21 10:42:57",54
"2019-11-21 11:42:55",54
"2019-11-21 12:42:56",54
"2019-11-21 14:06:59",54
"2019-11-21 14:43:00",54
"2019-11-21 15:42:55",54
"2019-11-21 16:42:56",54
"2019-11-21 17:42:58",54
"2019-11-21 18:42:54",54
"2019-11-21 19:42:54",54
"2019-11-21 20:42:55",54
"2019-11-21 21:42:55",54
"2019-11-21 22:42:56",54
"2019-11-21 23:42:55",54
"2019-11-22 00:42:55",54
"2019-11-22 01:42:58",54
"2019-11-22 02:42:55",54
"2019-11-22 03:42:54",54
"2019-11-22 04:42:54",54
"2019-11-22 05:42:59",54
"2019-11-22 06:42:56",54
"2019-11-22 07:42:58",54
"2019-11-22 08:42:59",54
"2019-11-22 09:42:58",54
"2019-11-22 10:42:59",54
"2019-11-22 11:42:56",54
"2019-11-22 12:42:55",54
"2019-11-22 13:42:54",54
"2019-11-22 14:42:57",54
"2019-11-22 15:42:53",54
"2019-11-22 16:42:54",54
"2019-11-22 17:42:59",54
"2019-11-22 18:42:57",54
"2019-11-22 19:42:54",54
"2019-11-22 20:42:55",54
"2019-11-22 21:42:54",54
"2019-11-22 22:42:53",54
"2019-11-22 23:42:56",54
"2019-11-23 00:43:01",54
"2019-11-23 01:42:54",54
"2019-11-23 02:42:54",54
"2019-11-23 03:42:54",54
"2019-11-23 04:42:58",54
"2019-11-23 05:42:54",54
"2019-11-23 06:42:55",54
"2019-11-23 07:42:56",54
"2019-11-23 08:42:55",54
"2019-11-23 09:42:57",54
"2019-11-23 10:42:57",54
"2019-11-23 11:42:54",54
"2019-11-23 12:42:54",54
"2019-11-23 13:42:54",54
"2019-11-23 14:42:54",54
"2019-11-23 15:42:54",54
"2019-11-23 16:42:54",54
"2019-11-23 17:42:55",54
"2019-11-23 18:42:54",54
"2019-11-23 19:42:56",54
"2019-11-23 20:42:52",54
"2019-11-23 21:42:55",54
"2019-11-23 22:42:52",54
"2019-11-23 23:42:53",54
"2019-11-24 00:42:55",54
"2019-11-24 01:42:53",54
"2019-11-24 02:42:53",54
"2019-11-24 03:42:54",54
"2019-11-24 04:42:52",54
"2019-11-24 05:42:53",54
"2019-11-24 06:42:54",54
"2019-11-24 07:42:52",54
"2019-11-24 08:42:54",54
"2019-11-24 09:42:56",54
"2019-11-24 10:42:57",54
"2019-11-24 11:42:54",54
"2019-11-24 12:42:52",54
"2019-11-24 13:42:52",54
"2019-11-24 14:42:53",54
"2019-11-24 15:42:55",54
"2019-11-24 16:42:54",54
"2019-11-24 17:42:53",54
"2019-11-24 18:42:55",54
"2019-11-24 19:42:53",54
"2019-11-24 20:42:56",54
"2019-11-24 21:42:53",54
"2019-11-24 22:42:57",54
"2019-11-24 23:42:54",54
"2019-11-25 00:42:54",54
"2019-11-25 01:42:57",54
"2019-11-25 02:42:55",54
"2019-11-25 04:42:52",54
"2019-11-25 05:42:54",54
"2019-11-25 06:42:54",54
"2019-11-25 07:42:55",54
"2019-11-25 08:42:59",54
"2019-11-25 09:42:59",54
"2019-11-25 10:42:59",54
"2019-11-25 11:42:57",54
"2019-11-25 12:42:58",54
"2019-11-25 13:42:54",54
"2019-11-25 14:42:55",54
"2019-11-25 15:42:57",54
"2019-11-25 16:42:55",54
"2019-11-25 17:42:55",54
"2019-11-25 18:42:53",54
"2019-11-25 19:42:56",54
"2019-11-25 20:42:55",54
"2019-11-25 21:42:53",54
"2019-11-25 22:42:59",54
"2019-11-25 23:42:55",54
"2019-11-26 00:42:56",54
"2019-11-26 01:42:55",54
"2019-11-26 02:42:56",54
"2019-11-26 03:42:56",54
"2019-11-26 04:42:55",54
"2019-11-26 05:42:59",54
"2019-11-26 06:43:01",54
"2019-11-26 07:42:56",54
"2019-11-26 08:42:56",54
"2019-11-26 09:43:01",54
"2019-11-26 20:42:59",54
"2019-11-26 21:42:56",54
"2019-11-26 22:42:59",54
"2019-11-26 23:42:56",54
"2019-11-27 00:42:59",54
"2019-11-27 01:42:55",54
"2019-11-27 02:42:55",54
"2019-11-27 03:42:56",54
"2019-11-27 04:42:54",54
"2019-11-27 05:42:56",54
"2019-11-27 06:42:56",54
"2019-11-27 07:42:56",54
"2019-11-27 08:43:01",54
"2019-11-27 09:43:01",54
"2019-11-27 10:42:55",54
"2019-11-27 11:42:52",54
"2019-11-27 12:43:01",54
"2019-11-27 13:42:55",54
"2019-11-27 14:42:57",54
"2019-11-27 15:43:00",54
"2019-11-27 16:42:56",54
"2019-11-27 17:42:55",54
"2019-11-27 18:42:57",54
"2019-11-27 19:42:57",54
"2019-11-27 20:42:55",54
"2019-11-27 21:42:55",54
"2019-11-27 22:42:56",54
"2019-11-27 23:42:55",54
"2019-11-28 00:42:56",54
"2019-11-28 01:42:56",54
"2019-11-28 02:43:00",54
"2019-11-28 03:42:58",54
"2019-11-28 04:42:57",54
"2019-11-28 05:42:55",54
"2019-11-28 06:42:56",54
"2019-11-28 07:42:58",54
"2019-11-28 08:42:56",54
"2019-11-28 09:43:01",54
"2019-11-28 10:42:58",54
"2019-11-28 11:42:56",54
"2019-11-28 12:42:54",54
"2019-11-28 13:42:54",54
"2019-11-28 14:42:55",54
"2019-11-28 15:42:56",54
"2019-11-28 16:42:55",54
"2019-11-28 17:42:57",54
"2019-11-28 18:42:56",54
"2019-11-28 19:42:55",54
"2019-11-28 20:42:54",54
"2019-11-28 21:42:56",54
"2019-11-28 22:42:54",54
"2019-11-28 23:42:56",54
"2019-11-29 00:42:56",54
"2019-11-29 01:42:55",54
"2019-11-29 02:42:55",54
"2019-11-29 03:42:54",54
"2019-11-29 04:42:57",54
"2019-11-29 05:42:57",54
"2019-11-29 06:42:55",54
"2019-11-29 07:42:57",54
"2019-11-29 08:43:03",54
"2019-11-29 09:43:06",54
"2019-11-29 10:43:12",54
"2019-11-29 11:42:59",54
"2019-11-29 12:42:58",54
"2019-11-29 13:43:03",54
"2019-11-29 14:43:03",54
"2019-11-29 15:43:00",54
"2019-11-29 16:43:04",54
"2019-11-29 17:43:03",54
"2019-11-29 18:43:01",54
"2019-11-29 20:43:00",54
"2019-11-29 21:42:55",54
"2019-11-29 22:43:01",54
"2019-11-29 23:42:59",54
"2019-11-30 00:42:57",54
"2019-11-30 01:42:56",54
"2019-11-30 02:42:58",54
"2019-11-30 03:42:58",54
"2019-11-30 04:42:57",54
"2019-11-30 05:43:00",54
"2019-11-30 06:42:59",54
"2019-11-30 07:42:59",54
"2019-11-30 08:42:58",54
"2019-11-30 21:43:14",54
"2019-11-30 22:43:02",54
"2019-11-30 23:42:59",54
"2019-12-01 00:42:58",54
"2019-12-01 01:42:55",54
"2019-12-01 02:43:01",54
"2019-12-01 22:43:04",54
"2019-12-01 23:42:56",54
"2019-12-02 00:42:54",54
"2019-12-02 01:42:59",54
"2019-12-02 02:42:57",54
"2019-12-02 06:15:41",54
"2019-12-02 06:44:18",54
"2019-12-02 07:44:26",54
"2019-12-02 08:44:17",54
"2019-12-02 09:44:17",54
"2019-12-02 10:44:17",54
"2019-12-02 11:44:18",54
"2019-12-02 12:44:14",54
"2019-12-02 14:07:35",54
"2019-12-02 14:44:21",54
"2019-12-02 15:44:23",54
"2019-12-02 16:44:19",54
"2019-12-02 17:44:30",54
"2019-12-02 18:44:30",54
"2019-12-02 19:44:33",55
"2019-12-02 20:44:27",55
"2019-12-02 21:44:29",55
"2019-12-02 22:44:35",55
"2019-12-02 23:44:31",55
"2019-12-03 00:44:26",55
"2019-12-03 01:44:29",55
"2019-12-03 02:44:31",55
"2019-12-03 03:44:29",55
"2019-12-03 04:44:29",55
"2019-12-03 05:44:30",55
"2019-12-03 06:44:18",55
"2019-12-03 07:44:18",55
"2019-12-03 08:44:17",55
"2019-12-03 09:44:26",55
"2019-12-03 10:44:30",55
"2019-12-03 11:44:26",55
"2019-12-03 12:44:15",55
"2019-12-03 13:44:14",55
"2019-12-03 14:44:29",55
"2019-12-03 15:44:16",55
"2019-12-03 16:44:30",55
"2019-12-03 17:44:27",55
"2019-12-03 18:44:27",54
"2019-12-03 19:44:27",54
"2019-12-03 20:44:27",54
"2019-12-03 21:44:42",54
"2019-12-03 22:44:29",54
"2019-12-03 23:44:31",54
"2019-12-04 00:44:47",54
"2019-12-04 01:44:52",54
"2019-12-04 02:44:47",54
"2019-12-04 03:44:34",54
"2019-12-04 04:44:32",54
"2019-12-04 05:44:33",54
"2019-12-04 06:44:32",54
"2019-12-04 07:44:33",54
"2019-12-04 08:44:22",54
"2019-12-04 09:44:21",54
"2019-12-04 10:44:20",54
"2019-12-04 11:44:23",54
"2019-12-04 12:44:21",54
"2019-12-04 14:07:06",54
"2019-12-04 14:44:39",54
"2019-12-04 15:44:38",54
"2019-12-04 16:44:33",54
"2019-12-04 17:44:33",54
"2019-12-04 18:44:34",54
"2019-12-04 19:44:34",53
"2019-12-04 20:44:32",53
"2019-12-04 21:44:29",53
"2019-12-04 22:44:29",53
"2019-12-04 23:44:30",53
"2019-12-05 00:44:32",53
"2019-12-05 01:44:33",53
"2019-12-05 02:44:31",53
"2019-12-05 03:44:31",53
"2019-12-05 04:44:32",53
"2019-12-05 05:44:29",53
"2019-12-05 06:44:33",53
"2019-12-05 07:44:20",53
"2019-12-05 08:44:31",53
"2019-12-05 09:44:17",53
"2019-12-05 10:44:17",53
"2019-12-05 11:44:18",53
"2019-12-05 12:44:17",53
"2019-12-05 13:44:31",53
"2019-12-05 14:44:33",53
"2019-12-05 15:44:32",53
"2019-12-05 16:44:30",53
"2019-12-05 17:44:31",53
"2019-12-05 18:44:31",53
"2019-12-05 20:07:37",53
"2019-12-05 20:44:42",53
"2019-12-05 21:44:29",53
"2019-12-05 22:44:31",53
"2019-12-05 23:44:22",53
"2019-12-06 00:44:30",53
"2019-12-06 01:44:29",53
"2019-12-06 02:44:33",53
"2019-12-06 03:44:31",53
"2019-12-06 04:44:29",53
"2019-12-06 05:44:38",53
"2019-12-06 06:44:30",53
"2019-12-06 07:44:33",53
"2019-12-06 08:44:32",53
"2019-12-06 09:44:30",53
"2019-12-06 10:44:31",53
"2019-12-06 11:44:31",53
"2019-12-06 12:44:18",53
"2019-12-06 13:45:11",53
"2019-12-06 14:44:36",53
"2019-12-06 15:44:47",53
"2019-12-06 16:44:32",53
"2019-12-06 17:44:30",53
"2019-12-06 18:44:31",53
"2019-12-06 19:44:31",53
"2019-12-06 20:44:30",53
"2019-12-06 21:44:17",53
"2019-12-06 22:44:18",53
"2019-12-06 23:44:21",53
"2019-12-07 00:44:20",53
"2019-12-07 01:44:34",53
"2019-12-07 02:44:34",53
"2019-12-07 03:44:30",53
"2019-12-07 04:44:27",53
"2019-12-07 05:44:48",53
"2019-12-07 06:44:20",53
"2019-12-07 07:44:21",53
"2019-12-07 08:44:20",53
"2019-12-07 09:44:17",53
"2019-12-07 10:44:18",53
"2019-12-07 11:44:17",53
"2019-12-07 12:44:30",53
"2019-12-07 13:44:47",53
"2019-12-07 14:44:32",53
"2019-12-07 15:44:34",53
"2019-12-07 16:44:31",53
"2019-12-07 17:44:34",53
"2019-12-07 18:44:32",53
"2019-12-07 19:44:19",53
"2019-12-07 20:44:31",53
"2019-12-07 21:44:34",53
"2019-12-07 22:44:20",53
"2019-12-07 23:44:19",53
"2019-12-08 00:44:25",53
"2019-12-08 01:44:19",53
"2019-12-08 02:44:33",53
"2019-12-08 03:44:32",53
"2019-12-08 04:44:29",53
"2019-12-08 05:44:34",53
"2019-12-08 06:44:32",53
"2019-12-08 07:44:30",53
"2019-12-08 08:44:30",53
"2019-12-08 09:44:30",53
"2019-12-08 10:44:30",53
"2019-12-08 11:44:18",53
"2019-12-08 12:44:20",53
"2019-12-08 13:44:30",53
"2019-12-08 14:44:24",53
"2019-12-08 15:44:22",53
"2019-12-08 16:44:30",53
"2019-12-08 17:44:33",53
"2019-12-08 18:44:18",53
"2019-12-08 19:44:28",53
"2019-12-08 20:44:29",53
"2019-12-08 21:44:36",53
"2019-12-08 22:44:32",53
"2019-12-08 23:44:31",53
"2019-12-09 00:44:30",53
"2019-12-09 01:44:18",53
"2019-12-09 02:44:20",53
"2019-12-09 03:44:32",53
"2019-12-09 04:44:20",53
"2019-12-09 05:44:24",53
"2019-12-09 06:44:35",53
"2019-12-09 07:44:20",53
"2019-12-09 08:44:21",53
"2019-12-09 09:44:17",53
"2019-12-09 10:44:19",53
"2019-12-09 11:44:16",53
"2019-12-09 12:44:17",53
"2019-12-09 14:08:07",53
"2019-12-09 14:44:25",53
"2019-12-09 15:44:26",53
"2019-12-09 16:44:36",54
"2019-12-09 17:44:45",54
"2019-12-09 18:44:27",54
"2019-12-09 19:44:19",54
"2019-12-09 20:44:34",54
"2019-12-09 21:44:33",54
"2019-12-09 22:44:19",54
"2019-12-09 23:44:30",54
"2019-12-10 00:44:37",54
"2019-12-10 01:44:30",54
"2019-12-10 02:44:33",54
"2019-12-10 03:44:38",54
"2019-12-10 04:44:31",54
"2019-12-10 05:44:39",54
"2019-12-10 06:44:34",54
"2019-12-10 07:44:32",54
"2019-12-10 08:44:36",54
"2019-12-10 09:44:20",54
"2019-12-10 10:44:19",54
"2019-12-10 11:44:19",54
"2019-12-10 12:44:37",54
"2019-12-10 13:44:18",54
"2019-12-10 14:44:23",54
"2019-12-10 15:44:20",55
"2019-12-10 16:44:35",55
"2019-12-10 17:44:28",55
"2019-12-10 18:44:29",55
"2019-12-10 19:44:22",55
"2019-12-10 20:44:30",55
"2019-12-10 21:44:30",55
"2019-12-10 22:44:35",55
"2019-12-10 23:44:34",55
"2019-12-11 00:44:35",55
"2019-12-11 01:44:42",55
"2019-12-11 02:44:49",55
"2019-12-11 03:44:32",55
"2019-12-11 04:44:36",55
"2019-12-11 05:44:38",55
"2019-12-11 06:44:27",55
"2019-12-11 07:44:22",55
"2019-12-11 08:44:33",55
"2019-12-11 09:44:18",55
"2019-12-11 10:44:24",55
"2019-12-11 11:44:22",55
"2019-12-11 12:44:34",55
"2019-12-11 13:44:29",55
"2019-12-11 14:44:53",55
"2019-12-11 15:44:29",55
"2019-12-11 16:44:42",55
"2019-12-11 17:44:42",55
"2019-12-11 18:44:33",55
"2019-12-11 19:44:40",55
"2019-12-11 20:44:24",55
"2019-12-11 21:44:33",55
"2019-12-11 22:44:35",55
"2019-12-11 23:44:35",55
"2019-12-12 00:44:30",55
"2019-12-12 01:44:40",55
"2019-12-12 02:44:37",55
"2019-12-12 03:44:24",55
"2019-12-12 04:44:35",55
"2019-12-12 05:44:37",55
"2019-12-12 06:44:38",55
"2019-12-12 07:44:37",55
"2019-12-12 08:44:24",55
"2019-12-12 09:44:32",55
"2019-12-12 10:44:33",55
"2019-12-12 11:44:25",55
"2019-12-12 12:44:19",55
"2019-12-12 14:06:37",55
"2019-12-12 14:44:49",55
"2019-12-12 15:44:27",54
"2019-12-12 16:44:42",54
"2019-12-12 17:44:24",54
"2019-12-12 18:44:26",54
"2019-12-12 19:44:29",54
"2019-12-12 20:44:28",54
"2019-12-12 21:44:29",54
"2019-12-12 22:44:22",54
"2019-12-12 23:44:25",54
"2019-12-13 00:44:58",54
"2019-12-13 01:44:55",54
"2019-12-13 02:44:47",54
"2019-12-13 03:44:45",54
"2019-12-13 04:44:49",54
"2019-12-13 05:44:58",54
"2019-12-13 06:45:07",54
"2019-12-13 07:44:55",54
"2019-12-13 08:44:45",54
"2019-12-13 09:44:57",54
"2019-12-13 10:44:48",54
"2019-12-13 11:44:40",54
"2019-12-13 12:44:44",54
"2019-12-13 14:38:43",54
"2019-12-13 14:46:26",54
"2019-12-13 15:44:56",54
"2019-12-13 16:44:45",54
"2019-12-13 17:44:53",54
"2019-12-13 18:44:48",54
"2019-12-13 19:44:47",54
"2019-12-13 20:45:20",54
"2019-12-13 21:44:47",54
"2019-12-13 22:44:48",54
"2019-12-13 23:44:40",54
"2019-12-14 00:44:46",54
"2019-12-14 01:44:36",54
"2019-12-14 02:44:49",54
"2019-12-14 03:44:45",54
"2019-12-14 04:44:53",54
"2019-12-14 05:44:48",54
"2019-12-14 06:44:43",54
"2019-12-14 07:44:35",54
"2019-12-14 08:44:37",54
"2019-12-14 09:44:46",54
"2019-12-14 10:44:41",54
"2019-12-14 11:44:41",54
"2019-12-14 12:44:34",54
"2019-12-14 13:44:51",54
"2019-12-14 14:44:41",54
"2019-12-14 15:44:59",54
"2019-12-14 16:44:53",54
"2019-12-14 17:44:36",54
"2019-12-14 18:45:02",54
"2019-12-14 19:44:41",54
"2019-12-14 20:44:46",54
"2019-12-14 22:44:54",54
"2019-12-14 23:44:47",54
"2019-12-15 00:44:51",54
"2019-12-15 01:44:56",54
"2019-12-15 02:44:48",54
"2019-12-15 03:44:48",54
"2019-12-15 04:44:52",54
"2019-12-15 05:44:40",54
"2019-12-15 06:44:46",54
"2019-12-15 07:44:42",54
"2019-12-15 08:44:45",54
"2019-12-15 09:44:31",54
"2019-12-15 10:44:41",54
"2019-12-15 11:44:44",54
"2019-12-15 13:44:44",54
"2019-12-15 14:44:29",54
"2019-12-15 15:44:47",54
"2019-12-15 16:44:50",54
"2019-12-15 17:44:46",54
"2019-12-15 19:44:41",54
"2019-12-15 20:44:49",54
"2019-12-15 21:44:42",54
"2019-12-15 22:44:51",54
"2019-12-15 23:44:47",54
"2019-12-16 00:44:40",54
"2019-12-16 01:44:55",54
"2019-12-16 02:44:45",54
"2019-12-16 04:45:11",54
"2019-12-16 05:44:50",54
"2019-12-16 06:44:50",54
"2019-12-16 07:44:36",54
"2019-12-16 08:44:44",54
"2019-12-16 09:44:45",54
"2019-12-16 10:44:36",54
"2019-12-16 11:44:51",54
"2019-12-16 12:44:44",54
"2019-12-16 13:44:47",54
"2019-12-16 14:45:42",54
"2019-12-16 16:06:06",54
"2019-12-16 16:44:59",54
"2019-12-16 17:44:57",54
"2019-12-16 18:44:51",54
"2019-12-16 19:44:47",54
"2019-12-16 20:44:52",54
"2019-12-16 21:44:49",54
"2019-12-16 22:44:46",54
"2019-12-16 23:44:47",54
"2019-12-17 00:44:39",54
"2019-12-17 01:44:36",54
"2019-12-17 02:45:04",54
"2019-12-17 03:44:46",54
"2019-12-17 04:44:50",54
"2019-12-17 05:44:42",54
"2019-12-17 06:44:46",54
"2019-12-17 07:44:44",54
"2019-12-17 08:45:01",54
"2019-12-17 09:44:29",54
"2019-12-17 10:44:43",54
"2019-12-17 11:44:35",54
"2019-12-17 12:44:33",54
"2019-12-17 14:07:37",54
"2019-12-17 14:45:09",54
"2019-12-17 15:45:03",53
"2019-12-17 16:44:48",53
"2019-12-17 17:44:51",53
"2019-12-17 18:44:45",53
"2019-12-17 19:44:57",53
"2019-12-17 20:44:51",53
"2019-12-17 21:44:37",53
"2019-12-17 22:44:40",53
"2019-12-17 23:44:53",53
"2019-12-18 01:44:55",53
"2019-12-18 02:44:58",53
"2019-12-18 03:44:40",53
"2019-12-18 04:44:33",53
"2019-12-18 05:44:50",53
"2019-12-18 06:44:44",53
"2019-12-18 07:44:32",53
"2019-12-18 08:44:45",53
"2019-12-18 09:44:42",53
"2019-12-18 10:44:46",53
"2019-12-18 11:44:35",53
"2019-12-18 12:44:40",53
"2019-12-18 14:06:36",53
"2019-12-18 14:45:10",53
"2019-12-18 15:44:45",53
"2019-12-18 16:44:52",53
"2019-12-18 17:44:51",53
"2019-12-18 18:44:43",53
"2019-12-18 19:44:42",53
"2019-12-18 20:44:46",53
"2019-12-18 21:44:40",53
"2019-12-18 22:44:35",53
"2019-12-18 23:44:39",53
"2019-12-19 00:44:51",53
"2019-12-19 01:44:48",53
"2019-12-19 02:45:08",53
"2019-12-19 03:44:44",53
"2019-12-19 04:44:49",53
"2019-12-19 05:44:44",53
"2019-12-19 06:44:47",53
"2019-12-19 07:44:47",53
"2019-12-19 08:44:37",53
"2019-12-19 09:44:42",53
"2019-12-19 10:44:33",53
"2019-12-19 11:44:33",53
"2019-12-19 12:44:45",53
"2019-12-19 14:08:09",53
"2019-12-19 14:45:13",53
"2019-12-19 15:45:18",53
"2019-12-19 16:45:04",53
"2019-12-19 17:45:06",53
"2019-12-19 18:45:05",53
"2019-12-19 19:44:58",53
"2019-12-19 21:08:11",52
"2019-12-19 21:45:04",52
"2019-12-19 22:45:08",52
"2019-12-19 23:45:01",52
"2019-12-20 00:45:01",52
"2019-12-20 01:44:56",52
"2019-12-20 02:45:02",52
"2019-12-20 03:44:53",52
"2019-12-20 04:45:06",52
"2019-12-20 05:45:00",52
"2019-12-20 06:45:07",52
"2019-12-20 07:45:00",52
"2019-12-20 08:45:08",52
"2019-12-20 09:45:03",52
"2019-12-20 10:44:35",52
"2019-12-20 11:44:56",52
"2019-12-20 12:45:03",52
"2019-12-20 14:07:09",52
"2019-12-20 14:45:25",52
"2019-12-20 15:45:29",52
"2019-12-20 16:45:15",52
"2019-12-20 17:45:22",52
"2019-12-20 18:45:04",52
"2019-12-20 19:45:19",52
"2019-12-20 20:45:18",52
"2019-12-20 21:44:59",52
"2019-12-20 22:44:59",52
"2019-12-20 23:45:05",52
"2019-12-21 00:45:09",52
"2019-12-21 01:45:06",52
"2019-12-21 02:45:08",52
"2019-12-21 03:44:53",52
"2019-12-21 04:45:05",52
"2019-12-21 05:44:55",52
"2019-12-21 06:44:47",52
"2019-12-21 07:44:56",52
"2019-12-21 08:44:55",52
"2019-12-21 09:44:42",52
"2019-12-21 10:44:43",52
"2019-12-21 11:44:42",52
"2019-12-21 12:44:36",52
"2019-12-21 13:44:41",52
"2019-12-21 14:44:56",52
"2019-12-21 15:44:48",52
"2019-12-21 16:44:58",52
"2019-12-21 17:44:51",52
"2019-12-21 18:44:48",52
"2019-12-21 19:44:45",52
"2019-12-21 20:44:45",52
"2019-12-21 22:44:59",52
"2019-12-21 23:44:40",52
"2019-12-22 00:44:47",52
"2019-12-22 01:44:55",52
"2019-12-22 02:44:44",52
"2019-12-22 04:44:47",52
"2019-12-22 05:44:37",52
"2019-12-22 06:44:33",52
"2019-12-22 07:44:43",52
"2019-12-22 08:44:43",52
"2019-12-22 09:44:39",52
"2019-12-22 10:44:40",52
"2019-12-22 11:44:46",52
"2019-12-22 12:44:49",52
"2019-12-22 13:44:32",52
"2019-12-22 14:44:52",52
"2019-12-22 15:44:55",52
"2019-12-22 16:44:43",52
"2019-12-22 17:44:51",52
"2019-12-22 18:44:47",52
"2019-12-22 19:44:49",52
"2019-12-22 20:45:00",52
"2019-12-22 22:44:51",52
"2019-12-22 23:45:00",52
"2019-12-23 00:44:57",52
"2019-12-23 01:45:00",52
"2019-12-23 02:44:59",52
"2019-12-23 03:44:57",52
"2019-12-23 04:44:59",52
"2019-12-23 05:44:54",52
"2019-12-23 06:45:00",52
"2019-12-23 07:44:42",52
"2019-12-23 08:44:40",52
"2019-12-23 09:44:39",52
"2019-12-23 10:44:42",52
"2019-12-23 11:44:43",52
"2019-12-23 12:44:40",52
"2019-12-23 14:08:12",52
"2019-12-23 14:45:28",52
"2019-12-23 15:44:59",52
"2019-12-23 16:44:51",52
"2019-12-23 17:45:08",52
"2019-12-23 18:45:09",52
"2019-12-23 19:45:05",52
"2019-12-23 20:45:16",52
"2019-12-23 21:44:59",52
"2019-12-23 22:44:41",52
"2019-12-23 23:44:57",52
"2019-12-24 00:44:51",52
"2019-12-24 01:44:48",52
"2019-12-24 02:45:08",52
"2019-12-24 03:45:07",52
"2019-12-24 04:45:15",52
"2019-12-24 05:44:49",52
"2019-12-24 06:45:11",52
"2019-12-24 07:44:42",52
"2019-12-24 08:44:43",52
"2019-12-24 09:44:49",52
"2019-12-24 10:44:36",52
"2019-12-24 11:44:47",52
"2019-12-24 12:44:39",52
"2019-12-24 13:44:38",52
"2019-12-24 14:45:19",52
"2019-12-24 15:45:00",52
"2019-12-24 16:44:50",52
"2019-12-24 17:44:46",52
"2019-12-24 18:44:51",52
"2019-12-24 19:44:55",52
"2019-12-24 20:44:46",52
"2019-12-24 21:44:40",52
"2019-12-24 22:45:01",52
"2019-12-24 23:44:57",52
"2019-12-25 00:45:00",52
"2019-12-25 01:44:45",52
"2019-12-25 02:44:29",52
"2019-12-25 03:44:53",52
"2019-12-25 04:44:58",52
"2019-12-25 05:45:03",52
"2019-12-25 06:44:39",52
"2019-12-25 07:44:48",52
"2019-12-25 08:45:05",52
"2019-12-25 09:44:50",52
"2019-12-25 10:44:44",52
"2019-12-25 11:44:35",52
"2019-12-25 12:44:47",52
"2019-12-25 13:44:41",52
"2019-12-25 14:44:49",52
"2019-12-25 15:45:03",52
"2019-12-25 16:44:47",52
"2019-12-25 17:44:57",52
"2019-12-25 18:44:42",52
"2019-12-25 19:44:39",52
"2019-12-25 20:44:45",52
"2019-12-25 21:44:42",52
"2019-12-25 22:44:53",52
"2019-12-25 23:44:46",52
"2019-12-26 00:44:57",52
"2019-12-26 01:45:01",52
"2019-12-26 02:45:03",52
"2019-12-26 03:44:59",52
"2019-12-26 04:45:01",52
"2019-12-26 05:44:44",52
"2019-12-26 06:44:53",52
"2019-12-26 07:44:50",52
"2019-12-26 08:44:39",52
"2019-12-26 09:44:39",52
"2019-12-26 10:44:40",52
"2019-12-26 11:44:39",52
"2019-12-26 12:44:37",52
"2019-12-26 13:44:43",52
"2019-12-26 14:45:09",52
"2019-12-26 15:45:05",52
"2019-12-26 16:45:02",52
"2019-12-26 17:45:11",52
"2019-12-26 18:44:55",52
"2019-12-26 19:44:48",53
"2019-12-26 20:45:18",53
"2019-12-26 21:44:57",53
"2019-12-26 22:45:15",53
"2019-12-26 23:44:58",53
"2019-12-27 00:44:48",53
"2019-12-27 01:44:59",53
"2019-12-27 02:45:11",53
"2019-12-27 03:44:49",53
"2019-12-27 04:45:08",53
"2019-12-27 05:45:02",53
"2019-12-27 06:45:07",53
"2019-12-27 07:44:38",53
"2019-12-27 08:44:58",53
"2019-12-27 09:44:44",53
"2019-12-27 10:44:36",53
"2019-12-27 11:44:39",53
"2019-12-27 12:44:45",53
"2019-12-27 14:08:09",53
"2019-12-27 14:45:05",53
"2019-12-27 15:44:57",53
"2019-12-27 16:45:00",53
"2019-12-27 17:45:00",53
"2019-12-27 18:45:00",53
"2019-12-27 19:45:25",53
"2019-12-27 20:44:55",53
"2019-12-27 21:45:09",53
"2019-12-27 22:45:00",53
"2019-12-27 23:44:48",53
"2019-12-28 00:44:57",53
"2019-12-28 01:44:54",53
"2019-12-28 02:45:04",53
"2019-12-28 03:44:51",53
"2019-12-28 04:45:01",53
"2019-12-28 05:45:04",53
"2019-12-28 06:44:56",53
"2019-12-28 07:44:41",53
"2019-12-28 08:45:06",53
"2019-12-28 09:44:52",53
"2019-12-28 10:44:47",53
"2019-12-28 11:44:42",53
"2019-12-28 12:44:36",53
"2019-12-28 13:44:43",53
"2019-12-28 14:44:51",53
"2019-12-28 15:45:08",53
"2019-12-28 16:44:45",53
"2019-12-28 17:45:08",53
"2019-12-28 18:44:51",53
"2019-12-28 19:44:48",53
"2019-12-28 20:44:58",53
"2019-12-28 21:44:42",53
"2019-12-28 22:44:55",53
"2019-12-28 23:45:10",53
"2019-12-29 00:44:48",53
"2019-12-29 01:45:06",53
"2019-12-29 02:44:58",53
"2019-12-29 03:45:13",53
"2019-12-29 04:44:59",53
"2019-12-29 05:45:06",53
"2019-12-29 06:45:11",53
"2019-12-29 07:44:55",53
"2019-12-29 08:45:06",53
"2019-12-29 09:44:50",53
"2019-12-29 10:44:49",53
"2019-12-29 11:44:52",53
"2019-12-29 12:44:46",53
"2019-12-29 13:44:48",53
"2019-12-29 14:44:52",53
"2019-12-29 15:44:58",53
"2019-12-29 16:45:00",53
"2019-12-29 17:44:49",53
"2019-12-29 18:44:55",53
"2019-12-29 19:44:58",53
"2019-12-29 20:44:45",53
"2019-12-29 21:45:18",53
"2019-12-29 22:44:58",53
"2019-12-29 23:44:39",53
"2019-12-30 00:44:44",53
"2019-12-30 01:45:11",53
"2019-12-30 02:45:14",53
"2019-12-30 03:44:50",53
"2019-12-30 04:45:22",53
"2019-12-30 05:44:53",53
"2019-12-30 06:44:37",53
"2019-12-30 07:44:37",53
"2019-12-30 08:44:49",53
"2019-12-30 09:44:59",53
"2019-12-30 10:44:35",53
"2019-12-30 11:44:52",53
"2019-12-30 12:44:45",53
"2019-12-30 14:08:07",53
"2019-12-30 14:45:31",53
"2019-12-30 15:45:06",53
"2019-12-30 16:44:59",53
"2019-12-30 17:45:00",53
"2019-12-30 18:45:06",53
"2019-12-30 19:44:59",53
"2019-12-30 20:44:46",53
"2019-12-30 21:44:51",53
"2019-12-30 22:44:41",53
"2019-12-30 23:44:50",53
"2019-12-31 00:44:52",53
"2019-12-31 01:44:43",53
"2019-12-31 02:45:03",53
"2019-12-31 03:44:58",53
"2019-12-31 04:44:55",53
"2019-12-31 05:44:47",53
"2019-12-31 06:44:50",53
"2019-12-31 07:44:42",53
"2019-12-31 08:45:00",53
"2019-12-31 09:44:59",53
"2019-12-31 10:45:08",53
"2019-12-31 11:44:51",53
"2019-12-31 12:44:45",53
"2019-12-31 14:09:09",53
"2019-12-31 14:45:32",53
"2019-12-31 15:45:13",53
"2019-12-31 16:44:59",53
"2019-12-31 17:44:42",53
"2019-12-31 18:44:49",53
"2019-12-31 19:45:00",53
"2019-12-31 20:44:59",53
"2019-12-31 21:44:46",53
"2019-12-31 22:44:45",53
"2019-12-31 23:44:47",53
"2020-01-01 00:44:53",53
"2020-01-01 01:44:46",53
"2020-01-01 02:44:49",53
"2020-01-01 03:44:49",53
"2020-01-01 04:44:39",53
"2020-01-01 05:45:07",53
"2020-01-01 06:45:01",53
"2020-01-01 07:44:48",53
"2020-01-01 08:44:50",53
"2020-01-01 09:44:44",53
"2020-01-01 10:44:35",53
"2020-01-01 11:44:41",53
"2020-01-01 12:44:49",53
"2020-01-01 13:44:40",53
"2020-01-01 14:44:42",53
"2020-01-01 15:44:48",53
"2020-01-01 16:44:50",53
"2020-01-01 17:44:52",53
"2020-01-01 18:44:50",53
"2020-01-01 19:44:39",53
"2020-01-01 20:44:51",53
"2020-01-01 21:44:50",53
"2020-01-01 22:44:56",53
"2020-01-01 23:45:16",53
"2020-01-02 00:45:03",53
"2020-01-02 01:44:58",53
"2020-01-02 02:45:21",53
"2020-01-02 03:44:55",53
"2020-01-02 04:44:52",53
"2020-01-02 05:44:46",53
"2020-01-02 06:44:39",53
"2020-01-02 07:44:45",53
"2020-01-02 08:44:52",53
"2020-01-02 09:44:43",53
"2020-01-02 10:44:47",53
"2020-01-02 11:44:47",53
"2020-01-02 12:44:45",53
"2020-01-02 14:09:39",53
"2020-01-02 14:46:12",53
"2020-01-02 15:45:10",53
"2020-01-02 16:44:58",53
"2020-01-02 17:45:05",53
"2020-01-02 18:45:07",53
"2020-01-02 19:44:54",53
"2020-01-02 20:45:00",53
"2020-01-02 21:44:56",53
"2020-01-02 22:45:40",53
"2020-01-02 23:44:42",53
"2020-01-03 00:45:04",53
"2020-01-03 01:44:59",53
"2020-01-03 02:45:02",53
"2020-01-03 03:44:57",53
"2020-01-03 04:44:51",53
"2020-01-03 05:45:03",53
"2020-01-03 06:44:57",53
"2020-01-03 07:44:47",53
"2020-01-03 08:45:01",53
"2020-01-03 09:44:42",53
"2020-01-03 10:44:44",53
"2020-01-03 11:44:45",53
"2020-01-03 12:44:46",53
"2020-01-03 14:09:39",53
"2020-01-03 14:48:54",53
"2020-01-03 15:44:55",53
"2020-01-03 16:45:07",53
"2020-01-03 17:45:47",53
"2020-01-03 18:45:05",53
"2020-01-03 19:44:58",53
"2020-01-03 20:45:03",53
"2020-01-03 21:44:45",53
"2020-01-03 22:44:53",53
"2020-01-03 23:44:48",53
"2020-01-04 00:44:59",53
"2020-01-04 01:44:44",53
"2020-01-04 02:44:50",53
"2020-01-04 03:44:58",53
"2020-01-04 04:44:51",53
"2020-01-04 05:44:52",53
"2020-01-04 06:44:57",53
"2020-01-04 07:44:39",53
"2020-01-04 08:44:51",53
"2020-01-04 09:44:45",53
"2020-01-04 10:44:45",53
"2020-01-04 11:44:43",53
"2020-01-04 12:44:46",53
"2020-01-04 13:44:47",53
"2020-01-04 14:44:39",53
"2020-01-04 15:44:52",53
"2020-01-04 16:44:46",53
"2020-01-04 17:44:58",53
"2020-01-04 18:44:49",53
"2020-01-04 19:44:52",53
"2020-01-04 20:44:54",53
"2020-01-04 21:45:21",53
"2020-01-04 22:44:47",53
"2020-01-04 23:45:10",53
"2020-01-05 00:44:44",53
"2020-01-05 01:45:20",53
"2020-01-05 02:45:09",53
"2020-01-05 03:45:07",53
"2020-01-05 04:44:47",53
"2020-01-05 05:44:47",53
"2020-01-05 06:44:43",53
"2020-01-05 07:44:42",53
"2020-01-05 08:44:33",53
"2020-01-05 09:44:37",53
"2020-01-05 10:44:35",53
"2020-01-05 11:44:49",53
"2020-01-05 12:44:38",53
"2020-01-05 13:44:46",53
"2020-01-05 14:44:44",53
"2020-01-05 15:44:44",53
"2020-01-05 16:44:49",53
"2020-01-05 17:45:28",53
"2020-01-05 18:45:01",53
"2020-01-05 20:44:54",53
"2020-01-05 21:45:14",53
"2020-01-05 22:44:52",53
"2020-01-05 23:44:56",53
"2020-01-06 00:44:56",53
"2020-01-06 01:44:57",53
"2020-01-06 02:45:08",53
"2020-01-06 03:45:05",53
"2020-01-06 04:45:08",53
"2020-01-06 05:45:01",53
"2020-01-06 06:44:54",53
"2020-01-06 07:44:50",53
"2020-01-06 08:44:53",53
"2020-01-16 06:44:42",51
"2020-01-16 07:44:39",51
"2020-01-16 08:44:45",51
"2020-01-16 09:44:40",51
"2020-01-16 10:44:41",51
"2020-01-16 11:44:45",51
"2020-01-16 12:44:40",51
"2020-01-16 14:09:41",51
"2020-01-16 15:44:45",51
"2020-01-16 16:44:53",52
"2020-01-16 17:44:55",52
"2020-01-16 18:44:41",51
"2020-01-16 19:44:47",51
"2020-01-16 20:44:46",51
"2020-01-16 21:44:43",51
"2020-01-16 22:44:45",51
"2020-01-16 23:44:42",51
"2020-01-17 00:45:02",51
"2020-01-17 01:45:11",51
"2020-01-17 02:44:43",51
"2020-01-17 03:44:42",51
"2020-01-17 04:44:38",51
"2020-01-17 05:44:36",51
"2020-01-17 06:44:44",51
"2020-01-17 07:44:30",51
"2020-01-17 08:44:35",51
"2020-01-17 09:45:14",51
"2020-01-17 10:44:26",51
"2020-01-17 11:44:28",51
"2020-01-17 12:44:33",51
"2020-01-17 14:07:42",51
"2020-01-17 14:44:49",51
"2020-01-17 15:44:44",51
"2020-01-17 16:44:47",51
"2020-01-17 17:44:39",51
"2020-01-17 18:44:43",51
"2020-01-17 19:44:41",51
"2020-01-17 20:44:39",51
"2020-01-17 21:44:35",51
"2020-01-17 22:44:40",51
"2020-01-17 23:44:37",51
"2020-01-18 00:44:58",51
"2020-01-18 01:44:37",51
"2020-01-18 02:44:38",51
"2020-01-18 03:44:41",51
"2020-01-18 04:44:41",51
"2020-01-18 05:44:47",51
"2020-01-18 06:44:26",51
"2020-01-18 07:44:39",51
"2020-01-18 08:44:39",51
"2020-01-18 09:44:29",51
"2020-01-18 10:44:33",51
"2020-01-18 11:44:29",51
"2020-01-18 12:44:33",51
"2020-01-18 13:44:37",51
"2020-01-18 14:44:42",51
"2020-01-18 15:44:42",51
"2020-01-18 16:44:29",51
"2020-01-18 17:44:46",51
"2020-01-18 18:44:34",51
"2020-01-18 19:45:05",51
"2020-01-18 20:44:41",51
"2020-01-18 21:44:42",51
"2020-01-18 22:44:39",51
"2020-01-18 23:44:36",51
"2020-01-19 00:44:29",51
"2020-01-19 01:44:38",51
"2020-01-19 02:44:40",51
"2020-01-19 03:44:47",51
"2020-01-19 04:44:37",51
"2020-01-19 05:44:37",51
"2020-01-19 06:44:36",51
"2020-01-19 07:44:30",51
"2020-01-19 08:44:52",51
"2020-01-19 09:44:37",51
"2020-01-19 10:44:25",51
"2020-01-19 11:44:30",51
"2020-01-19 12:44:40",51
"2020-01-19 13:44:33",51
"2020-01-19 14:44:53",51
"2020-01-19 15:45:06",51
"2020-01-19 16:44:34",51
"2020-01-19 17:44:33",51
"2020-01-19 18:44:26",51
"2020-01-19 19:45:11",51
"2020-01-19 20:44:33",51
"2020-01-19 21:44:39",51
"2020-01-19 22:44:41",51
"2020-01-19 23:45:20",51
"2020-01-20 00:45:10",51
"2020-01-20 01:45:05",51
"2020-01-20 02:44:53",51
"2020-01-20 03:45:07",51
"2020-01-20 04:45:00",51
"2020-01-20 05:44:28",51
"2020-01-20 06:45:07",51
"2020-01-20 07:44:33",51
"2020-01-20 08:45:05",51
"2020-01-20 09:52:34",51
"2020-01-20 10:44:52",51
"2020-01-20 11:44:28",51
"2020-01-20 12:44:33",51
"2020-01-20 13:44:58",51
"2020-01-20 14:44:57",51
"2020-01-20 15:45:06",51
"2020-01-20 16:44:39",51
"2020-01-20 17:45:03",51
"2020-01-20 18:44:36",51
"2020-01-20 19:45:02",51
"2020-01-20 20:45:07",51
"2020-01-20 21:45:06",51
"2020-01-20 22:45:08",51
"2020-01-20 23:45:03",51
"2020-01-21 00:45:07",51
"2020-01-21 01:45:01",51
"2020-01-21 02:45:07",51
"2020-01-21 03:44:33",51
"2020-01-21 04:44:43",51
"2020-01-21 05:44:35",51
"2020-01-21 06:44:34",51
"2020-01-21 07:44:30",51
"2020-01-21 08:44:40",51
"2020-01-21 10:01:04",51
"2020-01-21 10:45:07",51
"2020-01-21 11:44:40",51
"2020-01-21 12:44:34",51
"2020-01-21 13:44:38",51
"2020-01-21 15:45:19",51
"2020-01-21 16:44:46",51
"2020-01-21 17:45:11",51
"2020-01-21 18:44:49",51
"2020-01-21 19:45:10",51
"2020-01-21 20:44:43",51
"2020-01-21 21:45:11",51
"2020-01-21 22:45:00",51
"2020-01-21 23:44:37",51
"2020-01-22 00:44:40",51
"2020-01-22 01:44:40",51
"2020-01-22 02:45:05",51
"2020-01-22 03:44:45",51
"2020-01-22 04:44:48",51
"2020-01-22 05:44:45",51
"2020-01-22 06:44:38",51
"2020-01-22 07:44:39",51
"2020-01-22 08:44:44",51
"2020-01-22 09:57:15",51
"2020-01-22 10:44:28",51
"2020-01-22 11:44:32",51
"2020-01-22 12:45:02",51
"2020-01-22 13:45:06",51
"2020-01-22 14:45:01",51
"2020-01-22 15:44:47",51
"2020-01-22 16:45:11",51
"2020-01-22 17:44:58",51
"2020-01-22 18:45:01",51
"2020-01-22 19:45:12",51
"2020-01-22 20:45:06",51
"2020-01-22 21:45:13",51
"2020-01-22 22:44:52",51
"2020-01-22 23:45:04",51
"2020-01-23 00:45:11",51
"2020-01-23 01:45:09",51
"2020-01-23 02:44:45",51
"2020-01-23 03:44:43",51
"2020-01-23 04:44:50",51
"2020-01-23 05:44:33",51
"2020-01-23 06:44:39",51
"2020-01-23 07:44:37",51
"2020-01-23 08:44:39",51
"2020-01-23 10:44:31",51
"2020-01-23 11:44:40",51
"2020-01-23 12:44:37",51
"2020-01-23 14:09:12",51
"2020-01-23 14:45:01",51
"2020-01-23 15:44:45",51
"2020-01-23 16:44:41",51
"2020-01-23 17:44:38",51
"2020-01-23 18:44:48",51
"2020-01-23 19:44:39",51
"2020-01-23 20:44:47",51
"2020-01-23 21:44:52",51
"2020-01-23 22:44:38",51
"2020-01-23 23:44:46",51
"2020-01-24 00:44:37",51
"2020-01-24 01:44:43",51
"2020-01-24 02:45:06",51
"2020-01-24 03:44:34",51
"2020-01-24 04:44:37",51
"2020-01-24 05:44:49",51
"2020-01-24 06:44:30",51
"2020-01-24 07:44:47",51
"2020-01-24 08:44:35",51
"2020-01-24 09:55:19",51
"2020-01-24 10:44:34",51
"2020-01-24 11:44:27",51
"2020-01-24 12:44:35",51
"2020-01-24 14:08:12",51
"2020-01-24 14:44:49",51
"2020-01-24 15:44:43",51
"2020-01-24 16:44:45",51
"2020-01-24 17:44:40",52
"2020-01-24 18:44:42",52
"2020-01-24 19:44:47",51
"2020-01-24 20:44:46",51
"2020-01-24 21:44:41",51
"2020-01-24 22:44:34",51
"2020-01-24 23:44:40",51
"2020-01-25 00:44:36",51
"2020-01-25 01:44:42",51
"2020-01-25 02:44:54",51
"2020-01-25 03:44:47",51
"2020-01-25 04:44:42",51
"2020-01-25 05:44:47",51
"2020-01-25 06:44:36",51
"2020-01-25 07:44:42",51
"2020-01-25 08:44:42",51
"2020-01-25 09:55:46",51
"2020-01-25 10:44:35",51
"2020-01-25 11:44:34",51
"2020-01-25 12:44:40",51
"2020-01-25 14:44:31",51
"2020-01-25 15:44:35",51
"2020-01-25 16:44:40",51
"2020-01-25 17:44:44",51
"2020-01-25 18:44:42",51
"2020-01-25 19:44:39",51
"2020-01-25 20:44:40",51
"2020-01-25 21:44:32",51
"2020-01-25 22:44:40",51
"2020-01-25 23:44:34",51
"2020-01-26 00:44:41",51
"2020-01-26 01:44:38",51
"2020-01-26 02:44:43",51
"2020-01-26 03:44:44",51
"2020-01-26 04:44:39",51
"2020-01-26 06:44:31",51
"2020-01-26 07:44:31",51
"2020-01-27 02:44:38",51
"2020-01-27 03:44:41",51
"2020-01-27 04:44:45",51
"2020-01-27 05:44:46",51
"2020-01-27 06:44:47",51
"2020-01-27 07:44:38",51
"2020-01-27 08:44:40",51
"2020-01-27 09:44:48",51
"2020-01-27 10:44:37",51
"2020-01-27 11:44:39",51
"2020-01-27 12:44:29",51
"2020-01-27 13:44:42",51
"2020-01-27 14:45:31",51
"2020-01-27 15:45:06",52
"2020-01-27 16:44:50",52
"2020-01-27 17:44:53",52
"2020-01-27 18:44:48",52
"2020-01-27 19:45:02",52
"2020-01-27 20:44:50",52
"2020-01-27 21:44:48",52
"2020-01-27 22:45:16",52
"2020-01-27 23:44:55",52
"2020-01-28 00:44:37",52
"2020-01-28 01:44:53",52
"2020-01-28 02:44:55",52
"2020-01-28 03:44:46",52
"2020-01-28 04:44:46",52
"2020-01-28 05:44:47",52
"2020-01-28 06:44:33",52
"2020-01-28 07:44:31",52
"2020-01-28 08:44:44",52
"2020-01-28 09:45:01",52
"2020-01-28 10:44:31",52
"2020-01-28 11:44:38",52
"2020-01-28 12:44:34",52
"2020-01-28 14:08:44",52
"2020-01-28 14:45:11",52
"2020-01-28 15:44:54",52
"2020-01-28 16:44:56",52
"2020-01-28 17:44:50",52
"2020-01-28 18:44:51",52
"2020-01-28 19:44:51",52
"2020-01-28 21:45:07",52
"2020-01-28 22:44:55",52
"2020-01-28 23:44:41",52
"2020-01-29 00:44:45",52
"2020-01-29 01:44:49",52
"2020-01-29 02:45:08",52
"2020-01-29 03:44:53",52
"2020-01-29 04:44:51",52
"2020-01-29 05:44:47",52
"2020-01-29 06:44:40",52
"2020-01-29 07:44:30",52
"2020-01-29 08:44:44",52
"2020-01-29 09:44:51",52
"2020-01-29 10:44:36",52
"2020-01-29 11:44:35",52
"2020-01-29 12:44:39",52
"2020-01-29 13:44:55",52
"2020-01-29 14:45:03",52
"2020-01-29 15:45:04",52
"2020-01-29 16:44:52",52
"2020-01-29 17:45:04",52
"2020-01-29 18:44:54",52
"2020-01-29 19:44:56",52
"2020-01-29 20:44:58",52
"2020-01-29 21:44:52",52
"2020-01-29 22:44:45",52
"2020-01-29 23:44:42",52
"2020-01-30 00:44:55",52
"2020-01-30 01:45:02",52
"2020-01-30 02:44:58",52
"2020-01-30 03:44:41",52
"2020-01-30 04:45:03",52
"2020-01-30 05:45:04",52
"2020-01-30 06:44:56",52
"2020-01-30 07:44:39",52
"2020-01-30 08:44:41",52
"2020-01-30 09:44:47",52
"2020-01-30 10:44:28",52
"2020-01-30 11:44:34",52
"2020-01-30 12:44:40",52
"2020-01-30 13:44:39",52
"2020-01-30 14:45:05",52
"2020-01-30 15:44:59",52
"2020-01-30 16:45:00",52
"2020-01-30 17:44:57",52
"2020-01-30 18:44:54",52
"2020-01-30 19:45:00",52
"2020-01-30 20:44:43",52
"2020-01-30 21:45:01",52
"2020-01-30 22:44:33",52
"2020-01-30 23:44:38",52
"2020-01-31 00:44:42",52
"2020-01-31 01:44:56",52
"2020-01-31 02:44:48",52
"2020-01-31 03:44:49",52
"2020-01-31 04:44:43",52
"2020-01-31 05:44:39",52
"2020-01-31 06:44:33",52
"2020-01-31 07:44:37",52
"2020-01-31 08:44:54",52
"2020-01-31 09:44:49",52
"2020-01-31 10:44:39",52
"2020-01-31 11:44:34",52
"2020-01-31 12:44:38",52
"2020-01-31 13:44:48",52
"2020-01-31 14:44:53",52
"2020-01-31 15:44:45",52
"2020-01-31 16:44:45",52
"2020-01-31 17:44:44",52
"2020-01-31 18:44:49",52
"2020-01-31 19:44:45",52
"2020-01-31 20:44:48",52
"2020-01-31 21:44:36",52
"2020-01-31 22:44:39",52
"2020-01-31 23:44:43",52
"2020-02-01 00:44:34",52
"2020-02-01 01:44:57",52
"2020-02-01 02:44:39",52
"2020-02-01 03:44:39",52
"2020-02-01 04:44:48",52
"2020-02-01 05:44:52",52
"2020-02-01 06:44:49",52
"2020-02-01 07:44:40",52
"2020-02-01 08:44:41",52
"2020-02-01 09:44:49",52
"2020-02-01 10:44:34",52
"2020-02-01 11:44:35",52
"2020-02-01 12:44:35",52
"2020-02-01 13:44:40",52
"2020-02-01 14:44:46",52
"2020-02-01 15:44:40",52
"2020-02-01 16:44:37",52
"2020-02-01 17:44:47",52
"2020-02-01 18:44:40",52
"2020-02-01 19:44:46",52
"2020-02-01 20:44:45",52
"2020-02-01 21:44:59",52
"2020-02-01 22:44:51",52
"2020-02-01 23:44:54",52
"2020-02-02 00:44:52",52
"2020-02-02 01:44:59",52
"2020-02-02 02:44:47",52
"2020-02-02 03:44:44",52
"2020-02-02 04:44:47",52
"2020-02-02 05:44:49",52
"2020-02-02 06:44:48",52
"2020-02-02 07:44:44",52
"2020-02-02 08:44:51",52
"2020-02-02 09:44:47",52
"2020-02-02 10:44:42",52
"2020-02-02 11:44:43",52
"2020-02-02 12:44:49",52
"2020-02-02 13:44:50",52
"2020-02-02 14:44:47",52
"2020-02-02 15:44:46",52
"2020-02-02 16:44:46",52
"2020-02-02 17:44:58",52
"2020-02-02 18:44:43",52
"2020-02-02 19:44:51",52
"2020-02-02 20:44:54",52
"2020-02-02 21:44:48",52
"2020-02-02 22:44:51",52
"2020-02-02 23:45:01",52
"2020-02-03 00:45:10",52
"2020-02-03 01:45:02",52
"2020-02-03 02:44:54",52
"2020-02-03 03:44:52",52
"2020-02-03 04:44:54",52
"2020-02-03 05:44:53",52
"2020-02-03 06:44:41",52
"2020-02-03 07:44:46",52
"2020-02-03 08:44:49",52
"2020-02-03 09:44:53",52
"2020-02-03 10:44:44",52
"2020-02-03 11:44:46",52
"2020-02-03 12:44:40",52
"2020-02-03 14:45:23",52
"2020-02-03 14:53:10",52
"2020-02-03 15:45:08",52
"2020-02-03 16:44:58",52
"2020-02-03 17:45:02",52
"2020-02-03 18:45:09",52
"2020-02-03 19:45:03",52
"2020-02-03 20:45:01",52
"2020-02-03 21:44:56",52
"2020-02-03 22:44:53",52
"2020-02-03 23:44:58",52
"2020-02-04 00:44:56",52
"2020-02-04 01:44:58",52
"2020-02-04 02:45:07",52
"2020-02-04 03:45:02",52
"2020-02-04 04:45:03",52
"2020-02-04 05:45:04",52
"2020-02-04 06:44:56",52
"2020-02-04 07:44:59",52
"2020-02-04 08:44:40",52
"2020-02-04 09:45:01",52
"2020-02-04 10:44:49",52
"2020-02-04 11:45:00",52
"2020-02-04 12:44:54",52
"2020-02-04 14:12:18",52
"2020-02-04 15:45:00",52
"2020-02-04 16:44:57",52
"2020-02-04 17:45:00",52
"2020-02-04 18:45:00",52
"2020-02-04 19:44:54",52
"2020-02-04 20:44:53",52
"2020-02-04 21:44:58",52
"2020-02-04 22:44:58",52
"2020-02-04 23:45:00",52
"2020-02-05 00:44:58",52
"2020-02-05 01:45:00",52
"2020-02-05 02:45:00",52
"2020-02-05 03:44:56",52
"2020-02-05 04:45:25",52
"2020-02-05 05:44:55",52
"2020-02-05 06:45:06",52
"2020-02-05 07:44:58",52
"2020-02-05 08:45:00",52
"2020-02-05 09:44:54",52
"2020-02-05 10:44:57",52
"2020-02-05 11:44:56",52
"2020-02-05 12:45:01",52
"2020-02-05 14:06:17",52
"2020-02-05 14:45:12",52
"2020-02-05 15:45:10",52
"2020-02-05 16:45:04",52
"2020-02-05 17:44:58",52
"2020-02-05 18:44:50",52
"2020-02-05 19:45:01",52
"2020-02-05 20:45:09",52
"2020-02-05 21:44:58",52
"2020-02-05 22:44:59",52
"2020-02-05 23:44:58",52
"2020-02-06 00:45:07",52
"2020-02-06 01:45:07",52
"2020-02-06 02:45:07",52
"2020-02-06 03:45:17",52
"2020-02-06 04:45:13",52
"2020-02-06 05:45:02",52
"2020-02-06 06:44:51",52
"2020-02-06 07:45:01",52
"2020-02-06 08:44:56",52
"2020-02-06 09:44:52",52
"2020-02-06 10:44:44",52
"2020-02-06 11:44:49",52
"2020-02-06 12:44:55",52
"2020-02-06 13:44:52",52
"2020-02-06 14:45:02",52
"2020-02-06 15:45:14",52
"2020-02-06 16:44:58",52
"2020-02-06 17:44:57",52
"2020-02-06 18:45:03",52
"2020-02-06 19:45:04",53
"2020-02-06 20:45:04",53
"2020-02-06 21:44:57",53
"2020-02-06 22:45:01",53
"2020-02-06 23:44:55",53
"2020-02-07 00:44:53",53
"2020-02-07 01:45:10",53
"2020-02-07 02:44:55",53
"2020-02-07 03:45:05",53
"2020-02-07 04:45:00",53
"2020-02-07 05:45:06",53
"2020-02-07 06:45:09",53
"2020-02-07 07:45:01",53
"2020-02-07 08:44:59",53
"2020-02-07 09:45:04",53
"2020-02-07 10:44:55",53
"2020-02-07 11:44:54",53
"2020-02-07 12:44:49",53
"2020-02-07 14:07:46",53
"2020-02-07 14:45:10",53
"2020-02-07 15:44:59",54
"2020-02-07 16:45:03",54
"2020-02-07 17:45:12",54
"2020-02-07 18:44:55",54
"2020-02-07 19:45:07",54
"2020-02-07 20:45:02",54
"2020-02-07 21:44:55",54
"2020-02-07 22:45:02",54
"2020-02-07 23:44:49",54
"2020-02-08 00:44:54",54
"2020-02-08 01:44:49",54
"2020-02-08 02:44:58",54
"2020-02-08 03:45:00",54
"2020-02-08 04:44:59",54
"2020-02-08 05:44:55",54
"2020-02-08 06:44:51",54
"2020-02-08 07:45:01",54
"2020-02-08 08:44:47",54
"2020-02-08 09:44:55",54
"2020-02-08 10:44:42",54
"2020-02-08 11:44:52",54
"2020-02-08 12:44:48",54
"2020-02-08 13:44:50",54
"2020-02-08 14:45:03",54
"2020-02-08 15:44:59",54
"2020-02-08 16:44:59",54
"2020-02-08 17:45:03",54
"2020-02-08 18:47:42",54
"2020-02-08 19:44:52",54
"2020-02-08 20:45:01",54
"2020-02-08 21:44:58",54
"2020-02-08 22:44:58",54
"2020-02-08 23:44:56",54
"2020-02-09 00:44:51",54
"2020-02-09 01:44:55",54
"2020-02-09 02:45:04",54
"2020-02-09 03:44:58",54
"2020-02-09 04:44:49",54
"2020-02-09 05:44:51",54
"2020-02-09 06:44:53",54
"2020-02-09 07:44:52",54
"2020-02-09 08:44:52",54
"2020-02-09 09:44:57",54
"2020-02-09 10:44:56",54
"2020-02-09 11:44:56",54
"2020-02-09 12:44:49",54
"2020-02-09 13:44:52",54
"2020-02-09 14:44:50",54
"2020-02-09 15:44:57",54
"2020-02-09 16:44:53",54
"2020-02-09 17:45:00",54
"2020-02-09 18:44:53",54
"2020-02-09 19:45:00",54
"2020-02-09 20:44:57",54
"2020-02-09 21:45:11",54
"2020-02-09 22:44:54",54
"2020-02-09 23:45:31",54
"2020-02-10 00:45:01",54
"2020-02-10 01:44:55",54
"2020-02-10 02:44:56",54
"2020-02-10 03:44:57",54
"2020-02-10 04:44:53",54
"2020-02-10 05:45:07",54
"2020-02-10 06:45:04",54
"2020-02-10 07:44:58",54
"2020-02-10 08:44:53",54
"2020-02-10 09:45:01",54
"2020-02-10 10:44:55",54
"2020-02-10 11:44:52",54
"2020-02-10 12:44:51",54
"2020-02-10 13:44:53",54
"2020-02-10 14:45:04",54
"2020-02-10 15:45:10",55
"2020-02-10 16:45:07",56
"2020-02-10 17:44:57",55
"2020-02-10 18:45:01",55
"2020-02-10 19:45:00",55
"2020-02-10 20:45:08",55
"2020-02-10 21:45:04",55
"2020-02-10 22:44:59",55
"2020-02-10 23:44:53",55
"2020-02-11 00:45:02",55
"2020-02-11 01:45:18",55
"2020-02-11 02:45:02",55
"2020-02-11 03:45:01",55
"2020-02-11 04:45:04",55
"2020-02-11 05:44:56",55
"2020-02-11 06:45:03",55
"2020-02-11 07:44:53",55
"2020-02-11 08:45:00",55
"2020-02-11 09:45:03",55
"2020-02-11 10:44:47",55
"2020-02-11 11:44:48",55
"2020-02-11 12:44:42",55
"2020-02-11 14:08:17",55
"2020-02-11 14:45:13",55
"2020-02-11 15:45:04",55
"2020-02-11 16:45:14",55
"2020-02-11 17:45:00",55
"2020-02-11 18:45:04",55
"2020-02-11 19:45:04",55
"2020-02-11 20:45:05",56
"2020-02-11 21:47:13",56
"2020-02-11 22:45:17",56
"2020-02-11 23:44:55",56
"2020-02-12 00:45:18",56
"2020-02-12 01:45:01",56
"2020-02-12 02:45:26",56
"2020-02-12 03:44:57",56
"2020-02-12 04:45:05",56
"2020-02-12 05:44:57",56
"2020-02-12 06:45:02",56
"2020-02-12 07:44:54",56
"2020-02-12 08:44:56",56
"2020-02-12 09:45:03",56
"2020-02-12 10:44:47",56
"2020-02-12 11:44:54",56
"2020-02-12 12:44:50",56
"2020-02-12 14:08:17",56
"2020-02-12 14:45:13",56
"2020-02-12 15:45:05",56
"2020-02-12 16:45:00",56
"2020-02-12 17:45:02",56
"2020-02-12 18:45:06",56
"2020-02-12 19:45:03",55
"2020-02-12 20:45:09",55
"2020-02-12 21:45:01",55
"2020-02-12 22:44:45",55
"2020-02-12 23:44:38",55
"2020-02-13 00:45:05",55
"2020-02-13 01:44:51",55
"2020-02-13 02:45:11",55
"2020-02-13 03:45:05",55
"2020-02-13 04:44:58",55
"2020-02-13 05:45:00",55
"2020-02-13 06:45:07",55
"2020-02-13 07:44:47",55
"2020-02-13 08:44:56",55
"2020-02-13 09:44:45",55
"2020-02-13 10:44:37",55
"2020-02-13 11:44:56",55
"2020-02-13 12:44:47",55
"2020-02-13 14:08:15",55
"2020-02-13 14:44:56",55
"2020-02-13 15:44:59",56
"2020-02-13 16:44:56",57
"2020-02-13 17:45:13",57
"2020-02-13 18:45:12",57
"2020-02-13 19:45:03",57
"2020-02-13 20:44:53",57
"2020-02-13 21:44:57",57
"2020-02-13 22:44:45",57
"2020-02-13 23:44:49",57
"2020-02-14 00:44:41",57
"2020-02-14 01:45:01",57
"2020-02-14 02:44:59",57
"2020-02-14 03:44:51",57
"2020-02-14 04:44:54",57
"2020-02-14 05:44:51",57
"2020-02-14 06:44:37",57
"2020-02-14 07:44:35",57
"2020-02-14 08:44:52",57
"2020-02-14 09:44:48",57
"2020-02-14 10:44:45",57
"2020-02-14 11:44:39",57
"2020-02-14 12:44:45",57
"2020-02-14 13:44:53",57
"2020-02-14 14:45:02",57
"2020-02-14 15:45:10",57
"2020-02-14 16:44:55",57
"2020-02-14 17:44:56",57
"2020-02-14 18:44:43",57
"2020-02-14 19:44:52",57
"2020-02-14 20:44:59",57
"2020-02-14 21:44:46",57
"2020-02-14 22:44:40",57
"2020-02-14 23:44:55",57
"2020-02-15 00:44:41",57
"2020-02-15 01:44:57",57
"2020-02-15 02:44:54",57
"2020-02-15 03:44:45",57
"2020-02-15 04:44:50",57
"2020-02-15 05:44:25",57
"2020-02-15 06:44:41",57
"2020-02-15 07:44:30",57
"2020-02-15 08:44:26",57
"2020-02-15 09:44:30",57
"2020-02-15 10:44:24",57
"2020-02-15 11:44:27",57
"2020-02-15 12:44:36",57
"2020-02-15 13:44:27",57
"2020-02-15 14:44:30",57
"2020-02-15 15:44:31",57
"2020-02-15 16:44:25",57
"2020-02-15 17:44:27",57
"2020-02-15 18:44:43",57
"2020-02-15 19:44:26",57
"2020-02-15 20:44:27",57
"2020-02-15 21:44:27",57
"2020-02-15 22:44:28",57
"2020-02-15 23:44:28",57
"2020-02-16 00:44:27",57
"2020-02-16 01:44:27",57
"2020-02-16 02:44:26",57
"2020-02-16 03:44:24",57
"2020-02-16 04:44:28",57
"2020-02-16 05:44:29",57
"2020-02-16 06:44:26",57
"2020-02-16 07:44:25",57
"2020-02-16 08:44:26",57
"2020-02-16 09:44:29",57
"2020-02-16 10:44:26",57
"2020-02-16 11:44:27",57
"2020-02-16 12:44:27",57
"2020-02-16 13:44:26",57
"2020-02-16 14:44:29",57
"2020-02-16 15:44:42",57
"2020-02-16 16:44:40",57
"2020-02-16 17:44:28",57
"2020-02-16 18:44:30",57
"2020-02-16 19:44:27",57
"2020-02-16 20:44:28",57
"2020-02-16 21:44:27",57
"2020-02-16 22:44:27",57
"2020-02-16 23:44:29",57
"2020-02-17 00:44:28",57
"2020-02-17 01:44:24",57
"2020-02-17 02:44:31",57
"2020-02-17 03:44:26",57
"2020-02-17 04:44:28",57
"2020-02-17 05:44:28",57
"2020-02-17 06:44:30",57
"2020-02-17 07:44:26",57
"2020-02-17 08:44:29",57
"2020-02-17 09:44:29",57
"2020-02-17 10:44:26",57
"2020-02-17 11:44:25",57
"2020-02-17 12:44:37",57
"2020-02-17 13:44:25",57
"2020-02-17 14:44:23",57
"2020-02-17 15:44:27",57
"2020-02-17 16:44:35",57
"2020-02-17 17:44:26",57
"2020-02-17 18:44:27",57
"2020-02-17 19:44:25",57
"2020-02-17 20:44:26",57
"2020-02-17 22:44:33",57
"2020-02-17 23:44:39",57
"2020-02-18 00:44:25",57
"2020-02-18 01:44:26",57
"2020-02-18 02:44:32",57
"2020-02-18 03:44:28",57
"2020-02-18 04:44:28",57
"2020-02-18 05:44:53",57
"2020-02-18 06:44:38",57
"2020-02-18 07:44:37",57
"2020-02-18 08:44:47",57
"2020-02-18 09:44:47",57
"2020-02-18 10:44:43",57
"2020-02-18 11:44:39",57
"2020-02-18 12:45:00",57
"2020-02-18 14:08:44",57
"2020-02-18 14:45:00",57
"2020-02-18 15:44:56",57
"2020-02-18 16:44:56",57
"2020-02-18 17:44:49",57
"2020-02-18 18:44:46",57
"2020-02-18 19:44:52",58
"2020-02-18 20:44:50",58
"2020-02-18 21:44:42",58
"2020-02-18 22:44:40",58
"2020-02-18 23:44:49",58
"2020-02-19 01:44:49",58
"2020-02-19 02:44:48",58
"2020-02-19 03:44:55",58
"2020-02-19 04:44:46",58
"2020-02-19 05:44:38",58
"2020-02-19 06:44:49",58
"2020-02-19 07:44:43",58
"2020-02-19 08:44:39",58
"2020-02-19 09:44:51",58
"2020-02-19 10:44:35",58
"2020-02-19 11:44:34",58
"2020-02-19 12:44:42",58
"2020-02-19 14:10:15",58
"2020-02-19 14:45:00",58
"2020-02-19 15:45:00",58
"2020-02-19 16:44:40",57
"2020-02-19 17:44:52",57
"2020-02-19 18:44:48",57
"2020-02-19 19:44:35",57
"2020-02-19 20:44:40",57
"2020-02-19 21:45:00",57
"2020-02-19 22:44:50",57
"2020-02-19 23:44:42",57
"2020-02-20 00:44:45",57
"2020-02-20 01:44:48",57
"2020-02-20 02:44:56",57
"2020-02-20 03:44:46",57
"2020-02-20 04:44:52",57
"2020-02-20 05:44:43",57
"2020-02-20 06:44:59",57
"2020-02-20 07:44:51",57
"2020-02-20 08:44:59",57
"2020-02-20 09:44:42",57
"2020-02-20 10:44:47",57
"2020-02-20 11:44:48",57
"2020-02-20 12:44:53",57
"2020-02-20 13:44:55",57
"2020-02-20 14:44:36",57
"2020-02-20 15:44:44",57
"2020-02-20 16:44:36",58
"2020-02-20 17:44:47",58
"2020-02-20 18:45:00",58
"2020-02-20 19:45:12",58
"2020-02-20 20:45:06",58
"2020-02-20 21:45:02",58
"2020-02-20 22:45:06",58
"2020-02-20 23:44:59",58
"2020-02-21 00:44:59",58
"2020-02-21 01:45:00",58
"2020-02-21 02:45:10",58
"2020-02-21 03:45:30",58
"2020-02-21 04:45:33",58
"2020-02-21 05:45:08",58
"2020-02-21 06:45:08",58
"2020-02-21 07:45:14",58
"2020-02-21 08:45:05",58
"2020-02-21 09:45:34",58
"2020-02-21 10:45:59",58
"2020-02-21 11:45:25",58
"2020-02-21 12:45:24",58
"2020-02-21 13:45:30",58
"2020-02-21 14:45:28",58
"2020-02-21 15:45:42",58
"2020-02-21 16:45:58",59
"2020-02-21 17:45:53",59
"2020-02-21 18:45:30",59
"2020-02-21 19:45:13",59
"2020-02-21 20:45:09",59
"2020-02-21 21:45:32",59
"2020-02-21 22:45:12",59
"2020-02-21 23:46:45",59
"2020-02-22 00:45:47",59
"2020-02-22 01:45:17",59
"2020-02-22 02:45:17",59
"2020-02-22 03:45:43",59
"2020-02-22 04:45:28",59
"2020-02-22 05:45:07",59
"2020-02-22 06:44:43",59
"2020-02-22 07:45:05",59
"2020-02-22 08:45:27",59
"2020-02-22 09:44:43",59
"2020-02-22 10:44:58",59
"2020-02-22 11:44:43",59
"2020-02-22 12:45:12",59
"2020-02-22 13:46:24",59
"2020-02-22 14:44:43",59
"2020-02-22 15:44:51",59
"2020-02-22 16:45:44",59
"2020-02-22 17:45:21",59
"2020-02-22 18:44:50",59
"2020-02-22 19:44:48",59
"2020-02-22 20:45:13",59
"2020-02-22 21:46:03",59
"2020-02-22 22:45:27",59
"2020-02-22 23:44:43",59
"2020-02-23 00:44:49",59
"2020-02-23 01:44:57",59
"2020-02-23 02:45:06",59
"2020-02-23 03:44:52",59
"2020-02-23 04:45:14",59
"2020-02-23 05:45:11",59
"2020-02-23 06:44:50",59
"2020-02-23 07:44:56",59
"2020-02-23 08:45:27",59
"2020-02-23 09:44:52",59
"2020-02-23 10:44:53",59
"2020-02-23 11:44:55",59
"2020-02-23 12:44:51",59
"2020-02-23 13:44:53",59
"2020-02-23 14:45:13",59
"2020-02-23 15:44:51",59
"2020-02-23 16:44:55",59
"2020-02-23 17:44:45",59
"2020-02-23 18:44:53",59
"2020-02-23 19:44:53",59
"2020-02-23 20:44:52",59
"2020-02-23 21:45:14",59
"2020-02-23 22:44:39",59
"2020-02-23 23:44:55",59
"2020-02-24 00:45:24",59
"2020-02-24 01:44:44",59
"2020-02-24 02:45:19",59
"2020-02-24 03:44:52",59
"2020-02-24 04:44:59",59
"2020-02-24 05:45:43",59
"2020-02-24 06:45:10",59
"2020-02-24 07:45:04",59
"2020-02-24 08:45:14",59
"2020-02-24 09:56:40",59
"2020-02-24 10:45:00",59
"2020-02-24 11:45:32",59
"2020-02-24 12:45:02",59
"2020-02-24 13:45:23",59
"2020-02-24 14:45:57",59
"2020-02-24 15:45:12",60
"2020-02-24 16:45:39",60
"2020-02-24 17:45:14",61
"2020-02-24 18:45:22",61
"2020-02-24 19:45:44",61
"2020-02-24 20:45:40",61
"2020-02-24 21:45:34",61
"2020-02-24 22:45:36",61
"2020-02-24 23:45:07",61
"2020-02-25 00:45:08",61
"2020-02-25 01:45:04",61
"2020-02-25 02:45:21",61
"2020-02-25 03:45:13",61
"2020-02-25 04:45:16",61
"2020-02-25 05:45:53",61
"2020-02-25 06:45:19",61
"2020-02-25 07:45:19",61
"2020-02-25 08:45:34",61
"2020-02-25 09:57:24",61
"2020-02-25 10:45:26",61
"2020-02-25 11:45:11",61
"2020-02-25 12:45:18",61
"2020-02-25 14:09:41",61
"2020-02-25 14:45:21",61
"2020-02-25 15:45:23",61
"2020-02-25 16:45:21",61
"2020-02-25 17:45:20",61
"2020-02-25 18:45:35",61
"2020-02-25 19:45:10",61
"2020-02-25 20:45:43",61
"2020-02-25 21:45:41",61
"2020-02-25 22:45:11",61
"2020-02-25 23:45:17",61
"2020-02-26 00:45:10",61
"2020-02-26 01:45:16",61
"2020-02-26 02:45:13",61
"2020-02-26 03:45:11",61
"2020-02-26 04:45:49",61
"2020-02-26 05:45:39",61
"2020-02-26 06:45:43",61
"2020-02-26 07:45:58",61
"2020-02-26 08:45:30",61
"2020-02-26 09:45:20",61
"2020-02-26 10:45:16",61
"2020-02-26 11:45:31",61
"2020-02-26 12:45:06",61
"2020-02-26 13:45:42",61
"2020-02-26 14:45:58",61
"2020-02-26 15:45:41",61
"2020-02-26 16:45:17",61
"2020-02-26 17:45:24",61
"2020-02-26 18:45:20",61
"2020-02-26 19:45:35",61
"2020-02-26 20:45:35",61
"2020-02-26 21:45:33",61
"2020-02-26 22:45:35",61
"2020-02-26 23:45:36",61
"2020-02-27 00:45:10",61
"2020-02-27 01:45:14",61
"2020-02-27 02:45:06",61
"2020-02-27 03:45:47",61
"2020-02-27 04:45:10",61
"2020-02-27 05:45:13",61
"2020-02-27 06:45:12",61
"2020-02-27 07:45:03",61
"2020-02-27 08:45:35",61
"2020-02-27 09:45:21",61
"2020-02-27 10:45:39",61
"2020-02-27 11:45:20",61
"2020-02-27 12:45:34",61
"2020-02-27 14:08:13",61
"2020-02-27 14:46:00",61
"2020-02-27 15:45:38",60
"2020-02-27 16:45:41",60
"2020-02-27 17:45:24",60
"2020-02-27 18:45:33",60
"2020-02-27 19:45:08",60
"2020-02-27 20:45:23",60
"2020-02-27 21:45:14",60
"2020-02-27 22:45:42",60
"2020-02-27 23:45:20",60
"2020-02-28 00:45:49",60
"2020-02-28 01:45:12",60
"2020-02-28 02:45:09",60
"2020-02-28 03:45:43",60
"2020-02-28 04:45:54",60
"2020-02-28 05:45:37",60
"2020-02-28 06:45:34",60
"2020-02-28 07:45:37",60
"2020-02-28 08:45:47",60
"2020-02-28 09:45:50",60
"2020-02-28 10:45:13",60
"2020-02-28 11:45:24",60
"2020-02-28 12:45:34",60
"2020-02-28 14:08:48",60
"2020-02-28 14:45:24",60
"2020-02-28 15:45:18",58
"2020-02-28 16:45:26",58
"2020-02-28 17:45:22",58
"2020-02-28 18:45:25",58
"2020-02-28 19:45:51",58
"2020-02-28 20:45:15",58
"2020-02-28 21:45:14",58
"2020-02-28 22:45:39",58
"2020-02-28 23:45:17",58
"2020-02-29 00:45:20",58
"2020-02-29 01:45:19",58
"2020-02-29 02:45:22",58
"2020-02-29 03:45:09",58
"2020-02-29 04:45:25",58
"2020-02-29 05:45:28",58
"2020-02-29 06:45:14",58
"2020-02-29 07:46:07",58
"2020-02-29 08:46:32",58
"2020-02-29 09:46:06",58
"2020-02-29 10:44:52",58
"2020-02-29 11:44:48",58
"2020-02-29 12:46:10",58
"2020-02-29 13:46:07",58
"2020-02-29 14:44:57",58
"2020-02-29 15:44:56",58
"2020-02-29 16:45:23",58
"2020-02-29 17:45:17",58
"2020-02-29 18:44:58",58
"2020-02-29 19:44:56",58
"2020-02-29 20:44:50",58
"2020-02-29 21:45:07",58
"2020-02-29 22:46:33",58
"2020-02-29 23:46:02",58
"2020-03-01 00:46:05",58
"2020-03-01 01:46:06",58
"2020-03-01 02:44:58",58
"2020-03-01 03:46:05",58
"2020-03-01 04:44:53",58
"2020-03-01 05:45:18",58
"2020-03-01 06:44:55",58
"2020-03-01 07:45:12",58
"2020-03-01 08:44:50",58
"2020-03-01 09:46:05",58
"2020-03-01 10:46:01",58
"2020-03-01 11:45:09",58
"2020-03-01 12:45:18",58
"2020-03-01 13:44:52",58
"2020-03-01 14:44:47",58
"2020-03-01 15:46:07",58
"2020-03-01 16:45:22",58
"2020-03-01 17:46:02",58
"2020-03-01 18:46:09",58
"2020-03-01 19:46:11",58
"2020-03-01 20:46:09",58
"2020-03-01 21:44:53",58
"2020-03-01 22:44:54",58
"2020-03-01 23:46:07",58
"2020-03-02 00:44:46",58
"2020-03-02 01:45:20",58
"2020-03-02 02:46:04",58
"2020-03-02 03:46:34",58
"2020-03-02 04:45:24",58
"2020-03-02 05:46:33",58
"2020-03-02 07:45:18",58
"2020-03-02 08:46:31",58
"2020-03-02 09:46:23",58
"2020-03-02 10:45:29",58
"2020-03-02 11:45:15",58
"2020-03-02 12:45:36",58
"2020-03-02 13:46:35",58
"2020-03-02 18:47:01",58
"2020-03-03 00:45:37",58
"2020-03-03 01:45:52",58
"2020-03-03 02:45:40",58
"2020-03-03 03:46:04",58
"2020-03-03 04:46:32",58
"2020-03-03 06:46:51",58
"2020-03-03 07:45:36",58
"2020-03-03 08:46:58",58
"2020-03-03 09:47:06",58
"2020-03-03 10:45:40",58
"2020-03-03 11:47:23",58
"2020-03-03 12:45:37",58
"2020-03-03 13:47:06",58
"2020-03-03 14:46:48",58
"2020-03-03 16:47:33",59
"2020-03-03 17:47:10",59
"2020-03-03 18:45:18",59
"2020-03-03 19:45:13",59
"2020-03-03 20:45:47",59
"2020-03-03 21:45:39",59
"2020-03-03 22:47:41",59
"2020-03-03 23:46:29",59
"2020-03-04 00:46:54",59
"2020-03-04 01:46:35",59
"2020-03-04 02:45:23",59
"2020-03-04 03:45:33",59
"2020-03-04 04:47:01",59
"2020-03-04 05:45:24",59
"2020-03-04 06:46:51",59
"2020-03-04 07:45:40",59
"2020-03-04 08:46:33",59
"2020-03-04 09:45:37",59
"2020-03-04 10:45:10",59
"2020-03-04 11:46:54",59
"2020-03-04 12:46:48",59
"2020-03-04 13:47:12",59
"2020-03-04 14:45:17",59
"2020-03-04 15:47:04",59
"2020-03-04 16:45:23",59
"2020-03-04 17:45:37",59
"2020-03-04 18:46:31",59
"2020-03-04 19:46:38",59
"2020-03-04 20:46:37",59
"2020-03-04 21:45:08",59
"2020-03-04 22:46:33",59
"2020-03-04 23:45:25",59
"2020-03-05 00:45:33",59
"2020-03-05 01:45:40",59
"2020-03-05 02:45:22",59
"2020-03-05 03:45:21",59
"2020-03-05 04:45:46",59
"2020-03-05 05:45:43",59
"2020-03-05 06:45:26",59
"2020-03-05 07:45:16",59
"2020-03-05 08:46:49",59
"2020-03-05 09:45:47",59
"2020-03-05 10:45:15",59
"2020-03-05 11:46:18",59
"2020-03-05 12:45:35",59
"2020-03-05 13:45:43",59
"2020-03-05 14:46:34",59
"2020-03-05 15:45:43",59
"2020-03-05 16:46:33",59
"2020-03-05 17:45:21",59
"2020-03-05 18:45:27",59
"2020-03-05 19:45:19",59
"2020-03-05 20:45:21",59
"2020-03-05 21:45:15",59
"2020-03-05 22:46:32",59
"2020-03-05 23:46:32",59
"2020-03-06 00:45:14",59
"2020-03-06 01:45:23",59
"2020-03-06 02:46:39",59
"2020-03-06 03:46:33",59
"2020-03-06 04:46:35",59
"2020-03-06 05:46:37",59
"2020-03-06 06:46:57",59
"2020-03-06 07:46:27",59
"2020-03-06 08:45:36",59
"2020-03-06 09:46:41",59
"2020-03-06 10:45:18",59
"2020-03-06 11:46:52",59
"2020-03-06 12:45:25",59
"2020-03-06 13:45:05",59
"2020-03-06 14:47:13",59
"2020-03-06 15:45:44",60
"2020-03-06 16:45:45",60
"2020-03-06 17:45:27",60
"2020-03-06 18:45:14",59
"2020-03-06 19:45:34",59
"2020-03-06 20:45:22",60
"2020-03-06 21:45:13",60
"2020-03-06 22:45:17",60
"2020-03-06 23:45:39",60
"2020-03-07 00:45:13",60
"2020-03-07 01:45:41",60
"2020-03-07 02:45:16",60
"2020-03-07 03:46:55",60
"2020-03-07 04:47:03",60
"2020-03-07 05:46:39",60
"2020-03-07 06:46:33",60
"2020-03-07 07:45:45",60
"2020-03-07 08:46:29",60
"2020-03-07 09:45:34",60
"2020-03-07 10:45:39",60
"2020-03-07 11:46:30",60
"2020-03-07 12:45:35",60
"2020-03-07 13:45:11",60
"2020-03-07 14:45:25",60
"2020-03-07 15:45:19",60
"2020-03-07 16:45:19",60
"2020-03-07 17:45:42",60
"2020-03-07 18:45:23",60
"2020-03-07 19:45:21",60
"2020-03-07 20:46:35",60
"2020-03-07 21:47:00",60
"2020-03-07 22:46:38",60
"2020-03-07 23:46:38",60
"2020-03-08 00:45:21",60
"2020-03-08 01:45:36",60
"2020-03-08 02:45:40",60
"2020-03-08 03:46:40",60
"2020-03-08 04:46:34",60
"2020-03-08 05:46:40",60
"2020-03-08 06:46:03",60
"2020-03-08 07:46:33",60
"2020-03-08 08:46:41",60
"2020-03-08 09:45:47",60
"2020-03-08 10:46:39",60
"2020-03-08 11:45:43",60
"2020-03-08 12:46:57",60
"2020-03-08 13:47:01",60
"2020-03-08 14:45:17",60
"2020-03-08 15:46:40",60
"2020-03-08 16:45:14",60
"2020-03-08 17:45:23",60
"2020-03-08 18:47:02",60
"2020-03-08 19:46:06",60
"2020-03-08 20:45:47",60
"2020-03-08 21:45:10",60
"2020-03-08 22:46:32",60
"2020-03-08 23:45:24",60
"2020-03-09 00:46:49",60
"2020-03-09 01:45:24",60
"2020-03-09 02:46:48",60
"2020-03-09 03:46:41",60
"2020-03-09 04:46:35",60
"2020-03-09 05:45:13",60
"2020-03-09 06:45:16",60
"2020-03-09 07:45:20",60
"2020-03-09 08:45:16",60
"2020-03-09 09:45:39",60
"2020-03-09 10:46:25",60
"2020-03-09 11:46:31",60
"2020-03-09 12:45:56",60
"2020-03-09 13:45:05",60
"2020-03-09 14:46:36",60
"2020-03-09 15:45:40",59
"2020-03-09 16:45:24",59
"2020-03-09 17:44:56",59
"2020-03-09 18:45:01",59
"2020-03-09 19:45:16",59
"2020-03-09 20:45:22",59
"2020-03-09 21:46:28",59
"2020-03-09 22:46:27",59
"2020-03-09 23:47:00",59
"2020-03-10 00:45:07",59
"2020-03-10 01:46:30",59
"2020-03-10 02:45:42",59
"2020-03-10 03:46:55",59
"2020-03-10 04:45:36",59
"2020-03-10 06:46:49",59
"2020-03-10 07:46:48",59
"2020-03-10 08:45:24",59
"2020-03-10 09:46:24",59
"2020-03-10 10:46:14",59
"2020-03-10 11:46:30",59
"2020-03-10 12:45:36",59
"2020-03-10 13:45:53",59
"2020-03-10 14:46:58",59
"2020-03-10 15:47:01",59
"2020-03-10 16:45:10",59
"2020-03-10 17:46:38",59
"2020-03-10 18:46:35",59
"2020-03-10 19:46:38",59
"2020-03-10 20:48:04",59
"2020-03-10 21:46:52",59
"2020-03-10 22:46:31",59
"2020-03-10 23:45:36",59
"2020-03-11 00:46:42",59
"2020-03-11 01:46:47",59
"2020-03-11 02:47:00",59
"2020-03-11 03:45:39",59
"2020-03-11 04:45:46",59
"2020-03-11 05:46:52",59
"2020-03-11 06:46:32",59
"2020-03-11 07:45:17",59
"2020-03-11 08:45:45",59
"2020-03-11 09:45:07",59
"2020-03-11 10:45:14",59
"2020-03-11 11:46:37",59
"2020-03-11 12:46:49",59
"2020-03-11 13:46:37",59
"2020-03-11 14:45:42",59
"2020-03-11 15:45:20",59
"2020-03-11 16:46:56",59
"2020-03-11 17:45:40",59
"2020-03-11 18:45:17",59
"2020-03-11 19:46:54",59
"2020-03-11 20:47:00",59
"2020-03-11 21:45:41",59
"2020-03-11 22:45:43",59
"2020-03-11 23:45:57",59
"2020-03-12 00:45:11",59
"2020-03-12 01:46:35",59
"2020-03-12 02:45:33",59
"2020-03-12 03:46:35",59
"2020-03-12 04:46:52",59
"2020-03-12 05:45:46",59
"2020-03-12 06:45:31",59
"2020-03-12 07:45:36",59
"2020-03-12 08:46:47",59
"2020-03-12 09:46:02",59
"2020-03-12 10:46:34",59
"2020-03-12 11:46:33",59
"2020-03-12 12:46:29",59
"2020-03-12 13:47:06",59
"2020-03-12 14:45:13",58
"2020-03-12 15:45:13",58
"2020-03-12 16:45:25",58
"2020-03-12 17:45:18",59
"2020-03-12 18:46:53",59
"2020-03-12 19:45:45",58
"2020-03-12 20:45:23",58
"2020-03-12 21:47:08",58
"2020-03-12 22:45:11",58
"2020-03-12 23:46:58",58
"2020-03-13 00:46:59",58
"2020-03-13 01:45:12",58
"2020-03-13 02:46:38",58
"2020-03-13 03:46:41",58
"2020-03-13 04:45:39",58
"2020-03-13 05:45:51",58
"2020-03-13 06:47:19",58
"2020-03-13 07:47:11",58
"2020-03-13 08:47:18",58
"2020-03-13 09:47:25",58
"2020-03-13 10:45:44",58
"2020-03-13 11:46:27",58
"2020-03-13 13:08:18",58
"2020-03-13 13:45:55",58
"2020-03-13 14:45:53",60
"2020-03-13 15:45:48",60
"2020-03-13 16:46:40",60
"2020-03-13 17:46:33",60
"2020-03-13 18:47:02",60
"2020-03-13 19:46:38",61
"2020-03-13 20:45:21",61
"2020-03-13 21:45:41",61
"2020-03-13 22:45:21",61
"2020-03-13 23:46:30",61
"2020-03-14 00:45:43",61
"2020-03-14 01:46:58",61
"2020-03-14 02:46:43",61
"2020-03-14 03:45:42",61
"2020-03-14 04:46:57",61
"2020-03-14 05:46:39",61
"2020-03-14 06:45:45",61
"2020-03-14 07:46:54",61
"2020-03-14 08:46:36",61
"2020-03-14 09:46:39",61
"2020-03-14 10:45:33",61
"2020-03-14 11:45:30",61
"2020-03-14 12:45:35",61
"2020-03-14 13:45:19",61
"2020-03-14 14:46:38",61
"2020-03-14 15:45:23",61
"2020-03-14 16:46:31",61
"2020-03-14 17:45:39",61
"2020-03-14 18:46:37",61
"2020-03-14 19:45:45",61
"2020-03-14 20:46:43",61
"2020-03-14 21:46:35",61
"2020-03-14 22:47:02",61
"2020-03-14 23:46:28",61
"2020-03-15 00:45:35",61
"2020-03-15 01:45:38",61
"2020-03-15 02:46:54",61
"2020-03-15 03:46:57",61
"2020-03-15 04:45:25",61
"2020-03-15 05:46:58",61
"2020-03-15 06:45:48",61
"2020-03-15 07:47:06",61
"2020-03-15 09:01:07",61
"2020-03-15 09:46:01",61
"2020-03-15 10:46:29",61
"2020-03-15 11:47:00",61
"2020-03-15 12:46:31",61
"2020-03-15 13:45:23",61
"2020-03-15 14:46:02",61
"2020-03-15 15:45:36",61
"2020-03-15 16:46:29",61
"2020-03-15 17:45:47",61
"2020-03-15 18:46:57",61
"2020-03-15 19:46:35",61
"2020-03-15 20:45:42",61
"2020-03-15 21:45:48",61
"2020-03-15 22:46:35",61
"2020-03-15 23:46:28",61
"2020-03-16 00:45:22",61
"2020-03-16 01:45:20",61
"2020-03-16 02:45:17",61
"2020-03-16 03:46:17",61
"2020-03-16 04:46:37",61
"2020-03-16 05:46:58",61
"2020-03-16 06:45:37",61
"2020-03-16 07:46:55",61
"2020-03-16 08:59:43",61
"2020-03-16 09:46:29",61
"2020-03-16 10:45:44",61
"2020-03-16 11:46:33",61
"2020-03-16 13:09:53",61
"2020-03-16 13:46:46",61
"2020-03-16 14:45:30",61
"2020-03-16 15:46:25",61
"2020-03-16 16:45:29",61
"2020-03-16 17:45:47",61
"2020-03-16 18:45:24",60
"2020-03-16 19:46:58",60
"2020-03-16 20:45:15",60
"2020-03-16 21:45:49",60
"2020-03-16 22:45:27",60
"2020-03-16 23:46:45",60
"2020-03-17 00:46:40",60
"2020-03-17 01:45:31",60
"2020-03-17 02:46:41",60
"2020-03-17 20:11:44",58
"2020-03-17 20:19:30",58
"2020-03-17 20:45:46",58
"2020-03-17 21:45:30",58
"2020-03-17 22:45:23",58
"2020-03-17 23:45:33",58
"2020-03-18 00:45:42",58
"2020-03-18 01:45:51",58
"2020-03-18 02:45:49",58
"2020-03-18 03:45:54",58
"2020-03-18 04:45:45",58
"2020-03-18 05:45:50",58
"2020-03-18 06:45:32",58
"2020-03-18 07:45:51",58
"2020-03-18 08:45:14",58
"2020-03-18 09:45:41",58
"2020-03-18 10:45:22",58
"2020-03-18 11:45:20",58
"2020-03-18 13:09:50",58
"2020-03-18 13:45:59",58
"2020-03-18 14:45:31",57
"2020-03-18 15:45:38",58
"2020-03-18 16:45:32",57
"2020-03-18 17:45:55",57
"2020-03-18 18:45:26",57
"2020-03-18 19:45:39",57
"2020-03-18 20:45:27",57
"2020-03-18 21:45:28",57
"2020-03-18 22:45:21",57
"2020-03-18 23:45:41",57
"2020-03-19 00:45:33",57
"2020-03-19 01:45:39",57
"2020-03-19 02:45:19",57
"2020-03-19 03:45:13",57
"2020-03-19 04:45:24",57
"2020-03-19 05:47:02",57
"2020-03-19 06:45:33",57
"2020-03-19 07:45:33",57
"2020-03-19 08:45:26",57
"2020-03-19 09:45:41",57
"2020-03-19 10:45:13",57
"2020-03-19 11:45:21",57
"2020-03-19 12:45:20",57
"2020-03-19 13:45:27",57
"2020-03-19 14:45:30",57
"2020-03-19 15:45:31",57
"2020-03-19 16:45:31",58
"2020-03-19 17:45:29",58
"2020-03-19 18:45:18",58
"2020-03-19 19:45:36",57
"2020-03-19 20:45:53",58
"2020-03-19 21:45:42",58
"2020-03-19 22:45:23",57
"2020-03-19 23:46:07",57
"2020-03-20 00:45:22",57
"2020-03-20 01:45:24",57
"2020-03-20 02:46:10",57
"2020-03-20 03:45:35",57
"2020-03-20 04:45:30",57
"2020-03-20 06:45:48",57
"2020-03-20 07:45:29",57
"2020-03-20 08:46:12",57
"2020-03-20 09:45:44",57
"2020-03-20 10:45:25",57
"2020-03-20 11:45:27",57
"2020-03-20 13:08:47",57
"2020-03-20 13:45:57",57
"2020-03-20 14:45:30",57
"2020-03-20 15:45:23",58
"2020-03-20 16:45:30",57
"2020-03-20 17:45:30",57
"2020-03-20 18:45:19",58
"2020-03-20 19:45:31",59
"2020-03-20 20:45:26",59
"2020-03-20 21:45:21",59
"2020-03-20 22:45:52",59
"2020-03-20 23:45:52",59
"2020-03-21 00:45:32",59
"2020-03-21 01:45:30",59
"2020-03-21 02:45:45",59
"2020-03-21 03:45:51",59
"2020-03-21 04:45:23",59
"2020-03-21 05:45:22",59
"2020-03-21 06:45:26",59
"2020-03-21 07:45:44",59
"2020-03-21 08:45:49",59
"2020-03-21 09:45:23",59
"2020-03-21 10:45:30",59
"2020-03-21 11:45:38",59
"2020-03-21 12:45:14",59
"2020-03-21 13:45:25",59
"2020-03-21 14:46:03",59
"2020-03-21 15:45:43",59
"2020-03-21 16:45:39",59
"2020-03-21 17:45:52",59
"2020-03-21 18:45:32",59
"2020-03-21 19:45:32",59
"2020-03-21 20:45:18",59
"2020-03-21 21:45:33",59
"2020-03-21 22:45:19",59
"2020-03-21 23:45:26",59
"2020-03-22 00:45:20",59
"2020-03-22 01:45:46",59
"2020-03-22 02:45:21",59
"2020-03-22 03:46:03",59
"2020-03-22 04:45:32",59
"2020-03-22 05:45:36",59
"2020-03-22 06:45:50",59
"2020-03-22 07:45:47",59
"2020-03-22 09:15:28",59
"2020-03-22 09:45:31",59
"2020-03-22 10:45:44",59
"2020-03-22 11:45:20",59
"2020-03-22 12:45:42",59
"2020-03-22 21:55:23",59
"2020-03-22 22:45:44",59
"2020-03-22 23:45:27",59
"2020-03-23 00:46:00",59
"2020-03-23 01:45:46",59
"2020-03-23 02:45:21",59
"2020-03-23 03:45:28",59
"2020-03-23 04:46:00",59
"2020-03-23 05:45:46",59
"2020-03-23 06:45:43",59
"2020-03-23 07:45:27",59
"2020-03-23 08:45:32",59
"2020-03-23 09:45:49",59
"2020-03-23 10:45:26",59
"2020-03-23 11:45:47",59
"2020-03-23 13:08:15",59
"2020-03-23 13:45:34",59
"2020-03-23 14:45:47",59
"2020-03-23 15:45:36",60
"2020-03-23 16:45:52",60
"2020-03-23 17:45:27",60
"2020-03-23 18:45:19",60
"2020-03-23 19:45:42",60
"2020-03-23 20:45:46",60
"2020-03-23 21:45:29",60
"2020-03-23 22:45:26",60
"2020-03-23 23:45:21",60
"2020-03-24 00:45:24",60
"2020-03-24 01:45:22",60
"2020-03-24 02:45:24",60
"2020-03-24 03:45:30",60
"2020-03-24 04:45:49",60
"2020-03-24 05:46:58",60
"2020-03-24 06:45:50",60
"2020-03-24 07:45:58",60
"2020-03-24 09:09:46",60
"2020-03-24 09:45:16",60
"2020-03-24 10:45:14",60
"2020-03-24 11:45:25",60
"2020-03-24 12:45:06",60
"2020-03-24 13:46:14",60
"2020-03-24 14:46:27",60
"2020-03-24 15:46:03",61
"2020-03-24 16:46:21",61
"2020-03-24 17:45:48",61
"2020-03-24 18:45:46",61
"2020-03-24 19:45:33",61
"2020-03-24 20:45:18",61
"2020-03-24 21:45:14",61
"2020-03-24 22:45:49",61
"2020-03-24 23:45:43",61
"2020-03-25 00:45:23",61
"2020-03-25 01:45:26",61
"2020-03-25 02:45:19",61
"2020-03-25 03:45:19",61
"2020-03-25 04:45:10",61
"2020-03-25 06:45:54",61
"2020-03-25 07:45:22",61
"2020-03-25 09:46:33",61
"2020-03-25 10:45:26",61
"2020-03-25 11:45:40",61
"2020-03-25 12:45:45",61
"2020-03-25 13:45:55",61
"2020-03-25 14:45:56",61
"2020-03-25 15:46:10",62
"2020-03-25 16:45:52",62
"2020-03-25 17:45:32",61
"2020-03-25 18:45:23",62
"2020-03-25 19:45:23",62
"2020-03-25 20:45:33",62
"2020-03-25 21:45:17",62
"2020-03-25 22:45:19",62
"2020-03-25 23:45:28",62
"2020-03-26 02:06:37",62
"2020-03-26 02:45:25",62
"2020-03-26 03:45:39",62
"2020-03-26 04:46:14",62
"2020-03-26 05:45:35",62
"2020-03-26 06:45:31",62
"2020-03-26 07:45:35",62
"2020-03-26 08:45:23",62
"2020-03-26 09:45:42",62
"2020-03-26 10:45:13",62
"2020-03-26 11:45:28",62
"2020-03-26 12:45:27",62
"2020-03-26 13:45:31",62
"2020-03-26 14:45:39",63
"2020-03-26 15:45:35",63
"2020-03-26 16:45:29",63
"2020-03-26 17:45:44",63
"2020-03-26 18:45:24",63
"2020-03-26 19:45:24",63
"2020-03-26 20:45:27",63
"2020-03-26 21:45:37",63
"2020-03-26 22:45:17",63
"2020-03-26 23:45:47",63
"2020-03-27 00:45:32",63
"2020-03-27 01:45:38",63
"2020-03-27 02:45:51",63
"2020-03-27 03:45:27",63
"2020-03-27 04:45:35",63
"2020-03-27 05:45:27",63
"2020-03-27 06:45:47",63
"2020-03-27 07:45:50",63
"2020-03-27 08:47:11",63
"2020-03-27 09:46:05",63
"2020-03-27 10:45:36",63
"2020-03-27 11:45:22",63
"2020-03-27 12:45:20",63
"2020-03-27 13:45:43",63
"2020-03-27 14:45:28",62
"2020-03-27 15:45:30",61
"2020-03-27 16:45:39",61
"2020-03-27 17:45:27",61
"2020-03-27 18:45:53",61
"2020-03-27 19:45:29",61
"2020-03-27 20:45:24",63
"2020-03-27 21:45:51",63
"2020-03-27 22:45:30",63
"2020-03-27 23:45:39",63
"2020-03-28 00:45:42",63
"2020-03-28 01:45:12",63
"2020-03-28 02:45:16",63
"2020-03-28 03:45:31",63
"2020-03-28 04:45:23",63
"2020-03-28 05:46:07",63
"2020-03-28 06:45:29",63
"2020-03-28 07:45:15",63
"2020-03-28 08:45:29",63
"2020-03-28 09:45:43",63
"2020-03-28 10:45:51",63
"2020-03-28 11:45:24",63
"2020-03-28 12:45:44",63
"2020-03-28 13:45:41",63
"2020-03-28 14:45:27",63
"2020-03-28 15:45:24",63
"2020-03-28 16:45:18",63
"2020-03-28 17:45:29",63
"2020-03-28 18:45:32",63
"2020-03-28 19:45:18",63
"2020-03-28 20:45:29",63
"2020-03-28 21:45:17",63
"2020-03-28 22:46:06",63
"2020-03-28 23:45:30",63
"2020-03-29 00:45:35",63
"2020-03-29 01:45:45",63
"2020-03-29 02:46:06",63
"2020-03-29 03:46:13",63
"2020-03-29 04:45:45",63
"2020-03-29 05:45:39",63
"2020-03-29 06:46:16",63
"2020-03-29 07:45:42",63
"2020-03-29 08:45:31",63
"2020-03-29 09:45:28",63
"2020-03-29 10:46:03",63
"2020-03-29 11:45:29",63
"2020-03-29 12:45:24",63
"2020-03-29 13:45:21",63
"2020-03-29 14:45:21",63
"2020-03-29 15:45:27",63
"2020-03-29 16:45:29",63
"2020-03-29 17:45:48",63
"2020-03-29 18:45:21",63
"2020-03-29 19:45:23",63
"2020-03-29 20:45:21",63
"2020-03-29 21:46:03",63
"2020-03-29 22:45:31",63
"2020-03-29 23:45:30",63
"2020-03-30 00:45:30",63
"2020-03-30 01:45:25",63
"2020-03-30 02:45:54",63
"2020-03-30 03:45:31",63
"2020-03-30 04:45:52",63
"2020-03-30 05:45:19",63
"2020-03-30 06:45:35",63
"2020-03-30 07:45:50",63
"2020-03-30 08:45:29",63
"2020-03-30 09:45:19",63
"2020-03-30 10:45:23",63
"2020-03-30 11:45:11",63
"2020-03-30 12:45:23",63
"2020-03-30 13:45:56",63
"2020-03-30 14:45:24",64
"2020-03-30 15:45:50",63
"2020-03-30 16:45:31",63
"2020-03-30 17:45:48",63
"2020-03-30 18:45:36",63
"2020-03-30 19:45:51",63
"2020-03-30 20:45:28",63
"2020-03-30 21:45:44",63
"2020-03-30 22:45:20",63
"2020-03-30 23:45:23",63
"2020-03-31 00:45:14",63
"2020-03-31 01:45:29",63
"2020-03-31 02:45:27",63
"2020-03-31 03:45:40",63
"2020-03-31 04:45:24",63
"2020-03-31 05:45:25",63
"2020-03-31 06:45:24",63
"2020-03-31 07:45:34",63
"2020-03-31 08:45:30",63
"2020-03-31 09:45:29",63
"2020-03-31 10:45:23",63
"2020-03-31 11:45:56",63
"2020-03-31 13:07:17",63
"2020-03-31 13:45:29",63
"2020-03-31 14:46:02",63
"2020-03-31 15:45:29",63
"2020-03-31 16:46:01",63
"2020-03-31 17:45:33",63
"2020-03-31 18:45:49",63
"2020-03-31 19:45:28",63
"2020-03-31 20:45:47",63
"2020-03-31 21:45:27",63
"2020-03-31 22:45:33",63
"2020-03-31 23:45:22",63
"2020-04-01 00:45:04",63
"2020-04-01 01:45:05",63
"2020-04-01 02:45:02",63
"2020-04-01 03:45:08",63
"2020-04-01 04:45:21",63
"2020-04-01 05:45:36",63
"2020-04-01 06:45:12",63
"2020-04-01 07:45:28",63
"2020-04-01 08:45:02",63
"2020-04-01 09:45:14",63
"2020-04-01 10:44:54",63
"2020-04-01 11:45:41",63
"2020-04-01 13:10:19",63
"2020-04-01 13:45:07",63
"2020-04-01 14:45:42",63
"2020-04-01 15:45:23",63
"2020-04-01 16:44:56",63
"2020-04-01 17:44:55",64
"2020-04-01 18:44:58",64
"2020-04-01 19:45:03",64
"2020-04-01 20:45:06",64
"2020-04-01 21:44:56",64
"2020-04-01 22:44:56",64
"2020-04-01 23:45:25",64
"2020-04-02 00:45:02",64
"2020-04-02 01:45:26",64
"2020-04-02 02:45:02",64
"2020-04-02 03:45:23",64
"2020-04-02 04:45:04",64
"2020-04-02 05:45:11",64
"2020-04-02 06:44:50",64
"2020-04-02 07:45:25",64
"2020-04-02 08:45:52",64
"2020-04-02 09:45:24",64
"2020-04-02 10:45:03",64
"2020-04-02 11:45:00",64
"2020-04-02 13:11:19",64
"2020-04-02 13:45:30",64
"2020-04-02 14:44:55",64
"2020-04-02 15:45:10",64
"2020-04-02 16:44:51",64
"2020-04-02 17:44:57",64
"2020-04-02 18:45:45",64
"2020-04-02 19:44:58",64
"2020-04-02 20:45:19",64
"2020-04-02 21:45:45",64
"2020-04-02 22:45:30",64
"2020-04-02 23:44:56",64
"2020-04-03 00:45:08",64
"2020-04-03 01:45:23",64
"2020-04-03 02:45:03",64
"2020-04-03 03:44:57",64
"2020-04-03 04:45:17",64
"2020-04-03 05:45:25",64
"2020-04-03 06:45:03",64
"2020-04-03 08:45:05",64
"2020-04-03 09:45:03",64
"2020-04-03 10:45:22",64
"2020-04-03 11:44:58",64
"2020-04-03 13:12:20",64
"2020-04-03 13:45:11",64
"2020-04-03 14:45:13",64
"2020-04-03 15:45:27",64
"2020-04-03 16:45:24",64
"2020-04-03 17:45:26",64
"2020-04-03 18:45:26",64
"2020-04-03 19:45:00",64
"2020-04-03 20:44:58",65
"2020-04-03 21:45:08",65
"2020-04-03 22:45:41",65
"2020-04-03 23:45:04",65
"2020-04-04 00:44:56",65
"2020-04-04 01:45:22",65
"2020-04-04 02:45:06",65
"2020-04-04 03:45:10",65
"2020-04-04 04:45:16",65
"2020-04-04 05:45:22",65
"2020-04-04 06:44:57",65
"2020-04-04 07:45:29",65
"2020-04-04 08:45:20",65
"2020-04-04 09:45:17",65
"2020-04-04 10:45:02",65
"2020-04-04 11:45:03",65
"2020-04-04 12:45:01",65
"2020-04-04 13:45:00",65
"2020-04-04 14:45:14",65
"2020-04-04 15:44:55",65
"2020-04-04 16:45:02",65
"2020-04-04 17:45:02",65
"2020-04-04 18:44:59",65
"2020-04-04 19:45:03",65
"2020-04-04 20:44:56",65
"2020-04-04 21:44:58",65
"2020-04-04 22:45:29",65
"2020-04-04 23:44:58",65
"2020-04-05 00:45:39",65
"2020-04-05 01:45:22",65
"2020-04-05 02:44:56",65
"2020-04-05 03:45:03",65
"2020-04-05 04:45:22",65
"2020-04-05 05:45:17",65
"2020-04-05 06:45:21",65
"2020-04-05 07:45:04",65
"2020-04-05 08:45:08",65
"2020-04-05 09:44:59",65
"2020-04-05 10:45:29",65
"2020-04-05 11:45:22",65
"2020-04-05 12:44:57",65
"2020-04-05 13:45:25",65
"2020-04-05 14:45:02",65
"2020-04-05 15:44:55",65
"2020-04-05 16:45:24",65
"2020-04-05 17:44:52",65
"2020-04-05 18:45:05",65
"2020-04-05 19:44:57",65
"2020-04-05 20:45:03",65
"2020-04-05 21:45:06",65
"2020-04-05 22:45:19",65
"2020-04-05 23:44:56",65
"2020-04-06 00:44:55",65
"2020-04-06 01:45:04",65
"2020-04-06 02:45:19",65
"2020-04-06 03:45:47",65
"2020-04-06 04:44:50",65
"2020-04-06 05:45:11",65
"2020-04-06 06:45:12",65
"2020-04-06 07:45:02",65
"2020-04-06 08:45:21",65
"2020-04-06 09:44:59",65
"2020-04-06 10:45:11",65
"2020-04-06 11:44:51",65
"2020-04-06 12:45:10",65
"2020-04-06 13:45:06",65
"2020-04-06 14:45:01",65
"2020-04-06 15:45:02",66
"2020-04-06 16:44:56",66
"2020-04-06 17:44:56",66
"2020-04-06 18:47:16",66
"2020-04-06 19:45:20",66
"2020-04-06 20:44:58",66
"2020-04-06 21:44:52",66
"2020-04-06 22:45:03",66
"2020-04-06 23:45:13",66
"2020-04-07 00:45:03",66
"2020-04-07 01:45:11",66
"2020-04-07 02:45:03",66
"2020-04-07 03:44:57",66
"2020-04-07 04:44:56",66
"2020-04-07 05:44:51",66
"2020-04-07 06:45:08",66
"2020-04-07 07:45:02",66
"2020-04-07 08:45:18",66
"2020-04-07 09:44:57",66
"2020-04-07 10:44:48",66
"2020-04-07 11:44:55",66
"2020-04-07 12:44:57",66
"2020-04-07 13:45:01",66
"2020-04-07 14:44:47",65
"2020-04-07 15:44:52",64
"2020-04-07 16:45:05",65
"2020-04-07 17:44:50",65
"2020-04-07 18:44:52",65
"2020-04-07 19:44:49",65
"2020-04-07 20:45:00",65
"2020-04-07 21:45:05",65
"2020-04-07 22:44:54",65
"2020-04-07 23:44:58",65
"2020-04-08 00:45:04",65
"2020-04-08 01:44:52",65
"2020-04-08 02:44:44",65
"2020-04-08 03:45:05",65
"2020-04-08 04:44:48",65
"2020-04-08 06:45:00",65
"2020-04-08 07:45:08",65
"2020-04-08 08:45:12",65
"2020-04-08 09:44:59",65
"2020-04-08 10:44:53",65
"2020-04-08 11:44:51",65
"2020-04-08 12:44:51",65
"2020-04-08 13:44:56",65
"2020-04-08 14:44:48",65
"2020-04-08 15:45:02",66
"2020-04-08 16:44:52",66
"2020-04-08 17:45:09",66
"2020-04-08 18:44:51",66
"2020-04-08 19:45:07",66
"2020-04-08 20:44:58",67
"2020-04-08 21:44:53",67
"2020-04-08 22:44:46",67
"2020-04-08 23:44:55",67
"2020-04-09 00:44:50",67
"2020-04-09 02:44:54",67
"2020-04-09 03:44:51",67
"2020-04-09 04:45:11",67
"2020-04-09 05:45:01",67
"2020-04-09 06:45:13",67
"2020-04-09 07:44:46",67
"2020-04-09 08:44:48",67
"2020-04-09 09:44:46",67
"2020-04-09 10:44:53",67
"2020-04-09 11:44:51",67
"2020-04-09 12:44:49",67
"2020-04-09 13:45:02",67
"2020-04-09 14:45:00",67
"2020-04-09 15:44:41",68
"2020-04-09 16:44:52",68
"2020-04-09 17:44:51",68
"2020-04-09 18:44:41",68
"2020-04-09 19:45:05",68
"2020-04-09 20:44:51",67
"2020-04-09 21:44:51",67
"2020-04-09 22:44:48",67
"2020-04-09 23:44:47",67
"2020-04-10 00:44:51",67
"2020-04-10 01:44:46",67
"2020-04-10 02:44:57",67
"2020-04-10 03:44:55",67
"2020-04-10 04:44:48",67
"2020-04-10 05:44:58",67
"2020-04-10 06:44:48",67
"2020-04-10 07:44:51",67
"2020-04-10 08:44:57",67
"2020-04-10 09:44:51",67
"2020-04-10 10:44:55",67
"2020-04-10 11:44:53",67
"2020-04-10 12:44:51",67
"2020-04-10 13:44:54",67
"2020-04-10 14:45:03",67
"2020-04-10 15:44:52",67
"2020-04-10 16:44:46",67
"2020-04-10 17:44:52",67
"2020-04-10 18:44:51",67
"2020-04-10 19:44:51",67
"2020-04-10 20:45:07",67
"2020-04-10 21:44:37",67
"2020-04-10 22:44:35",67
"2020-04-10 23:44:35",67
"2020-04-11 00:44:40",67
"2020-04-11 01:44:32",67
"2020-04-11 02:44:36",67
"2020-04-11 03:44:36",67
"2020-04-11 04:44:40",67
"2020-04-11 05:44:34",67
"2020-04-11 06:44:36",67
"2020-04-11 07:44:35",67
"2020-04-11 08:44:30",67
"2020-04-11 09:44:31",67
"2020-04-11 10:44:41",67
"2020-04-11 11:44:30",67
"2020-04-11 12:44:34",67
"2020-04-11 13:44:40",67
"2020-04-11 14:44:30",67
"2020-04-11 15:44:41",67
"2020-04-11 16:44:39",67
"2020-04-11 17:44:38",67
"2020-04-11 18:44:38",67
"2020-04-11 19:44:34",67
"2020-04-11 20:44:29",67
"2020-04-11 21:44:35",67
"2020-04-11 22:44:35",67
"2020-04-11 23:44:35",67
"2020-04-12 00:44:43",67
"2020-04-12 01:44:34",67
"2020-04-12 02:44:34",67
"2020-04-12 03:44:32",67
"2020-04-12 04:44:44",67
"2020-04-12 05:44:39",67
"2020-04-12 06:44:37",67
"2020-04-12 07:44:33",67
"2020-04-12 08:44:34",67
"2020-04-12 09:44:37",67
"2020-04-12 10:44:36",67
"2020-04-12 11:44:32",67
"2020-04-12 12:44:35",67
"2020-04-12 13:44:40",67
"2020-04-12 14:44:38",67
"2020-04-12 15:44:36",67
"2020-04-12 16:44:34",67
"2020-04-12 17:44:31",67
"2020-04-12 18:44:36",67
"2020-04-12 19:44:35",67
"2020-04-12 20:44:48",67
"2020-04-12 21:44:38",67
"2020-04-12 22:44:43",67
"2020-04-12 23:44:47",67
"2020-04-13 00:44:54",67
"2020-04-13 01:44:44",67
"2020-04-13 02:44:46",67
"2020-04-13 03:44:59",67
"2020-04-13 04:44:48",67
"2020-04-13 05:44:51",67
"2020-04-13 06:44:36",67
"2020-04-13 07:44:30",67
"2020-04-13 08:44:39",67
"2020-04-13 09:44:33",67
"2020-04-13 10:44:33",67
"2020-04-13 11:44:41",67
"2020-04-13 13:09:14",67
"2020-04-13 13:44:33",67
"2020-04-13 14:44:32",67
"2020-04-13 15:44:37",66
"2020-04-13 16:44:38",66
"2020-04-13 17:44:45",66
"2020-04-13 18:44:31",67
"2020-04-13 19:44:33",67
"2020-04-13 20:44:37",67
"2020-04-13 21:44:43",67
"2020-04-13 22:44:33",67
"2020-04-13 23:44:37",67
"2020-04-14 00:44:58",67
"2020-04-14 01:44:52",67
"2020-04-14 02:44:49",67
"2020-04-14 03:44:48",67
"2020-04-14 04:44:49",67
"2020-04-14 05:44:54",67
"2020-04-14 06:44:41",67
"2020-04-14 07:44:36",67
"2020-04-14 08:44:38",67
"2020-04-14 09:44:38",67
"2020-04-14 10:44:38",67
"2020-04-14 11:44:38",67
"2020-04-14 12:44:36",67
"2020-04-14 13:44:40",67
"2020-04-14 14:44:47",67
"2020-04-14 15:44:48",67
"2020-04-14 16:44:56",67
"2020-04-14 17:44:32",67
"2020-04-14 18:44:52",67
"2020-04-14 19:44:38",67
"2020-04-14 20:44:36",67
"2020-04-14 21:44:38",67
"2020-04-14 22:44:36",67
"2020-04-14 23:44:51",67
"2020-04-15 00:44:46",67
"2020-04-15 01:44:47",67
"2020-04-15 02:44:43",67
"2020-04-15 03:44:47",67
"2020-04-15 04:44:49",67
"2020-04-15 05:44:33",67
"2020-04-15 06:44:33",67
"2020-04-15 07:44:38",67
"2020-04-15 08:44:39",67
"2020-04-15 09:44:36",67
"2020-04-15 10:44:32",67
"2020-04-15 11:44:31",67
"2020-04-15 13:12:18",67
"2020-04-15 14:44:37",67
"2020-04-15 15:44:33",67
"2020-04-15 16:44:46",68
"2020-04-15 17:44:35",68
"2020-04-15 18:44:35",68
"2020-04-15 19:44:43",68
"2020-04-15 20:44:36",68
"2020-04-15 21:44:41",68
"2020-04-15 22:44:42",68
"2020-04-15 23:44:40",68
"2020-04-16 00:44:47",68
"2020-04-16 01:44:51",68
"2020-04-16 02:44:53",68
"2020-04-16 03:44:53",68
"2020-04-16 04:44:54",68
"2020-04-16 05:44:41",68
"2020-04-16 06:44:51",68
"2020-04-16 07:44:39",68
"2020-04-16 08:44:38",68
"2020-04-16 09:44:35",68
"2020-04-16 10:44:39",68
"2020-04-16 11:44:39",68
"2020-04-16 12:44:39",68
"2020-04-16 13:44:41",68
"2020-04-16 14:44:36",68
"2020-04-16 15:44:53",68
"2020-04-16 16:44:53",68
"2020-04-16 17:44:40",68
"2020-04-16 18:44:50",68
"2020-04-16 19:44:37",68
"2020-04-16 20:44:38",68
"2020-04-16 21:44:53",68
"2020-04-16 22:44:39",68
"2020-04-16 23:44:54",68
"2020-04-17 00:44:49",68
"2020-04-17 01:44:45",68
"2020-04-17 02:44:52",68
"2020-04-17 03:44:43",68
"2020-04-17 04:44:40",68
"2020-04-17 05:44:43",68
"2020-04-17 06:44:44",68
"2020-04-17 07:44:57",68
"2020-04-17 08:44:42",68
"2020-04-17 09:44:39",68
"2020-04-17 10:44:39",68
"2020-04-17 11:44:34",68
"2020-04-17 13:09:17",68
"2020-04-17 13:44:50",68
"2020-04-17 14:44:41",68
"2020-04-17 15:44:44",68
"2020-04-17 16:44:34",68
"2020-04-17 17:44:37",68
"2020-04-17 18:44:52",68
"2020-04-17 19:44:47",68
"2020-04-17 20:44:52",68
"2020-04-17 21:44:49",68
"2020-04-17 22:44:44",68
"2020-04-17 23:44:50",68
"2020-04-18 00:44:48",68
"2020-04-18 01:44:45",68
"2020-04-18 02:44:44",68
"2020-04-18 03:44:44",68
"2020-04-18 04:44:51",68
"2020-04-18 05:44:51",68
"2020-04-18 06:44:41",68
"2020-04-18 07:44:35",68
"2020-04-18 08:44:50",68
"2020-04-18 09:44:31",68
"2020-04-18 10:44:38",68
"2020-04-18 11:44:40",68
"2020-04-18 12:44:31",68
"2020-04-18 13:44:46",68
"2020-04-18 14:44:40",68
"2020-04-18 15:44:37",68
"2020-04-18 16:44:32",68
"2020-04-18 17:44:45",68
"2020-04-18 18:44:41",68
"2020-04-18 19:44:32",68
"2020-04-18 20:44:44",68
"2020-04-18 21:44:36",68
"2020-04-18 22:44:44",68
"2020-04-18 23:44:57",68
"2020-04-19 00:44:54",68
"2020-04-19 01:45:04",68
"2020-04-19 02:44:51",68
"2020-04-19 03:44:51",68
"2020-04-19 04:45:04",68
"2020-04-19 05:44:48",68
"2020-04-19 06:44:50",68
"2020-04-19 07:44:47",68
"2020-04-19 08:44:39",68
"2020-04-19 09:44:39",68
"2020-04-19 10:44:38",68
"2020-04-19 11:44:32",68
"2020-04-19 12:44:35",68
"2020-04-19 13:44:49",68
"2020-04-19 14:44:33",68
"2020-04-19 15:44:43",68
"2020-04-19 16:44:42",68
"2020-04-19 17:44:58",68
"2020-04-19 18:44:40",68
"2020-04-19 19:44:37",68
"2020-04-19 20:44:33",68
"2020-04-19 21:45:00",68
"2020-04-19 22:44:54",68
"2020-04-19 23:44:47",68
"2020-04-20 00:44:59",68
"2020-04-20 01:44:55",68
"2020-04-20 02:45:03",68
"2020-04-20 03:45:03",68
"2020-04-20 04:44:55",68
"2020-04-20 05:45:04",68
"2020-04-20 06:44:52",68
"2020-04-20 07:44:38",68
"2020-04-20 08:44:38",68
"2020-04-20 09:44:38",68
"2020-04-20 10:44:37",68
"2020-04-20 11:44:37",68
"2020-04-20 12:44:38",68
"2020-04-20 13:44:37",68
"2020-04-20 14:44:56",70
"2020-04-20 15:44:41",70
"2020-04-20 16:44:46",70
"2020-04-20 17:44:40",70
"2020-04-20 18:44:51",70
"2020-04-20 20:45:22",70
"2020-04-20 21:45:15",70
"2020-04-20 22:45:25",70
"2020-04-20 23:44:54",70
"2020-04-21 00:44:57",70
"2020-04-21 01:44:53",70
"2020-04-21 02:44:52",70
"2020-04-21 03:46:04",70
"2020-04-21 04:46:18",70
"2020-04-21 05:46:20",70
"2020-04-21 06:44:53",70
"2020-04-21 07:44:46",70
"2020-04-21 08:44:44",70
"2020-04-21 09:44:41",70
"2020-04-21 10:44:39",70
"2020-04-21 11:44:39",70
"2020-04-21 12:44:39",70
"2020-04-21 13:44:55",70
"2020-04-21 14:44:54",69
"2020-04-21 15:44:33",69
"2020-04-21 16:44:33",69
"2020-04-21 17:44:51",69
"2020-04-21 18:44:33",69
"2020-04-21 19:44:38",69
"2020-04-21 20:44:55",69
"2020-04-21 21:44:59",69
"2020-04-21 22:44:58",69
"2020-04-21 23:44:36",69
"2020-04-22 00:44:48",69
"2020-04-22 01:44:55",69
"2020-04-22 02:44:56",69
"2020-04-22 03:44:46",69
"2020-04-22 04:44:36",69
"2020-04-22 05:44:37",69
"2020-04-22 06:44:47",69
"2020-04-22 07:44:44",69
"2020-04-22 08:44:34",69
"2020-04-22 09:44:41",69
"2020-04-22 10:44:59",69
"2020-04-22 11:44:34",69
"2020-04-22 12:44:38",69
"2020-04-22 13:44:32",69
"2020-04-22 14:44:40",69
"2020-04-22 15:44:36",69
"2020-04-22 16:44:54",69
"2020-04-22 17:45:00",69
"2020-04-22 18:44:49",69
"2020-04-22 19:44:37",69
"2020-04-22 20:44:38",71
"2020-04-22 21:44:51",71
"2020-04-22 22:44:43",71
"2020-04-22 23:44:50",71
"2020-04-23 00:44:36",71
"2020-04-23 01:44:48",71
"2020-04-23 02:44:53",71
"2020-04-23 03:44:53",71
"2020-04-23 04:44:51",71
"2020-04-23 05:44:33",71
"2020-04-23 06:44:37",71
"2020-04-23 07:44:42",71
"2020-04-23 08:44:38",71
"2020-04-23 09:44:31",71
"2020-04-23 10:44:36",71
"2020-04-23 11:44:48",71
"2020-04-23 12:44:33",71
"2020-04-23 13:44:34",71
"2020-04-23 14:44:35",71
"2020-04-23 15:44:39",71
"2020-04-23 16:44:53",71
"2020-04-23 17:44:34",71
"2020-04-23 18:44:41",71
"2020-04-23 19:44:34",71
"2020-04-23 20:44:55",71
"2020-04-23 21:44:42",71
"2020-04-23 22:44:36",71
"2020-04-23 23:44:41",71
"2020-04-24 00:44:49",71
"2020-04-24 01:45:15",71
"2020-04-24 02:44:32",71
"2020-04-24 03:44:55",71
"2020-04-24 04:44:39",71
"2020-04-24 05:44:35",71
"2020-04-24 06:44:36",71
"2020-04-24 07:44:32",71
"2020-04-24 08:44:47",71
"2020-04-24 09:44:37",71
"2020-04-24 10:44:36",71
"2020-04-24 11:44:33",71
"2020-04-24 13:10:20",71
"2020-04-24 13:44:59",71
"2020-04-24 14:44:43",72
"2020-04-24 15:44:37",72
"2020-04-24 16:44:37",72
"2020-04-24 17:44:40",72
"2020-04-24 18:44:45",73
"2020-04-24 19:44:38",73
"2020-04-24 20:44:45",73
"2020-04-24 21:44:55",73
"2020-04-24 22:45:04",73
"2020-04-24 23:44:44",73
"2020-04-25 00:45:03",73
"2020-04-25 01:44:59",73
"2020-04-25 02:44:55",73
"2020-04-25 03:44:51",73
"2020-04-25 04:44:56",73
"2020-04-25 05:45:02",73
"2020-04-25 06:44:46",73
"2020-04-25 07:44:40",73
"2020-04-25 08:44:45",73
"2020-04-25 09:44:42",73
"2020-04-25 10:44:37",73
"2020-04-25 11:44:41",73
"2020-04-25 12:44:38",73
"2020-04-25 13:44:51",73
"2020-04-25 14:44:42",73
"2020-04-25 15:44:45",73
"2020-04-25 16:44:46",73
"2020-04-25 17:44:45",73
"2020-04-25 18:44:39",73
"2020-04-25 19:44:46",73
"2020-04-25 20:44:41",73
"2020-04-25 21:44:39",73
"2020-04-25 22:44:45",73
"2020-04-25 23:44:51",73
"2020-04-26 00:44:40",73
"2020-04-26 01:44:52",73
"2020-04-26 02:44:52",73
"2020-04-26 03:44:57",73
"2020-04-26 04:44:37",73
"2020-04-26 05:45:04",73
"2020-04-26 06:44:47",73
"2020-04-26 07:44:43",73
"2020-04-26 08:44:41",73
"2020-04-26 09:44:41",73
"2020-04-26 10:44:37",73
"2020-04-26 11:44:45",73
"2020-04-26 12:44:41",73
"2020-04-26 13:44:34",73
"2020-04-26 14:44:39",73
"2020-04-26 15:44:44",73
"2020-04-26 16:44:42",73
"2020-04-26 17:44:41",73
"2020-04-26 18:44:41",73
"2020-04-26 19:44:38",73
"2020-04-26 20:44:38",73
"2020-04-26 21:44:40",73
"2020-04-26 22:44:52",73
"2020-04-26 23:45:03",73
"2020-04-27 00:45:03",73
"2020-04-27 01:45:01",73
"2020-04-27 02:44:56",73
"2020-04-27 03:44:57",73
"2020-04-27 04:45:00",73
"2020-04-27 05:44:46",73
"2020-04-27 06:44:43",73
"2020-04-27 07:44:38",73
"2020-04-27 08:44:45",73
"2020-04-27 09:44:44",73
"2020-04-27 10:44:44",73
"2020-04-27 11:44:33",73
"2020-04-27 12:44:40",73
"2020-04-27 13:45:03",73
"2020-04-27 14:44:47",73
"2020-04-27 15:44:42",73
"2020-04-27 16:44:34",73
"2020-04-27 17:44:41",73
"2020-04-27 18:44:39",74
"2020-04-27 19:44:38",74
"2020-04-27 20:44:40",74
"2020-04-27 21:44:53",74
"2020-04-27 22:44:41",74
"2020-04-27 23:44:54",74
"2020-04-28 00:45:18",74
"2020-04-28 01:44:44",74
"2020-04-28 02:45:06",74
"2020-04-28 03:45:00",74
"2020-04-28 04:44:58",74
"2020-04-28 05:44:40",74
"2020-04-28 06:44:39",74
"2020-04-28 07:45:02",74
"2020-04-28 08:44:56",74
"2020-04-28 09:44:43",74
"2020-04-28 10:44:34",74
"2020-04-28 11:44:43",74
"2020-04-28 12:44:45",74
"2020-04-28 13:44:41",74
"2020-04-28 14:45:04",74
"2020-04-28 15:44:57",74
"2020-04-28 16:44:37",74
"2020-04-28 17:44:45",74
"2020-04-28 18:44:43",74
"2020-04-28 19:44:39",74
"2020-04-28 20:44:41",74
"2020-04-28 21:44:45",74
"2020-04-28 22:44:36",74
"2020-04-28 23:44:37",74
"2020-04-29 00:45:06",74
"2020-04-29 01:45:10",74
"2020-04-29 02:44:59",74
"2020-04-29 03:44:39",74
"2020-04-29 04:44:48",74
"2020-04-29 05:44:37",74
"2020-04-29 06:44:45",74
"2020-04-29 07:44:45",74
"2020-04-29 08:44:39",74
"2020-04-29 09:44:53",74
"2020-04-29 10:44:45",74
"2020-04-29 11:44:34",74
"2020-04-29 13:08:15",74
"2020-04-29 13:44:45",74
"2020-04-29 14:44:37",74
"2020-04-29 15:44:35",74
"2020-04-29 16:44:45",74
"2020-04-29 17:44:41",74
"2020-04-29 18:45:04",74
"2020-04-29 19:45:03",74
"2020-04-29 20:44:41",72
"2020-04-29 21:45:04",72
"2020-04-29 22:45:03",72
"2020-04-29 23:44:51",72
"2020-04-30 00:45:03",72
"2020-04-30 01:45:02",72
"2020-04-30 02:45:24",72
"2020-04-30 03:45:17",72
"2020-04-30 04:44:56",72
"2020-04-30 05:44:50",72
"2020-04-30 06:44:43",72
"2020-04-30 07:44:42",72
"2020-04-30 08:44:45",72
"2020-04-30 09:44:40",72
"2020-04-30 10:44:35",72
"2020-04-30 11:44:54",72
"2020-04-30 12:44:38",72
"2020-04-30 13:44:40",72
"2020-04-30 14:44:55",72
"2020-04-30 15:44:39",72
"2020-04-30 16:44:38",72
"2020-04-30 17:46:59",72
"2020-04-30 18:44:49",72
"2020-04-30 20:44:42",72
"2020-04-30 21:44:44",72
"2020-04-30 22:44:46",72
"2020-04-30 23:44:43",72
"2020-05-01 00:45:03",72
"2020-05-01 01:45:00",72
"2020-05-01 02:44:41",72
"2020-05-01 03:44:38",72
"2020-05-01 04:44:45",72
"2020-05-01 05:44:49",72
"2020-05-01 06:44:45",72
"2020-05-01 07:44:46",72
"2020-05-01 08:44:41",72
"2020-05-01 09:44:42",72
"2020-05-01 10:44:39",72
"2020-05-01 11:44:40",72
"2020-05-01 13:09:17",72
"2020-05-01 13:45:07",72
"2020-05-01 14:44:37",72
"2020-05-01 15:44:38",72
"2020-05-01 16:44:40",72
"2020-05-01 17:44:41",71
"2020-05-01 18:44:37",71
"2020-05-01 19:44:45",71
"2020-05-01 20:44:35",71
"2020-05-01 21:45:00",71
"2020-05-01 22:44:39",71
"2020-05-01 23:44:39",71
"2020-05-02 00:44:40",71
"2020-05-02 01:44:58",71
"2020-05-02 02:44:54",71
"2020-05-02 03:44:50",71
"2020-05-02 04:44:41",71
"2020-05-02 05:44:52",70
"2020-05-02 06:44:43",70
"2020-05-02 07:44:50",70
"2020-05-02 08:44:45",70
"2020-05-02 09:44:42",70
"2020-05-02 10:44:36",70
"2020-05-02 11:44:42",70
"2020-05-02 12:44:36",70
"2020-05-02 13:44:44",70
"2020-05-02 14:44:45",70
"2020-05-02 15:44:47",70
"2020-05-02 16:44:45",70
"2020-05-02 17:44:42",70
"2020-05-02 18:44:54",70
"2020-05-02 19:44:44",70
"2020-05-02 20:44:43",70
"2020-05-02 21:44:42",70
"2020-05-02 22:44:36",70
"2020-05-02 23:44:57",70
"2020-05-03 00:44:42",70
"2020-05-03 01:44:59",70
"2020-05-03 02:44:56",70
"2020-05-03 03:44:55",70
"2020-05-03 04:44:49",70
"2020-05-03 05:44:41",70
"2020-05-03 06:44:40",70
"2020-05-03 07:44:46",70
"2020-05-03 08:44:43",70
"2020-05-03 09:45:06",70
"2020-05-03 10:44:44",70
"2020-05-03 11:44:43",70
"2020-05-03 12:44:41",70
"2020-05-03 13:44:42",70
"2020-05-03 14:44:48",70
"2020-05-03 15:44:45",70
"2020-05-03 16:44:58",70
"2020-05-03 17:45:03",70
"2020-05-03 18:44:38",70
"2020-05-03 19:45:17",70
"2020-05-03 20:45:01",70
"2020-05-03 21:44:54",70
"2020-05-03 22:45:00",70
"2020-05-03 23:45:01",70
"2020-05-04 00:44:58",70
"2020-05-04 01:45:01",70
"2020-05-04 02:44:59",70
"2020-05-04 03:45:00",70
"2020-05-04 04:44:41",70
"2020-05-04 05:44:44",70
"2020-05-04 06:44:47",70
"2020-05-04 09:30:44",70
"2020-05-04 10:49:21",70
"2020-05-04 10:57:08",70
"2020-05-04 11:04:42",70
"2020-05-04 11:44:50",70
"2020-05-04 13:08:21",70
"2020-05-04 13:44:42",70
"2020-05-04 14:44:47",70
"2020-05-04 15:44:43",71
"2020-05-04 16:44:44",71
"2020-05-04 17:44:42",71
"2020-05-04 18:45:01",71
"2020-05-04 19:44:59",71
"2020-05-04 20:44:57",71
"2020-05-04 21:44:59",71
"2020-05-04 22:44:38",71
"2020-05-04 23:44:41",71
"2020-05-05 00:44:38",71
"2020-05-05 01:44:54",71
"2020-05-05 02:44:36",71
"2020-05-05 03:45:00",71
"2020-05-05 04:44:41",71
"2020-05-05 05:44:42",71
"2020-05-05 06:44:44",71
"2020-05-05 07:44:49",71
"2020-05-05 08:45:02",71
"2020-05-05 09:44:37",71
"2020-05-05 10:44:37",71
"2020-05-05 11:45:02",71
"2020-05-05 12:44:45",71
"2020-05-05 13:44:44",71
"2020-05-05 14:44:42",71
"2020-05-05 15:44:40",71
"2020-05-05 16:44:47",71
"2020-05-05 17:44:41",71
"2020-05-05 18:44:38",71
"2020-05-05 19:45:02",71
"2020-05-05 20:44:46",71
"2020-05-05 21:44:34",71
"2020-05-05 22:44:35",71
"2020-05-05 23:45:00",71
"2020-05-06 00:44:45",71
"2020-05-06 01:44:46",71
"2020-05-06 02:44:40",71
"2020-05-06 03:44:35",71
"2020-05-06 04:44:45",71
"2020-05-06 05:44:43",71
"2020-05-06 06:44:36",71
"2020-05-06 17:44:57",72
"2020-05-06 18:45:09",73
"2020-05-06 19:44:39",73
"2020-05-06 20:44:53",73
"2020-05-06 21:44:59",73
"2020-05-06 22:45:01",73
"2020-05-06 23:45:04",73
"2020-05-07 00:44:48",73
"2020-05-07 01:44:47",73
"2020-05-07 02:44:34",73
"2020-05-07 03:44:44",73
"2020-05-07 04:44:47",73
"2020-05-07 05:44:38",73
"2020-05-07 06:44:44",73
"2020-05-07 08:44:46",73
"2020-05-07 09:44:42",73
"2020-05-07 10:44:55",73
"2020-05-07 11:44:46",73
"2020-05-07 12:44:45",73
"2020-05-07 13:44:51",73
"2020-05-07 14:44:56",74
"2020-05-07 15:44:41",74
"2020-05-07 16:44:46",75
"2020-05-07 17:44:40",75
"2020-05-07 18:44:36",74
"2020-05-07 19:45:09",74
"2020-05-07 20:44:36",75
"2020-05-07 21:44:35",75
"2020-05-07 22:44:35",75
"2020-05-07 23:44:46",75
"2020-05-08 00:44:41",75
"2020-05-08 01:44:35",75
"2020-05-08 02:44:40",75
"2020-05-08 03:44:46",75
"2020-05-08 04:44:36",75
"2020-05-08 05:44:38",75
"2020-05-08 06:44:38",75
"2020-05-08 07:44:43",75
"2020-05-08 08:44:49",75
"2020-05-08 09:44:44",75
"2020-05-08 10:44:41",75
"2020-05-08 11:44:45",75
"2020-05-08 13:08:19",75
"2020-05-08 13:44:49",75
"2020-05-08 14:44:43",75
"2020-05-08 15:44:44",75
"2020-05-08 16:45:01",75
"2020-05-08 17:44:56",75
"2020-05-08 18:44:47",75
"2020-05-08 19:44:38",75
"2020-05-08 20:44:46",75
"2020-05-08 21:44:42",75
"2020-05-08 22:44:48",75
"2020-05-08 23:44:44",75
"2020-05-09 00:44:40",75
"2020-05-09 01:44:53",75
"2020-05-09 02:44:43",75
"2020-05-09 03:45:05",75
"2020-05-09 04:44:41",75
"2020-05-09 05:44:45",74
"2020-05-09 06:44:50",74
"2020-05-09 07:44:38",74
"2020-05-09 08:44:50",74
"2020-05-09 09:44:44",74
"2020-05-09 10:44:44",74
"2020-05-09 11:44:37",74
"2020-05-09 12:44:39",74
"2020-05-09 13:44:41",74
"2020-05-09 14:44:39",74
"2020-05-09 15:44:42",74
"2020-05-09 16:44:37",74
"2020-05-09 17:44:44",74
"2020-05-09 18:44:44",74
"2020-05-09 19:44:42",74
"2020-05-09 20:44:39",74
"2020-05-09 21:44:48",74
"2020-05-09 22:44:45",74
"2020-05-09 23:44:41",74
"2020-05-10 00:44:58",74
"2020-05-10 01:44:42",74
"2020-05-10 02:45:04",74
"2020-05-10 03:44:47",74
"2020-05-10 04:44:47",74
"2020-05-10 05:44:53",74
"2020-05-10 06:44:43",74
"2020-05-10 07:44:50",74
"2020-05-10 08:44:45",74
"2020-05-10 09:44:47",74
"2020-05-10 10:44:47",74
"2020-05-10 11:44:49",74
"2020-05-10 12:44:43",74
"2020-05-10 13:44:47",74
"2020-05-10 14:44:39",74
"2020-05-10 15:44:45",74
"2020-05-10 16:44:43",74
"2020-05-10 17:44:41",74
"2020-05-10 18:44:45",74
"2020-05-10 19:44:42",74
"2020-05-10 20:44:49",74
"2020-05-10 21:44:43",74
"2020-05-10 22:44:44",74
"2020-05-10 23:44:45",74
"2020-05-11 00:44:45",74
"2020-05-11 01:44:38",74
"2020-05-11 02:44:45",74
"2020-05-11 03:45:06",74
"2020-05-11 04:44:45",74
"2020-05-11 05:44:44",74
"2020-05-11 06:44:43",74
"2020-05-11 07:44:48",74
"2020-05-11 08:44:54",74
"2020-05-11 09:45:46",74
"2020-05-11 10:44:43",74
"2020-05-11 11:44:38",74
"2020-05-11 13:07:18",74
"2020-05-11 13:44:52",74
"2020-05-11 14:44:47",75
"2020-05-11 15:45:02",75
"2020-05-11 16:44:46",75
"2020-05-11 17:44:47",75
"2020-05-11 18:44:45",75
"2020-05-11 19:44:40",75
"2020-05-11 20:44:41",75
"2020-05-11 21:44:43",75
"2020-05-11 22:44:34",75
"2020-05-11 23:44:49",75
"2020-05-12 00:44:44",75
"2020-05-12 01:44:44",75
"2020-05-12 02:44:41",75
"2020-05-12 03:44:37",75
"2020-05-12 04:44:41",75
"2020-05-12 05:44:40",75
"2020-05-12 06:44:50",75
"2020-05-12 07:44:40",75
"2020-05-12 08:44:42",75
"2020-05-12 09:44:55",75
"2020-05-12 10:44:46",75
"2020-05-12 11:44:38",75
"2020-05-12 13:13:18",75
"2020-05-12 17:44:38",76
"2020-05-12 18:44:38",76
"2020-05-12 19:44:54",76
"2020-05-12 20:45:01",76
"2020-05-12 21:44:55",76
"2020-05-12 22:44:36",76
"2020-05-12 23:44:37",76
"2020-05-13 00:44:56",76
"2020-05-13 01:44:44",76
"2020-05-13 02:44:58",76
"2020-05-13 03:45:01",76
"2020-05-13 06:44:41",76
"2020-05-13 07:44:59",76
"2020-05-13 08:44:52",76
"2020-05-13 09:44:36",76
"2020-05-13 10:44:39",76
"2020-05-13 11:44:37",76
"2020-05-13 12:44:37",76
"2020-05-13 13:44:37",76
"2020-05-13 14:44:37",76
"2020-05-13 15:44:43",76
"2020-05-13 16:44:57",76
"2020-05-13 17:44:39",76
"2020-05-13 18:44:51",76
"2020-05-13 19:44:40",76
"2020-05-13 20:44:40",76
"2020-05-13 21:44:38",76
"2020-05-13 22:44:42",76
"2020-05-13 23:44:45",76
"2020-05-14 00:44:37",76
"2020-05-14 01:44:45",76
"2020-05-14 02:44:39",76
"2020-05-14 03:44:44",76
"2020-05-14 04:44:39",76
"2020-05-14 05:44:44",76
"2020-05-14 06:44:48",76
"2020-05-14 07:44:41",76
"2020-05-14 08:44:49",76
"2020-05-14 09:44:38",76
"2020-05-14 10:44:43",76
"2020-05-14 11:44:47",76
"2020-05-14 12:44:43",76
"2020-05-14 13:44:46",76
"2020-05-14 14:44:45",76
"2020-05-14 15:44:41",76
"2020-05-14 16:44:36",77
"2020-05-14 17:44:38",77
"2020-05-14 18:44:51",77
"2020-05-14 19:44:50",77
"2020-05-14 20:44:38",77
"2020-05-14 21:44:41",77
"2020-05-14 22:44:55",77
"2020-05-14 23:44:45",77
"2020-05-15 00:45:02",77
"2020-05-15 01:45:05",77
"2020-05-15 02:44:59",77
"2020-05-15 03:44:58",77
"2020-05-15 04:44:59",77
"2020-05-15 05:44:43",77
"2020-05-15 06:44:55",77
"2020-05-15 07:44:38",77
"2020-05-15 08:44:46",77
"2020-05-15 09:44:53",77
"2020-05-15 10:44:37",77
"2020-05-15 11:44:41",77
"2020-05-15 12:44:40",77
"2020-05-15 13:44:44",77
"2020-05-15 14:44:37",77
"2020-05-15 15:44:42",77
"2020-05-15 16:44:36",77
"2020-05-15 17:44:56",77
"2020-05-15 18:44:38",76
"2020-05-15 19:44:46",76
"2020-05-15 20:44:42",76
"2020-05-15 21:44:42",76
"2020-05-15 22:44:37",76
"2020-05-15 23:44:35",76
"2020-05-16 00:44:53",76
"2020-05-16 01:44:58",76
"2020-05-16 02:45:02",76
"2020-05-16 03:44:47",76
"2020-05-16 04:44:41",76
"2020-05-16 05:44:40",76
"2020-05-16 06:45:01",76
"2020-05-16 07:44:59",76
"2020-05-16 08:44:40",76
"2020-05-16 09:44:47",76
"2020-05-16 10:44:38",76
"2020-05-16 11:44:36",76
"2020-05-16 12:44:44",76
"2020-05-16 13:44:41",76
"2020-05-16 14:44:37",76
"2020-05-16 15:44:45",76
"2020-05-16 16:44:41",76
"2020-05-16 17:44:38",76
"2020-05-16 18:44:41",76
"2020-05-16 19:44:37",76
"2020-05-16 20:44:43",76
"2020-05-16 21:44:41",76
"2020-05-16 22:44:44",76
"2020-05-16 23:44:43",76
"2020-05-17 00:44:42",76
"2020-05-17 01:44:47",76
"2020-05-18 08:54:16",76
"2020-05-18 09:00:11",76
"2020-05-18 09:00:21",76
"2020-05-18 09:01:00",76
"2020-05-18 09:01:11",76
"2020-05-18 09:03:08",76
"2020-05-18 09:04:23",76
"2020-05-18 09:04:56",76
"2020-05-18 09:05:43",76
"2020-05-18 09:06:46",76
"2020-05-18 09:07:26",76
"2020-05-18 09:07:45",76
"2020-05-18 09:07:47",76
"2020-05-18 09:07:51",76
"2020-05-18 09:08:28",76
"2020-05-18 09:09:07",76
"2020-05-18 09:14:37",76
"2020-05-18 09:54:28",76
"2020-05-18 09:56:18",76
"2020-05-18 09:57:52",76
"2020-05-18 10:45:08",76
"2020-05-18 10:47:39",76
"2020-05-18 10:51:11",76
"2020-05-18 10:55:08",76
"2020-05-18 10:55:40",76
"2020-05-18 10:56:29",76
"2020-05-18 11:07:05",76
"2020-05-18 11:14:14",76
"2020-05-18 11:16:48",76
"2020-05-18 11:26:21",76
"2020-05-18 11:44:59",76
"2020-05-18 11:52:35",76
"2020-05-18 12:00:12",76
"2020-05-18 12:07:49",76
"2020-05-18 13:07:47",76
"2020-05-18 13:44:49",76
"2020-05-18 14:44:41",77
"2020-05-18 15:45:05",77
"2020-05-18 16:45:12",77
"2020-05-18 17:44:40",78
"2020-05-18 18:44:58",78
"2020-05-18 19:44:53",78
"2020-05-18 20:44:45",78
"2020-05-18 21:45:01",78
"2020-05-18 22:45:02",78
"2020-05-18 23:45:05",78
"2020-05-19 00:46:21",78
"2020-05-19 01:44:39",78
"2020-05-19 02:44:48",78
"2020-05-19 03:44:46",78
"2020-05-19 04:44:46",78
"2020-05-19 05:44:46",78
"2020-05-19 06:44:45",78
"2020-05-19 07:44:47",78
"2020-05-19 08:44:54",78
"2020-05-19 09:45:11",78
"2020-05-19 10:44:45",78
"2020-05-19 11:44:58",78
"2020-05-19 13:08:21",78
"2020-05-19 13:44:48",78
"2020-05-19 14:44:42",77
"2020-05-19 15:44:42",77
"2020-05-19 16:44:50",77
"2020-05-19 17:44:41",77
"2020-05-19 18:44:47",77
"2020-05-19 19:44:46",77
"2020-05-19 20:44:50",77
"2020-05-19 21:44:50",77
"2020-05-19 22:45:06",77
"2020-05-19 23:44:46",77
"2020-05-20 00:45:06",77
"2020-05-20 01:45:13",77
"2020-05-20 02:45:04",77
"2020-05-20 03:45:05",77
"2020-05-20 04:44:49",77
"2020-05-20 05:44:45",77
"2020-05-20 06:44:41",77
"2020-05-20 07:44:51",77
"2020-05-20 08:44:41",77
"2020-05-20 09:44:47",77
"2020-05-20 10:44:40",77
"2020-05-20 11:44:42",77
"2020-05-20 12:44:41",77
"2020-05-20 13:44:48",77
"2020-05-20 14:44:45",77
"2020-05-20 15:45:01",78
"2020-05-20 16:44:43",78
"2020-05-20 17:45:04",78
"2020-05-20 18:44:47",78
"2020-05-20 19:44:47",78
"2020-05-20 20:44:41",78
"2020-05-20 21:44:48",78
"2020-05-20 22:44:38",78
"2020-05-20 23:44:44",78
"2020-05-21 00:45:02",78
"2020-05-21 01:44:41",78
"2020-05-21 02:44:47",78
"2020-05-21 03:44:48",78
"2020-05-21 04:44:42",78
"2020-05-21 05:44:45",78
"2020-05-21 06:44:52",78
"2020-05-21 07:44:42",78
"2020-05-21 08:44:49",78
"2020-05-21 09:44:42",78
"2020-05-21 10:44:46",78
"2020-05-21 11:44:49",78
"2020-05-21 12:44:44",78
"2020-05-21 13:44:49",78
"2020-05-21 14:44:40",79
"2020-05-21 15:44:42",79
"2020-05-21 16:44:56",79
"2020-05-21 17:44:50",79
"2020-05-21 18:44:46",79
"2020-05-21 19:44:42",79
"2020-05-21 20:44:47",79
"2020-05-21 21:44:48",79
"2020-05-21 22:44:50",79
"2020-05-21 23:45:05",79
"2020-05-22 00:45:50",79
"2020-05-22 01:44:47",79
"2020-05-22 02:44:51",79
"2020-05-22 03:45:06",79
"2020-05-22 04:44:50",79
"2020-05-22 05:44:52",79
"2020-05-22 06:44:42",79
"2020-05-22 07:44:47",79
"2020-05-22 08:44:55",79
"2020-05-22 09:44:50",79
"2020-05-22 10:44:45",79
"2020-05-22 11:44:43",79
"2020-05-22 12:44:48",79
"2020-05-22 13:44:53",79
"2020-05-22 14:44:44",79
"2020-05-22 15:44:44",79
"2020-05-22 16:44:45",79
"2020-05-22 17:44:46",79
"2020-05-22 18:45:02",78
"2020-05-22 19:44:45",78
"2020-05-22 20:44:41",78
"2020-05-22 21:44:42",78
"2020-05-22 22:44:45",78
"2020-05-22 23:44:43",78
"2020-05-23 00:44:47",78
"2020-05-23 01:44:44",78
"2020-05-23 02:44:54",78
"2020-05-23 03:44:48",78
"2020-05-23 04:45:03",78
"2020-05-23 05:44:45",78
"2020-05-23 06:44:55",78
"2020-05-23 07:44:53",78
"2020-05-23 08:44:53",78
"2020-05-23 09:44:48",78
"2020-05-23 10:44:44",78
"2020-05-23 11:44:55",78
"2020-05-23 12:44:47",78
"2020-05-23 13:44:50",78
"2020-05-23 14:44:48",78
"2020-05-23 15:44:43",78
"2020-05-23 16:44:52",78
"2020-05-23 17:44:49",78
"2020-05-23 18:44:56",78
"2020-05-23 19:44:44",78
"2020-05-23 20:44:41",78
"2020-05-23 21:44:42",78
"2020-05-23 22:44:47",78
"2020-05-23 23:44:48",78
"2020-05-24 00:44:57",78
"2020-05-24 01:44:45",78
"2020-05-24 02:44:44",78
"2020-05-24 03:44:48",78
"2020-05-24 04:44:47",78
"2020-05-24 05:44:44",78
"2020-05-24 06:44:45",78
"2020-05-24 07:44:44",78
"2020-05-24 08:44:51",78
"2020-05-24 09:44:43",78
"2020-05-24 10:44:53",78
"2020-05-24 11:44:50",78
"2020-05-24 12:44:47",78
"2020-05-24 13:44:50",78
"2020-05-24 14:44:49",78
"2020-05-24 15:44:42",78
"2020-05-24 16:44:52",78
"2020-05-24 17:44:50",78
"2020-05-24 18:44:51",78
"2020-05-24 19:44:49",78
"2020-05-24 20:44:49",78
"2020-05-24 21:44:54",78
"2020-05-24 22:44:52",78
"2020-05-24 23:44:42",78
"2020-05-25 00:44:44",78
"2020-05-25 01:44:56",78
"2020-05-25 02:44:48",78
"2020-05-25 03:45:05",78
"2020-05-25 04:44:48",78
"2020-05-25 06:45:34",78
"2020-05-25 07:44:49",78
"2020-05-25 08:44:56",78
"2020-05-25 09:44:48",78
"2020-05-25 10:44:46",78
"2020-05-25 11:45:03",78
"2020-05-25 12:44:46",78
"2020-05-25 13:44:42",78
"2020-05-25 14:44:53",78
"2020-05-25 15:44:45",78
"2020-05-25 16:44:40",78
"2020-05-25 17:44:46",78
"2020-05-25 18:44:47",78
"2020-05-25 19:44:50",78
"2020-05-25 20:44:50",78
"2020-05-25 21:44:41",78
"2020-05-25 22:44:41",78
"2020-05-25 23:44:42",78
"2020-05-26 00:44:49",78
"2020-05-26 01:44:43",78
"2020-05-26 02:44:41",78
"2020-05-26 03:44:50",78
"2020-05-26 04:44:53",78
"2020-05-26 05:44:46",78
"2020-05-26 06:44:49",78
"2020-05-26 07:44:51",78
"2020-05-26 08:44:53",78
"2020-05-26 09:44:48",78
"2020-05-26 10:44:47",78
"2020-05-26 11:44:53",78
"2020-05-26 12:44:46",78
"2020-05-26 13:44:51",78
"2020-05-26 14:44:48",77
"2020-05-26 15:44:45",77
"2020-05-26 16:44:44",78
"2020-05-26 17:44:47",78
"2020-05-26 18:44:41",78
"2020-05-26 19:44:45",78
"2020-05-26 20:44:46",78
"2020-05-26 21:44:58",78
"2020-05-26 22:44:43",78
"2020-05-26 23:44:45",78
"2020-05-27 00:45:12",78
"2020-05-27 01:44:42",78
"2020-05-27 02:44:45",78
"2020-05-27 03:44:47",78
"2020-05-27 04:44:48",78
"2020-05-27 05:44:44",78
"2020-05-27 06:44:50",78
"2020-05-27 07:44:49",78
"2020-05-27 08:44:43",78
"2020-05-27 09:44:42",78
"2020-05-27 10:44:42",78
"2020-05-27 11:44:40",78
"2020-05-27 13:08:50",78
"2020-05-27 13:44:55",78
"2020-05-27 14:44:48",78
"2020-05-27 15:44:41",78
"2020-05-27 16:44:44",79
"2020-05-27 17:44:42",79
"2020-05-27 18:44:41",79
"2020-05-27 19:44:50",79
"2020-05-27 20:44:47",79
"2020-05-27 21:44:46",79
"2020-05-27 22:44:44",79
"2020-05-27 23:44:42",79
"2020-05-28 00:44:48",79
"2020-05-28 01:44:52",79
"2020-05-28 02:44:44",79
"2020-05-28 03:44:43",79
"2020-05-28 04:44:45",79
"2020-05-28 05:44:42",79
"2020-05-28 06:44:45",79
"2020-05-28 07:44:54",79
"2020-05-28 08:44:49",79
"2020-05-28 09:44:42",79
"2020-05-28 10:44:52",79
"2020-05-28 11:44:54",79
"2020-05-28 13:09:22",79
"2020-05-28 13:44:49",79
"2020-05-28 14:44:51",80
"2020-05-28 15:44:48",81
"2020-05-28 16:44:51",81
"2020-05-28 17:44:47",81
"2020-05-28 18:44:47",81
"2020-05-28 19:44:45",81
"2020-05-28 20:44:56",81
"2020-05-28 21:45:00",81
"2020-05-28 22:44:47",81
"2020-05-28 23:44:57",81
"2020-05-29 00:44:51",81
"2020-05-29 01:44:49",81
"2020-05-29 02:45:07",81
"2020-05-29 03:44:46",81
"2020-05-29 04:44:49",81
"2020-05-29 05:45:05",81
"2020-05-29 06:44:58",81
"2020-05-29 07:44:58",81
"2020-05-29 08:44:55",81
"2020-05-29 09:51:48",81
"2020-05-29 10:44:52",81
"2020-05-29 11:44:48",81
"2020-05-29 12:45:00",81
"2020-05-29 13:44:56",81
"2020-05-29 14:44:54",81
"2020-05-29 15:44:47",81
"2020-05-29 16:44:42",81
"2020-05-29 17:44:52",82
"2020-05-29 18:44:51",82
"2020-05-29 19:44:48",83
"2020-05-29 20:44:56",83
"2020-05-29 21:44:46",83
"2020-05-29 22:44:47",83
"2020-05-29 23:44:59",83
"2020-05-30 00:44:43",83
"2020-05-30 01:44:42",83
"2020-05-30 02:44:46",83
"2020-05-30 03:44:48",83
"2020-05-30 04:44:46",83
"2020-05-30 05:44:50",83
"2020-05-30 06:44:52",83
"2020-05-30 07:45:08",83
"2020-05-30 08:44:51",83
"2020-05-30 09:44:45",83
"2020-05-30 10:44:52",83
"2020-05-30 11:44:49",83
"2020-05-30 12:44:47",83
"2020-05-30 13:44:48",83
"2020-05-30 14:44:43",83
"2020-05-30 15:44:46",83
"2020-05-30 16:45:00",83
"2020-05-30 17:44:48",83
"2020-05-30 18:44:48",83
"2020-05-30 19:44:53",83
"2020-05-30 20:44:47",83
"2020-05-30 21:44:53",83
"2020-05-30 22:44:48",83
"2020-05-30 23:44:53",83
"2020-05-31 00:44:53",83
"2020-05-31 01:44:53",83
"2020-05-31 02:44:51",83
"2020-05-31 03:44:50",83
"2020-05-31 04:44:48",83
"2020-05-31 05:44:53",83
"2020-05-31 06:44:52",83
"2020-05-31 07:44:54",83
"2020-05-31 09:29:49",83
"2020-05-31 09:44:49",83
"2020-05-31 13:09:19",83
"2020-05-31 13:11:34",83
"2020-05-31 13:19:15",83
"2020-06-01 05:01:33",83
"2020-06-01 05:21:08",83
"2020-06-01 05:21:22",83
"2020-06-01 05:23:56",83
"2020-06-01 05:30:10",83
"2020-06-01 05:30:47",83
"2020-06-01 05:31:10",83
"2020-06-01 05:37:58",83
"2020-06-01 05:45:16",83
"2020-06-01 05:46:24",83
"2020-06-01 05:48:30",83
"2020-06-01 05:49:19",83
"2020-06-01 05:49:41",83
"2020-06-01 05:55:57",83
"2020-06-01 06:02:04",83
"2020-06-01 06:38:27",83
"2020-06-01 06:46:03",83
"2020-06-01 06:53:39",83
"2020-06-01 07:44:48",83
"2020-06-01 08:44:56",83
"2020-06-01 09:44:58",83
"2020-06-01 10:44:46",83
"2020-06-01 11:44:49",83
"2020-06-01 13:07:23",83
"2020-06-01 13:45:18",83
"2020-06-01 14:44:51",83
"2020-06-01 15:44:49",82
"2020-06-01 16:45:10",82
"2020-06-01 17:45:07",82
"2020-06-01 18:45:06",82
"2020-06-01 19:44:52",82
"2020-06-01 20:44:50",83
"2020-06-01 21:44:47",83
"2020-06-01 22:44:44",83
"2020-06-01 23:44:52",83
"2020-06-02 00:44:53",83
"2020-06-02 01:44:44",83
"2020-06-02 02:44:44",83
"2020-06-02 03:44:49",83
"2020-06-02 04:44:46",83
"2020-06-02 05:44:48",83
"2020-06-02 06:44:46",83
"2020-06-02 07:44:52",83
"2020-06-02 08:44:54",83
"2020-06-02 09:44:47",83
"2020-06-02 10:44:53",83
"2020-06-02 11:44:48",83
"2020-06-02 12:44:57",83
"2020-06-02 13:44:54",83
"2020-06-02 14:45:12",83
"2020-06-02 15:45:12",83
"2020-06-02 16:44:47",83
"2020-06-02 17:45:09",83
"2020-06-02 18:44:47",83
"2020-06-02 19:45:07",83
"2020-06-02 20:45:11",83
"2020-06-02 21:44:42",83
"2020-06-02 22:44:50",83
"2020-06-02 23:44:43",83
"2020-06-03 00:44:55",83
"2020-06-03 01:45:11",83
"2020-06-03 02:44:41",83
"2020-06-03 03:45:03",83
"2020-06-03 04:45:00",83
"2020-06-03 05:44:44",83
"2020-06-03 06:44:48",83
"2020-06-03 07:45:07",83
"2020-06-03 08:44:47",83
"2020-06-03 09:44:49",83
"2020-06-03 10:44:48",83
"2020-06-03 11:44:48",83
"2020-06-03 13:10:55",83
"2020-06-03 13:44:51",83
"2020-06-03 14:44:44",84
"2020-06-03 15:45:11",84
"2020-06-03 16:45:05",84
"2020-06-03 17:45:10",85
"2020-06-03 18:45:16",85
"2020-06-03 19:45:12",85
"2020-06-03 20:44:47",85
"2020-06-03 21:44:48",86
"2020-06-03 22:44:46",86
"2020-06-03 23:44:42",86
"2020-06-04 00:45:06",86
"2020-06-04 01:44:53",86
"2020-06-04 02:44:48",86
"2020-06-04 03:44:52",86
"2020-06-04 04:44:53",86
"2020-06-04 05:44:48",86
"2020-06-04 06:44:49",86
"2020-06-04 07:44:58",86
"2020-06-04 08:44:59",86
"2020-06-04 09:44:53",86
"2020-06-04 10:44:47",86
"2020-06-04 11:44:46",86
"2020-06-04 12:44:48",86
"2020-06-04 13:45:04",86
"2020-06-04 14:45:26",86
"2020-06-04 15:45:13",86
"2020-06-04 17:09:26",87
"2020-06-04 17:44:51",87
"2020-06-04 18:45:06",87
"2020-06-04 19:44:43",87
"2020-06-04 20:45:09",87
"2020-06-04 21:45:09",87
"2020-06-04 22:44:48",87
"2020-06-04 23:44:51",87
"2020-06-05 00:44:53",87
"2020-06-05 01:44:46",87
"2020-06-05 02:44:45",87
"2020-06-05 03:44:47",87
"2020-06-05 04:44:51",87
"2020-06-05 05:44:54",87
"2020-06-05 06:44:52",87
"2020-06-05 07:44:51",87
"2020-06-05 08:44:50",87
"2020-06-05 09:44:46",87
"2020-06-05 10:44:46",87
"2020-06-05 11:44:48",87
"2020-06-05 13:11:55",87
"2020-06-05 13:45:13",87
"2020-06-05 14:44:54",87
"2020-06-05 15:44:52",87
"2020-06-05 16:45:16",86
"2020-06-05 17:44:51",87
"2020-06-05 18:44:52",87
"2020-06-05 19:44:51",87
"2020-06-05 20:45:15",87
"2020-06-05 21:44:53",87
"2020-06-05 22:44:51",87
"2020-06-05 23:44:52",87
"2020-06-06 00:44:58",87
"2020-06-06 01:44:46",87
"2020-06-06 02:44:48",87
"2020-06-06 03:44:54",87
"2020-06-06 04:44:58",87
"2020-06-06 05:44:58",87
"2020-06-06 06:44:52",87
"2020-06-06 07:45:19",87
"2020-06-06 08:44:55",87
"2020-06-06 09:55:11",87
"2020-06-06 10:44:47",87
"2020-06-06 11:44:52",87
"2020-06-06 12:44:54",87
"2020-06-06 13:44:49",87
"2020-06-06 14:45:13",87
"2020-06-06 15:44:50",87
"2020-06-06 16:45:09",87
"2020-06-06 18:44:53",87
"2020-06-06 19:44:47",87
"2020-06-06 20:44:50",87
"2020-06-06 21:44:49",87
"2020-06-06 22:44:51",87
"2020-06-06 23:44:57",87
"2020-06-07 00:44:57",87
"2020-06-07 01:44:49",87
"2020-06-07 02:44:51",87
"2020-06-07 03:44:51",87
"2020-06-07 04:44:51",87
"2020-06-07 05:44:50",87
"2020-06-07 06:44:50",87
"2020-06-07 07:44:55",87
"2020-06-07 08:44:55",87
"2020-06-08 04:44:46",87
"2020-06-08 05:44:44",87
"2020-06-08 06:45:08",87
"2020-06-08 07:44:43",87
"2020-06-08 08:44:53",87
"2020-06-08 09:44:47",87
"2020-06-08 10:44:46",87
"2020-06-08 11:44:50",87
"2020-06-08 12:45:13",87
"2020-06-08 13:44:52",87
"2020-06-08 14:45:27",87
"2020-06-08 15:44:48",87
"2020-06-08 16:44:59",87
"2020-06-08 17:44:57",87
"2020-06-08 18:45:20",88
"2020-06-08 19:45:15",89
"2020-06-08 20:45:03",89
"2020-06-08 21:44:55",89
"2020-06-08 22:44:52",89
"2020-06-08 23:44:52",89
"2020-06-09 00:44:54",89
"2020-06-09 01:45:02",89
"2020-06-09 02:45:00",89
"2020-06-09 03:44:49",89
"2020-06-09 04:45:14",89
"2020-06-09 05:45:26",89
"2020-06-09 06:45:21",89
"2020-06-09 07:45:00",89
"2020-06-09 08:44:58",89
"2020-06-09 09:45:10",89
"2020-06-09 10:44:55",89
"2020-06-09 11:44:59",89
"2020-06-09 12:45:29",89
"2020-06-09 13:45:09",89
"2020-06-09 14:45:09",89
"2020-06-09 15:45:15",89
"2020-06-09 16:45:22",90
"2020-06-09 17:44:55",90
"2020-06-09 18:45:14",89
"2020-06-09 19:45:32",89
"2020-06-09 20:45:33",89
"2020-06-09 21:45:13",89
"2020-06-09 22:45:17",89
"2020-06-09 23:45:20",89
"2020-06-10 00:45:26",89
"2020-06-10 01:45:11",89
"2020-06-10 02:45:17",89
"2020-06-10 03:45:21",89
"2020-06-10 04:45:09",89
"2020-06-10 05:45:18",89
"2020-06-10 06:44:58",89
"2020-06-10 07:44:49",89
"2020-06-10 08:44:56",89
"2020-06-10 09:44:46",89
"2020-06-10 10:44:48",89
"2020-06-10 11:44:55",89
"2020-06-10 12:45:03",89
"2020-06-10 13:45:21",89
"2020-06-10 15:44:54",87
"2020-06-10 16:45:06",87
"2020-06-10 17:45:02",86
"2020-06-10 18:45:03",86
"2020-06-10 19:44:58",86
"2020-06-10 20:44:54",86
"2020-06-10 21:45:05",86
"2020-06-10 22:44:50",86
"2020-06-10 23:45:14",86
"2020-06-11 00:46:21",86
"2020-06-11 01:44:51",86
"2020-06-11 02:45:33",86
"2020-06-11 03:45:32",86
"2020-06-11 04:44:55",86
"2020-06-11 05:45:29",86
"2020-06-11 06:45:03",86
"2020-06-11 07:45:19",86
"2020-06-11 08:44:57",86
"2020-06-11 09:44:59",86
"2020-06-11 10:44:58",86
"2020-06-11 11:44:49",86
"2020-06-11 12:44:59",86
"2020-06-11 13:45:23",86
"2020-06-11 14:45:08",86
"2020-06-11 15:45:21",87
"2020-06-11 16:45:39",88
"2020-06-11 17:45:15",87
"2020-06-11 18:45:19",87
"2020-06-11 19:45:13",87
"2020-06-11 20:44:52",87
"2020-06-11 21:44:50",87
"2020-06-11 22:44:45",87
"2020-06-11 23:44:44",87
"2020-06-12 00:44:54",87
"2020-06-12 01:44:54",87
"2020-06-12 02:44:52",87
"2020-06-12 03:44:53",87
"2020-06-12 04:44:51",87
"2020-06-12 05:44:49",87
"2020-06-12 06:44:58",87
"2020-06-12 07:44:58",87
"2020-06-12 08:44:46",87
"2020-06-12 09:44:58",87
"2020-06-12 10:44:58",87
"2020-06-12 11:44:51",87
"2020-06-12 14:11:32",87
"2020-06-12 14:19:31",87
"2020-06-12 14:45:26",87
"2020-06-12 15:44:57",86
"2020-06-12 16:45:02",86
"2020-06-12 17:44:57",86
"2020-06-12 18:44:58",86
"2020-06-12 19:45:14",86
"2020-06-12 20:45:13",87
"2020-06-12 21:45:06",87
"2020-06-12 22:44:51",88
"2020-06-12 23:44:51",88
"2020-06-13 00:44:47",88
"2020-06-13 01:44:50",88
"2020-06-13 02:44:52",88
"2020-06-13 03:44:51",88
"2020-06-13 04:44:50",88
"2020-06-13 05:44:49",88
"2020-06-13 06:44:53",88
"2020-06-13 07:44:54",88
"2020-06-13 08:44:49",88
"2020-06-13 09:44:51",88
"2020-06-13 10:44:51",88
"2020-06-13 11:44:48",88
"2020-06-13 12:44:48",88
"2020-06-13 13:44:46",88
"2020-06-13 14:44:50",88
"2020-06-13 15:44:50",88
"2020-06-13 16:44:59",88
"2020-06-13 17:44:51",88
"2020-06-13 18:44:53",88
"2020-06-13 19:44:49",88
"2020-06-13 20:44:53",88
"2020-06-13 21:44:56",88
"2020-06-13 22:44:55",88
"2020-06-13 23:44:55",88
"2020-06-14 00:44:54",88
"2020-06-14 01:44:48",88
"2020-06-14 02:44:54",88
"2020-06-14 03:44:57",88
"2020-06-14 04:44:45",88
"2020-06-14 05:45:09",88
"2020-06-14 06:44:50",88
"2020-06-14 07:44:54",88
"2020-06-14 08:44:50",88
"2020-06-14 09:44:51",88
"2020-06-14 10:44:52",88
"2020-06-14 11:44:48",88
"2020-06-14 12:44:49",88
"2020-06-14 13:44:51",88
"2020-06-14 14:44:53",88
"2020-06-14 15:44:51",88
"2020-06-14 16:44:49",88
"2020-06-14 17:44:53",88
"2020-06-14 18:44:56",88
"2020-06-14 19:44:50",88
"2020-06-14 20:44:53",88
"2020-06-14 21:45:04",88
"2020-06-14 22:44:48",88
"2020-06-14 23:44:51",88
"2020-06-15 00:45:06",88
"2020-06-15 01:44:58",88
"2020-06-15 02:44:57",88
"2020-06-15 03:44:50",88
"2020-06-15 04:44:59",88
"2020-06-15 05:45:14",88
"2020-06-15 06:44:51",88
"2020-06-15 07:44:51",88
"2020-06-15 08:45:01",88
"2020-06-15 09:44:55",88
"2020-06-15 10:44:47",88
"2020-06-15 11:44:49",88
"2020-06-15 12:44:58",88
"2020-06-15 13:45:29",88
"2020-06-15 14:45:19",90
"2020-06-15 15:44:58",90
"2020-06-15 16:45:09",90
"2020-06-15 17:44:58",91
"2020-06-15 18:42:30",90
"2020-06-15 18:50:09",90
"2020-06-15 18:57:48",90
"2020-06-15 19:05:30",91
"2020-06-15 19:13:17",91
"2020-06-15 19:21:04",91
"2020-06-15 19:28:46",91
"2020-06-15 19:36:26",91
"2020-06-15 19:44:05",91
"2020-06-15 19:51:45",91
"2020-06-15 19:59:30",91
"2020-06-15 20:07:15",91
"2020-06-15 20:12:17",91
"2020-06-15 20:19:56",91
"2020-06-15 20:27:34",91
"2020-06-15 20:35:13",91
"2020-06-15 20:42:51",91
"2020-06-15 20:50:28",91
"2020-06-15 20:58:09",91
"2020-06-15 21:05:51",91
"2020-06-15 21:13:32",91
"2020-06-15 21:21:10",91
"2020-06-15 21:28:47",91
"2020-06-15 21:36:25",91
"2020-06-15 21:44:02",91
"2020-06-15 21:51:41",91
"2020-06-15 22:44:53",91
"2020-06-15 23:44:49",91
"2020-06-16 00:44:53",91
"2020-06-16 01:44:48",91
"2020-06-16 02:45:29",91
"2020-06-16 03:44:51",91
"2020-06-16 04:44:44",91
"2020-06-16 05:44:48",91
"2020-06-16 06:45:13",91
"2020-06-16 07:45:08",91
"2020-06-16 08:44:47",91
"2020-06-16 09:44:46",91
"2020-06-16 10:44:50",91
"2020-06-16 11:44:45",91
"2020-06-16 12:44:55",91
"2020-06-16 13:44:54",91
"2020-06-16 14:45:11",91
"2020-06-16 15:44:56",91
"2020-06-16 16:44:55",91
"2020-06-16 17:45:25",90
"2020-06-16 18:44:53",90
"2020-06-16 19:44:54",90
"2020-06-16 20:44:54",90
"2020-06-16 21:44:51",90
"2020-06-16 22:44:44",90
"2020-06-16 23:44:46",90
"2020-06-17 00:44:50",90
"2020-06-17 01:45:07",90
"2020-06-17 02:44:54",90
"2020-06-17 03:45:18",90
"2020-06-17 04:44:55",90
"2020-06-17 05:44:53",90
"2020-06-17 06:45:09",90
"2020-06-17 07:44:53",90
"2020-06-17 08:44:49",90
"2020-06-17 09:44:47",90
"2020-06-17 10:44:46",90
"2020-06-17 11:44:53",90
"2020-06-17 12:44:53",90
"2020-06-17 13:44:58",90
"2020-06-17 14:44:53",91
"2020-06-17 15:44:56",91
"2020-06-17 16:44:59",91
"2020-06-17 17:44:56",91
"2020-06-17 18:45:03",93
"2020-06-17 19:45:14",93
"2020-06-17 20:45:15",93
"2020-06-17 21:45:06",93
"2020-06-17 22:44:50",93
"2020-06-17 23:44:53",93
"2020-06-18 00:44:50",93
"2020-06-18 01:44:54",93
"2020-06-18 02:44:48",93
"2020-06-18 03:45:07",93
"2020-06-18 04:44:52",93
"2020-06-18 05:44:47",93
"2020-06-18 06:44:54",93
"2020-06-18 07:45:07",93
"2020-06-18 08:44:49",93
"2020-06-18 09:44:51",93
"2020-06-18 10:44:45",93
"2020-06-18 11:44:58",93
"2020-06-18 12:44:53",93
"2020-06-18 13:45:07",93
"2020-06-18 14:45:06",94
"2020-06-18 17:06:51",94
"2020-06-18 17:44:53",94
"2020-06-18 18:45:05",94
"2020-06-18 19:45:01",94
"2020-06-18 20:44:55",95
"2020-06-18 21:45:15",95
"2020-06-18 22:44:52",95
"2020-06-18 23:44:57",95
"2020-06-19 00:45:15",95
"2020-06-19 01:44:52",95
"2020-06-19 02:44:50",95
"2020-06-19 03:45:12",95
"2020-06-19 04:47:26",95
"2020-06-19 05:44:52",95
"2020-06-19 06:44:48",95
"2020-06-19 07:45:11",95
"2020-06-19 08:45:18",95
"2020-06-19 09:45:09",95
"2020-06-19 10:44:51",95
"2020-06-19 11:44:44",95
"2020-06-19 13:09:24",95
"2020-06-19 13:45:07",95
"2020-06-19 14:44:54",95
"2020-06-19 15:44:57",95
"2020-06-19 16:44:54",95
"2020-06-19 17:45:07",95
"2020-06-19 18:44:49",95
"2020-06-19 19:44:57",96
"2020-06-19 20:44:53",96
"2020-06-19 21:44:44",96
"2020-06-19 22:45:02",96
"2020-06-19 23:45:09",96
"2020-06-20 00:44:56",96
"2020-06-20 01:45:03",96
"2020-06-20 02:45:04",96
"2020-06-20 03:44:48",96
"2020-06-20 04:44:44",96
"2020-06-20 05:44:55",96
"2020-06-20 06:44:49",96
"2020-06-20 07:44:52",96
"2020-06-20 08:44:53",96
"2020-06-20 09:44:52",96
"2020-06-20 10:44:51",96
"2020-06-20 11:44:53",96
"2020-06-20 12:44:55",96
"2020-06-20 13:44:56",96
"2020-06-20 14:44:54",96
"2020-06-20 15:44:46",96
"2020-06-20 16:45:11",96
"2020-06-20 17:44:49",96
"2020-06-20 18:44:50",96
"2020-06-20 19:45:05",96
"2020-06-20 20:44:53",96
"2020-06-20 21:44:54",96
"2020-06-20 22:44:56",96
"2020-06-20 23:44:58",96
"2020-06-21 00:44:58",96
"2020-06-21 01:44:53",96
"2020-06-21 02:44:53",96
"2020-06-21 03:45:15",96
"2020-06-21 04:44:52",96
"2020-06-21 05:45:14",96
"2020-06-21 06:44:51",96
"2020-06-21 07:44:53",96
"2020-06-21 08:44:48",96
"2020-06-21 09:44:49",96
"2020-06-21 10:44:46",96
"2020-06-21 11:44:53",96
"2020-06-21 12:44:58",96
"2020-06-21 13:44:56",96
"2020-06-21 14:45:19",96
"2020-06-21 15:44:55",96
"2020-06-21 16:44:48",96
"2020-06-21 17:44:51",96
"2020-06-21 18:44:54",96
"2020-06-21 19:44:55",96
"2020-06-21 20:44:53",96
"2020-06-21 21:44:56",96
"2020-06-21 22:45:12",96
"2020-06-21 23:45:01",96
"2020-06-22 00:44:51",96
"2020-06-22 01:45:04",96
"2020-06-22 02:44:58",96
"2020-06-22 03:44:54",96
"2020-06-22 04:44:56",96
"2020-06-22 05:45:13",96
"2020-06-22 06:44:54",96
"2020-06-22 07:44:47",96
"2020-06-22 08:44:55",96
"2020-06-22 09:44:57",96
"2020-06-22 10:45:17",96
"2020-06-22 11:44:49",96
"2020-06-22 12:44:55",96
"2020-06-22 13:44:58",96
"2020-06-22 14:44:59",97
"2020-06-22 15:45:14",97
"2020-06-22 16:44:58",97
"2020-06-22 17:45:18",97
"2020-06-22 18:44:53",97
"2020-06-22 19:45:00",97
"2020-06-22 20:44:50",97
"2020-06-22 21:44:50",97
"2020-06-22 22:44:47",97
"2020-06-22 23:44:50",97
"2020-06-23 00:44:50",97
"2020-06-23 01:44:54",97
"2020-06-23 02:44:58",97
"2020-06-23 03:44:59",97
"2020-06-23 04:45:07",97
"2020-06-23 05:45:09",97
"2020-06-23 06:44:50",97
"2020-06-23 07:44:58",97
"2020-06-23 08:45:27",97
"2020-06-23 09:44:52",97
"2020-06-23 10:44:58",97
"2020-06-23 11:44:54",97
"2020-06-23 12:45:00",97
"2020-06-23 13:44:57",97
"2020-06-23 14:45:00",97
"2020-06-23 15:45:13",98
"2020-06-23 16:44:55",98
"2020-06-23 17:45:03",98
"2020-06-23 18:45:14",98
"2020-06-23 19:44:51",97
"2020-06-23 20:44:58",97
"2020-06-23 21:44:50",97
"2020-06-23 22:45:10",97
"2020-06-23 23:45:16",97
"2020-06-24 00:45:15",97
"2020-06-24 01:45:16",97
"2020-06-24 02:45:13",97
"2020-06-24 03:44:52",97
"2020-06-24 04:45:08",97
"2020-06-24 05:45:17",97
"2020-06-24 06:44:59",97
"2020-06-24 07:44:55",97
"2020-06-24 08:45:08",97
"2020-06-24 09:44:58",97
"2020-06-24 10:45:05",97
"2020-06-24 11:44:49",97
"2020-06-24 12:44:56",97
"2020-06-24 13:45:02",97
"2020-06-24 14:44:58",96
"2020-06-24 15:44:51",96
"2020-06-24 16:44:56",96
"2020-06-24 17:45:14",96
"2020-06-24 18:45:08",96
"2020-06-24 19:45:13",96
"2020-06-24 20:44:57",96
"2020-06-24 21:44:53",96
"2020-06-24 22:44:52",96
"2020-06-24 23:44:55",96
"2020-06-25 00:44:59",96
"2020-06-25 01:44:55",96
"2020-06-25 02:44:47",96
"2020-06-25 03:44:53",96
"2020-06-25 04:44:56",96
"2020-06-25 05:44:54",96
"2020-06-25 06:45:01",96
"2020-06-25 07:45:02",96
"2020-06-25 08:44:56",96
"2020-06-25 09:45:13",96
"2020-06-25 10:44:50",96
"2020-06-25 11:45:26",96
"2020-06-25 13:08:27",96
"2020-06-25 13:45:17",96
"2020-06-25 14:45:37",96
"2020-06-25 15:45:19",96
"2020-06-25 16:45:17",96
"2020-06-25 17:45:19",96
"2020-06-25 18:44:55",96
"2020-06-25 19:45:07",96
"2020-06-25 20:44:54",96
"2020-06-25 21:45:12",96
"2020-06-25 22:45:20",96
"2020-06-25 23:44:52",96
"2020-06-26 00:45:20",96
"2020-06-26 01:45:05",96
"2020-06-26 02:45:01",96
"2020-06-26 03:45:11",96
"2020-06-26 04:44:52",96
"2020-06-26 05:44:57",96
"2020-06-26 06:45:01",96
"2020-06-26 07:45:02",96
"2020-06-26 08:45:05",96
"2020-06-26 09:44:54",96
"2020-06-26 10:44:52",96
"2020-06-26 11:44:57",96
"2020-06-26 12:45:00",96
"2020-06-26 13:45:28",96
"2020-06-26 14:44:59",96
"2020-06-26 15:44:55",95
"2020-06-26 16:44:59",95
"2020-06-26 17:44:56",95
"2020-06-26 18:44:59",94
"2020-06-26 19:45:01",95
"2020-06-26 20:44:54",95
"2020-06-26 21:44:59",95
"2020-06-26 22:45:16",95
"2020-06-26 23:44:52",95
"2020-06-27 00:45:27",95
"2020-06-27 01:45:15",95
"2020-06-27 02:45:13",95
"2020-06-27 03:45:13",95
"2020-06-27 04:45:18",95
"2020-06-27 05:44:52",95
"2020-06-27 06:44:58",95
"2020-06-27 07:44:59",95
"2020-06-27 08:44:53",95
"2020-06-27 09:44:56",95
"2020-06-27 10:44:57",95
"2020-06-27 11:44:51",95
"2020-06-27 12:45:03",95
"2020-06-27 13:44:58",95
"2020-06-27 14:44:49",95
"2020-06-27 15:45:19",95
"2020-06-27 16:44:58",95
"2020-06-27 17:44:54",95
"2020-06-27 18:44:57",95
"2020-06-27 19:44:57",95
"2020-06-27 20:44:52",95
"2020-06-27 21:44:54",95
"2020-06-27 22:44:56",95
"2020-06-27 23:44:52",95
"2020-06-28 00:45:06",95
"2020-06-28 01:44:52",95
"2020-06-28 02:45:00",95
"2020-06-28 03:44:54",95
"2020-06-28 04:44:52",95
"2020-06-28 05:44:55",95
"2020-06-28 06:44:53",95
"2020-06-28 07:45:07",95
"2020-06-28 08:45:00",95
"2020-06-28 09:44:54",95
"2020-06-28 10:44:55",95
"2020-06-28 11:44:51",95
"2020-06-28 12:44:58",95
"2020-06-28 13:44:57",95
"2020-06-28 14:44:52",95
"2020-06-28 15:45:00",95
"2020-06-28 16:44:57",95
"2020-06-28 17:44:55",95
"2020-06-28 18:44:59",95
"2020-06-28 19:44:59",95
"2020-06-28 20:44:51",95
"2020-06-28 21:45:01",95
"2020-06-28 22:45:15",95
"2020-06-28 23:45:01",95
"2020-06-29 00:45:12",95
"2020-06-29 01:44:50",95
"2020-06-29 02:45:00",95
"2020-06-29 03:44:57",95
"2020-06-29 04:45:01",95
"2020-06-29 05:44:53",95
"2020-06-29 06:45:03",95
"2020-06-29 07:45:07",95
"2020-06-29 08:44:59",95
"2020-06-29 09:45:02",95
"2020-06-29 10:44:58",95
"2020-06-29 11:44:56",95
"2020-06-29 12:45:01",95
"2020-06-29 13:45:11",95
"2020-06-29 14:45:24",96
"2020-06-29 15:44:58",96
"2020-06-29 16:44:56",96
"2020-06-29 17:44:54",96
"2020-06-29 18:44:54",96
"2020-06-29 19:44:57",96
"2020-06-29 20:44:57",96
"2020-06-29 21:44:56",96
"2020-06-29 22:44:52",96
"2020-06-29 23:45:00",96
"2020-06-30 00:45:21",96
"2020-06-30 01:45:03",96
"2020-06-30 02:45:22",96
"2020-06-30 03:44:54",96
"2020-06-30 04:45:17",96
"2020-06-30 05:45:00",96
"2020-06-30 06:45:13",96
"2020-06-30 07:44:54",96
"2020-06-30 08:44:54",96
"2020-06-30 09:45:01",96
"2020-06-30 10:46:59",96
"2020-06-30 11:44:55",96
"2020-06-30 12:44:54",96
"2020-06-30 13:45:34",96
"2020-06-30 14:45:07",96
"2020-06-30 15:45:11",95
"2020-06-30 16:45:31",95
"2020-06-30 17:44:56",95
"2020-06-30 18:45:08",95
"2020-06-30 19:44:58",95
"2020-06-30 20:45:05",95
"2020-06-30 21:45:18",95
"2020-06-30 22:44:48",95
"2020-06-30 23:44:55",95
"2020-07-01 00:45:54",95
"2020-07-01 01:44:57",95
"2020-07-01 02:45:17",95
"2020-07-01 03:44:59",95
"2020-07-01 04:45:05",95
"2020-07-01 05:45:07",95
"2020-07-01 06:44:59",95
"2020-07-01 07:45:02",95
"2020-07-01 08:45:19",95
"2020-07-01 09:45:32",95
"2020-07-01 10:45:26",95
"2020-07-01 11:44:57",95
"2020-07-01 13:08:03",95
"2020-07-01 13:45:32",95
"2020-07-01 14:45:35",96
"2020-07-01 15:45:31",96
"2020-07-01 16:45:28",96
"2020-07-01 17:45:20",96
"2020-07-01 18:45:23",95
"2020-07-01 19:45:31",95
"2020-07-01 20:45:23",95
"2020-07-01 21:45:02",96
"2020-07-01 22:45:23",96
"2020-07-01 23:45:05",96
"2020-07-02 00:46:03",96
"2020-07-02 01:45:07",96
"2020-07-02 02:45:10",96
"2020-07-02 03:45:10",96
"2020-07-02 04:45:05",96
"2020-07-02 05:45:06",96
"2020-07-02 06:45:04",96
"2020-07-02 07:44:57",96
"2020-07-02 08:45:02",96
"2020-07-02 09:46:22",96
"2020-07-02 10:45:02",96
"2020-07-02 11:45:04",96
"2020-07-02 13:11:03",96
"2020-07-02 13:45:31",96
"2020-07-02 14:45:03",96
"2020-07-02 15:45:09",96
"2020-07-02 16:45:22",95
"2020-07-02 17:45:15",94
"2020-07-02 18:45:21",94
"2020-07-02 19:45:11",94
"2020-07-02 20:44:55",94
"2020-07-02 21:45:05",94
"2020-07-02 22:44:57",94
"2020-07-02 23:44:54",94
"2020-07-03 00:45:24",94
"2020-07-03 01:45:01",94
"2020-07-03 02:45:17",94
"2020-07-03 03:44:59",94
"2020-07-03 04:45:20",94
"2020-07-03 05:45:01",94
"2020-07-03 06:45:00",94
"2020-07-03 07:45:02",94
"2020-07-03 08:45:00",94
"2020-07-03 09:45:21",94
"2020-07-03 10:45:04",94
"2020-07-03 11:44:58",94
"2020-07-03 12:44:56",94
"2020-07-03 13:45:00",94
"2020-07-03 14:45:08",94
"2020-07-03 15:44:59",94
"2020-07-03 16:45:00",94
"2020-07-03 17:44:59",94
"2020-07-03 18:45:09",94
"2020-07-03 19:45:03",94
"2020-07-03 20:45:04",94
"2020-07-03 21:45:00",94
"2020-07-03 22:44:59",94
"2020-07-03 23:44:58",94
"2020-07-04 00:44:59",94
"2020-07-04 01:45:10",94
"2020-07-04 02:45:17",94
"2020-07-04 03:44:58",94
"2020-07-04 04:44:55",94
"2020-07-04 05:45:04",94
"2020-07-04 06:45:06",94
"2020-07-04 07:45:01",94
"2020-07-04 08:45:05",94
"2020-07-04 09:45:03",94
"2020-07-04 11:38:04",94
"2020-07-04 11:45:51",94
"2020-07-04 12:45:06",94
"2020-07-04 13:44:58",94
"2020-07-04 14:45:04",94
"2020-07-04 15:44:53",94
"2020-07-04 16:45:26",94
"2020-07-04 17:44:59",94
"2020-07-04 18:45:01",94
"2020-07-04 19:44:55",94
"2020-07-04 20:45:01",94
"2020-07-04 21:45:03",94
"2020-07-04 22:44:56",94
"2020-07-04 23:45:08",94
"2020-07-05 00:45:05",94
"2020-07-05 01:45:03",94
"2020-07-05 02:44:54",94
"2020-07-05 03:45:00",94
"2020-07-05 04:44:56",94
"2020-07-05 05:45:05",94
"2020-07-05 06:45:03",94
"2020-07-05 07:45:07",94
"2020-07-05 08:45:02",94
"2020-07-05 11:32:19",94
"2020-07-05 11:37:49",94
"2020-07-05 11:47:19",94
"2020-07-05 12:44:58",94
"2020-07-05 13:45:03",94
"2020-07-05 14:44:55",94
"2020-07-05 15:45:12",94
"2020-07-05 16:45:05",94
"2020-07-05 17:44:57",94
"2020-07-05 18:44:55",94
"2020-07-05 19:45:02",94
"2020-07-05 20:44:58",94
"2020-07-05 21:45:03",94
"2020-07-05 22:44:53",94
"2020-07-05 23:44:56",94
"2020-07-06 00:45:03",94
"2020-07-06 01:45:06",94
"2020-07-06 02:45:01",94
"2020-07-06 03:44:59",94
"2020-07-06 04:44:58",94
"2020-07-06 05:44:50",94
"2020-07-06 06:45:07",94
"2020-07-06 07:45:17",94
"2020-07-06 08:45:07",94
"2020-07-06 09:45:01",94
"2020-07-06 11:41:20",94
"2020-07-06 11:51:49",94
"2020-07-06 14:09:39",96
"2020-07-06 14:17:41",96
"2020-07-06 14:45:20",96
"2020-07-06 15:45:08",96
"2020-07-06 16:45:29",98
"2020-07-06 17:45:07",98
"2020-07-06 18:44:58",99
"2020-07-06 19:44:55",99
"2020-07-06 20:45:09",99
"2020-07-06 21:44:56",99
"2020-07-06 22:45:17",99
"2020-07-06 23:44:56",99
"2020-07-07 00:45:02",99
"2020-07-07 01:44:53",99
"2020-07-07 02:45:00",99
"2020-07-07 03:45:21",99
"2020-07-07 04:44:58",99
"2020-07-07 05:44:53",99
"2020-07-07 06:44:53",99
"2020-07-07 07:44:51",99
"2020-07-07 08:44:52",99
"2020-07-07 11:24:45",99
"2020-07-07 11:31:19",99
"2020-07-07 11:44:59",99
"2020-07-07 12:45:04",99
"2020-07-07 13:45:06",99
"2020-07-07 14:44:59",98
"2020-07-07 15:45:31",97
"2020-07-07 16:46:11",97
"2020-07-07 17:45:17",97
"2020-07-07 18:44:54",97
"2020-07-07 19:45:28",97
"2020-07-07 20:45:05",97
"2020-07-07 21:45:29",97
"2020-07-07 22:45:06",97
"2020-07-07 23:45:04",97
"2020-07-08 00:45:59",97
"2020-07-08 01:45:19",97
"2020-07-08 02:45:05",97
"2020-07-08 03:45:10",97
"2020-07-08 04:45:02",97
"2020-07-08 05:45:20",97
"2020-07-08 06:45:09",97
"2020-07-08 07:45:05",97
"2020-07-08 08:45:08",97
"2020-07-08 11:50:55",97
"2020-07-08 11:55:40",97
"2020-07-08 11:58:21",97
"2020-07-08 13:12:06",97
"2020-07-08 13:45:22",97
"2020-07-08 14:45:03",98
"2020-07-08 15:45:01",98
"2020-07-08 16:45:01",98
"2020-07-08 17:45:07",98
"2020-07-08 18:45:20",98
"2020-07-08 19:45:23",99
"2020-07-08 20:45:05",99
"2020-07-08 21:45:05",99
"2020-07-08 22:45:04",99
"2020-07-08 23:45:09",99
"2020-07-09 00:46:06",99
"2020-07-09 01:45:05",99
"2020-07-09 18:45:25",100
"2020-07-09 18:49:33",100
"2020-07-09 18:59:24",100
"2020-07-09 19:46:50",101
"2020-07-09 20:45:10",101
"2020-07-09 21:45:13",101
"2020-07-09 22:45:16",101
"2020-07-09 23:45:02",101
"2020-07-10 00:45:53",101
"2020-07-10 01:45:04",101
"2020-07-10 02:45:18",101
"2020-07-10 03:45:03",101
"2020-07-10 04:44:52",101
"2020-07-10 05:44:57",101
"2020-07-10 06:45:05",101
"2020-07-10 07:45:02",101
"2020-07-10 08:45:02",101
"2020-07-10 11:43:39",101
"2020-07-10 11:51:26",101
"2020-07-10 11:59:02",101
"2020-07-10 13:12:01",101
"2020-07-10 13:45:07",101
"2020-07-10 14:44:55",101
"2020-07-10 15:45:07",102
"2020-07-10 16:45:09",102
"2020-07-10 17:44:58",102
"2020-07-10 18:45:08",102
"2020-07-10 19:45:05",102
"2020-07-10 20:44:57",102
"2020-07-10 21:45:20",102
"2020-07-10 22:44:55",102
"2020-07-10 23:45:10",102
"2020-07-11 00:44:59",102
"2020-07-11 01:45:03",102
"2020-07-11 02:44:53",102
"2020-07-11 03:45:08",102
"2020-07-11 04:45:04",102
"2020-07-11 05:44:57",102
"2020-07-11 06:44:58",102
"2020-07-11 07:45:10",102
"2020-07-11 08:45:08",102
"2020-07-11 11:48:24",102
"2020-07-11 11:54:53",102
"2020-07-11 12:02:34",102
"2020-07-11 12:45:04",102
"2020-07-11 13:45:04",102
"2020-07-11 14:45:05",102
"2020-07-11 15:45:05",102
"2020-07-11 16:44:54",102
"2020-07-11 17:45:02",102
"2020-07-11 18:45:01",102
"2020-07-11 19:45:00",102
"2020-07-11 20:44:52",102
"2020-07-11 21:45:10",102
"2020-07-11 22:45:05",102
"2020-07-11 23:44:58",102
"2020-07-12 00:45:00",102
"2020-07-12 01:45:23",102
"2020-07-12 02:44:59",102
"2020-07-12 03:45:07",102
"2020-07-12 04:44:55",102
"2020-07-12 05:45:02",102
"2020-07-12 06:45:10",102
"2020-07-12 07:45:00",102
"2020-07-12 08:44:53",102
"2020-07-12 11:37:00",102
"2020-07-12 11:37:39",102
"2020-07-12 11:53:20",102
"2020-07-12 12:44:55",102
"2020-07-12 13:45:02",102
"2020-07-12 14:44:53",102
"2020-07-12 15:45:00",102
"2020-07-12 16:45:05",102
"2020-07-12 17:44:53",102
"2020-07-12 18:44:57",102
"2020-07-12 19:45:00",102
"2020-07-12 20:45:04",102
"2020-07-12 21:44:54",102
"2020-07-12 22:45:12",102
"2020-07-12 23:44:59",102
"2020-07-13 00:45:15",102
"2020-07-13 01:45:19",102
"2020-07-13 02:45:27",102
"2020-07-13 03:45:06",102
"2020-07-13 04:45:05",102
"2020-07-13 05:44:56",102
"2020-07-13 06:45:17",102
"2020-07-13 07:45:00",102
"2020-07-13 08:45:05",102
"2020-07-13 12:01:51",102
"2020-07-13 12:02:50",102
"2020-07-13 12:07:07",102
"2020-07-13 12:45:34",102
"2020-07-13 13:45:05",102
"2020-07-13 14:44:58",102
"2020-07-13 15:45:16",102
"2020-07-13 16:45:25",102
"2020-07-13 17:45:04",102
"2020-07-13 18:45:05",102
"2020-07-13 19:45:15",103
"2020-07-13 20:45:13",103
"2020-07-13 21:45:14",103
"2020-07-13 22:45:20",103
"2020-07-13 23:45:15",103
"2020-07-14 00:45:31",103
"2020-07-14 01:45:22",103
"2020-07-14 02:45:21",103
"2020-07-14 03:45:06",103
"2020-07-14 04:45:00",103
"2020-07-14 05:45:02",103
"2020-07-14 06:45:05",103
"2020-07-14 07:45:10",103
"2020-07-14 08:45:12",103
"2020-07-14 12:07:28",103
"2020-07-14 12:15:27",103
"2020-07-14 12:18:20",103
"2020-07-14 12:45:17",103
"2020-07-14 13:45:29",103
"2020-07-14 14:45:23",103
"2020-07-14 15:45:34",103
"2020-07-14 16:45:48",102
"2020-07-14 17:45:48",102
"2020-07-14 18:45:25",102
"2020-07-14 19:45:16",103
"2020-07-14 20:45:15",103
"2020-07-14 21:45:17",103
"2020-07-14 22:45:23",103
"2020-07-14 23:45:28",103
"2020-07-15 00:45:38",103
"2020-07-15 01:45:27",103
"2020-07-15 02:30:30",103
"2020-07-15 02:38:14",103
"2020-07-15 02:45:54",103
"2020-07-15 02:53:40",103
"2020-07-15 03:15:15",103
"2020-07-15 03:23:05",103
"2020-07-15 03:30:56",103
"2020-07-15 03:38:41",103
"2020-07-15 03:46:25",103
"2020-07-15 03:54:09",103
"2020-07-15 04:01:56",103
"2020-07-15 04:09:44",103
"2020-07-15 04:17:29",103
"2020-07-15 04:25:14",103
"2020-07-15 04:33:07",103
"2020-07-15 04:40:52",103
"2020-07-15 04:48:34",103
"2020-07-15 04:56:26",103
"2020-07-15 05:04:36",103
"2020-07-15 05:12:21",103
"2020-07-15 12:18:47",103
"2020-07-15 12:27:09",103
"2020-07-15 12:35:05",103
"2020-07-15 12:42:57",103
"2020-07-15 12:50:52",103
"2020-07-15 12:58:45",103
"2020-07-15 13:06:43",103
"2020-07-15 13:15:00",103
"2020-07-15 13:23:04",103
"2020-07-15 13:31:16",103
"2020-07-15 13:39:14",103
"2020-07-15 13:47:18",103
"2020-07-15 13:55:14",103
"2020-07-15 14:03:15",103
"2020-07-15 14:11:19",103
"2020-07-15 14:19:21",103
"2020-07-15 14:27:24",103
"2020-07-15 14:35:24",103
"2020-07-15 14:45:18",103
"2020-07-15 14:55:13",103
"2020-07-15 15:05:19",103
"2020-07-15 15:15:20",103
"2020-07-15 15:25:16",103
"2020-07-15 15:35:12",103
"2020-07-15 15:45:17",103
"2020-07-15 15:55:29",103
"2020-07-15 16:05:29",103
"2020-07-15 16:15:33",103
"2020-07-15 16:25:36",103
"2020-07-15 16:35:49",103
"2020-07-15 16:46:01",103
"2020-07-15 16:56:08",103
"2020-07-15 17:06:18",103
"2020-07-15 17:13:30",103
"2020-07-15 17:21:24",103
"2020-07-15 17:29:07",103
"2020-07-15 17:36:55",103
"2020-07-15 17:44:39",103
"2020-07-15 17:52:27",103
"2020-07-15 18:00:28",103
"2020-07-15 18:08:23",103
"2020-07-15 18:16:19",103
"2020-07-15 18:24:13",103
"2020-07-15 18:32:07",103
"2020-07-15 18:40:07",103
"2020-07-15 18:48:15",103
"2020-07-15 18:56:14",103
"2020-07-15 19:04:26",103
"2020-07-15 19:12:29",103
"2020-07-15 19:20:19",103
"2020-07-15 19:28:11",103
"2020-07-15 19:38:16",103
"2020-07-15 19:48:09",103
"2020-07-15 19:57:59",103
"2020-07-15 20:07:57",103
"2020-07-15 20:18:00",103
"2020-07-15 20:27:57",103
"2020-07-15 20:37:45",103
"2020-07-15 20:47:32",103
"2020-07-15 20:57:16",103
"2020-07-15 21:07:07",103
"2020-07-15 21:16:56",103
"2020-07-15 21:26:41",103
"2020-07-15 21:37:09",103
"2020-07-15 21:47:08",103
"2020-07-15 21:57:19",103
"2020-07-15 22:07:18",103
"2020-07-15 22:17:12",103
"2020-07-15 22:27:03",103
"2020-07-15 22:36:49",103
"2020-07-15 22:46:32",103
"2020-07-15 22:56:18",103
"2020-07-15 23:03:02",103
"2020-07-15 23:10:54",103
"2020-07-15 23:25:58",103
"2020-07-15 23:35:47",103
"2020-07-15 23:45:34",103
"2020-07-15 23:55:24",103
"2020-07-16 00:05:56",103
"2020-07-16 00:16:14",103
"2020-07-16 00:26:43",103
"2020-07-16 00:37:03",103
"2020-07-16 00:46:59",103
"2020-07-16 00:56:47",103
"2020-07-16 01:06:38",103
"2020-07-16 01:16:33",103
"2020-07-16 01:26:29",103
"2020-07-16 01:36:13",103
"2020-07-16 01:45:59",103
"2020-07-16 01:55:50",103
"2020-07-16 02:05:44",103
"2020-07-16 02:15:48",103
"2020-07-16 02:26:11",103
"2020-07-16 02:36:12",103
"2020-07-16 02:46:21",103
"2020-07-16 02:59:44",103
"2020-07-16 03:00:26",103
"2020-07-16 03:16:57",103
"2020-07-16 03:27:09",103
"2020-07-16 03:37:12",103
"2020-07-16 03:47:12",103
"2020-07-16 03:57:22",103
"2020-07-16 04:07:49",103
"2020-07-16 04:17:47",103
"2020-07-16 04:27:43",103
"2020-07-16 04:37:40",103
"2020-07-16 04:47:33",103
"2020-07-16 04:57:28",103
"2020-07-16 05:07:24",103
"2020-07-16 05:17:17",103
"2020-07-16 05:27:09",103
"2020-07-16 05:39:38",103
"2020-07-16 05:49:30",103
"2020-07-16 06:00:58",103
"2020-07-16 06:10:52",103
"2020-07-16 06:18:51",103
"2020-07-16 06:27:44",103
"2020-07-16 06:36:53",103
"2020-07-16 06:46:19",103
"2020-07-16 07:02:13",103
"2020-07-16 07:03:34",103
"2020-07-16 07:09:33",103
"2020-07-16 07:28:31",103
"2020-07-16 07:43:18",103
"2020-07-16 07:52:58",103
"2020-07-16 07:59:24",103
"2020-07-16 08:10:43",103
"2020-07-16 08:20:27",103
"2020-07-16 08:29:40",103
"2020-07-16 08:39:26",103
"2020-07-16 08:48:27",103
"2020-07-16 08:57:38",103
"2020-07-16 09:07:16",103
"2020-07-16 09:17:15",103
"2020-07-16 09:27:19",103
"2020-07-16 09:36:59",103
"2020-07-16 09:45:56",103
"2020-07-16 09:54:35",103
"2020-07-16 10:03:37",103
"2020-07-16 10:12:34",103
"2020-07-16 10:21:11",103
"2020-07-16 10:29:27",103
"2020-07-16 10:37:57",103
"2020-07-16 10:48:25",103
"2020-07-16 10:58:53",103
"2020-07-16 11:10:06",103
"2020-07-16 11:20:52",103
"2020-07-16 11:31:24",103
"2020-07-16 11:41:50",103
"2020-07-16 11:52:41",103
"2020-07-16 12:04:18",103
"2020-07-16 12:15:54",103
"2020-07-16 12:26:53",103
"2020-07-16 12:38:09",103
"2020-07-16 12:49:16",103
"2020-07-16 13:00:17",103
"2020-07-16 13:11:57",103
"2020-07-16 13:23:44",103
"2020-07-16 13:35:45",103
"2020-07-16 13:47:08",103
"2020-07-16 13:57:44",103
"2020-07-16 14:09:02",103
"2020-07-16 14:20:13",103
"2020-07-16 14:31:26",103
"2020-07-16 14:38:43",103
"2020-07-16 14:47:04",103
"2020-07-16 15:03:42",103
"2020-07-16 15:14:48",103
"2020-07-16 16:58:19",103
"2020-07-16 17:06:37",103
"2020-07-16 17:14:53",103
"2020-07-16 17:23:01",103
"2020-07-16 17:31:10",103
"2020-07-16 17:39:23",103
"2020-07-16 17:47:32",103
"2020-07-16 17:55:35",103
"2020-07-16 18:03:48",103
"2020-07-16 18:12:04",103
"2020-07-16 18:20:18",103
"2020-07-16 18:28:25",103
"2020-07-16 18:36:34",103
"2020-07-16 18:44:40",103
"2020-07-16 18:52:58",103
"2020-07-16 19:01:12",103
"2020-07-16 19:09:16",103
"2020-07-16 19:17:26",103
"2020-07-16 19:27:30",103
"2020-07-16 19:37:38",103
"2020-07-16 19:47:45",103
"2020-07-16 19:57:46",103
"2020-07-16 20:07:53",103
"2020-07-16 20:17:55",103
"2020-07-16 20:27:54",103
"2020-07-16 20:37:56",103
"2020-07-16 20:48:01",103
"2020-07-16 20:58:03",103
"2020-07-16 21:08:11",103
"2020-07-16 21:18:15",103
"2020-07-16 21:28:38",103
"2020-07-16 21:38:47",103
"2020-07-16 21:48:50",103
"2020-07-16 21:58:52",103
"2020-07-16 22:09:01",103
"2020-07-16 22:19:03",103
"2020-07-16 22:29:04",103
"2020-07-16 22:39:07",103
"2020-07-16 22:49:08",103
"2020-07-16 22:55:52",103
"2020-07-16 23:03:50",103
"2020-07-16 23:19:12",103
"2020-07-16 23:29:12",103
"2020-07-16 23:39:11",103
"2020-07-16 23:49:09",103
"2020-07-16 23:59:16",103
"2020-07-17 00:10:14",103
"2020-07-17 00:20:48",103
"2020-07-17 00:31:19",103
"2020-07-17 00:41:52",103
"2020-07-17 00:51:57",103
"2020-07-17 01:02:17",103
"2020-07-17 01:12:25",103
"2020-07-17 01:22:29",103
"2020-07-17 01:32:29",103
"2020-07-17 01:42:32",103
"2020-07-17 01:52:33",103
"2020-07-17 02:02:41",103
"2020-07-17 02:12:43",103
"2020-07-17 02:22:50",103
"2020-07-17 02:32:48",103
"2020-07-17 02:42:45",103
"2020-07-17 02:55:59",103
"2020-07-17 02:56:39",103
"2020-07-17 03:12:51",103
"2020-07-17 03:22:54",103
"2020-07-17 03:33:01",103
"2020-07-17 03:43:05",103
"2020-07-17 03:53:12",103
"2020-07-17 04:03:23",103
"2020-07-17 04:13:33",103
"2020-07-17 04:23:39",103
"2020-07-17 04:33:44",103
"2020-07-17 04:43:47",103
"2020-07-17 04:53:50",103
"2020-07-17 05:03:59",103
"2020-07-17 05:14:03",103
"2020-07-17 05:24:08",103
"2020-07-17 05:34:07",103
"2020-07-17 05:44:08",103
"2020-07-17 05:54:08",103
"2020-07-17 06:04:17",103
"2020-07-17 06:12:28",103
"2020-07-17 06:20:35",103
"2020-07-17 06:28:51",103
"2020-07-17 06:37:03",103
"2020-07-17 06:50:34",103
"2020-07-17 06:51:35",103
"2020-07-17 06:56:02",103
"2020-07-17 07:10:19",103
"2020-07-17 07:18:28",103
"2020-07-17 07:26:36",103
"2020-07-17 07:34:44",103
"2020-07-17 07:42:48",103
"2020-07-17 07:50:55",103
"2020-07-17 07:58:59",103
"2020-07-17 08:07:25",103
"2020-07-17 08:15:56",103
"2020-07-17 08:24:26",103
"2020-07-17 08:32:59",103
"2020-07-17 08:41:29",103
"2020-07-17 08:49:41",103
"2020-07-17 08:57:52",103
"2020-07-17 09:06:10",103
"2020-07-17 09:14:20",103
"2020-07-17 09:22:25",103
"2020-07-17 09:30:34",103
"2020-07-17 09:38:34",103
"2020-07-17 09:46:37",103
"2020-07-17 09:54:45",103
"2020-07-17 10:03:53",103
"2020-07-17 10:12:04",103
"2020-07-17 10:15:04",103
"2020-07-17 10:27:11",103
"2020-07-17 10:37:13",103
"2020-07-17 10:47:17",103
"2020-07-17 10:57:32",103
"2020-07-17 11:07:54",103
"2020-07-17 11:18:00",103
"2020-07-17 11:28:06",103
"2020-07-17 11:38:13",103
"2020-07-17 11:48:16",103
"2020-07-17 11:58:25",103
"2020-07-17 12:08:49",103
"2020-07-17 12:19:11",103
"2020-07-17 12:29:19",103
"2020-07-17 12:39:25",103
"2020-07-17 12:49:27",103
"2020-07-17 12:59:46",103
"2020-07-17 13:10:30",103
"2020-07-17 13:20:58",103
"2020-07-17 13:29:21",103
"2020-07-17 13:37:59",103
"2020-07-17 13:46:13",103
"2020-07-17 13:54:18",103
"2020-07-17 14:03:21",103
"2020-07-17 14:11:47",103
"2020-07-17 14:20:10",103
"2020-07-17 14:28:30",103
"2020-07-17 14:36:46",103
"2020-07-17 14:44:48",103
"2020-07-17 14:52:54",103
"2020-07-17 15:01:44",103
"2020-07-17 15:10:34",103
"2020-07-17 15:19:24",103
"2020-07-17 15:27:54",103
"2020-07-17 15:36:26",103
"2020-07-17 15:44:52",103
"2020-07-17 15:53:09",103
"2020-07-17 15:59:30",103
"2020-07-17 16:08:34",104
"2020-07-17 16:16:00",104
"2020-07-17 16:24:47",104
"2020-07-17 16:33:29",104
"2020-07-17 16:42:03",104
"2020-07-17 16:50:33",104
"2020-07-17 16:59:09",104
"2020-07-17 17:03:36",104
"2020-07-17 17:11:46",104
"2020-07-17 17:20:18",104
"2020-07-17 17:28:40",104
"2020-07-17 17:37:08",104
"2020-07-17 17:45:35",104
"2020-07-17 17:54:01",104
"2020-07-17 18:02:45",104
"2020-07-17 18:11:26",106
"2020-07-17 18:19:58",106
"2020-07-17 18:28:26",106
"2020-07-17 18:37:00",106
"2020-07-17 18:45:28",106
"2020-07-17 18:53:46",106
"2020-07-17 19:06:02",106
"2020-07-17 19:15:03",106
"2020-07-17 19:23:26",106
"2020-07-17 19:31:39",106
"2020-07-17 19:39:42",106
"2020-07-17 19:43:23",106
"2020-07-17 19:51:25",106
"2020-07-17 19:59:30",106
"2020-07-17 20:07:43",106
"2020-07-17 20:15:48",106
"2020-07-17 20:23:46",106
"2020-07-17 20:31:48",106
"2020-07-17 20:39:50",106
"2020-07-17 20:47:50",106
"2020-07-17 20:55:53",106
"2020-07-17 21:04:09",106
"2020-07-17 21:12:17",106
"2020-07-17 21:20:14",106
"2020-07-17 21:28:11",106
"2020-07-17 21:36:13",106
"2020-07-17 21:44:17",106
"2020-07-17 21:52:23",106
"2020-07-17 22:00:34",106
"2020-07-17 22:10:55",106
"2020-07-17 22:21:05",106
"2020-07-17 22:31:11",106
"2020-07-17 22:41:32",106
"2020-07-17 22:51:59",106
"2020-07-17 23:02:45",106
"2020-07-17 23:13:12",106
"2020-07-17 23:23:22",106
"2020-07-17 23:33:25",106
"2020-07-17 23:43:30",106
"2020-07-17 23:53:38",106
"2020-07-18 00:05:15",106
"2020-07-18 00:16:48",106
"2020-07-18 00:27:21",106
"2020-07-18 00:37:52",106
"2020-07-18 00:48:29",106
"2020-07-18 00:58:41",106
"2020-07-18 01:08:54",106
"2020-07-18 01:19:02",106
"2020-07-18 01:29:10",106
"2020-07-18 01:39:18",106
"2020-07-18 01:46:03",106
"2020-07-18 01:54:00",106
"2020-07-18 02:09:27",106
"2020-07-18 02:19:31",106
"2020-07-18 02:29:30",106
"2020-07-18 02:39:29",106
"2020-07-18 02:49:28",106
"2020-07-18 02:59:29",106
"2020-07-18 03:09:47",106
"2020-07-18 03:19:53",106
"2020-07-18 03:29:59",106
"2020-07-18 03:40:10",106
"2020-07-18 03:50:25",106
"2020-07-18 04:00:38",106
"2020-07-18 04:11:17",106
"2020-07-18 04:21:48",106
"2020-07-18 04:32:01",106
"2020-07-18 04:42:05",106
"2020-07-18 04:52:07",106
"2020-07-18 05:02:33",106
"2020-07-18 05:13:10",106
"2020-07-18 05:23:26",106
"2020-07-18 05:33:33",106
"2020-07-18 05:46:47",106
"2020-07-18 05:47:27",106
"2020-07-18 06:03:50",106
"2020-07-18 06:14:06",106
"2020-07-18 08:38:06",106
"2020-07-18 08:46:16",106
"2020-07-18 08:54:18",106
"2020-07-18 09:02:27",106
"2020-07-18 09:10:27",106
"2020-07-18 09:18:25",106
"2020-07-18 09:26:25",106
"2020-07-18 09:34:28",106
"2020-07-18 09:42:28",106
"2020-07-18 09:50:29",106
"2020-07-18 09:58:31",106
"2020-07-18 10:06:36",106
"2020-07-18 10:14:38",106
"2020-07-18 10:22:38",106
"2020-07-18 10:30:44",106
"2020-07-18 10:38:44",106
"2020-07-18 10:46:39",106
"2020-07-18 10:54:36",106
"2020-07-18 11:04:38",106
"2020-07-18 11:14:38",106
"2020-07-18 11:24:36",106
"2020-07-18 11:34:36",106
"2020-07-18 11:44:34",106
"2020-07-18 11:54:31",106
"2020-07-18 12:04:40",106
"2020-07-18 12:14:48",106
"2020-07-18 12:24:53",106
"2020-07-18 12:34:55",106
"2020-07-18 12:44:55",106
"2020-07-18 12:55:00",106
"2020-07-18 13:05:16",106
"2020-07-18 13:15:29",106
"2020-07-18 13:25:34",106
"2020-07-18 13:35:33",106
"2020-07-18 13:45:28",106
"2020-07-18 13:55:26",106
"2020-07-18 14:05:23",106
"2020-07-18 14:15:20",106
"2020-07-18 14:25:20",106
"2020-07-18 14:32:04",106
"2020-07-18 14:39:59",106
"2020-07-18 14:55:20",106
"2020-07-18 15:05:27",106
"2020-07-18 15:15:30",106
"2020-07-18 15:25:31",106
"2020-07-18 15:35:29",106
"2020-07-18 15:45:29",106
"2020-07-18 15:55:28",106
"2020-07-18 16:05:29",106
"2020-07-18 16:15:29",106
"2020-07-18 16:25:31",106
"2020-07-18 16:35:32",106
"2020-07-18 16:45:30",106
"2020-07-18 16:55:28",106
"2020-07-18 17:05:33",106
"2020-07-18 17:15:38",106
"2020-07-18 17:25:36",106
"2020-07-18 17:35:35",106
"2020-07-18 17:45:33",106
"2020-07-18 17:55:30",106
"2020-07-18 18:05:31",106
"2020-07-18 18:15:32",106
"2020-07-18 18:28:41",106
"2020-07-18 18:29:20",106
"2020-07-18 18:45:23",106
"2020-07-18 18:55:21",106
"2020-07-18 19:05:28",106
"2020-07-18 19:15:51",106
"2020-07-18 19:25:47",106
"2020-07-18 19:36:06",106
"2020-07-18 19:46:06",106
"2020-07-18 22:10:22",106
"2020-07-18 22:17:54",106
"2020-07-18 22:25:27",106
"2020-07-18 22:33:00",106
"2020-07-18 22:40:33",106
"2020-07-18 22:48:05",106
"2020-07-18 22:55:38",106
"2020-07-18 23:03:13",106
"2020-07-18 23:10:47",106
"2020-07-18 23:18:20",106
"2020-07-18 23:25:52",106
"2020-07-18 23:33:25",106
"2020-07-18 23:41:05",106
"2020-07-18 23:48:46",106
"2020-07-18 23:56:34",106
"2020-07-19 00:04:17",106
"2020-07-19 00:11:48",106
"2020-07-19 00:19:22",106
"2020-07-19 00:28:58",106
"2020-07-19 00:38:32",106
"2020-07-19 00:48:07",106
"2020-07-19 00:57:42",106
"2020-07-19 01:07:17",106
"2020-07-19 01:16:53",106
"2020-07-19 01:26:29",106
"2020-07-19 01:36:05",106
"2020-07-19 01:45:40",106
"2020-07-19 01:55:15",106
"2020-07-19 02:04:50",106
"2020-07-19 02:14:25",106
"2020-07-19 02:23:58",106
"2020-07-19 02:33:32",106
"2020-07-19 02:43:05",106
"2020-07-19 02:52:39",106
"2020-07-19 03:02:13",106
"2020-07-19 03:11:48",106
"2020-07-19 03:21:22",106
"2020-07-19 03:30:57",106
"2020-07-19 03:40:32",106
"2020-07-19 03:46:53",106
"2020-07-19 03:54:30",106
"2020-07-19 04:09:14",106
"2020-07-19 04:18:48",106
"2020-07-19 04:28:21",106
"2020-07-19 04:37:54",106
"2020-07-19 04:47:28",106
"2020-07-19 04:57:02",106
"2020-07-19 05:06:34",106
"2020-07-19 05:16:07",106
"2020-07-19 05:25:40",106
"2020-07-19 05:35:12",106
"2020-07-19 05:44:45",106
"2020-07-19 05:54:16",106
"2020-07-19 06:03:49",106
"2020-07-19 06:13:24",106
"2020-07-19 06:23:00",106
"2020-07-19 06:32:36",106
"2020-07-19 06:43:45",106
"2020-07-19 06:51:21",106
"2020-07-19 06:58:55",106
"2020-07-19 07:06:32",106
"2020-07-19 07:14:09",106
"2020-07-19 07:21:44",106
"2020-07-19 07:29:17",106
"2020-07-19 07:36:51",106
"2020-07-19 07:44:26",106
"2020-07-19 07:52:01",106
"2020-07-19 07:59:34",106
"2020-07-19 08:07:09",106
"2020-07-19 08:14:43",106
"2020-07-19 08:22:16",106
"2020-07-19 08:29:55",106
"2020-07-19 08:37:29",106
"2020-07-19 08:44:57",106
"2020-07-19 08:52:30",106
"2020-07-19 09:02:06",106
"2020-07-19 09:11:41",106
"2020-07-19 09:21:16",106
"2020-07-19 09:30:51",106
"2020-07-19 09:40:32",106
"2020-07-19 09:50:15",106
"2020-07-19 09:59:57",106
"2020-07-19 10:09:39",106
"2020-07-19 10:19:13",106
"2020-07-19 10:28:48",106
"2020-07-19 10:38:24",106
"2020-07-19 10:48:02",106
"2020-07-19 10:57:38",106
"2020-07-19 11:07:13",106
"2020-07-19 11:16:48",106
"2020-07-19 11:26:23",106
"2020-07-19 11:35:59",106
"2020-07-19 11:45:36",106
"2020-07-19 11:55:11",106
"2020-07-19 12:04:46",106
"2020-07-19 12:14:24",106
"2020-07-19 12:20:47",106
"2020-07-19 12:28:24",106
"2020-07-19 12:43:10",106
"2020-07-19 12:52:49",106
"2020-07-19 13:02:25",106
"2020-07-19 13:12:00",106
"2020-07-19 13:21:36",106
"2020-07-19 13:31:14",106
"2020-07-19 13:40:49",106
"2020-07-19 13:50:24",106
"2020-07-19 13:59:58",106
"2020-07-19 14:09:34",106
"2020-07-19 14:19:08",106
"2020-07-19 14:28:42",106
"2020-07-19 14:38:18",106
"2020-07-19 14:47:52",106
"2020-07-19 14:57:27",106
"2020-07-19 15:07:04",106
"2020-07-19 15:16:40",106
"2020-07-19 15:26:16",106
"2020-07-19 15:35:51",106
"2020-07-19 15:45:26",106
"2020-07-19 15:55:01",106
"2020-07-19 16:07:42",106
"2020-07-19 16:08:20",106
"2020-07-19 16:23:52",106
"2020-07-19 16:33:27",106
"2020-07-19 16:43:03",106
"2020-07-19 16:52:42",106
"2020-07-19 17:02:22",106
"2020-07-19 17:11:58",106
"2020-07-19 17:21:33",106
"2020-07-19 17:31:07",106
"2020-07-19 17:40:42",106
"2020-07-19 17:50:16",106
"2020-07-19 17:59:50",106
"2020-07-19 18:09:26",106
"2020-07-19 18:19:00",106
"2020-07-19 18:28:36",106
"2020-07-19 18:38:11",106
"2020-07-19 18:47:45",106
"2020-07-19 18:57:20",106
"2020-07-19 19:06:56",106
"2020-07-19 19:14:31",106
"2020-07-19 19:22:06",106
"2020-07-19 19:29:40",106
"2020-07-19 19:37:18",106
"2020-07-19 19:49:38",106
"2020-07-19 19:50:37",106
"2020-07-19 19:54:46",106
"2020-07-19 20:07:40",106
"2020-07-19 20:15:16",106
"2020-07-19 20:22:51",106
"2020-07-19 20:30:26",106
"2020-07-19 20:38:02",106
"2020-07-19 20:45:38",106
"2020-07-19 20:53:13",106
"2020-07-19 21:00:49",106
"2020-07-19 21:08:24",106
"2020-07-19 21:15:59",106
"2020-07-19 21:23:32",106
"2020-07-19 21:31:07",106
"2020-07-19 21:38:41",106
"2020-07-19 21:46:16",106
"2020-07-19 21:53:51",106
"2020-07-19 22:01:27",106
"2020-07-19 22:09:04",106
"2020-07-19 22:16:39",106
"2020-07-19 22:24:13",106
"2020-07-19 22:31:48",106
"2020-07-19 22:39:22",106
"2020-07-19 22:47:50",106
"2020-07-19 22:55:31",106
"2020-07-19 22:58:20",106
"2020-07-19 23:09:42",106
"2020-07-19 23:19:16",106
"2020-07-19 23:28:50",106
"2020-07-19 23:38:23",106
"2020-07-19 23:47:57",106
"2020-07-19 23:57:32",106
"2020-07-20 00:07:08",106
"2020-07-20 00:16:44",106
"2020-07-20 00:26:20",106
"2020-07-20 00:35:56",106
"2020-07-20 00:45:30",106
"2020-07-20 00:55:06",106
"2020-07-20 01:04:40",106
"2020-07-20 01:14:15",106
"2020-07-20 01:23:51",106
"2020-07-20 01:33:26",106
"2020-07-20 01:43:02",106
"2020-07-20 01:52:40",106
"2020-07-20 02:00:17",106
"2020-07-20 02:07:53",106
"2020-07-20 02:15:30",106
"2020-07-20 02:23:06",106
"2020-07-20 02:30:42",106
"2020-07-20 02:38:17",106
"2020-07-20 02:45:54",106
"2020-07-20 02:53:30",106
"2020-07-20 03:01:05",106
"2020-07-20 03:08:41",106
"2020-07-20 03:16:17",106
"2020-07-20 03:23:53",106
"2020-07-20 03:31:29",106
"2020-07-20 03:39:06",106
"2020-07-20 03:46:41",106
"2020-07-20 03:54:16",106
"2020-07-20 04:01:53",106
"2020-07-20 04:09:27",106
"2020-07-20 04:14:54",106
"2020-07-20 04:22:29",106
"2020-07-20 04:28:54",106
"2020-07-20 04:36:31",106
"2020-07-20 04:44:08",106
"2020-07-20 04:51:48",106
"2020-07-20 04:59:29",106
"2020-07-20 05:07:19",106
"2020-07-20 05:15:04",106
"2020-07-20 05:22:49",106
"2020-07-20 05:30:33",106
"2020-07-20 05:38:18",106
"2020-07-20 05:46:03",106
"2020-07-20 05:53:48",106
"2020-07-20 06:01:33",106
"2020-07-20 06:09:18",106
"2020-07-20 06:17:03",106
"2020-07-20 06:24:46",106
"2020-07-20 06:32:32",106
"2020-07-20 06:40:15",106
"2020-07-20 06:48:00",106
"2020-07-20 06:55:44",106
"2020-07-20 07:03:28",106
"2020-07-20 07:11:11",106
"2020-07-20 07:18:53",106
"2020-07-20 07:26:36",106
"2020-07-20 07:34:20",106
"2020-07-20 07:42:03",106
"2020-07-20 07:49:46",106
"2020-07-20 07:57:30",106
"2020-07-20 08:05:15",106
"2020-07-20 08:12:58",106
"2020-07-20 08:20:41",106
"2020-07-20 08:28:22",106
"2020-07-20 08:36:05",106
"2020-07-20 08:43:47",106
"2020-07-20 08:51:30",106
"2020-07-20 08:59:14",106
"2020-07-20 09:07:00",106
"2020-07-20 09:14:44",106
"2020-07-20 09:22:27",106
"2020-07-20 09:30:11",106
"2020-07-20 09:37:54",106
"2020-07-20 09:45:38",106
"2020-07-20 09:53:21",106
"2020-07-20 10:01:06",106
"2020-07-20 10:08:50",106
"2020-07-20 10:16:35",106
"2020-07-20 10:24:18",106
"2020-07-20 10:32:02",106
"2020-07-20 10:39:48",106
"2020-07-20 10:47:34",106
"2020-07-20 10:55:18",106
"2020-07-20 11:03:04",106
"2020-07-20 11:10:49",106
"2020-07-20 11:18:34",106
"2020-07-20 11:26:17",106
"2020-07-20 11:34:01",106
"2020-07-20 11:41:43",106
"2020-07-20 11:49:26",106
"2020-07-20 11:57:10",106
"2020-07-20 12:04:55",106
"2020-07-20 12:12:39",106
"2020-07-20 12:20:25",106
"2020-07-20 12:28:09",106
"2020-07-20 12:35:54",106
"2020-07-20 12:43:39",106
"2020-07-20 12:51:22",106
"2020-07-20 12:59:06",106
"2020-07-20 13:06:52",106
"2020-07-20 13:14:38",106
"2020-07-20 13:22:22",106
"2020-07-20 13:30:10",106
"2020-07-20 13:37:56",106
"2020-07-20 13:45:44",106
"2020-07-20 13:53:30",106
"2020-07-20 14:01:14",106
"2020-07-20 14:08:59",106
"2020-07-20 14:16:44",106
"2020-07-20 14:24:28",106
"2020-07-20 14:44:07",106
"2020-07-20 15:44:21",108
"2020-07-20 16:44:00",108
"2020-07-20 17:43:58",108
"2020-07-20 18:44:14",108
"2020-07-20 19:44:23",108
"2020-07-20 20:44:23",108
"2020-07-20 21:44:20",108
"2020-07-20 22:44:10",108
"2020-07-20 23:44:08",108
"2020-07-21 00:44:08",108
"2020-07-21 01:44:15",108
"2020-07-21 02:44:13",108
"2020-07-21 03:44:16",108
"2020-07-21 04:44:24",108
"2020-07-21 05:44:21",108
"2020-07-21 06:44:25",108
"2020-07-21 07:44:20",108
"2020-07-21 08:44:11",108
"2020-07-21 09:43:57",108
"2020-07-21 10:44:09",108
"2020-07-21 11:44:10",108
"2020-07-21 12:43:57",108
"2020-07-21 13:44:10",108
"2020-07-21 14:44:08",108
"2020-07-21 15:44:00",108
"2020-07-21 16:44:20",108
"2020-07-21 17:44:24",108
"2020-07-21 18:44:10",108
"2020-07-21 19:43:59",108
"2020-07-21 20:44:09",108
"2020-07-21 21:43:55",108
"2020-07-21 22:44:17",108
"2020-07-21 23:44:22",108
"2020-07-22 00:44:09",108
"2020-07-22 01:44:10",108
"2020-07-22 02:43:56",108
"2020-07-22 03:44:23",108
"2020-07-22 04:43:56",108
"2020-07-22 05:43:56",108
"2020-07-22 06:43:54",108
"2020-07-22 07:43:54",108
"2020-07-22 08:43:54",108
"2020-07-22 09:43:55",108
"2020-07-22 10:43:57",108
"2020-07-22 11:43:54",108
"2020-07-22 12:44:02",108
"2020-07-22 13:44:01",108
"2020-07-22 14:44:05",108
"2020-07-22 15:43:58",106
"2020-07-22 16:44:15",106
"2020-07-22 17:44:05",106
"2020-07-22 18:44:19",106
"2020-07-22 19:43:54",106
"2020-07-22 20:44:08",106
"2020-07-22 21:44:07",106
"2020-07-22 22:44:09",106
"2020-07-22 23:43:54",106
"2020-07-23 00:44:07",106
"2020-07-23 01:44:10",106
"2020-07-23 02:44:08",106
"2020-07-23 03:44:12",106
"2020-07-23 04:44:05",106
"2020-07-23 05:44:18",106
"2020-07-23 06:43:54",106
"2020-07-23 07:43:59",106
"2020-07-23 08:44:05",106
"2020-07-23 09:44:10",106
"2020-07-23 10:44:22",106
"2020-07-23 11:44:11",106
"2020-07-23 13:09:28",106
"2020-07-23 13:44:55",106
"2020-07-23 14:44:09",107
"2020-07-23 15:44:20",107
"2020-07-23 16:44:00",107
"2020-07-23 17:44:09",106
"2020-07-23 18:43:59",106
"2020-07-23 19:44:20",106
"2020-07-23 20:44:08",106
"2020-07-23 21:44:09",106
"2020-07-23 22:44:10",106
"2020-07-23 23:43:58",106
"2020-07-24 00:44:23",106
"2020-07-24 01:44:04",106
"2020-07-24 02:44:08",106
"2020-07-24 03:44:12",106
"2020-07-24 04:44:08",106
"2020-07-24 05:44:21",106
"2020-07-24 06:43:58",106
"2020-07-24 07:44:23",106
"2020-07-24 08:44:13",106
"2020-07-24 09:44:14",106
"2020-07-24 10:44:11",106
"2020-07-24 11:44:09",106
"2020-07-24 12:44:18",106
"2020-07-24 13:44:00",106
"2020-07-24 14:44:09",107
"2020-07-24 15:44:22",108
"2020-07-24 16:44:11",108
"2020-07-24 17:43:58",108
"2020-07-24 18:44:09",109
"2020-07-24 19:44:06",109
"2020-07-24 20:44:10",109
"2020-07-24 21:43:55",109
"2020-07-24 22:44:16",109
"2020-07-24 23:44:10",109
"2020-07-25 00:44:00",109
"2020-07-25 01:44:01",109
"2020-07-25 02:44:09",109
"2020-07-25 03:44:14",109
"2020-07-25 04:44:09",109
"2020-07-25 05:44:13",109
"2020-07-25 06:44:10",109
"2020-07-25 07:44:27",109
"2020-07-25 08:44:21",109
"2020-07-25 09:44:08",109
"2020-07-25 10:43:59",109
"2020-07-25 11:44:22",109
"2020-07-25 12:44:12",109
"2020-07-25 13:44:21",109
"2020-07-25 14:44:10",109
"2020-07-25 15:44:10",109
"2020-07-25 16:44:15",109
"2020-07-25 17:44:11",109
"2020-07-25 18:44:11",109
"2020-07-25 19:44:01",109
"2020-07-25 20:44:22",109
"2020-07-25 21:44:15",109
"2020-07-25 22:44:10",109
"2020-07-25 23:44:12",109
"2020-07-26 00:44:11",109
"2020-07-26 01:44:14",109
"2020-07-26 02:44:22",109
"2020-07-26 03:44:10",109
"2020-07-26 04:44:11",109
"2020-07-26 05:44:12",109
"2020-07-26 06:44:10",109
"2020-07-26 07:44:10",109
"2020-07-26 08:44:12",109
"2020-07-26 09:44:12",109
"2020-07-26 10:44:02",109
"2020-07-26 11:44:14",109
"2020-07-26 12:44:26",109
"2020-07-26 13:44:23",109
"2020-07-26 14:43:59",109
"2020-07-26 15:44:18",109
"2020-07-26 16:44:11",109
"2020-07-26 17:44:11",109
"2020-07-26 18:44:13",109
"2020-07-26 19:44:11",109
"2020-07-26 20:44:12",109
"2020-07-26 21:44:24",109
"2020-07-26 22:44:22",109
"2020-07-26 23:44:12",109
"2020-07-27 00:44:23",109
"2020-07-27 01:44:16",109
"2020-07-27 02:44:26",109
"2020-07-27 03:44:28",109
"2020-07-27 04:44:16",109
"2020-07-27 05:44:28",109
"2020-07-27 06:44:22",109
"2020-07-27 07:44:21",109
"2020-07-27 08:44:12",109
"2020-07-27 09:44:14",109
"2020-07-27 10:43:59",109
"2020-07-27 11:44:21",109
"2020-07-27 12:44:11",109
"2020-07-27 13:44:14",109
"2020-07-27 14:44:17",109
"2020-07-27 15:44:17",109
"2020-07-27 16:44:20",109
"2020-07-27 17:44:29",109
"2020-07-27 18:44:25",109
"2020-07-27 19:44:11",109
"2020-07-27 20:44:26",109
"2020-07-27 21:44:13",109
"2020-07-27 22:44:13",109
"2020-07-27 23:44:17",109
"2020-07-28 00:44:33",109
"2020-07-28 01:44:30",109
"2020-07-28 02:44:41",109
"2020-07-28 03:44:23",109
"2020-07-28 04:44:30",109
"2020-07-28 07:07:15",109
"2020-07-28 07:13:25",109
"2020-07-28 07:44:20",109
"2020-07-28 08:44:07",109
"2020-07-28 09:44:08",109
"2020-07-28 10:44:19",109
"2020-07-28 11:44:18",109
"2020-07-28 13:12:59",109
"2020-07-28 13:44:16",109
"2020-07-28 14:44:04",109
"2020-07-28 15:44:13",109
"2020-07-28 16:44:08",109
"2020-07-28 17:43:58",109
"2020-07-28 18:44:03",109
"2020-07-28 19:44:11",110
"2020-07-28 20:44:10",110
"2020-07-28 21:44:01",110
"2020-07-28 22:44:14",110
"2020-07-28 23:44:27",110
"2020-07-29 00:44:09",110
"2020-07-29 01:44:24",110
"2020-07-29 02:43:59",110
"2020-07-29 03:44:10",110
"2020-07-29 04:43:59",110
"2020-07-29 05:44:23",110
"2020-07-29 06:43:57",110
"2020-07-29 07:44:11",110
"2020-07-29 08:44:13",110
"2020-07-29 09:44:14",110
"2020-07-29 10:44:19",110
"2020-07-29 11:44:22",110
"2020-07-29 13:15:30",110
"2020-07-29 13:44:16",110
"2020-07-29 14:44:25",110
"2020-07-29 15:44:30",110
"2020-07-29 16:44:48",110
"2020-07-29 17:44:31",110
"2020-07-29 18:44:29",110
"2020-07-29 19:44:26",110
"2020-07-29 20:44:24",110
"2020-07-29 21:44:23",110
"2020-07-29 22:44:25",110
"2020-07-29 23:44:28",110
"2020-07-30 00:44:26",110
"2020-07-30 01:44:28",110
"2020-07-30 02:44:27",110
"2020-07-30 03:44:24",110
"2020-07-30 04:44:40",110
"2020-07-30 05:44:36",110
"2020-07-30 06:44:19",110
"2020-07-30 07:44:23",110
"2020-07-30 08:44:29",110
"2020-07-30 09:44:22",110
"2020-07-30 10:44:18",110
"2020-07-30 11:44:25",110
"2020-07-30 13:08:00",110
"2020-07-30 13:44:29",110
"2020-07-30 14:44:25",111
"2020-07-30 15:44:25",111
"2020-07-30 16:44:08",111
"2020-07-30 17:44:24",110
"2020-07-30 18:44:26",110
"2020-07-30 19:44:24",110
"2020-07-30 20:44:12",110
"2020-07-30 21:44:14",110
"2020-07-30 22:44:23",110
"2020-07-30 23:44:07",110
"2020-07-31 00:44:27",110
"2020-07-31 01:44:09",110
"2020-07-31 02:44:25",110
"2020-07-31 03:44:14",110
"2020-07-31 04:44:03",110
"2020-07-31 05:44:12",110
"2020-07-31 06:43:59",110
"2020-07-31 07:44:16",110
"2020-07-31 08:44:15",110
"2020-07-31 09:44:13",110
"2020-07-31 10:44:03",110
"2020-07-31 11:43:59",110
"2020-07-31 12:43:58",110
"2020-07-31 13:44:26",110
"2020-07-31 14:44:02",110
"2020-07-31 15:44:11",110
"2020-07-31 16:44:15",109
"2020-07-31 17:44:12",109
"2020-07-31 18:44:13",109
"2020-07-31 19:44:12",109
"2020-07-31 20:44:11",108
"2020-07-31 21:44:12",108
"2020-07-31 22:44:02",108
"2020-07-31 23:44:18",108
"2020-08-01 00:44:22",108
"2020-08-01 01:43:59",108
"2020-08-01 02:44:00",108
"2020-08-01 03:44:12",108
"2020-08-01 04:44:20",108
"2020-08-01 05:44:13",108
"2020-08-01 06:44:12",108
"2020-08-01 07:44:22",108
"2020-08-01 08:44:22",108
"2020-08-01 09:44:19",108
"2020-08-01 10:44:10",108
"2020-08-01 11:44:08",108
"2020-08-01 12:44:12",108
"2020-08-01 13:44:11",108
"2020-08-01 14:43:58",108
"2020-08-01 15:44:34",108
"2020-08-01 16:44:26",108
"2020-08-01 17:44:10",108
"2020-08-01 18:44:10",108
"2020-08-01 19:44:10",108
"2020-08-01 20:44:08",108
"2020-08-01 21:44:08",108
"2020-08-01 22:44:08",108
"2020-08-01 23:44:12",108
"2020-08-02 00:44:26",108
"2020-08-02 01:44:09",108
"2020-08-02 02:43:58",108
"2020-08-02 03:44:24",108
"2020-08-02 04:43:59",108
"2020-08-02 05:44:14",108
"2020-08-02 06:44:21",108
"2020-08-02 07:44:20",108
"2020-08-02 08:44:19",108
"2020-08-02 09:44:24",108
"2020-08-02 10:44:21",108
"2020-08-02 11:43:59",108
"2020-08-02 12:44:09",108
"2020-08-02 13:44:02",108
"2020-08-02 14:43:59",108
"2020-08-02 15:44:26",108
"2020-08-02 16:43:57",108
"2020-08-02 17:44:11",108
"2020-08-02 18:44:11",108
"2020-08-02 19:44:11",108
"2020-08-02 20:44:00",108
"2020-08-02 21:44:11",108
"2020-08-02 22:44:12",108
"2020-08-02 23:44:15",108
"2020-08-03 00:44:20",108
"2020-08-03 01:44:13",108
"2020-08-03 02:44:12",108
"2020-08-03 03:44:10",108
"2020-08-03 04:44:09",108
"2020-08-03 05:44:19",108
"2020-08-03 06:43:58",108
"2020-08-03 07:44:10",108
"2020-08-03 08:44:02",108
"2020-08-03 09:44:23",108
"2020-08-03 10:44:18",108
"2020-08-03 11:44:07",108
"2020-08-03 12:44:19",108
"2020-08-03 13:44:15",108
"2020-08-03 14:44:04",109
"2020-08-03 15:44:24",109
"2020-08-03 16:44:15",108
"2020-08-03 17:44:13",109
"2020-08-03 18:44:02",109
"2020-08-03 19:44:16",109
"2020-08-03 20:44:08",109
"2020-08-03 21:43:58",109
"2020-08-03 22:44:08",109
"2020-08-03 23:44:16",109
"2020-08-04 00:44:24",109
"2020-08-04 01:44:16",109
"2020-08-04 02:44:21",109
"2020-08-04 03:44:19",109
"2020-08-04 04:44:42",109
"2020-08-04 05:44:11",109
"2020-08-04 06:44:12",109
"2020-08-04 07:44:01",109
"2020-08-04 08:44:20",109
"2020-08-04 09:44:11",109
"2020-08-04 10:43:58",109
"2020-08-04 11:44:08",109
"2020-08-04 12:43:57",109
"2020-08-04 13:44:25",109
"2020-08-04 14:44:12",110
"2020-08-04 15:44:14",111
"2020-08-04 16:44:13",111
"2020-08-04 17:44:16",111
"2020-08-04 18:44:24",111
"2020-08-04 19:44:08",111
"2020-08-04 20:44:09",111
"2020-08-04 21:44:13",111
"2020-08-04 22:44:11",111
"2020-08-04 23:44:27",111
"2020-08-05 00:44:18",111
"2020-08-05 01:44:23",111
"2020-08-05 02:44:05",111
"2020-08-05 03:44:25",111
"2020-08-05 04:44:18",111
"2020-08-05 05:44:13",111
"2020-08-05 06:43:59",111
"2020-08-05 07:44:00",111
"2020-08-05 08:44:14",111
"2020-08-05 09:44:26",111
"2020-08-05 10:44:10",111
"2020-08-05 11:44:11",111
"2020-08-05 13:11:31",111
"2020-08-05 13:44:26",111
"2020-08-05 14:44:13",110
"2020-08-05 15:44:02",110
"2020-08-05 16:44:09",110
"2020-08-05 17:44:08",110
"2020-08-05 18:44:11",110
"2020-08-05 19:44:20",111
"2020-08-05 20:44:07",112
"2020-08-05 21:44:04",112
"2020-08-05 22:44:19",112
"2020-08-05 23:44:12",112
"2020-08-06 00:44:29",112
"2020-08-06 01:44:13",112
"2020-08-06 02:44:06",112
"2020-08-06 03:44:15",112
"2020-08-06 04:44:11",112
"2020-08-06 05:44:33",112
"2020-08-06 06:44:15",112
"2020-08-06 07:44:21",112
"2020-08-06 08:44:28",112
"2020-08-06 09:44:11",112
"2020-08-06 10:44:23",112
"2020-08-06 11:44:08",112
"2020-08-06 12:44:22",112
"2020-08-06 13:44:02",112
"2020-08-06 14:43:57",112
"2020-08-06 15:44:10",112
"2020-08-06 16:44:22",112
"2020-08-06 17:44:11",112
"2020-08-06 18:44:11",113
"2020-08-06 19:44:11",113
"2020-08-06 20:44:22",113
"2020-08-06 21:44:12",113
"2020-08-06 22:43:59",113
"2020-08-06 23:44:25",113
"2020-08-07 00:44:12",113
"2020-08-07 01:44:19",113
"2020-08-07 02:44:10",113
"2020-08-07 03:44:09",113
"2020-08-07 04:44:21",113
"2020-08-07 05:44:19",113
"2020-08-07 06:43:59",113
"2020-08-07 07:44:18",113
"2020-08-07 08:44:10",113
"2020-08-07 09:44:09",113
"2020-08-07 10:44:09",113
"2020-08-07 11:43:57",113
"2020-08-07 12:43:58",113
"2020-08-07 13:44:11",113
"2020-08-07 14:43:59",113
"2020-08-07 15:44:22",112
"2020-08-07 16:44:10",112
"2020-08-07 17:44:10",112
"2020-08-07 18:44:13",112
"2020-08-07 19:43:58",112
"2020-08-07 20:44:14",112
"2020-08-07 21:44:09",112
"2020-08-07 22:44:10",112
"2020-08-07 23:44:11",112
"2020-08-08 00:44:00",112
"2020-08-08 01:44:21",112
"2020-08-08 02:44:05",112
"2020-08-08 03:43:57",112
"2020-08-08 04:43:59",112
"2020-08-08 05:44:03",112
"2020-08-08 06:44:13",112
"2020-08-08 07:44:13",112
"2020-08-08 08:44:25",112
"2020-08-08 09:44:11",112
"2020-08-08 10:44:15",112
"2020-08-08 11:44:16",112
"2020-08-08 12:44:07",112
"2020-08-08 13:44:11",112
"2020-08-08 14:44:10",112
"2020-08-08 15:44:10",112
"2020-08-08 16:44:12",112
"2020-08-08 17:44:00",112
"2020-08-08 18:44:00",112
"2020-08-08 19:44:13",112
"2020-08-08 20:44:22",112
"2020-08-08 21:44:12",112
"2020-08-08 22:44:12",112
"2020-08-08 23:44:18",112
"2020-08-09 00:44:26",112
"2020-08-09 01:44:17",112
"2020-08-09 02:44:22",112
"2020-08-09 03:44:25",112
"2020-08-09 04:44:13",112
"2020-08-09 05:44:25",112
"2020-08-09 06:44:21",112
"2020-08-09 07:44:15",112
"2020-08-09 08:44:00",112
"2020-08-09 09:44:16",112
"2020-08-09 10:44:02",112
"2020-08-09 11:43:59",112
"2020-08-09 12:44:16",112
"2020-08-09 13:44:26",112
"2020-08-09 14:44:16",112
"2020-08-09 15:44:12",112
"2020-08-09 16:44:24",112
"2020-08-09 17:44:13",112
"2020-08-09 18:44:14",112
"2020-08-09 19:44:24",112
"2020-08-09 20:44:16",112
"2020-08-09 21:44:12",112
"2020-08-09 22:44:12",112
"2020-08-09 23:44:13",112
"2020-08-10 00:44:23",112
"2020-08-10 01:44:13",112
"2020-08-10 02:44:25",112
"2020-08-10 03:44:11",112
"2020-08-10 04:44:01",112
"2020-08-10 05:44:11",112
"2020-08-10 06:43:57",112
"2020-08-10 07:43:58",112
"2020-08-10 08:44:17",112
"2020-08-10 09:44:11",112
"2020-08-10 10:44:11",112
"2020-08-10 11:44:13",112
"2020-08-10 12:43:57",112
"2020-08-10 13:44:17",112
"2020-08-10 14:44:13",112
"2020-08-10 15:44:26",112
"2020-08-10 16:44:12",112
"2020-08-10 17:44:22",113
"2020-08-10 18:44:13",113
"2020-08-10 19:44:22",113
"2020-08-10 20:44:08",113
"2020-08-10 21:44:24",113
"2020-08-10 22:44:02",113
"2020-08-10 23:44:04",113
