timestamp,users_holding
"2018-05-02 04:54:18",4
"2018-05-02 06:39:30",4
"2018-05-03 00:36:04",4
"2018-05-03 06:34:30",4
"2018-05-03 06:49:30",4
"2018-05-03 07:07:42",4
"2018-05-03 07:34:54",4
"2018-05-03 07:44:11",4
"2018-05-03 11:20:14",4
"2018-05-03 12:43:38",4
"2018-05-03 13:43:38",4
"2018-05-03 14:43:39",4
"2018-05-03 15:43:39",4
"2018-05-03 16:43:39",4
"2018-05-03 17:43:39",4
"2018-05-03 18:43:38",4
"2018-05-03 19:43:39",4
"2018-05-03 20:43:39",4
"2018-05-03 21:43:38",4
"2018-05-03 22:43:39",4
"2018-05-03 23:43:38",4
"2018-05-04 00:43:38",4
"2018-05-04 01:43:39",4
"2018-05-04 02:43:40",4
"2018-05-04 03:43:38",4
"2018-05-04 04:43:39",4
"2018-05-04 05:43:38",4
"2018-05-04 06:43:38",4
"2018-05-04 07:43:38",4
"2018-05-04 08:43:40",4
"2018-05-04 09:43:39",4
"2018-05-04 10:43:39",4
"2018-05-04 11:43:39",4
"2018-05-04 12:43:38",4
"2018-05-04 20:48:22",4
"2018-05-04 20:54:22",4
"2018-05-04 21:00:22",4
"2018-05-04 21:06:22",4
"2018-05-04 21:12:21",4
"2018-05-04 21:18:21",4
"2018-05-04 21:24:20",4
"2018-05-04 21:30:20",4
"2018-05-04 21:43:37",4
"2018-05-04 22:43:39",4
"2018-05-04 23:43:39",4
"2018-05-05 00:43:38",4
"2018-05-05 01:43:39",4
"2018-05-05 02:43:38",4
"2018-05-05 03:43:39",4
"2018-05-05 04:43:39",4
"2018-05-05 05:43:38",4
"2018-05-05 06:43:39",4
"2018-05-05 07:43:39",4
"2018-05-05 08:43:39",4
"2018-05-05 09:43:38",4
"2018-05-05 10:43:39",4
"2018-05-05 11:43:38",4
"2018-05-05 12:43:39",4
"2018-05-05 13:43:40",4
"2018-05-05 14:43:39",4
"2018-05-05 15:43:40",4
"2018-05-05 16:43:39",4
"2018-05-05 17:43:39",4
"2018-05-05 18:43:38",4
"2018-05-05 19:43:38",4
"2018-05-05 20:43:39",4
"2018-05-05 21:43:38",4
"2018-05-05 22:43:39",4
"2018-05-05 23:43:38",4
"2018-05-06 00:43:38",4
"2018-05-06 01:43:38",4
"2018-05-06 02:43:39",4
"2018-05-06 03:43:38",4
"2018-05-06 04:43:38",4
"2018-05-06 05:43:39",4
"2018-05-06 06:43:38",4
"2018-05-06 07:43:43",4
"2018-05-06 08:43:37",4
"2018-05-06 09:43:38",4
"2018-05-06 10:43:37",4
"2018-05-06 11:43:39",4
"2018-05-06 12:43:38",4
"2018-05-06 13:43:39",4
"2018-05-06 14:43:38",4
"2018-05-06 15:43:39",4
"2018-05-06 16:43:39",4
"2018-05-06 17:43:38",4
"2018-05-06 18:43:39",4
"2018-05-06 19:43:39",4
"2018-05-06 20:43:40",4
"2018-05-06 21:43:39",4
"2018-05-06 22:43:38",4
"2018-05-06 23:43:39",4
"2018-05-07 00:43:38",4
"2018-05-07 01:43:38",4
"2018-05-07 01:57:14",4
"2018-05-07 02:43:39",4
"2018-05-07 03:43:39",4
"2018-05-07 04:43:38",4
"2018-05-07 05:43:39",4
"2018-05-07 06:43:38",4
"2018-05-07 07:43:38",4
"2018-05-07 08:43:40",4
"2018-05-07 09:43:38",4
"2018-05-07 10:43:38",4
"2018-05-07 11:43:38",4
"2018-05-07 12:43:38",4
"2018-05-07 13:43:48",4
"2018-05-07 14:43:38",4
"2018-05-07 15:43:39",4
"2018-05-07 16:43:42",4
"2018-05-07 22:43:38",4
"2018-05-07 23:43:38",4
"2018-05-08 00:43:40",4
"2018-05-08 01:43:42",4
"2018-05-08 02:43:38",4
"2018-05-08 03:43:38",4
"2018-05-08 04:43:39",4
"2018-05-08 05:43:37",4
"2018-05-08 06:43:38",4
"2018-05-08 07:43:38",4
"2018-05-08 08:43:38",4
"2018-05-08 09:43:37",4
"2018-05-08 10:43:37",4
"2018-05-08 11:43:37",4
"2018-05-08 12:43:37",4
"2018-05-08 13:43:38",4
"2018-05-08 14:43:39",4
"2018-05-08 15:43:38",4
"2018-05-08 16:43:38",4
"2018-05-08 17:43:37",4
"2018-05-08 18:43:39",4
"2018-05-08 19:43:38",4
"2018-05-08 20:43:37",4
"2018-05-08 21:43:37",4
"2018-05-08 22:43:38",4
"2018-05-08 23:43:43",4
"2018-05-09 00:43:38",4
"2018-05-09 01:43:38",4
"2018-05-09 02:43:38",4
"2018-05-09 03:43:37",4
"2018-05-09 04:43:38",4
"2018-05-09 05:43:39",4
"2018-05-09 06:43:38",4
"2018-05-09 07:43:38",4
"2018-05-09 08:43:38",4
"2018-05-09 09:43:37",4
"2018-05-09 10:43:37",4
"2018-05-09 11:43:38",4
"2018-05-09 12:43:37",4
"2018-05-09 13:43:40",4
"2018-05-09 14:43:37",4
"2018-05-09 15:43:37",4
"2018-05-09 16:43:38",4
"2018-05-09 17:43:39",4
"2018-05-09 18:43:38",4
"2018-05-09 19:43:38",4
"2018-05-09 20:43:37",4
"2018-05-09 21:43:39",4
"2018-05-09 22:43:37",4
"2018-05-09 23:43:37",4
"2018-05-10 00:43:39",4
"2018-05-10 01:43:38",4
"2018-05-10 02:43:39",4
"2018-05-10 03:43:40",4
"2018-05-10 04:43:40",4
"2018-05-10 05:43:39",4
"2018-05-10 06:43:39",4
"2018-05-10 07:43:40",4
"2018-05-10 08:43:39",4
"2018-05-10 09:43:38",4
"2018-05-10 10:43:39",4
"2018-05-10 11:43:39",4
"2018-05-10 12:43:39",4
"2018-05-10 13:43:49",4
"2018-05-10 14:43:41",4
"2018-05-10 15:43:41",4
"2018-05-10 16:43:40",4
"2018-05-10 17:43:41",4
"2018-05-10 18:43:40",4
"2018-05-10 19:43:41",4
"2018-05-10 20:43:40",4
"2018-05-10 21:43:40",4
"2018-05-10 22:43:40",4
"2018-05-10 23:43:41",4
"2018-05-11 00:43:40",4
"2018-05-11 01:43:41",4
"2018-05-11 02:43:40",4
"2018-05-11 03:43:40",4
"2018-05-11 04:43:40",4
"2018-05-11 05:43:42",4
"2018-05-11 06:43:40",4
"2018-05-11 07:43:40",4
"2018-05-11 08:43:40",4
"2018-05-11 09:43:39",4
"2018-05-11 10:43:40",4
"2018-05-11 11:43:40",4
"2018-05-11 12:43:39",4
"2018-05-11 13:43:42",4
"2018-05-11 14:43:40",4
"2018-05-11 15:43:41",4
"2018-05-11 16:43:40",4
"2018-05-11 17:43:41",4
"2018-05-11 18:43:40",4
"2018-05-11 19:43:41",4
"2018-05-11 20:43:39",4
"2018-05-11 21:43:40",4
"2018-05-11 22:43:39",4
"2018-05-11 23:43:40",4
"2018-05-12 00:43:41",4
"2018-05-12 01:43:40",4
"2018-05-12 02:43:41",4
"2018-05-12 03:43:41",4
"2018-05-12 04:43:40",4
"2018-05-12 05:43:40",4
"2018-05-12 06:43:41",4
"2018-05-12 07:43:40",4
"2018-05-12 08:43:40",4
"2018-05-12 09:43:40",4
"2018-05-12 10:43:40",4
"2018-05-12 11:43:40",4
"2018-05-12 12:43:40",4
"2018-05-12 13:43:41",4
"2018-05-12 14:43:40",4
"2018-05-12 15:43:41",4
"2018-05-12 16:43:40",4
"2018-05-12 17:43:41",4
"2018-05-12 18:43:39",4
"2018-05-12 19:43:41",4
"2018-05-12 20:43:40",4
"2018-05-12 21:43:39",4
"2018-05-12 22:43:40",4
"2018-05-12 23:43:40",4
"2018-05-13 00:43:41",4
"2018-05-13 01:43:40",4
"2018-05-13 02:43:39",4
"2018-05-13 03:43:40",4
"2018-05-13 04:43:41",4
"2018-05-13 05:43:40",4
"2018-05-13 06:43:41",4
"2018-05-13 07:43:40",4
"2018-05-13 08:43:40",4
"2018-05-13 09:43:40",4
"2018-05-13 10:43:39",4
"2018-05-13 11:43:39",4
"2018-05-13 12:43:40",4
"2018-05-13 13:43:40",4
"2018-05-13 14:43:40",4
"2018-05-13 15:43:40",4
"2018-05-13 16:43:41",4
"2018-05-13 17:43:40",4
"2018-05-13 18:43:41",4
"2018-05-13 19:43:39",4
"2018-05-13 20:43:41",4
"2018-05-13 21:43:40",4
"2018-05-13 22:43:41",4
"2018-05-13 23:43:41",4
"2018-05-14 00:43:40",4
"2018-05-14 01:43:40",4
"2018-05-14 02:43:41",4
"2018-05-14 03:43:40",4
"2018-05-14 04:43:41",4
"2018-05-14 05:43:40",4
"2018-05-14 06:43:39",4
"2018-05-14 07:43:40",4
"2018-05-14 08:43:39",4
"2018-05-14 09:43:40",4
"2018-05-14 10:43:40",4
"2018-05-14 11:43:40",4
"2018-05-14 12:43:39",4
"2018-05-14 13:43:43",4
"2018-05-14 14:43:41",4
"2018-05-14 15:43:40",4
"2018-05-14 16:43:40",5
"2018-05-14 17:43:40",5
"2018-05-14 18:43:42",5
"2018-05-14 19:43:40",5
"2018-05-14 20:43:40",5
"2018-05-14 21:43:40",5
"2018-05-14 22:43:40",5
"2018-05-14 23:43:41",5
"2018-05-15 00:43:41",5
"2018-05-15 01:43:41",5
"2018-05-15 02:43:41",5
"2018-05-15 03:43:40",5
"2018-05-15 04:43:41",5
"2018-05-15 05:43:40",5
"2018-05-15 06:43:39",5
"2018-05-15 07:43:40",5
"2018-05-15 08:43:40",5
"2018-05-15 09:43:40",5
"2018-05-15 10:43:41",5
"2018-05-15 11:43:40",5
"2018-05-15 12:43:40",5
"2018-05-15 13:43:40",5
"2018-05-15 14:43:40",5
"2018-05-15 15:43:40",5
"2018-05-15 16:43:40",5
"2018-05-15 17:43:39",5
"2018-05-15 18:43:44",5
"2018-05-15 19:43:39",5
"2018-05-15 20:43:38",5
"2018-05-15 21:43:38",5
"2018-05-15 22:43:39",5
"2018-05-15 23:43:39",5
"2018-05-16 00:43:39",5
"2018-05-16 01:43:39",5
"2018-05-16 02:43:39",5
"2018-05-16 03:43:40",5
"2018-05-16 04:43:40",5
"2018-05-16 05:43:39",5
"2018-05-16 06:43:39",5
"2018-05-16 07:43:40",5
"2018-05-16 08:43:40",5
"2018-05-16 09:43:38",5
"2018-05-16 10:43:39",5
"2018-05-16 11:43:39",5
"2018-05-16 12:43:41",5
"2018-05-16 13:43:40",5
"2018-05-16 14:43:39",5
"2018-05-16 15:43:39",5
"2018-05-16 16:43:39",5
"2018-05-16 17:43:40",5
"2018-05-16 18:43:38",5
"2018-05-16 19:43:39",5
"2018-05-16 20:43:39",5
"2018-05-16 21:43:38",5
"2018-05-16 22:43:38",5
"2018-05-16 23:43:39",5
"2018-05-17 00:43:41",5
"2018-05-17 01:43:38",5
"2018-05-17 02:43:39",5
"2018-05-17 03:43:39",5
"2018-05-17 04:43:39",5
"2018-05-17 05:43:39",5
"2018-05-17 06:43:40",5
"2018-05-17 07:43:40",5
"2018-05-17 08:43:43",5
"2018-05-17 09:43:39",5
"2018-05-17 10:43:38",5
"2018-05-17 11:43:40",5
"2018-05-17 12:43:39",5
"2018-05-17 13:43:41",5
"2018-05-17 14:43:39",5
"2018-05-17 15:43:40",5
"2018-05-18 07:43:39",5
"2018-05-18 08:43:39",5
"2018-05-18 09:43:38",5
"2018-05-18 10:43:38",5
"2018-05-18 11:43:38",5
"2018-05-18 12:43:39",5
"2018-05-18 13:43:40",5
"2018-05-18 14:43:39",5
"2018-05-18 15:43:38",5
"2018-05-18 16:43:39",5
"2018-05-18 17:43:38",5
"2018-05-18 18:43:38",5
"2018-05-18 19:43:39",5
"2018-05-18 20:43:39",5
"2018-05-18 21:43:38",5
"2018-05-18 22:43:39",5
"2018-05-18 23:43:39",5
"2018-05-19 00:43:38",5
"2018-05-19 01:43:40",5
"2018-05-19 02:43:40",5
"2018-05-19 03:43:40",5
"2018-05-19 04:43:39",5
"2018-05-19 05:43:39",5
"2018-05-19 06:43:41",5
"2018-05-19 07:43:38",5
"2018-05-19 08:43:39",5
"2018-05-19 09:43:39",5
"2018-05-19 10:43:38",5
"2018-05-19 11:43:39",5
"2018-05-19 12:43:39",5
"2018-05-19 13:43:40",5
"2018-05-19 14:43:39",5
"2018-05-19 15:43:40",5
"2018-05-19 16:43:39",5
"2018-05-19 17:43:39",5
"2018-05-19 18:43:39",5
"2018-05-19 19:43:39",5
"2018-05-19 20:43:39",5
"2018-05-19 21:43:39",5
"2018-05-19 22:43:38",5
"2018-05-19 23:43:39",5
"2018-05-20 00:43:39",5
"2018-05-20 01:43:40",5
"2018-05-20 02:43:39",5
"2018-05-20 03:43:38",5
"2018-05-20 04:43:39",5
"2018-05-20 05:43:39",5
"2018-05-20 06:43:38",5
"2018-05-20 07:43:38",5
"2018-05-20 08:43:39",5
"2018-05-20 09:43:39",5
"2018-05-20 10:43:39",5
"2018-05-20 11:43:38",5
"2018-05-20 12:43:38",5
"2018-05-20 13:43:38",5
"2018-05-20 14:43:41",5
"2018-05-20 15:43:39",5
"2018-05-20 16:43:39",5
"2018-05-20 17:43:40",5
"2018-05-20 18:43:39",5
"2018-05-20 19:43:39",5
"2018-05-20 20:43:39",5
"2018-05-20 21:43:38",5
"2018-05-20 22:43:39",5
"2018-05-20 23:43:39",5
"2018-05-21 00:43:40",5
"2018-05-21 01:43:51",5
"2018-05-21 02:43:46",5
"2018-05-21 03:43:40",5
"2018-05-21 04:43:43",5
"2018-05-21 05:43:39",5
"2018-05-21 06:43:39",5
"2018-05-21 07:43:39",5
"2018-05-21 08:43:42",5
"2018-05-21 09:43:39",5
"2018-05-21 10:43:39",5
"2018-05-21 11:43:39",5
"2018-05-21 12:43:43",5
"2018-05-21 13:43:40",5
"2018-05-21 14:43:40",5
"2018-05-21 15:43:39",5
"2018-05-21 16:43:39",5
"2018-05-21 17:43:38",5
"2018-05-21 18:43:39",5
"2018-05-21 19:43:39",5
"2018-05-21 20:43:39",5
"2018-05-21 21:43:39",5
"2018-05-21 22:43:38",5
"2018-05-21 23:43:39",5
"2018-05-22 00:43:39",5
"2018-05-22 01:43:40",5
"2018-05-22 02:43:39",5
"2018-05-22 03:43:39",5
"2018-05-22 04:43:40",5
"2018-05-22 05:43:38",5
"2018-05-22 06:43:38",5
"2018-05-22 07:43:39",5
"2018-05-22 08:43:45",5
"2018-05-22 09:43:38",5
"2018-05-22 10:43:39",5
"2018-05-22 11:43:38",5
"2018-05-22 12:43:40",5
"2018-05-22 13:43:42",5
"2018-05-22 14:43:41",5
"2018-05-22 15:43:41",5
"2018-05-22 16:43:40",5
"2018-05-22 17:43:39",5
"2018-05-22 18:43:40",5
"2018-05-22 19:43:40",5
"2018-05-22 20:43:41",5
"2018-05-22 21:43:40",5
"2018-05-22 22:43:40",5
"2018-05-22 23:43:40",5
"2018-05-23 00:43:39",5
"2018-05-23 01:43:40",5
"2018-05-23 02:43:39",5
"2018-05-23 03:43:41",5
"2018-05-23 04:43:40",5
"2018-05-23 05:43:41",5
"2018-05-23 06:43:41",5
"2018-05-23 07:43:44",5
"2018-05-23 08:43:40",5
"2018-05-23 09:43:40",5
"2018-05-23 10:43:41",5
"2018-05-23 11:43:40",5
"2018-05-23 12:43:39",5
"2018-05-23 13:43:40",5
"2018-05-23 14:43:40",5
"2018-05-23 15:43:40",5
"2018-05-23 16:43:42",5
"2018-05-23 17:43:40",5
"2018-05-23 18:43:39",5
"2018-05-23 19:43:40",5
"2018-05-23 20:43:41",5
"2018-05-23 21:43:40",5
"2018-05-23 22:43:39",5
"2018-05-23 23:43:39",5
"2018-05-24 00:43:39",5
"2018-05-24 01:43:39",5
"2018-05-24 02:43:40",5
"2018-05-24 03:43:39",5
"2018-05-24 04:43:38",5
"2018-05-24 06:43:40",5
"2018-05-24 07:43:39",5
"2018-05-24 08:43:39",5
"2018-05-24 09:43:39",5
"2018-05-24 10:43:40",5
"2018-05-24 11:43:39",5
"2018-05-24 12:43:39",5
"2018-05-24 20:12:48",5
"2018-05-24 20:43:39",5
"2018-05-24 21:43:40",5
"2018-05-24 22:43:40",5
"2018-05-24 23:43:40",5
"2018-05-25 00:43:40",5
"2018-05-25 01:43:41",5
"2018-05-25 02:43:40",5
"2018-05-25 03:43:40",5
"2018-05-25 04:43:40",5
"2018-05-25 05:43:41",5
"2018-05-25 06:43:40",5
"2018-05-25 07:43:40",5
"2018-05-25 08:43:40",5
"2018-05-25 09:43:40",5
"2018-05-25 10:43:41",5
"2018-05-25 11:43:40",5
"2018-05-25 12:43:40",5
"2018-05-25 13:43:40",5
"2018-05-25 14:43:40",5
"2018-05-25 15:43:40",5
"2018-05-25 16:43:40",5
"2018-05-25 17:43:39",5
"2018-05-25 18:43:40",5
"2018-05-25 19:43:40",5
"2018-05-25 20:43:40",5
"2018-05-25 21:43:39",5
"2018-05-25 22:43:39",5
"2018-05-25 23:43:40",5
"2018-05-26 00:43:40",5
"2018-05-26 01:43:40",5
"2018-05-26 02:43:40",5
"2018-05-26 03:43:40",5
"2018-05-26 04:43:39",5
"2018-05-26 05:43:40",5
"2018-05-26 06:43:40",5
"2018-05-26 07:43:40",5
"2018-05-26 08:43:41",5
"2018-05-26 09:43:39",5
"2018-05-26 10:43:39",5
"2018-05-26 11:43:40",5
"2018-05-26 12:43:40",5
"2018-05-26 13:43:41",5
"2018-05-26 14:43:40",5
"2018-05-26 15:43:40",5
"2018-05-26 16:43:40",5
"2018-05-26 17:43:40",5
"2018-05-26 18:43:41",5
"2018-05-26 19:43:44",5
"2018-05-26 20:43:40",5
"2018-05-26 21:43:39",5
"2018-05-26 22:43:40",5
"2018-05-26 23:43:40",5
"2018-05-27 00:43:40",5
"2018-05-27 01:43:40",5
"2018-05-27 02:43:40",5
"2018-05-27 03:43:39",5
"2018-05-27 04:43:40",5
"2018-05-27 05:43:41",5
"2018-05-27 06:43:40",5
"2018-05-27 07:43:39",5
"2018-05-27 08:43:40",5
"2018-05-27 09:43:39",5
"2018-05-27 10:43:39",5
"2018-05-27 11:43:40",5
"2018-05-27 12:43:39",5
"2018-05-27 13:43:41",5
"2018-05-27 14:43:40",5
"2018-05-27 15:43:40",5
"2018-05-27 16:43:40",5
"2018-05-27 17:43:39",5
"2018-05-27 18:43:40",5
"2018-05-27 19:43:39",5
"2018-05-27 20:43:40",5
"2018-05-27 21:43:41",5
"2018-05-27 22:43:41",5
"2018-05-27 23:43:40",5
"2018-05-28 00:43:40",5
"2018-05-28 01:43:39",5
"2018-05-28 02:43:40",5
"2018-05-28 03:43:40",5
"2018-05-28 04:43:40",5
"2018-05-28 05:43:39",5
"2018-05-28 06:43:40",5
"2018-05-28 07:43:39",5
"2018-05-28 08:43:39",5
"2018-05-28 09:43:40",5
"2018-05-28 10:43:39",5
"2018-05-28 11:43:40",5
"2018-05-28 12:43:39",5
"2018-05-28 13:43:40",5
"2018-05-28 14:43:40",5
"2018-05-28 15:43:40",5
"2018-05-28 16:43:39",5
"2018-05-28 17:43:40",5
"2018-05-28 18:43:40",5
"2018-05-28 19:43:40",5
"2018-05-28 20:43:40",5
"2018-05-28 21:43:40",5
"2018-05-28 22:43:40",5
"2018-05-28 23:43:40",5
"2018-05-29 00:43:40",5
"2018-05-29 01:43:39",5
"2018-05-29 02:43:40",5
"2018-05-29 03:43:40",5
"2018-05-29 04:43:40",5
"2018-05-29 05:43:40",5
"2018-05-29 06:43:40",5
"2018-05-29 07:43:39",5
"2018-05-29 08:43:46",5
"2018-05-29 09:43:40",5
"2018-05-29 10:43:39",5
"2018-05-29 11:43:39",5
"2018-05-29 12:43:40",5
"2018-05-30 19:54:21",5
"2018-05-30 20:43:40",5
"2018-05-30 21:43:40",5
"2018-05-30 22:43:40",5
"2018-05-30 23:43:40",5
"2018-05-31 00:43:40",5
"2018-05-31 01:43:41",5
"2018-05-31 02:43:40",5
"2018-05-31 03:43:44",5
"2018-05-31 04:43:39",5
"2018-05-31 05:43:40",5
"2018-05-31 06:43:41",5
"2018-05-31 07:43:40",5
"2018-05-31 08:43:40",5
"2018-05-31 09:43:40",5
"2018-05-31 10:43:40",5
"2018-05-31 11:43:40",5
"2018-05-31 12:43:40",5
"2018-05-31 13:43:41",5
"2018-05-31 14:43:40",5
"2018-05-31 15:43:40",5
"2018-05-31 16:43:40",5
"2018-05-31 17:43:40",5
"2018-05-31 18:43:41",5
"2018-05-31 19:43:40",5
"2018-05-31 20:43:41",5
"2018-05-31 21:43:40",5
"2018-05-31 22:43:40",5
"2018-05-31 23:43:40",5
"2018-06-01 00:43:40",5
"2018-06-01 01:43:40",5
"2018-06-01 02:43:40",5
"2018-06-01 03:43:40",5
"2018-06-01 04:43:40",5
"2018-06-01 05:43:39",5
"2018-06-01 06:43:41",5
"2018-06-01 07:43:41",5
"2018-06-01 08:43:42",5
"2018-06-01 09:43:40",5
"2018-06-01 10:43:39",5
"2018-06-01 11:43:40",5
"2018-06-01 12:43:39",5
"2018-06-01 13:43:48",5
"2018-06-01 14:43:41",6
"2018-06-01 15:43:42",6
"2018-06-01 16:43:41",6
"2018-06-01 17:43:42",6
"2018-06-01 18:43:41",6
"2018-06-01 19:43:42",6
"2018-06-01 20:43:41",6
"2018-06-01 21:43:41",6
"2018-06-01 22:43:42",6
"2018-06-01 23:43:41",6
"2018-06-02 00:43:41",6
"2018-06-02 01:43:41",6
"2018-06-02 02:43:42",6
"2018-06-02 03:43:41",6
"2018-06-02 04:43:41",6
"2018-06-02 05:43:42",6
"2018-06-02 06:43:41",6
"2018-06-02 07:43:41",6
"2018-06-02 08:43:40",6
"2018-06-02 09:43:42",6
"2018-06-02 10:43:40",6
"2018-06-02 11:43:40",6
"2018-06-02 12:43:42",6
"2018-06-02 13:43:42",6
"2018-06-02 14:43:42",6
"2018-06-02 15:43:42",6
"2018-06-02 16:43:41",6
"2018-06-02 17:43:41",6
"2018-06-02 18:43:40",6
"2018-06-02 19:43:42",6
"2018-06-02 20:43:42",6
"2018-06-02 21:43:42",6
"2018-06-02 22:43:41",6
"2018-06-02 23:43:42",6
"2018-06-03 00:43:40",6
"2018-06-03 01:43:41",6
"2018-06-03 02:43:41",6
"2018-06-03 03:43:41",6
"2018-06-03 04:43:40",6
"2018-06-03 05:43:41",6
"2018-06-03 06:43:41",6
"2018-06-03 19:45:57",6
"2018-06-03 20:43:42",6
"2018-06-03 21:43:41",6
"2018-06-03 22:43:41",6
"2018-06-03 23:43:41",6
"2018-06-04 00:43:41",6
"2018-06-04 01:43:41",6
"2018-06-04 02:43:41",6
"2018-06-04 03:43:41",6
"2018-06-04 04:43:43",6
"2018-06-04 05:43:41",6
"2018-06-04 06:43:41",6
"2018-06-04 07:43:41",6
"2018-06-04 08:43:41",6
"2018-06-04 09:43:41",6
"2018-06-04 10:43:35",6
"2018-06-04 11:43:35",6
"2018-06-04 12:43:35",6
"2018-06-04 13:43:37",6
"2018-06-04 14:43:37",6
"2018-06-04 15:43:37",6
"2018-06-04 16:43:36",6
"2018-06-04 17:43:37",6
"2018-06-04 18:43:37",6
"2018-06-04 19:43:37",6
"2018-06-04 20:43:37",6
"2018-06-04 21:43:36",6
"2018-06-04 22:43:38",6
"2018-06-04 23:43:38",6
"2018-06-05 00:43:38",6
"2018-06-05 01:43:38",6
"2018-06-05 02:43:38",6
"2018-06-05 03:43:37",6
"2018-06-05 04:43:38",6
"2018-06-05 05:43:38",6
"2018-06-05 06:43:38",6
"2018-06-05 07:43:37",6
"2018-06-05 08:43:38",6
"2018-06-05 09:43:38",6
"2018-06-05 10:43:38",6
"2018-06-05 11:43:37",6
"2018-06-05 12:43:37",6
"2018-06-05 13:43:40",6
"2018-06-05 14:43:39",6
"2018-06-05 15:43:38",6
"2018-06-05 16:43:39",6
"2018-06-05 17:43:38",6
"2018-06-05 18:43:37",6
"2018-06-05 19:43:38",6
"2018-06-05 20:43:38",6
"2018-06-05 21:43:38",6
"2018-06-05 22:43:38",6
"2018-06-05 23:43:38",6
"2018-06-06 00:43:38",6
"2018-06-06 01:43:38",6
"2018-06-06 02:43:38",6
"2018-06-06 03:43:39",6
"2018-06-06 04:43:38",6
"2018-06-06 05:43:38",6
"2018-06-06 06:43:38",6
"2018-06-06 07:43:37",6
"2018-06-06 08:43:38",6
"2018-06-06 09:43:38",6
"2018-06-06 10:43:38",6
"2018-06-06 11:43:38",6
"2018-06-06 12:43:38",6
"2018-06-06 13:43:38",6
"2018-06-06 14:43:38",6
"2018-06-06 15:43:39",6
"2018-06-06 16:43:39",6
"2018-06-06 17:43:38",6
"2018-06-06 18:43:39",6
"2018-06-06 19:43:38",6
"2018-06-06 20:43:38",6
"2018-06-06 21:43:39",6
"2018-06-06 22:43:40",6
"2018-06-06 23:43:41",6
"2018-06-07 00:43:41",6
"2018-06-07 01:43:41",6
"2018-06-07 02:43:42",6
"2018-06-07 03:43:41",6
"2018-06-07 04:43:41",6
"2018-06-07 05:43:42",6
"2018-06-07 06:43:41",6
"2018-06-07 07:43:41",6
"2018-06-07 08:43:41",6
"2018-06-07 09:43:41",6
"2018-06-07 10:43:41",6
"2018-06-07 11:43:41",6
"2018-06-07 12:43:41",6
"2018-06-07 13:43:41",6
"2018-06-07 14:43:42",6
"2018-06-07 15:43:41",6
"2018-06-07 16:43:42",6
"2018-06-07 17:43:42",6
"2018-06-07 18:43:40",6
"2018-06-07 19:43:41",6
"2018-06-07 20:43:42",6
"2018-06-07 21:43:41",6
"2018-06-07 22:43:43",6
"2018-06-07 23:43:43",6
"2018-06-08 00:43:42",6
"2018-06-08 01:43:41",6
"2018-06-08 02:43:42",6
"2018-06-08 03:43:42",6
"2018-06-08 04:43:43",6
"2018-06-08 05:43:41",6
"2018-06-08 06:43:43",6
"2018-06-08 07:43:43",6
"2018-06-08 08:43:42",6
"2018-06-08 09:43:41",6
"2018-06-08 10:43:41",6
"2018-06-08 11:43:40",6
"2018-06-08 12:43:43",6
"2018-06-08 13:43:43",6
"2018-06-08 14:43:42",6
"2018-06-08 15:43:41",6
"2018-06-08 16:43:43",6
"2018-06-08 17:43:42",6
"2018-06-08 18:43:42",6
"2018-06-08 19:43:42",6
"2018-06-08 20:43:42",6
"2018-06-08 21:43:42",6
"2018-06-08 22:43:41",6
"2018-06-08 23:43:42",6
"2018-06-09 00:43:42",6
"2018-06-09 01:43:42",6
"2018-06-09 02:43:42",6
"2018-06-09 03:43:42",6
"2018-06-09 04:43:43",6
"2018-06-09 05:43:42",6
"2018-06-09 06:43:44",6
"2018-06-09 07:43:42",6
"2018-06-09 08:43:41",6
"2018-06-09 09:43:42",6
"2018-06-09 10:43:42",6
"2018-06-09 11:43:43",6
"2018-06-09 12:43:43",6
"2018-06-09 13:43:43",6
"2018-06-09 14:43:43",6
"2018-06-09 15:43:44",6
"2018-06-09 16:43:42",6
"2018-06-09 17:43:43",6
"2018-06-09 18:43:44",6
"2018-06-09 19:43:43",6
"2018-06-09 20:43:43",6
"2018-06-09 21:43:43",6
"2018-06-09 22:43:42",6
"2018-06-09 23:43:42",6
"2018-06-10 00:43:42",6
"2018-06-10 01:43:42",6
"2018-06-10 02:43:42",6
"2018-06-10 03:43:42",6
"2018-06-10 04:43:43",6
"2018-06-10 05:43:42",6
"2018-06-10 06:43:42",6
"2018-06-10 07:43:43",6
"2018-06-10 08:43:42",6
"2018-06-10 09:43:42",6
"2018-06-10 10:43:43",6
"2018-06-10 11:43:42",6
"2018-06-10 12:43:42",6
"2018-06-10 13:43:41",6
"2018-06-10 14:43:43",6
"2018-06-10 15:43:41",6
"2018-06-10 16:43:43",6
"2018-06-10 17:43:43",6
"2018-06-10 18:43:43",6
"2018-06-10 19:43:42",6
"2018-06-10 20:43:41",6
"2018-06-10 21:43:41",6
"2018-06-10 22:43:42",6
"2018-06-10 23:43:42",6
"2018-06-11 00:43:42",6
"2018-06-11 01:43:42",6
"2018-06-11 02:43:42",6
"2018-06-11 03:43:42",6
"2018-06-11 04:43:42",6
"2018-06-11 06:43:41",6
"2018-06-11 07:43:42",6
"2018-06-11 08:43:42",6
"2018-06-11 09:43:41",6
"2018-06-11 10:43:41",6
"2018-06-11 11:43:40",6
"2018-06-11 12:43:42",6
"2018-06-11 13:43:43",6
"2018-06-11 14:43:42",6
"2018-06-11 15:43:42",6
"2018-06-11 16:43:42",6
"2018-06-11 17:43:41",6
"2018-06-11 18:43:42",6
"2018-06-11 19:43:41",6
"2018-06-11 20:43:42",6
"2018-06-11 21:43:41",6
"2018-06-11 22:43:41",6
"2018-06-11 23:43:42",6
"2018-06-12 00:43:42",6
"2018-06-12 01:43:43",6
"2018-06-12 02:43:42",6
"2018-06-12 03:43:43",6
"2018-06-12 04:43:42",6
"2018-06-12 05:43:42",6
"2018-06-12 06:43:43",6
"2018-06-12 07:43:43",6
"2018-06-12 08:43:42",6
"2018-06-12 09:43:41",6
"2018-06-12 10:43:40",6
"2018-06-12 11:43:40",6
"2018-06-12 12:43:42",6
"2018-06-12 13:43:44",6
"2018-06-12 14:43:42",6
"2018-06-12 15:43:42",6
"2018-06-12 16:43:42",6
"2018-06-12 17:43:42",6
"2018-06-12 18:43:42",6
"2018-06-12 19:43:42",6
"2018-06-12 20:43:42",6
"2018-06-12 21:43:42",6
"2018-06-12 22:43:41",6
"2018-06-12 23:43:43",6
"2018-06-13 00:43:42",6
"2018-06-13 01:43:42",6
"2018-06-13 02:43:41",6
"2018-06-13 03:43:42",6
"2018-06-13 04:43:43",6
"2018-06-13 05:43:42",6
"2018-06-13 06:43:43",6
"2018-06-13 07:43:42",6
"2018-06-13 08:43:43",6
"2018-06-13 09:43:42",6
"2018-06-13 10:43:41",6
"2018-06-13 11:43:41",6
"2018-06-13 12:43:42",6
"2018-06-13 13:43:44",6
"2018-06-13 14:43:43",6
"2018-06-13 15:43:42",6
"2018-06-13 16:43:42",6
"2018-06-13 17:43:42",6
"2018-06-13 18:43:43",6
"2018-06-13 19:43:42",6
"2018-06-13 20:43:42",6
"2018-06-13 21:43:42",6
"2018-06-13 22:43:41",6
"2018-06-13 23:43:42",6
"2018-06-14 00:43:43",6
"2018-06-14 01:43:43",6
"2018-06-14 02:43:42",6
"2018-06-14 03:43:43",6
"2018-06-14 04:43:42",6
"2018-06-14 05:43:43",6
"2018-06-14 06:43:42",6
"2018-06-14 07:43:42",6
"2018-06-14 08:43:42",6
"2018-06-14 09:43:41",6
"2018-06-14 10:43:41",6
"2018-06-14 11:43:43",6
"2018-06-14 12:43:43",6
"2018-06-14 13:43:43",6
"2018-06-14 14:43:42",6
"2018-06-14 15:43:43",6
"2018-06-14 16:43:41",6
"2018-06-14 17:43:42",6
"2018-06-14 18:43:42",6
"2018-06-14 19:43:43",6
"2018-06-14 20:43:42",6
"2018-06-14 21:43:42",6
"2018-06-14 22:43:43",6
"2018-06-14 23:43:42",6
"2018-06-15 00:43:42",6
"2018-06-15 01:43:41",6
"2018-06-15 02:43:42",6
"2018-06-15 03:43:42",6
"2018-06-15 04:43:43",6
"2018-06-15 05:43:44",6
"2018-06-15 06:43:43",6
"2018-06-15 07:43:42",6
"2018-06-15 08:43:42",6
"2018-06-15 09:43:42",6
"2018-06-15 10:43:42",6
"2018-06-15 11:43:41",6
"2018-06-15 12:43:42",6
"2018-06-15 13:43:43",6
"2018-06-15 14:43:43",6
"2018-06-15 15:43:42",6
"2018-06-15 16:43:42",6
"2018-06-15 17:43:41",6
"2018-06-15 18:43:43",6
"2018-06-15 19:43:42",6
"2018-06-15 20:43:42",6
"2018-06-15 21:43:41",6
"2018-06-15 22:43:42",6
"2018-06-15 23:43:42",6
"2018-06-16 00:43:42",6
"2018-06-16 01:43:42",6
"2018-06-16 02:43:44",6
"2018-06-16 03:43:42",6
"2018-06-16 04:43:44",6
"2018-06-16 05:43:44",6
"2018-06-16 06:43:43",6
"2018-06-16 07:43:41",6
"2018-06-16 08:43:42",6
"2018-06-16 09:43:42",6
"2018-06-16 10:43:41",6
"2018-06-16 11:43:43",6
"2018-06-16 12:43:42",6
"2018-06-16 13:43:43",6
"2018-06-16 14:43:43",6
"2018-06-16 15:43:42",6
"2018-06-16 16:43:43",6
"2018-06-16 17:43:42",6
"2018-06-16 18:43:42",6
"2018-06-16 19:43:42",6
"2018-06-16 20:43:42",6
"2018-06-16 21:43:42",6
"2018-06-16 22:43:43",6
"2018-06-16 23:43:42",6
"2018-06-17 00:43:42",6
"2018-06-17 01:43:42",6
"2018-06-17 02:43:44",6
"2018-06-17 03:43:42",6
"2018-06-17 04:43:42",6
"2018-06-17 05:43:42",6
"2018-06-17 06:43:41",6
"2018-06-17 07:43:42",6
"2018-06-17 08:43:42",6
"2018-06-17 09:43:41",6
"2018-06-17 10:43:41",6
"2018-06-17 11:43:41",6
"2018-06-17 12:43:42",6
"2018-06-17 13:43:42",6
"2018-06-17 14:43:42",6
"2018-06-17 15:43:41",6
"2018-06-17 16:43:41",6
"2018-06-17 17:43:42",6
"2018-06-17 18:43:41",6
"2018-06-17 19:43:43",6
"2018-06-17 20:43:43",6
"2018-06-17 21:43:42",6
"2018-06-17 22:43:42",6
"2018-06-17 23:43:42",6
"2018-06-18 00:43:43",6
"2018-06-18 01:43:42",6
"2018-06-18 02:43:43",6
"2018-06-18 03:43:42",6
"2018-06-18 04:43:42",6
"2018-06-18 05:43:42",6
"2018-06-18 06:43:41",6
"2018-06-18 07:43:41",6
"2018-06-18 08:43:48",6
"2018-06-18 09:43:42",6
"2018-06-18 10:43:41",6
"2018-06-18 11:43:42",6
"2018-06-18 12:43:42",6
"2018-06-18 13:43:44",6
"2018-06-18 14:43:42",6
"2018-06-18 15:43:42",5
"2018-06-18 16:43:42",5
"2018-06-18 17:43:42",5
"2018-06-18 18:43:43",5
"2018-06-18 19:43:42",5
"2018-06-18 20:43:42",5
"2018-06-18 21:43:41",5
"2018-06-18 22:43:42",5
"2018-06-18 23:43:42",5
"2018-06-19 00:43:42",5
"2018-06-19 01:43:41",5
"2018-06-19 02:43:43",5
"2018-06-19 03:43:42",5
"2018-06-19 04:43:42",5
"2018-06-19 05:43:42",5
"2018-06-19 06:43:42",5
"2018-06-19 07:43:44",5
"2018-06-19 08:43:43",5
"2018-06-19 09:43:41",5
"2018-06-19 10:43:42",5
"2018-06-19 11:43:42",5
"2018-06-19 12:43:42",5
"2018-06-19 13:43:45",5
"2018-06-19 14:43:43",5
"2018-06-19 15:43:42",5
"2018-06-19 16:43:42",5
"2018-06-19 17:43:42",5
"2018-06-19 18:43:42",5
"2018-06-19 19:43:42",5
"2018-06-19 20:43:41",5
"2018-06-19 21:43:42",5
"2018-06-19 22:43:42",5
"2018-06-19 23:43:43",5
"2018-06-20 00:43:52",5
"2018-06-20 01:43:44",5
"2018-06-20 02:43:41",5
"2018-06-20 03:43:43",5
"2018-06-20 04:43:42",5
"2018-06-20 05:43:41",5
"2018-06-20 06:43:42",5
"2018-06-20 07:43:42",5
"2018-06-20 08:43:42",5
"2018-06-20 09:43:41",5
"2018-06-20 10:43:42",5
"2018-06-20 11:43:41",5
"2018-06-20 12:43:42",5
"2018-06-20 14:08:16",5
"2018-06-20 14:43:44",5
"2018-06-20 15:43:44",5
"2018-06-20 16:43:43",5
"2018-06-20 17:43:43",4
"2018-06-20 18:43:44",4
"2018-06-20 19:43:44",4
"2018-06-20 20:43:42",4
"2018-06-20 21:43:43",4
"2018-06-20 22:43:43",4
"2018-06-20 23:43:43",4
"2018-06-21 00:43:43",4
"2018-06-21 01:43:43",4
"2018-06-21 02:43:43",4
"2018-06-21 03:43:44",4
"2018-06-21 04:43:44",4
"2018-06-21 05:43:45",4
"2018-06-21 06:43:42",4
"2018-06-21 07:43:43",4
"2018-06-21 08:43:44",4
"2018-06-21 09:43:42",4
"2018-06-21 10:43:42",4
"2018-06-21 11:43:41",4
"2018-06-21 12:43:42",4
"2018-06-21 13:43:44",4
"2018-06-21 14:43:44",4
"2018-06-21 15:43:44",4
"2018-06-21 16:43:43",4
"2018-06-21 17:43:44",5
"2018-06-21 18:43:43",5
"2018-06-21 19:43:44",5
"2018-06-21 20:43:44",5
"2018-06-21 21:43:44",5
"2018-06-21 22:43:43",5
"2018-06-21 23:43:43",5
"2018-06-22 00:43:43",5
"2018-06-22 01:43:42",5
"2018-06-22 02:43:43",5
"2018-06-22 03:43:43",5
"2018-06-22 04:43:43",5
"2018-06-22 05:43:44",5
"2018-06-22 06:43:43",5
"2018-06-22 07:43:42",5
"2018-06-22 08:43:44",5
"2018-06-22 09:43:43",5
"2018-06-22 10:43:43",5
"2018-06-22 11:43:43",5
"2018-06-22 12:43:43",5
"2018-06-22 13:43:45",5
"2018-06-22 15:07:46",4
"2018-06-22 15:43:44",4
"2018-06-22 16:43:44",5
"2018-06-22 17:43:44",5
"2018-06-22 18:43:44",5
"2018-06-22 19:43:44",5
"2018-06-22 20:43:43",5
"2018-06-22 21:43:43",5
"2018-06-22 22:43:43",5
"2018-06-22 23:43:43",5
"2018-06-23 00:43:58",5
"2018-06-23 01:44:58",5
"2018-06-23 02:43:43",5
"2018-06-23 03:43:44",5
"2018-06-23 04:43:43",5
"2018-06-23 05:43:43",5
"2018-06-23 06:43:43",5
"2018-06-23 07:43:43",5
"2018-06-23 08:43:43",5
"2018-06-23 09:43:43",5
"2018-06-23 10:43:43",5
"2018-06-23 11:43:44",5
"2018-06-23 12:43:42",5
"2018-06-23 13:43:43",5
"2018-06-23 14:43:43",5
"2018-06-23 15:43:44",5
"2018-06-23 16:43:44",5
"2018-06-23 17:43:43",5
"2018-06-23 18:43:43",5
"2018-06-23 19:43:44",5
"2018-06-23 20:43:44",5
"2018-06-23 21:43:43",5
"2018-06-23 22:43:43",5
"2018-06-23 23:43:42",5
"2018-06-24 00:44:03",5
"2018-06-24 01:43:43",5
"2018-06-24 02:43:42",5
"2018-06-24 03:43:47",5
"2018-06-24 04:43:43",5
"2018-06-24 05:43:43",5
"2018-06-24 06:43:44",5
"2018-06-24 07:43:43",5
"2018-06-24 08:43:43",5
"2018-06-24 09:43:43",5
"2018-06-24 10:44:25",5
"2018-06-24 11:43:43",5
"2018-06-24 12:43:44",5
"2018-06-24 13:43:43",5
"2018-06-24 14:43:57",5
"2018-06-24 15:44:03",5
"2018-06-24 16:43:43",5
"2018-06-24 17:43:43",5
"2018-06-24 18:43:43",5
"2018-06-24 19:43:43",5
"2018-06-24 20:43:43",5
"2018-06-24 21:43:43",5
"2018-06-24 22:43:43",5
"2018-06-24 23:43:43",5
"2018-06-25 00:43:43",5
"2018-06-25 01:43:43",5
"2018-06-25 02:43:44",5
"2018-06-25 03:43:53",5
"2018-06-25 04:43:48",5
"2018-06-25 05:43:45",5
"2018-06-25 06:43:43",5
"2018-06-25 07:43:43",5
"2018-06-25 08:43:44",5
"2018-06-25 09:43:44",5
"2018-06-25 10:43:43",5
"2018-06-25 11:43:43",5
"2018-06-25 12:43:42",5
"2018-06-25 13:43:45",5
"2018-06-25 14:43:43",5
"2018-06-25 15:43:43",5
"2018-06-25 16:43:42",5
"2018-06-25 17:43:43",5
"2018-06-25 18:43:43",5
"2018-06-25 19:43:43",5
"2018-06-25 20:43:44",5
"2018-06-25 21:43:44",5
"2018-06-25 22:43:42",5
"2018-06-26 01:12:09",5
"2018-06-26 01:43:43",5
"2018-06-26 02:43:43",5
"2018-06-26 03:43:56",5
"2018-06-26 04:43:55",5
"2018-06-26 05:43:45",5
"2018-06-26 06:43:43",5
"2018-06-26 07:43:44",5
"2018-06-26 08:43:44",5
"2018-06-26 09:43:45",5
"2018-06-26 10:43:48",5
"2018-06-26 11:43:52",5
"2018-06-26 12:43:58",5
"2018-06-26 13:43:46",5
"2018-06-26 14:43:44",5
"2018-06-26 15:44:00",5
"2018-06-26 16:43:44",5
"2018-06-26 17:43:43",5
"2018-06-26 18:43:44",5
"2018-06-26 19:43:44",5
"2018-06-26 20:43:44",5
"2018-06-26 21:43:43",5
"2018-06-26 22:43:43",5
"2018-06-26 23:43:43",5
"2018-06-27 00:43:44",5
"2018-06-27 01:43:43",5
"2018-06-27 02:43:43",5
"2018-06-27 03:43:45",5
"2018-06-27 04:43:49",5
"2018-06-27 05:43:45",5
"2018-06-27 06:43:44",5
"2018-06-27 07:43:42",5
"2018-06-27 08:43:43",5
"2018-06-27 09:43:44",5
"2018-06-27 10:43:43",5
"2018-06-27 11:43:43",5
"2018-06-27 12:43:44",5
"2018-06-27 13:44:03",5
"2018-06-27 14:44:02",5
"2018-06-27 15:44:03",5
"2018-06-27 16:43:45",5
"2018-06-27 17:43:43",5
"2018-06-27 18:43:44",5
"2018-06-27 19:43:46",5
"2018-06-27 20:43:43",5
"2018-06-27 21:43:43",5
"2018-06-27 22:43:42",5
"2018-06-27 23:43:43",5
"2018-06-28 00:43:44",5
"2018-06-28 01:43:43",5
"2018-06-28 02:43:50",5
"2018-06-28 03:43:59",5
"2018-06-28 04:43:57",5
"2018-06-28 05:43:54",5
"2018-06-28 06:43:44",5
"2018-06-28 07:43:44",5
"2018-06-28 08:43:44",5
"2018-06-28 09:43:42",5
"2018-06-28 10:43:44",5
"2018-06-28 11:43:43",5
"2018-06-28 12:43:43",5
"2018-06-28 13:43:45",5
"2018-06-28 14:44:02",5
"2018-06-28 15:44:03",5
"2018-06-28 16:43:42",5
"2018-06-28 17:43:45",5
"2018-06-28 18:43:43",5
"2018-06-28 19:43:48",5
"2018-06-28 20:43:44",5
"2018-06-28 21:43:44",5
"2018-06-28 22:43:43",5
"2018-06-28 23:43:45",5
"2018-06-29 00:43:45",5
"2018-06-29 01:43:44",5
"2018-06-29 02:43:44",5
"2018-06-29 03:43:54",5
"2018-06-29 04:43:48",5
"2018-06-29 05:43:47",5
"2018-06-29 06:43:46",5
"2018-06-29 07:43:45",5
"2018-06-29 08:43:47",5
"2018-06-29 09:43:45",5
"2018-06-29 10:43:43",5
"2018-06-29 11:43:44",5
"2018-06-29 12:43:49",5
"2018-06-29 13:43:46",5
"2018-06-29 14:43:45",5
"2018-06-29 15:43:45",5
"2018-06-29 16:43:44",5
"2018-06-29 17:43:44",5
"2018-06-29 18:43:45",5
"2018-06-29 19:43:50",5
"2018-06-29 20:43:44",5
"2018-06-29 21:43:47",5
"2018-06-29 22:43:46",5
"2018-06-29 23:43:47",5
"2018-06-30 00:43:46",5
"2018-06-30 01:43:44",5
"2018-06-30 02:43:45",5
"2018-06-30 03:43:56",5
"2018-06-30 04:43:50",5
"2018-06-30 05:43:50",5
"2018-06-30 06:43:48",5
"2018-06-30 07:43:44",5
"2018-06-30 08:43:44",5
"2018-06-30 09:43:43",5
"2018-06-30 10:43:45",5
"2018-06-30 11:43:46",5
"2018-06-30 12:43:51",5
"2018-06-30 13:44:02",5
"2018-06-30 14:43:47",5
"2018-06-30 15:43:59",5
"2018-06-30 16:43:49",5
"2018-06-30 17:43:44",5
"2018-06-30 18:43:44",5
"2018-06-30 19:43:53",5
"2018-06-30 20:43:44",5
"2018-06-30 21:43:44",5
"2018-06-30 22:43:44",5
"2018-06-30 23:43:44",5
"2018-07-01 00:43:44",5
"2018-07-01 01:43:45",5
"2018-07-01 02:43:44",5
"2018-07-01 03:43:44",5
"2018-07-01 04:43:44",5
"2018-07-01 05:43:44",5
"2018-07-01 06:43:44",5
"2018-07-01 07:43:44",5
"2018-07-01 08:43:44",5
"2018-07-01 09:43:45",5
"2018-07-01 10:43:44",5
"2018-07-01 11:43:44",5
"2018-07-01 12:43:45",5
"2018-07-01 13:43:45",5
"2018-07-01 14:43:44",5
"2018-07-01 15:43:45",5
"2018-07-01 16:43:47",5
"2018-07-01 17:43:45",5
"2018-07-01 18:43:44",5
"2018-07-01 19:43:47",5
"2018-07-01 20:43:45",5
"2018-07-01 21:43:45",5
"2018-07-01 22:43:44",5
"2018-07-01 23:43:44",5
"2018-07-02 00:43:45",5
"2018-07-02 01:43:46",5
"2018-07-02 02:43:45",5
"2018-07-02 03:43:44",5
"2018-07-02 04:43:44",5
"2018-07-02 05:43:45",5
"2018-07-02 06:43:45",5
"2018-07-02 07:43:44",5
"2018-07-02 08:43:45",5
"2018-07-02 09:43:45",5
"2018-07-02 10:43:43",5
"2018-07-02 11:43:43",5
"2018-07-02 12:43:44",5
"2018-07-02 13:43:45",5
"2018-07-02 14:43:44",5
"2018-07-02 15:43:45",5
"2018-07-02 16:43:46",5
"2018-07-02 17:43:45",5
"2018-07-02 18:43:44",5
"2018-07-02 19:43:47",5
"2018-07-02 20:43:44",5
"2018-07-02 21:43:44",5
"2018-07-02 22:43:45",5
"2018-07-02 23:43:45",5
"2018-07-03 00:53:20",5
"2018-07-03 01:43:44",5
"2018-07-03 02:43:44",5
"2018-07-03 03:43:44",5
"2018-07-03 04:43:45",5
"2018-07-03 05:43:44",5
"2018-07-03 06:43:43",5
"2018-07-03 07:43:44",5
"2018-07-03 08:43:45",5
"2018-07-03 09:43:45",5
"2018-07-03 10:43:43",5
"2018-07-03 11:43:43",5
"2018-07-03 12:43:44",5
"2018-07-03 13:43:45",5
"2018-07-03 14:43:45",5
"2018-07-03 15:43:44",5
"2018-07-03 16:43:44",5
"2018-07-03 17:43:45",5
"2018-07-03 18:43:43",5
"2018-07-03 19:43:49",5
"2018-07-03 20:43:44",5
"2018-07-03 21:43:44",5
"2018-07-03 22:43:44",5
"2018-07-03 23:43:43",5
"2018-07-04 00:43:44",5
"2018-07-04 01:43:45",5
"2018-07-04 02:43:45",5
"2018-07-04 03:43:45",5
"2018-07-04 04:43:43",5
"2018-07-04 05:43:44",5
"2018-07-04 06:43:45",5
"2018-07-04 07:43:44",5
"2018-07-04 08:43:47",5
"2018-07-04 09:43:44",5
"2018-07-04 10:43:45",5
"2018-07-04 11:43:44",5
"2018-07-04 12:43:44",5
"2018-07-04 13:43:45",5
"2018-07-04 14:43:44",5
"2018-07-04 15:43:44",5
"2018-07-04 16:43:45",5
"2018-07-04 17:43:44",5
"2018-07-04 18:43:44",5
"2018-07-04 19:43:45",5
"2018-07-04 20:43:45",5
"2018-07-04 21:43:44",5
"2018-07-04 22:43:43",5
"2018-07-04 23:43:44",5
"2018-07-05 00:43:43",5
"2018-07-05 01:43:44",5
"2018-07-05 02:43:45",5
"2018-07-05 03:43:45",5
"2018-07-05 04:43:45",5
"2018-07-05 05:43:43",5
"2018-07-05 06:43:44",5
"2018-07-05 07:43:44",5
"2018-07-05 08:43:45",5
"2018-07-05 09:43:44",5
"2018-07-05 10:43:44",5
"2018-07-05 11:43:45",5
"2018-07-05 12:43:44",5
"2018-07-05 13:43:45",5
"2018-07-05 14:43:44",5
"2018-07-05 15:43:45",5
"2018-07-05 16:43:44",5
"2018-07-05 17:43:46",5
"2018-07-05 18:43:43",5
"2018-07-05 19:43:50",5
"2018-07-05 20:43:43",5
"2018-07-05 21:43:45",5
"2018-07-05 22:43:45",5
"2018-07-05 23:43:44",5
"2018-07-06 00:43:44",5
"2018-07-06 01:43:45",5
"2018-07-06 02:43:44",5
"2018-07-06 03:43:45",5
"2018-07-06 04:43:45",5
"2018-07-06 05:43:44",5
"2018-07-06 06:43:44",5
"2018-07-06 07:43:44",5
"2018-07-06 08:43:45",5
"2018-07-06 09:43:44",5
"2018-07-06 10:43:45",5
"2018-07-06 11:43:48",5
"2018-07-06 12:43:45",5
"2018-07-06 13:43:48",5
"2018-07-06 14:43:46",5
"2018-07-06 15:43:47",6
"2018-07-06 16:43:46",5
"2018-07-06 17:43:46",5
"2018-07-06 18:43:44",5
"2018-07-06 19:43:50",5
"2018-07-06 20:43:45",5
"2018-07-06 21:43:44",5
"2018-07-06 22:43:44",5
"2018-07-06 23:43:44",5
"2018-07-07 00:43:45",5
"2018-07-07 01:43:44",5
"2018-07-07 02:43:46",5
"2018-07-07 03:43:45",5
"2018-07-07 04:43:45",5
"2018-07-07 05:43:44",5
"2018-07-07 06:43:44",5
"2018-07-07 07:43:44",5
"2018-07-07 08:43:45",5
"2018-07-07 09:43:44",5
"2018-07-07 10:43:45",5
"2018-07-07 11:43:44",5
"2018-07-07 12:43:45",5
"2018-07-07 13:43:45",5
"2018-07-07 14:43:45",5
"2018-07-07 15:43:44",5
"2018-07-07 16:43:45",5
"2018-07-07 17:43:45",5
"2018-07-07 18:43:46",5
"2018-07-07 19:43:50",5
"2018-07-07 20:43:45",5
"2018-07-07 21:43:44",5
"2018-07-07 22:43:46",5
"2018-07-07 23:43:45",5
"2018-07-08 00:43:45",5
"2018-07-08 01:43:45",5
"2018-07-08 02:43:46",5
"2018-07-08 03:43:46",5
"2018-07-08 04:43:46",5
"2018-07-08 05:43:45",5
"2018-07-08 06:43:45",5
"2018-07-08 07:43:45",5
"2018-07-08 08:43:44",5
"2018-07-08 09:43:45",5
"2018-07-08 10:43:44",5
"2018-07-08 11:43:45",5
"2018-07-08 12:43:45",5
"2018-07-08 13:43:44",5
"2018-07-08 14:43:44",5
"2018-07-08 15:43:44",5
"2018-07-08 16:43:45",5
"2018-07-08 17:43:44",5
"2018-07-08 18:43:46",5
"2018-07-08 19:43:54",5
"2018-07-08 20:43:46",5
"2018-07-08 21:43:45",5
"2018-07-08 22:43:44",5
"2018-07-08 23:43:44",5
"2018-07-09 00:43:45",5
"2018-07-09 01:43:45",5
"2018-07-09 02:43:45",5
"2018-07-09 03:43:46",5
"2018-07-09 04:43:44",5
"2018-07-09 05:43:45",5
"2018-07-09 06:43:44",5
"2018-07-09 07:43:44",5
"2018-07-09 08:43:45",5
"2018-07-09 09:43:45",5
"2018-07-09 10:43:45",5
"2018-07-09 11:43:44",5
"2018-07-09 12:43:44",5
"2018-07-09 13:43:51",5
"2018-07-09 14:43:45",5
"2018-07-09 15:43:46",5
"2018-07-09 16:43:45",5
"2018-07-09 17:43:45",5
"2018-07-09 18:43:47",5
"2018-07-09 19:44:06",5
"2018-07-09 20:43:44",5
"2018-07-09 21:43:45",5
"2018-07-09 22:43:45",5
"2018-07-09 23:43:45",5
"2018-07-10 00:43:45",5
"2018-07-10 01:43:47",5
"2018-07-10 02:43:45",5
"2018-07-10 03:43:46",5
"2018-07-10 04:43:45",5
"2018-07-10 05:43:45",5
"2018-07-10 06:43:45",5
"2018-07-10 07:43:44",5
"2018-07-10 08:43:45",5
"2018-07-10 09:43:45",5
"2018-07-10 10:43:44",5
"2018-07-10 11:43:45",5
"2018-07-10 12:43:44",5
"2018-07-10 13:43:52",5
"2018-07-10 14:43:48",5
"2018-07-10 15:43:46",5
"2018-07-10 16:43:45",5
"2018-07-10 17:43:47",5
"2018-07-10 18:43:44",5
"2018-07-10 19:43:52",5
"2018-07-10 20:43:45",5
"2018-07-10 21:43:44",5
"2018-07-10 22:43:51",5
"2018-07-10 23:43:45",5
"2018-07-11 00:43:46",5
"2018-07-11 01:43:46",5
"2018-07-11 02:43:46",5
"2018-07-11 03:43:46",5
"2018-07-11 04:43:46",5
"2018-07-11 05:43:46",5
"2018-07-11 06:43:46",5
"2018-07-11 07:43:45",5
"2018-07-11 08:43:45",5
"2018-07-11 09:43:45",5
"2018-07-11 10:43:45",5
"2018-07-11 11:43:44",5
"2018-07-11 12:43:44",5
"2018-07-11 13:43:48",5
"2018-07-11 14:43:47",5
"2018-07-11 15:43:46",4
"2018-07-11 16:43:45",4
"2018-07-11 17:43:44",4
"2018-07-11 18:43:45",4
"2018-07-11 19:43:48",4
"2018-07-11 20:43:45",4
"2018-07-11 21:43:44",4
"2018-07-11 22:43:45",4
"2018-07-11 23:43:46",4
"2018-07-12 00:43:45",4
"2018-07-12 01:43:44",4
"2018-07-12 02:43:46",4
"2018-07-12 03:43:45",4
"2018-07-12 04:43:46",4
"2018-07-12 05:43:46",4
"2018-07-12 06:43:46",4
"2018-07-12 07:43:45",4
"2018-07-12 08:43:45",4
"2018-07-12 09:43:46",4
"2018-07-12 10:43:44",4
"2018-07-12 11:43:44",4
"2018-07-12 12:43:45",4
"2018-07-12 13:43:48",4
"2018-07-12 14:43:47",4
"2018-07-12 15:43:47",4
"2018-07-12 16:43:49",4
"2018-07-12 17:43:46",4
"2018-07-12 18:43:47",4
"2018-07-12 19:44:00",4
"2018-07-12 20:43:44",4
"2018-07-12 21:43:44",4
"2018-07-12 22:43:46",4
"2018-07-12 23:43:47",4
"2018-07-13 00:43:46",4
"2018-07-13 01:43:46",4
"2018-07-13 02:43:46",4
"2018-07-13 03:43:47",4
"2018-07-13 04:43:47",4
"2018-07-13 05:43:47",4
"2018-07-13 06:43:47",4
"2018-07-13 07:43:45",4
"2018-07-13 08:43:47",4
"2018-07-13 09:43:45",4
"2018-07-13 10:43:45",4
"2018-07-13 11:43:45",4
"2018-07-13 12:43:46",4
"2018-07-13 13:43:52",4
"2018-07-13 14:43:48",4
"2018-07-13 15:43:48",4
"2018-07-13 16:43:47",4
"2018-07-13 17:43:47",4
"2018-07-13 18:43:47",4
"2018-07-13 19:43:48",4
"2018-07-13 20:43:46",4
"2018-07-13 21:43:44",4
"2018-07-13 22:43:46",4
"2018-07-13 23:43:47",4
"2018-07-14 00:43:46",4
"2018-07-14 01:43:45",4
"2018-07-14 02:43:46",4
"2018-07-14 03:43:46",4
"2018-07-14 04:43:46",4
"2018-07-14 05:43:46",4
"2018-07-14 06:43:45",4
"2018-07-14 07:43:45",4
"2018-07-14 08:43:45",4
"2018-07-14 09:43:46",4
"2018-07-14 10:43:46",4
"2018-07-14 11:43:46",4
"2018-07-14 12:43:46",4
"2018-07-14 13:43:47",4
"2018-07-14 14:43:46",4
"2018-07-14 15:43:46",4
"2018-07-14 16:43:46",4
"2018-07-14 17:43:46",4
"2018-07-14 18:43:47",4
"2018-07-14 19:43:49",4
"2018-07-14 20:43:46",4
"2018-07-14 21:43:46",4
"2018-07-14 22:43:47",4
"2018-07-14 23:43:46",4
"2018-07-15 00:43:45",4
"2018-07-15 01:43:46",4
"2018-07-15 02:43:47",4
"2018-07-15 03:43:46",4
"2018-07-15 04:43:45",4
"2018-07-15 05:43:46",4
"2018-07-15 06:43:46",4
"2018-07-15 07:43:45",4
"2018-07-15 08:43:46",4
"2018-07-15 09:43:46",4
"2018-07-15 10:43:45",4
"2018-07-15 11:43:45",4
"2018-07-15 12:43:46",4
"2018-07-15 13:43:46",4
"2018-07-15 14:43:45",4
"2018-07-15 15:43:47",4
"2018-07-15 16:43:46",4
"2018-07-15 17:43:46",4
"2018-07-15 18:43:45",4
"2018-07-15 19:43:56",4
"2018-07-15 20:43:47",4
"2018-07-15 21:43:53",4
"2018-07-15 22:43:47",4
"2018-07-15 23:43:47",4
"2018-07-16 00:43:46",4
"2018-07-16 01:43:46",4
"2018-07-16 02:43:46",4
"2018-07-16 03:43:47",4
"2018-07-16 04:43:47",4
"2018-07-16 05:43:46",4
"2018-07-16 06:43:47",4
"2018-07-16 07:43:55",4
"2018-07-16 08:43:48",4
"2018-07-16 09:43:45",4
"2018-07-16 10:43:46",4
"2018-07-16 11:43:45",4
"2018-07-16 12:43:45",4
"2018-07-16 13:43:58",4
"2018-07-16 14:43:47",4
"2018-07-16 15:43:48",4
"2018-07-16 16:43:47",4
"2018-07-16 17:43:48",4
"2018-07-16 18:43:47",4
"2018-07-16 19:44:21",4
"2018-07-16 20:43:46",4
"2018-07-16 21:43:47",4
"2018-07-16 22:43:46",4
"2018-07-16 23:43:46",4
"2018-07-17 00:43:57",4
"2018-07-17 01:43:47",4
"2018-07-17 02:43:46",4
"2018-07-17 03:43:45",4
"2018-07-17 04:43:47",4
"2018-07-17 05:43:48",4
"2018-07-17 06:43:47",4
"2018-07-17 07:43:56",4
"2018-07-17 08:43:46",4
"2018-07-17 09:43:45",4
"2018-07-17 10:43:46",4
"2018-07-17 11:43:45",4
"2018-07-17 12:43:46",4
"2018-07-17 13:43:51",4
"2018-07-17 14:43:48",4
"2018-07-17 15:43:47",4
"2018-07-17 16:43:47",4
"2018-07-17 17:43:47",4
"2018-07-17 18:43:48",4
"2018-07-17 19:44:09",4
"2018-07-17 20:43:46",4
"2018-07-17 21:43:46",4
"2018-07-17 22:43:45",4
"2018-07-17 23:43:49",4
"2018-07-18 00:43:50",4
"2018-07-18 01:43:49",4
"2018-07-18 02:44:00",4
"2018-07-18 03:43:51",4
"2018-07-18 04:43:50",4
"2018-07-18 05:43:52",4
"2018-07-18 06:43:49",4
"2018-07-18 07:43:49",4
"2018-07-18 08:43:54",4
"2018-07-18 09:43:49",4
"2018-07-18 10:43:49",4
"2018-07-18 11:43:49",4
"2018-07-18 12:43:48",4
"2018-07-18 13:43:55",4
"2018-07-18 14:43:53",4
"2018-07-18 15:43:51",4
"2018-07-18 16:43:52",4
"2018-07-18 17:43:52",4
"2018-07-18 18:43:51",4
"2018-07-18 19:44:00",4
"2018-07-18 20:43:49",4
"2018-07-18 21:43:50",4
"2018-07-18 22:43:51",4
"2018-07-18 23:43:50",4
"2018-07-19 00:43:50",4
"2018-07-19 01:43:50",4
"2018-07-19 02:43:51",4
"2018-07-19 03:43:56",4
"2018-07-19 04:43:58",4
"2018-07-19 05:43:54",4
"2018-07-19 06:43:54",4
"2018-07-19 07:44:01",4
"2018-07-19 08:43:51",4
"2018-07-19 09:43:50",4
"2018-07-19 10:43:50",4
"2018-07-19 11:43:50",4
"2018-07-19 12:43:50",4
"2018-07-19 13:43:54",4
"2018-07-19 14:43:52",4
"2018-07-19 15:43:51",4
"2018-07-19 16:43:52",4
"2018-07-19 17:43:52",4
"2018-07-19 18:43:52",4
"2018-07-19 19:43:55",4
"2018-07-19 20:43:51",4
"2018-07-19 21:43:51",4
"2018-07-19 22:43:52",4
"2018-07-19 23:43:53",4
"2018-07-20 00:43:51",4
"2018-07-20 01:43:51",4
"2018-07-20 02:43:52",4
"2018-07-20 03:43:55",4
"2018-07-20 04:43:56",4
"2018-07-20 05:43:55",4
"2018-07-20 06:43:55",4
"2018-07-20 07:43:54",4
"2018-07-20 08:43:50",4
"2018-07-20 09:44:02",4
"2018-07-20 10:43:50",4
"2018-07-20 11:43:49",4
"2018-07-20 12:43:49",4
"2018-07-20 14:07:25",4
"2018-07-20 14:43:52",4
"2018-07-20 15:43:53",4
"2018-07-20 16:43:52",4
"2018-07-20 17:43:51",4
"2018-07-20 18:43:53",4
"2018-07-20 19:44:02",4
"2018-07-20 20:43:50",4
"2018-07-20 21:43:50",4
"2018-07-20 22:43:49",4
"2018-07-20 23:43:52",4
"2018-07-21 00:43:51",4
"2018-07-21 01:43:52",4
"2018-07-21 02:43:53",4
"2018-07-21 03:43:58",4
"2018-07-21 04:43:51",4
"2018-07-21 05:43:50",4
"2018-07-21 06:43:51",4
"2018-07-21 07:43:50",4
"2018-07-21 08:43:49",4
"2018-07-21 09:43:51",4
"2018-07-21 10:43:50",4
"2018-07-21 11:43:49",4
"2018-07-21 12:43:50",4
"2018-07-21 13:43:51",4
"2018-07-21 14:43:51",4
"2018-07-21 15:43:51",4
"2018-07-21 16:43:53",4
"2018-07-21 17:43:50",4
"2018-07-21 18:43:52",4
"2018-07-21 19:43:56",4
"2018-07-21 20:43:50",4
"2018-07-21 21:43:50",4
"2018-07-21 22:43:50",4
"2018-07-21 23:43:51",4
"2018-07-22 00:43:50",4
"2018-07-22 01:43:50",4
"2018-07-22 02:43:51",4
"2018-07-22 03:43:52",4
"2018-07-22 04:43:51",4
"2018-07-22 05:43:50",4
"2018-07-22 06:44:03",4
"2018-07-22 07:43:57",4
"2018-07-22 08:43:50",4
"2018-07-22 09:43:49",4
"2018-07-22 10:43:49",4
"2018-07-22 11:43:50",4
"2018-07-22 12:43:51",4
"2018-07-22 13:43:51",4
"2018-07-22 14:43:54",4
"2018-07-22 15:43:50",4
"2018-07-22 16:43:51",4
"2018-07-22 17:43:50",4
"2018-07-22 18:43:50",4
"2018-07-22 19:43:57",4
"2018-07-22 20:43:50",4
"2018-07-22 21:43:50",4
"2018-07-22 22:43:50",4
"2018-07-22 23:43:50",4
"2018-07-23 00:43:50",4
"2018-07-23 01:43:50",4
"2018-07-23 02:43:51",4
"2018-07-23 03:43:50",4
"2018-07-23 04:43:50",4
"2018-07-23 05:43:49",4
"2018-07-23 06:43:49",4
"2018-07-23 07:43:50",4
"2018-07-23 08:43:53",4
"2018-07-23 09:43:55",4
"2018-07-23 23:44:04",4
"2018-07-24 00:43:51",4
"2018-07-24 01:43:51",4
"2018-07-24 02:43:52",4
"2018-07-24 03:43:50",4
"2018-07-24 04:43:50",4
"2018-07-24 05:43:49",4
"2018-07-24 06:43:50",4
"2018-07-24 07:43:49",4
"2018-07-24 08:43:50",4
"2018-07-24 09:43:49",4
"2018-07-24 10:43:50",4
"2018-07-24 11:43:50",4
"2018-07-24 12:43:50",4
"2018-07-24 13:44:02",4
"2018-07-24 14:43:51",4
"2018-07-24 15:43:51",4
"2018-07-24 16:43:52",4
"2018-07-24 17:43:51",4
"2018-07-24 18:43:50",4
"2018-07-24 19:43:51",4
"2018-07-24 20:43:49",4
"2018-07-24 21:43:49",4
"2018-07-24 22:43:50",4
"2018-07-24 23:43:50",4
"2018-07-25 00:43:50",4
"2018-07-25 01:43:50",4
"2018-07-25 02:43:50",4
"2018-07-25 03:43:51",4
"2018-07-25 04:43:51",4
"2018-07-25 05:43:49",4
"2018-07-25 06:43:50",4
"2018-07-25 07:43:49",4
"2018-07-25 08:43:50",4
"2018-07-25 09:43:50",4
"2018-07-25 10:43:49",4
"2018-07-25 11:43:49",4
"2018-07-25 12:43:50",4
"2018-07-25 13:43:57",4
"2018-07-25 14:43:53",4
"2018-07-25 15:43:54",4
"2018-07-25 16:43:53",4
"2018-07-25 17:43:59",4
"2018-07-25 18:43:54",4
"2018-07-25 19:43:53",4
"2018-07-25 20:43:53",4
"2018-07-25 21:43:53",4
"2018-07-25 22:43:52",4
"2018-07-25 23:43:51",4
"2018-07-26 00:43:51",4
"2018-07-26 01:43:52",4
"2018-07-26 02:43:53",4
"2018-07-26 03:43:53",4
"2018-07-26 04:43:52",4
"2018-07-26 05:43:52",4
"2018-07-26 06:43:52",4
"2018-07-26 07:43:51",4
"2018-07-26 08:43:51",4
"2018-07-26 09:43:52",4
"2018-07-26 10:43:51",4
"2018-07-26 11:43:51",4
"2018-07-26 12:43:52",4
"2018-07-26 14:43:54",4
"2018-07-26 15:43:53",4
"2018-07-26 16:43:53",4
"2018-07-26 17:43:53",4
"2018-07-26 18:43:53",4
"2018-07-26 19:43:53",4
"2018-07-26 20:43:52",4
"2018-07-26 21:43:51",4
"2018-07-26 22:43:51",4
"2018-07-26 23:43:52",4
"2018-07-27 00:43:52",4
"2018-07-27 01:43:52",4
"2018-07-27 02:43:51",4
"2018-07-27 03:43:52",4
"2018-07-27 04:43:52",4
"2018-07-27 05:43:52",4
"2018-07-27 06:43:52",4
"2018-07-27 07:43:51",4
"2018-07-27 08:43:51",4
"2018-07-27 09:43:50",4
"2018-07-27 10:43:51",4
"2018-07-27 11:43:50",4
"2018-07-27 12:43:51",4
"2018-07-27 13:43:58",4
"2018-07-27 14:43:54",4
"2018-07-27 15:43:51",4
"2018-07-27 16:43:52",4
"2018-07-27 17:43:52",4
"2018-07-27 18:43:52",4
"2018-07-27 19:43:52",4
"2018-07-27 20:43:51",4
"2018-07-27 21:43:51",4
"2018-07-27 22:43:50",4
"2018-07-27 23:43:51",4
"2018-07-28 00:43:51",4
"2018-07-28 01:43:51",4
"2018-07-28 02:43:51",4
"2018-07-28 03:43:52",4
"2018-07-28 04:43:51",4
"2018-07-28 05:43:52",4
"2018-07-28 06:43:51",4
"2018-07-28 07:43:51",4
"2018-07-28 08:43:51",4
"2018-07-28 09:43:51",4
"2018-07-28 10:43:50",4
"2018-07-28 11:43:50",4
"2018-07-28 12:43:50",4
"2018-07-28 13:43:50",4
"2018-07-28 14:43:50",4
"2018-07-28 15:43:52",4
"2018-07-28 16:43:51",4
"2018-07-28 17:43:52",4
"2018-07-28 18:43:52",4
"2018-07-28 19:44:05",4
"2018-07-28 20:43:57",4
"2018-07-28 21:43:51",4
"2018-07-28 22:43:51",4
"2018-07-28 23:43:52",4
"2018-07-29 00:43:51",4
"2018-07-29 01:43:52",4
"2018-07-29 02:43:51",4
"2018-07-29 03:43:50",4
"2018-07-29 04:43:52",4
"2018-07-29 05:43:52",4
"2018-07-29 06:43:52",4
"2018-07-29 07:43:51",4
"2018-07-29 08:43:51",4
"2018-07-29 09:43:51",4
"2018-07-29 10:43:51",4
"2018-07-29 11:43:50",4
"2018-07-29 12:43:52",4
"2018-07-29 13:43:52",4
"2018-07-29 14:43:51",4
"2018-07-29 15:43:50",4
"2018-07-29 16:43:52",4
"2018-07-29 17:43:52",4
"2018-07-29 18:43:51",4
"2018-07-29 19:43:52",4
"2018-07-29 20:43:52",4
"2018-07-29 21:43:52",4
"2018-07-29 22:43:52",4
"2018-07-29 23:43:52",4
"2018-07-30 00:43:51",4
"2018-07-30 01:43:52",4
"2018-07-30 02:43:51",4
"2018-07-30 03:43:52",4
"2018-07-30 04:43:51",4
"2018-07-30 05:43:51",4
"2018-07-30 06:43:50",4
"2018-07-30 07:43:51",4
"2018-07-30 08:43:51",4
"2018-07-30 09:43:52",4
"2018-07-30 10:43:50",4
"2018-07-30 11:43:51",4
"2018-07-30 12:43:51",4
"2018-07-30 13:43:58",4
"2018-07-30 14:43:54",4
"2018-07-30 15:43:52",4
"2018-07-30 16:43:53",4
"2018-07-30 17:43:53",4
"2018-07-30 18:43:50",4
"2018-07-30 19:43:54",4
"2018-07-30 20:43:51",4
"2018-07-30 21:43:51",4
"2018-07-30 22:43:52",4
"2018-07-30 23:43:51",4
"2018-07-31 00:43:53",4
"2018-07-31 01:43:51",4
"2018-07-31 02:43:51",4
"2018-07-31 03:43:51",4
"2018-07-31 04:43:51",4
"2018-07-31 05:43:51",4
"2018-07-31 06:43:51",4
"2018-07-31 07:43:52",4
"2018-07-31 08:44:15",4
"2018-07-31 09:50:47",4
"2018-07-31 10:43:51",4
"2018-07-31 11:43:50",4
"2018-07-31 12:43:51",4
"2018-07-31 13:43:59",4
"2018-07-31 14:43:53",4
"2018-07-31 15:43:52",4
"2018-07-31 16:43:52",4
"2018-07-31 17:43:52",4
"2018-07-31 18:43:53",4
"2018-07-31 19:43:54",4
"2018-07-31 20:43:53",4
"2018-07-31 21:43:52",4
"2018-07-31 22:43:53",4
"2018-07-31 23:43:53",4
"2018-08-01 00:43:54",4
"2018-08-01 01:43:52",4
"2018-08-01 02:43:52",4
"2018-08-01 03:43:53",4
"2018-08-01 04:43:53",4
"2018-08-01 05:43:53",4
"2018-08-01 06:43:52",4
"2018-08-01 07:43:52",4
"2018-08-01 08:43:53",4
"2018-08-01 09:43:52",4
"2018-08-01 10:43:51",4
"2018-08-01 11:43:52",4
"2018-08-01 12:43:51",4
"2018-08-01 14:09:00",4
"2018-08-01 14:43:54",4
"2018-08-01 15:43:54",4
"2018-08-01 16:43:54",4
"2018-08-01 17:43:54",4
"2018-08-01 18:43:53",4
"2018-08-01 19:45:23",4
"2018-08-01 20:43:52",4
"2018-08-01 21:43:52",4
"2018-08-01 22:43:52",4
"2018-08-01 23:43:52",4
"2018-08-02 00:43:53",4
"2018-08-02 01:43:53",4
"2018-08-02 02:43:53",4
"2018-08-02 03:43:52",4
"2018-08-02 04:43:53",4
"2018-08-02 05:43:52",4
"2018-08-02 06:43:52",4
"2018-08-02 07:43:52",4
"2018-08-02 08:43:52",4
"2018-08-02 09:43:53",4
"2018-08-02 10:43:52",4
"2018-08-02 11:43:52",4
"2018-08-02 12:43:52",4
"2018-08-02 13:43:58",4
"2018-08-02 14:43:55",4
"2018-08-02 15:43:55",4
"2018-08-02 16:43:52",4
"2018-08-02 17:43:55",4
"2018-08-02 18:43:54",4
"2018-08-02 19:43:54",4
"2018-08-02 20:43:53",4
"2018-08-02 21:43:52",4
"2018-08-02 22:43:52",4
"2018-08-02 23:43:52",4
"2018-08-03 00:43:52",4
"2018-08-03 01:43:54",4
"2018-08-03 02:43:53",4
"2018-08-03 03:43:53",4
"2018-08-03 04:43:53",4
"2018-08-03 05:43:53",4
"2018-08-03 06:43:53",4
"2018-08-03 07:43:51",4
"2018-08-03 08:43:53",4
"2018-08-03 09:43:52",4
"2018-08-03 10:43:53",4
"2018-08-03 11:45:54",4
"2018-08-03 13:08:51",4
"2018-08-03 13:43:58",4
"2018-08-03 14:43:54",4
"2018-08-03 15:43:52",4
"2018-08-03 16:43:53",4
"2018-08-03 17:43:52",4
"2018-08-03 18:43:53",4
"2018-08-03 19:43:52",4
"2018-08-03 20:43:53",4
"2018-08-03 21:43:52",4
"2018-08-03 22:43:52",4
"2018-08-03 23:43:52",4
"2018-08-04 00:43:52",4
"2018-08-04 01:43:52",4
"2018-08-04 02:43:53",4
"2018-08-04 03:43:52",4
"2018-08-04 04:43:52",4
"2018-08-04 05:43:53",4
"2018-08-04 06:43:53",4
"2018-08-04 07:43:53",4
"2018-08-04 08:43:52",4
"2018-08-04 09:43:53",4
"2018-08-04 10:43:52",4
"2018-08-04 11:43:52",4
"2018-08-04 12:43:51",4
"2018-08-04 13:43:54",4
"2018-08-04 14:43:52",4
"2018-08-04 15:43:53",4
"2018-08-04 16:43:52",4
"2018-08-04 17:43:52",4
"2018-08-04 18:43:53",4
"2018-08-04 19:43:53",4
"2018-08-04 20:43:52",4
"2018-08-04 21:43:51",4
"2018-08-04 22:43:51",4
"2018-08-04 23:43:53",4
"2018-08-05 00:43:51",4
"2018-08-05 01:43:52",4
"2018-08-05 02:43:53",4
"2018-08-05 03:43:52",4
"2018-08-05 04:43:52",4
"2018-08-05 05:43:52",4
"2018-08-05 06:43:53",4
"2018-08-05 07:43:52",4
"2018-08-05 08:43:52",4
"2018-08-05 09:43:52",4
"2018-08-05 10:43:52",4
"2018-08-05 11:43:52",4
"2018-08-05 12:43:52",4
"2018-08-05 13:43:52",4
"2018-08-05 14:43:52",4
"2018-08-05 15:43:52",4
"2018-08-05 16:43:53",4
"2018-08-05 17:43:52",4
"2018-08-05 18:43:52",4
"2018-08-05 19:43:53",4
"2018-08-05 20:43:52",4
"2018-08-05 21:43:53",4
"2018-08-05 22:43:52",4
"2018-08-05 23:43:53",4
"2018-08-06 00:43:52",4
"2018-08-06 01:43:51",4
"2018-08-06 02:43:52",4
"2018-08-06 03:43:52",4
"2018-08-06 04:43:52",4
"2018-08-06 05:43:51",4
"2018-08-06 06:43:51",4
"2018-08-06 07:43:52",4
"2018-08-06 08:43:52",4
"2018-08-06 09:43:52",4
"2018-08-06 10:43:52",4
"2018-08-06 11:43:51",4
"2018-08-06 12:43:52",4
"2018-08-06 13:43:56",4
"2018-08-06 14:43:54",4
"2018-08-06 15:43:53",4
"2018-08-06 16:44:17",4
"2018-08-06 17:43:54",4
"2018-08-06 18:43:54",4
"2018-08-06 19:43:53",4
"2018-08-06 20:43:53",4
"2018-08-06 21:43:55",4
"2018-08-06 22:43:53",4
"2018-08-06 23:43:53",4
"2018-08-07 00:43:53",4
"2018-08-07 01:43:53",4
"2018-08-07 02:43:54",4
"2018-08-07 03:43:55",4
"2018-08-07 04:43:54",4
"2018-08-07 05:43:53",4
"2018-08-07 06:43:53",4
"2018-08-07 07:43:53",4
"2018-08-07 08:43:52",4
"2018-08-07 09:43:52",4
"2018-08-07 10:43:52",4
"2018-08-07 11:43:53",4
"2018-08-07 12:43:53",4
"2018-08-07 13:44:00",4
"2018-08-07 14:43:54",4
"2018-08-07 15:43:54",4
"2018-08-07 16:43:53",5
"2018-08-07 17:43:55",5
"2018-08-07 18:43:54",5
"2018-08-07 19:43:55",5
"2018-08-07 20:43:54",5
"2018-08-07 21:43:54",5
"2018-08-07 22:43:53",5
"2018-08-07 23:43:53",5
"2018-08-08 00:43:53",5
"2018-08-08 01:43:55",5
"2018-08-08 02:43:54",5
"2018-08-08 03:43:54",5
"2018-08-08 04:43:53",5
"2018-08-08 05:43:54",5
"2018-08-08 06:43:54",5
"2018-08-08 07:43:54",5
"2018-08-08 08:43:54",5
"2018-08-08 09:43:54",5
"2018-08-08 10:43:54",5
"2018-08-08 11:43:54",5
"2018-08-08 12:43:54",5
"2018-08-08 13:43:57",5
"2018-08-08 14:43:54",5
"2018-08-08 15:43:55",4
"2018-08-08 16:43:55",4
"2018-08-08 17:43:54",4
"2018-08-08 18:43:53",4
"2018-08-08 19:43:54",4
"2018-08-08 20:43:53",4
"2018-08-08 21:43:52",4
"2018-08-08 22:43:52",4
"2018-08-08 23:43:53",4
"2018-08-10 00:22:10",4
"2018-08-10 00:43:57",4
"2018-08-10 01:43:58",4
"2018-08-10 02:43:57",4
"2018-08-10 03:43:54",4
"2018-08-10 04:43:57",4
"2018-08-10 05:44:00",4
"2018-08-10 06:43:57",4
"2018-08-10 07:43:58",4
"2018-08-10 08:43:58",4
"2018-08-10 09:43:57",4
"2018-08-10 10:43:57",4
"2018-08-10 11:43:57",4
"2018-08-10 12:43:56",4
"2018-08-10 13:44:01",4
"2018-08-10 14:43:59",4
"2018-08-10 15:43:58",4
"2018-08-10 16:43:59",4
"2018-08-10 17:43:58",4
"2018-08-10 18:43:57",4
"2018-08-10 19:43:57",4
"2018-08-10 20:43:58",4
"2018-08-10 21:43:58",4
"2018-08-10 22:43:57",4
"2018-08-10 23:43:58",4
"2018-08-11 00:43:57",4
"2018-08-11 01:43:58",4
"2018-08-11 02:43:58",4
"2018-08-11 03:43:58",4
"2018-08-11 04:43:57",4
"2018-08-11 05:43:58",4
"2018-08-11 06:43:57",4
"2018-08-11 07:43:57",4
"2018-08-11 08:43:56",4
"2018-08-11 09:43:57",4
"2018-08-11 10:43:57",4
"2018-08-11 11:43:57",4
"2018-08-11 12:43:56",4
"2018-08-11 13:43:57",4
"2018-08-11 14:43:57",4
"2018-08-11 15:43:58",4
"2018-08-11 16:43:57",4
"2018-08-11 17:43:57",4
"2018-08-11 18:43:58",4
"2018-08-11 19:43:57",4
"2018-08-11 20:43:57",4
"2018-08-11 21:43:58",4
"2018-08-11 22:43:57",4
"2018-08-11 23:43:57",4
"2018-08-12 00:43:58",4
"2018-08-12 01:43:57",4
"2018-08-12 02:43:57",4
"2018-08-12 03:43:56",4
"2018-08-12 04:43:58",4
"2018-08-12 05:43:57",4
"2018-08-12 06:43:56",4
"2018-08-12 07:43:56",4
"2018-08-12 08:43:56",4
"2018-08-12 09:43:56",4
"2018-08-12 10:43:56",4
"2018-08-12 11:43:56",4
"2018-08-12 12:43:57",4
"2018-08-12 13:43:58",4
"2018-08-12 14:43:58",4
"2018-08-12 15:43:59",4
"2018-08-12 16:43:58",4
"2018-08-12 17:43:57",4
"2018-08-12 18:43:57",4
"2018-08-12 19:43:57",4
"2018-08-12 20:43:58",4
"2018-08-12 21:43:57",4
"2018-08-12 22:43:57",4
"2018-08-12 23:43:57",4
"2018-08-13 00:43:57",4
"2018-08-13 01:43:57",4
"2018-08-13 02:43:58",4
"2018-08-13 03:43:57",4
"2018-08-13 04:43:58",4
"2018-08-13 05:43:56",4
"2018-08-13 06:43:57",4
"2018-08-13 07:43:57",4
"2018-08-13 08:43:58",4
"2018-08-13 09:43:58",4
"2018-08-13 10:43:57",4
"2018-08-13 11:43:57",4
"2018-08-13 12:43:57",4
"2018-08-13 13:44:00",4
"2018-08-13 14:43:59",4
"2018-08-13 15:44:00",4
"2018-08-13 16:43:59",4
"2018-08-13 17:43:57",4
"2018-08-13 18:43:58",4
"2018-08-13 19:43:59",4
"2018-08-13 20:43:58",4
"2018-08-13 21:43:58",4
"2018-08-13 22:43:57",4
"2018-08-13 23:43:57",4
"2018-08-14 00:43:58",4
"2018-08-14 01:43:59",4
"2018-08-14 02:43:58",4
"2018-08-14 03:43:57",4
"2018-08-14 04:43:58",4
"2018-08-14 05:43:57",4
"2018-08-14 06:43:58",4
"2018-08-14 07:43:58",4
"2018-08-14 08:43:58",4
"2018-08-14 09:43:57",4
"2018-08-14 10:43:58",4
"2018-08-14 11:43:57",4
"2018-08-14 12:43:57",4
"2018-08-14 13:43:59",4
"2018-08-14 14:43:58",4
"2018-08-14 15:43:59",4
"2018-08-14 16:43:58",4
"2018-08-14 17:43:56",4
"2018-08-14 18:43:58",4
"2018-08-14 19:43:58",4
"2018-08-14 20:43:58",4
"2018-08-14 21:43:57",4
"2018-08-14 22:43:57",4
"2018-08-14 23:43:57",4
"2018-08-15 00:43:58",4
"2018-08-15 01:43:58",4
"2018-08-15 02:43:59",4
"2018-08-15 03:43:58",4
"2018-08-15 04:43:58",4
"2018-08-15 05:43:57",4
"2018-08-15 06:43:59",4
"2018-08-15 07:43:56",4
"2018-08-15 08:43:58",4
"2018-08-15 09:43:58",4
"2018-08-15 10:43:58",4
"2018-08-15 11:43:58",4
"2018-08-15 12:43:57",4
"2018-08-15 14:09:33",4
"2018-08-15 14:43:58",4
"2018-08-15 15:43:59",4
"2018-08-15 16:44:00",4
"2018-08-15 17:43:57",4
"2018-08-15 18:43:57",4
"2018-08-15 19:43:57",4
"2018-08-15 20:43:57",4
"2018-08-15 21:43:57",4
"2018-08-15 22:43:57",4
"2018-08-15 23:43:58",4
"2018-08-16 00:43:58",4
"2018-08-16 01:43:57",4
"2018-08-16 02:43:59",4
"2018-08-16 03:43:59",4
"2018-08-16 04:43:58",4
"2018-08-16 05:43:57",4
"2018-08-16 06:43:57",4
"2018-08-16 07:43:58",4
"2018-08-16 08:43:57",4
"2018-08-16 09:43:57",4
"2018-08-16 10:43:58",4
"2018-08-16 11:43:56",4
"2018-08-16 12:43:56",4
"2018-08-16 13:44:00",4
"2018-08-16 14:43:58",4
"2018-08-16 15:43:59",4
"2018-08-16 16:43:58",4
"2018-08-16 17:43:57",4
"2018-08-16 18:43:57",4
"2018-08-16 19:43:58",4
"2018-08-16 20:43:57",4
"2018-08-16 21:43:57",4
"2018-08-16 22:43:56",4
"2018-08-16 23:43:56",4
"2018-08-17 00:43:57",4
"2018-08-17 01:43:57",4
"2018-08-17 02:43:58",4
"2018-08-17 03:43:58",4
"2018-08-17 04:43:58",4
"2018-08-17 05:43:56",4
"2018-08-17 06:43:56",4
"2018-08-17 07:43:56",4
"2018-08-17 08:43:57",4
"2018-08-17 09:43:56",4
"2018-08-17 10:43:56",4
"2018-08-17 11:43:56",4
"2018-08-17 12:43:56",4
"2018-08-17 13:44:00",4
"2018-08-17 14:43:58",4
"2018-08-17 15:43:59",4
"2018-08-17 16:43:57",4
"2018-08-17 17:43:56",4
"2018-08-17 18:43:57",4
"2018-08-17 19:43:57",4
"2018-08-17 20:44:40",4
"2018-08-17 21:43:56",4
"2018-08-17 22:43:56",4
"2018-08-17 23:43:56",4
"2018-08-18 00:43:57",4
"2018-08-18 01:43:57",4
"2018-08-18 02:43:57",4
"2018-08-18 03:43:57",4
"2018-08-18 04:43:56",4
"2018-08-18 05:43:56",4
"2018-08-18 06:43:57",4
"2018-08-18 07:43:56",4
"2018-08-18 08:43:56",4
"2018-08-18 09:43:56",4
"2018-08-18 10:43:55",4
"2018-08-18 11:43:56",4
"2018-08-18 12:43:58",4
"2018-08-18 13:43:58",4
"2018-08-18 14:43:57",4
"2018-08-18 15:43:57",4
"2018-08-18 16:43:57",4
"2018-08-18 17:43:57",4
"2018-08-18 18:43:56",4
"2018-08-18 19:43:57",4
"2018-08-18 20:43:57",4
"2018-08-18 21:43:56",4
"2018-08-18 22:43:56",4
"2018-08-18 23:43:56",4
"2018-08-19 00:43:56",4
"2018-08-19 01:43:56",4
"2018-08-19 02:43:57",4
"2018-08-19 03:43:56",4
"2018-08-19 04:43:57",4
"2018-08-19 05:43:56",4
"2018-08-19 06:43:56",4
"2018-08-19 07:43:57",4
"2018-08-19 08:43:56",4
"2018-08-19 09:43:55",4
"2018-08-19 10:43:56",4
"2018-08-19 11:43:56",4
"2018-08-19 12:43:57",4
"2018-08-19 13:43:56",4
"2018-08-19 14:43:56",4
"2018-08-19 15:43:57",4
"2018-08-19 16:43:55",4
"2018-08-19 17:43:57",4
"2018-08-19 18:43:57",4
"2018-08-19 19:43:57",4
"2018-08-19 20:43:58",4
"2018-08-19 21:43:58",4
"2018-08-19 22:43:57",4
"2018-08-19 23:43:56",4
"2018-08-20 00:43:57",4
"2018-08-20 01:43:57",4
"2018-08-20 02:43:57",4
"2018-08-20 03:43:56",4
"2018-08-20 04:43:57",4
"2018-08-20 05:43:56",4
"2018-08-20 06:43:57",4
"2018-08-20 07:43:56",4
"2018-08-20 08:44:00",4
"2018-08-20 09:43:56",4
"2018-08-20 10:43:56",4
"2018-08-20 11:43:57",4
"2018-08-20 12:43:56",4
"2018-08-20 13:44:02",4
"2018-08-20 14:44:00",4
"2018-08-20 15:43:59",4
"2018-08-20 16:43:59",4
"2018-08-20 17:43:57",4
"2018-08-20 18:43:57",4
"2018-08-20 19:43:57",4
"2018-08-20 20:43:57",4
"2018-08-20 21:43:56",4
"2018-08-20 22:43:56",4
"2018-08-20 23:43:56",4
"2018-08-21 00:43:57",4
"2018-08-21 01:43:57",4
"2018-08-21 02:43:57",4
"2018-08-21 03:43:57",4
"2018-08-21 04:43:57",4
"2018-08-21 05:43:56",4
"2018-08-21 06:43:57",4
"2018-08-21 07:43:56",4
"2018-08-21 08:43:57",4
"2018-08-21 09:43:56",4
"2018-08-21 10:43:57",4
"2018-08-21 11:43:56",4
"2018-08-21 12:43:56",4
"2018-08-21 13:44:01",4
"2018-08-21 14:43:59",4
"2018-08-21 15:43:58",4
"2018-08-21 16:43:57",4
"2018-08-21 17:43:56",4
"2018-08-21 18:43:57",4
"2018-08-21 19:43:58",4
"2018-08-21 20:43:57",4
"2018-08-21 21:43:56",4
"2018-08-21 22:43:57",4
"2018-08-21 23:43:57",4
"2018-08-22 00:43:57",4
"2018-08-22 01:43:57",4
"2018-08-22 02:43:58",4
"2018-08-22 03:43:58",4
"2018-08-22 04:43:58",4
"2018-08-22 05:43:57",4
"2018-08-22 06:43:56",4
"2018-08-22 07:43:57",4
"2018-08-22 08:43:56",4
"2018-08-22 09:43:57",4
"2018-08-22 10:43:56",4
"2018-08-22 11:43:57",4
"2018-08-22 12:43:56",4
"2018-08-22 13:44:04",4
"2018-08-22 14:43:58",4
"2018-08-22 15:43:57",4
"2018-08-22 16:43:58",4
"2018-08-22 17:43:57",4
"2018-08-22 18:43:58",4
"2018-08-22 19:43:58",4
"2018-08-22 20:43:55",4
"2018-08-22 21:43:56",4
"2018-08-22 22:43:57",4
"2018-08-22 23:43:57",4
"2018-08-23 00:43:57",4
"2018-08-23 01:43:58",4
"2018-08-23 02:43:57",4
"2018-08-23 03:43:58",4
"2018-08-23 04:43:58",4
"2018-08-23 05:43:57",4
"2018-08-23 06:43:56",4
"2018-08-23 07:43:57",4
"2018-08-23 08:43:57",4
"2018-08-23 09:43:56",4
"2018-08-23 10:43:55",4
"2018-08-23 11:43:56",4
"2018-08-23 12:43:57",4
"2018-08-23 13:44:02",4
"2018-08-23 14:43:57",4
"2018-08-23 15:43:58",4
"2018-08-23 16:43:59",4
"2018-08-23 17:43:56",4
"2018-08-23 18:43:59",4
"2018-08-23 19:43:58",4
"2018-08-23 20:43:58",4
"2018-08-23 21:43:56",4
"2018-08-23 22:43:57",4
"2018-08-23 23:43:57",4
"2018-08-24 00:43:57",4
"2018-08-24 01:43:58",4
"2018-08-24 02:43:57",4
"2018-08-24 03:43:56",4
"2018-08-24 20:02:17",4
"2018-08-24 20:43:58",4
"2018-08-24 21:43:57",4
"2018-08-24 22:43:57",4
"2018-08-24 23:43:57",4
"2018-08-25 00:43:57",4
"2018-08-25 01:43:57",4
"2018-08-25 02:43:58",4
"2018-08-25 03:43:57",4
"2018-08-25 04:43:57",4
"2018-08-25 05:43:57",4
"2018-08-25 06:43:56",4
"2018-08-25 07:43:55",4
"2018-08-25 08:43:57",4
"2018-08-25 09:43:56",4
"2018-08-25 10:43:57",4
"2018-08-25 11:43:56",4
"2018-08-25 12:43:57",4
"2018-08-25 13:43:58",4
"2018-08-25 14:43:57",4
"2018-08-25 15:43:57",4
"2018-08-25 16:43:57",4
"2018-08-25 17:43:58",4
"2018-08-25 18:43:58",4
"2018-08-25 19:43:57",4
"2018-08-25 20:43:57",4
"2018-08-25 21:43:57",4
"2018-08-25 22:43:58",4
"2018-08-25 23:43:57",4
"2018-08-26 00:43:58",4
"2018-08-26 01:43:57",4
"2018-08-26 02:43:59",4
"2018-08-26 03:43:57",4
"2018-08-26 04:43:56",4
"2018-08-26 05:43:56",4
"2018-08-26 06:43:57",4
"2018-08-26 07:43:57",4
"2018-08-26 08:43:56",4
"2018-08-26 09:43:56",4
"2018-08-26 10:43:57",4
"2018-08-26 11:43:57",4
"2018-08-26 12:43:57",4
"2018-08-26 13:43:57",4
"2018-08-26 14:43:56",4
"2018-08-26 15:43:56",4
"2018-08-26 16:43:57",4
"2018-08-26 17:43:56",4
"2018-08-26 18:43:56",4
"2018-08-26 19:43:57",4
"2018-08-26 20:43:57",4
"2018-08-26 21:43:56",4
"2018-08-26 22:43:57",4
"2018-08-26 23:43:57",4
"2018-08-27 00:43:57",4
"2018-08-27 01:43:57",4
"2018-08-27 02:43:57",4
"2018-08-27 03:43:57",4
"2018-08-27 04:43:57",4
"2018-08-27 05:43:58",4
"2018-08-27 06:43:57",4
"2018-08-27 07:43:56",4
"2018-08-27 08:43:57",4
"2018-08-27 09:43:56",4
"2018-08-27 10:43:56",4
"2018-08-27 11:43:55",4
"2018-08-27 12:43:56",4
"2018-08-27 14:08:02",4
"2018-08-27 14:43:59",4
"2018-08-27 15:43:58",4
"2018-08-27 16:43:59",4
"2018-08-27 17:43:58",4
"2018-08-27 18:43:58",4
"2018-08-27 19:43:59",4
"2018-08-27 20:43:57",4
"2018-08-27 21:43:57",4
"2018-08-27 22:43:57",4
"2018-08-27 23:43:57",4
"2018-08-28 00:43:57",4
"2018-08-28 01:43:58",4
"2018-08-28 02:43:56",4
"2018-08-28 03:43:56",4
"2018-08-28 04:43:58",4
"2018-08-28 05:43:57",4
"2018-08-28 06:43:57",4
"2018-08-28 07:43:57",4
"2018-08-28 08:43:56",4
"2018-08-28 09:43:57",4
"2018-08-28 10:43:57",4
"2018-08-28 11:43:57",4
"2018-08-28 12:43:57",4
"2018-08-28 13:44:14",4
"2018-08-28 14:44:10",4
"2018-08-28 15:44:09",4
"2018-08-28 16:44:10",4
"2018-08-28 17:44:10",4
"2018-08-28 18:44:12",4
"2018-08-28 19:44:09",4
"2018-08-28 20:44:09",4
"2018-08-28 21:44:09",4
"2018-08-28 22:44:10",4
"2018-08-28 23:44:09",4
"2018-08-29 00:44:10",4
"2018-08-29 01:44:10",4
"2018-08-29 02:44:09",4
"2018-08-29 03:44:09",4
"2018-08-29 04:44:09",4
"2018-08-29 05:44:08",4
"2018-08-29 06:44:07",4
"2018-08-29 07:44:09",4
"2018-08-29 08:44:08",4
"2018-08-29 09:44:08",4
"2018-08-29 10:44:07",4
"2018-08-29 11:44:07",4
"2018-08-29 12:44:09",4
"2018-08-29 14:07:47",5
"2018-08-29 14:44:11",5
"2018-08-29 15:44:10",5
"2018-08-29 16:44:09",5
"2018-08-29 17:44:12",5
"2018-08-29 18:44:13",5
"2018-08-29 19:44:10",5
"2018-08-29 20:44:08",5
"2018-08-29 21:44:08",5
"2018-08-29 22:44:08",5
"2018-08-29 23:44:08",5
"2018-08-30 00:44:54",5
"2018-08-30 01:44:53",5
"2018-08-30 02:44:09",5
"2018-08-30 03:44:09",5
"2018-08-30 04:44:08",5
"2018-08-30 05:44:09",5
"2018-08-30 06:44:09",5
"2018-08-30 07:44:08",5
"2018-08-30 08:44:13",5
"2018-08-30 09:44:09",5
"2018-08-30 10:44:09",5
"2018-08-30 11:44:08",5
"2018-08-30 12:44:08",5
"2018-08-30 13:44:16",5
"2018-08-30 14:44:10",5
"2018-08-30 15:44:09",5
"2018-08-30 16:44:09",5
"2018-08-30 17:44:09",5
"2018-08-30 18:44:11",5
"2018-08-30 19:44:10",5
"2018-08-30 20:44:07",5
"2018-08-30 21:44:08",5
"2018-08-30 22:44:08",5
"2018-08-30 23:44:08",5
"2018-08-31 00:44:10",5
"2018-08-31 01:44:09",5
"2018-08-31 02:44:08",5
"2018-08-31 03:44:09",5
"2018-08-31 04:44:09",5
"2018-08-31 05:44:09",5
"2018-08-31 06:44:09",5
"2018-08-31 07:44:08",5
"2018-08-31 08:44:08",5
"2018-08-31 09:44:09",5
"2018-08-31 10:44:08",5
"2018-08-31 11:44:10",5
"2018-08-31 12:44:09",5
"2018-08-31 13:44:14",5
"2018-08-31 14:44:10",5
"2018-08-31 15:44:10",5
"2018-08-31 16:44:08",5
"2018-08-31 17:44:10",5
"2018-08-31 18:44:10",5
"2018-08-31 19:44:10",5
"2018-08-31 20:44:10",5
"2018-08-31 21:44:08",5
"2018-08-31 22:44:08",5
"2018-08-31 23:44:08",5
"2018-09-01 00:44:09",5
"2018-09-01 01:44:09",5
"2018-09-01 02:44:09",5
"2018-09-01 03:44:08",5
"2018-09-01 04:44:10",5
"2018-09-01 05:44:09",5
"2018-09-01 06:44:09",5
"2018-09-01 07:44:09",5
"2018-09-01 08:44:09",5
"2018-09-01 09:44:08",5
"2018-09-01 10:44:08",5
"2018-09-01 11:44:09",5
"2018-09-01 12:44:09",5
"2018-09-01 13:44:10",5
"2018-09-01 14:44:11",5
"2018-09-01 15:44:09",5
"2018-09-01 16:44:08",5
"2018-09-01 17:44:08",5
"2018-09-01 18:44:09",5
"2018-09-01 19:44:08",5
"2018-09-01 20:44:08",5
"2018-09-01 21:44:08",5
"2018-09-01 22:44:09",5
"2018-09-01 23:44:09",5
"2018-09-02 00:44:10",5
"2018-09-02 01:44:09",5
"2018-09-02 02:44:09",5
"2018-09-02 03:44:10",5
"2018-09-02 04:44:09",5
"2018-09-02 05:44:09",5
"2018-09-02 06:44:09",5
"2018-09-02 07:44:08",5
"2018-09-02 08:44:08",5
"2018-09-02 09:44:07",5
"2018-09-02 10:44:08",5
"2018-09-02 11:44:09",5
"2018-09-02 12:44:08",5
"2018-09-02 13:44:09",5
"2018-09-02 14:44:10",5
"2018-09-02 15:44:09",5
"2018-09-02 16:44:09",5
"2018-09-02 17:44:09",5
"2018-09-02 18:44:08",5
"2018-09-02 19:44:08",5
"2018-09-02 20:44:08",5
"2018-09-02 21:44:09",5
"2018-09-02 22:44:09",5
"2018-09-02 23:44:10",5
"2018-09-03 00:44:08",5
"2018-09-03 01:44:09",5
"2018-09-03 02:44:10",5
"2018-09-03 03:44:09",5
"2018-09-03 04:44:09",5
"2018-09-03 05:44:09",5
"2018-09-03 06:44:08",5
"2018-09-03 07:44:08",5
"2018-09-03 08:44:12",5
"2018-09-03 09:44:09",5
"2018-09-03 10:44:08",5
"2018-09-03 11:44:09",5
"2018-09-03 12:44:08",5
"2018-09-03 13:44:09",5
"2018-09-03 14:44:08",5
"2018-09-03 15:44:07",5
"2018-09-03 16:44:08",5
"2018-09-03 17:44:08",5
"2018-09-03 18:44:09",5
"2018-09-03 19:44:07",5
"2018-09-03 20:44:09",5
"2018-09-03 21:44:08",5
"2018-09-03 22:44:09",5
"2018-09-03 23:44:07",5
"2018-09-04 00:44:09",5
"2018-09-04 01:44:09",5
"2018-09-04 02:44:09",5
"2018-09-04 03:44:09",5
"2018-09-04 04:44:08",5
"2018-09-04 05:44:09",5
"2018-09-04 06:44:08",5
"2018-09-04 07:44:10",5
"2018-09-04 08:44:09",5
"2018-09-04 09:44:08",5
"2018-09-04 10:44:09",5
"2018-09-04 11:44:07",5
"2018-09-04 12:44:09",5
"2018-09-04 13:44:16",5
"2018-09-04 14:44:10",5
"2018-09-04 15:44:10",5
"2018-09-04 16:44:13",5
"2018-09-04 17:44:10",5
"2018-09-04 18:44:11",5
"2018-09-04 19:44:12",5
"2018-09-04 20:44:10",5
"2018-09-04 21:44:08",5
"2018-09-04 22:44:09",5
"2018-09-04 23:44:09",5
"2018-09-05 00:44:09",5
"2018-09-05 01:44:09",5
"2018-09-05 02:44:09",5
"2018-09-05 03:44:07",5
"2018-09-05 04:44:08",5
"2018-09-05 05:44:08",5
"2018-09-05 06:44:08",5
"2018-09-05 07:44:09",5
"2018-09-05 08:44:08",5
"2018-09-05 09:44:08",5
"2018-09-05 10:44:07",5
"2018-09-05 11:44:12",5
"2018-09-05 12:44:07",5
"2018-09-05 13:44:21",5
"2018-09-05 14:44:14",5
"2018-09-05 15:44:10",5
"2018-09-05 16:44:10",5
"2018-09-05 17:44:11",5
"2018-09-05 18:44:12",5
"2018-09-05 19:44:11",5
"2018-09-05 20:44:08",5
"2018-09-05 21:44:08",5
"2018-09-05 22:44:08",5
"2018-09-05 23:44:09",5
"2018-09-06 00:44:09",5
"2018-09-06 01:44:09",5
"2018-09-06 02:44:09",5
"2018-09-06 03:44:09",5
"2018-09-06 04:44:10",5
"2018-09-06 05:44:10",5
"2018-09-06 06:44:08",5
"2018-09-06 07:44:08",5
"2018-09-06 08:44:09",5
"2018-09-06 09:44:08",5
"2018-09-06 10:44:08",5
"2018-09-06 11:44:09",5
"2018-09-06 13:09:14",5
"2018-09-06 13:44:17",5
"2018-09-06 14:44:11",5
"2018-09-06 15:44:11",5
"2018-09-06 16:44:11",5
"2018-09-06 17:44:10",5
"2018-09-06 18:44:10",5
"2018-09-06 19:44:10",5
"2018-09-06 20:44:09",5
"2018-09-06 21:44:08",5
"2018-09-06 22:44:09",5
"2018-09-06 23:44:11",5
"2018-09-07 00:44:10",5
"2018-09-07 01:44:10",5
"2018-09-07 02:44:11",5
"2018-09-07 03:44:10",5
"2018-09-07 04:44:10",5
"2018-09-07 05:44:14",5
"2018-09-07 06:44:14",5
"2018-09-07 08:44:13",5
"2018-09-07 09:44:13",5
"2018-09-07 10:44:12",5
"2018-09-07 11:44:11",5
"2018-09-07 12:44:10",5
"2018-09-07 13:44:17",5
"2018-09-07 14:44:10",4
"2018-09-07 15:44:12",4
"2018-09-07 16:44:12",4
"2018-09-07 17:44:11",4
"2018-09-07 18:44:09",4
"2018-09-07 19:44:10",4
"2018-09-07 20:44:09",4
"2018-09-07 21:44:09",4
"2018-09-07 22:44:09",4
"2018-09-07 23:44:09",4
"2018-09-08 00:44:10",4
"2018-09-08 01:44:09",4
"2018-09-08 02:44:10",4
"2018-09-08 03:44:10",4
"2018-09-08 04:44:09",4
"2018-09-08 05:44:10",4
"2018-09-08 06:44:10",4
"2018-09-08 07:44:08",4
"2018-09-08 08:44:09",4
"2018-09-08 09:44:08",4
"2018-09-08 10:44:08",4
"2018-09-08 11:44:09",4
"2018-09-08 12:44:10",4
"2018-09-08 13:44:11",4
"2018-09-08 14:44:09",4
"2018-09-08 15:44:10",4
"2018-09-08 16:44:10",4
"2018-09-08 17:44:10",4
"2018-09-08 18:44:10",4
"2018-09-08 19:44:10",4
"2018-09-08 20:44:09",4
"2018-09-08 21:44:09",4
"2018-09-08 22:44:10",4
"2018-09-08 23:44:11",4
"2018-09-09 00:44:09",4
"2018-09-09 01:44:11",4
"2018-09-09 02:44:10",4
"2018-09-09 03:44:10",4
"2018-09-09 04:44:09",4
"2018-09-09 05:44:09",4
"2018-09-09 06:44:09",4
"2018-09-09 07:44:09",4
"2018-09-09 08:44:10",4
"2018-09-09 09:44:10",4
"2018-09-09 10:44:09",4
"2018-09-09 11:44:10",4
"2018-09-09 12:44:10",4
"2018-09-09 13:44:10",4
"2018-09-09 14:44:11",4
"2018-09-09 15:44:09",4
"2018-09-09 16:44:09",4
"2018-09-09 17:44:10",4
"2018-09-09 18:44:10",4
"2018-09-09 19:44:10",4
"2018-09-09 20:44:09",4
"2018-09-09 21:44:10",4
"2018-09-09 22:44:09",4
"2018-09-09 23:44:10",4
"2018-09-10 00:44:11",4
"2018-09-10 01:44:11",4
"2018-09-10 02:44:11",4
"2018-09-10 03:44:10",4
"2018-09-10 04:44:10",4
"2018-09-10 05:44:09",4
"2018-09-10 06:44:09",4
"2018-09-10 07:44:08",4
"2018-09-10 08:44:09",4
"2018-09-10 09:44:09",4
"2018-09-10 10:44:08",4
"2018-09-10 11:44:08",4
"2018-09-10 12:44:09",4
"2018-09-10 13:44:15",4
"2018-09-10 14:44:11",4
"2018-09-10 15:44:12",4
"2018-09-10 16:44:11",4
"2018-09-10 17:44:10",4
"2018-09-10 18:44:13",4
"2018-09-10 19:44:11",4
"2018-09-10 20:44:09",4
"2018-09-10 21:44:07",4
"2018-09-10 22:44:09",4
"2018-09-10 23:44:09",4
"2018-09-11 00:44:09",4
"2018-09-11 01:44:09",4
"2018-09-11 02:44:10",4
"2018-09-11 03:44:10",4
"2018-09-11 04:44:09",4
"2018-09-11 05:44:10",4
"2018-09-11 06:44:09",4
"2018-09-11 07:44:09",4
"2018-09-11 08:44:09",4
"2018-09-11 09:44:08",4
"2018-09-11 10:44:08",4
"2018-09-11 11:44:07",4
"2018-09-11 12:44:10",4
"2018-09-11 13:44:15",4
"2018-09-11 14:44:11",4
"2018-09-11 15:44:11",4
"2018-09-11 16:44:10",4
"2018-09-11 17:44:11",4
"2018-09-11 18:44:11",4
"2018-09-11 19:44:11",4
"2018-09-11 20:44:09",4
"2018-09-11 21:44:09",4
"2018-09-11 22:44:08",4
"2018-09-11 23:44:10",4
"2018-09-12 00:44:10",4
"2018-09-12 01:44:12",4
"2018-09-12 20:44:13",4
"2018-09-12 21:44:10",4
"2018-09-12 22:44:09",4
"2018-09-12 23:44:09",4
"2018-09-13 00:44:09",4
"2018-09-13 01:44:10",4
"2018-09-13 02:44:14",4
"2018-09-13 03:44:10",4
"2018-09-13 04:44:09",4
"2018-09-13 05:44:10",4
"2018-09-13 06:44:12",4
"2018-09-13 07:44:10",4
"2018-09-13 08:44:10",4
"2018-09-13 09:44:08",4
"2018-09-13 10:44:09",4
"2018-09-13 11:44:09",4
"2018-09-13 12:44:10",4
"2018-09-13 14:44:12",4
"2018-09-13 15:44:12",4
"2018-09-13 16:44:11",4
"2018-09-13 17:44:10",4
"2018-09-13 18:44:11",4
"2018-09-13 19:44:11",4
"2018-09-13 20:44:09",4
"2018-09-13 21:44:09",4
"2018-09-13 22:44:10",4
"2018-09-13 23:44:10",4
"2018-09-14 00:44:10",4
"2018-09-14 01:44:10",4
"2018-09-14 02:44:11",4
"2018-09-14 03:44:10",4
"2018-09-14 04:44:11",4
"2018-09-14 05:44:10",4
"2018-09-14 06:44:09",4
"2018-09-14 07:44:13",4
"2018-09-14 08:44:13",4
"2018-09-14 09:44:11",4
"2018-09-14 10:44:10",4
"2018-09-14 11:44:09",4
"2018-09-14 12:44:12",4
"2018-09-14 13:44:19",4
"2018-09-14 14:44:16",4
"2018-09-14 15:44:17",4
"2018-09-14 16:44:13",4
"2018-09-14 17:44:14",4
"2018-09-14 18:44:12",4
"2018-09-14 19:44:11",4
"2018-09-14 20:44:10",4
"2018-09-14 21:44:10",4
"2018-09-14 22:44:10",4
"2018-09-14 23:44:10",4
"2018-09-15 00:44:11",4
"2018-09-15 01:44:11",4
"2018-09-15 02:44:12",4
"2018-09-15 03:44:11",4
"2018-09-15 04:44:10",4
"2018-09-15 05:44:10",4
"2018-09-15 06:44:09",4
"2018-09-15 07:44:11",4
"2018-09-15 08:44:09",4
"2018-09-15 09:44:10",4
"2018-09-15 10:44:10",4
"2018-09-15 11:44:10",4
"2018-09-15 12:44:12",4
"2018-09-15 13:44:11",4
"2018-09-15 14:44:10",4
"2018-09-15 15:44:11",4
"2018-09-15 16:44:10",4
"2018-09-15 17:44:09",4
"2018-09-15 18:44:10",4
"2018-09-15 19:44:11",4
"2018-09-15 20:44:11",4
"2018-09-15 21:44:10",4
"2018-09-15 22:44:10",4
"2018-09-15 23:44:09",4
"2018-09-16 00:44:10",4
"2018-09-16 01:44:10",4
"2018-09-16 02:44:12",4
"2018-09-16 03:44:10",4
"2018-09-16 04:44:11",4
"2018-09-16 05:44:10",4
"2018-09-16 06:44:11",4
"2018-09-16 07:44:10",4
"2018-09-16 08:44:10",4
"2018-09-16 09:44:10",4
"2018-09-16 10:44:09",4
"2018-09-16 11:44:10",4
"2018-09-16 12:44:10",4
"2018-09-16 13:44:10",4
"2018-09-16 14:44:10",4
"2018-09-16 15:44:11",4
"2018-09-16 16:44:11",4
"2018-09-16 17:44:10",4
"2018-09-16 18:44:11",4
"2018-09-16 19:44:10",4
"2018-09-16 20:44:11",4
"2018-09-16 21:44:10",4
"2018-09-16 22:44:10",4
"2018-09-16 23:44:10",4
"2018-09-17 00:44:11",4
"2018-09-17 01:44:11",4
"2018-09-17 02:44:10",4
"2018-09-17 03:44:11",4
"2018-09-17 04:44:11",4
"2018-09-17 05:44:10",4
"2018-09-17 06:44:10",4
"2018-09-17 07:44:11",4
"2018-09-17 08:44:11",4
"2018-09-17 09:44:10",4
"2018-09-17 10:44:10",4
"2018-09-17 11:44:10",4
"2018-09-17 12:44:09",4
"2018-09-17 13:44:17",4
"2018-09-17 14:44:12",4
"2018-09-17 15:44:18",4
"2018-09-17 16:44:13",4
"2018-09-17 17:44:10",4
"2018-09-17 18:44:11",4
"2018-09-17 19:44:11",4
"2018-09-17 20:44:11",4
"2018-09-17 21:44:10",4
"2018-09-17 22:44:10",4
"2018-09-17 23:44:10",4
"2018-09-18 00:44:10",4
"2018-09-18 01:44:10",4
"2018-09-18 02:44:11",4
"2018-09-18 03:44:11",4
"2018-09-18 04:44:12",4
"2018-09-18 05:44:11",4
"2018-09-18 06:44:11",4
"2018-09-18 07:44:10",4
"2018-09-18 08:44:11",4
"2018-09-18 09:44:10",4
"2018-09-18 10:44:10",4
"2018-09-18 11:44:09",4
"2018-09-18 12:44:10",4
"2018-09-18 13:44:15",4
"2018-09-18 14:44:12",4
"2018-09-18 15:44:11",4
"2018-09-18 16:44:13",4
"2018-09-18 17:44:13",4
"2018-09-18 18:44:17",4
"2018-09-18 19:44:15",4
"2018-09-18 20:44:11",4
"2018-09-18 21:44:10",4
"2018-09-18 22:44:10",4
"2018-09-18 23:44:11",4
"2018-09-19 00:44:13",4
"2018-09-19 01:44:11",4
"2018-09-19 02:44:12",4
"2018-09-19 03:44:11",4
"2018-09-19 04:44:10",4
"2018-09-19 05:44:10",4
"2018-09-19 06:44:12",4
"2018-09-19 07:44:10",4
"2018-09-19 08:44:10",4
"2018-09-19 09:44:10",4
"2018-09-19 10:44:10",4
"2018-09-19 11:44:09",4
"2018-09-19 12:44:10",4
"2018-09-19 13:45:05",4
"2018-09-19 14:44:17",4
"2018-09-19 15:44:16",4
"2018-09-19 16:44:12",4
"2018-09-19 17:44:12",4
"2018-09-19 18:44:12",4
"2018-09-19 19:44:21",4
"2018-09-19 20:44:11",4
"2018-09-19 21:44:11",4
"2018-09-19 22:44:10",4
"2018-09-19 23:44:11",4
"2018-09-20 00:44:11",4
"2018-09-20 01:44:15",4
"2018-09-20 02:44:13",4
"2018-09-20 03:44:15",4
"2018-09-20 04:44:11",4
"2018-09-20 05:44:11",4
"2018-09-20 06:44:11",4
"2018-09-20 07:44:09",4
"2018-09-20 08:44:14",4
"2018-09-20 09:44:56",4
"2018-09-20 10:44:11",4
"2018-09-20 11:44:11",4
"2018-09-20 13:10:17",4
"2018-09-20 14:44:17",4
"2018-09-20 15:44:14",4
"2018-09-20 16:44:12",4
"2018-09-20 17:44:12",4
"2018-09-20 18:44:12",4
"2018-09-20 19:44:13",4
"2018-09-20 20:44:12",4
"2018-09-20 21:44:10",4
"2018-09-20 22:44:10",4
"2018-09-20 23:44:11",4
"2018-09-21 00:44:12",4
"2018-09-21 01:44:11",4
"2018-09-21 02:44:12",4
"2018-09-21 03:44:11",4
"2018-09-21 04:44:13",4
"2018-09-21 05:44:42",4
"2018-09-21 06:44:11",4
"2018-09-21 07:44:12",4
"2018-09-21 08:44:11",4
"2018-09-21 09:44:11",4
"2018-09-21 10:44:10",4
"2018-09-21 11:44:11",4
"2018-09-21 13:11:46",4
"2018-09-21 13:44:19",4
"2018-09-21 14:44:14",4
"2018-09-21 15:44:14",4
"2018-09-21 16:44:14",4
"2018-09-21 17:44:14",4
"2018-09-21 18:44:43",4
"2018-09-21 19:44:15",4
"2018-09-21 20:44:10",4
"2018-09-21 21:44:10",4
"2018-09-21 22:44:09",4
"2018-09-21 23:44:11",4
"2018-09-22 00:44:10",4
"2018-09-22 01:44:10",4
"2018-09-22 02:44:10",4
"2018-09-22 03:44:11",4
"2018-09-22 04:44:11",4
"2018-09-22 05:44:11",4
"2018-09-22 06:44:10",4
"2018-09-22 07:44:10",4
"2018-09-22 08:44:09",4
"2018-09-22 09:44:10",4
"2018-09-22 10:44:10",4
"2018-09-22 11:44:11",4
"2018-09-22 12:44:10",4
"2018-09-22 13:44:11",4
"2018-09-22 14:44:12",4
"2018-09-22 15:44:11",4
"2018-09-22 16:44:11",4
"2018-09-22 17:44:11",4
"2018-09-22 18:44:11",4
"2018-09-22 19:44:11",4
"2018-09-22 20:44:11",4
"2018-09-22 21:44:10",4
"2018-09-22 22:44:10",4
"2018-09-22 23:44:11",4
"2018-09-23 00:44:11",4
"2018-09-23 01:44:11",4
"2018-09-23 02:44:10",4
"2018-09-23 03:44:12",4
"2018-09-23 04:44:12",4
"2018-09-23 05:44:10",4
"2018-09-23 06:44:10",4
"2018-09-23 07:44:11",4
"2018-09-23 08:44:10",4
"2018-09-23 09:44:10",4
"2018-09-23 10:44:10",4
"2018-09-23 11:44:12",4
"2018-09-23 12:44:10",4
"2018-09-23 13:44:11",4
"2018-09-23 14:44:11",4
"2018-09-23 15:44:11",4
"2018-09-23 16:44:11",4
"2018-09-23 17:44:10",4
"2018-09-23 18:44:11",4
"2018-09-23 19:44:11",4
"2018-09-23 20:44:10",4
"2018-09-23 21:44:12",4
"2018-09-23 22:44:11",4
"2018-09-23 23:44:11",4
"2018-09-24 00:44:10",4
"2018-09-24 01:44:12",4
"2018-09-24 02:44:11",4
"2018-09-24 03:44:11",4
"2018-09-24 04:44:12",4
"2018-09-24 05:44:10",4
"2018-09-24 06:44:10",4
"2018-09-24 07:44:11",4
"2018-09-24 08:44:10",4
"2018-09-24 09:44:10",4
"2018-09-24 10:44:09",4
"2018-09-24 11:44:11",4
"2018-09-24 12:44:11",4
"2018-09-24 13:44:20",4
"2018-09-24 14:44:13",4
"2018-09-24 15:44:12",4
"2018-09-24 16:44:12",4
"2018-09-24 17:44:12",4
"2018-09-24 18:44:13",4
"2018-09-24 19:44:14",4
"2018-09-24 20:44:13",4
"2018-09-24 21:44:11",4
"2018-09-24 22:44:12",4
"2018-09-24 23:44:12",4
"2018-09-25 00:44:13",4
"2018-09-25 01:44:11",4
"2018-09-25 02:44:11",4
"2018-09-25 03:44:11",4
"2018-09-25 04:44:14",4
"2018-09-25 05:44:11",4
"2018-09-25 06:44:12",4
"2018-09-25 07:44:11",4
"2018-09-25 08:44:12",4
"2018-09-25 09:44:11",4
"2018-09-25 10:44:10",4
"2018-09-25 11:44:11",4
"2018-09-25 12:44:11",4
"2018-09-25 13:44:18",4
"2018-09-25 14:44:15",4
"2018-09-25 15:44:13",4
"2018-09-25 16:44:14",4
"2018-09-25 17:44:13",4
"2018-09-25 18:44:13",4
"2018-09-25 19:44:14",4
"2018-09-25 20:44:12",4
"2018-09-25 21:44:12",4
"2018-09-25 22:44:12",4
"2018-09-25 23:44:13",4
"2018-09-26 00:44:15",4
"2018-09-26 01:44:17",4
"2018-09-26 02:44:16",4
"2018-09-26 03:44:15",4
"2018-09-26 04:44:13",4
"2018-09-26 05:44:13",4
"2018-09-26 06:44:12",4
"2018-09-26 07:44:12",4
"2018-09-26 08:44:13",4
"2018-09-26 09:44:12",4
"2018-09-26 10:44:11",4
"2018-09-26 11:44:11",4
"2018-09-26 13:10:47",4
"2018-09-26 13:44:20",4
"2018-09-26 14:44:14",3
"2018-09-26 15:44:14",3
"2018-09-26 16:44:15",3
"2018-09-26 17:44:13",3
"2018-09-26 18:44:15",3
"2018-09-26 19:44:13",3
"2018-09-26 20:44:13",3
"2018-09-26 21:44:12",3
"2018-09-26 22:44:12",3
"2018-09-26 23:44:13",3
"2018-09-27 00:44:14",3
"2018-09-27 01:44:12",3
"2018-09-27 02:44:14",3
"2018-09-27 03:44:13",3
"2018-09-27 04:44:12",3
"2018-09-27 05:44:12",3
"2018-09-27 06:44:13",3
"2018-09-27 07:44:12",3
"2018-09-27 08:44:12",3
"2018-09-27 09:44:12",3
"2018-09-27 10:44:12",3
"2018-09-27 11:44:12",3
"2018-09-27 12:44:12",3
"2018-09-27 13:44:17",3
"2018-09-27 14:44:14",3
"2018-09-27 15:44:14",4
"2018-09-27 17:09:56",4
"2018-09-27 17:44:15",4
"2018-09-27 18:44:18",4
"2018-09-27 19:44:15",4
"2018-09-27 20:44:14",4
"2018-09-27 21:44:13",4
"2018-09-27 22:44:13",4
"2018-09-27 23:44:15",4
"2018-09-28 00:44:15",4
"2018-09-28 01:44:14",4
"2018-09-28 02:44:12",4
"2018-09-28 03:44:14",4
"2018-09-28 04:44:13",4
"2018-09-28 05:44:13",4
"2018-09-28 06:44:13",4
"2018-09-28 07:44:14",4
"2018-09-28 08:44:13",4
"2018-09-28 09:44:14",4
"2018-09-28 10:44:14",4
"2018-09-28 11:44:14",4
"2018-09-28 12:44:14",4
"2018-09-28 13:44:19",4
"2018-09-28 14:44:16",4
"2018-09-28 15:44:20",4
"2018-09-28 16:44:16",4
"2018-09-28 17:44:17",4
"2018-09-28 18:44:17",4
"2018-09-28 19:44:18",4
"2018-09-28 20:44:14",4
"2018-09-28 21:44:14",4
"2018-09-28 22:44:14",4
"2018-09-28 23:44:12",4
"2018-09-29 00:44:12",4
"2018-09-29 01:44:16",4
"2018-09-29 02:44:20",4
"2018-09-29 03:44:14",4
"2018-09-29 04:44:13",4
"2018-09-29 05:44:12",4
"2018-09-29 06:44:12",4
"2018-09-29 07:44:13",4
"2018-09-29 08:44:13",4
"2018-09-29 09:44:13",4
"2018-09-29 10:44:13",4
"2018-09-29 11:44:14",4
"2018-09-29 12:44:13",4
"2018-09-29 13:44:14",4
"2018-09-29 14:44:14",4
"2018-09-29 15:44:15",4
"2018-09-29 16:44:12",4
"2018-09-29 17:44:13",4
"2018-09-29 18:44:14",4
"2018-09-29 19:44:13",4
"2018-09-29 20:44:13",4
"2018-09-29 21:44:13",4
"2018-09-29 22:44:13",4
"2018-09-29 23:44:12",4
"2018-09-30 00:44:13",4
"2018-09-30 01:44:13",4
"2018-09-30 02:44:11",4
"2018-09-30 03:44:13",4
"2018-09-30 04:44:13",4
"2018-09-30 05:44:11",4
"2018-09-30 06:44:12",4
"2018-09-30 07:44:11",4
"2018-09-30 08:44:12",4
"2018-09-30 09:44:11",4
"2018-09-30 10:44:12",4
"2018-09-30 11:44:11",4
"2018-09-30 12:44:12",4
"2018-09-30 13:44:12",4
"2018-09-30 14:44:11",4
"2018-09-30 15:44:12",4
"2018-09-30 16:44:12",4
"2018-09-30 17:44:11",4
"2018-09-30 18:44:12",4
"2018-09-30 19:44:13",4
"2018-09-30 20:44:12",4
"2018-09-30 21:44:11",4
"2018-09-30 22:44:13",4
"2018-09-30 23:44:14",4
"2018-10-01 00:44:15",4
"2018-10-01 01:44:13",4
"2018-10-01 02:44:15",4
"2018-10-01 03:44:14",4
"2018-10-01 04:44:13",4
"2018-10-01 05:44:14",4
"2018-10-01 06:44:13",4
"2018-10-01 07:44:13",4
"2018-10-01 08:44:14",4
"2018-10-01 09:44:12",4
"2018-10-01 10:44:10",4
"2018-10-01 11:44:11",4
"2018-10-01 12:44:12",4
"2018-10-01 14:09:30",4
"2018-10-01 14:44:16",4
"2018-10-01 15:44:13",4
"2018-10-01 16:44:14",4
"2018-10-01 17:44:18",3
"2018-10-01 18:44:13",3
"2018-10-01 19:44:15",3
"2018-10-01 20:44:12",3
"2018-10-01 21:44:12",3
"2018-10-01 22:44:11",3
"2018-10-01 23:44:14",3
"2018-10-02 00:44:17",3
"2018-10-02 01:44:13",3
"2018-10-02 02:44:13",3
"2018-10-02 03:44:13",3
"2018-10-02 04:44:14",3
"2018-10-02 05:44:12",3
"2018-10-02 06:44:13",3
"2018-10-02 07:44:13",3
"2018-10-02 08:44:12",3
"2018-10-02 09:44:12",3
"2018-10-02 10:44:11",3
"2018-10-02 11:44:13",3
"2018-10-02 12:44:12",3
"2018-10-02 13:44:17",3
"2018-10-02 14:44:16",3
"2018-10-02 15:44:15",3
"2018-10-02 16:44:14",3
"2018-10-02 17:44:13",3
"2018-10-02 18:44:14",3
"2018-10-02 19:44:14",3
"2018-10-02 20:44:14",3
"2018-10-02 21:44:13",3
"2018-10-02 22:44:12",3
"2018-10-02 23:44:13",3
"2018-10-03 00:44:12",3
"2018-10-03 01:44:11",3
"2018-10-03 02:44:44",3
"2018-10-03 03:44:14",3
"2018-10-03 04:44:17",3
"2018-10-03 05:44:15",3
"2018-10-03 06:44:12",3
"2018-10-03 07:44:14",3
"2018-10-03 08:44:14",3
"2018-10-03 09:44:14",3
"2018-10-03 10:44:14",3
"2018-10-03 11:44:15",3
"2018-10-03 12:44:13",3
"2018-10-03 13:45:27",3
"2018-10-03 15:09:21",3
"2018-10-03 15:44:15",3
"2018-10-03 16:44:16",3
"2018-10-03 17:44:15",3
"2018-10-03 18:44:15",3
"2018-10-03 19:44:13",3
"2018-10-03 20:44:12",3
"2018-10-03 21:44:13",3
"2018-10-03 22:44:14",3
"2018-10-03 23:44:12",3
"2018-10-04 00:44:13",3
"2018-10-04 01:44:14",3
"2018-10-04 02:44:12",3
"2018-10-04 03:44:11",3
"2018-10-04 04:44:12",3
"2018-10-04 05:44:12",3
"2018-10-04 06:44:11",3
"2018-10-04 07:44:12",3
"2018-10-04 08:44:10",3
"2018-10-04 09:44:11",3
"2018-10-04 10:44:12",3
"2018-10-04 11:44:11",3
"2018-10-04 12:44:12",3
"2018-10-04 14:10:25",3
"2018-10-04 14:44:15",3
"2018-10-04 15:44:14",3
"2018-10-04 16:44:17",3
"2018-10-04 17:44:16",3
"2018-10-04 18:44:15",3
"2018-10-04 19:44:16",3
"2018-10-04 20:44:14",3
"2018-10-04 21:44:14",3
"2018-10-04 22:44:13",3
"2018-10-04 23:44:13",3
"2018-10-05 00:44:14",3
"2018-10-05 01:44:14",3
"2018-10-05 02:44:13",3
"2018-10-05 03:44:14",3
"2018-10-05 04:44:15",3
"2018-10-05 05:44:15",3
"2018-10-05 06:44:14",3
"2018-10-05 07:44:13",3
"2018-10-05 08:44:12",3
"2018-10-05 09:44:14",3
"2018-10-05 10:44:13",3
"2018-10-05 11:44:12",3
"2018-10-05 12:44:13",3
"2018-10-05 13:44:21",3
"2018-10-05 14:44:15",4
"2018-10-05 15:44:17",4
"2018-10-05 16:44:19",5
"2018-10-05 17:44:18",5
"2018-10-05 18:44:18",5
"2018-10-05 19:44:15",5
"2018-10-05 20:44:13",5
"2018-10-05 21:44:13",5
"2018-10-05 22:44:13",5
"2018-10-05 23:44:12",5
"2018-10-06 00:44:14",5
"2018-10-06 01:44:14",5
"2018-10-06 02:44:15",5
"2018-10-06 03:44:14",5
"2018-10-06 04:44:14",5
"2018-10-06 05:44:14",5
"2018-10-06 06:44:15",5
"2018-10-06 07:44:14",5
"2018-10-06 08:44:13",5
"2018-10-06 09:44:13",5
"2018-10-06 10:44:14",5
"2018-10-06 11:44:13",5
"2018-10-06 12:44:13",5
"2018-10-06 13:44:13",5
"2018-10-06 14:44:14",5
"2018-10-06 15:44:14",5
"2018-10-06 16:44:14",5
"2018-10-06 17:44:13",5
"2018-10-06 18:44:14",5
"2018-10-06 19:44:15",5
"2018-10-06 20:44:13",5
"2018-10-06 21:44:14",5
"2018-10-06 22:44:13",5
"2018-10-06 23:44:14",5
"2018-10-07 00:44:13",5
"2018-10-07 01:44:14",5
"2018-10-07 02:44:14",5
"2018-10-07 03:44:14",5
"2018-10-07 04:44:14",5
"2018-10-07 05:44:15",5
"2018-10-07 06:44:14",5
"2018-10-07 07:44:15",5
"2018-10-07 08:44:13",5
"2018-10-07 09:44:13",5
"2018-10-07 10:44:13",5
"2018-10-07 11:44:12",5
"2018-10-07 12:44:13",5
"2018-10-07 13:44:14",5
"2018-10-07 14:44:15",5
"2018-10-07 15:44:14",5
"2018-10-07 16:44:14",5
"2018-10-07 17:44:14",5
"2018-10-07 18:44:14",5
"2018-10-07 19:44:14",5
"2018-10-07 20:44:14",5
"2018-10-07 21:44:14",5
"2018-10-07 22:44:14",5
"2018-10-07 23:44:14",5
"2018-10-08 00:44:13",5
"2018-10-08 01:44:13",5
"2018-10-08 02:44:15",5
"2018-10-08 03:44:13",5
"2018-10-08 04:44:13",5
"2018-10-08 05:44:13",5
"2018-10-08 06:44:14",5
"2018-10-08 07:44:12",5
"2018-10-08 08:44:12",5
"2018-10-08 09:44:12",5
"2018-10-08 10:44:12",5
"2018-10-08 11:44:12",5
"2018-10-08 12:44:13",5
"2018-10-08 13:44:23",5
"2018-10-08 14:44:17",5
"2018-10-08 15:44:47",4
"2018-10-08 16:44:17",4
"2018-10-08 17:44:16",4
"2018-10-08 18:44:15",4
"2018-10-08 19:44:15",4
"2018-10-08 20:44:13",4
"2018-10-08 21:44:13",4
"2018-10-08 22:44:12",4
"2018-10-08 23:44:14",4
"2018-10-09 00:44:12",4
"2018-10-09 01:44:43",4
"2018-10-09 02:44:12",4
"2018-10-09 03:44:18",4
"2018-10-09 04:44:12",4
"2018-10-09 05:44:12",4
"2018-10-09 06:44:12",4
"2018-10-09 07:44:12",4
"2018-10-09 08:44:11",4
"2018-10-09 09:44:11",4
"2018-10-09 10:44:12",4
"2018-10-09 11:44:12",4
"2018-10-09 12:44:12",4
"2018-10-09 13:44:20",4
"2018-10-09 14:44:17",4
"2018-10-09 15:44:15",4
"2018-10-09 16:44:13",4
"2018-10-09 17:44:12",4
"2018-10-09 18:44:13",4
"2018-10-09 19:44:11",4
"2018-10-09 21:44:10",4
"2018-10-09 22:44:13",4
"2018-10-09 23:44:12",4
"2018-10-10 00:44:12",4
"2018-10-10 01:44:12",4
"2018-10-10 02:44:13",4
"2018-10-10 03:44:19",4
"2018-10-10 04:44:13",4
"2018-10-10 05:44:13",4
"2018-10-10 06:44:12",4
"2018-10-10 07:44:13",4
"2018-10-10 08:44:13",4
"2018-10-10 09:44:12",4
"2018-10-10 10:44:12",4
"2018-10-10 11:44:12",4
"2018-10-10 12:44:12",4
"2018-10-10 13:44:19",4
"2018-10-10 14:44:16",4
"2018-10-10 15:44:16",4
"2018-10-10 16:44:13",4
"2018-10-10 17:44:13",4
"2018-10-10 18:44:18",4
"2018-10-10 19:44:20",4
"2018-10-10 20:44:15",4
"2018-10-10 21:44:12",4
"2018-10-10 22:44:13",4
"2018-10-10 23:44:13",4
"2018-10-11 00:44:15",4
"2018-10-11 01:44:13",4
"2018-10-11 02:44:12",4
"2018-10-11 03:44:11",4
"2018-10-11 04:44:11",4
"2018-10-11 05:44:11",4
"2018-10-11 06:44:12",4
"2018-10-11 07:44:10",4
"2018-10-11 08:44:12",4
"2018-10-11 09:44:12",4
"2018-10-11 10:44:13",4
"2018-10-11 11:44:12",4
"2018-10-11 12:44:11",4
"2018-10-11 13:44:17",4
"2018-10-11 14:44:12",4
"2018-10-11 15:44:14",4
"2018-10-11 16:44:16",4
"2018-10-11 17:44:14",4
"2018-10-11 18:44:18",4
"2018-10-11 19:44:14",4
"2018-10-11 20:44:13",4
"2018-10-11 21:44:13",4
"2018-10-11 22:44:12",4
"2018-10-11 23:44:14",4
"2018-10-12 00:44:12",4
"2018-10-12 01:44:12",4
"2018-10-12 02:44:14",4
"2018-10-12 03:44:12",4
"2018-10-12 04:44:13",4
"2018-10-12 05:44:11",4
"2018-10-12 06:44:11",4
"2018-10-12 07:44:11",4
"2018-10-12 08:44:11",4
"2018-10-12 09:44:13",4
"2018-10-12 10:44:12",4
"2018-10-12 11:44:12",4
"2018-10-12 12:44:13",4
"2018-10-12 13:44:21",4
"2018-10-12 14:44:13",4
"2018-10-12 15:44:15",4
"2018-10-12 16:44:17",4
"2018-10-12 17:44:13",4
"2018-10-12 18:44:12",4
"2018-10-12 19:44:14",4
"2018-10-12 20:44:12",4
"2018-10-12 21:44:12",4
"2018-10-12 22:44:12",4
"2018-10-12 23:44:12",4
"2018-10-13 00:44:12",4
"2018-10-13 01:44:13",4
"2018-10-13 02:44:13",4
"2018-10-13 03:44:13",4
"2018-10-13 04:44:13",4
"2018-10-13 05:44:11",4
"2018-10-13 06:44:12",4
"2018-10-13 07:44:13",4
"2018-10-13 08:44:13",4
"2018-10-13 09:44:13",4
"2018-10-13 10:44:12",4
"2018-10-13 11:44:11",4
"2018-10-13 12:44:12",4
"2018-10-13 13:44:12",4
"2018-10-13 14:44:13",4
"2018-10-13 15:44:12",4
"2018-10-13 16:44:12",4
"2018-10-13 17:44:12",4
"2018-10-13 18:44:12",4
"2018-10-13 19:44:13",4
"2018-10-13 20:44:13",4
"2018-10-13 21:44:13",4
"2018-10-13 22:44:15",4
"2018-10-13 23:44:13",4
"2018-10-14 00:44:14",4
"2018-10-14 01:44:13",4
"2018-10-14 02:44:12",4
"2018-10-14 03:44:12",4
"2018-10-14 04:44:13",4
"2018-10-14 05:44:11",4
"2018-10-14 06:44:12",4
"2018-10-14 07:44:12",4
"2018-10-14 08:44:11",4
"2018-10-14 09:44:12",4
"2018-10-14 10:44:12",4
"2018-10-14 11:44:12",4
"2018-10-14 12:44:13",4
"2018-10-14 13:44:11",4
"2018-10-14 14:44:12",4
"2018-10-14 15:44:13",4
"2018-10-14 16:44:11",4
"2018-10-14 17:44:11",4
"2018-10-14 18:44:12",4
"2018-10-14 19:44:12",4
"2018-10-14 20:44:11",4
"2018-10-14 21:44:13",4
"2018-10-14 22:44:12",4
"2018-10-14 23:44:12",4
"2018-10-15 00:44:14",4
"2018-10-15 01:44:12",4
"2018-10-15 02:44:11",4
"2018-10-15 03:44:13",4
"2018-10-15 04:44:11",4
"2018-10-15 05:44:12",4
"2018-10-15 06:44:13",4
"2018-10-15 07:44:13",4
"2018-10-15 08:44:25",4
"2018-10-15 09:44:12",4
"2018-10-15 10:44:12",4
"2018-10-15 11:44:11",4
"2018-10-15 12:44:11",4
"2018-10-15 13:44:18",4
"2018-10-15 14:44:14",4
"2018-10-15 15:44:15",4
"2018-10-15 16:44:16",4
"2018-10-15 17:44:15",4
"2018-10-15 18:44:13",4
"2018-10-15 19:44:15",4
"2018-10-15 20:44:16",4
"2018-10-15 21:44:15",4
"2018-10-15 22:44:13",4
"2018-10-15 23:44:14",4
"2018-10-16 00:44:15",4
"2018-10-16 01:44:16",4
"2018-10-16 02:44:13",4
"2018-10-16 03:44:13",4
"2018-10-16 04:44:14",4
"2018-10-16 09:44:11",4
"2018-10-16 10:44:13",4
"2018-10-16 11:44:11",4
"2018-10-16 12:44:12",4
"2018-10-16 13:44:19",4
"2018-10-16 14:44:16",4
"2018-10-16 15:44:17",4
"2018-10-16 16:44:13",4
"2018-10-16 17:44:16",4
"2018-10-16 18:44:18",4
"2018-10-16 19:44:16",4
"2018-10-16 20:44:14",4
"2018-10-16 21:44:13",4
"2018-10-16 22:44:14",4
"2018-10-16 23:44:14",4
"2018-10-17 00:44:14",4
"2018-10-17 01:44:14",4
"2018-10-17 02:44:14",4
"2018-10-17 03:44:13",4
"2018-10-17 04:44:13",4
"2018-10-17 05:44:14",4
"2018-10-17 06:44:13",4
"2018-10-17 07:44:13",4
"2018-10-17 08:44:13",4
"2018-10-17 09:44:13",4
"2018-10-17 10:44:12",4
"2018-10-17 11:44:12",4
"2018-10-17 12:44:13",4
"2018-10-17 14:10:18",4
"2018-10-17 14:44:14",4
"2018-10-17 15:44:16",4
"2018-10-17 16:44:15",4
"2018-10-17 17:44:16",4
"2018-10-17 18:44:15",4
"2018-10-17 19:44:15",4
"2018-10-17 20:44:15",4
"2018-10-17 21:44:14",4
"2018-10-17 22:44:13",4
"2018-10-17 23:44:13",4
"2018-10-18 00:44:14",4
"2018-10-18 01:44:14",4
"2018-10-18 02:44:14",4
"2018-10-18 03:44:15",4
"2018-10-18 04:44:11",4
"2018-10-18 05:44:12",4
"2018-10-18 06:44:11",4
"2018-10-18 07:44:11",4
"2018-10-18 08:44:11",4
"2018-10-18 09:44:11",4
"2018-10-18 10:44:12",4
"2018-10-18 11:44:10",4
"2018-10-18 13:09:15",4
"2018-10-18 13:44:17",4
"2018-10-18 14:44:16",4
"2018-10-18 15:44:17",4
"2018-10-18 16:44:15",4
"2018-10-18 17:44:14",4
"2018-10-18 18:44:13",4
"2018-10-18 19:44:14",4
"2018-10-18 20:44:14",4
"2018-10-18 21:44:14",4
"2018-10-18 22:44:13",4
"2018-10-18 23:44:12",4
"2018-10-19 00:44:14",4
"2018-10-19 01:44:15",4
"2018-10-19 02:44:14",4
"2018-10-19 03:44:14",4
"2018-10-19 04:44:13",4
"2018-10-19 05:44:12",4
"2018-10-19 06:44:13",4
"2018-10-19 07:44:14",4
"2018-10-19 08:44:12",4
"2018-10-19 09:44:12",4
"2018-10-19 10:44:12",4
"2018-10-19 11:44:13",4
"2018-10-19 13:08:48",4
"2018-10-19 13:44:20",4
"2018-10-19 14:44:14",4
"2018-10-19 15:44:16",4
"2018-10-19 16:44:14",4
"2018-10-19 17:44:13",4
"2018-10-19 18:44:14",4
"2018-10-19 19:44:15",4
"2018-10-19 20:44:15",4
"2018-10-19 21:44:13",4
"2018-10-19 22:44:13",4
"2018-10-19 23:44:42",4
"2018-10-20 00:44:13",4
"2018-10-20 01:44:15",4
"2018-10-20 02:44:12",4
"2018-10-20 03:44:12",4
"2018-10-20 04:44:13",4
"2018-10-20 05:44:14",4
"2018-10-20 06:44:14",4
"2018-10-20 07:44:12",4
"2018-10-20 08:44:13",4
"2018-10-20 09:44:12",4
"2018-10-20 10:44:13",4
"2018-10-20 11:44:13",4
"2018-10-20 12:44:13",4
"2018-10-20 13:44:14",4
"2018-10-20 14:44:16",4
"2018-10-20 15:44:15",4
"2018-10-20 16:44:14",4
"2018-10-20 17:44:13",4
"2018-10-20 18:44:13",4
"2018-10-20 19:44:14",4
"2018-10-20 20:44:14",4
"2018-10-20 21:44:15",4
"2018-10-20 22:44:13",4
"2018-10-20 23:44:13",4
"2018-10-21 00:44:14",4
"2018-10-21 01:44:14",4
"2018-10-21 02:44:13",4
"2018-10-21 03:44:14",4
"2018-10-21 04:44:13",4
"2018-10-21 05:44:13",4
"2018-10-21 06:44:12",4
"2018-10-21 07:44:18",4
"2018-10-21 08:44:13",4
"2018-10-21 09:44:12",4
"2018-10-21 10:44:11",4
"2018-10-21 11:44:12",4
"2018-10-21 12:44:12",4
"2018-10-21 13:44:18",4
"2018-10-21 14:44:16",4
"2018-10-21 15:44:15",4
"2018-10-21 16:44:13",4
"2018-10-21 17:44:14",4
"2018-10-21 18:44:14",4
"2018-10-21 19:44:13",4
"2018-10-21 20:44:13",4
"2018-10-21 21:44:13",4
"2018-10-21 22:44:14",4
"2018-10-21 23:44:13",4
"2018-10-22 00:44:16",4
"2018-10-22 01:44:17",4
"2018-10-22 02:44:16",4
"2018-10-22 03:44:16",4
"2018-10-22 04:44:16",4
"2018-10-22 05:44:14",4
"2018-10-22 06:44:14",4
"2018-10-22 07:44:17",4
"2018-10-22 08:44:13",4
"2018-10-22 09:44:14",4
"2018-10-22 10:44:14",4
"2018-10-22 11:44:14",4
"2018-10-22 12:44:15",4
"2018-10-22 13:44:18",4
"2018-10-22 14:44:18",4
"2018-10-22 15:44:16",4
"2018-10-22 16:44:14",4
"2018-10-22 17:44:15",4
"2018-10-22 18:44:12",4
"2018-10-22 19:44:15",4
"2018-10-22 20:44:14",4
"2018-10-22 21:44:15",4
"2018-10-22 22:44:14",4
"2018-10-22 23:44:14",4
"2018-10-23 00:44:15",4
"2018-10-23 01:44:14",4
"2018-10-23 02:44:14",4
"2018-10-23 03:44:13",4
"2018-10-23 04:44:13",4
"2018-10-23 05:44:13",4
"2018-10-23 06:44:13",4
"2018-10-23 07:44:16",4
"2018-10-23 08:44:12",4
"2018-10-23 09:44:13",4
"2018-10-23 10:44:13",4
"2018-10-23 11:44:13",4
"2018-10-23 12:44:12",4
"2018-10-23 13:44:18",4
"2018-10-23 14:44:15",4
"2018-10-23 15:44:13",4
"2018-10-23 16:44:14",4
"2018-10-23 17:44:14",4
"2018-10-23 18:44:15",4
"2018-10-23 19:44:14",4
"2018-10-23 20:44:13",4
"2018-10-23 21:44:14",4
"2018-10-23 22:44:13",4
"2018-10-23 23:44:13",4
"2018-10-24 00:44:13",4
"2018-10-24 01:44:14",4
"2018-10-24 02:44:15",4
"2018-10-24 03:44:14",4
"2018-10-24 04:44:15",4
"2018-10-24 05:44:15",4
"2018-10-24 06:44:16",4
"2018-10-24 07:44:14",4
"2018-10-24 08:44:14",4
"2018-10-24 09:44:13",4
"2018-10-24 10:44:13",4
"2018-10-24 11:44:13",4
"2018-10-24 12:44:12",4
"2018-10-24 13:44:17",4
"2018-10-24 14:44:16",4
"2018-10-24 15:44:16",4
"2018-10-24 16:44:14",4
"2018-10-24 17:44:13",4
"2018-10-24 18:44:15",4
"2018-10-24 19:44:14",4
"2018-10-24 20:44:17",4
"2018-10-24 21:44:15",4
"2018-10-24 22:44:14",4
"2018-10-24 23:44:12",4
"2018-10-25 00:44:13",4
"2018-10-25 01:44:14",4
"2018-10-25 02:44:14",4
"2018-10-25 03:44:13",4
"2018-10-25 04:44:14",4
"2018-10-25 05:44:14",4
"2018-10-25 06:44:14",4
"2018-10-25 07:44:14",4
"2018-10-25 08:44:14",4
"2018-10-25 09:44:13",4
"2018-10-25 10:44:14",4
"2018-10-25 11:44:15",4
"2018-10-25 14:10:24",4
"2018-10-25 14:44:18",4
"2018-10-25 15:44:17",4
"2018-10-25 16:44:15",4
"2018-10-25 17:44:16",4
"2018-10-25 18:44:17",4
"2018-10-25 19:44:14",4
"2018-10-25 20:44:14",4
"2018-10-25 21:44:15",4
"2018-10-25 22:44:14",4
"2018-10-25 23:44:16",4
"2018-10-26 00:44:14",4
"2018-10-26 01:44:14",4
"2018-10-26 02:44:16",4
"2018-10-26 03:44:17",4
"2018-10-26 04:44:17",4
"2018-10-26 05:44:13",4
"2018-10-26 06:44:13",4
"2018-10-26 07:44:13",4
"2018-10-26 08:44:12",4
"2018-10-26 09:44:13",4
"2018-10-26 10:44:13",4
"2018-10-26 11:44:13",4
"2018-10-26 12:44:13",4
"2018-10-26 13:44:15",4
"2018-10-26 14:44:16",4
"2018-10-26 15:44:16",4
"2018-10-26 16:44:15",4
"2018-10-26 17:44:15",4
"2018-10-26 18:44:14",4
"2018-10-26 19:44:14",4
"2018-10-26 20:44:14",4
"2018-10-26 21:44:14",4
"2018-10-26 22:44:14",4
"2018-10-26 23:44:13",4
"2018-10-27 00:44:13",4
"2018-10-27 01:44:14",4
"2018-10-27 02:44:13",4
"2018-10-27 03:44:13",4
"2018-10-27 04:44:13",4
"2018-10-27 05:44:14",4
"2018-10-27 06:44:14",4
"2018-10-27 07:44:14",4
"2018-10-27 08:44:15",4
"2018-10-27 09:44:14",4
"2018-10-27 10:44:14",4
"2018-10-27 11:44:14",4
"2018-10-27 12:44:14",4
"2018-10-27 13:44:13",4
"2018-10-27 14:44:14",4
"2018-10-27 15:44:15",4
"2018-10-27 16:44:14",4
"2018-10-27 17:44:14",4
"2018-10-27 18:44:13",4
"2018-10-27 19:44:14",4
"2018-10-27 20:44:14",4
"2018-10-27 21:44:14",4
"2018-10-27 22:44:13",4
"2018-10-27 23:44:13",4
"2018-10-28 00:44:14",4
"2018-10-28 01:44:14",4
"2018-10-28 02:44:13",4
"2018-10-28 03:44:14",4
"2018-10-28 04:44:13",4
"2018-10-28 05:44:14",4
"2018-10-28 06:44:14",4
"2018-10-28 07:44:13",4
"2018-10-28 08:44:13",4
"2018-10-28 09:44:14",4
"2018-10-28 10:44:13",4
"2018-10-28 11:44:13",4
"2018-10-28 12:44:12",4
"2018-10-28 13:44:14",4
"2018-10-28 14:44:13",4
"2018-10-28 15:44:13",4
"2018-10-28 16:44:14",4
"2018-10-28 17:44:13",4
"2018-10-28 18:44:13",4
"2018-10-28 19:44:12",4
"2018-10-28 20:44:13",4
"2018-10-28 21:44:13",4
"2018-10-28 22:44:13",4
"2018-10-28 23:44:13",4
"2018-10-29 00:44:13",4
"2018-10-29 01:44:14",4
"2018-10-29 02:44:14",4
"2018-10-29 03:44:12",4
"2018-10-29 04:44:14",4
"2018-10-29 05:44:13",4
"2018-10-29 06:44:14",4
"2018-10-29 07:44:13",4
"2018-10-29 08:44:14",4
"2018-10-29 09:44:13",4
"2018-10-29 10:44:13",4
"2018-10-29 11:44:13",4
"2018-10-29 12:44:13",4
"2018-10-29 13:44:18",4
"2018-10-29 14:44:16",4
"2018-10-29 15:44:13",4
"2018-10-29 16:44:15",4
"2018-10-29 17:44:14",4
"2018-10-29 18:44:14",4
"2018-10-29 19:44:15",4
"2018-10-29 20:44:14",4
"2018-10-29 21:44:14",4
"2018-10-29 22:44:15",4
"2018-10-29 23:44:14",4
"2018-10-30 00:44:14",4
"2018-10-30 01:44:13",4
"2018-10-30 02:44:15",4
"2018-10-30 03:44:14",4
"2018-10-30 04:44:15",4
"2018-10-30 05:44:13",4
"2018-10-30 06:44:13",4
"2018-10-30 07:44:12",4
"2018-10-30 08:44:13",4
"2018-10-30 09:44:14",4
"2018-10-30 10:44:14",4
"2018-10-30 11:44:14",4
"2018-10-30 12:44:13",4
"2018-10-30 13:44:18",4
"2018-10-30 14:44:18",4
"2018-10-30 15:44:17",4
"2018-10-30 16:44:15",4
"2018-10-30 17:44:13",4
"2018-10-30 18:44:14",4
"2018-10-30 19:44:14",4
"2018-10-30 20:44:14",4
"2018-10-30 21:44:14",4
"2018-10-30 22:44:14",4
"2018-10-30 23:44:13",4
"2018-10-31 00:44:14",4
"2018-10-31 01:44:16",4
"2018-10-31 02:44:15",4
"2018-10-31 03:44:13",4
"2018-10-31 04:44:14",4
"2018-10-31 05:44:14",4
"2018-10-31 06:44:13",4
"2018-10-31 07:44:12",4
"2018-10-31 08:44:14",4
"2018-10-31 09:44:13",4
"2018-10-31 10:44:13",4
"2018-10-31 11:44:14",4
"2018-10-31 12:44:15",4
"2018-10-31 14:10:50",4
"2018-10-31 14:44:15",4
"2018-10-31 15:44:15",4
"2018-10-31 16:44:15",4
"2018-10-31 17:44:13",4
"2018-10-31 18:44:14",4
"2018-10-31 19:44:14",4
"2018-10-31 20:44:13",4
"2018-10-31 21:44:13",4
"2018-10-31 22:44:13",4
"2018-10-31 23:44:14",4
"2018-11-01 00:44:13",4
"2018-11-01 01:44:13",4
"2018-11-01 02:44:13",4
"2018-11-01 03:44:13",4
"2018-11-01 04:44:13",4
"2018-11-01 05:44:13",4
"2018-11-01 06:44:14",4
"2018-11-01 07:44:13",4
"2018-11-01 08:44:14",4
"2018-11-01 09:44:14",4
"2018-11-01 10:44:15",4
"2018-11-01 11:44:13",4
"2018-11-01 12:44:13",4
"2018-11-01 13:44:15",4
"2018-11-01 14:44:19",4
"2018-11-01 15:44:18",4
"2018-11-01 16:44:16",4
"2018-11-01 17:44:15",4
"2018-11-01 18:44:17",4
"2018-11-01 19:44:18",4
"2018-11-01 20:44:18",4
"2018-11-01 21:44:16",4
"2018-11-01 22:44:15",4
"2018-11-01 23:44:14",4
"2018-11-02 00:44:14",4
"2018-11-02 01:44:14",4
"2018-11-02 02:44:15",4
"2018-11-02 03:44:17",4
"2018-11-02 04:44:14",4
"2018-11-02 05:44:14",4
"2018-11-02 06:44:14",4
"2018-11-02 07:44:14",4
"2018-11-02 08:44:14",4
"2018-11-02 09:44:15",4
"2018-11-02 10:44:13",4
"2018-11-02 11:44:12",4
"2018-11-02 12:44:14",4
"2018-11-02 14:08:50",4
"2018-11-02 14:44:18",4
"2018-11-02 15:44:16",4
"2018-11-02 16:44:17",4
"2018-11-02 17:44:17",4
"2018-11-02 18:44:14",4
"2018-11-02 19:44:15",4
"2018-11-02 20:44:16",4
"2018-11-02 21:44:15",4
"2018-11-02 22:44:15",4
"2018-11-02 23:44:15",4
"2018-11-03 00:44:16",4
"2018-11-03 01:44:14",4
"2018-11-03 02:44:17",4
"2018-11-03 03:44:14",4
"2018-11-03 04:44:14",4
"2018-11-03 05:44:14",4
"2018-11-03 06:44:13",4
"2018-11-03 07:44:13",4
"2018-11-03 08:44:14",4
"2018-11-03 09:44:15",4
"2018-11-03 10:44:13",4
"2018-11-03 11:44:14",4
"2018-11-03 12:44:14",4
"2018-11-03 13:44:13",4
"2018-11-03 14:44:14",4
"2018-11-03 15:44:14",4
"2018-11-03 16:44:14",4
"2018-11-03 17:44:21",4
"2018-11-03 18:44:18",4
"2018-11-03 19:44:15",4
"2018-11-03 20:44:14",4
"2018-11-03 21:45:17",4
"2018-11-03 22:44:14",4
"2018-11-03 23:44:15",4
"2018-11-04 00:44:15",4
"2018-11-04 01:44:15",4
"2018-11-04 02:44:15",4
"2018-11-04 03:44:15",4
"2018-11-04 04:44:16",4
"2018-11-04 05:44:14",4
"2018-11-04 06:44:15",4
"2018-11-04 07:44:14",4
"2018-11-04 08:44:15",4
"2018-11-04 09:44:13",4
"2018-11-04 10:44:13",4
"2018-11-04 11:44:14",4
"2018-11-04 12:44:14",4
"2018-11-04 13:44:14",4
"2018-11-04 14:44:14",4
"2018-11-04 15:44:14",4
"2018-11-04 16:44:14",4
"2018-11-04 17:44:14",4
"2018-11-04 18:44:15",4
"2018-11-04 19:44:15",4
"2018-11-04 20:44:13",4
"2018-11-04 21:44:13",4
"2018-11-04 22:44:15",4
"2018-11-04 23:44:15",4
"2018-11-05 00:44:14",4
"2018-11-05 01:44:14",4
"2018-11-05 02:44:13",4
"2018-11-05 03:44:16",4
"2018-11-05 04:44:16",4
"2018-11-05 05:44:16",4
"2018-11-05 06:44:13",4
"2018-11-05 07:44:17",4
"2018-11-05 08:44:14",4
"2018-11-05 09:44:14",4
"2018-11-05 10:44:14",4
"2018-11-05 11:44:13",4
"2018-11-05 12:44:13",4
"2018-11-05 13:44:14",4
"2018-11-05 14:44:21",4
"2018-11-05 15:44:16",4
"2018-11-05 16:44:19",4
"2018-11-05 17:44:14",4
"2018-11-05 18:44:13",4
"2018-11-05 19:44:14",4
"2018-11-05 20:44:16",4
"2018-11-05 21:44:17",4
"2018-11-05 22:44:17",4
"2018-11-05 23:44:14",4
"2018-11-06 00:44:13",4
"2018-11-06 01:44:14",4
"2018-11-06 02:44:14",4
"2018-11-06 03:44:16",4
"2018-11-06 04:44:15",4
"2018-11-06 05:44:15",4
"2018-11-06 06:44:14",4
"2018-11-06 07:44:16",4
"2018-11-06 08:44:15",4
"2018-11-06 09:44:15",4
"2018-11-06 10:44:16",4
"2018-11-06 11:44:15",4
"2018-11-06 12:44:15",4
"2018-11-06 13:44:16",4
"2018-11-06 14:44:23",4
"2018-11-06 15:44:22",4
"2018-11-06 16:44:20",4
"2018-11-06 17:44:26",4
"2018-11-06 18:44:20",4
"2018-11-06 19:44:17",4
"2018-11-06 20:44:19",4
"2018-11-06 21:44:17",4
"2018-11-06 22:44:19",4
"2018-11-06 23:44:17",4
"2018-11-07 00:44:18",4
"2018-11-07 01:44:16",4
"2018-11-07 02:44:18",4
"2018-11-07 03:44:17",4
"2018-11-07 04:44:16",4
"2018-11-07 05:44:16",4
"2018-11-07 06:44:16",4
"2018-11-07 07:44:17",4
"2018-11-07 08:44:16",4
"2018-11-07 09:44:15",4
"2018-11-07 10:44:16",4
"2018-11-07 11:44:16",4
"2018-11-07 12:44:17",4
"2018-11-07 13:44:16",4
"2018-11-07 14:44:23",4
"2018-11-07 15:44:18",4
"2018-11-07 16:44:17",4
"2018-11-07 17:44:21",4
"2018-11-07 18:44:20",4
"2018-11-07 19:44:20",4
"2018-11-07 20:44:20",4
"2018-11-07 21:44:17",4
"2018-11-07 22:44:18",4
"2018-11-07 23:44:17",4
"2018-11-08 00:44:16",4
"2018-11-08 01:44:17",4
"2018-11-08 02:44:16",4
"2018-11-08 03:44:17",4
"2018-11-08 04:44:17",4
"2018-11-08 05:44:17",4
"2018-11-08 06:44:29",4
"2018-11-08 07:44:17",4
"2018-11-08 08:44:17",4
"2018-11-08 09:44:16",4
"2018-11-08 10:44:16",4
"2018-11-08 11:44:16",4
"2018-11-08 12:44:17",4
"2018-11-08 13:44:16",4
"2018-11-08 14:44:21",4
"2018-11-08 15:44:20",4
"2018-11-08 16:44:20",4
"2018-11-08 17:44:17",4
"2018-11-08 18:44:16",4
"2018-11-08 19:44:17",4
"2018-11-08 20:44:21",4
"2018-11-08 21:44:19",4
"2018-11-08 22:44:17",4
"2018-11-08 23:44:16",4
"2018-11-09 00:44:17",4
"2018-11-09 01:44:17",4
"2018-11-09 02:44:18",4
"2018-11-09 03:44:18",4
"2018-11-09 04:44:18",4
"2018-11-09 05:44:18",4
"2018-11-09 06:44:16",4
"2018-11-09 07:44:17",4
"2018-11-09 08:44:16",4
"2018-11-09 09:44:16",4
"2018-11-09 10:44:15",4
"2018-11-09 11:44:16",4
"2018-11-09 12:44:17",4
"2018-11-09 13:44:15",4
"2018-11-09 15:08:20",4
"2018-11-09 15:44:19",4
"2018-11-09 16:44:19",4
"2018-11-09 17:44:18",4
"2018-11-09 18:44:17",4
"2018-11-09 19:44:31",4
"2018-11-09 20:44:20",4
"2018-11-09 21:44:18",4
"2018-11-09 22:44:18",4
"2018-11-09 23:44:16",4
"2018-11-10 00:44:17",4
"2018-11-10 01:44:18",4
"2018-11-10 02:44:16",4
"2018-11-10 03:44:17",4
"2018-11-10 04:44:17",4
"2018-11-10 05:44:16",4
"2018-11-10 06:44:16",4
"2018-11-10 07:44:16",4
"2018-11-10 08:44:16",4
"2018-11-10 09:44:17",4
"2018-11-10 10:44:15",4
"2018-11-10 11:44:17",4
"2018-11-10 12:44:16",4
"2018-11-10 13:44:16",4
"2018-11-10 14:44:16",4
"2018-11-10 15:44:20",4
"2018-11-10 16:44:17",4
"2018-11-10 17:44:18",4
"2018-11-10 18:44:19",4
"2018-11-10 19:44:19",4
"2018-11-10 20:44:17",4
"2018-11-10 21:44:17",4
"2018-11-10 22:44:18",4
"2018-11-10 23:44:17",4
"2018-11-11 00:44:18",4
"2018-11-11 01:44:18",4
"2018-11-11 02:44:16",4
"2018-11-11 03:44:18",4
"2018-11-11 04:44:16",4
"2018-11-11 05:44:18",4
"2018-11-11 06:44:16",4
"2018-11-11 07:44:18",4
"2018-11-11 08:44:16",4
"2018-11-11 09:44:18",4
"2018-11-11 10:44:18",4
"2018-11-11 11:44:16",4
"2018-11-11 12:44:17",4
"2018-11-11 13:44:16",4
"2018-11-11 14:44:18",4
"2018-11-11 15:44:18",4
"2018-11-11 16:44:17",4
"2018-11-11 17:44:17",4
"2018-11-11 18:44:17",4
"2018-11-11 19:44:16",4
"2018-11-11 20:44:18",4
"2018-11-11 21:44:16",4
"2018-11-11 22:44:17",4
"2018-11-11 23:44:16",4
"2018-11-12 00:44:18",4
"2018-11-12 01:44:15",4
"2018-11-12 02:44:17",4
"2018-11-12 03:44:18",4
"2018-11-12 04:44:17",4
"2018-11-12 05:44:18",4
"2018-11-12 06:44:18",4
"2018-11-12 07:44:17",4
"2018-11-12 08:44:18",4
"2018-11-12 09:44:17",4
"2018-11-12 10:44:17",4
"2018-11-12 11:44:18",4
"2018-11-12 12:44:16",4
"2018-11-12 13:44:17",4
"2018-11-12 14:44:20",4
"2018-11-12 15:44:17",4
"2018-11-12 16:44:19",4
"2018-11-12 17:44:16",4
"2018-11-12 18:44:17",4
"2018-11-12 19:44:19",4
"2018-11-12 20:44:18",4
"2018-11-12 21:44:17",4
"2018-11-12 22:45:02",4
"2018-11-12 23:44:16",4
"2018-11-13 00:44:18",4
"2018-11-13 01:44:17",4
"2018-11-13 02:44:18",4
"2018-11-13 03:44:18",4
"2018-11-13 04:44:17",4
"2018-11-13 05:44:16",4
"2018-11-13 06:44:17",4
"2018-11-13 07:44:18",4
"2018-11-13 08:44:19",4
"2018-11-13 09:44:17",4
"2018-11-13 10:44:18",4
"2018-11-13 11:44:18",4
"2018-11-13 12:44:17",4
"2018-11-13 13:44:16",4
"2018-11-13 14:44:21",4
"2018-11-13 15:44:18",4
"2018-11-13 16:44:17",4
"2018-11-13 17:44:18",4
"2018-11-13 18:44:16",4
"2018-11-13 19:44:17",4
"2018-11-13 20:44:17",4
"2018-11-13 21:44:17",4
"2018-11-13 22:44:16",4
"2018-11-13 23:44:17",4
"2018-11-14 00:44:16",4
"2018-11-14 01:44:17",4
"2018-11-14 02:44:16",4
"2018-11-14 03:44:17",4
"2018-11-14 04:44:16",4
"2018-11-14 05:44:17",4
"2018-11-14 06:44:17",4
"2018-11-14 07:44:17",4
"2018-11-14 08:44:17",4
"2018-11-14 09:44:17",4
"2018-11-14 10:44:17",4
"2018-11-14 11:44:19",4
"2018-11-14 12:44:17",4
"2018-11-14 13:44:17",4
"2018-11-14 14:44:20",4
"2018-11-14 15:44:19",4
"2018-11-14 16:44:20",4
"2018-11-14 17:44:19",4
"2018-11-14 18:44:21",4
"2018-11-14 19:44:19",4
"2018-11-14 20:44:19",4
"2018-11-14 21:44:20",4
"2018-11-14 22:44:20",4
"2018-11-14 23:44:18",4
"2018-11-15 00:44:17",4
"2018-11-15 01:44:18",4
"2018-11-15 02:44:17",4
"2018-11-15 03:44:17",4
"2018-11-15 04:44:18",4
"2018-11-15 05:44:18",4
"2018-11-15 06:44:16",4
"2018-11-15 07:44:16",4
"2018-11-15 08:44:16",4
"2018-11-15 09:44:17",4
"2018-11-15 10:44:17",4
"2018-11-15 11:44:17",4
"2018-11-15 12:44:16",4
"2018-11-15 13:44:17",4
"2018-11-15 14:44:19",4
"2018-11-15 15:44:19",4
"2018-11-15 16:44:17",4
"2018-11-15 17:44:21",4
"2018-11-15 18:44:18",4
"2018-11-15 19:44:16",4
"2018-11-15 20:44:20",4
"2018-11-15 21:44:22",4
"2018-11-15 22:44:20",4
"2018-11-15 23:44:17",4
"2018-11-16 00:44:17",4
"2018-11-16 01:44:17",4
"2018-11-16 02:44:16",4
"2018-11-16 03:44:17",4
"2018-11-16 04:44:17",4
"2018-11-16 05:44:16",4
"2018-11-16 06:44:18",4
"2018-11-16 07:44:18",4
"2018-11-16 08:44:17",4
"2018-11-16 09:44:17",4
"2018-11-16 10:44:17",4
"2018-11-16 11:44:16",4
"2018-11-16 12:44:16",4
"2018-11-16 13:44:16",4
"2018-11-16 14:44:20",4
"2018-11-16 15:44:17",4
"2018-11-16 16:44:17",4
"2018-11-16 17:44:16",4
"2018-11-16 18:44:16",4
"2018-11-16 19:44:16",4
"2018-11-16 20:44:25",4
"2018-11-16 21:44:18",4
"2018-11-16 22:44:18",4
"2018-11-16 23:44:18",4
"2018-11-17 00:44:18",4
"2018-11-17 01:44:16",4
"2018-11-17 02:44:15",4
"2018-11-17 03:44:20",4
"2018-11-17 04:44:16",4
"2018-11-17 05:44:17",4
"2018-11-17 06:44:18",4
"2018-11-17 07:44:14",4
"2018-11-17 08:44:16",4
"2018-11-17 09:44:16",4
"2018-11-17 10:44:16",4
"2018-11-17 11:44:16",4
"2018-11-17 12:44:16",4
"2018-11-17 13:44:16",4
"2018-11-17 14:44:19",4
"2018-11-17 15:44:17",4
"2018-11-17 16:44:15",4
"2018-11-17 17:44:18",4
"2018-11-17 18:44:16",4
"2018-11-17 19:44:16",4
"2018-11-17 20:44:15",4
"2018-11-17 21:44:16",4
"2018-11-17 22:44:15",4
"2018-11-17 23:44:16",4
"2018-11-18 00:44:15",4
"2018-11-18 01:44:16",4
"2018-11-18 02:44:16",4
"2018-11-18 03:44:17",4
"2018-11-18 04:44:15",4
"2018-11-18 05:44:15",4
"2018-11-18 06:44:16",4
"2018-11-18 07:44:15",4
"2018-11-18 08:44:15",4
"2018-11-18 09:44:16",4
"2018-11-18 10:44:15",4
"2018-11-18 11:44:15",4
"2018-11-18 12:44:15",4
"2018-11-18 13:44:15",4
"2018-11-18 14:44:16",4
"2018-11-18 15:44:16",4
"2018-11-18 16:44:15",4
"2018-11-18 17:44:16",4
"2018-11-18 18:44:16",4
"2018-11-18 19:44:15",4
"2018-11-18 20:44:16",4
"2018-11-18 21:44:15",4
"2018-11-18 22:44:16",4
"2018-11-18 23:44:16",4
"2018-11-19 00:44:16",4
"2018-11-19 01:44:16",4
"2018-11-19 02:44:16",4
"2018-11-19 03:44:16",4
"2018-11-19 04:44:15",4
"2018-11-19 05:44:15",4
"2018-11-19 06:44:15",4
"2018-11-19 07:44:16",4
"2018-11-19 08:44:15",4
"2018-11-19 09:44:15",4
"2018-11-19 10:44:17",4
"2018-11-19 12:44:16",4
"2018-11-19 13:44:16",4
"2018-11-19 14:44:18",4
"2018-11-19 15:44:15",4
"2018-11-19 16:44:20",4
"2018-11-19 17:44:19",4
"2018-11-19 18:44:18",4
"2018-11-19 19:44:17",4
"2018-11-19 20:44:18",4
"2018-11-19 21:44:17",4
"2018-11-19 22:44:18",4
"2018-11-19 23:44:18",4
"2018-11-20 00:44:17",4
"2018-11-20 01:44:17",4
"2018-11-20 02:44:19",4
"2018-11-20 03:44:18",4
"2018-11-20 04:44:16",4
"2018-11-20 05:44:16",4
"2018-11-20 06:44:18",4
"2018-11-20 07:44:17",4
"2018-11-20 08:44:17",4
"2018-11-20 09:44:17",4
"2018-11-20 10:44:17",4
"2018-11-20 11:44:16",4
"2018-11-20 12:44:17",4
"2018-11-20 13:44:19",4
"2018-11-20 14:44:21",4
"2018-11-20 15:44:23",4
"2018-11-20 16:44:17",4
"2018-11-20 17:44:17",4
"2018-11-20 18:44:21",4
"2018-11-20 19:44:18",4
"2018-11-20 20:44:18",4
"2018-11-20 21:44:21",4
"2018-11-20 22:44:17",4
"2018-11-20 23:44:17",4
"2018-11-21 00:44:15",4
"2018-11-21 01:44:16",4
"2018-11-21 02:44:16",4
"2018-11-21 03:44:17",4
"2018-11-21 04:44:16",4
"2018-11-21 05:44:18",4
"2018-11-21 06:44:18",4
"2018-11-21 07:44:18",4
"2018-11-21 08:44:17",4
"2018-11-21 09:44:16",4
"2018-11-21 10:44:16",4
"2018-11-21 11:44:16",4
"2018-11-21 12:44:16",4
"2018-11-21 13:44:15",4
"2018-11-21 14:44:20",4
"2018-11-21 16:44:19",4
"2018-11-21 17:44:22",4
"2018-11-21 18:44:17",4
"2018-11-21 19:44:18",4
"2018-11-21 20:44:19",4
"2018-11-21 21:44:18",4
"2018-11-21 22:44:18",4
"2018-11-21 23:44:16",4
"2018-11-22 00:44:16",4
"2018-11-22 01:44:16",4
"2018-11-22 02:44:17",4
"2018-11-22 03:44:16",4
"2018-11-22 04:44:18",4
"2018-11-22 05:44:16",4
"2018-11-22 06:44:17",4
"2018-11-22 07:44:16",4
"2018-11-22 08:44:16",4
"2018-11-22 09:44:16",4
"2018-11-22 10:44:17",4
"2018-11-22 11:44:17",4
"2018-11-22 12:44:17",4
"2018-11-22 13:44:16",4
"2018-11-22 14:44:16",4
"2018-11-22 15:44:17",4
"2018-11-22 16:44:15",4
"2018-11-22 17:44:17",4
"2018-11-22 18:44:16",4
"2018-11-22 19:44:16",4
"2018-11-22 20:44:17",4
"2018-11-22 21:44:17",4
"2018-11-22 22:44:17",4
"2018-11-22 23:44:16",4
"2018-11-23 00:44:16",4
"2018-11-23 01:44:16",4
"2018-11-23 02:44:16",4
"2018-11-23 03:44:17",4
"2018-11-23 04:44:17",4
"2018-11-23 05:44:16",4
"2018-11-23 06:44:16",4
"2018-11-23 07:44:16",4
"2018-11-23 08:44:16",4
"2018-11-23 09:44:17",4
"2018-11-23 10:44:17",4
"2018-11-23 11:44:18",4
"2018-11-23 12:44:17",4
"2018-11-23 13:44:16",4
"2018-11-23 14:44:18",4
"2018-11-23 15:44:17",4
"2018-11-23 16:44:16",4
"2018-11-23 17:44:16",4
"2018-11-23 18:44:16",4
"2018-11-23 19:44:17",4
"2018-11-23 20:44:17",4
"2018-11-23 21:44:18",4
"2018-11-23 22:44:16",4
"2018-11-23 23:44:18",4
"2018-11-24 00:44:16",4
"2018-11-24 01:44:17",4
"2018-11-24 02:44:19",4
"2018-11-24 03:44:17",4
"2018-11-24 04:44:19",4
"2018-11-24 05:44:18",4
"2018-11-24 06:44:18",4
"2018-11-24 07:44:17",4
"2018-11-24 08:44:18",4
"2018-11-24 09:44:16",4
"2018-11-24 10:44:16",4
"2018-11-24 11:44:18",4
"2018-11-24 12:44:17",4
"2018-11-24 13:44:16",4
"2018-11-24 14:44:17",4
"2018-11-24 15:44:17",4
"2018-11-24 16:44:16",4
"2018-11-24 17:44:18",4
"2018-11-24 18:44:17",4
"2018-11-24 19:44:16",4
"2018-11-24 20:44:18",4
"2018-11-24 21:44:17",4
"2018-11-24 22:44:17",4
"2018-11-24 23:44:17",4
"2018-11-25 00:44:17",4
"2018-11-25 01:44:17",4
"2018-11-25 02:44:17",4
"2018-11-25 03:44:17",4
"2018-11-25 04:44:18",4
"2018-11-25 05:44:17",4
"2018-11-25 06:44:17",4
"2018-11-25 07:44:17",4
"2018-11-25 08:44:16",4
"2018-11-25 09:44:17",4
"2018-11-25 10:44:17",4
"2018-11-25 11:44:18",4
"2018-11-25 12:44:16",4
"2018-11-25 13:44:17",4
"2018-11-25 14:44:17",4
"2018-11-25 15:44:17",4
"2018-11-25 16:44:18",4
"2018-11-25 17:44:17",4
"2018-11-25 18:44:18",4
"2018-11-25 19:44:19",4
"2018-11-25 20:44:17",4
"2018-11-25 21:44:16",4
"2018-11-25 22:44:17",4
"2018-11-25 23:44:17",4
"2018-11-26 00:44:16",4
"2018-11-26 01:44:18",4
"2018-11-26 02:44:18",4
"2018-11-26 03:44:17",4
"2018-11-26 04:44:16",4
"2018-11-26 05:44:17",4
"2018-11-26 06:44:16",4
"2018-11-26 07:44:16",4
"2018-11-26 08:44:16",4
"2018-11-26 09:44:17",4
"2018-11-26 10:44:17",4
"2018-11-26 11:44:17",4
"2018-11-26 12:44:16",4
"2018-11-26 13:44:16",4
"2018-11-26 14:44:23",4
"2018-11-26 15:44:17",4
"2018-11-26 16:44:17",4
"2018-11-26 17:44:17",4
"2018-11-26 18:44:18",4
"2018-11-26 19:44:17",4
"2018-11-26 20:44:18",4
"2018-11-26 21:44:15",4
"2018-11-26 22:44:20",4
"2018-11-26 23:44:21",4
"2018-11-27 00:44:19",4
"2018-11-27 01:44:18",4
"2018-11-27 02:44:19",4
"2018-11-27 03:44:16",4
"2018-11-27 04:44:16",4
"2018-11-27 05:44:17",4
"2018-11-27 06:44:17",4
"2018-11-27 07:44:16",4
"2018-11-27 08:44:16",4
"2018-11-27 09:44:16",4
"2018-11-27 10:46:04",4
"2018-11-27 11:44:16",4
"2018-11-27 12:44:16",4
"2018-11-27 13:44:17",4
"2018-11-27 14:44:21",4
"2018-11-27 15:44:19",4
"2018-11-27 16:44:21",4
"2018-11-27 17:44:20",4
"2018-11-27 18:44:19",4
"2018-11-27 19:44:19",4
"2018-11-27 20:44:18",4
"2018-11-27 21:44:20",4
"2018-11-27 22:44:20",4
"2018-11-27 23:44:19",4
"2018-11-28 00:44:18",4
"2018-11-28 01:44:19",4
"2018-11-28 02:44:18",4
"2018-11-28 03:44:20",4
"2018-11-28 04:44:20",4
"2018-11-28 05:44:19",4
"2018-11-28 06:44:18",4
"2018-11-28 07:44:17",4
"2018-11-28 08:44:19",4
"2018-11-28 09:44:21",4
"2018-11-28 10:44:18",4
"2018-11-28 11:44:17",4
"2018-11-28 12:44:17",4
"2018-11-28 14:09:20",4
"2018-11-28 14:44:19",4
"2018-11-28 15:44:24",4
"2018-11-28 16:44:20",4
"2018-11-28 17:44:22",4
"2018-11-28 18:44:21",4
"2018-11-28 19:44:19",4
"2018-11-28 20:44:20",4
"2018-11-28 21:44:17",4
"2018-11-28 22:44:17",4
"2018-11-28 23:44:15",4
"2018-11-29 00:44:16",4
"2018-11-29 01:44:18",4
"2018-11-29 02:44:17",4
"2018-11-29 03:44:16",4
"2018-11-29 04:44:16",4
"2018-11-29 05:44:17",4
"2018-11-29 06:44:17",4
"2018-11-29 07:44:15",4
"2018-11-29 08:44:15",4
"2018-11-29 09:44:16",4
"2018-11-29 10:44:17",4
"2018-11-29 11:44:16",4
"2018-11-29 12:44:17",4
"2018-11-29 13:44:18",4
"2018-11-29 15:09:25",4
"2018-11-29 15:44:17",4
"2018-11-29 16:44:18",4
"2018-11-29 17:44:21",4
"2018-11-29 18:44:22",4
"2018-11-29 19:44:18",4
"2018-11-29 20:44:16",4
"2018-11-29 21:44:18",4
"2018-11-29 22:44:18",4
"2018-11-29 23:44:18",4
"2018-11-30 00:44:19",4
"2018-11-30 01:44:19",4
"2018-11-30 02:44:16",4
"2018-11-30 03:44:19",4
"2018-11-30 04:44:17",4
"2018-11-30 05:44:19",4
"2018-11-30 06:44:18",4
"2018-11-30 07:44:16",4
"2018-11-30 08:44:16",4
"2018-11-30 09:44:18",4
"2018-11-30 10:44:17",4
"2018-11-30 11:44:15",4
"2018-11-30 12:44:16",4
"2018-11-30 13:44:16",4
"2018-11-30 14:44:20",4
"2018-11-30 15:44:19",4
"2018-11-30 16:44:19",4
"2018-11-30 17:44:19",4
"2018-11-30 18:44:17",4
"2018-11-30 19:44:17",4
"2018-11-30 20:44:18",4
"2018-11-30 21:44:17",4
"2018-11-30 22:44:20",4
"2018-11-30 23:44:18",4
"2018-12-01 00:44:16",4
"2018-12-01 01:44:17",4
"2018-12-01 02:44:16",4
"2018-12-01 03:44:17",4
"2018-12-01 04:44:16",4
"2018-12-01 05:44:18",4
"2018-12-01 06:44:16",4
"2018-12-01 07:44:15",4
"2018-12-01 08:44:16",4
"2018-12-01 09:44:16",4
"2018-12-01 10:44:16",4
"2018-12-01 11:44:17",4
"2018-12-01 12:44:16",4
"2018-12-01 13:44:17",4
"2018-12-01 14:44:16",4
"2018-12-01 15:44:16",4
"2018-12-01 16:44:16",4
"2018-12-01 17:44:16",4
"2018-12-01 18:44:17",4
"2018-12-01 19:44:15",4
"2018-12-01 20:44:17",4
"2018-12-01 21:44:15",4
"2018-12-01 22:44:21",4
"2018-12-01 23:44:17",4
"2018-12-02 00:44:15",4
"2018-12-02 01:44:16",4
"2018-12-02 02:44:16",4
"2018-12-02 03:44:17",4
"2018-12-02 04:44:16",4
"2018-12-02 05:44:17",4
"2018-12-02 06:44:16",4
"2018-12-02 07:44:18",4
"2018-12-02 08:44:19",4
"2018-12-02 09:44:16",4
"2018-12-02 10:44:17",4
"2018-12-02 11:44:16",4
"2018-12-02 12:44:15",4
"2018-12-02 13:44:16",4
"2018-12-02 14:44:15",4
"2018-12-02 15:44:17",4
"2018-12-02 16:44:16",4
"2018-12-02 17:44:15",4
"2018-12-02 18:44:16",4
"2018-12-02 19:44:16",4
"2018-12-02 20:44:16",4
"2018-12-02 21:44:16",4
"2018-12-02 22:44:15",4
"2018-12-02 23:44:16",4
"2018-12-03 00:44:17",4
"2018-12-03 01:44:16",4
"2018-12-03 02:44:16",4
"2018-12-03 03:44:17",4
"2018-12-03 04:44:18",4
"2018-12-03 05:44:15",4
"2018-12-03 06:44:18",4
"2018-12-03 07:44:17",4
"2018-12-03 08:44:16",4
"2018-12-03 09:44:18",4
"2018-12-03 10:44:17",4
"2018-12-03 11:44:17",4
"2018-12-03 12:44:15",4
"2018-12-03 13:44:15",4
"2018-12-03 14:44:23",4
"2018-12-03 15:44:18",4
"2018-12-03 16:44:20",4
"2018-12-03 17:44:20",4
"2018-12-03 18:44:18",4
"2018-12-03 19:44:16",4
"2018-12-03 20:44:17",4
"2018-12-03 21:44:16",4
"2018-12-03 22:44:19",4
"2018-12-03 23:44:21",4
"2018-12-04 00:44:18",4
"2018-12-04 01:44:16",4
"2018-12-04 02:44:18",4
"2018-12-04 03:44:17",4
"2018-12-04 04:44:16",4
"2018-12-04 05:44:20",4
"2018-12-04 06:44:19",4
"2018-12-04 07:44:18",4
"2018-12-04 08:44:18",4
"2018-12-04 09:44:16",4
"2018-12-04 10:44:15",4
"2018-12-04 11:44:16",4
"2018-12-04 12:44:17",4
"2018-12-04 13:44:17",4
"2018-12-04 15:10:51",4
"2018-12-04 15:44:19",4
"2018-12-04 16:44:17",4
"2018-12-04 17:44:18",4
"2018-12-04 18:44:18",4
"2018-12-04 19:44:19",4
"2018-12-04 20:44:19",4
"2018-12-04 21:44:18",4
"2018-12-04 22:44:21",4
"2018-12-04 23:44:20",4
"2018-12-05 00:44:19",4
"2018-12-05 01:44:19",4
"2018-12-05 02:44:19",4
"2018-12-05 03:44:19",4
"2018-12-05 04:44:22",4
"2018-12-05 05:44:22",4
"2018-12-05 06:44:18",4
"2018-12-05 07:44:16",4
"2018-12-05 08:44:17",4
"2018-12-05 09:44:16",4
"2018-12-05 10:44:18",4
"2018-12-05 11:44:17",4
"2018-12-05 12:44:16",4
"2018-12-05 13:44:16",4
"2018-12-05 14:44:17",4
"2018-12-05 15:44:19",4
"2018-12-05 16:44:17",4
"2018-12-05 17:44:18",4
"2018-12-05 18:44:18",4
"2018-12-05 19:44:20",4
"2018-12-05 20:44:19",4
"2018-12-05 21:44:20",4
"2018-12-05 22:44:20",4
"2018-12-05 23:44:21",4
"2018-12-06 00:44:20",4
"2018-12-06 01:44:19",4
"2018-12-06 02:44:18",4
"2018-12-06 03:44:19",4
"2018-12-06 04:44:16",4
"2018-12-06 05:44:18",4
"2018-12-06 06:44:18",4
"2018-12-06 07:44:16",4
"2018-12-06 08:44:20",4
"2018-12-06 09:44:19",4
"2018-12-06 10:44:17",4
"2018-12-06 11:44:18",4
"2018-12-06 12:44:19",4
"2018-12-06 13:44:18",4
"2018-12-06 14:44:20",4
"2018-12-06 15:44:18",4
"2018-12-06 16:44:18",4
"2018-12-06 17:44:20",4
"2018-12-06 18:44:17",5
"2018-12-06 19:44:17",5
"2018-12-06 20:44:17",5
"2018-12-06 21:44:17",5
"2018-12-06 22:44:16",5
"2018-12-06 23:44:22",5
"2018-12-07 00:44:24",5
"2018-12-07 01:44:23",5
"2018-12-07 02:44:21",5
"2018-12-07 03:44:23",5
"2018-12-07 04:44:24",5
"2018-12-07 05:44:22",5
"2018-12-07 06:44:23",5
"2018-12-07 07:44:21",5
"2018-12-07 08:44:21",5
"2018-12-07 09:44:22",5
"2018-12-07 10:44:21",5
"2018-12-07 11:44:21",5
"2018-12-07 12:44:22",5
"2018-12-07 14:09:22",5
"2018-12-07 14:44:27",5
"2018-12-07 16:09:29",5
"2018-12-07 16:44:23",5
"2018-12-07 17:44:24",5
"2018-12-07 18:44:23",5
"2018-12-07 19:44:26",5
"2018-12-07 20:44:24",5
"2018-12-07 21:44:23",5
"2018-12-07 22:44:25",5
"2018-12-07 23:44:26",5
"2018-12-08 00:44:24",5
"2018-12-08 01:44:22",5
"2018-12-08 03:44:25",5
"2018-12-08 04:44:24",5
"2018-12-08 05:44:24",5
"2018-12-08 06:44:22",5
"2018-12-08 07:44:24",5
"2018-12-08 08:44:22",5
"2018-12-08 09:44:22",5
"2018-12-08 10:44:23",5
"2018-12-08 11:44:22",5
"2018-12-08 12:44:24",5
"2018-12-08 13:44:22",5
"2018-12-08 14:44:22",5
"2018-12-08 15:44:22",5
"2018-12-08 16:44:23",5
"2018-12-08 17:44:23",5
"2018-12-08 18:44:21",5
"2018-12-08 19:44:23",5
"2018-12-08 20:44:27",5
"2018-12-08 21:44:27",5
"2018-12-08 22:44:23",5
"2018-12-08 23:44:25",5
"2018-12-09 00:44:23",5
"2018-12-09 01:44:25",5
"2018-12-09 02:44:24",5
"2018-12-09 03:44:23",5
"2018-12-09 04:44:22",5
"2018-12-09 05:44:22",5
"2018-12-09 06:44:23",5
"2018-12-09 07:44:24",5
"2018-12-09 08:44:23",5
"2018-12-09 09:44:27",5
"2018-12-09 10:44:23",5
"2018-12-09 11:44:25",5
"2018-12-09 12:44:22",5
"2018-12-09 13:44:23",5
"2018-12-09 14:44:22",5
"2018-12-09 15:44:24",5
"2018-12-09 16:44:22",5
"2018-12-09 17:44:22",5
"2018-12-09 18:44:23",5
"2018-12-09 19:44:22",5
"2018-12-09 20:44:23",5
"2018-12-09 21:44:22",5
"2018-12-09 22:44:27",5
"2018-12-09 23:44:24",5
"2018-12-10 00:44:25",5
"2018-12-10 01:44:22",5
"2018-12-10 02:44:22",5
"2018-12-10 03:44:23",5
"2018-12-10 04:44:25",5
"2018-12-10 05:44:22",5
"2018-12-10 06:44:27",5
"2018-12-10 07:44:27",5
"2018-12-10 08:44:23",5
"2018-12-10 09:44:23",5
"2018-12-10 10:44:23",5
"2018-12-10 11:44:22",5
"2018-12-10 12:44:23",5
"2018-12-10 13:44:27",5
"2018-12-10 15:07:59",5
"2018-12-10 15:44:21",5
"2018-12-10 16:44:23",5
"2018-12-10 17:44:24",5
"2018-12-10 18:44:23",5
"2018-12-10 19:44:23",5
"2018-12-10 20:44:21",5
"2018-12-10 21:44:23",5
"2018-12-10 22:44:22",5
"2018-12-10 23:44:24",5
"2018-12-11 00:44:22",5
"2018-12-11 01:44:21",5
"2018-12-11 02:44:22",5
"2018-12-11 03:44:22",5
"2018-12-11 04:44:21",5
"2018-12-11 05:44:24",5
"2018-12-11 06:44:23",5
"2018-12-11 07:44:22",5
"2018-12-11 08:44:22",5
"2018-12-11 09:44:22",5
"2018-12-11 10:44:22",5
"2018-12-11 11:44:23",5
"2018-12-11 12:44:22",5
"2018-12-11 13:44:21",5
"2018-12-11 15:08:56",5
"2018-12-11 15:44:23",5
"2018-12-11 16:44:23",5
"2018-12-11 17:44:22",5
"2018-12-11 18:44:23",5
"2018-12-11 19:44:23",5
"2018-12-11 20:44:22",5
"2018-12-11 21:44:25",5
"2018-12-11 22:44:23",5
"2018-12-11 23:44:23",5
"2018-12-12 00:44:21",5
"2018-12-12 01:44:21",5
"2018-12-12 02:44:23",5
"2018-12-12 03:44:22",5
"2018-12-12 04:44:21",5
"2018-12-12 05:44:21",5
"2018-12-12 06:44:22",5
"2018-12-12 07:44:22",5
"2018-12-12 08:44:22",5
"2018-12-12 09:44:22",5
"2018-12-12 10:44:22",5
"2018-12-12 11:44:25",5
"2018-12-12 12:44:26",5
"2018-12-12 14:10:00",5
"2018-12-12 14:44:25",5
"2018-12-12 15:44:23",5
"2018-12-12 16:44:24",5
"2018-12-12 17:44:24",5
"2018-12-12 18:44:22",5
"2018-12-12 19:44:23",5
"2018-12-12 20:44:22",5
"2018-12-12 21:44:23",5
"2018-12-12 22:44:24",5
"2018-12-12 23:44:24",5
"2018-12-13 00:44:22",5
"2018-12-13 01:44:23",5
"2018-12-13 02:44:24",5
"2018-12-13 03:44:22",5
"2018-12-13 04:44:28",5
"2018-12-13 05:44:26",5
"2018-12-13 06:44:25",5
"2018-12-13 07:44:23",5
"2018-12-13 08:44:21",5
"2018-12-13 09:44:22",5
"2018-12-13 10:44:22",5
"2018-12-13 11:44:21",5
"2018-12-13 12:44:21",5
"2018-12-13 14:08:26",5
"2018-12-13 14:44:24",5
"2018-12-13 15:44:25",5
"2018-12-13 16:44:22",5
"2018-12-13 17:44:25",5
"2018-12-13 18:44:24",5
"2018-12-13 19:44:24",5
"2018-12-13 20:44:23",5
"2018-12-13 21:44:22",5
"2018-12-13 22:44:24",5
"2018-12-13 23:44:23",5
"2018-12-14 00:44:22",5
"2018-12-14 01:44:22",5
"2018-12-14 02:44:21",5
"2018-12-14 03:44:21",5
"2018-12-14 04:44:25",5
"2018-12-14 05:44:22",5
"2018-12-14 06:44:23",5
"2018-12-14 07:44:23",5
"2018-12-14 08:44:22",5
"2018-12-14 09:44:22",5
"2018-12-14 10:44:22",5
"2018-12-14 11:44:24",5
"2018-12-14 12:44:22",5
"2018-12-14 14:08:27",5
"2018-12-14 14:44:27",5
"2018-12-14 15:44:25",5
"2018-12-14 16:44:23",5
"2018-12-14 17:44:25",5
"2018-12-14 18:44:28",5
"2018-12-14 19:44:28",5
"2018-12-14 20:44:27",5
"2018-12-14 21:44:23",5
"2018-12-14 22:44:26",5
"2018-12-14 23:44:25",5
"2018-12-15 00:44:24",5
"2018-12-15 01:44:25",5
"2018-12-15 02:44:22",5
"2018-12-15 03:44:24",5
"2018-12-15 04:44:23",5
"2018-12-15 05:44:26",5
"2018-12-15 06:44:24",5
"2018-12-15 07:44:23",5
"2018-12-15 08:44:23",5
"2018-12-15 09:44:22",5
"2018-12-15 10:44:23",5
"2018-12-15 11:44:23",5
"2018-12-15 12:44:24",5
"2018-12-15 13:44:23",5
"2018-12-15 14:44:23",5
"2018-12-15 15:44:24",5
"2018-12-15 16:44:23",5
"2018-12-15 17:44:26",5
"2018-12-15 18:44:24",5
"2018-12-15 19:44:23",5
"2018-12-15 20:44:23",5
"2018-12-15 21:44:23",5
"2018-12-15 22:44:24",5
"2018-12-15 23:44:23",5
"2018-12-16 00:44:24",5
"2018-12-16 01:44:23",5
"2018-12-16 02:44:22",5
"2018-12-16 03:44:24",5
"2018-12-16 04:44:27",5
"2018-12-16 05:44:23",5
"2018-12-16 06:44:26",5
"2018-12-16 07:44:24",5
"2018-12-16 08:44:22",5
"2018-12-16 09:44:26",5
"2018-12-16 10:44:23",5
"2018-12-16 11:44:24",5
"2018-12-16 12:44:22",5
"2018-12-16 13:44:23",5
"2018-12-16 14:44:23",5
"2018-12-16 15:44:22",5
"2018-12-16 16:44:23",5
"2018-12-16 17:44:27",5
"2018-12-16 18:44:23",5
"2018-12-16 19:44:24",5
"2018-12-16 20:44:24",5
"2018-12-16 21:44:23",5
"2018-12-16 22:44:27",5
"2018-12-16 23:44:26",5
"2018-12-17 00:44:24",5
"2018-12-17 01:44:23",5
"2018-12-17 02:44:24",5
"2018-12-17 03:44:23",5
"2018-12-17 04:44:29",5
"2018-12-17 05:44:23",5
"2018-12-17 06:44:25",5
"2018-12-17 07:44:24",5
"2018-12-17 08:44:23",5
"2018-12-17 09:44:23",5
"2018-12-17 10:44:24",5
"2018-12-17 11:44:23",5
"2018-12-17 12:44:23",5
"2018-12-17 13:44:26",5
"2018-12-17 14:44:28",5
"2018-12-17 15:44:25",5
"2018-12-17 16:44:25",5
"2018-12-17 17:44:24",5
"2018-12-17 18:44:25",5
"2018-12-17 20:09:57",5
"2018-12-17 20:44:25",5
"2018-12-17 21:44:26",5
"2018-12-17 22:44:25",5
"2018-12-17 23:44:23",5
"2018-12-18 00:44:24",5
"2018-12-18 01:44:25",5
"2018-12-18 02:44:22",5
"2018-12-18 03:44:23",5
"2018-12-18 04:44:23",5
"2018-12-18 05:44:23",5
"2018-12-18 06:44:23",5
"2018-12-18 07:44:23",5
"2018-12-18 08:44:23",5
"2018-12-18 09:44:22",5
"2018-12-18 10:44:23",5
"2018-12-18 11:44:22",5
"2018-12-18 12:44:23",5
"2018-12-18 13:44:23",5
"2018-12-18 14:44:25",5
"2018-12-18 15:44:24",5
"2018-12-18 16:44:23",4
"2018-12-18 17:44:24",4
"2018-12-18 18:44:23",4
"2018-12-18 19:44:22",4
"2018-12-18 20:44:26",4
"2018-12-18 21:44:25",4
"2018-12-18 22:44:23",4
"2018-12-18 23:44:26",4
"2018-12-19 00:44:23",4
"2018-12-19 01:44:24",4
"2018-12-19 02:44:23",4
"2018-12-19 03:44:26",4
"2018-12-19 04:44:26",4
"2018-12-19 05:44:27",4
"2018-12-19 06:44:25",4
"2018-12-19 07:44:24",4
"2018-12-19 08:44:23",4
"2018-12-19 09:44:25",4
"2018-12-19 11:44:23",4
"2018-12-19 12:44:23",4
"2018-12-19 13:44:23",4
"2018-12-19 14:44:25",4
"2018-12-19 15:44:24",4
"2018-12-19 16:44:24",4
"2018-12-19 17:44:22",4
"2018-12-19 18:44:25",4
"2018-12-19 19:44:24",4
"2018-12-19 20:44:24",4
"2018-12-19 21:44:30",5
"2018-12-19 22:44:29",5
"2018-12-19 23:44:29",5
"2018-12-20 00:44:29",5
"2018-12-20 01:44:27",5
"2018-12-20 02:44:26",5
"2018-12-20 03:44:27",5
"2018-12-20 04:44:27",5
"2018-12-20 05:44:24",5
"2018-12-20 06:44:25",5
"2018-12-20 07:44:28",5
"2018-12-20 08:44:26",5
"2018-12-20 09:44:23",5
"2018-12-20 10:44:24",5
"2018-12-20 11:44:23",5
"2018-12-20 12:44:23",5
"2018-12-20 13:44:24",5
"2018-12-20 14:44:27",5
"2018-12-20 15:44:25",6
"2018-12-20 16:44:31",6
"2018-12-20 17:44:26",6
"2018-12-20 18:44:24",6
"2018-12-20 19:44:24",6
"2018-12-20 20:44:27",6
"2018-12-20 21:44:26",6
"2018-12-20 22:44:27",6
"2018-12-20 23:44:27",6
"2018-12-21 00:44:25",6
"2018-12-21 01:44:25",6
"2018-12-21 02:44:26",6
"2018-12-21 03:44:24",6
"2018-12-21 04:44:27",6
"2018-12-21 05:44:23",6
"2018-12-21 06:44:26",6
"2018-12-21 07:44:22",6
"2018-12-21 08:44:23",6
"2018-12-21 09:44:23",6
"2018-12-21 10:44:22",6
"2018-12-21 11:44:23",6
"2018-12-21 12:44:24",6
"2018-12-21 13:44:23",6
"2018-12-21 14:44:26",6
"2018-12-21 15:44:26",6
"2018-12-21 16:44:26",6
"2018-12-21 17:44:27",6
"2018-12-21 18:44:29",6
"2018-12-21 19:44:24",6
"2018-12-21 20:44:30",5
"2018-12-21 21:44:27",5
"2018-12-21 22:44:27",5
"2018-12-21 23:44:25",5
"2018-12-22 00:44:28",5
"2018-12-22 01:44:27",5
"2018-12-22 02:44:30",5
"2018-12-22 03:44:23",5
"2018-12-22 04:44:28",5
"2018-12-22 05:44:23",5
"2018-12-22 06:44:27",5
"2018-12-22 07:44:27",5
"2018-12-22 08:44:23",5
"2018-12-22 09:44:22",5
"2018-12-22 10:44:24",5
"2018-12-22 11:44:22",5
"2018-12-22 12:44:22",5
"2018-12-22 13:44:22",5
"2018-12-22 14:44:24",5
"2018-12-22 15:44:24",5
"2018-12-22 16:44:22",5
"2018-12-22 17:44:24",5
"2018-12-22 18:44:23",5
"2018-12-22 19:44:27",5
"2018-12-22 20:44:25",5
"2018-12-22 21:44:25",5
"2018-12-22 22:44:27",5
"2018-12-22 23:44:24",5
"2018-12-23 00:44:23",5
"2018-12-23 01:44:25",5
"2018-12-23 02:44:23",5
"2018-12-23 03:44:27",5
"2018-12-23 04:44:25",5
"2018-12-23 05:44:24",5
"2018-12-23 06:44:27",5
"2018-12-23 07:44:24",5
"2018-12-23 08:44:26",5
"2018-12-23 09:44:24",5
"2018-12-23 10:44:28",5
"2018-12-23 11:44:27",5
"2018-12-23 12:44:23",5
"2018-12-23 13:44:25",5
"2018-12-23 14:44:26",5
"2018-12-23 15:44:27",5
"2018-12-23 16:44:28",5
"2018-12-23 17:44:29",5
"2018-12-23 18:44:26",5
"2018-12-23 19:44:26",5
"2018-12-23 20:44:28",5
"2018-12-23 21:44:27",5
"2018-12-23 22:44:25",5
"2018-12-23 23:44:23",5
"2018-12-24 00:44:25",5
"2018-12-24 01:44:28",5
"2018-12-24 02:44:29",5
"2018-12-24 03:44:28",5
"2018-12-24 04:44:23",5
"2018-12-24 05:44:24",5
"2018-12-24 06:44:25",5
"2018-12-24 07:44:28",5
"2018-12-24 08:44:23",5
"2018-12-24 09:44:29",5
"2018-12-24 10:44:24",5
"2018-12-24 11:44:26",5
"2018-12-24 12:44:23",5
"2018-12-24 13:44:26",5
"2018-12-24 15:08:04",5
"2018-12-24 15:44:28",5
"2018-12-24 16:44:26",5
"2018-12-24 17:44:27",6
"2018-12-24 18:44:29",6
"2018-12-24 19:44:29",6
"2018-12-24 20:44:29",6
"2018-12-24 21:44:23",6
"2018-12-24 22:44:24",6
"2018-12-24 23:44:23",6
"2018-12-25 00:44:25",6
"2018-12-25 01:44:23",6
"2018-12-25 02:44:27",6
"2018-12-25 03:44:26",6
"2018-12-25 04:44:25",6
"2018-12-25 05:44:25",6
"2018-12-25 06:44:26",6
"2018-12-25 07:44:24",6
"2018-12-25 08:44:24",6
"2018-12-25 09:44:23",6
"2018-12-25 10:44:22",6
"2018-12-25 11:44:22",6
"2018-12-25 12:44:23",6
"2018-12-25 13:44:24",6
"2018-12-25 14:44:23",6
"2018-12-25 15:44:24",6
"2018-12-25 16:44:22",6
"2018-12-25 17:44:26",6
"2018-12-25 18:44:24",6
"2018-12-25 19:44:24",6
"2018-12-25 20:44:24",6
"2018-12-25 21:44:23",6
"2018-12-25 22:44:24",6
"2018-12-25 23:44:24",6
"2018-12-26 00:44:25",6
"2018-12-26 01:44:24",6
"2018-12-26 02:44:25",6
"2018-12-26 03:44:23",6
"2018-12-26 04:44:23",6
"2018-12-26 05:44:22",6
"2018-12-26 06:44:28",6
"2018-12-26 07:44:26",6
"2018-12-26 08:44:27",6
"2018-12-26 09:44:22",6
"2018-12-26 10:44:25",6
"2018-12-26 11:44:23",6
"2018-12-26 12:44:24",6
"2018-12-26 13:44:30",6
"2018-12-26 15:09:34",6
"2018-12-26 15:44:26",6
"2018-12-26 16:44:26",6
"2018-12-26 17:44:27",6
"2018-12-26 18:44:24",6
"2018-12-26 19:44:26",6
"2018-12-26 20:44:27",6
"2018-12-26 21:44:27",6
"2018-12-26 22:44:28",6
"2018-12-26 23:44:27",6
"2018-12-27 00:44:28",6
"2018-12-27 01:44:28",6
"2018-12-27 02:44:27",6
"2018-12-27 03:44:28",6
"2018-12-27 04:44:24",6
"2018-12-27 05:44:26",6
"2018-12-27 06:44:25",6
"2018-12-27 07:44:26",6
"2018-12-27 08:44:23",6
"2018-12-27 09:44:25",6
"2018-12-27 10:44:26",6
"2018-12-27 11:44:23",6
"2018-12-27 12:44:24",6
"2018-12-27 13:44:22",6
"2018-12-27 14:44:26",6
"2018-12-27 15:44:24",6
"2018-12-27 16:44:25",6
"2018-12-27 17:44:29",6
"2018-12-27 18:44:30",6
"2018-12-27 19:44:29",6
"2018-12-27 20:44:26",6
"2018-12-27 21:44:28",6
"2018-12-27 22:44:34",6
"2018-12-27 23:44:36",6
"2018-12-28 00:44:34",6
"2018-12-28 01:44:30",6
"2018-12-28 02:44:31",6
"2018-12-28 03:44:26",6
"2018-12-28 04:44:28",6
"2018-12-28 05:44:25",6
"2018-12-28 06:44:34",6
"2018-12-28 07:44:33",6
"2018-12-28 08:44:29",6
"2018-12-28 09:44:30",6
"2018-12-28 10:44:25",6
"2018-12-28 11:44:27",6
"2018-12-28 12:44:24",6
"2018-12-28 13:44:24",6
"2018-12-28 14:44:27",6
"2018-12-28 16:10:01",6
"2018-12-28 16:44:26",6
"2018-12-28 17:44:31",6
"2018-12-28 18:44:29",6
"2018-12-28 19:44:26",6
"2018-12-28 20:44:29",6
"2018-12-28 21:44:29",6
"2018-12-28 22:44:25",6
"2018-12-28 23:44:27",6
"2018-12-29 00:44:26",6
"2018-12-29 01:44:24",6
"2018-12-29 02:44:26",6
"2018-12-29 03:44:24",6
"2018-12-29 04:44:25",6
"2018-12-29 05:44:25",6
"2018-12-29 06:44:24",6
"2018-12-29 07:44:32",6
"2018-12-29 08:44:30",6
"2018-12-29 09:44:28",6
"2018-12-29 10:44:26",6
"2018-12-29 11:44:26",6
"2018-12-29 12:44:25",6
"2018-12-29 13:44:25",6
"2018-12-29 14:44:24",6
"2018-12-29 15:44:24",6
"2018-12-29 16:44:27",6
"2018-12-29 17:44:24",6
"2018-12-29 18:44:29",6
"2018-12-29 19:44:30",6
"2018-12-29 20:44:25",6
"2018-12-29 21:44:31",6
"2018-12-29 22:44:26",6
"2018-12-29 23:44:31",6
"2018-12-30 00:44:25",6
"2018-12-30 01:44:27",6
"2018-12-30 02:44:24",6
"2018-12-30 03:44:26",6
"2018-12-30 04:44:24",6
"2018-12-30 05:44:24",6
"2018-12-30 06:44:24",6
"2018-12-30 07:44:24",6
"2018-12-30 08:44:24",6
"2018-12-30 09:44:23",6
"2018-12-30 10:44:23",6
"2018-12-30 11:44:24",6
"2018-12-30 12:44:24",6
"2018-12-30 13:44:25",6
"2018-12-30 14:44:24",6
"2018-12-30 15:44:23",6
"2018-12-30 16:44:23",6
"2018-12-30 17:44:24",6
"2018-12-30 18:44:23",6
"2018-12-30 19:44:24",6
"2018-12-30 20:44:24",6
"2018-12-30 21:44:25",6
"2018-12-30 22:44:28",6
"2018-12-30 23:44:26",6
"2018-12-31 00:44:25",6
"2018-12-31 01:44:24",6
"2018-12-31 02:44:23",6
"2018-12-31 03:44:28",6
"2018-12-31 04:44:26",6
"2018-12-31 05:44:28",6
"2018-12-31 06:44:25",6
"2018-12-31 07:44:25",6
"2018-12-31 08:44:25",6
"2018-12-31 09:44:28",6
"2018-12-31 10:44:27",6
"2018-12-31 11:44:24",6
"2018-12-31 12:44:24",6
"2018-12-31 13:44:23",6
"2018-12-31 14:44:29",6
"2018-12-31 15:44:24",6
"2018-12-31 16:44:25",6
"2018-12-31 17:44:27",6
"2018-12-31 18:44:25",6
"2018-12-31 19:44:27",6
"2018-12-31 20:44:27",6
"2018-12-31 21:44:26",6
"2018-12-31 22:44:26",6
"2018-12-31 23:44:24",6
"2019-01-01 00:44:25",6
"2019-01-01 01:44:27",6
"2019-01-01 02:44:25",6
"2019-01-01 03:44:24",6
"2019-01-01 04:44:25",6
"2019-01-01 05:44:24",6
"2019-01-01 06:44:24",6
"2019-01-01 07:44:23",6
"2019-01-01 08:44:25",6
"2019-01-01 09:44:23",6
"2019-01-01 10:44:23",6
"2019-01-01 11:44:24",6
"2019-01-01 12:44:23",6
"2019-01-01 13:44:24",6
"2019-01-01 14:44:24",6
"2019-01-01 15:44:24",6
"2019-01-01 16:44:24",6
"2019-01-01 17:44:25",6
"2019-01-01 18:44:23",6
"2019-01-01 19:44:24",6
"2019-01-01 20:44:23",6
"2019-01-01 21:44:25",6
"2019-01-01 22:44:27",6
"2019-01-01 23:44:24",6
"2019-01-02 00:44:25",6
"2019-01-02 01:44:23",6
"2019-01-02 02:44:26",6
"2019-01-02 03:44:25",6
"2019-01-02 04:44:24",6
"2019-01-02 05:44:27",6
"2019-01-02 06:44:24",6
"2019-01-02 07:44:25",6
"2019-01-02 08:44:24",6
"2019-01-02 09:44:24",6
"2019-01-02 10:44:27",6
"2019-01-02 11:44:23",6
"2019-01-02 12:44:23",6
"2019-01-02 13:44:23",6
"2019-01-02 15:09:32",6
"2019-01-02 15:44:27",6
"2019-01-02 16:44:23",6
"2019-01-02 17:44:24",6
"2019-01-02 18:44:27",6
"2019-01-02 19:44:28",6
"2019-01-02 20:44:26",6
"2019-01-02 21:44:23",6
"2019-01-02 22:44:25",6
"2019-01-02 23:44:29",6
"2019-01-03 00:44:26",6
"2019-01-03 01:44:24",6
"2019-01-03 02:44:25",6
"2019-01-03 03:44:24",6
"2019-01-03 05:44:27",6
"2019-01-03 06:44:24",6
"2019-01-03 07:44:26",6
"2019-01-03 08:44:24",6
"2019-01-03 09:44:25",6
"2019-01-03 10:44:25",6
"2019-01-03 11:44:24",6
"2019-01-03 12:44:24",6
"2019-01-03 13:44:23",6
"2019-01-03 14:44:29",6
"2019-01-03 15:44:29",6
"2019-01-03 16:44:29",6
"2019-01-03 17:44:31",6
"2019-01-03 18:44:27",6
"2019-01-03 19:44:28",6
"2019-01-03 20:44:25",6
"2019-01-03 21:44:27",6
"2019-01-03 22:44:30",6
"2019-01-03 23:44:25",6
"2019-01-04 00:44:27",6
"2019-01-04 01:44:26",6
"2019-01-04 02:44:30",6
"2019-01-04 03:44:25",6
"2019-01-04 04:44:25",6
"2019-01-04 05:44:28",6
"2019-01-04 06:44:28",6
"2019-01-04 07:44:24",6
"2019-01-04 08:44:26",6
"2019-01-04 09:44:27",6
"2019-01-04 10:44:24",6
"2019-01-04 11:44:25",6
"2019-01-04 12:44:24",6
"2019-01-04 13:44:25",6
"2019-01-04 15:09:17",6
"2019-01-04 15:44:29",6
"2019-01-04 16:44:26",6
"2019-01-04 17:44:25",6
"2019-01-04 18:44:28",6
"2019-01-04 19:44:28",6
"2019-01-04 20:44:27",6
"2019-01-04 21:44:27",6
"2019-01-04 22:44:23",6
"2019-01-04 23:44:26",6
"2019-01-05 00:44:29",6
"2019-01-05 01:44:25",6
"2019-01-05 02:44:27",6
"2019-01-05 03:44:24",6
"2019-01-05 04:44:25",6
"2019-01-05 05:44:24",6
"2019-01-05 06:44:23",6
"2019-01-05 07:44:24",6
"2019-01-05 08:44:27",6
"2019-01-05 09:44:27",6
"2019-01-05 10:44:24",6
"2019-01-05 11:44:23",6
"2019-01-05 12:44:24",6
"2019-01-05 13:44:24",6
"2019-01-05 14:44:24",6
"2019-01-05 15:44:24",6
"2019-01-05 16:44:23",6
"2019-01-05 17:44:24",6
"2019-01-05 18:44:24",6
"2019-01-05 19:44:30",6
"2019-01-05 20:44:25",6
"2019-01-05 21:44:27",6
"2019-01-05 22:44:24",6
"2019-01-05 23:44:24",6
"2019-01-06 00:44:24",6
"2019-01-06 01:44:24",6
"2019-01-06 02:44:24",6
"2019-01-06 03:44:25",6
"2019-01-06 04:44:25",6
"2019-01-06 05:44:24",6
"2019-01-06 06:44:23",6
"2019-01-06 07:44:25",6
"2019-01-06 08:44:23",6
"2019-01-06 09:44:23",6
"2019-01-06 10:44:23",6
"2019-01-06 11:44:24",6
"2019-01-06 12:44:24",6
"2019-01-06 13:44:24",6
"2019-01-06 14:44:24",6
"2019-01-06 15:44:24",6
"2019-01-06 16:44:24",6
"2019-01-06 17:44:24",6
"2019-01-06 18:44:23",6
"2019-01-06 19:44:23",6
"2019-01-06 20:44:23",6
"2019-01-06 21:44:24",6
"2019-01-06 22:44:24",6
"2019-01-06 23:44:25",6
"2019-01-07 00:44:23",6
"2019-01-07 01:44:23",6
"2019-01-07 02:44:26",6
"2019-01-07 03:44:25",6
"2019-01-07 04:44:24",6
"2019-01-07 05:44:23",6
"2019-01-07 06:44:24",6
"2019-01-07 07:44:24",6
"2019-01-07 08:44:24",6
"2019-01-07 09:44:25",6
"2019-01-07 10:44:27",6
"2019-01-07 11:44:25",6
"2019-01-07 12:44:26",6
"2019-01-07 14:09:56",6
"2019-01-07 14:44:26",6
"2019-01-07 15:44:28",6
"2019-01-07 16:44:29",6
"2019-01-07 17:44:29",6
"2019-01-07 18:44:27",6
"2019-01-07 19:44:24",6
"2019-01-07 20:44:29",5
"2019-01-07 21:44:27",5
"2019-01-07 22:44:25",5
"2019-01-07 23:44:29",5
"2019-01-08 00:44:23",5
"2019-01-08 01:44:25",5
"2019-01-08 02:44:28",5
"2019-01-08 03:44:26",5
"2019-01-08 04:44:25",5
"2019-01-08 05:44:26",5
"2019-01-08 06:44:24",5
"2019-01-08 07:44:24",5
"2019-01-08 08:44:25",5
"2019-01-08 09:44:24",5
"2019-01-08 10:44:26",5
"2019-01-08 11:44:27",5
"2019-01-08 12:44:26",5
"2019-01-08 13:44:27",5
"2019-01-08 14:44:30",5
"2019-01-08 15:44:28",5
"2019-01-08 16:44:27",5
"2019-01-08 17:44:25",5
"2019-01-08 18:44:26",5
"2019-01-08 19:44:25",5
"2019-01-08 20:44:25",5
"2019-01-08 21:44:27",5
"2019-01-08 22:44:25",5
"2019-01-08 23:44:28",5
"2019-01-09 00:44:28",5
"2019-01-09 01:44:26",5
"2019-01-09 02:45:18",5
"2019-01-09 04:44:29",5
"2019-01-09 05:44:29",5
"2019-01-09 06:44:26",5
"2019-01-09 07:44:33",5
"2019-01-09 08:44:32",5
"2019-01-09 09:44:26",5
"2019-01-09 10:44:27",5
"2019-01-09 11:44:25",5
"2019-01-09 12:44:25",5
"2019-01-09 14:09:58",5
"2019-01-09 14:44:30",5
"2019-01-09 15:44:28",5
"2019-01-09 16:44:30",5
"2019-01-09 17:44:27",5
"2019-01-09 18:44:28",5
"2019-01-09 19:44:28",5
"2019-01-09 20:44:32",5
"2019-01-09 21:44:28",5
"2019-01-09 22:44:27",5
"2019-01-09 23:44:26",5
"2019-01-10 00:44:24",5
"2019-01-10 01:44:24",5
"2019-01-10 02:44:26",5
"2019-01-10 03:44:24",5
"2019-01-10 04:44:24",5
"2019-01-10 05:44:25",5
"2019-01-10 06:44:24",5
"2019-01-10 07:44:26",5
"2019-01-10 08:44:25",5
"2019-01-10 09:44:24",5
"2019-01-10 10:44:24",5
"2019-01-10 11:44:24",5
"2019-01-10 12:44:24",5
"2019-01-10 13:44:26",5
"2019-01-10 15:09:03",5
"2019-01-10 15:44:29",5
"2019-01-10 16:44:28",5
"2019-01-10 17:44:28",5
"2019-01-10 18:44:25",5
"2019-01-10 19:44:25",5
"2019-01-10 20:44:29",5
"2019-01-10 21:44:28",5
"2019-01-10 22:44:25",5
"2019-01-10 23:44:26",5
"2019-01-11 00:44:27",5
"2019-01-11 01:44:25",5
"2019-01-11 02:44:27",5
"2019-01-11 03:44:26",5
"2019-01-11 04:44:27",5
"2019-01-11 05:44:27",5
"2019-01-11 06:44:25",5
"2019-01-11 07:44:30",5
"2019-01-11 08:44:26",5
"2019-01-11 09:44:27",5
"2019-01-11 10:44:25",5
"2019-01-11 11:44:25",5
"2019-01-11 12:44:26",5
"2019-01-11 13:44:25",5
"2019-01-11 14:44:30",5
"2019-01-11 15:44:30",5
"2019-01-11 16:44:25",5
"2019-01-11 17:44:27",5
"2019-01-11 18:44:26",5
"2019-01-11 19:44:30",5
"2019-01-11 20:44:28",5
"2019-01-11 21:44:24",5
"2019-01-11 22:44:26",5
"2019-01-11 23:44:24",5
"2019-01-12 00:44:25",5
"2019-01-12 01:44:28",5
"2019-01-12 02:44:24",5
"2019-01-12 03:44:26",5
"2019-01-12 04:44:23",5
"2019-01-12 05:44:23",5
"2019-01-12 06:44:26",5
"2019-01-12 07:44:23",5
"2019-01-12 08:44:24",5
"2019-01-12 09:44:25",5
"2019-01-12 10:44:25",5
"2019-01-12 11:44:24",5
"2019-01-12 12:44:24",5
"2019-01-12 13:44:23",5
"2019-01-12 14:44:24",5
"2019-01-12 15:44:24",5
"2019-01-12 16:44:27",5
"2019-01-12 17:44:26",5
"2019-01-12 18:44:23",5
"2019-01-12 19:44:27",5
"2019-01-12 20:44:26",5
"2019-01-12 21:44:24",5
"2019-01-12 22:44:25",5
"2019-01-12 23:44:30",5
"2019-01-13 00:44:25",5
"2019-01-13 01:44:24",5
"2019-01-13 02:44:25",5
"2019-01-13 03:44:24",5
"2019-01-13 04:44:27",5
"2019-01-13 05:44:25",5
"2019-01-13 06:44:25",5
"2019-01-13 07:44:24",5
"2019-01-13 08:44:24",5
"2019-01-13 09:44:26",5
"2019-01-13 10:44:32",5
"2019-01-13 11:44:28",5
"2019-01-13 12:44:24",5
"2019-01-13 13:44:25",5
"2019-01-13 14:44:23",5
"2019-01-13 15:44:25",5
"2019-01-13 16:44:24",5
"2019-01-13 17:44:25",5
"2019-01-13 18:44:24",5
"2019-01-13 19:44:25",5
"2019-01-13 20:44:27",5
"2019-01-13 21:44:25",5
"2019-01-13 22:44:26",5
"2019-01-13 23:44:25",5
"2019-01-14 00:44:24",5
"2019-01-14 01:44:25",5
"2019-01-14 02:44:25",5
"2019-01-14 03:44:24",5
"2019-01-14 04:44:25",5
"2019-01-14 05:44:26",5
"2019-01-14 06:44:24",5
"2019-01-14 07:44:24",5
"2019-01-14 08:44:24",5
"2019-01-14 09:44:24",5
"2019-01-14 10:44:26",5
"2019-01-14 11:44:24",5
"2019-01-14 12:44:24",5
"2019-01-14 13:44:25",5
"2019-01-14 14:44:26",5
"2019-01-14 15:44:28",5
"2019-01-14 16:44:26",5
"2019-01-14 17:44:25",5
"2019-01-14 18:44:26",5
"2019-01-14 19:44:28",5
"2019-01-14 20:44:24",5
"2019-01-14 21:44:25",5
"2019-01-14 22:44:24",5
"2019-01-14 23:44:24",5
"2019-01-15 00:44:25",5
"2019-01-15 01:44:24",5
"2019-01-15 02:44:24",5
"2019-01-15 03:44:24",5
"2019-01-15 04:44:29",5
"2019-01-15 05:44:24",5
"2019-01-15 06:44:23",5
"2019-01-15 07:44:24",5
"2019-01-15 08:44:24",5
"2019-01-15 09:44:23",5
"2019-01-15 10:44:24",5
"2019-01-15 11:44:24",5
"2019-01-15 12:44:24",5
"2019-01-15 13:44:23",5
"2019-01-15 14:44:30",5
"2019-01-15 15:44:27",5
"2019-01-15 16:44:28",5
"2019-01-15 17:44:24",5
"2019-01-15 18:44:25",5
"2019-01-15 19:44:25",5
"2019-01-15 20:44:26",5
"2019-01-15 21:44:25",6
"2019-01-15 22:44:26",6
"2019-01-15 23:44:28",6
"2019-01-16 00:44:25",6
"2019-01-16 01:44:33",6
"2019-01-16 02:44:25",6
"2019-01-16 03:44:23",6
"2019-01-16 04:44:24",6
"2019-01-16 05:44:23",6
"2019-01-16 06:44:24",6
"2019-01-16 07:44:24",6
"2019-01-16 08:44:23",6
"2019-01-16 09:44:24",6
"2019-01-16 10:44:23",6
"2019-01-16 11:44:22",6
"2019-01-16 12:44:23",6
"2019-01-16 14:10:58",6
"2019-01-16 15:09:59",6
"2019-01-16 15:44:25",6
"2019-01-16 16:44:25",6
"2019-01-16 17:44:24",6
"2019-01-16 18:44:29",6
"2019-01-16 19:44:25",6
"2019-01-16 20:44:24",6
"2019-01-16 21:44:25",6
"2019-01-16 22:44:23",6
"2019-01-16 23:44:22",6
"2019-01-17 00:44:24",6
"2019-01-17 01:44:25",6
"2019-01-17 02:44:27",6
"2019-01-17 03:44:24",6
"2019-01-17 04:44:26",6
"2019-01-17 05:44:24",6
"2019-01-17 06:44:24",6
"2019-01-17 07:44:23",6
"2019-01-17 08:44:23",6
"2019-01-17 09:44:25",6
"2019-01-17 10:44:24",6
"2019-01-17 11:44:24",6
"2019-01-17 12:44:23",6
"2019-01-17 13:44:23",6
"2019-01-17 15:10:31",6
"2019-01-17 15:44:28",6
"2019-01-17 16:44:25",6
"2019-01-17 17:44:24",6
"2019-01-17 18:44:25",6
"2019-01-17 19:44:28",6
"2019-01-17 20:44:27",6
"2019-01-17 21:44:24",6
"2019-01-17 22:44:25",6
"2019-01-17 23:44:24",6
"2019-01-18 00:44:25",6
"2019-01-18 01:44:26",6
"2019-01-18 02:44:24",6
"2019-01-18 03:44:28",6
"2019-01-18 04:44:26",6
"2019-01-18 05:44:25",6
"2019-01-18 06:44:24",6
"2019-01-18 07:44:25",6
"2019-01-18 08:44:24",6
"2019-01-18 09:44:25",6
"2019-01-18 10:44:25",6
"2019-01-18 11:44:24",6
"2019-01-18 12:44:25",6
"2019-01-18 13:44:25",6
"2019-01-18 14:44:29",6
"2019-01-18 15:44:29",6
"2019-01-18 16:44:28",6
"2019-01-18 17:44:28",6
"2019-01-18 18:44:27",6
"2019-01-18 19:44:24",6
"2019-01-18 20:44:27",6
"2019-01-18 21:44:25",6
"2019-01-18 22:44:24",6
"2019-01-18 23:44:25",6
"2019-01-19 00:44:25",6
"2019-01-19 01:44:25",6
"2019-01-19 02:44:25",6
"2019-01-19 03:44:25",6
"2019-01-19 04:44:26",6
"2019-01-19 05:44:25",6
"2019-01-19 06:44:24",6
"2019-01-19 07:44:24",6
"2019-01-19 08:44:24",6
"2019-01-19 09:44:25",6
"2019-01-19 10:44:25",6
"2019-01-19 11:44:24",6
"2019-01-19 12:44:23",6
"2019-01-19 13:44:25",6
"2019-01-19 14:44:24",6
"2019-01-19 15:44:26",6
"2019-01-19 16:44:25",6
"2019-01-19 17:44:25",6
"2019-01-19 18:44:23",6
"2019-01-19 19:44:24",6
"2019-01-19 20:44:24",6
"2019-01-19 21:44:24",6
"2019-01-19 22:44:24",6
"2019-01-19 23:44:25",6
"2019-01-20 00:44:26",6
"2019-01-20 01:44:24",6
"2019-01-20 02:44:25",6
"2019-01-20 03:44:25",6
"2019-01-20 04:44:27",6
"2019-01-20 05:44:25",6
"2019-01-20 06:44:25",6
"2019-01-20 07:44:24",6
"2019-01-20 08:44:24",6
"2019-01-20 09:44:24",6
"2019-01-20 10:44:24",6
"2019-01-20 11:44:24",6
"2019-01-20 12:44:24",6
"2019-01-20 13:44:24",6
"2019-01-20 14:44:24",6
"2019-01-20 15:44:25",6
"2019-01-20 16:44:25",6
"2019-01-20 17:44:25",6
"2019-01-20 18:44:24",6
"2019-01-20 19:44:25",6
"2019-01-20 20:44:25",6
"2019-01-20 21:44:24",6
"2019-01-20 22:44:25",6
"2019-01-20 23:44:25",6
"2019-01-21 00:44:25",6
"2019-01-21 01:44:25",6
"2019-01-21 02:44:25",6
"2019-01-21 03:44:25",6
"2019-01-21 04:44:25",6
"2019-01-21 05:44:25",6
"2019-01-21 06:44:24",6
"2019-01-21 07:44:24",6
"2019-01-21 08:44:24",6
"2019-01-21 09:44:25",6
"2019-01-21 10:44:25",6
"2019-01-21 11:44:24",6
"2019-01-21 12:44:24",6
"2019-01-21 13:44:23",6
"2019-01-21 14:44:24",6
"2019-01-21 15:44:23",6
"2019-01-21 16:44:24",6
"2019-01-21 17:44:24",6
"2019-01-21 18:44:24",6
"2019-01-21 19:44:23",6
"2019-01-21 20:44:25",6
"2019-01-21 21:44:23",6
"2019-01-21 22:44:25",6
"2019-01-21 23:44:24",6
"2019-01-22 00:44:25",6
"2019-01-22 01:44:23",6
"2019-01-22 02:44:25",6
"2019-01-22 03:44:24",6
"2019-01-22 04:44:27",6
"2019-01-22 05:44:26",6
"2019-01-22 06:44:24",6
"2019-01-22 07:44:24",6
"2019-01-22 08:44:24",6
"2019-01-22 09:44:23",6
"2019-01-22 10:44:24",6
"2019-01-22 11:44:23",6
"2019-01-22 12:44:24",6
"2019-01-22 13:44:24",6
"2019-01-22 14:44:24",6
"2019-01-22 15:44:24",6
"2019-01-22 16:44:24",6
"2019-01-22 17:44:24",6
"2019-01-22 18:44:24",6
"2019-01-22 19:44:27",5
"2019-01-22 20:44:25",5
"2019-01-22 21:44:26",5
"2019-01-22 22:44:24",5
"2019-01-22 23:44:24",5
"2019-01-23 00:44:25",5
"2019-01-23 01:44:25",5
"2019-01-23 02:44:24",5
"2019-01-23 03:44:26",5
"2019-01-23 04:44:25",5
"2019-01-23 05:44:25",5
"2019-01-23 06:44:26",5
"2019-01-23 07:44:26",5
"2019-01-23 08:44:26",5
"2019-01-23 09:44:27",5
"2019-01-23 10:44:26",5
"2019-01-23 11:44:24",5
"2019-01-23 12:44:24",5
"2019-01-23 13:44:24",5
"2019-01-23 15:08:28",5
"2019-01-23 15:44:24",5
"2019-01-23 16:44:24",5
"2019-01-23 17:44:25",5
"2019-01-23 18:44:24",5
"2019-01-23 19:44:24",5
"2019-01-23 20:44:24",5
"2019-01-23 21:44:24",5
"2019-01-23 22:44:24",5
"2019-01-23 23:44:24",5
"2019-01-30 08:16:27",5
"2019-01-30 08:22:30",5
"2019-01-30 08:48:57",5
"2019-01-30 08:49:01",5
"2019-01-30 09:48:54",5
"2019-01-30 09:48:59",5
"2019-01-30 10:48:55",5
"2019-01-30 10:48:59",5
"2019-01-30 11:48:51",5
"2019-01-30 11:49:03",5
"2019-01-30 12:48:57",5
"2019-01-30 12:49:01",5
"2019-01-30 13:48:54",5
"2019-01-30 13:48:59",5
"2019-01-30 14:48:51",5
"2019-01-30 14:49:03",5
"2019-01-30 15:48:58",5
"2019-01-30 15:49:02",5
"2019-01-30 16:48:55",5
"2019-01-30 16:48:56",5
"2019-01-30 17:48:57",5
"2019-01-30 17:49:01",5
"2019-01-30 18:48:55",5
"2019-01-30 18:48:59",5
"2019-01-30 19:49:00",5
"2019-01-30 19:49:04",5
"2019-01-30 20:45:33",5
"2019-01-30 21:48:57",5
"2019-01-30 21:49:01",5
"2019-01-30 22:48:56",5
"2019-01-30 22:49:01",5
"2019-01-30 23:49:00",5
"2019-01-30 23:49:04",5
"2019-01-31 00:49:00",5
"2019-01-31 00:49:04",5
"2019-01-31 01:48:55",5
"2019-01-31 01:49:00",5
"2019-01-31 02:48:57",5
"2019-01-31 02:49:02",5
"2019-01-31 03:48:57",5
"2019-01-31 03:48:59",5
"2019-01-31 04:48:55",5
"2019-01-31 04:48:59",5
"2019-01-31 05:48:57",5
"2019-01-31 05:49:01",5
"2019-01-31 06:48:58",5
"2019-01-31 06:49:02",5
"2019-01-31 08:17:56",5
"2019-01-31 08:44:30",5
"2019-01-31 10:08:03",5
"2019-01-31 10:44:31",5
"2019-01-31 11:44:30",5
"2019-01-31 12:44:28",5
"2019-01-31 13:44:31",5
"2019-01-31 15:44:31",5
"2019-01-31 16:44:35",5
"2019-01-31 17:44:33",5
"2019-01-31 18:44:32",5
"2019-01-31 19:44:34",5
"2019-01-31 20:44:33",5
"2019-01-31 21:44:31",5
"2019-01-31 22:44:29",5
"2019-01-31 23:44:29",5
"2019-02-01 00:44:30",5
"2019-02-01 01:44:31",5
"2019-02-01 02:44:33",5
"2019-02-01 03:44:32",5
"2019-02-01 04:44:31",5
"2019-02-01 05:44:30",5
"2019-02-01 06:44:30",5
"2019-02-01 07:44:33",5
"2019-02-01 08:44:31",5
"2019-02-01 09:44:30",5
"2019-02-01 10:44:30",5
"2019-02-01 11:44:31",5
"2019-02-01 12:44:29",5
"2019-02-01 13:44:31",5
"2019-02-01 14:44:32",5
"2019-02-01 15:44:31",5
"2019-02-01 16:44:32",5
"2019-02-01 17:44:31",5
"2019-02-01 18:44:36",5
"2019-02-01 19:44:34",5
"2019-02-01 20:44:31",5
"2019-02-01 21:44:34",5
"2019-02-01 22:44:33",5
"2019-02-02 00:09:35",5
"2019-02-02 00:44:31",5
"2019-02-02 01:44:31",5
"2019-02-02 02:44:31",5
"2019-02-02 03:44:30",5
"2019-02-02 04:44:31",5
"2019-02-02 05:44:30",5
"2019-02-02 06:44:30",5
"2019-02-02 07:44:30",5
"2019-02-02 08:44:29",5
"2019-02-02 09:44:29",5
"2019-02-02 10:44:29",5
"2019-02-02 11:44:29",5
"2019-02-02 12:44:31",5
"2019-02-02 13:44:31",5
"2019-02-02 14:44:32",5
"2019-02-02 15:44:30",5
"2019-02-02 16:44:35",5
"2019-02-02 17:44:33",5
"2019-02-02 18:44:33",5
"2019-02-02 19:44:31",5
"2019-02-02 20:44:33",5
"2019-02-02 21:44:30",5
"2019-02-02 22:44:31",5
"2019-02-02 23:44:31",5
"2019-02-03 00:44:31",5
"2019-02-03 01:44:31",5
"2019-02-03 02:44:32",5
"2019-02-03 03:44:32",5
"2019-02-03 04:44:31",5
"2019-02-03 05:44:28",5
"2019-02-03 06:44:31",5
"2019-02-03 07:44:30",5
"2019-02-03 08:44:29",5
"2019-02-03 09:44:30",5
"2019-02-03 10:44:29",5
"2019-02-03 11:44:31",5
"2019-02-03 12:44:31",5
"2019-02-03 13:44:31",5
"2019-02-03 14:44:32",5
"2019-02-03 15:44:30",5
"2019-02-03 16:44:31",5
"2019-02-03 17:44:32",5
"2019-02-03 18:44:34",5
"2019-02-03 19:44:29",5
"2019-02-03 20:44:31",5
"2019-02-03 21:44:34",5
"2019-02-03 22:44:34",5
"2019-02-03 23:44:33",5
"2019-02-04 00:44:32",5
"2019-02-04 01:44:31",5
"2019-02-04 02:44:33",5
"2019-02-04 03:44:32",5
"2019-02-04 04:44:32",5
"2019-02-04 05:44:30",5
"2019-02-04 06:44:30",5
"2019-02-04 07:44:30",5
"2019-02-04 08:44:30",5
"2019-02-04 09:44:30",5
"2019-02-04 10:44:31",5
"2019-02-04 11:44:31",5
"2019-02-04 12:44:29",5
"2019-02-04 13:44:30",5
"2019-02-04 14:44:32",5
"2019-02-04 15:44:33",5
"2019-02-04 16:44:32",5
"2019-02-04 17:44:31",5
"2019-02-04 18:44:33",5
"2019-02-04 19:44:31",5
"2019-02-04 20:44:34",5
"2019-02-04 21:44:33",5
"2019-02-04 22:44:33",5
"2019-02-04 23:44:33",5
"2019-02-05 00:44:32",5
"2019-02-05 01:44:36",5
"2019-02-05 02:44:33",5
"2019-02-05 03:44:33",5
"2019-02-05 04:44:49",5
"2019-02-05 05:44:32",5
"2019-02-05 06:44:33",5
"2019-02-05 07:44:32",5
"2019-02-05 08:44:34",5
"2019-02-05 09:44:32",5
"2019-02-05 10:44:32",5
"2019-02-05 11:44:30",5
"2019-02-05 12:44:30",5
"2019-02-05 13:44:31",5
"2019-02-05 14:44:33",5
"2019-02-05 15:44:31",5
"2019-02-05 16:44:35",5
"2019-02-05 17:44:33",5
"2019-02-05 18:44:36",5
"2019-02-05 19:44:35",5
"2019-02-05 20:44:33",5
"2019-02-05 21:44:32",5
"2019-02-05 22:44:34",5
"2019-02-05 23:44:37",5
"2019-02-06 00:44:33",5
"2019-02-06 01:44:32",5
"2019-02-06 02:44:32",5
"2019-02-06 03:44:33",5
"2019-02-06 04:44:33",5
"2019-02-06 05:44:32",5
"2019-02-06 06:44:36",5
"2019-02-06 07:44:34",5
"2019-02-06 08:44:27",5
"2019-02-06 09:44:27",5
"2019-02-07 02:44:41",5
"2019-02-07 03:44:31",5
"2019-02-07 04:44:31",5
"2019-02-07 05:44:31",5
"2019-02-07 06:44:29",5
"2019-02-07 07:44:29",5
"2019-02-07 08:44:30",5
"2019-02-07 09:44:30",5
"2019-02-07 10:44:34",5
"2019-02-07 11:44:35",5
"2019-02-07 12:44:33",5
"2019-02-07 13:44:34",5
"2019-02-07 15:08:05",5
"2019-02-07 15:44:35",5
"2019-02-07 16:44:37",5
"2019-02-07 17:44:33",5
"2019-02-07 18:44:38",5
"2019-02-07 19:44:38",5
"2019-02-07 20:44:35",5
"2019-02-07 21:44:34",5
"2019-02-07 22:44:34",5
"2019-02-07 23:44:35",5
"2019-02-08 00:45:06",5
"2019-02-08 01:44:34",5
"2019-02-08 02:44:35",5
"2019-02-08 03:44:40",5
"2019-02-08 04:44:35",5
"2019-02-08 05:44:34",5
"2019-02-08 06:44:32",5
"2019-02-08 07:44:33",5
"2019-02-08 08:44:32",5
"2019-02-08 09:44:35",5
"2019-02-08 10:44:34",5
"2019-02-08 11:44:35",5
"2019-02-08 12:44:36",5
"2019-02-08 13:44:36",5
"2019-02-08 15:09:08",5
"2019-02-08 15:44:33",5
"2019-02-08 16:44:34",5
"2019-02-08 17:44:38",5
"2019-02-08 18:44:39",5
"2019-02-08 19:44:40",5
"2019-02-08 20:44:38",5
"2019-02-08 21:44:36",5
"2019-02-08 22:44:34",5
"2019-02-08 23:44:34",5
"2019-02-09 00:44:35",5
"2019-02-09 01:44:34",5
"2019-02-09 02:44:35",5
"2019-02-09 03:44:33",5
"2019-02-09 04:44:37",5
"2019-02-09 05:44:35",5
"2019-02-09 06:44:35",5
"2019-02-09 07:44:34",5
"2019-02-09 08:44:33",5
"2019-02-09 09:44:34",5
"2019-02-09 10:44:34",5
"2019-02-09 11:44:32",5
"2019-02-09 12:44:36",5
"2019-02-09 13:44:34",5
"2019-02-09 14:44:35",5
"2019-02-09 15:44:37",5
"2019-02-09 16:44:36",5
"2019-02-09 17:44:37",5
"2019-02-09 18:44:35",5
"2019-02-09 19:44:36",5
"2019-02-09 20:44:35",5
"2019-02-09 21:44:37",5
"2019-02-09 22:44:35",5
"2019-02-09 23:44:36",5
"2019-02-10 00:44:34",5
"2019-02-10 01:44:36",5
"2019-02-10 02:44:36",5
"2019-02-10 03:44:34",5
"2019-02-10 04:44:39",5
"2019-02-10 05:44:39",5
"2019-02-10 06:44:38",5
"2019-02-10 07:44:34",5
"2019-02-10 08:44:34",5
"2019-02-10 09:44:34",5
"2019-02-10 10:44:34",5
"2019-02-10 11:44:34",5
"2019-02-10 12:44:34",5
"2019-02-10 13:44:36",5
"2019-02-10 14:44:36",5
"2019-02-10 15:44:38",5
"2019-02-10 16:44:39",5
"2019-02-10 17:44:36",5
"2019-02-10 18:44:36",5
"2019-02-10 19:44:38",5
"2019-02-10 20:44:36",5
"2019-02-10 21:44:35",5
"2019-02-10 22:44:37",5
"2019-02-10 23:44:38",5
"2019-02-11 00:44:38",5
"2019-02-11 01:44:37",5
"2019-02-11 02:44:40",5
"2019-02-11 03:44:39",5
"2019-02-11 04:44:40",5
"2019-02-11 05:44:38",5
"2019-02-11 06:44:38",5
"2019-02-11 07:44:35",5
"2019-02-11 08:44:35",5
"2019-02-11 09:44:35",5
"2019-02-11 10:44:38",5
"2019-02-11 11:44:34",5
"2019-02-11 12:44:34",5
"2019-02-11 13:44:34",5
"2019-02-11 14:44:35",5
"2019-02-11 15:44:34",5
"2019-02-11 16:44:36",5
"2019-02-11 17:44:36",5
"2019-02-11 18:44:36",5
"2019-02-11 19:44:34",5
"2019-02-11 20:44:35",5
"2019-02-11 21:44:33",5
"2019-02-11 22:44:33",5
"2019-02-11 23:44:35",5
"2019-02-12 00:44:34",5
"2019-02-12 01:44:32",5
"2019-02-12 02:44:39",5
"2019-02-12 03:44:34",5
"2019-02-12 04:44:36",5
"2019-02-12 05:44:35",5
"2019-02-12 06:44:35",5
"2019-02-12 07:44:35",5
"2019-02-12 08:44:34",5
"2019-02-12 09:44:35",5
"2019-02-12 10:44:36",5
"2019-02-12 11:44:36",5
"2019-02-12 12:44:35",5
"2019-02-12 13:44:36",5
"2019-02-12 14:44:35",5
"2019-02-12 15:44:39",5
"2019-02-12 16:44:35",5
"2019-02-12 17:44:35",5
"2019-02-12 18:44:35",5
"2019-02-12 19:44:36",5
"2019-02-12 20:44:35",5
"2019-02-12 21:44:36",5
"2019-02-12 22:44:36",5
"2019-02-12 23:44:35",5
"2019-02-13 00:44:36",5
"2019-02-13 01:44:37",5
"2019-02-13 02:44:36",5
"2019-02-13 03:44:36",5
"2019-02-13 04:44:37",5
"2019-02-13 05:44:37",5
"2019-02-13 06:44:35",5
"2019-02-13 07:44:35",5
"2019-02-13 08:44:34",5
"2019-02-13 09:44:34",5
"2019-02-13 10:44:35",5
"2019-02-13 11:44:34",5
"2019-02-13 12:44:37",5
"2019-02-13 13:44:34",5
"2019-02-13 14:44:34",5
"2019-02-13 15:44:36",5
"2019-02-13 16:44:33",5
"2019-02-13 17:44:37",5
"2019-02-13 18:44:33",6
"2019-02-13 19:44:33",6
"2019-02-13 20:44:34",6
"2019-02-13 21:44:34",6
"2019-02-13 22:44:37",6
"2019-02-13 23:44:36",6
"2019-02-14 00:44:34",6
"2019-02-14 01:44:37",6
"2019-02-14 02:44:37",6
"2019-02-14 03:44:38",6
"2019-02-14 04:44:35",6
"2019-02-14 05:44:39",6
"2019-02-14 06:44:34",6
"2019-02-14 07:44:35",6
"2019-02-14 08:44:33",6
"2019-02-14 09:44:33",6
"2019-02-14 10:44:34",6
"2019-02-14 11:44:36",6
"2019-02-14 12:44:34",6
"2019-02-14 13:44:35",6
"2019-02-14 14:44:36",6
"2019-02-14 15:44:37",5
"2019-02-14 16:44:33",5
"2019-02-14 17:44:35",5
"2019-02-14 18:44:35",5
"2019-02-14 19:44:35",5
"2019-02-14 20:44:37",5
"2019-02-14 21:44:35",5
"2019-02-14 22:44:37",5
"2019-02-15 00:44:38",5
"2019-02-15 01:44:38",5
"2019-02-15 02:44:40",5
"2019-02-15 03:44:41",5
"2019-02-15 04:44:42",5
"2019-02-15 05:44:36",5
"2019-02-15 06:44:33",5
"2019-02-15 07:44:37",5
"2019-02-15 08:44:35",5
"2019-02-15 09:44:36",5
"2019-02-15 10:44:36",5
"2019-02-15 11:44:37",5
"2019-02-15 12:44:35",5
"2019-02-15 14:09:38",5
"2019-02-15 14:44:38",5
"2019-02-15 15:44:47",5
"2019-02-15 16:44:41",5
"2019-02-15 17:44:36",5
"2019-02-15 18:44:41",5
"2019-02-15 19:44:38",5
"2019-02-15 20:44:36",5
"2019-02-15 21:44:38",5
"2019-02-15 22:44:39",5
"2019-02-15 23:44:39",5
"2019-02-16 00:44:40",5
"2019-02-16 01:44:45",5
"2019-02-16 02:44:43",5
"2019-02-16 03:44:41",5
"2019-02-16 04:44:36",5
"2019-02-16 05:44:39",5
"2019-02-16 06:44:35",5
"2019-02-16 07:44:35",5
"2019-02-16 08:44:35",5
"2019-02-16 09:44:38",5
"2019-02-16 10:44:37",5
"2019-02-16 11:44:36",5
"2019-02-16 12:44:36",5
"2019-02-16 13:44:41",5
"2019-02-16 14:44:37",5
"2019-02-16 15:44:44",5
"2019-02-16 16:44:35",5
"2019-02-16 17:44:35",5
"2019-02-16 18:44:36",5
"2019-02-16 19:44:35",5
"2019-02-16 20:44:37",5
"2019-02-16 21:44:37",5
"2019-02-16 22:44:36",5
"2019-02-16 23:44:35",5
"2019-02-17 00:44:37",5
"2019-02-17 01:44:35",5
"2019-02-17 02:44:33",5
"2019-02-17 03:44:39",5
"2019-02-17 04:44:35",5
"2019-02-17 05:44:37",5
"2019-02-17 06:44:35",5
"2019-02-17 07:44:36",5
"2019-02-17 08:44:35",5
"2019-02-17 09:44:32",5
"2019-02-17 10:44:35",5
"2019-02-17 11:44:35",5
"2019-02-17 12:44:32",5
"2019-02-17 13:44:35",5
"2019-02-17 14:44:34",5
"2019-02-17 15:44:38",5
"2019-02-17 16:44:35",5
"2019-02-17 17:44:36",5
"2019-02-17 18:44:36",5
"2019-02-17 19:44:37",5
"2019-02-17 20:44:38",5
"2019-02-17 21:44:34",5
"2019-02-17 22:44:34",5
"2019-02-17 23:44:35",5
"2019-02-18 00:44:35",5
"2019-02-18 01:44:36",5
"2019-02-18 02:44:38",5
"2019-02-18 03:44:38",5
"2019-02-18 04:44:34",5
"2019-02-18 05:44:35",5
"2019-02-18 06:44:33",5
"2019-02-18 07:44:35",5
"2019-02-18 08:44:34",5
"2019-02-18 09:44:36",5
"2019-02-18 10:44:33",5
"2019-02-18 11:44:34",5
"2019-02-18 12:44:35",5
"2019-02-18 13:44:38",5
"2019-02-18 14:44:36",5
"2019-02-18 15:44:38",5
"2019-02-18 16:44:36",5
"2019-02-18 17:44:38",5
"2019-02-18 18:44:36",5
"2019-02-18 19:44:36",5
"2019-02-18 20:44:38",5
"2019-02-18 21:44:35",5
"2019-02-18 22:44:34",5
"2019-02-18 23:44:35",5
"2019-02-19 00:44:35",5
"2019-02-19 01:44:38",5
"2019-02-19 02:44:36",5
"2019-02-19 03:44:36",5
"2019-02-19 04:44:36",5
"2019-02-19 05:44:36",5
"2019-02-19 06:44:35",5
"2019-02-19 07:44:34",5
"2019-02-19 08:44:35",5
"2019-02-19 09:44:33",5
"2019-02-19 10:44:32",5
"2019-02-19 11:44:30",5
"2019-02-19 12:44:31",5
"2019-02-19 14:09:06",5
"2019-02-19 14:44:35",5
"2019-02-19 15:44:37",5
"2019-02-19 16:44:36",5
"2019-02-19 17:44:37",5
"2019-02-19 18:44:42",5
"2019-02-19 19:44:37",5
"2019-02-19 20:44:41",5
"2019-02-19 21:44:39",5
"2019-02-19 22:44:40",5
"2019-02-19 23:44:39",5
"2019-02-20 00:44:45",5
"2019-02-20 01:44:40",5
"2019-02-20 02:44:40",5
"2019-02-20 03:44:46",5
"2019-02-20 04:44:42",5
"2019-02-20 05:44:37",5
"2019-02-20 06:44:38",5
"2019-02-20 07:44:35",5
"2019-02-20 08:44:38",5
"2019-02-20 09:44:38",5
"2019-02-20 10:44:36",5
"2019-02-20 11:44:39",5
"2019-02-20 12:44:37",5
"2019-02-20 13:44:38",5
"2019-02-20 14:44:40",5
"2019-02-20 15:44:41",5
"2019-02-20 16:44:39",5
"2019-02-20 17:44:39",5
"2019-02-20 18:44:40",5
"2019-02-20 19:44:42",5
"2019-02-20 20:44:42",5
"2019-02-20 21:44:40",5
"2019-02-20 22:44:41",5
"2019-02-20 23:44:37",5
"2019-02-21 00:44:39",5
"2019-02-21 01:44:40",5
"2019-02-21 02:44:42",5
"2019-02-21 03:44:41",5
"2019-02-21 04:44:38",5
"2019-02-21 05:44:39",5
"2019-02-21 06:44:37",5
"2019-02-21 07:44:36",5
"2019-02-21 08:44:35",5
"2019-02-21 09:44:36",5
"2019-02-21 10:44:36",5
"2019-02-21 11:44:37",5
"2019-02-21 12:44:35",5
"2019-02-21 13:44:35",5
"2019-02-21 14:44:38",5
"2019-02-21 15:44:41",5
"2019-02-21 17:08:38",5
"2019-02-21 17:44:35",5
"2019-02-21 18:44:35",5
"2019-02-21 19:44:36",5
"2019-02-21 20:44:40",5
"2019-02-21 21:44:34",5
"2019-02-21 22:44:36",5
"2019-02-21 23:44:36",5
"2019-02-22 00:44:36",5
"2019-02-22 01:44:40",5
"2019-02-22 02:44:37",5
"2019-02-22 03:44:39",5
"2019-02-22 04:44:37",5
"2019-02-22 05:44:35",5
"2019-02-22 06:44:35",5
"2019-02-22 07:44:39",5
"2019-02-22 08:44:39",5
"2019-02-22 09:44:38",5
"2019-02-22 10:44:36",5
"2019-02-22 11:44:37",5
"2019-02-22 12:44:36",5
"2019-02-22 13:44:34",5
"2019-02-22 14:44:38",5
"2019-02-22 15:44:38",5
"2019-02-22 16:44:36",5
"2019-02-22 17:44:36",5
"2019-02-22 18:44:38",5
"2019-02-22 19:44:35",5
"2019-02-22 20:44:35",5
"2019-02-22 21:44:40",5
"2019-02-22 22:44:36",5
"2019-02-22 23:44:39",5
"2019-02-23 00:44:34",5
"2019-02-23 01:44:39",5
"2019-02-23 02:44:41",5
"2019-02-23 03:44:42",5
"2019-02-23 04:44:38",5
"2019-02-23 05:44:38",5
"2019-02-23 06:44:35",5
"2019-02-23 07:44:36",5
"2019-02-23 08:44:36",5
"2019-02-23 09:44:35",5
"2019-02-23 10:44:36",5
"2019-02-23 11:44:37",5
"2019-02-23 12:44:35",5
"2019-02-23 13:44:35",5
"2019-02-23 14:44:37",5
"2019-02-23 15:44:37",5
"2019-02-23 16:44:35",5
"2019-02-23 17:44:36",5
"2019-02-23 18:44:37",5
"2019-02-23 19:44:36",5
"2019-02-23 20:44:37",5
"2019-02-23 21:44:39",5
"2019-02-23 22:44:35",5
"2019-02-23 23:44:36",5
"2019-02-24 00:44:37",5
"2019-02-24 01:44:36",5
"2019-02-24 02:44:37",5
"2019-02-24 03:44:38",5
"2019-02-24 04:44:37",5
"2019-02-24 05:44:38",5
"2019-02-24 06:44:36",5
"2019-02-24 07:44:37",5
"2019-02-24 08:44:36",5
"2019-02-24 09:44:36",5
"2019-02-24 10:44:34",5
"2019-02-24 11:44:35",5
"2019-02-24 12:44:35",5
"2019-02-24 13:44:35",5
"2019-02-24 14:44:35",5
"2019-02-24 15:44:37",5
"2019-02-24 16:44:36",5
"2019-02-24 17:44:39",5
"2019-02-24 18:44:38",5
"2019-02-24 19:44:38",5
"2019-02-24 20:44:35",5
"2019-02-24 21:44:35",5
"2019-02-24 22:44:37",5
"2019-02-24 23:44:36",5
"2019-02-25 00:44:38",5
"2019-02-25 01:44:36",5
"2019-02-25 02:44:36",5
"2019-02-25 03:44:38",5
"2019-02-25 04:44:36",5
"2019-02-25 05:44:35",5
"2019-02-25 06:44:34",5
"2019-02-25 07:44:36",5
"2019-02-25 08:44:36",5
"2019-02-25 09:44:37",5
"2019-02-25 10:44:34",5
"2019-02-25 11:44:37",5
"2019-02-25 12:44:35",5
"2019-02-25 14:09:40",5
"2019-02-25 14:44:37",5
"2019-02-25 15:44:38",5
"2019-02-25 16:44:37",5
"2019-02-25 17:44:38",5
"2019-02-25 18:44:40",5
"2019-02-25 19:44:35",5
"2019-02-25 20:44:37",5
"2019-02-25 21:44:37",5
"2019-02-25 22:44:36",5
"2019-02-25 23:44:38",5
"2019-02-26 00:44:38",5
"2019-02-26 01:44:37",5
"2019-02-26 02:44:40",5
"2019-02-26 03:44:41",5
"2019-02-26 04:44:40",5
"2019-02-26 05:44:36",5
"2019-02-26 06:44:40",5
"2019-02-26 07:44:40",5
"2019-02-26 08:44:37",5
"2019-02-26 09:44:37",5
"2019-02-26 10:44:34",5
"2019-02-26 11:44:37",5
"2019-02-26 12:44:35",5
"2019-02-26 13:44:36",5
"2019-02-26 14:44:38",5
"2019-02-26 15:44:42",5
"2019-02-26 16:44:38",5
"2019-02-26 17:44:39",5
"2019-02-26 18:44:36",5
"2019-02-26 19:44:43",5
"2019-02-26 20:44:39",5
"2019-02-26 21:44:37",5
"2019-02-26 22:44:40",5
"2019-02-26 23:44:39",5
"2019-02-27 00:44:41",5
"2019-02-27 01:44:42",5
"2019-02-27 03:45:06",5
"2019-02-27 04:44:41",5
"2019-02-27 05:44:40",5
"2019-02-27 06:44:42",5
"2019-02-27 07:44:40",5
"2019-02-27 08:44:38",5
"2019-02-27 09:44:35",5
"2019-02-27 10:44:37",5
"2019-02-27 11:44:41",5
"2019-02-27 12:44:43",5
"2019-02-27 13:44:38",5
"2019-02-27 14:44:41",5
"2019-02-27 15:44:45",5
"2019-02-27 16:44:37",5
"2019-02-27 17:44:37",5
"2019-02-27 18:44:42",5
"2019-02-27 19:44:41",5
"2019-02-27 20:44:38",5
"2019-02-27 21:44:39",5
"2019-02-27 22:44:41",5
"2019-02-27 23:44:38",5
"2019-02-28 00:45:26",5
"2019-02-28 01:44:37",5
"2019-02-28 02:44:40",5
"2019-02-28 04:44:39",5
"2019-02-28 05:44:39",5
"2019-02-28 06:44:36",5
"2019-02-28 07:44:37",5
"2019-02-28 08:44:38",5
"2019-02-28 09:44:36",5
"2019-02-28 10:44:38",5
"2019-02-28 11:44:38",5
"2019-02-28 12:44:38",5
"2019-02-28 13:44:39",5
"2019-02-28 15:08:45",5
"2019-02-28 15:44:34",5
"2019-02-28 16:44:41",5
"2019-02-28 17:44:40",5
"2019-02-28 18:44:44",5
"2019-02-28 19:44:41",5
"2019-02-28 20:44:38",5
"2019-02-28 21:44:37",5
"2019-02-28 22:44:40",5
"2019-02-28 23:44:38",5
"2019-03-01 00:44:38",5
"2019-03-01 01:44:40",5
"2019-03-01 02:44:41",5
"2019-03-01 03:44:43",5
"2019-03-01 04:44:40",5
"2019-03-01 05:44:41",5
"2019-03-01 06:44:39",5
"2019-03-01 07:44:40",5
"2019-03-01 08:44:38",5
"2019-03-01 09:44:36",5
"2019-03-01 10:44:38",5
"2019-03-01 11:44:37",5
"2019-03-01 12:44:36",5
"2019-03-01 13:44:45",5
"2019-03-01 14:44:43",5
"2019-03-01 15:44:40",5
"2019-03-01 16:44:40",5
"2019-03-01 17:44:39",5
"2019-03-01 18:44:41",5
"2019-03-01 19:44:42",5
"2019-03-01 20:44:44",5
"2019-03-01 21:44:44",5
"2019-03-01 22:44:43",5
"2019-03-01 23:44:44",5
"2019-03-02 07:44:40",5
"2019-03-02 08:44:39",5
"2019-03-02 09:44:36",5
"2019-03-02 10:44:37",5
"2019-03-02 11:44:40",5
"2019-03-02 15:44:44",5
"2019-03-02 16:44:40",5
"2019-03-02 17:44:39",5
"2019-03-04 02:44:42",5
"2019-03-04 07:44:42",5
"2019-03-04 10:44:38",5
"2019-03-04 11:44:37",5
"2019-03-04 12:44:34",5
"2019-03-04 13:44:33",5
"2019-03-04 14:44:41",5
"2019-03-04 15:44:36",5
"2019-03-04 16:44:40",5
"2019-03-04 17:44:40",5
"2019-03-04 18:44:37",5
"2019-03-04 19:44:42",5
"2019-03-04 20:44:40",5
"2019-03-04 21:44:39",5
"2019-03-04 22:44:41",5
"2019-03-04 23:44:39",5
"2019-03-05 00:44:41",5
"2019-03-05 01:44:39",5
"2019-03-05 02:44:43",5
"2019-03-05 03:44:43",5
"2019-03-05 04:44:40",5
"2019-03-05 05:44:39",5
"2019-03-05 06:44:37",5
"2019-03-05 07:44:38",5
"2019-03-05 08:44:37",5
"2019-03-05 09:44:39",5
"2019-03-05 10:44:36",5
"2019-03-05 11:44:34",5
"2019-03-05 12:44:37",5
"2019-03-05 14:09:49",5
"2019-03-05 14:44:38",5
"2019-03-05 15:44:43",5
"2019-03-05 16:44:42",5
"2019-03-05 17:44:41",5
"2019-03-05 18:44:41",5
"2019-03-05 19:44:40",5
"2019-03-05 20:44:41",5
"2019-03-05 21:44:40",5
"2019-03-05 22:44:43",5
"2019-03-05 23:44:43",5
"2019-03-06 00:44:43",5
"2019-03-06 01:44:41",5
"2019-03-06 02:44:41",5
"2019-03-06 03:44:43",5
"2019-03-06 04:44:44",5
"2019-03-06 05:44:43",5
"2019-03-06 06:44:45",5
"2019-03-06 07:44:40",5
"2019-03-06 08:44:37",5
"2019-03-06 09:44:38",5
"2019-03-06 10:44:41",5
"2019-03-06 11:45:41",5
"2019-03-06 12:44:59",5
"2019-03-06 14:09:35",5
"2019-03-06 14:45:17",5
"2019-03-06 15:45:08",5
"2019-03-06 16:44:36",5
"2019-03-06 17:44:45",5
"2019-03-06 18:44:43",5
"2019-03-06 19:44:40",5
"2019-03-06 20:44:40",5
"2019-03-06 21:44:40",5
"2019-03-06 22:44:39",5
"2019-03-06 23:44:40",5
"2019-03-07 00:44:40",5
"2019-03-07 01:44:42",5
"2019-03-07 02:44:44",5
"2019-03-07 04:44:49",5
"2019-03-07 05:44:43",5
"2019-03-07 06:44:39",5
"2019-03-07 07:44:40",5
"2019-03-07 08:44:40",5
"2019-03-07 09:44:40",5
"2019-03-07 10:44:38",5
"2019-03-07 11:44:39",5
"2019-03-07 12:44:38",5
"2019-03-07 13:44:40",5
"2019-03-07 14:44:43",5
"2019-03-07 15:44:38",5
"2019-03-07 16:44:41",5
"2019-03-07 17:44:44",5
"2019-03-07 18:44:42",5
"2019-03-07 20:09:14",5
"2019-03-07 20:44:40",5
"2019-03-07 21:44:42",5
"2019-03-07 22:44:45",5
"2019-03-07 23:44:38",5
"2019-03-08 00:44:40",5
"2019-03-08 01:44:41",5
"2019-03-08 02:44:39",5
"2019-03-08 04:44:39",5
"2019-03-08 05:44:39",5
"2019-03-08 06:44:39",5
"2019-03-08 07:44:39",5
"2019-03-08 08:44:38",5
"2019-03-08 09:44:38",5
"2019-03-08 10:44:37",5
"2019-03-08 11:44:37",5
"2019-03-08 12:44:38",5
"2019-03-08 14:09:45",5
"2019-03-08 14:44:37",5
"2019-03-08 15:44:43",5
"2019-03-08 16:44:37",5
"2019-03-08 17:44:37",5
"2019-03-08 18:44:41",5
"2019-03-08 19:44:41",5
"2019-03-08 20:44:35",5
"2019-03-08 21:44:44",5
"2019-03-08 22:44:36",5
"2019-03-08 23:44:42",5
"2019-03-09 00:44:46",5
"2019-03-09 01:44:42",5
"2019-03-09 02:44:39",5
"2019-03-09 03:44:42",5
"2019-03-09 04:44:41",5
"2019-03-09 05:44:39",5
"2019-03-09 06:44:37",5
"2019-03-09 07:44:37",5
"2019-03-09 08:44:35",5
"2019-03-09 09:44:33",5
"2019-03-09 10:44:36",5
"2019-03-09 11:44:35",5
"2019-03-09 12:44:36",5
"2019-03-09 13:44:35",5
"2019-03-09 14:44:38",5
"2019-03-09 15:44:40",5
"2019-03-09 16:44:38",5
"2019-03-09 17:44:38",5
"2019-03-09 18:44:38",5
"2019-03-09 19:44:38",5
"2019-03-09 20:44:37",5
"2019-03-09 21:44:36",5
"2019-03-09 22:44:38",5
"2019-03-09 23:44:37",5
"2019-03-10 00:44:38",5
"2019-03-10 01:44:39",5
"2019-03-10 02:44:40",5
"2019-03-10 03:44:38",5
"2019-03-10 04:44:37",5
"2019-03-10 05:44:37",5
"2019-03-10 06:44:38",5
"2019-03-10 07:44:35",5
"2019-03-10 08:44:34",5
"2019-03-10 09:44:36",5
"2019-03-10 10:44:35",5
"2019-03-10 11:44:36",5
"2019-03-10 12:44:37",5
"2019-03-10 13:44:35",5
"2019-03-10 14:44:35",5
"2019-03-10 15:44:41",5
"2019-03-10 16:44:38",5
"2019-03-10 17:44:42",5
"2019-03-10 18:44:43",5
"2019-03-10 19:44:38",5
"2019-03-10 20:44:37",5
"2019-03-10 21:44:37",5
"2019-03-10 22:44:35",5
"2019-03-10 23:44:38",5
"2019-03-11 00:44:38",5
"2019-03-11 01:44:40",5
"2019-03-11 02:44:38",5
"2019-03-11 03:44:37",5
"2019-03-11 04:44:38",5
"2019-03-11 05:44:38",5
"2019-03-11 06:44:36",5
"2019-03-11 07:44:36",5
"2019-03-11 08:44:34",5
"2019-03-11 09:44:37",5
"2019-03-11 10:44:37",5
"2019-03-11 11:44:35",5
"2019-03-11 12:44:42",5
"2019-03-11 13:44:41",5
"2019-03-11 14:44:40",5
"2019-03-11 15:44:37",5
"2019-03-11 16:44:38",5
"2019-03-11 17:44:37",5
"2019-03-11 18:44:38",5
"2019-03-11 19:44:37",5
"2019-03-11 20:44:37",5
"2019-03-11 21:44:40",5
"2019-03-11 22:44:37",5
"2019-03-11 23:44:40",5
"2019-03-12 00:44:42",5
"2019-03-12 01:44:37",5
"2019-03-12 02:44:38",5
"2019-03-12 03:44:41",5
"2019-03-12 04:44:38",5
"2019-03-12 05:44:39",5
"2019-03-12 06:44:39",5
"2019-03-12 07:44:35",5
"2019-03-12 08:44:36",5
"2019-03-12 09:44:36",5
"2019-03-12 10:44:40",5
"2019-03-12 11:44:37",5
"2019-03-12 12:44:40",5
"2019-03-12 13:44:39",5
"2019-03-12 14:44:37",5
"2019-03-12 15:44:37",5
"2019-03-12 16:44:38",5
"2019-03-12 17:44:37",5
"2019-03-12 18:44:39",5
"2019-03-12 19:44:37",5
"2019-03-12 20:44:39",5
"2019-03-12 21:44:38",5
"2019-03-12 22:44:40",5
"2019-03-12 23:44:42",5
"2019-03-13 00:44:41",5
"2019-03-13 01:44:41",5
"2019-03-13 02:44:39",5
"2019-03-13 03:44:41",5
"2019-03-13 04:44:41",5
"2019-03-13 05:44:40",5
"2019-03-13 06:44:38",5
"2019-03-13 07:44:42",5
"2019-03-13 08:44:37",5
"2019-03-13 09:44:38",5
"2019-03-13 10:44:36",5
"2019-03-13 11:44:36",5
"2019-03-13 13:08:40",5
"2019-03-13 13:44:38",5
"2019-03-13 14:44:38",5
"2019-03-13 15:44:39",5
"2019-03-13 16:44:40",5
"2019-03-13 17:44:41",5
"2019-03-13 18:44:36",5
"2019-03-13 19:44:40",5
"2019-03-13 20:44:38",5
"2019-03-13 21:44:39",5
"2019-03-13 22:44:37",5
"2019-03-13 23:44:39",5
"2019-03-14 00:44:37",5
"2019-03-14 01:44:40",5
"2019-03-14 02:44:40",5
"2019-03-14 03:44:37",5
"2019-03-14 04:44:39",5
"2019-03-14 05:44:37",5
"2019-03-14 06:44:39",5
"2019-03-14 07:44:38",5
"2019-03-14 08:44:36",5
"2019-03-14 09:44:35",5
"2019-03-14 10:44:40",5
"2019-03-14 11:44:38",5
"2019-03-14 13:09:12",5
"2019-03-14 13:44:38",5
"2019-03-14 14:44:40",5
"2019-03-14 15:44:40",5
"2019-03-14 16:44:39",5
"2019-03-14 17:44:40",5
"2019-03-14 18:44:37",5
"2019-03-14 19:44:45",5
"2019-03-14 20:44:39",5
"2019-03-14 21:44:40",5
"2019-03-14 22:44:44",5
"2019-03-14 23:44:43",5
"2019-03-15 00:44:40",5
"2019-03-15 01:44:40",5
"2019-03-15 02:44:41",5
"2019-03-15 03:44:40",5
"2019-03-15 04:44:39",5
"2019-03-15 05:44:37",5
"2019-03-15 06:44:36",5
"2019-03-15 07:44:39",5
"2019-03-15 08:44:41",5
"2019-03-15 09:44:40",5
"2019-03-15 10:44:43",5
"2019-03-15 11:44:41",5
"2019-03-15 12:44:40",5
"2019-03-15 13:44:42",5
"2019-03-15 14:44:40",5
"2019-03-15 15:44:44",5
"2019-03-15 16:44:43",5
"2019-03-15 17:44:44",5
"2019-03-15 18:44:41",5
"2019-03-15 19:44:40",5
"2019-03-15 20:44:41",5
"2019-03-15 21:44:39",5
"2019-03-15 22:44:39",5
"2019-03-15 23:44:43",5
"2019-03-16 00:44:41",5
"2019-03-16 01:44:38",5
"2019-03-16 02:44:41",5
"2019-03-16 03:44:42",5
"2019-03-16 04:44:43",5
"2019-03-16 05:44:43",5
"2019-03-16 06:44:41",5
"2019-03-16 07:44:40",5
"2019-03-16 08:44:43",5
"2019-03-16 09:44:40",5
"2019-03-16 10:44:39",5
"2019-03-16 11:44:40",5
"2019-03-16 12:44:39",5
"2019-03-16 13:44:41",5
"2019-03-16 14:44:39",5
"2019-03-16 15:44:41",5
"2019-03-16 16:44:40",5
"2019-03-16 17:44:40",5
"2019-03-16 18:44:39",5
"2019-03-16 19:44:38",5
"2019-03-16 20:44:41",5
"2019-03-16 21:44:42",5
"2019-03-16 22:44:42",5
"2019-03-16 23:44:39",5
"2019-03-17 00:44:42",5
"2019-03-17 01:44:40",5
"2019-03-17 02:44:46",5
"2019-03-17 03:44:42",5
"2019-03-17 04:44:42",5
"2019-03-17 05:44:42",5
"2019-03-17 06:44:40",5
"2019-03-17 07:44:39",5
"2019-03-17 08:44:37",5
"2019-03-17 09:44:41",5
"2019-03-17 10:44:37",5
"2019-03-17 11:44:38",5
"2019-03-17 12:44:38",5
"2019-03-17 13:44:38",5
"2019-03-17 14:44:38",5
"2019-03-17 15:44:37",5
"2019-03-17 16:44:36",5
"2019-03-17 17:44:37",5
"2019-03-17 18:44:39",5
"2019-03-17 19:44:38",5
"2019-03-17 20:44:37",5
"2019-03-17 21:44:36",5
"2019-03-17 22:44:37",5
"2019-03-17 23:44:38",5
"2019-03-18 00:44:39",5
"2019-03-18 01:44:38",5
"2019-03-18 02:44:39",5
"2019-03-18 03:44:39",5
"2019-03-18 04:44:38",5
"2019-03-18 05:44:36",5
"2019-03-18 06:44:37",5
"2019-03-18 07:44:38",5
"2019-03-18 08:44:36",5
"2019-03-18 09:44:38",5
"2019-03-18 10:44:37",5
"2019-03-18 11:44:35",5
"2019-03-18 12:44:39",5
"2019-03-18 13:44:42",5
"2019-03-18 14:44:40",5
"2019-03-18 15:44:45",5
"2019-03-18 16:44:38",5
"2019-03-18 17:44:43",5
"2019-03-18 18:44:43",5
"2019-03-18 19:44:42",5
"2019-03-18 20:44:40",5
"2019-03-18 21:44:41",5
"2019-03-18 22:44:43",5
"2019-03-18 23:44:42",5
"2019-03-19 00:44:45",5
"2019-03-19 01:44:42",5
"2019-03-19 02:44:43",5
"2019-03-19 03:44:40",5
"2019-03-19 04:44:40",5
"2019-03-19 05:44:37",5
"2019-03-19 06:44:46",5
"2019-03-19 07:44:41",5
"2019-03-19 08:44:38",5
"2019-03-19 09:44:40",5
"2019-03-19 10:44:41",5
"2019-03-19 11:44:40",5
"2019-03-19 12:44:41",5
"2019-03-19 13:44:40",5
"2019-03-19 14:44:41",5
"2019-03-19 15:44:43",5
"2019-03-19 16:44:40",5
"2019-03-19 17:44:47",5
"2019-03-19 18:44:43",5
"2019-03-19 19:44:45",5
"2019-03-19 20:44:44",5
"2019-03-19 21:44:49",5
"2019-03-19 22:44:47",5
"2019-03-19 23:44:43",5
"2019-03-20 00:44:47",5
"2019-03-20 01:44:45",5
"2019-03-20 02:44:46",5
"2019-03-20 03:44:47",5
"2019-03-20 04:44:45",5
"2019-03-20 05:44:43",5
"2019-03-20 06:44:49",5
"2019-03-20 07:44:49",5
"2019-03-20 08:44:45",5
"2019-03-20 09:44:43",5
"2019-03-20 10:44:44",5
"2019-03-20 11:44:44",5
"2019-03-20 13:08:52",5
"2019-03-20 13:44:45",5
"2019-03-20 14:44:47",5
"2019-03-20 15:44:49",5
"2019-03-20 16:44:43",5
"2019-03-20 17:44:44",5
"2019-03-20 18:44:43",5
"2019-03-20 19:44:42",5
"2019-03-20 20:44:40",5
"2019-03-20 21:44:39",5
"2019-03-20 22:44:41",5
"2019-03-20 23:44:40",5
"2019-03-21 00:44:40",5
"2019-03-21 01:44:39",5
"2019-03-21 02:44:43",5
"2019-03-21 03:44:44",5
"2019-03-21 04:44:40",5
"2019-03-21 05:44:44",5
"2019-03-21 06:44:39",5
"2019-03-21 07:44:38",5
"2019-03-21 08:44:36",5
"2019-03-21 09:44:38",5
"2019-03-21 10:44:41",5
"2019-03-21 11:44:39",5
"2019-03-21 13:09:41",5
"2019-03-21 13:44:37",5
"2019-03-21 14:44:39",5
"2019-03-21 15:44:40",5
"2019-03-21 16:44:37",5
"2019-03-21 17:44:38",5
"2019-03-21 18:44:41",5
"2019-03-21 19:44:38",5
"2019-03-21 20:44:33",5
"2019-03-21 21:44:35",5
"2019-03-21 22:44:35",5
"2019-03-21 23:44:36",5
"2019-03-22 00:44:36",5
"2019-03-22 01:44:36",5
"2019-03-22 02:44:43",5
"2019-03-22 03:44:37",5
"2019-03-22 04:44:35",5
"2019-03-22 05:44:36",5
"2019-03-22 06:44:33",5
"2019-03-22 07:44:34",5
"2019-03-22 08:44:46",5
"2019-03-22 09:44:36",5
"2019-03-22 10:44:35",5
"2019-03-22 11:44:34",5
"2019-03-22 12:44:43",5
"2019-03-22 13:44:35",5
"2019-03-22 14:44:34",5
"2019-03-22 15:44:36",5
"2019-03-22 16:44:37",5
"2019-03-22 17:44:39",5
"2019-03-22 18:44:36",5
"2019-03-22 19:44:35",5
"2019-03-22 20:44:36",5
"2019-03-22 21:44:34",5
"2019-03-22 22:44:35",5
"2019-03-22 23:44:34",5
"2019-03-23 00:44:37",5
"2019-03-23 01:44:44",5
"2019-03-23 02:44:36",5
"2019-03-23 03:44:35",5
"2019-03-23 04:44:34",5
"2019-03-23 05:44:35",5
"2019-03-23 06:44:34",5
"2019-03-23 07:44:40",5
"2019-03-23 08:44:34",5
"2019-03-23 09:44:35",5
"2019-03-23 10:44:34",5
"2019-03-23 11:44:35",5
"2019-03-23 12:44:35",5
"2019-03-23 13:44:39",5
"2019-03-23 14:44:35",5
"2019-03-23 15:44:36",5
"2019-03-23 16:44:34",5
"2019-03-23 17:44:35",5
"2019-03-23 18:44:35",5
"2019-03-23 19:44:40",5
"2019-03-23 20:44:36",5
"2019-03-23 21:44:36",5
"2019-03-23 22:44:34",5
"2019-03-23 23:44:35",5
"2019-03-24 00:44:35",5
"2019-03-24 01:44:36",5
"2019-03-24 02:44:36",5
"2019-03-24 03:44:38",5
"2019-03-24 04:44:44",5
"2019-03-24 05:44:36",5
"2019-03-24 06:44:37",5
"2019-03-24 07:44:36",5
"2019-03-24 08:44:35",5
"2019-03-24 09:44:42",5
"2019-03-24 10:44:38",5
"2019-03-24 11:44:33",5
"2019-03-24 12:44:34",5
"2019-03-24 13:44:39",5
"2019-03-24 14:44:35",5
"2019-03-24 15:44:35",5
"2019-03-24 16:44:35",5
"2019-03-24 17:44:35",5
"2019-03-24 18:44:36",5
"2019-03-24 19:44:36",5
"2019-03-24 20:44:37",5
"2019-03-24 21:44:43",5
"2019-03-24 22:44:37",5
"2019-03-24 23:44:37",5
"2019-03-25 00:44:36",5
"2019-03-25 01:44:36",5
"2019-03-25 02:44:38",5
"2019-03-25 03:44:47",5
"2019-03-25 04:44:37",5
"2019-03-25 05:44:37",5
"2019-03-25 06:44:36",5
"2019-03-25 07:44:36",5
"2019-03-25 08:44:38",5
"2019-03-25 09:44:35",5
"2019-03-25 10:44:37",5
"2019-03-25 11:44:46",5
"2019-03-25 13:08:42",5
"2019-03-25 13:44:43",5
"2019-03-25 14:44:37",5
"2019-03-25 15:44:38",5
"2019-03-25 16:44:37",5
"2019-03-25 17:44:38",5
"2019-03-25 18:44:39",5
"2019-03-25 19:44:42",5
"2019-03-25 20:44:37",5
"2019-03-25 21:44:36",5
"2019-03-25 22:44:52",5
"2019-03-25 23:44:47",5
"2019-03-26 00:44:40",5
"2019-03-26 01:44:39",5
"2019-03-26 02:44:40",5
"2019-03-26 03:44:39",5
"2019-03-26 04:44:37",5
"2019-03-26 05:44:39",5
"2019-03-26 06:44:36",5
"2019-03-26 07:44:36",5
"2019-03-26 08:44:35",5
"2019-03-26 09:44:35",5
"2019-03-26 10:44:41",5
"2019-03-26 11:44:36",5
"2019-03-26 12:44:39",5
"2019-03-26 13:44:47",5
"2019-03-26 14:44:34",5
"2019-03-26 15:44:47",5
"2019-03-26 16:44:42",5
"2019-03-26 17:44:38",5
"2019-03-26 18:44:42",5
"2019-03-26 19:44:47",5
"2019-03-26 20:44:39",5
"2019-03-26 21:44:38",5
"2019-03-26 22:44:38",5
"2019-03-26 23:44:37",5
"2019-03-27 00:44:43",5
"2019-03-27 01:44:37",5
"2019-03-27 02:44:36",5
"2019-03-27 03:44:45",5
"2019-03-27 04:44:41",5
"2019-03-27 05:44:39",5
"2019-03-27 06:44:46",5
"2019-03-27 07:44:37",5
"2019-03-27 08:44:37",5
"2019-03-27 09:44:37",5
"2019-03-27 10:44:42",5
"2019-03-27 11:44:36",5
"2019-03-27 13:09:21",5
"2019-03-27 13:44:39",5
"2019-03-27 14:44:46",5
"2019-03-27 15:44:37",5
"2019-03-27 16:44:40",4
"2019-03-27 17:44:50",4
"2019-03-27 18:44:37",4
"2019-03-27 19:44:35",4
"2019-03-27 20:44:42",4
"2019-03-27 21:44:38",4
"2019-03-27 22:44:50",4
"2019-03-27 23:44:42",4
"2019-03-28 00:44:41",4
"2019-03-28 01:44:38",4
"2019-03-28 02:44:50",4
"2019-03-28 03:44:40",4
"2019-03-28 04:44:44",4
"2019-03-28 05:44:38",4
"2019-03-28 06:44:35",4
"2019-03-28 07:44:36",4
"2019-03-28 08:44:35",4
"2019-03-28 09:44:36",4
"2019-03-28 10:44:36",4
"2019-03-28 11:44:35",4
"2019-03-28 13:09:11",4
"2019-03-28 13:44:43",4
"2019-03-28 14:44:37",4
"2019-03-28 15:44:40",4
"2019-03-28 16:44:41",4
"2019-03-28 17:44:38",4
"2019-03-28 18:44:39",4
"2019-03-28 19:44:38",4
"2019-03-28 20:44:42",4
"2019-03-28 21:44:39",4
"2019-03-28 22:44:37",4
"2019-03-28 23:44:38",4
"2019-03-29 00:44:37",4
"2019-03-29 01:44:55",4
"2019-03-29 02:44:44",4
"2019-03-29 03:44:47",4
"2019-03-29 04:44:43",4
"2019-03-29 05:44:36",4
"2019-03-29 06:44:34",4
"2019-03-29 07:44:36",4
"2019-03-29 08:44:43",4
"2019-03-29 09:44:37",4
"2019-03-29 10:44:38",4
"2019-03-29 11:44:42",4
"2019-03-29 13:09:40",4
"2019-03-29 13:44:39",4
"2019-03-29 14:44:41",4
"2019-03-29 15:44:40",4
"2019-03-29 16:44:34",4
"2019-03-29 17:44:43",4
"2019-03-29 18:44:56",4
"2019-03-29 19:44:42",4
"2019-03-29 20:44:42",3
"2019-03-29 21:44:41",3
"2019-03-29 22:44:47",3
"2019-03-29 23:44:54",3
"2019-03-30 00:44:46",3
"2019-03-30 01:44:44",3
"2019-03-30 02:44:47",3
"2019-03-30 03:44:46",3
"2019-03-30 04:44:47",3
"2019-03-30 05:44:40",3
"2019-03-30 06:44:41",3
"2019-03-30 07:44:42",3
"2019-03-30 08:45:05",3
"2019-03-30 09:44:42",3
"2019-03-30 10:44:43",3
"2019-03-30 11:44:42",3
"2019-03-30 12:44:49",3
"2019-03-30 13:44:36",3
"2019-03-30 14:44:36",3
"2019-03-30 15:44:35",3
"2019-03-30 16:44:35",3
"2019-03-30 17:44:44",3
"2019-03-30 18:44:35",3
"2019-03-30 19:44:36",3
"2019-03-30 20:44:35",3
"2019-03-30 21:44:36",3
"2019-03-30 22:44:43",3
"2019-03-30 23:44:36",3
"2019-03-31 00:44:37",3
"2019-03-31 01:44:40",3
"2019-03-31 02:44:45",3
"2019-03-31 03:44:38",3
"2019-03-31 04:44:36",3
"2019-03-31 05:44:35",3
"2019-03-31 06:44:44",3
"2019-03-31 07:44:37",3
"2019-03-31 08:44:35",3
"2019-03-31 09:44:35",3
"2019-03-31 10:44:40",3
"2019-03-31 11:44:36",3
"2019-03-31 12:44:36",3
"2019-03-31 13:44:40",3
"2019-03-31 14:44:35",3
"2019-03-31 15:44:36",3
"2019-03-31 16:44:39",3
"2019-03-31 17:44:48",3
"2019-03-31 18:44:36",3
"2019-03-31 19:44:37",3
"2019-03-31 20:44:36",3
"2019-03-31 21:44:37",3
"2019-03-31 22:44:36",3
"2019-03-31 23:44:41",3
"2019-04-01 00:44:44",3
"2019-04-01 01:44:40",3
"2019-04-01 02:44:44",3
"2019-04-01 03:44:55",3
"2019-04-01 04:44:39",3
"2019-04-01 05:44:39",3
"2019-04-01 06:44:38",3
"2019-04-01 07:44:44",3
"2019-04-01 08:44:38",3
"2019-04-01 09:44:40",3
"2019-04-01 10:44:46",3
"2019-04-01 11:44:44",3
"2019-04-01 13:44:50",3
"2019-04-01 14:44:45",3
"2019-04-01 15:44:57",3
"2019-04-01 16:44:51",3
"2019-04-01 17:44:43",3
"2019-04-01 18:44:39",3
"2019-04-01 19:44:53",3
"2019-04-01 20:44:40",3
"2019-04-01 21:44:36",3
"2019-04-01 22:44:42",3
"2019-04-01 23:44:41",3
"2019-04-02 00:44:47",3
"2019-04-02 01:45:09",3
"2019-04-02 02:44:41",3
"2019-04-02 03:44:50",3
"2019-04-02 04:44:41",3
"2019-04-02 05:44:38",3
"2019-04-02 06:44:38",3
"2019-04-02 07:44:44",3
"2019-04-02 08:44:39",3
"2019-04-02 09:44:45",3
"2019-04-02 10:44:38",3
"2019-04-02 11:44:37",3
"2019-04-02 13:09:20",3
"2019-04-02 13:44:41",3
"2019-04-02 14:44:37",3
"2019-04-02 15:44:50",3
"2019-04-02 16:44:39",3
"2019-04-02 17:44:48",3
"2019-04-02 18:44:43",3
"2019-04-02 19:44:43",3
"2019-04-02 20:44:50",3
"2019-04-02 21:44:43",3
"2019-04-02 22:44:41",3
"2019-04-02 23:44:42",3
"2019-04-03 00:44:58",3
"2019-04-03 01:44:44",3
"2019-04-03 02:44:41",3
"2019-04-03 03:44:45",3
"2019-04-03 04:44:45",3
"2019-04-03 05:44:45",3
"2019-04-03 06:44:47",3
"2019-04-03 07:44:41",3
"2019-04-03 08:44:41",3
"2019-04-03 09:44:58",3
"2019-04-03 10:44:47",3
"2019-04-03 11:44:44",3
"2019-04-03 13:09:22",3
"2019-04-03 13:44:43",3
"2019-04-03 14:44:50",3
"2019-04-03 15:44:51",4
"2019-04-03 16:44:40",4
"2019-04-03 17:44:38",4
"2019-04-03 18:44:40",4
"2019-04-03 19:44:41",4
"2019-04-03 20:44:43",4
"2019-04-03 21:44:39",4
"2019-04-03 22:44:37",4
"2019-04-03 23:44:46",4
"2019-04-04 00:44:37",4
"2019-04-04 01:44:40",4
"2019-04-04 02:44:40",4
"2019-04-04 03:44:46",4
"2019-04-04 04:44:37",4
"2019-04-04 05:44:36",4
"2019-04-04 06:44:36",4
"2019-04-04 07:44:39",4
"2019-04-04 08:44:44",4
"2019-04-04 09:44:37",4
"2019-04-04 10:44:38",4
"2019-04-04 11:44:45",4
"2019-04-04 12:44:39",4
"2019-04-04 13:44:39",4
"2019-04-04 14:44:49",4
"2019-04-04 15:44:41",4
"2019-04-04 16:44:50",4
"2019-04-04 17:44:37",4
"2019-04-04 18:44:45",4
"2019-04-04 19:44:39",4
"2019-04-04 20:44:38",4
"2019-04-04 21:44:43",4
"2019-04-04 22:44:52",4
"2019-04-04 23:44:39",4
"2019-04-05 00:44:41",4
"2019-04-05 01:44:38",4
"2019-04-05 02:44:38",4
"2019-04-05 03:44:54",4
"2019-04-05 04:44:40",4
"2019-04-05 05:44:38",4
"2019-04-05 06:44:37",4
"2019-04-05 07:44:38",4
"2019-04-05 08:44:51",4
"2019-04-05 09:44:40",4
"2019-04-05 10:44:47",4
"2019-04-05 11:44:39",4
"2019-04-05 13:08:48",4
"2019-04-05 13:44:44",4
"2019-04-05 14:44:43",4
"2019-04-05 15:44:48",4
"2019-04-05 16:44:38",4
"2019-04-05 17:44:39",4
"2019-04-05 18:44:42",4
"2019-04-05 19:44:40",4
"2019-04-05 20:44:40",4
"2019-04-05 21:44:45",4
"2019-04-05 22:44:40",4
"2019-04-05 23:44:44",4
"2019-04-06 00:44:43",4
"2019-04-06 01:44:56",4
"2019-04-06 02:44:46",4
"2019-04-06 03:44:45",4
"2019-04-06 04:44:50",4
"2019-04-06 05:44:41",4
"2019-04-06 06:44:40",4
"2019-04-06 07:44:43",4
"2019-04-06 08:44:53",4
"2019-04-06 09:44:40",4
"2019-04-06 10:44:40",4
"2019-04-06 11:44:43",4
"2019-04-06 12:44:42",4
"2019-04-06 13:44:39",4
"2019-04-06 14:44:38",4
"2019-04-06 15:44:47",4
"2019-04-06 16:44:39",4
"2019-04-06 17:44:39",4
"2019-04-06 18:44:40",4
"2019-04-06 19:44:39",4
"2019-04-06 20:44:37",4
"2019-04-06 21:44:50",4
"2019-04-06 22:44:40",4
"2019-04-06 23:44:39",4
"2019-04-07 00:44:39",4
"2019-04-07 01:44:36",4
"2019-04-07 02:44:41",4
"2019-04-07 03:44:48",4
"2019-04-07 04:44:41",4
"2019-04-07 05:44:41",4
"2019-04-07 06:44:43",4
"2019-04-07 07:44:51",4
"2019-04-07 08:44:42",4
"2019-04-07 09:44:46",4
"2019-04-07 10:44:39",4
"2019-04-07 11:44:47",4
"2019-04-07 12:44:43",4
"2019-04-07 13:44:48",4
"2019-04-07 14:44:40",4
"2019-04-07 15:44:44",4
"2019-04-07 16:44:46",4
"2019-04-07 17:44:40",4
"2019-04-07 18:44:40",4
"2019-04-07 19:44:40",4
"2019-04-07 20:44:48",4
"2019-04-07 21:44:38",4
"2019-04-07 22:44:39",4
"2019-04-07 23:44:38",4
"2019-04-08 00:44:53",4
"2019-04-08 01:44:43",4
"2019-04-08 02:44:41",4
"2019-04-08 03:44:40",4
"2019-04-08 04:44:36",4
"2019-04-08 05:44:50",4
"2019-04-08 06:44:37",4
"2019-04-08 07:44:37",4
"2019-04-08 08:44:38",4
"2019-04-08 09:44:40",4
"2019-04-08 10:44:39",4
"2019-04-08 11:44:53",4
"2019-04-08 12:44:39",4
"2019-04-08 13:44:49",4
"2019-04-08 14:44:37",4
"2019-04-08 15:44:44",4
"2019-04-08 16:44:55",4
"2019-04-08 17:44:41",4
"2019-04-08 18:44:40",4
"2019-04-08 19:44:41",4
"2019-04-08 20:44:41",4
"2019-04-08 21:44:43",4
"2019-04-08 22:44:42",4
"2019-04-08 23:44:40",4
"2019-04-09 00:44:48",4
"2019-04-09 01:44:42",4
"2019-04-09 02:44:44",4
"2019-04-09 03:44:42",4
"2019-04-09 04:44:41",4
"2019-04-09 05:44:46",4
"2019-04-09 06:44:41",4
"2019-04-09 07:44:40",4
"2019-04-09 08:44:43",4
"2019-04-09 09:44:55",4
"2019-04-09 10:44:39",4
"2019-04-09 11:44:42",4
"2019-04-09 13:10:00",4
"2019-04-09 13:44:40",4
"2019-04-09 14:44:40",4
"2019-04-09 15:44:56",3
"2019-04-09 16:44:42",3
"2019-04-09 17:44:40",3
"2019-04-09 18:44:41",3
"2019-04-09 19:44:41",3
"2019-04-09 20:44:42",3
"2019-04-09 21:44:41",3
"2019-04-09 22:44:41",3
"2019-04-09 23:44:49",3
"2019-04-10 00:44:42",3
"2019-04-10 01:44:44",3
"2019-04-10 02:44:44",3
"2019-04-10 03:44:47",3
"2019-04-10 04:44:51",3
"2019-04-10 05:44:40",3
"2019-04-10 06:44:40",3
"2019-04-10 07:44:40",3
"2019-04-10 08:44:50",3
"2019-04-10 09:44:42",3
"2019-04-10 10:44:41",3
"2019-04-10 11:44:44",3
"2019-04-10 12:44:53",3
"2019-04-10 13:44:55",3
"2019-04-10 14:44:42",3
"2019-04-10 15:44:45",3
"2019-04-10 16:44:44",3
"2019-04-10 17:44:44",3
"2019-04-10 18:44:48",3
"2019-04-10 19:44:45",3
"2019-04-10 20:44:41",3
"2019-04-10 21:44:38",3
"2019-04-10 22:44:39",3
"2019-04-10 23:44:51",3
"2019-04-11 00:44:41",3
"2019-04-11 01:44:39",3
"2019-04-11 02:44:43",3
"2019-04-11 03:44:46",3
"2019-04-11 04:44:45",3
"2019-04-11 05:44:43",3
"2019-04-11 06:44:38",3
"2019-04-11 18:44:49",3
"2019-04-11 19:44:59",3
"2019-04-11 20:44:42",3
"2019-04-11 21:44:42",3
"2019-04-11 22:44:41",3
"2019-04-11 23:44:42",3
"2019-04-12 00:44:42",3
"2019-04-12 01:44:45",3
"2019-04-12 02:44:51",3
"2019-04-12 03:44:44",3
"2019-04-12 04:44:43",3
"2019-04-12 05:44:43",3
"2019-04-12 06:44:40",3
"2019-04-12 07:44:41",3
"2019-04-12 08:44:42",3
"2019-04-12 09:44:48",3
"2019-04-12 10:44:41",3
"2019-04-12 11:44:41",3
"2019-04-12 13:08:27",3
"2019-04-12 13:44:44",3
"2019-04-12 14:44:40",3
"2019-04-12 15:44:48",3
"2019-04-12 16:44:46",3
"2019-04-12 17:44:42",3
"2019-04-12 18:44:42",3
"2019-04-12 19:44:41",3
"2019-04-12 20:44:41",3
"2019-04-12 21:44:40",3
"2019-04-12 22:44:53",3
"2019-04-12 23:44:40",3
"2019-04-13 00:44:44",3
"2019-04-13 01:44:42",3
"2019-04-13 02:44:44",3
"2019-04-13 03:44:58",3
"2019-04-13 04:44:45",3
"2019-04-13 05:44:42",3
"2019-04-13 06:44:44",3
"2019-04-13 07:44:38",3
"2019-04-13 08:44:42",3
"2019-04-13 09:44:46",3
"2019-04-13 10:44:39",3
"2019-04-13 11:44:43",3
"2019-04-13 12:44:41",3
"2019-04-13 13:44:42",3
"2019-04-13 14:44:47",3
"2019-04-13 15:44:45",3
"2019-04-13 16:44:44",3
"2019-04-13 17:44:40",3
"2019-04-13 18:44:43",3
"2019-04-13 19:44:43",3
"2019-04-13 20:44:42",3
"2019-04-13 21:44:48",3
"2019-04-13 22:44:41",3
"2019-04-13 23:44:40",3
"2019-04-14 00:44:43",3
"2019-04-14 01:44:46",3
"2019-04-14 02:44:42",3
"2019-04-14 03:44:42",3
"2019-04-14 04:44:52",3
"2019-04-14 05:44:41",3
"2019-04-14 06:44:43",3
"2019-04-14 07:44:46",3
"2019-04-14 08:44:41",3
"2019-04-14 09:44:44",3
"2019-04-14 10:44:39",3
"2019-04-14 11:44:46",3
"2019-04-14 12:44:39",3
"2019-04-14 13:44:44",3
"2019-04-14 14:44:51",3
"2019-04-14 15:44:46",3
"2019-04-14 16:44:47",3
"2019-04-14 17:44:43",3
"2019-04-14 18:45:14",3
"2019-04-14 19:44:46",3
"2019-04-14 20:44:48",3
"2019-04-14 21:44:54",3
"2019-04-14 22:44:42",3
"2019-04-14 23:44:44",3
"2019-04-15 00:44:43",3
"2019-04-15 01:44:41",3
"2019-04-15 02:44:43",3
"2019-04-15 03:44:56",3
"2019-04-15 04:44:43",3
"2019-04-15 05:44:43",3
"2019-04-15 06:44:39",3
"2019-04-15 07:44:42",3
"2019-04-15 08:44:47",3
"2019-04-15 09:44:40",3
"2019-04-15 10:44:40",3
"2019-04-15 11:44:41",3
"2019-04-15 13:10:25",3
"2019-04-15 13:44:40",3
"2019-04-15 14:44:43",3
"2019-04-15 15:44:51",3
"2019-04-15 16:44:42",3
"2019-04-15 17:44:48",3
"2019-04-15 18:44:48",3
"2019-04-15 19:45:06",3
"2019-04-15 20:44:42",3
"2019-04-15 21:44:43",3
"2019-04-15 22:44:45",3
"2019-04-15 23:44:49",3
"2019-04-16 00:44:45",3
"2019-04-16 01:44:42",3
"2019-04-16 02:44:45",3
"2019-04-16 03:44:49",3
"2019-04-16 04:44:44",3
"2019-04-16 05:44:42",3
"2019-04-16 06:44:42",3
"2019-04-16 07:44:40",3
"2019-04-16 08:44:56",3
"2019-04-16 09:44:41",3
"2019-04-16 10:44:50",3
"2019-04-16 11:44:40",3
"2019-04-16 13:08:44",3
"2019-04-16 13:44:42",3
"2019-04-16 14:44:47",3
"2019-04-16 15:44:40",3
"2019-04-16 16:44:40",3
"2019-04-16 17:44:38",3
"2019-04-16 18:44:50",3
"2019-04-16 19:44:42",3
"2019-04-16 20:44:42",3
"2019-04-16 21:44:39",3
"2019-04-16 22:44:40",3
"2019-04-16 23:44:40",3
"2019-04-17 00:44:41",3
"2019-04-17 01:44:44",3
"2019-04-17 02:44:50",3
"2019-04-17 03:44:41",3
"2019-04-17 04:44:41",3
"2019-04-17 05:44:42",3
"2019-04-17 06:44:58",3
"2019-04-17 07:44:43",3
"2019-04-17 08:44:40",3
"2019-04-17 09:44:49",3
"2019-04-17 10:44:40",3
"2019-04-17 11:44:42",3
"2019-04-17 13:09:49",3
"2019-04-17 13:44:43",3
"2019-04-17 14:44:41",3
"2019-04-17 15:45:12",3
"2019-04-17 16:44:42",3
"2019-04-17 17:44:49",2
"2019-04-17 18:44:41",2
"2019-04-17 19:44:41",2
"2019-04-17 20:44:42",2
"2019-04-17 21:44:40",2
"2019-04-17 22:44:42",2
"2019-04-18 00:44:41",2
"2019-04-18 01:44:43",2
"2019-04-18 02:44:40",2
"2019-04-18 03:44:52",2
"2019-04-18 04:44:43",2
"2019-04-18 05:44:48",2
"2019-04-18 06:44:41",2
"2019-04-18 07:44:40",2
"2019-04-18 08:44:48",2
"2019-04-18 09:44:41",2
"2019-04-18 10:44:43",2
"2019-04-18 11:44:46",2
"2019-04-18 13:09:45",2
"2019-04-18 13:44:43",2
"2019-04-18 14:44:50",2
"2019-04-18 15:44:43",2
"2019-04-18 16:44:46",2
"2019-04-18 17:44:51",2
"2019-04-18 18:44:43",2
"2019-04-18 19:44:41",2
"2019-04-18 20:44:42",2
"2019-04-18 21:44:45",2
"2019-04-18 22:44:43",2
"2019-04-18 23:44:49",2
"2019-04-19 00:46:17",2
"2019-04-19 02:44:42",2
"2019-04-19 03:44:53",2
"2019-04-19 04:44:42",2
"2019-04-19 05:44:40",2
"2019-04-19 06:44:43",2
"2019-04-19 07:44:49",2
"2019-04-19 08:44:45",2
"2019-04-19 09:44:42",2
"2019-04-19 10:44:44",2
"2019-04-19 11:44:39",2
"2019-04-19 12:44:41",2
"2019-04-19 13:44:45",2
"2019-04-19 14:44:47",2
"2019-04-19 15:44:40",2
"2019-04-19 16:44:44",2
"2019-04-19 17:44:52",2
"2019-04-19 18:44:42",2
"2019-04-19 19:44:41",2
"2019-04-19 20:44:41",2
"2019-04-19 21:44:41",2
"2019-04-19 22:44:41",2
"2019-04-19 23:44:43",2
"2019-04-20 00:44:50",2
"2019-04-20 01:44:45",2
"2019-04-20 02:44:44",2
"2019-04-20 03:44:41",2
"2019-04-20 04:44:49",2
"2019-04-20 05:44:42",2
"2019-04-20 06:44:41",2
"2019-04-20 07:44:46",2
"2019-04-20 08:44:42",2
"2019-04-20 09:44:48",2
"2019-04-20 10:44:43",2
"2019-04-20 11:44:38",2
"2019-04-20 12:44:54",2
"2019-04-20 13:45:56",2
"2019-04-20 14:44:41",2
"2019-04-20 15:44:39",2
"2019-04-20 16:44:46",2
"2019-04-20 17:44:45",2
"2019-04-20 18:44:41",2
"2019-04-20 19:44:41",2
"2019-04-20 20:44:41",2
"2019-04-20 21:44:40",2
"2019-04-20 22:44:41",2
"2019-04-20 23:44:50",2
"2019-04-21 00:44:40",2
"2019-04-21 01:44:41",2
"2019-04-21 02:44:44",2
"2019-04-21 03:44:43",2
"2019-04-21 04:44:46",2
"2019-04-21 05:44:41",2
"2019-04-21 06:44:39",2
"2019-04-21 07:44:48",2
"2019-04-21 08:44:39",2
"2019-04-21 09:44:40",2
"2019-04-21 10:44:43",2
"2019-04-21 11:44:43",2
"2019-04-21 12:44:41",2
"2019-04-21 13:44:40",2
"2019-04-21 14:44:49",2
"2019-04-21 15:44:41",2
"2019-04-21 16:44:43",2
"2019-04-21 17:44:42",2
"2019-04-21 18:44:40",2
"2019-04-21 19:44:49",2
"2019-04-21 20:44:39",2
"2019-04-21 21:44:41",2
"2019-04-21 22:44:39",2
"2019-04-21 23:44:40",2
"2019-04-22 00:44:40",2
"2019-04-22 01:44:45",2
"2019-04-22 02:44:52",2
"2019-04-22 03:44:42",2
"2019-04-22 04:44:38",2
"2019-04-22 05:44:40",2
"2019-04-22 06:44:44",2
"2019-04-22 07:44:43",2
"2019-04-22 08:44:40",2
"2019-04-22 09:44:39",2
"2019-04-22 10:44:46",2
"2019-04-22 11:44:46",2
"2019-04-22 13:10:17",2
"2019-04-22 13:44:46",2
"2019-04-22 14:44:46",2
"2019-04-22 15:44:42",2
"2019-04-22 16:44:42",2
"2019-04-22 17:44:44",2
"2019-04-22 18:44:48",2
"2019-04-22 19:44:46",2
"2019-04-22 20:44:42",2
"2019-04-22 21:44:42",2
"2019-04-22 22:44:42",2
"2019-04-22 23:44:47",2
"2019-04-23 00:44:45",2
"2019-04-23 01:44:41",2
"2019-04-23 02:44:42",2
"2019-04-23 03:44:45",2
"2019-04-23 04:44:48",2
"2019-04-23 05:44:43",2
"2019-04-23 06:45:19",2
"2019-04-23 07:44:42",2
"2019-04-23 08:44:39",2
"2019-04-23 09:44:42",2
"2019-04-23 10:44:45",2
"2019-04-23 11:44:46",2
"2019-04-23 13:10:47",2
"2019-04-23 13:44:42",2
"2019-04-23 14:44:40",2
"2019-04-23 15:44:47",2
"2019-04-23 16:44:43",2
"2019-04-23 17:44:42",2
"2019-04-23 18:44:41",2
"2019-04-23 19:44:44",2
"2019-04-23 20:44:53",2
"2019-04-23 21:44:44",2
"2019-04-23 22:44:41",2
"2019-04-23 23:44:43",2
"2019-04-24 00:44:40",2
"2019-04-24 01:44:43",2
"2019-04-24 02:44:49",2
"2019-04-24 03:44:43",2
"2019-04-24 04:44:42",2
"2019-04-24 05:44:39",2
"2019-04-24 06:44:44",2
"2019-04-24 07:44:49",2
"2019-04-24 08:44:41",2
"2019-04-24 09:44:42",2
"2019-04-24 10:44:48",2
"2019-04-24 11:44:49",2
"2019-04-24 12:44:41",2
"2019-04-24 13:45:00",2
"2019-04-24 14:44:47",2
"2019-04-24 15:44:46",2
"2019-04-24 16:44:46",2
"2019-04-24 17:44:47",2
"2019-04-24 18:44:58",2
"2019-04-24 19:44:44",2
"2019-04-24 20:44:46",2
"2019-04-24 21:44:44",2
"2019-04-24 22:44:42",2
"2019-04-24 23:44:54",2
"2019-04-25 00:44:45",2
"2019-04-25 01:44:44",2
"2019-04-25 02:44:43",2
"2019-04-25 03:44:53",2
"2019-04-25 04:44:42",2
"2019-04-25 05:44:42",2
"2019-04-25 06:44:48",2
"2019-04-25 07:44:42",2
"2019-04-25 08:44:47",2
"2019-04-25 09:44:42",2
"2019-04-25 10:44:47",2
"2019-04-25 11:44:46",2
"2019-04-25 13:09:19",2
"2019-04-25 13:44:43",2
"2019-04-25 14:44:50",2
"2019-04-25 15:44:42",2
"2019-04-25 16:44:48",2
"2019-04-25 17:44:40",2
"2019-04-25 18:44:40",2
"2019-04-25 19:44:47",2
"2019-04-25 20:44:40",2
"2019-04-25 21:44:48",2
"2019-04-25 22:44:41",2
"2019-04-25 23:44:40",2
"2019-04-26 00:44:43",2
"2019-04-26 01:44:49",2
"2019-04-26 02:44:42",2
"2019-04-26 03:44:43",2
"2019-04-26 04:44:45",2
"2019-04-26 05:44:47",2
"2019-04-26 06:44:45",2
"2019-04-26 07:44:40",2
"2019-04-26 08:44:49",2
"2019-04-26 09:44:39",2
"2019-04-26 10:44:51",2
"2019-04-26 11:44:40",2
"2019-04-26 12:44:41",2
"2019-04-26 13:44:47",2
"2019-04-26 14:44:40",2
"2019-04-26 15:44:47",2
"2019-04-26 16:44:39",2
"2019-04-26 17:44:42",2
"2019-04-26 18:44:41",2
"2019-04-26 19:44:40",2
"2019-04-26 20:44:46",2
"2019-04-26 21:44:40",2
"2019-04-26 22:44:40",2
"2019-04-26 23:44:41",2
"2019-04-27 00:44:42",2
"2019-04-27 01:44:46",2
"2019-04-27 02:44:40",2
"2019-04-27 03:44:40",2
"2019-04-27 04:44:38",2
"2019-04-27 05:44:42",2
"2019-04-27 06:44:46",2
"2019-04-27 07:44:38",2
"2019-04-27 08:44:38",2
"2019-04-27 09:44:44",2
"2019-04-27 10:44:41",2
"2019-04-27 11:44:37",2
"2019-04-27 12:44:38",2
"2019-04-27 13:44:43",2
"2019-04-27 14:44:39",2
"2019-04-27 15:44:37",2
"2019-04-27 16:44:40",2
"2019-04-27 17:44:49",2
"2019-04-27 18:44:40",2
"2019-04-27 19:44:36",2
"2019-04-27 20:44:41",2
"2019-04-27 21:44:42",2
"2019-04-27 22:44:38",2
"2019-04-27 23:44:38",2
"2019-04-28 00:44:38",2
"2019-04-28 01:44:40",2
"2019-04-28 02:44:39",2
"2019-04-28 03:44:38",2
"2019-04-28 04:44:47",2
"2019-04-28 05:44:39",2
"2019-04-28 06:44:38",2
"2019-04-28 07:44:37",2
"2019-04-28 08:44:43",2
"2019-04-28 09:44:38",2
"2019-04-28 10:44:43",2
"2019-04-28 11:44:41",2
"2019-04-28 12:44:38",2
"2019-04-28 13:44:38",2
"2019-04-28 14:44:44",2
"2019-04-28 15:44:40",2
"2019-04-28 16:44:37",2
"2019-04-28 17:44:39",2
"2019-04-28 18:44:40",2
"2019-04-28 19:47:53",2
"2019-04-28 20:44:38",2
"2019-04-28 21:44:41",2
"2019-04-28 22:44:39",2
"2019-04-28 23:44:41",2
"2019-04-29 00:44:46",2
"2019-04-29 01:44:37",2
"2019-04-29 02:44:37",2
"2019-04-29 03:44:41",2
"2019-04-29 04:44:44",2
"2019-04-29 05:44:39",2
"2019-04-29 06:44:39",2
"2019-04-29 07:44:40",2
"2019-04-29 08:44:44",2
"2019-04-29 09:44:43",2
"2019-04-29 10:44:38",2
"2019-04-29 11:44:39",2
"2019-04-29 12:44:46",2
"2019-04-29 13:44:38",2
"2019-04-29 14:44:45",2
"2019-04-29 15:44:38",2
"2019-04-29 16:44:43",2
"2019-04-29 17:44:41",2
"2019-04-29 18:44:41",2
"2019-04-29 19:44:43",2
"2019-04-29 20:44:51",2
"2019-04-29 21:44:40",2
"2019-04-29 22:44:38",2
"2019-04-29 23:44:42",2
"2019-04-30 00:44:39",2
"2019-04-30 01:44:42",2
"2019-04-30 02:44:46",2
"2019-04-30 03:44:48",2
"2019-04-30 04:44:42",2
"2019-04-30 05:44:44",2
"2019-04-30 06:44:41",2
"2019-04-30 07:44:41",2
"2019-04-30 08:44:43",2
"2019-04-30 09:44:48",2
"2019-04-30 10:44:44",2
"2019-04-30 11:44:41",2
"2019-04-30 13:08:45",2
"2019-04-30 13:44:45",2
"2019-04-30 14:44:44",2
"2019-04-30 15:44:45",2
"2019-04-30 16:44:45",2
"2019-04-30 17:44:51",2
"2019-04-30 18:44:42",2
"2019-04-30 19:44:46",2
"2019-04-30 20:44:42",2
"2019-04-30 21:44:42",2
"2019-04-30 22:44:39",2
"2019-04-30 23:44:46",2
"2019-05-01 00:44:38",2
"2019-05-01 01:44:50",2
"2019-05-01 02:44:43",2
"2019-05-01 03:44:51",2
"2019-05-01 04:44:49",2
"2019-05-01 05:44:45",2
"2019-05-01 06:44:40",2
"2019-05-01 07:44:45",2
"2019-05-01 08:44:45",2
"2019-05-01 09:44:45",2
"2019-05-01 10:44:39",2
"2019-05-01 11:44:43",2
"2019-05-01 13:08:45",2
"2019-05-01 13:44:46",2
"2019-05-01 14:44:37",2
"2019-05-01 15:44:47",2
"2019-05-01 16:44:42",2
"2019-05-01 17:44:38",2
"2019-05-01 18:44:45",2
"2019-05-01 19:44:51",2
"2019-05-01 20:44:48",2
"2019-05-01 21:44:43",2
"2019-05-01 22:44:47",2
"2019-05-01 23:44:48",2
"2019-05-02 00:44:50",2
"2019-05-02 01:44:43",2
"2019-05-02 02:44:51",2
"2019-05-02 03:44:44",2
"2019-05-02 04:44:51",2
"2019-05-02 05:44:53",2
"2019-05-02 06:44:51",2
"2019-05-02 07:44:47",2
"2019-05-02 08:44:47",2
"2019-05-02 09:44:43",2
"2019-05-02 10:44:48",2
"2019-05-02 11:44:42",2
"2019-05-02 13:44:55",2
"2019-05-02 14:44:44",2
"2019-05-02 15:44:44",2
"2019-05-02 16:44:52",2
"2019-05-02 17:44:45",2
"2019-05-02 18:44:45",2
"2019-05-02 19:44:54",2
"2019-05-02 20:44:46",2
"2019-05-02 21:44:49",2
"2019-05-02 22:44:56",2
"2019-05-02 23:44:43",2
"2019-05-03 00:44:45",2
"2019-05-03 01:44:56",2
"2019-05-03 02:44:46",2
"2019-05-03 03:44:55",2
"2019-05-03 04:44:45",2
"2019-05-03 05:45:04",2
"2019-05-03 06:44:50",2
"2019-05-03 07:44:50",2
"2019-05-03 08:44:50",2
"2019-05-03 09:44:48",2
"2019-05-03 10:44:54",2
"2019-05-03 11:44:48",2
"2019-05-03 13:07:59",2
"2019-05-03 13:45:02",2
"2019-05-03 14:44:54",2
"2019-05-03 15:44:51",2
"2019-05-03 16:44:50",2
"2019-05-03 17:44:53",2
"2019-05-03 18:45:01",2
"2019-05-03 19:44:57",2
"2019-05-03 20:44:45",2
"2019-05-03 21:44:58",2
"2019-05-03 22:44:46",2
"2019-05-03 23:44:54",2
"2019-05-04 00:44:50",2
"2019-05-04 01:44:52",2
"2019-05-04 02:44:55",2
"2019-05-04 03:45:00",2
"2019-05-04 04:44:52",2
"2019-05-04 05:44:50",2
"2019-05-04 06:44:53",2
"2019-05-04 07:44:52",2
"2019-05-04 08:44:45",2
"2019-05-04 09:44:48",2
"2019-05-04 10:44:44",2
"2019-05-04 11:44:50",2
"2019-05-04 12:44:53",2
"2019-05-04 13:44:54",2
"2019-05-04 14:44:46",2
"2019-05-04 15:44:47",2
"2019-05-04 16:44:49",2
"2019-05-04 17:44:45",2
"2019-05-04 18:44:46",2
"2019-05-04 19:44:49",2
"2019-05-04 20:44:44",2
"2019-05-04 21:44:46",2
"2019-05-04 22:44:48",2
"2019-05-04 23:44:52",2
"2019-05-05 00:44:47",2
"2019-05-05 01:44:53",2
"2019-05-05 02:44:46",2
"2019-05-05 03:44:51",2
"2019-05-05 04:44:52",2
"2019-05-05 05:44:53",2
"2019-05-05 06:44:53",2
"2019-05-05 07:44:47",2
"2019-05-05 08:44:43",2
"2019-05-05 09:44:43",2
"2019-05-05 10:44:46",2
"2019-05-05 11:44:48",2
"2019-05-05 12:44:47",2
"2019-05-05 13:44:48",2
"2019-05-05 14:44:48",2
"2019-05-05 15:44:46",2
"2019-05-05 16:44:45",2
"2019-05-05 17:44:53",2
"2019-05-05 18:44:46",2
"2019-05-05 19:44:44",2
"2019-05-05 20:44:46",2
"2019-05-05 21:44:47",2
"2019-05-05 22:44:49",2
"2019-05-05 23:44:49",2
"2019-05-06 00:44:45",2
"2019-05-06 01:44:44",2
"2019-05-06 02:44:45",2
"2019-05-06 03:44:51",2
"2019-05-06 04:44:42",2
"2019-05-06 05:44:42",2
"2019-05-06 06:44:43",2
"2019-05-06 07:44:49",2
"2019-05-06 08:44:44",2
"2019-05-06 09:44:41",2
"2019-05-06 10:44:48",2
"2019-05-06 11:44:48",2
"2019-05-06 13:10:00",2
"2019-05-06 13:45:03",2
"2019-05-06 14:45:02",2
"2019-05-06 15:44:43",2
"2019-05-06 16:44:47",2
"2019-05-06 17:36:39",2
"2019-05-06 17:44:44",2
"2019-05-06 18:44:47",2
"2019-05-06 19:44:49",2
"2019-05-06 20:44:41",2
"2019-05-06 21:44:41",2
"2019-05-06 22:44:45",2
"2019-05-06 23:44:40",2
"2019-05-07 00:44:42",2
"2019-05-07 01:44:54",2
"2019-05-07 02:44:43",2
"2019-05-07 03:44:46",2
"2019-05-07 04:44:45",2
"2019-05-07 05:44:42",2
"2019-05-07 06:44:40",2
"2019-05-07 07:44:42",2
"2019-05-07 08:44:38",2
"2019-05-07 09:44:45",2
"2019-05-07 10:44:41",2
"2019-05-07 11:44:39",2
"2019-05-07 12:44:48",2
"2019-05-07 13:44:45",2
"2019-05-07 14:44:41",2
"2019-05-07 15:44:39",2
"2019-05-07 16:44:46",2
"2019-05-07 17:44:46",2
"2019-05-07 18:44:42",2
"2019-05-07 19:44:48",2
"2019-05-07 20:44:43",2
"2019-05-07 21:44:41",2
"2019-05-07 22:44:41",2
"2019-05-07 23:44:46",2
"2019-05-08 00:44:41",2
"2019-05-08 01:44:43",2
"2019-05-08 02:44:43",2
"2019-05-08 03:44:48",2
"2019-05-08 04:44:44",2
"2019-05-08 05:44:44",2
"2019-05-08 06:44:44",2
"2019-05-08 07:44:42",2
"2019-05-08 08:44:40",2
"2019-05-08 09:44:50",2
"2019-05-08 10:44:41",2
"2019-05-08 11:44:45",2
"2019-05-08 13:08:48",2
"2019-05-08 13:44:44",2
"2019-05-08 14:44:49",2
"2019-05-08 15:44:47",2
"2019-05-08 16:44:45",2
"2019-05-08 17:44:47",2
"2019-05-08 18:44:52",2
"2019-05-08 19:44:44",2
"2019-05-08 20:44:41",2
"2019-05-08 21:44:44",2
"2019-05-08 22:44:42",2
"2019-05-08 23:44:54",2
"2019-05-09 00:44:43",2
"2019-05-09 01:44:45",2
"2019-05-09 02:44:47",2
"2019-05-09 03:44:53",2
"2019-05-09 04:44:53",2
"2019-05-09 05:44:44",2
"2019-05-09 06:44:50",2
"2019-05-09 07:44:47",2
"2019-05-09 08:44:46",2
"2019-05-09 09:44:52",2
"2019-05-09 10:44:44",2
"2019-05-09 11:44:49",2
"2019-05-09 13:08:19",2
"2019-05-09 13:44:45",2
"2019-05-09 14:44:47",2
"2019-05-09 15:44:49",2
"2019-05-09 16:44:46",2
"2019-05-09 17:44:53",2
"2019-05-09 18:44:46",2
"2019-05-09 19:44:47",2
"2019-05-09 20:44:46",2
"2019-05-09 21:44:43",2
"2019-05-09 22:44:53",2
"2019-05-09 23:44:43",2
"2019-05-10 00:44:45",2
"2019-05-10 01:44:48",2
"2019-05-10 02:44:58",2
"2019-05-10 03:44:44",2
"2019-05-10 04:44:55",2
"2019-05-10 05:44:44",2
"2019-05-10 06:45:17",2
"2019-05-10 07:44:42",2
"2019-05-10 08:44:50",2
"2019-05-10 09:44:44",2
"2019-05-10 10:44:47",2
"2019-05-10 11:44:44",2
"2019-05-10 12:44:53",2
"2019-05-10 13:44:44",2
"2019-05-10 14:44:49",2
"2019-05-10 15:44:44",2
"2019-05-10 16:44:44",2
"2019-05-10 17:44:45",2
"2019-05-10 18:44:52",2
"2019-05-10 19:44:44",2
"2019-05-10 20:44:43",2
"2019-05-10 21:44:44",2
"2019-05-10 22:44:48",2
"2019-05-10 23:44:47",2
"2019-05-11 00:44:55",2
"2019-05-11 01:44:44",2
"2019-05-11 02:44:53",2
"2019-05-11 03:44:44",2
"2019-05-11 04:44:44",2
"2019-05-11 05:44:57",2
"2019-05-11 06:44:42",2
"2019-05-11 07:44:42",2
"2019-05-11 08:44:50",2
"2019-05-11 09:44:42",2
"2019-05-11 10:44:53",2
"2019-05-11 11:44:43",2
"2019-05-11 12:44:43",2
"2019-05-11 13:44:49",2
"2019-05-11 14:44:43",2
"2019-05-11 15:44:46",2
"2019-05-11 16:44:55",2
"2019-05-11 17:44:44",2
"2019-05-11 18:44:46",2
"2019-05-11 19:44:45",2
"2019-05-11 20:44:44",2
"2019-05-11 21:44:49",2
"2019-05-11 22:44:48",2
"2019-05-11 23:44:45",2
"2019-05-12 00:44:43",2
"2019-05-12 01:44:45",2
"2019-05-12 02:44:45",2
"2019-05-12 03:44:52",2
"2019-05-12 04:44:44",2
"2019-05-12 05:44:46",2
"2019-05-12 06:44:43",2
"2019-05-12 07:44:50",2
"2019-05-12 08:44:42",2
"2019-05-12 09:44:47",2
"2019-05-12 10:44:43",2
"2019-05-12 11:44:42",2
"2019-05-12 12:44:42",2
"2019-05-12 13:44:48",2
"2019-05-12 14:44:43",2
"2019-05-12 15:44:43",2
"2019-05-12 16:44:46",2
"2019-05-12 17:44:51",2
"2019-05-12 18:44:43",2
"2019-05-12 19:44:43",2
"2019-05-12 20:44:43",2
"2019-05-12 21:44:41",2
"2019-05-12 22:44:52",2
"2019-05-12 23:44:42",2
"2019-05-13 00:44:46",2
"2019-05-13 01:44:41",2
"2019-05-13 02:44:41",2
"2019-05-13 03:44:47",2
"2019-05-13 04:44:40",2
"2019-05-13 05:44:40",2
"2019-05-13 06:44:47",2
"2019-05-13 07:44:39",2
"2019-05-13 08:44:41",2
"2019-05-13 09:44:43",2
"2019-05-13 10:44:47",2
"2019-05-13 11:44:43",2
"2019-05-13 13:08:18",2
"2019-05-13 13:44:43",2
"2019-05-13 14:44:42",2
"2019-05-13 15:44:49",2
"2019-05-13 16:44:44",2
"2019-05-13 17:44:44",2
"2019-05-13 18:44:45",2
"2019-05-13 19:44:47",2
"2019-05-13 20:44:42",2
"2019-05-13 21:44:44",2
"2019-05-13 22:44:42",2
"2019-05-13 23:44:43",2
"2019-05-14 00:45:04",2
"2019-05-14 01:44:42",2
"2019-05-14 02:44:45",2
"2019-05-14 03:44:51",2
"2019-05-14 04:44:44",2
"2019-05-14 05:44:42",2
"2019-05-14 06:44:52",2
"2019-05-14 07:44:45",2
"2019-05-14 08:44:45",2
"2019-05-14 09:44:50",2
"2019-05-14 10:44:43",2
"2019-05-14 11:44:43",2
"2019-05-14 13:07:50",2
"2019-05-14 13:44:48",2
"2019-05-14 14:44:44",2
"2019-05-14 15:44:48",2
"2019-05-14 16:44:46",2
"2019-05-14 17:44:48",2
"2019-05-14 18:44:46",2
"2019-05-14 19:44:42",2
"2019-05-14 20:44:43",2
"2019-05-14 21:44:42",2
"2019-05-14 22:44:49",2
"2019-05-14 23:44:45",2
"2019-05-15 00:44:44",2
"2019-05-15 01:44:45",2
"2019-05-15 02:44:44",2
"2019-05-15 03:44:49",2
"2019-05-15 04:44:46",2
"2019-05-15 05:44:47",2
"2019-05-15 06:44:49",2
"2019-05-15 07:44:46",2
"2019-05-15 08:44:47",2
"2019-05-15 09:44:52",2
"2019-05-15 10:44:54",2
"2019-05-15 11:44:44",2
"2019-05-15 13:08:50",2
"2019-05-15 13:44:45",2
"2019-05-15 14:44:47",2
"2019-05-15 15:44:43",2
"2019-05-15 16:44:51",2
"2019-05-15 17:44:46",2
"2019-05-15 18:44:50",2
"2019-05-15 19:44:47",2
"2019-05-15 20:44:45",2
"2019-05-15 21:44:48",2
"2019-05-15 22:44:44",2
"2019-05-15 23:44:45",2
"2019-05-16 00:44:44",2
"2019-05-16 01:44:54",2
"2019-05-16 02:44:49",2
"2019-05-16 03:44:43",2
"2019-05-16 04:44:45",2
"2019-05-16 05:44:51",2
"2019-05-16 06:44:47",2
"2019-05-16 07:44:52",2
"2019-05-16 08:44:51",2
"2019-05-16 09:44:52",2
"2019-05-16 10:45:07",2
"2019-05-16 11:44:47",2
"2019-05-16 13:07:54",2
"2019-05-16 13:45:03",2
"2019-05-16 14:44:48",2
"2019-05-16 15:44:47",2
"2019-05-16 16:44:53",2
"2019-05-16 17:44:47",2
"2019-05-16 18:44:51",2
"2019-05-16 19:44:51",2
"2019-05-16 20:44:46",2
"2019-05-16 21:44:50",2
"2019-05-16 22:44:52",2
"2019-05-16 23:44:48",2
"2019-05-17 00:45:00",2
"2019-05-17 01:44:52",2
"2019-05-17 02:44:48",2
"2019-05-17 03:44:46",2
"2019-05-17 04:44:47",2
"2019-05-17 05:44:49",2
"2019-05-17 06:44:55",2
"2019-05-17 07:44:49",2
"2019-05-17 08:44:55",2
"2019-05-17 09:44:55",2
"2019-05-17 10:44:47",2
"2019-05-17 11:44:52",2
"2019-05-17 13:09:23",2
"2019-05-17 13:45:00",2
"2019-05-17 14:44:49",2
"2019-05-17 15:44:46",2
"2019-05-17 16:44:51",2
"2019-05-17 17:44:47",2
"2019-05-17 18:44:48",2
"2019-05-17 19:44:52",2
"2019-05-17 20:44:46",2
"2019-05-17 21:44:47",2
"2019-05-17 22:44:47",2
"2019-05-17 23:44:47",2
"2019-05-18 00:44:47",2
"2019-05-18 01:44:50",2
"2019-05-18 02:44:50",2
"2019-05-18 04:44:44",2
"2019-05-18 05:44:38",2
"2019-05-18 06:44:42",2
"2019-05-18 07:44:39",2
"2019-05-18 08:44:39",2
"2019-05-18 09:44:38",2
"2019-05-18 10:44:38",2
"2019-05-18 11:44:42",2
"2019-05-18 12:44:38",2
"2019-05-18 13:44:41",2
"2019-05-18 14:44:39",2
"2019-05-18 15:44:44",2
"2019-05-18 16:44:38",2
"2019-05-18 17:44:41",2
"2019-05-18 18:44:38",2
"2019-05-18 19:44:39",2
"2019-05-18 20:44:38",2
"2019-05-18 21:44:39",2
"2019-05-18 22:44:39",2
"2019-05-18 23:44:37",2
"2019-05-19 00:44:37",2
"2019-05-19 01:44:38",2
"2019-05-19 02:44:38",2
"2019-05-19 03:44:37",2
"2019-05-19 04:44:41",2
"2019-05-19 05:44:37",2
"2019-05-19 06:44:38",2
"2019-05-19 07:44:38",2
"2019-05-19 08:44:37",2
"2019-05-19 09:44:37",2
"2019-05-19 10:44:37",2
"2019-05-19 11:44:39",2
"2019-05-19 12:44:40",2
"2019-05-19 13:44:40",2
"2019-05-19 14:44:38",2
"2019-05-19 15:44:38",2
"2019-05-19 16:44:41",2
"2019-05-19 17:44:40",2
"2019-05-19 18:44:38",2
"2019-05-19 19:44:38",2
"2019-05-19 20:44:40",2
"2019-05-19 21:44:39",2
"2019-05-19 22:44:38",2
"2019-05-19 23:44:40",2
"2019-05-20 00:44:39",2
"2019-05-20 01:44:39",2
"2019-05-20 02:44:41",2
"2019-05-20 03:44:39",2
"2019-05-20 04:44:41",2
"2019-05-20 05:44:40",2
"2019-05-20 06:44:39",2
"2019-05-20 07:44:40",2
"2019-05-20 08:44:40",2
"2019-05-20 09:44:40",2
"2019-05-20 10:44:39",2
"2019-05-20 11:44:41",2
"2019-05-20 12:44:44",2
"2019-05-20 13:44:41",2
"2019-05-20 14:44:40",2
"2019-05-20 15:44:38",2
"2019-05-20 16:44:41",2
"2019-05-20 17:44:39",2
"2019-05-20 18:44:37",2
"2019-05-20 19:44:38",2
"2019-05-20 20:44:38",2
"2019-05-20 21:44:38",2
"2019-05-20 22:44:38",2
"2019-05-20 23:44:44",2
"2019-05-21 00:44:38",2
"2019-05-21 01:44:41",2
"2019-05-21 02:44:38",2
"2019-05-21 03:44:39",2
"2019-05-21 04:44:41",2
"2019-05-21 05:44:39",2
"2019-05-21 06:44:37",2
"2019-05-21 07:44:40",2
"2019-05-21 08:44:39",2
"2019-05-21 09:44:36",2
"2019-05-21 10:44:40",2
"2019-05-21 11:44:37",2
"2019-05-21 13:08:41",2
"2019-05-21 13:44:38",2
"2019-05-21 14:44:40",2
"2019-05-21 15:44:37",2
"2019-05-21 16:44:37",2
"2019-05-21 17:44:37",2
"2019-05-21 18:44:39",2
"2019-05-21 19:44:39",2
"2019-05-21 20:44:39",2
"2019-05-21 21:44:38",2
"2019-05-21 22:44:42",2
"2019-05-21 23:44:39",2
"2019-05-22 00:44:38",2
"2019-05-22 01:44:38",2
"2019-05-22 02:44:37",2
"2019-05-22 03:44:38",2
"2019-05-22 04:44:41",2
"2019-05-22 05:44:39",2
"2019-05-22 06:44:38",2
"2019-05-22 07:44:39",2
"2019-05-22 08:44:45",2
"2019-05-22 09:44:45",2
"2019-05-22 10:44:37",2
"2019-05-22 11:44:39",2
"2019-05-22 12:44:39",2
"2019-05-22 13:44:40",2
"2019-05-22 14:44:38",2
"2019-05-22 15:44:43",2
"2019-05-22 16:44:39",2
"2019-05-22 17:44:37",2
"2019-05-22 18:44:39",2
"2019-05-22 19:44:37",2
"2019-05-22 20:44:37",2
"2019-05-22 21:44:38",2
"2019-05-22 22:44:37",2
"2019-05-22 23:44:37",2
"2019-05-23 00:44:39",2
"2019-05-23 01:44:38",2
"2019-05-23 02:44:40",2
"2019-05-23 03:44:39",2
"2019-05-23 04:44:42",2
"2019-05-23 05:44:39",2
"2019-05-23 06:44:39",2
"2019-05-23 07:44:41",2
"2019-05-23 08:44:39",2
"2019-05-23 09:44:39",2
"2019-05-23 10:44:39",2
"2019-05-23 11:44:38",2
"2019-05-23 12:44:43",2
"2019-05-23 13:44:39",2
"2019-05-23 14:44:39",2
"2019-05-23 15:44:37",2
"2019-05-23 16:44:37",2
"2019-05-23 17:44:39",2
"2019-05-23 18:44:38",2
"2019-05-23 19:44:41",2
"2019-05-23 20:44:39",2
"2019-05-23 21:44:39",2
"2019-05-23 22:44:38",2
"2019-05-23 23:44:40",2
"2019-05-24 00:44:40",2
"2019-05-24 01:44:39",2
"2019-05-24 02:44:38",2
"2019-05-24 03:44:38",2
"2019-05-24 04:44:39",2
"2019-05-24 05:44:42",2
"2019-05-24 06:44:38",2
"2019-05-24 07:44:37",2
"2019-05-24 08:44:38",2
"2019-05-24 09:44:39",2
"2019-05-24 10:44:41",2
"2019-05-24 11:44:38",2
"2019-05-24 13:08:43",2
"2019-05-24 13:44:39",2
"2019-05-24 14:44:39",2
"2019-05-24 15:44:38",2
"2019-05-24 16:44:38",2
"2019-05-24 17:44:40",2
"2019-05-24 18:44:41",2
"2019-05-24 19:44:40",2
"2019-05-24 20:44:41",2
"2019-05-24 21:44:42",2
"2019-05-24 22:44:40",2
"2019-05-24 23:44:43",2
"2019-05-25 00:44:40",2
"2019-05-25 01:44:40",2
"2019-05-25 04:44:42",2
"2019-05-26 04:44:44",2
"2019-05-26 05:44:41",2
"2019-05-26 06:44:40",2
"2019-05-26 07:44:42",2
"2019-05-26 08:44:39",2
"2019-05-26 09:44:39",2
"2019-05-26 10:44:40",2
"2019-05-26 11:44:41",2
"2019-05-26 12:44:39",2
"2019-05-26 13:44:39",2
"2019-05-26 14:44:41",2
"2019-05-26 15:44:38",2
"2019-05-26 16:44:39",2
"2019-05-26 17:44:43",2
"2019-05-26 18:44:41",2
"2019-05-26 19:45:24",2
"2019-05-26 20:44:39",2
"2019-05-26 21:44:40",2
"2019-05-26 22:44:40",2
"2019-05-26 23:44:39",2
"2019-05-27 00:44:39",2
"2019-05-27 01:44:40",2
"2019-05-27 02:44:40",2
"2019-05-27 03:44:42",2
"2019-05-27 04:44:42",2
"2019-05-27 05:44:40",2
"2019-05-27 06:44:40",2
"2019-05-27 07:44:46",2
"2019-05-27 08:44:45",2
"2019-05-27 09:44:44",2
"2019-05-27 10:44:42",2
"2019-05-27 11:44:39",2
"2019-05-27 12:44:39",2
"2019-05-27 13:44:40",2
"2019-05-27 14:44:40",2
"2019-05-27 15:44:40",2
"2019-05-27 16:44:40",2
"2019-05-27 17:44:44",2
"2019-05-27 18:44:40",2
"2019-05-27 19:44:38",2
"2019-05-27 20:44:39",2
"2019-05-27 21:44:39",2
"2019-05-27 22:44:38",2
"2019-05-27 23:44:39",2
"2019-05-28 00:44:39",2
"2019-05-28 01:44:40",2
"2019-05-28 02:44:42",2
"2019-05-28 03:44:40",2
"2019-05-28 04:44:39",2
"2019-05-28 05:44:39",2
"2019-05-28 06:44:44",2
"2019-05-28 07:44:41",2
"2019-05-28 08:44:39",2
"2019-05-28 09:44:41",2
"2019-05-28 10:44:38",2
"2019-05-28 11:44:37",2
"2019-05-28 12:44:38",2
"2019-05-28 13:44:40",2
"2019-05-28 14:44:40",2
"2019-05-28 15:44:39",2
"2019-05-28 16:44:40",2
"2019-05-28 17:44:44",2
"2019-05-28 18:44:40",2
"2019-05-28 19:44:39",2
"2019-05-28 20:44:39",2
"2019-05-28 21:44:39",2
"2019-05-28 22:44:40",2
"2019-05-28 23:44:40",2
"2019-05-29 00:44:41",2
"2019-05-29 01:44:39",2
"2019-05-29 02:44:39",2
"2019-05-29 03:44:38",2
"2019-05-29 04:44:39",2
"2019-05-29 05:44:42",2
"2019-05-29 06:44:40",2
"2019-05-29 07:44:42",2
"2019-05-29 08:44:40",2
"2019-05-29 09:44:46",2
"2019-05-29 10:44:40",2
"2019-05-29 11:44:39",2
"2019-05-29 13:07:44",2
"2019-05-29 13:44:42",2
"2019-05-29 14:44:42",2
"2019-05-29 15:44:40",2
"2019-05-29 16:44:40",2
"2019-05-29 17:44:41",2
"2019-05-29 18:44:41",2
"2019-05-29 19:44:43",2
"2019-05-29 20:44:38",2
"2019-05-29 21:44:40",2
"2019-05-29 22:44:40",2
"2019-05-29 23:44:41",2
"2019-05-30 00:44:39",2
"2019-05-30 01:44:40",2
"2019-05-30 02:44:41",2
"2019-05-30 03:44:41",2
"2019-05-30 04:44:41",2
"2019-05-30 05:44:42",2
"2019-05-30 06:44:39",2
"2019-05-30 07:44:39",2
"2019-05-30 08:44:46",2
"2019-05-30 09:44:40",2
"2019-05-30 10:44:39",2
"2019-05-30 11:44:40",2
"2019-05-30 12:44:43",2
"2019-05-30 13:44:39",2
"2019-05-30 14:44:42",2
"2019-05-30 15:44:41",2
"2019-05-30 16:44:38",2
"2019-05-30 17:44:41",2
"2019-05-30 18:44:40",2
"2019-05-30 19:44:40",2
"2019-05-30 20:44:38",2
"2019-05-30 21:44:38",2
"2019-05-30 22:44:42",2
"2019-05-30 23:44:39",2
"2019-05-31 00:44:38",2
"2019-05-31 01:44:40",2
"2019-05-31 02:44:38",2
"2019-05-31 03:44:38",2
"2019-05-31 04:44:39",2
"2019-05-31 05:44:39",2
"2019-05-31 06:44:40",2
"2019-05-31 07:44:38",2
"2019-05-31 08:44:40",2
"2019-05-31 09:44:41",2
"2019-05-31 10:44:39",2
"2019-05-31 11:44:39",2
"2019-05-31 12:45:25",2
"2019-05-31 13:44:41",2
"2019-05-31 14:44:39",2
"2019-05-31 15:44:40",2
"2019-05-31 16:44:39",2
"2019-05-31 17:44:43",2
"2019-05-31 18:44:39",2
"2019-05-31 19:44:38",2
"2019-05-31 20:44:39",2
"2019-05-31 21:44:40",2
"2019-05-31 22:44:37",2
"2019-05-31 23:44:39",2
"2019-06-01 00:44:39",2
"2019-06-01 01:44:38",2
"2019-06-01 02:44:39",2
"2019-06-01 03:44:39",2
"2019-06-01 04:44:39",2
"2019-06-01 05:44:39",2
"2019-06-01 06:44:43",2
"2019-06-01 07:44:38",2
"2019-06-01 08:44:40",2
"2019-06-01 09:44:39",2
"2019-06-01 10:44:40",2
"2019-06-01 11:44:38",2
"2019-06-01 12:44:39",2
"2019-06-01 13:44:38",2
"2019-06-01 14:44:44",2
"2019-06-01 15:44:41",2
"2019-06-01 16:44:39",2
"2019-06-01 17:44:40",2
"2019-06-01 18:44:39",2
"2019-06-01 19:44:41",2
"2019-06-01 20:44:38",2
"2019-06-01 21:44:40",2
"2019-06-01 22:44:39",2
"2019-06-01 23:44:40",2
"2019-06-02 00:44:41",2
"2019-06-02 01:44:45",2
"2019-06-02 02:44:41",2
"2019-06-02 03:44:40",2
"2019-06-02 04:44:39",2
"2019-06-02 05:44:44",2
"2019-06-02 06:44:39",2
"2019-06-02 07:44:39",2
"2019-06-02 08:44:38",2
"2019-06-02 09:44:38",2
"2019-06-02 10:44:39",2
"2019-06-02 11:44:38",2
"2019-06-02 12:44:43",2
"2019-06-02 13:44:39",2
"2019-06-02 14:44:41",2
"2019-06-02 15:44:37",2
"2019-06-02 16:44:38",2
"2019-06-02 17:44:40",2
"2019-06-02 18:44:40",2
"2019-06-02 19:44:40",2
"2019-06-02 20:44:39",2
"2019-06-02 21:44:40",2
"2019-06-02 22:44:39",2
"2019-06-02 23:44:38",2
"2019-06-03 00:44:38",2
"2019-06-03 01:44:43",2
"2019-06-03 02:44:39",2
"2019-06-03 03:44:39",2
"2019-06-03 04:44:38",2
"2019-06-03 05:44:39",2
"2019-06-03 06:44:40",2
"2019-06-03 07:44:39",2
"2019-06-03 08:44:40",2
"2019-06-03 09:44:39",2
"2019-06-03 10:44:42",2
"2019-06-03 11:44:41",2
"2019-06-03 12:44:38",2
"2019-06-03 13:44:42",2
"2019-06-03 14:44:41",2
"2019-06-03 15:44:39",2
"2019-06-03 16:44:39",2
"2019-06-03 17:44:39",2
"2019-06-03 18:44:41",2
"2019-06-03 19:44:41",2
"2019-06-03 20:44:38",2
"2019-06-03 21:44:41",2
"2019-06-03 22:44:39",2
"2019-06-03 23:44:43",2
"2019-06-04 00:44:39",2
"2019-06-04 01:44:40",2
"2019-06-04 02:44:40",2
"2019-06-04 03:44:43",2
"2019-06-04 04:44:41",2
"2019-06-04 05:44:39",2
"2019-06-04 06:44:39",2
"2019-06-04 07:44:38",2
"2019-06-04 08:44:43",2
"2019-06-04 09:44:39",2
"2019-06-04 10:44:41",2
"2019-06-04 11:44:39",2
"2019-06-04 13:07:14",2
"2019-06-04 13:44:41",2
"2019-06-04 14:44:45",2
"2019-06-04 15:44:41",2
"2019-06-04 16:44:41",2
"2019-06-04 17:44:43",2
"2019-06-04 18:44:41",2
"2019-06-04 19:44:41",2
"2019-06-04 20:44:41",2
"2019-06-04 21:44:39",2
"2019-06-04 22:44:41",2
"2019-06-04 23:44:44",2
"2019-06-05 00:44:39",2
"2019-06-05 01:44:41",2
"2019-06-05 02:44:43",2
"2019-06-05 03:44:42",2
"2019-06-05 04:44:45",2
"2019-06-05 05:44:40",2
"2019-06-05 06:44:40",2
"2019-06-05 07:44:40",2
"2019-06-05 08:44:46",2
"2019-06-05 09:44:40",2
"2019-06-05 10:44:40",2
"2019-06-05 11:44:45",2
"2019-06-05 13:08:44",2
"2019-06-05 13:44:40",2
"2019-06-05 14:44:39",2
"2019-06-05 15:44:41",2
"2019-06-05 16:44:40",2
"2019-06-05 17:44:41",2
"2019-06-05 18:44:40",2
"2019-06-05 19:44:45",2
"2019-06-05 20:44:40",2
"2019-06-05 21:44:40",2
"2019-06-05 22:44:40",2
"2019-06-05 23:44:40",2
"2019-06-06 00:44:40",2
"2019-06-06 01:44:39",2
"2019-06-06 02:44:41",2
"2019-06-06 03:44:41",2
"2019-06-06 04:44:46",2
"2019-06-06 05:44:40",2
"2019-06-06 06:44:43",2
"2019-06-06 07:44:40",2
"2019-06-06 08:44:46",2
"2019-06-06 09:44:43",2
"2019-06-06 10:44:47",2
"2019-06-06 11:44:40",2
"2019-06-06 13:08:43",2
"2019-06-06 13:44:41",2
"2019-06-06 14:44:41",2
"2019-06-06 15:44:43",2
"2019-06-06 16:44:41",2
"2019-06-06 17:44:43",2
"2019-06-06 18:44:45",2
"2019-06-06 19:44:43",2
"2019-06-06 20:44:39",2
"2019-06-06 21:44:41",2
"2019-06-06 22:44:39",2
"2019-06-06 23:44:39",2
"2019-06-07 00:44:43",2
"2019-06-07 01:44:42",2
"2019-06-07 02:44:43",2
"2019-06-07 03:44:41",2
"2019-06-07 04:44:45",2
"2019-06-07 05:44:40",2
"2019-06-07 06:44:43",2
"2019-06-07 07:44:41",2
"2019-06-07 08:44:42",2
"2019-06-07 09:44:44",2
"2019-06-07 10:44:41",2
"2019-06-07 11:44:41",2
"2019-06-07 13:08:47",2
"2019-06-07 13:44:44",2
"2019-06-07 14:44:43",2
"2019-06-07 15:44:42",2
"2019-06-07 16:44:42",2
"2019-06-07 17:44:41",2
"2019-06-07 18:44:41",2
"2019-06-07 19:44:40",2
"2019-06-07 20:44:41",2
"2019-06-07 21:44:42",2
"2019-06-07 22:44:39",2
"2019-06-07 23:44:45",2
"2019-06-08 00:44:41",2
"2019-06-08 01:44:46",2
"2019-06-08 02:44:43",2
"2019-06-08 03:44:45",2
"2019-06-08 04:44:42",2
"2019-06-08 05:44:49",2
"2019-06-08 06:44:45",2
"2019-06-08 07:44:45",2
"2019-06-08 08:44:41",2
"2019-06-08 09:44:43",2
"2019-06-08 10:44:42",2
"2019-06-08 11:44:43",2
"2019-06-08 12:44:42",2
"2019-06-08 13:44:40",2
"2019-06-08 14:44:39",2
"2019-06-08 15:44:44",2
"2019-06-08 16:44:42",2
"2019-06-08 17:44:41",2
"2019-06-08 18:44:43",2
"2019-06-08 19:44:40",2
"2019-06-08 20:44:41",2
"2019-06-08 21:44:40",2
"2019-06-08 22:44:40",2
"2019-06-08 23:44:44",2
"2019-06-09 00:44:40",2
"2019-06-09 01:44:41",2
"2019-06-09 02:44:47",2
"2019-06-09 03:44:47",2
"2019-06-09 04:44:40",2
"2019-06-09 05:44:45",2
"2019-06-09 06:44:39",2
"2019-06-09 07:44:45",2
"2019-06-09 08:44:40",2
"2019-06-09 09:44:42",2
"2019-06-09 10:44:41",2
"2019-06-09 11:44:42",2
"2019-06-09 12:44:44",2
"2019-06-09 13:44:41",2
"2019-06-09 14:44:40",2
"2019-06-09 15:44:43",2
"2019-06-09 16:44:41",2
"2019-06-09 17:44:43",2
"2019-06-09 18:44:40",2
"2019-06-09 19:44:41",2
"2019-06-09 20:44:40",2
"2019-06-09 21:44:41",2
"2019-06-09 22:44:46",2
"2019-06-09 23:44:42",2
"2019-06-10 00:44:42",2
"2019-06-10 01:44:45",2
"2019-06-10 02:44:41",2
"2019-06-10 03:44:45",2
"2019-06-10 04:44:42",2
"2019-06-10 05:44:44",2
"2019-06-10 06:44:40",2
"2019-06-10 07:44:46",2
"2019-06-10 08:44:41",2
"2019-06-10 09:44:40",2
"2019-06-10 10:44:46",2
"2019-06-10 11:44:43",2
"2019-06-10 12:44:50",2
"2019-06-10 13:44:47",2
"2019-06-10 14:44:42",2
"2019-06-10 15:44:44",2
"2019-06-10 16:44:46",2
"2019-06-10 17:44:44",2
"2019-06-10 18:44:45",2
"2019-06-10 19:44:45",2
"2019-06-10 20:44:43",2
"2019-06-10 21:44:43",2
"2019-06-10 22:44:44",2
"2019-06-10 23:44:44",2
"2019-06-11 00:44:45",2
"2019-06-11 01:44:48",2
"2019-06-11 02:44:46",2
"2019-06-11 03:44:45",2
"2019-06-11 04:44:43",2
"2019-06-11 05:44:45",2
"2019-06-11 06:44:44",2
"2019-06-11 07:44:43",2
"2019-06-11 08:44:43",2
"2019-06-11 09:44:46",2
"2019-06-11 10:44:44",2
"2019-06-11 11:44:45",2
"2019-06-11 13:08:19",2
"2019-06-11 13:44:48",2
"2019-06-11 14:44:44",2
"2019-06-11 15:44:44",2
"2019-06-11 16:44:49",2
"2019-06-11 17:44:44",2
"2019-06-11 18:44:47",2
"2019-06-11 19:44:44",2
"2019-06-11 20:44:46",2
"2019-06-11 21:44:44",2
"2019-06-11 22:44:44",2
"2019-06-11 23:44:42",2
"2019-06-12 00:44:47",2
"2019-06-12 01:44:46",2
"2019-06-12 02:44:46",2
"2019-06-12 03:44:51",2
"2019-06-12 04:44:47",2
"2019-06-12 05:44:46",2
"2019-06-12 06:44:46",2
"2019-06-12 07:44:49",2
"2019-06-12 08:44:47",2
"2019-06-12 09:44:50",2
"2019-06-12 10:44:47",2
"2019-06-12 11:44:48",2
"2019-06-12 13:07:50",2
"2019-06-12 13:44:45",2
"2019-06-12 14:44:44",2
"2019-06-12 15:44:46",2
"2019-06-12 16:44:45",2
"2019-06-12 17:44:44",2
"2019-06-12 18:44:46",2
"2019-06-12 19:44:48",2
"2019-06-12 20:44:46",2
"2019-06-12 21:44:46",2
"2019-06-12 22:44:44",2
"2019-06-12 23:44:44",2
"2019-06-13 00:44:45",2
"2019-06-13 01:44:47",2
"2019-06-13 02:45:02",2
"2019-06-13 03:44:44",2
"2019-06-13 04:44:46",2
"2019-06-13 05:44:49",2
"2019-06-13 06:44:45",2
"2019-06-13 07:44:43",2
"2019-06-13 08:44:44",2
"2019-06-13 09:44:44",2
"2019-06-13 10:44:50",2
"2019-06-13 11:44:42",2
"2019-06-13 13:08:47",2
"2019-06-13 13:44:48",2
"2019-06-13 14:44:46",2
"2019-06-13 15:44:48",2
"2019-06-13 16:44:47",2
"2019-06-13 17:44:44",2
"2019-06-13 18:44:45",2
"2019-06-13 19:44:46",2
"2019-06-13 20:44:42",2
"2019-06-13 21:44:44",2
"2019-06-13 22:44:43",2
"2019-06-13 23:44:44",2
"2019-06-14 00:44:45",2
"2019-06-14 01:44:45",2
"2019-06-14 02:44:47",2
"2019-06-14 03:44:44",2
"2019-06-14 04:44:45",2
"2019-06-14 05:44:45",2
"2019-06-14 06:44:51",2
"2019-06-14 07:44:47",2
"2019-06-14 08:44:46",2
"2019-06-14 09:44:45",2
"2019-06-14 10:44:48",2
"2019-06-14 11:44:47",2
"2019-06-14 12:44:48",2
"2019-06-14 13:44:46",2
"2019-06-14 14:44:48",2
"2019-06-14 15:44:49",2
"2019-06-14 16:44:48",2
"2019-06-14 17:44:45",2
"2019-06-14 18:44:46",2
"2019-06-14 19:44:46",2
"2019-06-14 20:44:45",2
"2019-06-14 21:44:47",2
"2019-06-14 22:44:44",2
"2019-06-14 23:44:47",2
"2019-06-15 00:44:47",2
"2019-06-15 01:44:49",2
"2019-06-15 02:44:46",2
"2019-06-15 03:44:46",2
"2019-06-15 04:44:47",2
"2019-06-15 05:44:49",2
"2019-06-15 06:44:46",2
"2019-06-15 07:44:47",2
"2019-06-15 08:44:47",2
"2019-06-15 09:44:47",2
"2019-06-15 10:44:48",2
"2019-06-15 11:44:47",2
"2019-06-15 12:44:49",2
"2019-06-15 13:44:53",2
"2019-06-15 14:44:46",2
"2019-06-15 15:44:45",2
"2019-06-15 16:44:46",2
"2019-06-15 17:44:46",2
"2019-06-15 18:44:49",2
"2019-06-15 19:44:46",2
"2019-06-15 20:44:47",2
"2019-06-15 21:44:53",2
"2019-06-15 22:44:52",2
"2019-06-15 23:44:46",2
"2019-06-16 00:44:46",2
"2019-06-16 01:44:51",2
"2019-06-16 02:44:48",2
"2019-06-16 03:44:47",2
"2019-06-16 04:44:51",2
"2019-06-16 05:44:47",2
"2019-06-16 06:44:49",2
"2019-06-16 07:44:51",2
"2019-06-16 08:44:47",2
"2019-06-16 09:44:44",2
"2019-06-16 10:44:44",2
"2019-06-16 11:44:45",2
"2019-06-16 12:44:46",2
"2019-06-16 13:44:44",2
"2019-06-16 14:44:47",2
"2019-06-16 15:44:47",2
"2019-06-16 16:44:49",2
"2019-06-16 17:44:49",2
"2019-06-16 18:44:50",2
"2019-06-16 19:44:46",2
"2019-06-16 20:44:46",2
"2019-06-16 21:44:49",2
"2019-06-16 22:44:46",2
"2019-06-16 23:44:49",2
"2019-06-17 00:44:46",2
"2019-06-17 01:44:46",2
"2019-06-17 02:44:51",2
"2019-06-17 03:44:51",2
"2019-06-17 04:44:49",2
"2019-06-17 05:44:48",2
"2019-06-17 06:44:46",2
"2019-06-17 07:44:45",2
"2019-06-17 08:44:47",2
"2019-06-17 09:44:46",2
"2019-06-17 10:44:48",2
"2019-06-17 11:44:48",2
"2019-06-17 13:09:20",2
"2019-06-17 13:44:45",2
"2019-06-17 14:44:46",2
"2019-06-17 15:44:48",2
"2019-06-17 16:44:59",2
"2019-06-17 17:44:50",2
"2019-06-17 18:44:52",2
"2019-06-17 19:44:47",2
"2019-06-17 20:44:50",2
"2019-06-17 21:44:46",2
"2019-06-17 22:44:48",2
"2019-06-17 23:44:45",2
"2019-06-18 00:44:46",2
"2019-06-18 01:44:45",2
"2019-06-18 02:44:58",2
"2019-06-18 03:44:48",2
"2019-06-18 04:44:48",2
"2019-06-18 05:44:49",2
"2019-06-18 06:44:47",2
"2019-06-18 07:44:48",2
"2019-06-18 08:44:56",2
"2019-06-18 09:44:45",2
"2019-06-18 10:44:45",2
"2019-06-18 11:44:46",2
"2019-06-18 13:07:20",2
"2019-06-18 13:44:47",2
"2019-06-18 14:44:46",2
"2019-06-18 15:44:46",2
"2019-06-18 16:44:47",2
"2019-06-18 17:44:45",2
"2019-06-18 18:44:50",2
"2019-06-18 19:44:49",2
"2019-06-18 20:44:45",2
"2019-06-18 21:44:45",2
"2019-06-18 22:44:46",2
"2019-06-18 23:44:47",2
"2019-06-19 00:44:45",2
"2019-06-19 01:44:49",2
"2019-06-19 02:44:49",2
"2019-06-19 03:44:48",2
"2019-06-19 04:44:46",2
"2019-06-19 05:45:04",2
"2019-06-19 06:45:03",2
"2019-06-19 07:44:51",2
"2019-06-19 08:44:52",2
"2019-06-19 09:44:46",2
"2019-06-19 10:44:50",2
"2019-06-19 11:44:48",2
"2019-06-19 13:07:22",2
"2019-06-19 13:44:47",2
"2019-06-19 14:44:48",2
"2019-06-19 15:44:47",2
"2019-06-19 16:44:58",2
"2019-06-19 17:44:48",2
"2019-06-19 18:44:46",2
"2019-06-19 19:44:50",2
"2019-06-19 20:44:48",2
"2019-06-19 21:44:47",2
"2019-06-19 22:44:46",2
"2019-06-19 23:44:46",2
"2019-06-20 00:44:47",2
"2019-06-20 01:44:45",2
"2019-06-20 02:44:45",2
"2019-06-20 03:44:45",2
"2019-06-20 04:44:48",2
"2019-06-20 05:44:44",2
"2019-06-20 06:44:45",2
"2019-06-20 07:44:46",2
"2019-06-20 08:44:46",2
"2019-06-20 09:44:48",2
"2019-06-20 10:44:47",2
"2019-06-20 11:44:45",2
"2019-06-20 13:09:00",2
"2019-06-20 13:44:49",2
"2019-06-20 14:44:47",2
"2019-06-20 15:44:47",2
"2019-06-20 16:44:48",2
"2019-06-20 17:44:49",2
"2019-06-20 18:44:46",2
"2019-06-20 19:44:46",2
"2019-06-20 20:45:03",2
"2019-06-20 21:44:47",2
"2019-06-20 22:44:46",2
"2019-06-20 23:44:48",2
"2019-06-21 00:44:47",2
"2019-06-21 01:44:48",2
"2019-06-21 02:44:47",2
"2019-06-21 03:44:47",2
"2019-06-21 04:44:48",2
"2019-06-21 05:44:48",2
"2019-06-21 06:44:49",2
"2019-06-21 07:44:49",2
"2019-06-21 08:44:47",2
"2019-06-21 09:44:47",2
"2019-06-21 10:44:46",2
"2019-06-21 11:44:45",2
"2019-06-21 12:44:46",2
"2019-06-21 13:44:48",2
"2019-06-21 14:44:46",2
"2019-06-21 15:44:47",2
"2019-06-21 16:44:48",2
"2019-06-21 17:44:47",2
"2019-06-21 18:44:47",2
"2019-06-21 19:44:45",2
"2019-06-21 20:44:45",2
"2019-06-21 21:44:46",2
"2019-06-21 22:44:46",2
"2019-06-21 23:45:16",2
"2019-06-22 00:44:46",2
"2019-06-22 01:44:51",2
"2019-06-22 02:44:50",2
"2019-06-22 03:44:45",2
"2019-06-22 04:44:47",2
"2019-06-22 05:44:49",2
"2019-06-22 06:44:49",2
"2019-06-22 07:44:47",2
"2019-06-22 08:44:47",2
"2019-06-22 09:44:49",2
"2019-06-22 10:44:51",2
"2019-06-22 11:44:45",2
"2019-06-22 12:44:53",2
"2019-06-22 13:44:47",2
"2019-06-22 14:44:51",2
"2019-06-22 15:45:05",2
"2019-06-22 16:44:56",2
"2019-06-22 17:44:48",2
"2019-06-22 18:44:52",2
"2019-06-22 19:44:49",2
"2019-06-22 20:44:48",2
"2019-06-22 21:44:47",2
"2019-06-22 22:44:53",2
"2019-06-22 23:44:49",2
"2019-06-23 00:44:59",2
"2019-06-23 01:44:52",2
"2019-06-23 02:44:52",2
"2019-06-23 03:44:49",2
"2019-06-23 04:44:46",2
"2019-06-23 05:44:52",2
"2019-06-23 06:44:47",2
"2019-06-23 07:44:46",2
"2019-06-23 08:44:48",2
"2019-06-23 09:44:48",2
"2019-06-23 10:44:46",2
"2019-06-23 11:44:48",2
"2019-06-23 12:44:45",2
"2019-06-23 13:44:47",2
"2019-06-23 14:44:46",2
"2019-06-23 15:44:47",2
"2019-06-23 16:44:48",2
"2019-06-23 17:44:49",2
"2019-06-23 18:44:44",2
"2019-06-23 19:44:44",2
"2019-06-23 20:44:48",2
"2019-06-23 21:44:46",2
"2019-06-23 22:44:46",2
"2019-06-23 23:44:46",2
"2019-06-24 00:44:48",2
"2019-06-24 01:44:46",2
"2019-06-24 02:44:47",2
"2019-06-24 03:44:51",2
"2019-06-24 04:44:50",2
"2019-06-24 05:44:50",2
"2019-06-24 06:44:52",2
"2019-06-24 07:44:46",2
"2019-06-24 08:44:47",2
"2019-06-24 09:44:51",2
"2019-06-24 10:44:45",2
"2019-06-24 11:44:52",2
"2019-06-24 12:44:51",2
"2019-06-24 13:44:47",2
"2019-06-24 14:44:49",2
"2019-06-24 15:44:48",2
"2019-06-24 16:44:53",2
"2019-06-24 17:44:50",2
"2019-06-24 18:44:52",2
"2019-06-24 19:44:51",2
"2019-06-24 20:44:50",2
"2019-06-24 21:44:50",2
"2019-06-24 22:44:48",2
"2019-06-24 23:44:49",2
"2019-06-25 00:44:48",2
"2019-06-25 01:44:50",2
"2019-06-25 02:44:49",2
"2019-06-25 03:44:49",2
"2019-06-25 04:44:48",2
"2019-06-25 05:44:48",2
"2019-06-25 06:44:52",2
"2019-06-25 07:44:49",2
"2019-06-25 08:44:47",2
"2019-06-25 09:44:50",2
"2019-06-25 10:44:48",2
"2019-06-25 11:44:45",2
"2019-06-25 13:08:20",2
"2019-06-25 13:44:47",2
"2019-06-25 14:44:49",2
"2019-06-25 15:44:47",2
"2019-06-25 16:44:48",2
"2019-06-25 17:44:50",2
"2019-06-25 18:44:49",2
"2019-06-25 19:44:45",2
"2019-06-25 20:44:48",2
"2019-06-25 21:44:45",2
"2019-06-25 22:44:44",2
"2019-06-25 23:44:50",2
"2019-06-26 00:44:49",2
"2019-06-26 01:44:47",2
"2019-06-26 02:44:48",2
"2019-06-26 03:45:01",2
"2019-06-26 04:44:49",2
"2019-06-26 05:44:47",2
"2019-06-26 06:44:48",2
"2019-06-26 07:44:49",2
"2019-06-26 08:44:45",2
"2019-06-26 09:44:44",2
"2019-06-26 10:44:46",2
"2019-06-26 11:44:45",2
"2019-06-26 13:07:18",2
"2019-06-26 13:44:48",2
"2019-06-26 14:44:48",2
"2019-06-26 15:44:46",2
"2019-06-26 16:44:49",2
"2019-06-26 17:44:45",2
"2019-06-26 18:44:47",2
"2019-06-26 19:44:47",2
"2019-06-26 20:44:45",2
"2019-06-26 21:44:46",2
"2019-06-26 22:44:48",2
"2019-06-26 23:44:46",2
"2019-06-27 00:44:49",2
"2019-06-27 01:44:46",2
"2019-06-27 02:44:49",2
"2019-06-27 03:44:44",2
"2019-06-27 04:44:49",2
"2019-06-27 05:44:47",2
"2019-06-27 06:44:49",2
"2019-06-27 07:44:44",2
"2019-06-27 08:44:45",2
"2019-06-27 09:44:45",2
"2019-06-27 10:44:46",2
"2019-06-27 11:44:44",2
"2019-06-27 13:07:21",2
"2019-06-27 13:44:44",2
"2019-06-27 14:44:45",2
"2019-06-27 15:44:48",2
"2019-06-27 16:44:46",2
"2019-06-27 17:44:44",2
"2019-06-27 18:44:45",2
"2019-06-27 19:44:43",2
"2019-06-27 20:44:49",2
"2019-06-27 21:44:49",2
"2019-06-27 22:44:43",2
"2019-06-27 23:45:07",2
"2019-06-28 00:44:46",2
"2019-06-28 01:44:45",2
"2019-06-28 02:44:44",2
"2019-06-28 03:44:48",2
"2019-06-28 04:44:48",2
"2019-06-28 05:44:45",2
"2019-06-28 06:44:45",2
"2019-06-28 07:44:44",2
"2019-06-28 08:44:44",2
"2019-06-28 09:44:45",2
"2019-06-28 10:44:42",2
"2019-06-28 11:44:45",2
"2019-06-28 13:08:25",2
"2019-06-28 13:44:44",2
"2019-06-28 14:44:44",2
"2019-06-28 15:44:47",2
"2019-06-28 16:44:46",2
"2019-06-28 17:44:45",2
"2019-06-28 18:44:43",2
"2019-06-28 19:44:45",2
"2019-06-28 20:44:46",2
"2019-06-28 21:44:46",2
"2019-06-28 22:44:46",2
"2019-06-28 23:44:44",2
"2019-06-29 00:44:48",2
"2019-06-29 01:44:51",2
"2019-06-29 02:44:47",2
"2019-06-29 03:44:45",2
"2019-06-29 04:44:45",2
"2019-06-29 05:44:46",2
"2019-06-29 06:44:45",2
"2019-06-29 07:44:46",2
"2019-06-29 08:44:46",2
"2019-06-29 09:44:46",2
"2019-06-29 10:44:46",2
"2019-06-29 11:44:50",2
"2019-06-29 12:44:49",2
"2019-06-29 13:44:47",2
"2019-06-29 14:44:47",2
"2019-06-29 15:44:48",2
"2019-06-29 16:44:51",2
"2019-06-29 17:44:46",2
"2019-06-29 18:44:47",2
"2019-06-29 19:44:48",2
"2019-06-29 20:44:47",2
"2019-06-29 21:44:50",2
"2019-06-29 22:44:44",2
"2019-06-29 23:44:49",2
"2019-06-30 00:44:47",2
"2019-06-30 01:44:52",2
"2019-06-30 02:44:49",2
"2019-06-30 03:44:47",2
"2019-06-30 04:44:49",2
"2019-06-30 05:44:47",2
"2019-06-30 06:44:48",2
"2019-06-30 07:44:49",2
"2019-06-30 08:44:48",2
"2019-06-30 09:44:47",2
"2019-06-30 10:44:47",2
"2019-06-30 11:44:47",2
"2019-06-30 12:44:46",2
"2019-06-30 13:44:48",2
"2019-06-30 14:44:46",2
"2019-06-30 15:44:47",2
"2019-06-30 16:44:48",2
"2019-06-30 17:44:46",2
"2019-06-30 18:44:47",2
"2019-06-30 19:44:48",2
"2019-06-30 20:44:48",2
"2019-06-30 21:44:47",2
"2019-06-30 22:44:46",2
"2019-06-30 23:44:47",2
"2019-07-01 00:44:49",2
"2019-07-01 01:44:47",2
"2019-07-01 02:44:49",2
"2019-07-01 03:44:49",2
"2019-07-01 04:44:46",2
"2019-07-01 05:44:52",2
"2019-07-01 06:44:47",2
"2019-07-01 07:44:54",2
"2019-07-01 08:45:00",2
"2019-07-01 09:44:47",2
"2019-07-01 10:44:45",2
"2019-07-01 11:44:50",2
"2019-07-01 13:08:20",2
"2019-07-01 13:44:51",2
"2019-07-01 14:45:11",2
"2019-07-01 15:44:50",2
"2019-07-01 16:44:50",2
"2019-07-01 17:44:48",2
"2019-07-01 18:44:48",2
"2019-07-01 19:44:50",2
"2019-07-01 20:44:49",2
"2019-07-01 21:44:48",2
"2019-07-01 22:44:49",2
"2019-07-01 23:44:48",2
"2019-07-02 00:44:51",2
"2019-07-02 01:44:48",2
"2019-07-02 03:45:01",2
"2019-07-02 04:44:49",2
"2019-07-02 05:45:06",2
"2019-07-02 06:44:50",2
"2019-07-02 07:44:50",2
"2019-07-02 08:44:48",2
"2019-07-02 09:44:46",2
"2019-07-02 10:44:47",2
"2019-07-02 11:44:48",2
"2019-07-02 12:44:51",2
"2019-07-02 13:44:48",2
"2019-07-02 14:44:49",2
"2019-07-02 15:44:47",2
"2019-07-02 16:44:47",2
"2019-07-02 17:44:48",2
"2019-07-02 18:44:48",2
"2019-07-02 19:44:49",2
"2019-07-02 20:44:46",2
"2019-07-02 21:44:49",2
"2019-07-02 22:44:56",2
"2019-07-03 00:44:49",2
"2019-07-03 01:44:46",2
"2019-07-03 02:44:51",2
"2019-07-03 03:44:51",2
"2019-07-03 04:44:50",2
"2019-07-03 05:44:50",2
"2019-07-03 06:44:49",2
"2019-07-03 07:44:49",2
"2019-07-03 08:45:03",2
"2019-07-03 09:44:48",2
"2019-07-03 10:44:53",2
"2019-07-03 11:44:47",2
"2019-07-03 13:09:23",2
"2019-07-03 13:44:49",2
"2019-07-03 14:44:57",2
"2019-07-03 15:44:49",2
"2019-07-03 16:45:08",2
"2019-07-03 17:44:50",2
"2019-07-03 18:44:51",2
"2019-07-03 19:44:48",2
"2019-07-03 20:44:46",2
"2019-07-03 21:44:49",2
"2019-07-03 22:44:47",2
"2019-07-03 23:44:50",2
"2019-07-04 00:44:50",2
"2019-07-04 01:44:48",2
"2019-07-04 02:44:53",2
"2019-07-04 03:44:48",2
"2019-07-04 04:44:47",2
"2019-07-04 05:44:51",2
"2019-07-04 06:44:50",2
"2019-07-04 07:44:47",2
"2019-07-04 08:44:47",2
"2019-07-04 09:44:46",2
"2019-07-04 10:44:50",2
"2019-07-04 11:44:48",2
"2019-07-04 12:44:51",2
"2019-07-04 13:44:53",2
"2019-07-04 14:44:50",2
"2019-07-04 15:44:48",2
"2019-07-04 16:44:48",2
"2019-07-04 17:44:47",2
"2019-07-04 18:44:48",2
"2019-07-04 19:44:47",2
"2019-07-04 20:44:49",2
"2019-07-04 21:44:50",2
"2019-07-04 22:44:53",2
"2019-07-04 23:44:48",2
"2019-07-05 00:44:49",2
"2019-07-05 01:44:47",2
"2019-07-05 02:44:48",2
"2019-07-05 03:44:48",2
"2019-07-05 04:44:46",2
"2019-07-05 05:44:53",2
"2019-07-05 06:44:52",2
"2019-07-05 07:44:48",2
"2019-07-05 08:44:47",2
"2019-07-05 09:44:47",2
"2019-07-05 10:45:01",2
"2019-07-05 11:44:57",2
"2019-07-05 12:44:48",2
"2019-07-05 13:44:57",2
"2019-07-05 14:44:51",2
"2019-07-05 15:44:48",2
"2019-07-05 16:45:00",2
"2019-07-05 17:44:50",2
"2019-07-05 18:44:49",2
"2019-07-05 19:44:48",2
"2019-07-05 20:44:49",2
"2019-07-05 21:44:50",2
"2019-07-05 22:44:52",2
"2019-07-05 23:44:49",2
"2019-07-06 00:44:53",2
"2019-07-06 01:44:53",2
"2019-07-06 02:44:57",2
"2019-07-06 03:44:49",2
"2019-07-06 04:44:47",2
"2019-07-06 05:44:49",2
"2019-07-06 06:44:51",2
"2019-07-06 07:44:45",2
"2019-07-06 08:44:48",2
"2019-07-06 09:44:48",2
"2019-07-06 10:44:48",2
"2019-07-06 11:45:08",2
"2019-07-06 12:44:52",2
"2019-07-06 13:44:50",2
"2019-07-06 14:44:47",2
"2019-07-06 15:44:47",2
"2019-07-06 16:44:52",2
"2019-07-06 17:44:49",2
"2019-07-06 18:44:48",2
"2019-07-06 19:44:53",2
"2019-07-06 20:44:46",2
"2019-07-06 21:44:48",2
"2019-07-06 22:44:48",2
"2019-07-06 23:44:49",2
"2019-07-07 00:44:47",2
"2019-07-07 01:44:48",2
"2019-07-07 02:44:50",2
"2019-07-07 03:44:46",2
"2019-07-07 04:44:47",2
"2019-07-07 05:44:52",2
"2019-07-07 06:44:48",2
"2019-07-07 07:44:48",2
"2019-07-07 08:44:49",2
"2019-07-07 09:44:47",2
"2019-07-07 10:44:49",2
"2019-07-07 11:44:45",2
"2019-07-07 12:44:44",2
"2019-07-07 13:44:45",2
"2019-07-07 14:44:47",2
"2019-07-07 15:44:49",2
"2019-07-07 16:44:49",2
"2019-07-07 17:44:48",2
"2019-07-07 18:44:48",2
"2019-07-07 19:44:45",2
"2019-07-07 20:44:46",2
"2019-07-07 21:44:48",2
"2019-07-07 22:44:48",2
"2019-07-07 23:44:46",2
"2019-07-08 00:44:47",2
"2019-07-08 01:44:50",2
"2019-07-08 02:44:47",2
"2019-07-08 03:44:52",2
"2019-07-08 04:44:46",2
"2019-07-08 05:44:43",2
"2019-07-08 06:44:52",2
"2019-07-08 07:44:54",2
"2019-07-08 08:44:51",2
"2019-07-08 09:44:55",2
"2019-07-08 10:44:56",2
"2019-07-08 11:45:05",2
"2019-07-08 12:44:48",2
"2019-07-08 13:44:46",2
"2019-07-08 14:44:47",2
"2019-07-08 15:44:46",2
"2019-07-08 16:44:48",2
"2019-07-08 17:44:45",2
"2019-07-08 18:44:48",2
"2019-07-08 19:44:46",2
"2019-07-08 20:44:45",2
"2019-07-08 21:44:47",2
"2019-07-08 22:44:47",2
"2019-07-08 23:44:45",2
"2019-07-09 00:44:46",2
"2019-07-09 01:44:45",2
"2019-07-09 02:44:55",2
"2019-07-09 03:44:50",2
"2019-07-09 04:44:49",2
"2019-07-09 05:44:56",2
"2019-07-09 06:44:49",2
"2019-07-09 07:44:50",2
"2019-07-09 08:44:47",2
"2019-07-09 09:44:46",2
"2019-07-09 10:44:44",2
"2019-07-09 11:44:48",2
"2019-07-09 13:07:50",2
"2019-07-09 13:44:44",2
"2019-07-09 14:44:47",2
"2019-07-09 15:44:47",2
"2019-07-09 16:44:45",2
"2019-07-09 17:44:48",2
"2019-07-09 18:44:46",2
"2019-07-09 19:44:46",2
"2019-07-09 20:44:46",2
"2019-07-09 21:44:46",2
"2019-07-09 22:44:44",2
"2019-07-09 23:44:46",2
"2019-07-10 00:44:45",2
"2019-07-10 01:44:46",2
"2019-07-10 02:44:45",2
"2019-07-10 03:44:45",2
"2019-07-10 04:44:45",2
"2019-07-10 05:44:50",2
"2019-07-10 06:44:48",2
"2019-07-10 07:44:43",2
"2019-07-10 08:44:45",2
"2019-07-10 09:44:43",2
"2019-07-10 10:44:44",2
"2019-07-10 11:44:47",2
"2019-07-10 12:44:49",2
"2019-07-10 13:44:47",2
"2019-07-10 14:44:45",2
"2019-07-10 15:44:48",2
"2019-07-10 16:45:00",2
"2019-07-10 17:44:46",2
"2019-07-10 18:44:45",2
"2019-07-10 19:44:45",2
"2019-07-10 20:44:46",2
"2019-07-10 21:44:45",2
"2019-07-10 22:44:52",2
"2019-07-10 23:44:46",2
"2019-07-11 00:44:45",2
"2019-07-11 01:44:47",2
"2019-07-11 02:44:53",2
"2019-07-11 03:44:49",2
"2019-07-11 04:44:52",2
"2019-07-11 05:44:49",2
"2019-07-11 06:44:48",2
"2019-07-11 07:44:47",2
"2019-07-11 08:44:53",2
"2019-07-11 09:44:46",2
"2019-07-11 10:44:48",2
"2019-07-11 11:44:45",2
"2019-07-11 12:44:44",2
"2019-07-11 13:44:46",2
"2019-07-11 14:44:46",2
"2019-07-11 15:44:45",2
"2019-07-11 16:44:46",2
"2019-07-11 17:44:46",2
"2019-07-11 18:44:46",2
"2019-07-11 19:44:46",2
"2019-07-11 20:44:45",2
"2019-07-11 21:44:51",2
"2019-07-11 22:44:45",2
"2019-07-11 23:44:46",2
"2019-07-12 00:44:45",2
"2019-07-12 01:44:47",2
"2019-07-12 02:44:45",2
"2019-07-12 03:44:45",2
"2019-07-12 04:44:44",2
"2019-07-12 05:44:50",2
"2019-07-12 06:44:53",2
"2019-07-12 07:44:46",2
"2019-07-12 08:44:46",2
"2019-07-12 09:44:53",2
"2019-07-12 10:44:48",2
"2019-07-12 11:44:47",2
"2019-07-12 13:08:20",2
"2019-07-12 13:44:48",2
"2019-07-12 14:44:47",2
"2019-07-12 15:45:07",2
"2019-07-12 16:44:50",2
"2019-07-12 17:44:50",2
"2019-07-12 18:44:46",2
"2019-07-12 19:44:44",2
"2019-07-12 20:44:44",2
"2019-07-12 21:44:46",2
"2019-07-12 22:44:52",2
"2019-07-12 23:44:45",2
"2019-07-13 00:44:46",2
"2019-07-13 01:44:47",2
"2019-07-13 02:44:50",2
"2019-07-13 03:44:44",2
"2019-07-13 04:44:46",2
"2019-07-13 05:44:45",2
"2019-07-13 06:44:45",2
"2019-07-13 07:44:47",2
"2019-07-13 08:44:44",2
"2019-07-13 09:44:45",2
"2019-07-13 10:44:46",2
"2019-07-13 11:44:48",2
"2019-07-13 12:44:49",2
"2019-07-13 13:44:45",2
"2019-07-13 14:44:45",2
"2019-07-13 15:44:47",2
"2019-07-13 16:45:16",2
"2019-07-13 17:44:50",2
"2019-07-13 18:44:51",2
"2019-07-13 19:44:50",2
"2019-07-13 20:44:51",2
"2019-07-13 21:44:49",2
"2019-07-13 22:44:46",2
"2019-07-13 23:44:46",2
"2019-07-14 00:44:46",2
"2019-07-14 01:44:55",2
"2019-07-14 02:44:47",2
"2019-07-14 03:44:48",2
"2019-07-14 04:44:46",2
"2019-07-14 05:44:50",2
"2019-07-14 06:44:49",2
"2019-07-14 07:44:45",2
"2019-07-14 08:44:46",2
"2019-07-14 09:44:43",2
"2019-07-14 10:44:45",2
"2019-07-14 11:44:48",2
"2019-07-14 12:44:46",2
"2019-07-14 13:44:48",2
"2019-07-14 14:44:46",2
"2019-07-14 15:44:47",2
"2019-07-14 16:44:50",2
"2019-07-14 17:44:47",2
"2019-07-14 18:44:45",2
"2019-07-14 19:44:45",2
"2019-07-14 20:44:54",2
"2019-07-14 21:44:45",2
"2019-07-14 22:44:44",2
"2019-07-14 23:44:45",2
"2019-07-15 00:44:46",2
"2019-07-15 01:44:45",2
"2019-07-15 02:44:46",2
"2019-07-15 03:44:44",2
"2019-07-15 04:44:44",2
"2019-07-15 05:44:53",2
"2019-07-15 06:44:57",2
"2019-07-15 07:44:46",2
"2019-07-15 08:44:44",2
"2019-07-15 09:44:45",2
"2019-07-15 10:44:46",2
"2019-07-15 11:44:44",2
"2019-07-15 13:08:51",2
"2019-07-15 13:44:48",2
"2019-07-15 14:44:46",2
"2019-07-15 15:44:44",2
"2019-07-15 16:45:01",2
"2019-07-15 17:44:46",2
"2019-07-15 18:44:44",2
"2019-07-15 19:44:46",2
"2019-07-15 20:44:47",2
"2019-07-15 21:44:45",2
"2019-07-15 22:44:50",2
"2019-07-15 23:44:46",2
"2019-07-16 00:44:45",2
"2019-07-16 01:44:46",2
"2019-07-16 02:44:52",2
"2019-07-16 03:44:45",2
"2019-07-16 04:44:44",2
"2019-07-16 05:44:52",2
"2019-07-16 06:44:58",2
"2019-07-16 07:44:45",2
"2019-07-16 08:44:46",2
"2019-07-16 09:44:46",2
"2019-07-16 10:44:48",2
"2019-07-16 11:44:44",2
"2019-07-16 13:08:50",2
"2019-07-16 13:44:48",2
"2019-07-16 14:44:46",2
"2019-07-16 15:44:56",2
"2019-07-16 16:44:49",2
"2019-07-16 17:44:50",2
"2019-07-16 18:44:48",2
"2019-07-16 19:44:46",2
"2019-07-16 20:45:17",2
"2019-07-16 21:44:47",2
"2019-07-16 22:44:47",2
"2019-07-16 23:44:46",2
"2019-07-17 00:44:47",2
"2019-07-17 01:44:47",2
"2019-07-17 02:44:48",2
"2019-07-17 03:44:49",2
"2019-07-17 04:44:49",2
"2019-07-17 05:45:02",2
"2019-07-17 06:44:51",2
"2019-07-17 07:44:51",2
"2019-07-17 08:44:48",2
"2019-07-17 09:44:49",2
"2019-07-17 10:44:48",2
"2019-07-17 11:44:46",2
"2019-07-17 13:08:22",2
"2019-07-17 13:44:47",2
"2019-07-17 14:44:50",2
"2019-07-17 15:44:55",2
"2019-07-17 16:44:53",2
"2019-07-17 17:44:46",2
"2019-07-17 18:44:48",2
"2019-07-17 19:44:46",2
"2019-07-17 20:44:47",2
"2019-07-17 21:44:47",2
"2019-07-17 22:44:48",2
"2019-07-17 23:44:47",2
"2019-07-18 00:44:45",2
"2019-07-18 01:44:56",2
"2019-07-18 02:44:48",2
"2019-07-18 03:44:48",2
"2019-07-18 04:44:46",2
"2019-07-18 05:44:52",2
"2019-07-18 06:44:50",2
"2019-07-18 07:44:45",2
"2019-07-18 08:44:51",2
"2019-07-18 09:44:46",2
"2019-07-18 10:44:47",2
"2019-07-18 11:44:45",2
"2019-07-18 13:08:55",2
"2019-07-18 13:44:46",2
"2019-07-18 14:44:46",2
"2019-07-18 15:44:46",2
"2019-07-18 16:44:56",2
"2019-07-18 17:44:48",2
"2019-07-18 18:44:48",2
"2019-07-18 19:44:49",2
"2019-07-18 20:44:48",2
"2019-07-18 21:44:47",2
"2019-07-18 22:44:48",2
"2019-07-18 23:44:52",2
"2019-07-19 00:44:48",2
"2019-07-19 01:44:49",2
"2019-07-19 02:44:50",2
"2019-07-19 03:44:48",2
"2019-07-19 04:44:49",2
"2019-07-19 05:45:04",2
"2019-07-19 06:44:49",2
"2019-07-19 07:44:53",2
"2019-07-19 08:44:46",2
"2019-07-19 09:44:47",2
"2019-07-19 10:44:46",2
"2019-07-19 11:44:46",2
"2019-07-19 13:08:20",2
"2019-07-19 13:44:47",2
"2019-07-19 14:44:46",2
"2019-07-19 15:44:47",2
"2019-07-19 16:44:47",2
"2019-07-19 17:44:50",2
"2019-07-19 18:44:48",2
"2019-07-19 19:44:47",2
"2019-07-19 20:44:46",2
"2019-07-19 21:44:45",2
"2019-07-19 22:44:47",2
"2019-07-19 23:44:46",2
"2019-07-20 00:44:46",2
"2019-07-20 01:44:55",2
"2019-07-20 02:44:56",2
"2019-07-20 03:44:49",2
"2019-07-20 04:44:55",2
"2019-07-20 05:44:52",2
"2019-07-20 06:44:46",2
"2019-07-20 07:44:45",2
"2019-07-20 08:44:47",2
"2019-07-20 09:44:44",2
"2019-07-20 10:44:44",2
"2019-07-20 11:44:46",2
"2019-07-20 12:44:47",2
"2019-07-20 13:44:46",2
"2019-07-20 14:44:46",2
"2019-07-20 15:44:46",2
"2019-07-20 16:44:48",2
"2019-07-20 17:44:46",2
"2019-07-20 18:44:46",2
"2019-07-20 19:44:46",2
"2019-07-20 20:44:45",2
"2019-07-20 21:44:48",2
"2019-07-20 22:44:44",2
"2019-07-20 23:44:45",2
"2019-07-21 00:44:47",2
"2019-07-21 01:44:46",2
"2019-07-21 02:44:48",2
"2019-07-21 03:44:45",2
"2019-07-21 04:44:46",2
"2019-07-21 05:44:54",2
"2019-07-21 06:44:57",2
"2019-07-21 07:44:44",2
"2019-07-21 08:44:46",2
"2019-07-21 09:44:48",2
"2019-07-21 10:44:55",2
"2019-07-21 11:44:46",2
"2019-07-21 12:44:45",2
"2019-07-21 13:44:47",2
"2019-07-21 14:44:46",2
"2019-07-21 15:44:45",2
"2019-07-21 16:44:46",2
"2019-07-21 17:44:46",2
"2019-07-21 18:44:47",2
"2019-07-21 19:44:46",2
"2019-07-21 20:44:47",2
"2019-07-21 21:44:48",2
"2019-07-21 22:44:45",2
"2019-07-21 23:44:46",2
"2019-07-22 00:44:45",2
"2019-07-22 01:44:47",2
"2019-07-22 02:44:46",2
"2019-07-22 03:44:46",2
"2019-07-22 04:44:46",2
"2019-07-22 05:44:50",2
"2019-07-22 06:44:56",2
"2019-07-22 07:44:46",2
"2019-07-22 08:44:47",2
"2019-07-22 09:44:45",2
"2019-07-22 10:44:45",2
"2019-07-22 11:44:59",2
"2019-07-22 12:44:51",2
"2019-07-22 13:44:46",2
"2019-07-22 14:44:48",2
"2019-07-22 15:44:46",2
"2019-07-22 16:44:49",2
"2019-07-22 17:44:47",2
"2019-07-22 18:44:55",2
"2019-07-22 19:44:52",2
"2019-07-22 20:44:49",2
"2019-07-22 21:44:51",2
"2019-07-22 22:44:46",2
"2019-07-22 23:44:46",2
"2019-07-23 00:44:46",2
"2019-07-23 01:44:45",2
"2019-07-23 02:44:51",2
"2019-07-23 03:44:48",2
"2019-07-23 04:44:49",2
"2019-07-23 05:44:50",2
"2019-07-23 06:44:54",2
"2019-07-23 07:44:52",2
"2019-07-23 08:44:46",2
"2019-07-23 09:44:49",2
"2019-07-23 10:44:47",2
"2019-07-23 11:44:46",2
"2019-07-23 13:07:53",2
"2019-07-23 13:44:47",2
"2019-07-23 14:44:48",2
"2019-07-23 15:44:52",2
"2019-07-23 16:44:49",2
"2019-07-23 17:44:45",2
"2019-07-23 18:44:48",2
"2019-07-23 19:44:47",2
"2019-07-23 20:44:47",2
"2019-07-23 21:44:47",2
"2019-07-23 22:44:52",2
"2019-07-23 23:44:48",2
"2019-07-24 00:44:47",2
"2019-07-24 01:44:47",2
"2019-07-24 02:44:53",2
"2019-07-24 03:44:47",2
"2019-07-24 04:44:47",2
"2019-07-24 05:44:48",2
"2019-07-24 06:44:45",2
"2019-07-24 07:44:45",2
"2019-07-24 08:44:51",2
"2019-07-24 09:44:48",2
"2019-07-24 10:44:48",2
"2019-07-24 11:44:45",2
"2019-07-24 13:07:22",2
"2019-07-24 13:44:49",2
"2019-07-24 14:44:47",2
"2019-07-24 15:44:50",2
"2019-07-24 16:44:49",2
"2019-07-24 17:44:46",2
"2019-07-24 18:44:52",2
"2019-07-24 19:44:47",2
"2019-07-24 20:44:49",2
"2019-07-24 21:44:48",2
"2019-07-24 22:44:47",2
"2019-07-24 23:44:48",2
"2019-07-25 00:44:47",2
"2019-07-25 01:44:54",2
"2019-07-25 02:45:02",2
"2019-07-25 03:44:48",2
"2019-07-25 04:44:48",2
"2019-07-25 05:44:54",2
"2019-07-25 06:44:53",2
"2019-07-25 07:44:48",2
"2019-07-25 08:44:51",2
"2019-07-25 09:44:48",2
"2019-07-25 10:44:58",2
"2019-07-25 11:44:47",2
"2019-07-25 13:07:53",2
"2019-07-25 13:44:52",2
"2019-07-25 14:44:50",2
"2019-07-25 15:44:48",2
"2019-07-25 16:44:51",2
"2019-07-25 17:44:50",2
"2019-07-25 18:44:56",2
"2019-07-25 19:45:24",2
"2019-07-25 20:44:54",2
"2019-07-25 21:44:53",2
"2019-07-25 22:44:52",2
"2019-07-25 23:44:49",2
"2019-07-26 00:45:04",2
"2019-07-26 01:44:50",2
"2019-07-26 02:44:52",2
"2019-07-26 03:44:52",2
"2019-07-26 04:44:54",2
"2019-07-26 05:44:58",2
"2019-07-26 06:45:10",2
"2019-07-26 07:44:59",2
"2019-07-26 08:44:47",2
"2019-07-26 09:44:49",2
"2019-07-26 10:44:51",2
"2019-07-26 11:44:53",2
"2019-07-26 13:09:53",2
"2019-07-26 13:44:50",2
"2019-07-26 14:44:49",2
"2019-07-26 15:44:48",2
"2019-07-26 16:44:51",2
"2019-07-26 17:44:51",2
"2019-07-26 18:44:51",2
"2019-07-26 19:44:48",2
"2019-07-26 20:44:48",2
"2019-07-26 22:44:47",2
"2019-07-26 23:44:46",2
"2019-07-27 00:44:47",2
"2019-07-27 01:44:47",2
"2019-07-27 02:44:50",2
"2019-07-27 03:44:47",2
"2019-07-27 04:44:48",2
"2019-07-27 05:44:48",2
"2019-07-27 06:44:48",2
"2019-07-27 07:44:46",2
"2019-07-27 08:44:47",2
"2019-07-27 09:44:46",2
"2019-07-27 10:44:48",2
"2019-07-27 11:44:46",2
"2019-07-27 12:44:48",2
"2019-07-27 13:44:46",2
"2019-07-27 14:44:47",2
"2019-07-27 15:44:51",2
"2019-07-27 16:44:57",2
"2019-07-27 17:44:53",2
"2019-07-27 18:44:50",2
"2019-07-27 19:44:49",2
"2019-07-27 20:44:50",2
"2019-07-27 21:44:48",2
"2019-07-27 22:44:48",2
"2019-07-27 23:44:47",2
"2019-07-28 00:44:47",2
"2019-07-28 01:44:46",2
"2019-07-28 02:44:47",2
"2019-07-28 03:44:45",2
"2019-07-28 04:44:47",2
"2019-07-28 05:44:46",2
"2019-07-28 06:44:46",2
"2019-07-28 07:44:47",2
"2019-07-28 08:44:45",2
"2019-07-28 09:44:44",2
"2019-07-28 10:44:44",2
"2019-07-28 11:44:44",2
"2019-07-28 12:44:46",2
"2019-07-28 13:44:46",2
"2019-07-28 14:44:47",2
"2019-07-28 15:44:45",2
"2019-07-28 16:44:48",2
"2019-07-28 17:44:48",2
"2019-07-28 18:44:46",2
"2019-07-28 19:44:47",2
"2019-07-28 20:44:46",2
"2019-07-28 21:44:46",2
"2019-07-28 22:44:48",2
"2019-07-28 23:44:49",2
"2019-07-29 00:44:47",2
"2019-07-29 01:44:47",2
"2019-07-29 02:44:47",2
"2019-07-29 03:44:48",2
"2019-07-29 04:44:48",2
"2019-07-29 05:44:53",2
"2019-07-29 06:44:59",2
"2019-07-29 07:44:48",2
"2019-07-29 08:44:46",2
"2019-07-29 09:44:47",2
"2019-07-29 10:44:47",2
"2019-07-29 11:44:48",2
"2019-07-29 13:08:51",2
"2019-07-29 13:44:51",2
"2019-07-29 14:44:48",2
"2019-07-29 15:44:48",2
"2019-07-29 16:44:47",2
"2019-07-29 17:44:47",2
"2019-07-29 18:44:48",2
"2019-07-29 19:44:47",2
"2019-07-29 20:44:47",2
"2019-07-29 21:44:46",2
"2019-07-29 22:44:48",2
"2019-07-29 23:44:47",2
"2019-07-30 00:44:47",2
"2019-07-30 01:44:48",2
"2019-07-30 02:44:48",2
"2019-07-30 03:44:46",2
"2019-07-30 04:44:46",2
"2019-07-30 05:44:48",2
"2019-07-30 06:44:48",2
"2019-07-30 07:44:56",2
"2019-07-30 08:44:49",2
"2019-07-30 09:44:46",2
"2019-07-30 10:44:45",2
"2019-07-30 11:44:49",2
"2019-07-30 12:44:47",2
"2019-07-30 13:44:48",2
"2019-07-30 14:44:49",2
"2019-07-30 15:44:49",2
"2019-07-30 16:44:49",2
"2019-07-30 17:44:54",2
"2019-07-30 18:44:51",2
"2019-07-30 19:44:53",2
"2019-07-30 20:44:50",2
"2019-07-30 21:44:49",2
"2019-07-30 22:44:51",2
"2019-07-30 23:44:48",2
"2019-07-31 00:45:22",2
"2019-07-31 01:44:48",2
"2019-07-31 02:44:48",2
"2019-07-31 03:44:50",2
"2019-07-31 04:44:49",2
"2019-07-31 05:45:00",2
"2019-07-31 06:44:49",2
"2019-07-31 07:44:49",2
"2019-07-31 08:44:49",2
"2019-07-31 09:44:50",2
"2019-07-31 10:44:47",2
"2019-07-31 11:44:46",2
"2019-07-31 13:08:55",2
"2019-07-31 13:44:48",2
"2019-07-31 14:44:50",2
"2019-07-31 15:44:50",2
"2019-07-31 16:44:54",2
"2019-07-31 17:44:48",2
"2019-07-31 18:44:47",2
"2019-07-31 19:44:48",2
"2019-07-31 20:44:50",2
"2019-07-31 21:44:50",2
"2019-07-31 22:44:48",2
"2019-07-31 23:44:48",2
"2019-08-01 00:44:50",2
"2019-08-01 01:45:03",2
"2019-08-01 02:44:51",2
"2019-08-01 03:44:49",2
"2019-08-01 04:44:47",2
"2019-08-01 05:44:53",2
"2019-08-01 06:44:49",2
"2019-08-01 07:44:55",2
"2019-08-01 08:44:48",2
"2019-08-01 09:44:50",2
"2019-08-01 10:44:48",2
"2019-08-01 11:44:46",2
"2019-08-01 13:07:21",2
"2019-08-01 13:44:50",2
"2019-08-01 14:44:49",2
"2019-08-01 15:44:56",2
"2019-08-01 16:44:52",2
"2019-08-01 17:44:52",2
"2019-08-01 18:44:47",2
"2019-08-01 19:44:48",2
"2019-08-01 20:44:48",2
"2019-08-01 21:44:48",2
"2019-08-01 22:44:46",2
"2019-08-01 23:44:49",2
"2019-08-02 00:44:48",2
"2019-08-02 01:44:48",2
"2019-08-02 02:44:47",2
"2019-08-02 03:44:49",2
"2019-08-02 04:44:48",2
"2019-08-02 05:44:51",2
"2019-08-02 06:44:48",2
"2019-08-02 07:44:46",2
"2019-08-02 08:44:49",2
"2019-08-02 09:44:50",2
"2019-08-02 10:44:59",2
"2019-08-02 11:44:48",2
"2019-08-02 13:08:56",2
"2019-08-02 13:44:51",2
"2019-08-02 14:44:50",2
"2019-08-02 15:44:51",2
"2019-08-02 16:44:53",2
"2019-08-02 17:44:48",2
"2019-08-02 18:44:51",2
"2019-08-02 19:44:50",2
"2019-08-02 20:44:50",2
"2019-08-02 21:44:50",2
"2019-08-02 22:44:48",2
"2019-08-02 23:44:49",2
"2019-08-03 00:44:49",2
"2019-08-03 01:44:48",2
"2019-08-03 02:44:58",2
"2019-08-03 03:44:49",2
"2019-08-03 04:44:48",2
"2019-08-03 05:44:56",2
"2019-08-03 06:44:49",2
"2019-08-03 07:44:46",2
"2019-08-03 08:44:50",2
"2019-08-03 09:44:48",2
"2019-08-03 10:44:49",2
"2019-08-03 11:44:48",2
"2019-08-03 12:44:50",2
"2019-08-03 13:44:49",2
"2019-08-03 14:44:49",2
"2019-08-03 15:44:47",2
"2019-08-03 16:44:49",2
"2019-08-03 17:44:50",2
"2019-08-03 18:44:49",2
"2019-08-03 19:44:48",2
"2019-08-03 20:44:47",2
"2019-08-03 21:44:47",2
"2019-08-03 22:44:48",2
"2019-08-03 23:44:48",2
"2019-08-04 00:44:48",2
"2019-08-04 01:44:47",2
"2019-08-04 02:44:54",2
"2019-08-04 03:44:50",2
"2019-08-04 04:44:48",2
"2019-08-04 05:44:54",2
"2019-08-04 06:44:48",2
"2019-08-04 07:44:49",2
"2019-08-04 08:44:50",2
"2019-08-04 09:44:48",2
"2019-08-04 10:44:47",2
"2019-08-04 11:44:45",2
"2019-08-04 12:44:48",2
"2019-08-04 13:44:48",2
"2019-08-04 14:44:47",2
"2019-08-04 15:44:48",2
"2019-08-04 16:44:49",2
"2019-08-04 17:44:48",2
"2019-08-04 18:44:49",2
"2019-08-04 19:44:48",2
"2019-08-04 20:44:49",2
"2019-08-04 21:44:48",2
"2019-08-04 22:44:49",2
"2019-08-04 23:44:48",2
"2019-08-05 00:44:48",2
"2019-08-05 01:44:50",2
"2019-08-05 02:44:50",2
"2019-08-05 03:44:49",2
"2019-08-05 04:44:49",2
"2019-08-05 05:44:51",2
"2019-08-05 06:44:48",2
"2019-08-05 07:44:53",2
"2019-08-05 08:44:51",2
"2019-08-05 09:44:51",2
"2019-08-05 10:44:49",2
"2019-08-05 11:44:48",2
"2019-08-05 13:09:25",2
"2019-08-05 13:44:53",2
"2019-08-05 14:44:51",2
"2019-08-05 15:44:49",2
"2019-08-05 16:44:50",2
"2019-08-05 17:44:52",2
"2019-08-05 18:44:53",2
"2019-08-05 19:44:50",2
"2019-08-05 20:44:48",2
"2019-08-05 21:44:49",2
"2019-08-05 22:44:51",2
"2019-08-05 23:44:51",2
"2019-08-06 00:45:03",2
"2019-08-06 01:44:55",2
"2019-08-06 02:44:50",2
"2019-08-06 03:44:49",2
"2019-08-06 04:44:51",2
"2019-08-06 05:44:52",2
"2019-08-06 06:44:49",2
"2019-08-06 07:44:49",2
"2019-08-06 08:44:48",2
"2019-08-06 09:44:55",2
"2019-08-06 10:44:47",2
"2019-08-06 11:44:47",2
"2019-08-06 12:44:49",2
"2019-08-06 13:44:51",2
"2019-08-06 14:44:48",2
"2019-08-06 15:44:50",2
"2019-08-06 16:44:51",2
"2019-08-06 17:44:49",2
"2019-08-06 18:44:48",2
"2019-08-06 19:44:50",2
"2019-08-06 20:44:50",2
"2019-08-06 21:44:49",2
"2019-08-06 23:44:49",2
"2019-08-07 00:44:50",2
"2019-08-07 01:44:51",2
"2019-08-07 02:44:52",2
"2019-08-07 03:44:49",2
"2019-08-07 04:44:48",2
"2019-08-07 05:44:53",2
"2019-08-07 06:44:55",2
"2019-08-07 07:44:47",2
"2019-08-07 08:44:49",2
"2019-08-07 09:44:48",2
"2019-08-07 10:44:57",2
"2019-08-07 11:44:48",2
"2019-08-07 12:44:52",2
"2019-08-07 13:44:52",2
"2019-08-07 14:44:51",2
"2019-08-07 15:44:49",2
"2019-08-07 16:44:50",2
"2019-08-07 17:44:50",2
"2019-08-07 18:44:49",2
"2019-08-07 19:44:49",2
"2019-08-07 20:44:49",2
"2019-08-07 21:44:49",2
"2019-08-07 22:44:48",2
"2019-08-07 23:44:50",2
"2019-08-08 00:44:51",2
"2019-08-08 01:44:49",2
"2019-08-08 02:44:56",2
"2019-08-08 03:44:48",2
"2019-08-08 04:44:48",2
"2019-08-08 05:44:49",2
"2019-08-08 06:44:53",2
"2019-08-08 07:44:49",2
"2019-08-08 08:44:48",2
"2019-08-08 09:44:48",2
"2019-08-08 10:44:53",2
"2019-08-08 11:44:47",2
"2019-08-08 12:44:50",2
"2019-08-08 13:44:50",2
"2019-08-08 14:44:49",2
"2019-08-08 15:44:51",2
"2019-08-08 16:44:52",2
"2019-08-08 17:44:50",2
"2019-08-08 18:44:51",2
"2019-08-08 19:44:50",2
"2019-08-08 20:44:52",2
"2019-08-08 21:44:53",2
"2019-08-08 22:44:52",2
"2019-08-08 23:44:53",2
"2019-08-09 00:44:54",2
"2019-08-09 01:44:54",2
"2019-08-09 02:44:55",2
"2019-08-09 03:44:54",2
"2019-08-09 04:44:54",2
"2019-08-09 05:44:59",2
"2019-08-09 06:44:54",2
"2019-08-09 07:45:08",2
"2019-08-09 08:44:54",2
"2019-08-09 09:45:00",2
"2019-08-09 10:44:54",2
"2019-08-09 11:44:54",2
"2019-08-09 13:08:59",2
"2019-08-09 13:44:54",2
"2019-08-09 14:45:01",2
"2019-08-09 15:44:54",2
"2019-08-09 16:45:02",2
"2019-08-09 17:44:53",2
"2019-08-09 18:44:54",2
"2019-08-09 19:44:54",2
"2019-08-09 20:44:52",2
"2019-08-09 21:44:55",2
"2019-08-09 22:44:54",2
"2019-08-09 23:44:56",2
"2019-08-10 00:44:55",2
"2019-08-10 01:44:54",2
"2019-08-10 02:45:11",2
"2019-08-10 03:44:53",2
"2019-08-10 04:44:54",2
"2019-08-10 05:44:59",2
"2019-08-10 06:44:53",2
"2019-08-10 07:44:53",2
"2019-08-10 08:44:53",2
"2019-08-10 09:44:54",2
"2019-08-10 10:44:56",2
"2019-08-10 11:44:52",2
"2019-08-10 12:44:56",2
"2019-08-10 13:44:56",2
"2019-08-10 14:44:52",2
"2019-08-10 15:44:52",2
"2019-08-10 16:45:01",2
"2019-08-10 17:44:53",2
"2019-08-10 18:44:53",2
"2019-08-10 19:44:53",2
"2019-08-10 20:44:53",2
"2019-08-10 21:44:51",2
"2019-08-10 22:44:52",2
"2019-08-10 23:44:53",2
"2019-08-11 00:44:51",2
"2019-08-11 01:44:52",2
"2019-08-11 02:45:01",2
"2019-08-11 03:44:55",2
"2019-08-11 04:44:52",2
"2019-08-11 05:45:02",2
"2019-08-11 06:44:52",2
"2019-08-11 07:44:54",2
"2019-08-11 08:44:52",2
"2019-08-11 09:44:51",2
"2019-08-11 10:44:51",2
"2019-08-11 11:44:52",2
"2019-08-11 12:44:53",2
"2019-08-11 13:44:55",2
"2019-08-11 14:44:53",2
"2019-08-11 15:44:53",2
"2019-08-11 16:44:54",2
"2019-08-11 17:44:53",2
"2019-08-11 18:44:53",2
"2019-08-11 19:44:55",2
"2019-08-11 20:44:56",2
"2019-08-11 21:44:56",2
"2019-08-11 22:44:55",2
"2019-08-11 23:44:57",2
"2019-08-12 00:44:56",2
"2019-08-12 01:44:55",2
"2019-08-12 02:45:03",2
"2019-08-12 03:44:56",2
"2019-08-12 04:44:55",2
"2019-08-12 05:45:01",2
"2019-08-12 06:45:02",2
"2019-08-12 07:44:53",2
"2019-08-12 08:44:56",2
"2019-08-12 09:44:54",2
"2019-08-12 10:44:58",2
"2019-08-12 11:44:53",2
"2019-08-12 12:44:59",2
"2019-08-12 13:45:06",2
"2019-08-12 14:44:54",2
"2019-08-12 15:44:55",2
"2019-08-12 16:45:04",2
"2019-08-12 17:44:52",2
"2019-08-12 18:44:51",2
"2019-08-12 19:44:50",2
"2019-08-12 20:44:53",2
"2019-08-12 21:44:51",2
"2019-08-12 22:44:51",2
"2019-08-12 23:44:53",2
"2019-08-13 00:44:50",2
"2019-08-13 01:44:52",2
"2019-08-13 02:44:57",2
"2019-08-13 03:44:53",2
"2019-08-13 04:44:50",2
"2019-08-13 05:44:55",2
"2019-08-13 06:44:52",2
"2019-08-13 07:44:52",2
"2019-08-13 08:44:50",2
"2019-08-13 09:44:53",2
"2019-08-13 10:44:58",2
"2019-08-13 11:44:56",2
"2019-08-13 12:44:55",2
"2019-08-13 13:44:56",2
"2019-08-13 14:44:53",2
"2019-08-13 15:44:58",2
"2019-08-13 16:44:56",2
"2019-08-13 17:44:53",2
"2019-08-13 18:44:53",2
"2019-08-13 19:44:53",2
"2019-08-13 20:44:51",2
"2019-08-13 21:44:54",2
"2019-08-13 22:45:00",2
"2019-08-13 23:44:54",2
"2019-08-14 00:44:56",2
"2019-08-14 01:44:54",2
"2019-08-14 02:44:55",2
"2019-08-14 03:44:53",2
"2019-08-14 04:44:52",2
"2019-08-14 05:45:10",2
"2019-08-14 06:44:52",2
"2019-08-14 07:44:51",2
"2019-08-14 08:44:50",2
"2019-08-14 09:44:55",2
"2019-08-14 10:44:49",2
"2019-08-14 11:44:50",2
"2019-08-14 13:07:59",2
"2019-08-14 13:44:54",2
"2019-08-14 14:44:54",2
"2019-08-14 15:44:55",2
"2019-08-14 16:44:53",2
"2019-08-14 17:44:50",2
"2019-08-14 18:44:57",2
"2019-08-14 19:44:56",2
"2019-08-14 20:44:53",2
"2019-08-14 21:45:04",2
"2019-08-14 22:44:52",2
"2019-08-14 23:44:51",2
"2019-08-15 00:45:22",2
"2019-08-15 01:44:54",2
"2019-08-15 02:44:56",2
"2019-08-15 03:44:53",2
"2019-08-15 04:44:54",2
"2019-08-15 05:44:59",2
"2019-08-15 06:44:51",2
"2019-08-15 07:44:50",2
"2019-08-15 08:45:05",2
"2019-08-15 09:44:51",2
"2019-08-15 10:44:52",2
"2019-08-15 11:44:51",2
"2019-08-15 13:07:57",2
"2019-08-15 13:44:59",2
"2019-08-15 14:44:54",2
"2019-08-15 15:44:49",2
"2019-08-15 16:45:09",2
"2019-08-15 17:44:48",2
"2019-08-15 18:44:52",2
"2019-08-15 19:44:50",2
"2019-08-15 20:44:52",2
"2019-08-15 21:44:49",2
"2019-08-15 22:44:48",2
"2019-08-15 23:44:59",2
"2019-08-16 00:45:02",2
"2019-08-16 01:45:07",2
"2019-08-16 02:44:52",2
"2019-08-16 03:44:53",2
"2019-08-16 04:44:48",2
"2019-08-16 05:45:08",2
"2019-08-16 06:44:49",2
"2019-08-16 07:44:50",2
"2019-08-16 08:44:50",2
"2019-08-16 09:44:53",2
"2019-08-16 10:44:49",2
"2019-08-16 11:44:48",2
"2019-08-16 12:44:50",2
"2019-08-16 13:44:54",2
"2019-08-16 14:44:50",2
"2019-08-16 15:44:52",2
"2019-08-16 16:45:06",2
"2019-08-16 19:44:56",2
"2019-08-16 20:44:59",2
"2019-08-16 21:44:55",2
"2019-08-16 22:44:57",2
"2019-08-16 23:44:56",2
"2019-08-17 00:44:56",2
"2019-08-17 01:45:01",2
"2019-08-17 02:45:11",2
"2019-08-17 03:44:56",2
"2019-08-17 04:44:57",2
"2019-08-17 05:44:58",2
"2019-08-17 06:44:55",2
"2019-08-17 07:44:55",2
"2019-08-17 08:44:57",2
"2019-08-17 09:44:55",2
"2019-08-17 10:44:53",2
"2019-08-17 11:44:55",2
"2019-08-17 12:44:53",2
"2019-08-17 13:44:55",2
"2019-08-17 14:45:31",2
"2019-08-17 15:44:55",2
"2019-08-17 16:44:54",2
"2019-08-17 17:44:53",2
"2019-08-17 18:44:53",2
"2019-08-17 19:44:54",2
"2019-08-17 20:44:55",2
"2019-08-17 21:44:53",2
"2019-08-17 22:44:53",2
"2019-08-17 23:44:53",2
"2019-08-18 00:44:53",2
"2019-08-18 01:44:52",2
"2019-08-18 02:44:56",2
"2019-08-18 03:44:53",2
"2019-08-18 04:44:52",2
"2019-08-18 05:45:18",2
"2019-08-18 06:45:14",2
"2019-08-18 07:44:57",2
"2019-08-18 08:44:58",2
"2019-08-18 09:44:57",2
"2019-08-18 10:44:53",2
"2019-08-18 11:44:54",2
"2019-08-18 12:44:55",2
"2019-08-18 13:44:57",2
"2019-08-18 14:44:55",2
"2019-08-18 15:44:57",2
"2019-08-18 16:45:00",2
"2019-08-18 17:44:54",2
"2019-08-18 18:44:55",2
"2019-08-18 19:44:56",2
"2019-08-18 20:44:57",2
"2019-08-18 21:45:03",2
"2019-08-18 22:44:57",2
"2019-08-18 23:44:55",2
"2019-08-19 00:44:56",2
"2019-08-19 01:45:00",2
"2019-08-19 02:44:58",2
"2019-08-19 03:44:54",2
"2019-08-19 04:44:54",2
"2019-08-19 05:45:01",2
"2019-08-19 06:44:58",2
"2019-08-19 07:45:08",2
"2019-08-19 08:44:55",2
"2019-08-19 09:45:02",2
"2019-08-19 10:44:56",2
"2019-08-19 11:44:55",2
"2019-08-19 12:45:01",2
"2019-08-19 13:44:58",2
"2019-08-19 14:44:50",2
"2019-08-19 15:44:52",2
"2019-08-19 16:44:51",2
"2019-08-19 17:44:50",2
"2019-08-19 18:44:53",2
"2019-08-19 19:44:51",2
"2019-08-19 20:44:51",2
"2019-08-19 21:44:52",2
"2019-08-19 22:44:50",2
"2019-08-19 23:44:51",2
"2019-08-20 00:44:54",2
"2019-08-20 01:44:51",2
"2019-08-20 02:44:55",2
"2019-08-20 03:44:51",2
"2019-08-20 04:44:51",2
"2019-08-20 05:45:08",2
"2019-08-20 06:44:56",2
"2019-08-20 07:44:50",2
"2019-08-20 08:44:51",2
"2019-08-20 09:44:50",2
"2019-08-20 10:45:13",2
"2019-08-20 11:44:49",2
"2019-08-20 13:06:57",2
"2019-08-20 13:45:01",2
"2019-08-20 14:44:52",2
"2019-08-20 15:44:51",2
"2019-08-20 16:44:52",2
"2019-08-20 17:44:52",2
"2019-08-20 18:44:52",2
"2019-08-20 19:44:52",2
"2019-08-20 20:44:53",2
"2019-08-20 21:44:55",2
"2019-08-20 22:44:52",2
"2019-08-20 23:44:51",2
"2019-08-21 00:44:54",2
"2019-08-21 01:44:57",2
"2019-08-21 02:45:00",2
"2019-08-21 03:44:57",2
"2019-08-21 04:44:52",2
"2019-08-21 05:44:56",2
"2019-08-21 06:45:00",2
"2019-08-21 07:44:54",2
"2019-08-21 08:44:55",2
"2019-08-21 09:44:53",2
"2019-08-21 10:44:51",2
"2019-08-21 11:44:51",2
"2019-08-21 12:44:52",2
"2019-08-21 13:44:56",2
"2019-08-21 14:44:54",2
"2019-08-21 15:44:56",2
"2019-08-21 16:45:09",2
"2019-08-21 17:44:53",2
"2019-08-21 18:44:54",2
"2019-08-21 19:44:54",2
"2019-08-21 20:44:54",2
"2019-08-21 21:44:56",2
"2019-08-21 22:44:56",2
"2019-08-21 23:44:54",2
"2019-08-22 00:44:55",2
"2019-08-22 01:44:53",2
"2019-08-22 02:45:00",2
"2019-08-22 03:44:53",2
"2019-08-22 04:44:52",2
"2019-08-22 05:44:57",2
"2019-08-22 06:44:53",2
"2019-08-22 07:44:55",2
"2019-08-22 08:44:53",2
"2019-08-22 09:44:53",2
"2019-08-22 10:44:55",2
"2019-08-22 11:44:55",2
"2019-08-22 12:44:55",2
"2019-08-22 13:44:57",2
"2019-08-22 14:44:58",2
"2019-08-22 15:44:58",2
"2019-08-22 16:45:03",2
"2019-08-22 17:44:58",2
"2019-08-22 18:44:59",2
"2019-08-22 19:44:57",2
"2019-08-22 20:44:58",2
"2019-08-22 21:45:00",2
"2019-08-22 22:44:57",2
"2019-08-22 23:44:58",2
"2019-08-23 00:45:00",2
"2019-08-23 01:45:01",2
"2019-08-23 02:45:03",2
"2019-08-23 03:44:55",2
"2019-08-23 04:44:56",2
"2019-08-23 05:44:57",2
"2019-08-23 06:44:56",2
"2019-08-23 07:44:55",2
"2019-08-23 08:44:56",2
"2019-08-23 09:44:54",2
"2019-08-23 10:45:00",2
"2019-08-23 11:44:54",2
"2019-08-23 12:44:59",2
"2019-08-23 13:45:00",2
"2019-08-23 14:44:56",2
"2019-08-23 15:44:57",2
"2019-08-23 16:44:59",2
"2019-08-23 17:44:54",2
"2019-08-23 18:44:59",2
"2019-08-23 19:44:56",2
"2019-08-23 20:44:53",2
"2019-08-23 21:44:55",2
"2019-08-23 22:45:37",2
"2019-08-23 23:44:54",2
"2019-08-24 00:44:55",2
"2019-08-24 01:44:53",2
"2019-08-24 02:45:17",2
"2019-08-24 03:44:53",2
"2019-08-24 04:44:51",2
"2019-08-24 05:44:56",2
"2019-08-24 06:44:56",2
"2019-08-24 07:44:58",2
"2019-08-24 08:44:56",2
"2019-08-24 09:44:56",2
"2019-08-24 10:44:54",2
"2019-08-24 11:44:52",2
"2019-08-24 12:44:57",2
"2019-08-24 13:44:54",2
"2019-08-24 14:44:55",2
"2019-08-24 15:44:56",2
"2019-08-24 16:45:09",2
"2019-08-24 17:44:55",2
"2019-08-24 18:44:58",2
"2019-08-24 19:44:55",2
"2019-08-24 20:44:54",2
"2019-08-24 21:44:55",2
"2019-08-24 22:44:55",2
"2019-08-24 23:44:53",2
"2019-08-25 00:44:52",2
"2019-08-25 01:44:57",2
"2019-08-25 02:45:08",2
"2019-08-25 03:44:53",2
"2019-08-25 04:44:53",2
"2019-08-25 05:44:52",2
"2019-08-25 06:44:53",2
"2019-08-25 07:44:53",2
"2019-08-25 08:44:56",2
"2019-08-25 09:44:52",2
"2019-08-25 10:44:53",2
"2019-08-25 11:44:57",2
"2019-08-25 12:44:53",2
"2019-08-25 13:44:55",2
"2019-08-25 14:44:53",2
"2019-08-25 15:44:56",2
"2019-08-25 16:44:59",2
"2019-08-25 17:44:53",2
"2019-08-25 18:44:52",2
"2019-08-25 19:44:55",2
"2019-08-25 20:44:54",2
"2019-08-25 21:44:55",2
"2019-08-25 22:44:53",2
"2019-08-25 23:44:54",2
"2019-08-26 00:44:52",2
"2019-08-26 01:44:51",2
"2019-08-26 02:44:58",2
"2019-08-26 03:44:52",2
"2019-08-26 04:44:55",2
"2019-08-26 05:44:57",2
"2019-08-26 06:44:54",2
"2019-08-26 07:44:58",2
"2019-08-26 08:44:53",2
"2019-08-26 09:44:52",2
"2019-08-26 10:44:55",2
"2019-08-26 11:44:53",2
"2019-08-26 12:44:56",2
"2019-08-26 13:44:55",2
"2019-08-26 14:44:53",2
"2019-08-26 15:44:57",2
"2019-08-26 16:45:04",2
"2019-08-26 17:44:54",2
"2019-08-26 18:44:54",2
"2019-08-26 19:44:57",2
"2019-08-26 20:44:56",2
"2019-08-26 21:44:56",2
"2019-08-26 22:44:53",2
"2019-08-26 23:44:54",2
"2019-08-27 00:44:56",2
"2019-08-27 01:44:55",2
"2019-08-27 02:45:00",2
"2019-08-27 03:44:54",2
"2019-08-27 04:44:54",2
"2019-08-27 05:45:00",2
"2019-08-27 06:45:01",2
"2019-08-27 07:44:53",2
"2019-08-27 08:44:57",2
"2019-08-27 09:44:54",2
"2019-08-27 10:44:52",2
"2019-08-27 11:44:58",2
"2019-08-27 12:44:59",2
"2019-08-27 13:45:14",2
"2019-08-27 14:44:54",2
"2019-08-27 15:44:57",2
"2019-08-27 16:45:02",2
"2019-08-27 17:44:54",2
"2019-08-27 18:44:55",2
"2019-08-27 19:44:57",2
"2019-08-27 20:44:55",2
"2019-08-27 21:44:56",2
"2019-08-27 22:44:55",2
"2019-08-27 23:45:00",2
"2019-08-28 00:45:00",2
"2019-08-28 01:44:57",2
"2019-08-28 02:45:03",2
"2019-08-28 03:45:04",2
"2019-08-28 04:44:58",2
"2019-08-28 05:45:01",2
"2019-08-28 06:45:00",2
"2019-08-28 07:45:00",2
"2019-08-28 08:44:55",2
"2019-08-28 09:44:58",2
"2019-08-28 10:44:57",2
"2019-08-28 11:45:01",2
"2019-08-28 12:44:56",2
"2019-08-28 13:44:54",2
"2019-08-28 14:44:52",2
"2019-08-28 15:44:54",2
"2019-08-28 16:45:12",2
"2019-08-28 17:44:52",2
"2019-08-28 18:44:54",2
"2019-08-28 19:44:54",2
"2019-08-28 20:44:57",2
"2019-08-28 21:44:56",2
"2019-08-28 22:44:54",2
"2019-08-28 23:44:59",2
"2019-08-29 00:44:52",2
"2019-08-29 01:44:56",2
"2019-08-29 02:44:56",2
"2019-08-29 03:44:53",2
"2019-08-29 04:44:54",2
"2019-08-29 05:45:08",2
"2019-08-29 06:44:51",2
"2019-08-29 07:44:56",2
"2019-08-29 08:44:54",2
"2019-08-29 09:44:54",2
"2019-08-29 10:44:50",2
"2019-08-29 11:44:51",2
"2019-08-29 12:44:56",2
"2019-08-29 13:44:54",2
"2019-08-29 14:44:52",2
"2019-08-29 15:44:52",2
"2019-08-29 16:45:00",2
"2019-08-29 17:44:52",2
"2019-08-29 18:44:52",2
"2019-08-29 19:44:50",2
"2019-08-29 20:44:52",2
"2019-08-29 21:44:52",2
"2019-08-29 22:44:50",2
"2019-08-29 23:44:52",2
"2019-08-30 00:44:55",2
"2019-08-30 01:44:59",2
"2019-08-30 02:44:53",2
"2019-08-30 03:44:54",2
"2019-08-30 04:44:53",2
"2019-08-30 05:45:02",2
"2019-08-30 06:44:49",2
"2019-08-30 07:44:49",2
"2019-08-30 08:44:49",2
"2019-08-30 09:44:51",2
"2019-08-30 10:44:49",2
"2019-08-30 11:44:48",2
"2019-08-30 12:44:51",2
"2019-08-30 13:44:51",2
"2019-08-30 14:44:50",3
"2019-08-30 15:44:51",3
"2019-08-30 16:44:52",3
"2019-08-30 17:44:52",3
"2019-08-30 18:44:49",3
"2019-08-30 20:45:07",3
"2019-08-30 21:45:02",3
"2019-08-30 22:45:04",3
"2019-08-30 23:45:03",3
"2019-08-31 00:45:03",3
"2019-08-31 01:45:06",3
"2019-08-31 02:45:03",3
"2019-08-31 03:45:04",3
"2019-08-31 04:45:03",3
"2019-08-31 23:45:28",3
"2019-09-01 00:45:07",3
"2019-09-01 01:45:03",3
"2019-09-01 02:45:04",3
"2019-09-01 03:45:04",3
"2019-09-01 04:45:03",3
"2019-09-01 05:45:04",3
"2019-09-01 06:45:03",3
"2019-09-01 07:45:00",3
"2019-09-01 08:45:03",3
"2019-09-01 09:45:02",3
"2019-09-01 10:45:02",3
"2019-09-01 11:45:01",3
"2019-09-01 12:45:05",3
"2019-09-01 13:45:03",3
"2019-09-01 14:45:03",3
"2019-09-01 15:45:02",3
"2019-09-01 16:45:10",3
"2019-09-01 17:45:07",3
"2019-09-01 18:45:03",3
"2019-09-01 19:45:01",3
"2019-09-01 20:45:03",3
"2019-09-01 21:45:03",3
"2019-09-01 22:45:04",3
"2019-09-01 23:45:05",3
"2019-09-02 00:45:02",3
"2019-09-02 01:45:00",3
"2019-09-02 02:45:00",3
"2019-09-02 03:45:04",3
"2019-09-02 04:45:05",3
"2019-09-02 05:45:16",3
"2019-09-02 06:45:06",3
"2019-09-02 07:45:05",3
"2019-09-02 08:45:04",3
"2019-09-02 09:45:10",3
"2019-09-02 10:45:10",3
"2019-09-02 11:45:04",3
"2019-09-02 12:45:01",3
"2019-09-02 13:45:04",3
"2019-09-02 14:45:03",3
"2019-09-02 15:45:03",3
"2019-09-02 16:45:15",3
"2019-09-02 17:45:02",3
"2019-09-02 18:45:06",3
"2019-09-02 19:45:04",3
"2019-09-02 20:45:03",3
"2019-09-02 21:45:05",3
"2019-09-02 22:45:05",3
"2019-09-02 23:45:06",3
"2019-09-03 00:45:04",3
"2019-09-03 01:45:06",3
"2019-09-03 02:45:07",3
"2019-09-03 03:45:03",3
"2019-09-03 04:45:02",3
"2019-09-03 05:45:15",3
"2019-09-03 06:45:07",3
"2019-09-03 07:45:02",3
"2019-09-03 08:45:11",3
"2019-09-03 09:45:03",3
"2019-09-03 10:45:07",3
"2019-09-03 11:45:02",3
"2019-09-03 13:09:16",3
"2019-09-03 13:45:12",3
"2019-09-03 14:45:05",3
"2019-09-03 15:45:05",3
"2019-09-03 16:45:08",3
"2019-09-03 17:45:05",3
"2019-09-03 18:45:02",3
"2019-09-03 19:45:02",3
"2019-09-03 20:45:05",3
"2019-09-03 21:45:02",3
"2019-09-03 22:45:13",3
"2019-09-03 23:45:03",3
"2019-09-04 00:45:07",3
"2019-09-04 01:45:05",3
"2019-09-04 02:45:04",3
"2019-09-04 03:45:03",3
"2019-09-04 04:45:02",3
"2019-09-04 05:45:15",3
"2019-09-04 06:45:05",3
"2019-09-04 07:45:03",3
"2019-09-04 08:45:03",3
"2019-09-04 09:45:05",3
"2019-09-04 10:45:03",3
"2019-09-04 11:45:03",3
"2019-09-04 13:08:11",3
"2019-09-04 13:45:05",3
"2019-09-04 14:45:04",3
"2019-09-04 15:45:05",3
"2019-09-04 16:45:16",3
"2019-09-04 17:45:03",3
"2019-09-04 18:45:06",3
"2019-09-04 19:45:05",3
"2019-09-04 20:45:06",3
"2019-09-04 21:45:04",3
"2019-09-04 22:45:04",3
"2019-09-04 23:45:09",3
"2019-09-05 01:45:05",3
"2019-09-05 02:45:11",3
"2019-09-05 03:45:03",3
"2019-09-05 04:45:03",3
"2019-09-05 05:45:14",3
"2019-09-05 06:45:01",3
"2019-09-05 07:45:07",3
"2019-09-05 08:45:04",3
"2019-09-05 09:45:01",3
"2019-09-05 10:45:10",3
"2019-09-05 11:45:03",3
"2019-09-05 13:09:08",3
"2019-09-05 13:45:05",3
"2019-09-05 14:45:08",3
"2019-09-05 15:45:04",3
"2019-09-05 16:45:17",3
"2019-09-05 17:45:06",3
"2019-09-05 18:45:04",3
"2019-09-05 19:45:03",3
"2019-09-05 20:45:06",3
"2019-09-05 21:45:04",3
"2019-09-05 22:45:05",3
"2019-09-05 23:45:07",3
"2019-09-06 00:45:06",3
"2019-09-06 01:45:07",3
"2019-09-06 02:45:04",3
"2019-09-06 03:45:02",3
"2019-09-06 04:45:04",3
"2019-09-06 05:45:17",3
"2019-09-06 06:45:06",3
"2019-09-06 07:45:08",3
"2019-09-06 08:45:04",3
"2019-09-06 09:45:06",3
"2019-09-06 10:45:05",3
"2019-09-06 11:45:25",3
"2019-09-06 13:08:09",3
"2019-09-06 13:45:06",3
"2019-09-06 14:45:02",3
"2019-09-06 15:45:02",3
"2019-09-06 16:45:15",3
"2019-09-06 17:45:04",3
"2019-09-06 18:45:06",3
"2019-09-06 19:45:02",3
"2019-09-06 20:45:04",3
"2019-09-06 21:45:05",3
"2019-09-06 22:45:03",3
"2019-09-06 23:45:02",3
"2019-09-07 01:45:05",3
"2019-09-07 02:45:07",3
"2019-09-07 03:45:08",3
"2019-09-07 04:45:06",3
"2019-09-07 05:45:31",3
"2019-09-07 06:45:05",3
"2019-09-07 07:45:02",3
"2019-09-07 08:45:03",3
"2019-09-07 09:45:04",3
"2019-09-07 10:45:06",3
"2019-09-07 11:45:03",3
"2019-09-07 12:45:03",3
"2019-09-07 13:45:07",3
"2019-09-07 14:45:06",3
"2019-09-07 15:45:06",3
"2019-09-07 16:45:05",3
"2019-09-07 17:45:05",3
"2019-09-07 18:45:04",3
"2019-09-07 19:45:03",3
"2019-09-07 20:45:05",3
"2019-09-07 22:45:02",3
"2019-09-07 23:45:06",3
"2019-09-08 00:45:05",3
"2019-09-08 01:45:08",3
"2019-09-08 02:45:12",3
"2019-09-08 03:45:06",3
"2019-09-08 04:45:05",3
"2019-09-08 05:45:11",3
"2019-09-08 06:45:05",3
"2019-09-08 07:45:03",3
"2019-09-08 08:45:04",3
"2019-09-08 09:45:03",3
"2019-09-08 10:45:06",3
"2019-09-08 11:45:03",3
"2019-09-08 12:45:04",3
"2019-09-08 13:45:05",3
"2019-09-08 14:45:05",3
"2019-09-08 15:45:03",3
"2019-09-08 16:45:13",3
"2019-09-08 17:45:04",3
"2019-09-08 18:45:04",3
"2019-09-08 19:45:11",3
"2019-09-08 20:45:08",3
"2019-09-08 21:45:06",3
"2019-09-08 22:45:03",3
"2019-09-08 23:45:04",3
"2019-09-09 00:45:04",3
"2019-09-09 01:45:05",3
"2019-09-09 02:45:06",3
"2019-09-09 03:45:05",3
"2019-09-09 04:45:03",3
"2019-09-09 05:45:20",3
"2019-09-09 06:45:03",3
"2019-09-09 07:45:04",3
"2019-09-09 08:45:04",3
"2019-09-09 09:45:01",3
"2019-09-09 10:45:02",3
"2019-09-09 11:45:05",3
"2019-09-09 13:08:10",3
"2019-09-09 13:45:10",3
"2019-09-09 14:45:12",3
"2019-09-09 15:45:05",3
"2019-09-09 16:45:21",3
"2019-09-09 17:45:04",3
"2019-09-09 18:45:05",3
"2019-09-09 19:45:05",3
"2019-09-09 20:45:03",3
"2019-09-09 21:45:04",3
"2019-09-09 22:45:04",3
"2019-09-09 23:45:05",3
"2019-09-10 00:45:06",3
"2019-09-10 01:45:05",3
"2019-09-10 02:45:12",3
"2019-09-10 03:45:07",3
"2019-09-10 04:45:06",3
"2019-09-10 05:45:11",3
"2019-09-10 06:45:04",3
"2019-09-10 07:45:02",3
"2019-09-10 08:45:06",3
"2019-09-10 09:45:17",3
"2019-09-10 10:45:05",3
"2019-09-10 11:45:04",3
"2019-09-10 12:45:06",3
"2019-09-10 13:45:04",3
"2019-09-10 14:45:02",3
"2019-09-10 15:45:02",3
"2019-09-10 16:45:14",3
"2019-09-10 17:45:03",3
"2019-09-10 18:45:05",3
"2019-09-10 19:45:11",3
"2019-09-10 20:45:01",3
"2019-09-10 21:45:04",3
"2019-09-10 22:45:02",3
"2019-09-10 23:45:03",3
"2019-09-11 00:45:03",3
"2019-09-11 01:45:04",3
"2019-09-11 02:45:02",3
"2019-09-11 03:45:01",3
"2019-09-11 04:45:02",3
"2019-09-11 05:45:12",3
"2019-09-11 06:45:05",3
"2019-09-11 07:45:00",3
"2019-09-11 08:45:02",3
"2019-09-11 09:45:07",3
"2019-09-11 10:45:17",3
"2019-09-11 11:45:11",3
"2019-09-11 12:45:03",3
"2019-09-11 13:45:07",3
"2019-09-11 14:45:03",3
"2019-09-11 15:45:02",3
"2019-09-11 16:45:07",3
"2019-09-11 17:45:01",3
"2019-09-11 18:45:03",3
"2019-09-11 19:45:03",3
"2019-09-11 20:45:02",3
"2019-09-11 21:45:08",3
"2019-09-11 22:45:02",3
"2019-09-11 23:45:02",3
"2019-09-12 00:45:04",3
"2019-09-12 01:45:03",3
"2019-09-12 02:45:10",3
"2019-09-12 03:45:03",3
"2019-09-12 04:45:01",3
"2019-09-12 05:45:14",3
"2019-09-12 06:45:03",3
"2019-09-12 07:45:02",3
"2019-09-12 08:45:00",3
"2019-09-12 09:45:01",3
"2019-09-12 10:45:18",3
"2019-09-12 11:45:05",3
"2019-09-12 13:09:11",3
"2019-09-12 13:45:06",3
"2019-09-12 14:45:08",3
"2019-09-12 15:45:05",3
"2019-09-12 16:45:04",3
"2019-09-12 17:45:03",3
"2019-09-12 18:45:02",3
"2019-09-12 19:45:02",3
"2019-09-12 20:45:00",3
"2019-09-12 21:45:00",3
"2019-09-12 22:45:03",3
"2019-09-12 23:45:03",3
"2019-09-13 00:45:02",3
"2019-09-13 01:45:06",3
"2019-09-13 02:45:03",3
"2019-09-13 03:45:03",3
"2019-09-13 04:45:01",3
"2019-09-13 05:45:02",3
"2019-09-13 06:45:04",3
"2019-09-13 07:45:01",3
"2019-09-13 08:45:03",3
"2019-09-13 09:45:02",3
"2019-09-13 10:45:02",3
"2019-09-13 11:45:01",3
"2019-09-13 13:09:06",3
"2019-09-13 14:10:08",3
"2019-09-13 14:45:05",3
"2019-09-13 15:45:03",3
"2019-09-13 16:45:03",3
"2019-09-13 17:45:02",3
"2019-09-13 18:45:02",3
"2019-09-13 19:45:03",3
"2019-09-13 20:44:59",3
"2019-09-13 21:45:07",3
"2019-09-13 22:45:00",3
"2019-09-13 23:45:03",3
"2019-09-14 00:45:05",3
"2019-09-14 01:44:59",3
"2019-09-14 02:45:02",3
"2019-09-14 03:45:03",3
"2019-09-14 04:45:00",3
"2019-09-14 05:45:02",3
"2019-09-14 06:45:02",3
"2019-09-14 07:45:01",3
"2019-09-14 08:45:02",3
"2019-09-14 09:45:00",3
"2019-09-14 10:45:02",3
"2019-09-14 11:44:58",3
"2019-09-14 12:45:02",3
"2019-09-14 13:44:59",3
"2019-09-14 14:45:02",3
"2019-09-14 15:44:58",3
"2019-09-14 16:45:04",3
"2019-09-14 17:45:03",3
"2019-09-14 18:44:58",3
"2019-09-14 19:45:00",3
"2019-09-14 20:44:59",3
"2019-09-14 21:45:04",3
"2019-09-14 22:45:01",3
"2019-09-14 23:45:04",3
"2019-09-15 00:45:03",3
"2019-09-15 01:44:59",3
"2019-09-15 02:45:05",3
"2019-09-15 03:45:04",3
"2019-09-15 04:45:02",3
"2019-09-15 05:44:59",3
"2019-09-15 06:45:05",3
"2019-09-15 07:45:04",3
"2019-09-15 08:45:04",3
"2019-09-15 09:45:01",3
"2019-09-15 10:45:01",3
"2019-09-15 11:45:02",3
"2019-09-15 12:45:04",3
"2019-09-15 13:45:03",3
"2019-09-15 14:45:02",3
"2019-09-15 15:44:59",3
"2019-09-15 16:45:04",3
"2019-09-15 17:44:58",3
"2019-09-15 18:45:00",3
"2019-09-15 19:45:01",3
"2019-09-15 20:44:59",3
"2019-09-15 21:45:04",3
"2019-09-15 22:45:01",3
"2019-09-15 23:45:00",3
"2019-09-16 00:45:03",3
"2019-09-16 01:45:01",3
"2019-09-16 02:45:04",3
"2019-09-16 03:45:04",3
"2019-09-16 04:45:00",3
"2019-09-16 05:45:04",3
"2019-09-16 06:45:04",3
"2019-09-16 07:45:00",3
"2019-09-16 08:45:03",3
"2019-09-16 09:45:02",3
"2019-09-16 10:45:01",3
"2019-09-16 11:44:58",3
"2019-09-16 13:08:38",3
"2019-09-16 13:45:03",3
"2019-09-16 14:45:08",3
"2019-09-16 15:45:05",3
"2019-09-16 16:45:07",3
"2019-09-16 17:45:02",3
"2019-09-16 18:45:05",3
"2019-09-16 19:45:12",3
"2019-09-16 20:45:10",3
"2019-09-16 21:45:06",3
"2019-09-16 22:45:07",3
"2019-09-16 23:45:07",3
"2019-09-17 00:45:06",3
"2019-09-17 01:45:03",3
"2019-09-17 02:45:05",3
"2019-09-17 03:45:06",3
"2019-09-17 04:45:03",3
"2019-09-17 05:45:03",3
"2019-09-17 06:45:01",3
"2019-09-17 07:45:04",3
"2019-09-17 08:45:02",3
"2019-09-17 09:45:07",3
"2019-09-17 10:45:07",3
"2019-09-17 11:45:04",3
"2019-09-17 12:45:04",3
"2019-09-17 13:45:08",3
"2019-09-17 14:45:04",3
"2019-09-17 15:45:05",3
"2019-09-17 16:45:07",3
"2019-09-17 17:45:03",3
"2019-09-17 18:45:04",3
"2019-09-17 19:45:03",3
"2019-09-17 20:45:04",3
"2019-09-17 21:45:04",3
"2019-09-17 22:45:06",3
"2019-09-17 23:45:04",3
"2019-09-18 00:45:04",3
"2019-09-18 01:45:03",3
"2019-09-18 02:45:02",3
"2019-09-18 03:45:03",3
"2019-09-18 04:45:11",3
"2019-09-18 05:45:03",3
"2019-09-18 06:45:05",3
"2019-09-18 07:45:03",3
"2019-09-18 08:45:05",3
"2019-09-18 09:45:04",3
"2019-09-18 10:45:03",3
"2019-09-18 11:45:02",3
"2019-09-18 13:40:14",3
"2019-09-18 13:47:27",3
"2019-09-18 14:45:06",3
"2019-09-18 15:45:08",3
"2019-09-18 16:45:08",3
"2019-09-18 17:45:03",3
"2019-09-18 18:45:01",3
"2019-09-18 19:45:06",3
"2019-09-18 20:45:03",3
"2019-09-18 21:45:03",3
"2019-09-18 22:45:05",3
"2019-09-18 23:45:07",3
"2019-09-19 00:45:00",3
"2019-09-19 01:45:04",3
"2019-09-19 02:45:07",3
"2019-09-19 03:45:05",3
"2019-09-19 04:45:02",3
"2019-09-19 05:45:06",3
"2019-09-19 06:45:07",3
"2019-09-19 07:45:00",3
"2019-09-19 08:45:04",3
"2019-09-19 09:45:03",3
"2019-09-19 10:45:03",3
"2019-09-19 11:45:00",3
"2019-09-19 13:08:39",3
"2019-09-19 13:45:08",3
"2019-09-19 14:45:01",3
"2019-09-19 15:45:04",3
"2019-09-19 16:45:11",3
"2019-09-19 17:45:05",3
"2019-09-19 18:45:06",3
"2019-09-19 19:45:00",3
"2019-09-19 20:45:07",3
"2019-09-19 21:45:01",3
"2019-09-19 22:45:06",3
"2019-09-19 23:45:02",3
"2019-09-20 00:45:07",3
"2019-09-20 01:45:11",3
"2019-09-20 02:45:01",3
"2019-09-20 03:45:06",3
"2019-09-20 04:45:04",3
"2019-09-20 05:45:07",3
"2019-09-20 06:45:03",3
"2019-09-20 07:45:03",3
"2019-09-20 08:45:07",3
"2019-09-20 09:45:01",3
"2019-09-20 10:45:01",3
"2019-09-20 11:45:05",3
"2019-09-20 12:45:06",3
"2019-09-20 13:44:59",3
"2019-09-20 14:45:04",3
"2019-09-20 15:45:04",3
"2019-09-20 16:45:04",3
"2019-09-20 17:45:08",3
"2019-09-20 18:45:01",3
"2019-09-20 19:45:05",3
"2019-09-20 20:44:59",3
"2019-09-20 21:45:01",3
"2019-09-20 22:45:05",3
"2019-09-20 23:44:59",3
"2019-09-21 00:44:59",3
"2019-09-21 01:44:59",3
"2019-09-21 02:45:03",3
"2019-09-21 03:45:05",3
"2019-09-21 04:44:58",3
"2019-09-21 05:45:03",3
"2019-09-21 06:45:03",3
"2019-09-21 07:44:59",3
"2019-09-21 08:44:59",3
"2019-09-21 09:45:02",3
"2019-09-21 10:44:58",3
"2019-09-21 11:45:01",3
"2019-09-21 12:45:04",3
"2019-09-21 13:45:04",3
"2019-09-21 14:45:00",3
"2019-09-21 15:44:58",3
"2019-09-21 16:45:04",3
"2019-09-21 17:45:01",3
"2019-09-21 18:45:00",3
"2019-09-21 19:45:00",3
"2019-09-21 20:44:59",3
"2019-09-21 21:45:00",3
"2019-09-21 22:45:00",3
"2019-09-21 23:45:03",3
"2019-09-22 00:44:59",3
"2019-09-22 01:45:01",3
"2019-09-22 02:45:02",3
"2019-09-22 03:45:00",3
"2019-09-22 04:45:03",3
"2019-09-22 05:45:00",3
"2019-09-22 06:45:03",3
"2019-09-22 07:45:03",3
"2019-09-22 08:45:00",3
"2019-09-22 09:45:03",3
"2019-09-22 10:45:00",3
"2019-09-22 11:44:58",3
"2019-09-22 12:45:01",3
"2019-09-22 13:45:00",3
"2019-09-22 14:45:04",3
"2019-09-22 15:44:59",3
"2019-09-22 16:45:04",3
"2019-09-22 17:45:00",3
"2019-09-22 18:44:59",3
"2019-09-22 19:45:04",3
"2019-09-22 20:44:59",3
"2019-09-22 21:45:01",3
"2019-09-22 22:44:58",3
"2019-09-22 23:44:59",3
"2019-09-23 00:45:03",3
"2019-09-23 01:44:59",3
"2019-09-23 02:44:59",3
"2019-09-23 03:45:03",3
"2019-09-23 04:45:01",3
"2019-09-23 05:45:00",3
"2019-09-23 06:45:02",3
"2019-09-23 07:45:00",3
"2019-09-23 08:45:03",3
"2019-09-23 09:45:01",3
"2019-09-23 10:45:02",3
"2019-09-23 11:45:05",3
"2019-09-23 12:45:03",3
"2019-09-23 13:45:00",3
"2019-09-23 14:45:04",3
"2019-09-23 15:44:59",3
"2019-09-23 16:45:04",3
"2019-09-23 17:45:00",3
"2019-09-23 18:45:05",3
"2019-09-23 19:45:00",3
"2019-09-23 20:45:00",3
"2019-09-23 21:45:02",3
"2019-09-23 22:45:03",3
"2019-09-23 23:44:58",3
"2019-09-24 00:45:03",3
"2019-09-24 01:45:00",3
"2019-09-24 03:45:05",3
"2019-09-24 04:45:00",3
"2019-09-24 05:45:07",3
"2019-09-24 06:45:01",3
"2019-09-24 07:45:01",3
"2019-09-24 08:45:02",3
"2019-09-24 09:44:58",3
"2019-09-24 10:45:02",3
"2019-09-24 11:45:03",3
"2019-09-24 12:45:04",3
"2019-09-24 13:45:00",3
"2019-09-24 14:45:03",3
"2019-09-24 15:45:05",3
"2019-09-24 16:45:03",3
"2019-09-24 17:45:03",3
"2019-09-24 18:45:04",3
"2019-09-24 19:44:59",3
"2019-09-24 20:45:02",3
"2019-09-24 21:45:04",3
"2019-09-24 22:44:59",3
"2019-09-24 23:44:59",3
"2019-09-25 00:45:02",3
"2019-09-25 01:45:05",3
"2019-09-25 02:44:58",3
"2019-09-25 03:45:07",3
"2019-09-25 04:45:03",3
"2019-09-25 05:45:00",3
"2019-09-25 06:45:02",3
"2019-09-25 07:45:06",3
"2019-09-25 08:45:03",3
"2019-09-25 09:45:04",3
"2019-09-25 10:45:04",3
"2019-09-25 11:45:01",3
"2019-09-25 12:45:05",3
"2019-09-25 13:45:06",3
"2019-09-25 14:45:05",3
"2019-09-25 15:45:06",3
"2019-09-25 16:45:04",3
"2019-09-25 17:45:03",3
"2019-09-25 18:45:02",3
"2019-09-25 19:45:08",3
"2019-09-25 20:45:00",3
"2019-09-25 21:45:03",3
"2019-09-25 22:45:00",3
"2019-09-25 23:45:04",3
"2019-09-26 00:45:02",3
"2019-09-26 01:45:01",3
"2019-09-26 02:45:05",3
"2019-09-26 03:45:02",3
"2019-09-26 04:45:06",3
"2019-09-26 05:45:04",3
"2019-09-26 06:45:03",3
"2019-09-26 07:45:00",3
"2019-09-26 08:45:03",3
"2019-09-26 09:45:03",3
"2019-09-26 10:45:01",3
"2019-09-26 11:45:00",3
"2019-09-26 13:08:08",3
"2019-09-26 13:45:09",3
"2019-09-26 14:45:05",3
"2019-09-26 15:45:06",3
"2019-09-26 16:45:07",3
"2019-09-26 17:45:06",3
"2019-09-26 18:45:10",3
"2019-09-26 19:45:03",3
"2019-09-26 20:45:01",3
"2019-09-26 21:45:06",3
"2019-09-26 22:45:05",3
"2019-09-26 23:45:04",3
"2019-09-27 00:45:04",3
"2019-09-27 01:45:00",3
"2019-09-27 02:45:15",3
"2019-09-27 03:45:04",3
"2019-09-27 04:45:01",3
"2019-09-27 05:45:04",3
"2019-09-27 06:45:04",3
"2019-09-27 07:45:09",3
"2019-09-27 08:45:02",3
"2019-09-27 09:45:03",3
"2019-09-27 10:45:04",3
"2019-09-27 11:45:02",3
"2019-09-27 13:09:08",3
"2019-09-27 13:45:07",3
"2019-09-27 14:45:06",3
"2019-09-27 15:45:04",3
"2019-09-27 16:45:05",3
"2019-09-27 17:45:04",3
"2019-09-27 18:44:59",3
"2019-09-27 19:45:04",3
"2019-09-27 20:44:58",3
"2019-09-27 21:45:01",3
"2019-09-27 22:45:06",3
"2019-09-27 23:45:01",3
"2019-09-28 00:45:01",3
"2019-09-28 01:45:05",3
"2019-09-28 02:45:03",3
"2019-09-28 03:45:03",3
"2019-09-28 04:45:02",3
"2019-09-28 05:45:06",3
"2019-09-28 06:44:59",3
"2019-09-28 07:45:06",3
"2019-09-28 08:45:00",3
"2019-09-28 09:45:03",3
"2019-09-28 10:44:58",3
"2019-09-28 11:45:02",3
"2019-09-28 12:45:04",3
"2019-09-28 13:45:05",3
"2019-09-28 14:44:59",3
"2019-09-28 15:44:59",3
"2019-09-28 16:45:05",3
"2019-09-28 17:45:04",3
"2019-09-28 18:44:59",3
"2019-09-28 19:45:00",3
"2019-09-28 20:45:04",3
"2019-09-28 21:45:00",3
"2019-09-28 22:45:03",3
"2019-09-28 23:44:59",3
"2019-09-29 00:45:00",3
"2019-09-29 01:45:03",3
"2019-09-29 02:45:03",3
"2019-09-29 03:45:04",3
"2019-09-29 04:45:01",3
"2019-09-29 05:45:03",3
"2019-09-29 06:44:59",3
"2019-09-29 07:45:02",3
"2019-09-29 08:45:00",3
"2019-09-29 09:45:02",3
"2019-09-29 10:44:59",3
"2019-09-29 11:45:01",3
"2019-09-29 12:45:00",3
"2019-09-29 13:44:59",3
"2019-09-29 14:45:02",3
"2019-09-29 15:44:59",3
"2019-09-29 16:45:03",3
"2019-09-29 17:45:06",3
"2019-09-29 18:45:00",3
"2019-09-29 19:45:08",3
"2019-09-29 20:45:04",3
"2019-09-29 21:45:00",3
"2019-09-29 22:45:03",3
"2019-09-29 23:45:04",3
"2019-09-30 00:44:58",3
"2019-09-30 01:45:03",3
"2019-09-30 02:45:00",3
"2019-09-30 03:45:04",3
"2019-09-30 04:45:01",3
"2019-09-30 05:45:03",3
"2019-09-30 06:45:01",3
"2019-09-30 07:45:06",3
"2019-09-30 08:45:01",3
"2019-09-30 09:45:04",3
"2019-09-30 10:44:59",3
"2019-09-30 11:45:00",3
"2019-09-30 12:45:04",3
"2019-09-30 13:45:00",3
"2019-09-30 14:45:07",3
"2019-09-30 15:45:03",3
"2019-09-30 16:45:11",3
"2019-09-30 17:45:04",3
"2019-09-30 18:45:07",3
"2019-09-30 19:45:01",3
"2019-09-30 20:45:00",3
"2019-09-30 21:45:03",3
"2019-09-30 22:45:00",3
"2019-09-30 23:45:04",3
"2019-10-01 00:45:02",3
"2019-10-01 01:45:00",3
"2019-10-01 02:45:03",3
"2019-10-01 03:45:04",3
"2019-10-01 04:44:59",3
"2019-10-01 05:45:00",3
"2019-10-01 06:45:02",3
"2019-10-01 07:45:06",3
"2019-10-01 08:45:00",3
"2019-10-01 09:45:06",3
"2019-10-01 10:45:02",3
"2019-10-01 11:45:01",3
"2019-10-01 13:08:06",3
"2019-10-01 13:45:05",3
"2019-10-01 14:45:00",3
"2019-10-01 15:45:00",3
"2019-10-01 16:45:05",3
"2019-10-01 17:44:59",3
"2019-10-01 18:45:03",3
"2019-10-01 19:45:02",3
"2019-10-01 20:44:59",3
"2019-10-01 21:45:01",3
"2019-10-01 22:45:04",3
"2019-10-01 23:45:02",3
"2019-10-02 00:45:19",3
"2019-10-02 01:45:01",3
"2019-10-02 02:45:00",3
"2019-10-02 03:45:02",3
"2019-10-02 04:45:06",3
"2019-10-02 05:45:04",3
"2019-10-02 06:44:59",3
"2019-10-02 07:44:59",3
"2019-10-02 08:44:59",3
"2019-10-02 09:45:02",3
"2019-10-02 10:44:58",3
"2019-10-02 11:44:58",3
"2019-10-02 13:08:36",3
"2019-10-02 13:45:03",3
"2019-10-02 14:45:01",3
"2019-10-02 15:45:03",3
"2019-10-02 16:44:59",3
"2019-10-02 17:45:00",3
"2019-10-02 18:45:01",3
"2019-10-02 19:45:01",3
"2019-10-02 20:45:01",3
"2019-10-02 21:45:01",3
"2019-10-02 22:45:04",3
"2019-10-02 23:44:59",3
"2019-10-03 00:44:59",3
"2019-10-03 01:45:00",3
"2019-10-03 02:45:00",3
"2019-10-03 03:45:02",3
"2019-10-03 04:45:01",3
"2019-10-03 06:44:59",3
"2019-10-03 07:45:02",3
"2019-10-03 08:45:02",3
"2019-10-03 09:45:00",3
"2019-10-03 10:45:04",3
"2019-10-03 11:44:59",3
"2019-10-03 13:08:32",3
"2019-10-03 13:46:11",3
"2019-10-03 14:45:04",3
"2019-10-03 15:44:59",3
"2019-10-03 16:45:00",3
"2019-10-03 17:45:01",3
"2019-10-03 18:45:02",3
"2019-10-03 19:45:01",3
"2019-10-03 20:45:00",3
"2019-10-03 21:45:00",3
"2019-10-03 22:45:00",3
"2019-10-03 23:45:03",3
"2019-10-04 00:44:59",3
"2019-10-04 01:45:00",3
"2019-10-04 02:44:59",3
"2019-10-04 03:45:01",3
"2019-10-04 04:45:00",3
"2019-10-04 05:45:05",3
"2019-10-04 06:45:04",3
"2019-10-04 07:45:00",3
"2019-10-04 08:45:01",3
"2019-10-04 09:45:00",3
"2019-10-04 10:45:02",3
"2019-10-04 11:44:59",3
"2019-10-04 12:45:01",3
"2019-10-04 13:45:04",3
"2019-10-04 14:44:59",3
"2019-10-04 15:45:01",3
"2019-10-04 16:45:04",3
"2019-10-04 17:44:59",3
"2019-10-04 18:45:01",3
"2019-10-04 19:45:01",3
"2019-10-04 20:45:00",3
"2019-10-04 21:45:02",3
"2019-10-04 22:44:58",3
"2019-10-04 23:44:59",3
"2019-10-05 00:45:03",3
"2019-10-05 01:44:59",3
"2019-10-05 02:44:59",3
"2019-10-05 03:44:59",3
"2019-10-05 04:44:59",3
"2019-10-05 05:45:05",3
"2019-10-05 06:44:58",3
"2019-10-05 07:44:59",3
"2019-10-05 08:45:02",3
"2019-10-05 09:44:59",3
"2019-10-05 10:44:59",3
"2019-10-05 11:45:01",3
"2019-10-05 12:45:01",3
"2019-10-05 13:45:01",3
"2019-10-05 14:45:00",3
"2019-10-05 15:44:59",3
"2019-10-05 16:45:00",3
"2019-10-05 17:45:06",3
"2019-10-05 18:45:01",3
"2019-10-05 19:45:00",3
"2019-10-05 20:45:02",3
"2019-10-05 21:44:59",3
"2019-10-05 22:45:00",3
"2019-10-05 23:45:01",3
"2019-10-06 00:45:00",3
"2019-10-06 01:45:01",3
"2019-10-06 02:45:08",3
"2019-10-06 03:45:03",3
"2019-10-06 04:45:00",3
"2019-10-06 05:45:00",3
"2019-10-06 06:45:04",3
"2019-10-06 07:45:00",3
"2019-10-06 08:45:03",3
"2019-10-06 09:45:01",3
"2019-10-06 10:45:00",3
"2019-10-06 11:45:02",3
"2019-10-06 12:45:02",3
"2019-10-06 13:44:59",3
"2019-10-06 14:45:01",3
"2019-10-06 15:44:59",3
"2019-10-06 16:44:59",3
"2019-10-06 17:44:59",3
"2019-10-06 18:45:04",3
"2019-10-06 19:45:03",3
"2019-10-06 20:44:59",3
"2019-10-06 21:44:58",3
"2019-10-06 22:44:58",3
"2019-10-06 23:44:59",3
"2019-10-07 00:45:00",3
"2019-10-07 01:45:01",3
"2019-10-07 02:45:02",3
"2019-10-07 03:45:01",3
"2019-10-07 04:45:01",3
"2019-10-07 05:45:00",3
"2019-10-07 06:45:01",3
"2019-10-07 07:44:59",3
"2019-10-07 08:44:59",3
"2019-10-07 09:45:07",3
"2019-10-07 10:45:00",3
"2019-10-07 11:45:00",3
"2019-10-07 12:45:10",3
"2019-10-07 13:45:03",3
"2019-10-07 14:45:00",3
"2019-10-07 15:45:01",3
"2019-10-07 16:45:03",3
"2019-10-07 17:45:00",3
"2019-10-07 18:45:00",3
"2019-10-07 19:45:03",3
"2019-10-07 20:44:59",3
"2019-10-07 21:44:59",3
"2019-10-07 22:44:59",3
"2019-10-07 23:45:04",3
"2019-10-08 00:44:59",3
"2019-10-08 01:44:59",3
"2019-10-08 02:44:59",3
"2019-10-08 03:45:03",3
"2019-10-08 04:45:01",3
"2019-10-08 05:44:59",3
"2019-10-08 06:45:01",3
"2019-10-08 07:45:00",3
"2019-10-08 08:45:00",3
"2019-10-08 09:45:01",3
"2019-10-08 10:45:02",3
"2019-10-08 11:44:59",3
"2019-10-08 12:45:01",3
"2019-10-08 13:45:01",3
"2019-10-08 14:44:59",3
"2019-10-08 15:45:00",3
"2019-10-08 16:45:04",3
"2019-10-08 17:45:03",3
"2019-10-08 18:45:02",3
"2019-10-08 19:45:03",3
"2019-10-08 20:44:59",3
"2019-10-08 21:44:59",3
"2019-10-08 22:45:02",3
"2019-10-08 23:45:00",3
"2019-10-09 00:45:00",3
"2019-10-09 01:45:00",3
"2019-10-09 02:45:00",3
"2019-10-09 03:44:59",3
"2019-10-09 04:45:03",3
"2019-10-09 05:45:00",3
"2019-10-09 06:45:00",3
"2019-10-09 07:45:06",3
"2019-10-09 08:45:00",3
"2019-10-09 09:44:58",3
"2019-10-09 10:45:02",3
"2019-10-09 11:44:59",3
"2019-10-09 12:45:06",3
"2019-10-09 13:45:01",3
"2019-10-09 14:45:02",3
"2019-10-09 15:45:07",3
"2019-10-09 16:45:02",3
"2019-10-09 17:45:11",3
"2019-10-09 18:45:05",3
"2019-10-09 19:45:07",3
"2019-10-09 20:45:00",3
"2019-10-09 21:44:59",3
"2019-10-09 22:45:01",3
"2019-10-09 23:45:01",3
"2019-10-10 00:45:05",3
"2019-10-10 01:44:59",3
"2019-10-10 02:45:03",3
"2019-10-10 03:45:00",3
"2019-10-10 04:45:00",3
"2019-10-10 05:45:06",3
"2019-10-10 06:45:01",3
"2019-10-10 07:45:04",3
"2019-10-10 08:45:01",3
"2019-10-10 09:44:59",3
"2019-10-10 10:44:59",3
"2019-10-10 11:45:03",3
"2019-10-10 13:08:10",3
"2019-10-10 13:45:05",3
"2019-10-10 14:45:01",3
"2019-10-10 15:45:03",3
"2019-10-10 16:45:01",3
"2019-10-10 17:45:01",3
"2019-10-10 18:45:00",3
"2019-10-10 19:45:02",3
"2019-10-10 20:45:02",2
"2019-10-10 21:45:02",2
"2019-10-10 22:45:02",2
"2019-10-10 23:45:15",2
"2019-10-11 00:45:02",2
"2019-10-11 01:45:02",2
"2019-10-11 02:45:02",2
"2019-10-11 03:45:08",2
"2019-10-11 04:45:01",2
"2019-10-11 05:45:00",2
"2019-10-11 06:45:04",2
"2019-10-11 07:45:02",2
"2019-10-11 08:45:01",2
"2019-10-11 09:45:06",2
"2019-10-11 10:45:01",2
"2019-10-11 11:45:01",2
"2019-10-11 13:08:38",2
"2019-10-11 13:45:04",2
"2019-10-11 14:45:00",2
"2019-10-11 15:45:11",2
"2019-10-11 16:45:03",2
"2019-10-11 17:45:02",2
"2019-10-11 18:45:04",2
"2019-10-11 19:45:03",2
"2019-10-11 20:45:01",2
"2019-10-11 21:45:00",2
"2019-10-11 22:45:00",2
"2019-10-11 23:45:00",2
"2019-10-12 00:45:06",2
"2019-10-12 01:45:00",2
"2019-10-12 02:45:02",2
"2019-10-12 03:45:04",2
"2019-10-12 04:45:01",2
"2019-10-12 05:45:05",2
"2019-10-12 06:45:08",2
"2019-10-12 07:45:00",2
"2019-10-12 08:45:01",2
"2019-10-12 09:45:05",2
"2019-10-12 10:45:00",2
"2019-10-12 11:44:59",2
"2019-10-12 12:45:07",2
"2019-10-12 13:45:01",2
"2019-10-12 14:45:01",2
"2019-10-12 15:45:01",2
"2019-10-12 16:45:05",2
"2019-10-12 17:45:05",2
"2019-10-12 18:45:00",2
"2019-10-12 19:45:02",2
"2019-10-12 20:45:02",2
"2019-10-12 21:45:00",2
"2019-10-12 22:45:02",2
"2019-10-12 23:45:01",2
"2019-10-13 00:45:05",2
"2019-10-13 01:45:01",2
"2019-10-13 02:45:01",2
"2019-10-13 03:45:04",2
"2019-10-13 04:45:00",2
"2019-10-13 05:45:00",2
"2019-10-13 06:45:03",2
"2019-10-13 07:45:01",2
"2019-10-13 08:45:06",2
"2019-10-13 09:45:04",2
"2019-10-13 10:44:58",2
"2019-10-13 11:45:05",2
"2019-10-13 12:45:00",2
"2019-10-13 13:45:05",2
"2019-10-13 14:45:04",2
"2019-10-13 15:45:01",2
"2019-10-13 16:45:09",2
"2019-10-13 17:45:01",2
"2019-10-13 18:45:03",2
"2019-10-13 19:45:03",2
"2019-10-13 20:45:07",2
"2019-10-13 21:45:05",2
"2019-10-13 22:45:04",2
"2019-10-13 23:45:08",2
"2019-10-14 00:45:01",2
"2019-10-14 01:45:04",2
"2019-10-14 02:45:01",2
"2019-10-14 03:45:03",2
"2019-10-14 04:45:03",2
"2019-10-14 05:45:02",2
"2019-10-14 06:45:05",2
"2019-10-14 07:45:00",2
"2019-10-14 08:45:01",2
"2019-10-14 09:45:05",2
"2019-10-14 10:45:03",2
"2019-10-14 11:45:05",2
"2019-10-14 12:45:06",2
"2019-10-14 13:45:04",2
"2019-10-14 14:45:03",2
"2019-10-14 15:45:02",2
"2019-10-14 16:45:08",2
"2019-10-14 17:45:01",2
"2019-10-14 18:45:06",2
"2019-10-14 19:45:00",2
"2019-10-14 20:45:03",2
"2019-10-14 21:45:03",2
"2019-10-14 22:45:06",2
"2019-10-14 23:45:12",2
"2019-10-15 00:45:02",2
"2019-10-15 02:45:08",2
"2019-10-15 03:45:01",2
"2019-10-15 04:45:01",2
"2019-10-15 05:45:06",2
"2019-10-15 06:45:05",2
"2019-10-15 07:45:09",2
"2019-10-15 08:45:04",2
"2019-10-15 09:45:02",2
"2019-10-15 10:45:02",2
"2019-10-15 11:45:07",2
"2019-10-15 12:45:03",2
"2019-10-15 13:45:09",2
"2019-10-15 14:45:01",2
"2019-10-15 15:45:01",2
"2019-10-15 16:45:03",2
"2019-10-15 17:45:05",2
"2019-10-15 18:45:08",2
"2019-10-15 19:45:06",2
"2019-10-15 20:45:10",2
"2019-10-15 21:45:04",2
"2019-10-15 22:45:00",2
"2019-10-15 23:45:01",2
"2019-10-16 00:45:02",2
"2019-10-16 01:45:01",2
"2019-10-16 02:45:02",2
"2019-10-16 03:45:09",2
"2019-10-16 04:45:03",2
"2019-10-16 05:45:02",2
"2019-10-16 06:45:02",2
"2019-10-16 07:45:10",2
"2019-10-16 08:45:11",2
"2019-10-16 09:45:02",2
"2019-10-16 10:45:05",2
"2019-10-16 11:45:00",2
"2019-10-16 12:45:03",2
"2019-10-16 13:45:09",2
"2019-10-16 14:45:02",2
"2019-10-16 15:45:11",2
"2019-10-16 16:45:01",2
"2019-10-16 17:45:01",2
"2019-10-16 18:45:04",2
"2019-10-16 19:45:00",2
"2019-10-16 20:45:02",2
"2019-10-16 21:45:04",2
"2019-10-16 22:45:00",2
"2019-10-16 23:45:01",2
"2019-10-17 00:45:01",2
"2019-10-17 01:45:03",2
"2019-10-17 02:45:02",2
"2019-10-17 04:45:05",2
"2019-10-17 05:45:01",2
"2019-10-17 06:45:01",2
"2019-10-17 07:45:06",2
"2019-10-17 08:45:02",2
"2019-10-17 09:45:00",2
"2019-10-17 10:44:59",2
"2019-10-17 11:45:05",2
"2019-10-17 12:45:03",2
"2019-10-17 13:45:05",2
"2019-10-17 14:45:06",2
"2019-10-17 15:45:00",2
"2019-10-17 16:45:00",2
"2019-10-17 17:45:03",2
"2019-10-17 18:45:02",2
"2019-10-17 19:45:05",2
"2019-10-17 20:45:02",2
"2019-10-17 21:45:01",2
"2019-10-17 22:45:01",2
"2019-10-17 23:45:02",2
"2019-10-18 00:45:01",2
"2019-10-18 01:45:03",2
"2019-10-18 02:45:02",2
"2019-10-18 03:45:08",2
"2019-10-18 04:45:01",2
"2019-10-18 05:45:02",2
"2019-10-18 06:45:08",2
"2019-10-18 07:45:02",2
"2019-10-18 08:45:04",2
"2019-10-18 09:45:03",2
"2019-10-18 10:45:06",2
"2019-10-18 11:45:02",2
"2019-10-18 13:07:38",2
"2019-10-18 13:45:01",2
"2019-10-18 14:45:02",2
"2019-10-18 15:45:07",2
"2019-10-18 16:45:01",2
"2019-10-18 17:45:05",2
"2019-10-18 18:45:01",2
"2019-10-18 19:45:02",2
"2019-10-18 20:45:06",2
"2019-10-18 21:45:01",2
"2019-10-18 22:45:02",2
"2019-10-18 23:45:03",2
"2019-10-19 00:45:01",2
"2019-10-19 01:45:06",2
"2019-10-19 02:45:02",2
"2019-10-19 03:45:02",2
"2019-10-19 04:45:05",2
"2019-10-19 05:45:01",2
"2019-10-19 06:45:06",2
"2019-10-19 07:45:04",2
"2019-10-19 08:45:03",2
"2019-10-19 09:45:04",2
"2019-10-19 10:45:05",2
"2019-10-19 11:45:01",2
"2019-10-19 12:45:07",2
"2019-10-19 13:45:01",2
"2019-10-19 14:45:03",2
"2019-10-19 15:45:03",2
"2019-10-19 16:45:07",2
"2019-10-19 17:45:02",2
"2019-10-19 18:45:01",2
"2019-10-19 19:45:06",2
"2019-10-19 20:45:03",2
"2019-10-19 21:45:01",2
"2019-10-19 22:45:02",2
"2019-10-19 23:45:01",2
"2019-10-20 00:45:02",2
"2019-10-20 01:45:02",2
"2019-10-20 02:45:06",2
"2019-10-20 03:45:02",2
"2019-10-20 04:45:03",2
"2019-10-20 05:45:06",2
"2019-10-20 06:45:04",2
"2019-10-20 07:45:07",2
"2019-10-20 08:45:03",2
"2019-10-20 09:45:02",2
"2019-10-20 10:45:05",2
"2019-10-20 11:45:02",2
"2019-10-20 12:45:07",2
"2019-10-20 13:45:02",2
"2019-10-20 14:45:01",2
"2019-10-20 16:45:06",2
"2019-10-20 17:45:01",2
"2019-10-20 18:45:03",2
"2019-10-20 19:45:00",2
"2019-10-20 20:45:00",2
"2019-10-20 21:45:00",2
"2019-10-20 22:45:02",2
"2019-10-20 23:45:02",2
"2019-10-21 00:45:03",2
"2019-10-21 01:45:05",2
"2019-10-21 02:45:02",2
"2019-10-21 03:45:02",2
"2019-10-21 04:45:01",2
"2019-10-21 05:45:07",2
"2019-10-21 06:45:02",2
"2019-10-21 07:45:04",2
"2019-10-21 08:45:05",2
"2019-10-21 09:45:03",2
"2019-10-21 10:45:02",2
"2019-10-21 11:45:06",2
"2019-10-21 13:08:34",2
"2019-10-21 13:45:10",2
"2019-10-21 14:45:03",2
"2019-10-21 15:45:05",2
"2019-10-21 16:45:06",2
"2019-10-21 17:45:01",2
"2019-10-21 18:45:03",2
"2019-10-21 19:45:03",2
"2019-10-21 20:45:02",2
"2019-10-21 22:45:08",2
"2019-10-21 23:45:02",2
"2019-10-22 00:45:02",2
"2019-10-22 01:45:03",2
"2019-10-22 02:45:06",2
"2019-10-22 03:45:09",2
"2019-10-22 04:45:06",2
"2019-10-22 05:45:03",2
"2019-10-22 06:45:02",2
"2019-10-22 07:45:08",2
"2019-10-22 08:45:03",2
"2019-10-22 09:45:06",2
"2019-10-22 10:45:02",2
"2019-10-22 11:45:01",2
"2019-10-22 12:45:12",2
"2019-10-22 13:45:03",2
"2019-10-22 14:45:03",2
"2019-10-22 15:45:08",2
"2019-10-22 16:45:06",2
"2019-10-22 17:45:07",2
"2019-10-22 18:45:06",2
"2019-10-22 19:45:02",2
"2019-10-22 20:45:05",2
"2019-10-22 21:45:03",2
"2019-10-22 22:45:05",2
"2019-10-22 23:45:04",2
"2019-10-23 00:45:12",2
"2019-10-23 01:45:07",2
"2019-10-23 02:45:03",2
"2019-10-23 03:45:02",2
"2019-10-23 04:45:09",2
"2019-10-23 05:45:05",2
"2019-10-23 06:45:14",2
"2019-10-23 07:45:06",2
"2019-10-23 08:45:04",2
"2019-10-23 09:45:08",2
"2019-10-23 10:45:05",2
"2019-10-23 11:45:02",2
"2019-10-23 12:45:10",2
"2019-10-23 13:45:10",2
"2019-10-23 14:45:03",2
"2019-10-23 15:45:02",2
"2019-10-23 16:45:06",2
"2019-10-23 17:45:03",2
"2019-10-23 18:45:01",2
"2019-10-23 19:45:02",2
"2019-10-23 20:45:06",2
"2019-10-23 21:45:02",2
"2019-10-23 22:45:03",2
"2019-10-23 23:45:04",2
"2019-10-24 00:58:58",2
"2019-10-24 01:45:05",2
"2019-10-24 02:45:05",2
"2019-10-24 03:45:08",2
"2019-10-24 04:45:03",2
"2019-10-24 05:45:07",2
"2019-10-24 06:45:11",2
"2019-10-24 07:45:04",2
"2019-10-24 08:45:03",2
"2019-10-24 09:45:08",2
"2019-10-24 10:45:02",2
"2019-10-24 11:45:02",2
"2019-10-24 13:08:39",2
"2019-10-24 13:45:04",2
"2019-10-24 14:45:03",2
"2019-10-24 15:45:07",2
"2019-10-24 16:45:03",2
"2019-10-24 17:45:05",2
"2019-10-24 18:45:03",2
"2019-10-24 19:45:08",2
"2019-10-24 20:45:02",2
"2019-10-24 21:45:03",2
"2019-10-24 22:45:03",2
"2019-10-24 23:45:05",2
"2019-10-25 00:45:04",2
"2019-10-25 01:45:04",2
"2019-10-25 02:45:09",2
"2019-10-25 03:45:04",2
"2019-10-25 04:45:01",2
"2019-10-25 05:45:07",2
"2019-10-25 06:45:04",2
"2019-10-25 07:45:06",2
"2019-10-25 08:45:07",2
"2019-10-25 09:45:03",2
"2019-10-25 10:45:02",2
"2019-10-25 11:45:11",2
"2019-10-25 13:08:35",2
"2019-10-25 13:45:08",2
"2019-10-25 14:45:10",2
"2019-10-25 15:45:03",2
"2019-10-25 16:45:10",2
"2019-10-25 17:45:03",2
"2019-10-25 18:45:03",2
"2019-10-25 19:45:02",2
"2019-10-25 20:45:03",2
"2019-10-25 21:45:02",2
"2019-10-25 22:45:03",2
"2019-10-25 23:45:03",2
"2019-10-26 00:45:06",2
"2019-10-26 01:45:08",2
"2019-10-26 02:45:04",2
"2019-10-26 03:45:04",2
"2019-10-26 04:45:08",2
"2019-10-26 05:45:03",2
"2019-10-26 06:45:01",2
"2019-10-26 07:45:10",2
"2019-10-26 08:45:02",2
"2019-10-26 09:45:02",2
"2019-10-26 10:45:01",2
"2019-10-26 11:45:06",2
"2019-10-26 12:45:02",2
"2019-10-26 13:45:06",2
"2019-10-26 14:45:06",2
"2019-10-26 15:45:07",2
"2019-10-26 16:45:05",2
"2019-10-26 17:45:06",2
"2019-10-26 18:45:07",2
"2019-10-26 19:45:06",2
"2019-10-26 20:45:05",2
"2019-10-26 21:45:06",2
"2019-10-26 22:45:04",2
"2019-10-26 23:45:06",2
"2019-10-27 00:45:06",2
"2019-10-27 01:45:03",2
"2019-10-27 02:45:07",2
"2019-10-27 03:45:06",2
"2019-10-27 04:45:02",2
"2019-10-27 05:45:08",2
"2019-10-27 06:45:05",2
"2019-10-27 07:45:02",2
"2019-10-27 08:45:04",2
"2019-10-27 09:45:02",2
"2019-10-27 10:45:01",2
"2019-10-27 11:45:01",2
"2019-10-27 12:45:05",2
"2019-10-27 13:45:03",2
"2019-10-27 14:45:02",2
"2019-10-27 15:45:10",2
"2019-10-27 16:45:02",2
"2019-10-27 17:45:03",2
"2019-10-27 18:45:07",2
"2019-10-27 19:45:05",2
"2019-10-27 20:45:08",2
"2019-10-27 21:45:03",2
"2019-10-27 22:45:02",2
"2019-10-27 23:45:02",2
"2019-10-28 00:45:02",2
"2019-10-28 01:45:03",2
"2019-10-28 02:45:04",2
"2019-10-28 03:45:06",2
"2019-10-28 04:45:02",2
"2019-10-28 05:45:02",2
"2019-10-28 06:45:06",2
"2019-10-28 07:45:05",2
"2019-10-28 08:45:03",2
"2019-10-28 09:45:02",2
"2019-10-28 10:45:08",2
"2019-10-28 11:45:00",2
"2019-10-28 12:45:08",2
"2019-10-28 14:45:07",2
"2019-10-28 15:45:14",2
"2019-10-28 16:45:12",2
"2019-10-28 17:45:07",2
"2019-10-28 18:45:07",2
"2019-10-28 19:45:07",2
"2019-10-28 23:45:05",2
"2019-10-29 00:45:04",2
"2019-10-29 01:45:09",2
"2019-10-29 02:45:06",2
"2019-10-29 03:45:09",2
"2019-10-29 04:45:03",2
"2019-10-29 05:45:06",2
"2019-10-29 06:45:07",2
"2019-10-29 07:45:05",2
"2019-10-29 08:45:05",2
"2019-10-29 09:45:02",2
"2019-10-29 10:45:07",2
"2019-10-29 11:45:03",2
"2019-10-29 12:45:04",2
"2019-10-29 13:45:13",2
"2019-10-29 14:45:04",2
"2019-10-29 15:45:06",2
"2019-10-29 16:45:08",2
"2019-10-29 17:45:03",2
"2019-10-29 18:45:07",2
"2019-10-29 19:45:07",2
"2019-10-29 20:45:04",2
"2019-10-29 21:45:08",2
"2019-10-29 22:45:05",2
"2019-10-29 23:45:05",2
"2019-10-30 00:45:12",2
"2019-10-30 01:45:06",2
"2019-10-30 02:45:04",2
"2019-10-30 03:45:05",2
"2019-10-30 04:45:09",2
"2019-10-30 05:45:10",2
"2019-10-30 06:45:05",2
"2019-10-30 07:45:15",2
"2019-10-30 08:45:05",2
"2019-10-30 09:45:07",2
"2019-10-30 10:45:09",2
"2019-10-30 11:45:02",2
"2019-10-30 13:45:41",2
"2019-10-30 14:45:03",2
"2019-10-30 15:45:02",2
"2019-10-30 16:45:06",2
"2019-10-30 17:45:05",2
"2019-10-30 18:45:03",2
"2019-10-30 19:45:03",2
"2019-10-30 20:45:07",2
"2019-10-30 21:45:04",2
"2019-10-30 22:45:03",2
"2019-10-30 23:45:03",2
"2019-10-31 00:45:04",2
"2019-10-31 01:45:05",2
"2019-10-31 02:45:03",2
"2019-10-31 03:45:06",2
"2019-10-31 04:45:03",2
"2019-10-31 05:45:04",2
"2019-10-31 06:45:08",2
"2019-10-31 07:45:05",2
"2019-10-31 08:45:05",2
"2019-10-31 09:45:08",2
"2019-10-31 10:45:04",2
"2019-10-31 11:45:06",2
"2019-10-31 13:10:10",2
"2019-10-31 13:45:07",2
"2019-10-31 14:45:04",2
"2019-10-31 15:45:07",2
"2019-10-31 16:45:07",2
"2019-10-31 17:45:05",2
"2019-10-31 18:45:04",2
"2019-10-31 19:45:03",2
"2019-10-31 20:45:06",2
"2019-10-31 22:08:08",2
"2019-10-31 22:45:10",2
"2019-10-31 23:45:04",2
"2019-11-01 00:45:04",2
"2019-11-01 01:45:04",2
"2019-11-01 02:45:04",2
"2019-11-01 03:45:08",2
"2019-11-01 04:45:04",2
"2019-11-01 05:45:08",2
"2019-11-01 06:45:02",2
"2019-11-01 07:45:09",2
"2019-11-01 08:45:04",2
"2019-11-01 09:45:06",2
"2019-11-01 10:45:06",2
"2019-11-01 11:45:09",2
"2019-11-01 13:41:16",2
"2019-11-01 13:50:32",2
"2019-11-01 14:45:05",2
"2019-11-01 15:45:03",2
"2019-11-01 16:45:09",2
"2019-11-01 17:45:06",2
"2019-11-01 18:45:11",2
"2019-11-01 19:45:04",2
"2019-11-01 20:45:04",2
"2019-11-01 21:45:03",2
"2019-11-01 22:45:03",2
"2019-11-01 23:45:03",2
"2019-11-02 00:45:08",2
"2019-11-02 01:45:04",2
"2019-11-02 02:45:04",2
"2019-11-02 03:45:09",2
"2019-11-02 04:45:04",2
"2019-11-02 05:45:04",2
"2019-11-02 06:45:06",2
"2019-11-02 07:45:03",2
"2019-11-02 08:45:04",2
"2019-11-02 09:45:02",2
"2019-11-02 10:45:07",2
"2019-11-02 11:45:03",2
"2019-11-02 12:45:09",2
"2019-11-02 13:45:04",2
"2019-11-02 14:45:05",2
"2019-11-02 15:45:08",2
"2019-11-02 16:45:03",2
"2019-11-02 17:45:04",2
"2019-11-02 18:45:05",2
"2019-11-02 19:45:03",2
"2019-11-02 20:45:03",2
"2019-11-02 23:45:06",2
"2019-11-03 00:45:03",2
"2019-11-03 01:45:05",2
"2019-11-03 03:45:06",2
"2019-11-03 05:45:07",2
"2019-11-03 06:45:03",2
"2019-11-03 07:45:04",2
"2019-11-03 21:45:07",2
"2019-11-03 22:45:03",2
"2019-11-03 23:45:08",2
"2019-11-04 00:45:03",2
"2019-11-04 01:45:04",2
"2019-11-04 02:45:03",2
"2019-11-04 03:45:03",2
"2019-11-04 04:45:02",2
"2019-11-04 05:45:07",2
"2019-11-04 06:45:04",2
"2019-11-04 07:45:02",2
"2019-11-04 08:45:03",2
"2019-11-04 09:45:06",2
"2019-11-04 10:45:02",2
"2019-11-04 11:45:02",2
"2019-11-04 12:45:02",2
"2019-11-04 14:10:37",2
"2019-11-04 15:45:03",2
"2019-11-04 16:45:04",2
"2019-11-04 17:45:04",2
"2019-11-04 18:45:04",2
"2019-11-04 19:45:06",2
"2019-11-04 20:45:03",2
"2019-11-04 21:45:04",2
"2019-11-04 22:45:03",2
"2019-11-04 23:45:03",2
"2019-11-05 00:45:04",2
"2019-11-05 01:45:04",2
"2019-11-05 02:45:07",2
"2019-11-05 03:45:04",2
"2019-11-05 04:45:02",2
"2019-11-05 05:45:07",2
"2019-11-05 06:45:05",2
"2019-11-05 07:45:03",2
"2019-11-05 08:45:05",2
"2019-11-05 09:45:07",2
"2019-11-05 10:45:04",2
"2019-11-05 11:45:04",2
"2019-11-05 12:45:04",2
"2019-11-05 14:10:37",2
"2019-11-05 14:45:09",2
"2019-11-05 15:45:04",2
"2019-11-05 16:45:04",2
"2019-11-05 17:45:04",2
"2019-11-05 18:45:03",2
"2019-11-05 19:45:06",2
"2019-11-05 20:45:07",2
"2019-11-05 21:45:04",2
"2019-11-05 22:45:05",2
"2019-11-05 23:45:03",2
"2019-11-06 00:45:03",2
"2019-11-06 01:45:05",2
"2019-11-06 02:45:05",2
"2019-11-06 03:45:05",2
"2019-11-06 04:45:08",2
"2019-11-06 05:45:04",2
"2019-11-06 06:45:09",2
"2019-11-06 07:45:03",2
"2019-11-06 08:45:04",2
"2019-11-06 09:45:06",2
"2019-11-06 10:45:06",2
"2019-11-06 11:45:03",2
"2019-11-06 12:45:03",2
"2019-11-06 13:45:04",2
"2019-11-06 14:45:09",2
"2019-11-06 15:45:05",2
"2019-11-06 16:45:06",2
"2019-11-06 17:45:06",2
"2019-11-06 18:45:06",2
"2019-11-06 19:45:06",2
"2019-11-06 20:45:09",2
"2019-11-06 21:45:06",2
"2019-11-06 22:45:05",2
"2019-11-06 23:45:06",2
"2019-11-07 00:45:05",2
"2019-11-07 01:45:04",2
"2019-11-07 02:45:06",2
"2019-11-07 03:45:05",2
"2019-11-07 04:45:08",2
"2019-11-07 05:45:06",2
"2019-11-07 06:45:04",2
"2019-11-07 07:45:06",2
"2019-11-07 08:45:05",2
"2019-11-07 09:45:06",2
"2019-11-07 10:45:03",2
"2019-11-07 11:45:03",2
"2019-11-07 12:45:04",2
"2019-11-07 14:09:06",2
"2019-11-07 14:45:38",2
"2019-11-07 15:45:08",2
"2019-11-07 16:45:07",2
"2019-11-07 17:45:08",2
"2019-11-07 18:45:07",2
"2019-11-07 19:45:08",2
"2019-11-07 21:09:42",2
"2019-11-07 21:45:10",2
"2019-11-07 22:45:12",2
"2019-11-07 23:45:13",2
"2019-11-08 00:45:15",2
"2019-11-08 01:45:11",2
"2019-11-08 02:45:16",2
"2019-11-08 03:45:13",2
"2019-11-08 04:45:13",2
"2019-11-08 05:45:14",2
"2019-11-08 06:45:09",2
"2019-11-08 07:45:09",2
"2019-11-08 08:45:15",2
"2019-11-08 09:45:11",2
"2019-11-08 10:45:11",2
"2019-11-08 11:45:08",2
"2019-11-08 12:45:09",2
"2019-11-08 14:10:47",2
"2019-11-08 14:45:46",2
"2019-11-08 15:45:11",2
"2019-11-08 16:45:11",2
"2019-11-08 17:45:12",2
"2019-11-08 18:45:12",2
"2019-11-08 19:45:15",2
"2019-11-08 20:45:11",2
"2019-11-08 21:45:13",2
"2019-11-08 22:45:12",2
"2019-11-08 23:45:13",2
"2019-11-09 00:45:14",2
"2019-11-09 01:45:13",2
"2019-11-09 02:45:12",2
"2019-11-09 03:45:12",2
"2019-11-09 04:45:14",2
"2019-11-09 05:45:10",2
"2019-11-09 06:45:11",2
"2019-11-09 07:45:13",2
"2019-11-09 08:45:14",2
"2019-11-09 09:45:12",2
"2019-11-09 10:45:10",2
"2019-11-09 11:45:15",2
"2019-11-09 12:45:11",2
"2019-11-09 13:45:10",2
"2019-11-09 14:45:13",2
"2019-11-09 15:45:15",2
"2019-11-09 16:45:12",2
"2019-11-09 17:45:13",2
"2019-11-09 18:45:10",2
"2019-11-09 19:45:12",2
"2019-11-09 20:45:15",2
"2019-11-09 21:45:11",2
"2019-11-09 22:45:15",2
"2019-11-09 23:45:11",2
"2019-11-10 00:45:11",2
"2019-11-10 01:45:12",2
"2019-11-10 02:45:14",2
"2019-11-10 03:45:10",2
"2019-11-10 04:45:12",2
"2019-11-10 05:45:12",2
"2019-11-10 06:45:10",2
"2019-11-10 07:45:09",2
"2019-11-10 08:45:15",2
"2019-11-10 09:45:14",2
"2019-11-10 10:45:10",2
"2019-11-10 11:45:10",2
"2019-11-10 12:45:12",2
"2019-11-10 13:45:10",2
"2019-11-10 14:45:09",2
"2019-11-10 15:45:14",2
"2019-11-10 16:45:11",2
"2019-11-10 17:45:11",2
"2019-11-10 18:45:13",2
"2019-11-10 19:45:10",2
"2019-11-10 20:45:11",2
"2019-11-10 21:45:09",2
"2019-11-10 22:45:13",2
"2019-11-10 23:45:14",2
"2019-11-11 00:45:11",2
"2019-11-11 01:45:14",2
"2019-11-11 02:45:13",2
"2019-11-11 03:45:12",2
"2019-11-11 04:45:13",2
"2019-11-11 05:45:15",2
"2019-11-11 06:45:11",2
"2019-11-11 07:45:13",2
"2019-11-11 08:45:16",2
"2019-11-11 09:45:14",2
"2019-11-11 10:45:14",2
"2019-11-11 11:45:11",2
"2019-11-11 12:45:14",2
"2019-11-11 13:45:14",2
"2019-11-11 14:45:17",2
"2019-11-11 15:45:18",2
"2019-11-11 16:45:14",2
"2019-11-11 17:45:16",2
"2019-11-11 18:45:18",2
"2019-11-11 19:45:14",2
"2019-11-11 21:45:13",2
"2019-11-11 22:45:11",2
"2019-11-11 23:45:12",2
"2019-11-12 00:45:09",2
"2019-11-12 01:45:11",2
"2019-11-12 02:45:16",2
"2019-11-12 03:45:12",2
"2019-11-12 04:45:10",2
"2019-11-12 05:45:14",2
"2019-11-12 06:45:11",2
"2019-11-12 07:45:14",2
"2019-11-12 08:45:10",2
"2019-11-12 09:45:10",2
"2019-11-12 10:45:09",2
"2019-11-12 11:45:14",2
"2019-11-12 12:45:15",2
"2019-11-12 14:09:14",2
"2019-11-12 14:45:16",2
"2019-11-12 15:45:11",2
"2019-11-12 16:45:12",2
"2019-11-12 17:45:13",2
"2019-11-12 18:45:16",2
"2019-11-12 19:45:10",2
"2019-11-12 20:45:10",2
"2019-11-12 21:45:11",2
"2019-11-12 22:45:15",2
"2019-11-12 23:45:11",2
"2019-11-13 00:45:17",2
"2019-11-13 01:45:11",2
"2019-11-13 02:45:13",2
"2019-11-13 03:45:15",2
"2019-11-13 04:45:12",2
"2019-11-13 05:45:20",2
"2019-11-13 06:45:11",2
"2019-11-13 07:45:18",2
"2019-11-13 08:45:14",2
"2019-11-13 09:45:12",2
"2019-11-13 10:45:11",2
"2019-11-13 11:45:17",2
"2019-11-13 12:45:10",2
"2019-11-13 13:45:10",2
"2019-11-13 15:45:17",2
"2019-11-13 16:45:11",2
"2019-11-13 17:45:12",2
"2019-11-13 18:45:15",2
"2019-11-13 19:45:10",2
"2019-11-13 20:45:10",2
"2019-11-13 21:45:09",2
"2019-11-13 22:45:12",2
"2019-11-13 23:45:12",2
"2019-11-14 00:45:11",2
"2019-11-14 01:45:09",2
"2019-11-14 02:45:17",2
"2019-11-14 03:45:09",2
"2019-11-14 04:45:10",2
"2019-11-14 05:45:16",2
"2019-11-14 06:45:09",2
"2019-11-14 07:45:17",2
"2019-11-14 08:45:14",2
"2019-11-14 09:45:14",2
"2019-11-14 10:45:12",2
"2019-11-14 11:45:16",2
"2019-11-14 12:45:09",2
"2019-11-14 14:08:50",2
"2019-11-14 14:45:15",2
"2019-11-14 15:45:12",2
"2019-11-14 17:45:13",2
"2019-11-14 18:45:11",2
"2019-11-14 19:45:12",2
"2019-11-14 20:45:12",2
"2019-11-14 21:45:18",2
"2019-11-14 22:45:11",2
"2019-11-14 23:45:13",2
"2019-11-15 00:45:12",2
"2019-11-15 01:45:12",2
"2019-11-15 02:45:11",2
"2019-11-15 03:45:12",2
"2019-11-15 04:45:13",2
"2019-11-15 05:45:13",2
"2019-11-15 06:45:14",2
"2019-11-15 07:45:11",2
"2019-11-15 08:45:20",2
"2019-11-15 09:45:11",2
"2019-11-15 10:45:11",2
"2019-11-15 11:45:10",2
"2019-11-15 12:45:16",2
"2019-11-15 14:11:44",2
"2019-11-15 15:45:19",2
"2019-11-15 16:45:10",2
"2019-11-15 17:45:12",2
"2019-11-15 18:45:19",2
"2019-11-15 19:45:14",2
"2019-11-15 20:45:16",2
"2019-11-15 21:45:09",2
"2019-11-15 22:45:13",2
"2019-11-15 23:45:12",2
"2019-11-16 00:45:14",2
"2019-11-16 01:45:10",2
"2019-11-16 02:45:13",2
"2019-11-16 03:45:10",2
"2019-11-16 04:45:13",2
"2019-11-16 05:45:11",2
"2019-11-16 06:45:13",2
"2019-11-16 07:45:11",2
"2019-11-16 08:45:13",2
"2019-11-16 09:45:16",2
"2019-11-16 10:45:09",2
"2019-11-16 11:45:10",2
"2019-11-16 12:45:15",2
"2019-11-16 13:45:14",2
"2019-11-16 14:45:13",2
"2019-11-16 15:45:11",2
"2019-11-16 16:45:11",2
"2019-11-16 17:45:13",2
"2019-11-16 18:45:10",2
"2019-11-16 19:45:10",2
"2019-11-16 20:45:09",2
"2019-11-16 21:45:10",2
"2019-11-16 22:45:10",2
"2019-11-16 23:45:09",2
"2019-11-17 00:45:09",2
"2019-11-17 01:45:08",2
"2019-11-17 02:45:13",2
"2019-11-17 03:45:09",2
"2019-11-17 04:45:11",2
"2019-11-17 05:45:11",2
"2019-11-17 06:45:12",2
"2019-11-17 07:45:13",2
"2019-11-17 08:45:10",2
"2019-11-17 10:45:16",2
"2019-11-17 11:45:14",2
"2019-11-17 12:45:11",2
"2019-11-17 13:45:11",2
"2019-11-17 14:45:09",2
"2019-11-17 15:45:09",2
"2019-11-17 16:45:12",2
"2019-11-17 17:45:08",2
"2019-11-17 18:45:08",2
"2019-11-17 19:45:09",2
"2019-11-17 20:45:13",2
"2019-11-17 21:45:14",2
"2019-11-17 22:45:11",2
"2019-11-17 23:45:14",2
"2019-11-18 00:45:09",2
"2019-11-18 01:45:08",2
"2019-11-18 02:45:11",2
"2019-11-18 03:45:09",2
"2019-11-18 04:45:08",2
"2019-11-18 05:45:12",2
"2019-11-18 06:45:08",2
"2019-11-18 07:45:10",2
"2019-11-18 08:45:16",2
"2019-11-18 09:45:16",2
"2019-11-18 10:45:12",2
"2019-11-18 11:45:09",2
"2019-11-18 12:45:12",2
"2019-11-18 14:10:17",2
"2019-11-18 14:45:10",2
"2019-11-18 15:45:16",2
"2019-11-18 16:45:13",2
"2019-11-18 17:45:15",2
"2019-11-18 18:45:15",2
"2019-11-18 19:45:11",2
"2019-11-18 20:45:14",2
"2019-11-18 21:45:12",2
"2019-11-18 22:45:09",2
"2019-11-18 23:45:13",2
"2019-11-19 00:45:11",2
"2019-11-19 01:45:11",2
"2019-11-19 02:45:10",2
"2019-11-19 03:45:10",2
"2019-11-19 04:45:12",2
"2019-11-19 05:45:09",2
"2019-11-19 06:45:12",2
"2019-11-19 07:45:10",2
"2019-11-19 08:45:11",2
"2019-11-19 09:45:16",2
"2019-11-19 10:45:10",2
"2019-11-19 11:45:09",2
"2019-11-19 12:45:11",2
"2019-11-19 14:10:16",2
"2019-11-19 14:45:13",2
"2019-11-19 15:45:13",2
"2019-11-19 16:45:11",2
"2019-11-19 17:45:18",2
"2019-11-19 18:45:09",2
"2019-11-19 19:45:13",2
"2019-11-19 20:45:12",2
"2019-11-19 21:45:15",2
"2019-11-19 22:45:12",2
"2019-11-19 23:45:12",2
"2019-11-20 00:45:13",2
"2019-11-20 01:45:12",2
"2019-11-20 02:45:13",2
"2019-11-20 03:45:13",2
"2019-11-20 04:45:11",2
"2019-11-20 05:45:13",2
"2019-11-20 06:45:13",2
"2019-11-20 07:45:14",2
"2019-11-20 08:45:17",2
"2019-11-20 09:45:21",2
"2019-11-20 10:45:21",2
"2019-11-20 11:45:19",2
"2019-11-20 12:45:18",2
"2019-11-20 14:09:50",2
"2019-11-20 14:45:20",2
"2019-11-20 15:45:17",2
"2019-11-20 16:45:18",2
"2019-11-20 22:45:15",2
"2019-11-20 23:45:10",2
"2019-11-21 00:45:10",2
"2019-11-21 01:45:10",2
"2019-11-21 02:45:14",2
"2019-11-21 03:45:11",2
"2019-11-21 04:45:09",2
"2019-11-21 05:45:12",2
"2019-11-21 06:45:14",2
"2019-11-21 07:45:09",2
"2019-11-21 08:45:09",2
"2019-11-21 09:45:11",2
"2019-11-21 10:45:11",2
"2019-11-21 11:45:10",2
"2019-11-21 12:45:10",2
"2019-11-21 14:09:13",2
"2019-11-21 14:45:16",2
"2019-11-21 15:45:10",2
"2019-11-21 16:45:11",2
"2019-11-21 17:45:12",2
"2019-11-21 18:45:08",2
"2019-11-21 19:45:09",2
"2019-11-21 20:45:09",2
"2019-11-21 21:45:10",2
"2019-11-21 22:45:10",2
"2019-11-21 23:45:10",2
"2019-11-22 00:45:10",2
"2019-11-22 01:45:13",2
"2019-11-22 02:45:09",2
"2019-11-22 03:45:09",2
"2019-11-22 04:45:08",2
"2019-11-22 05:45:14",2
"2019-11-22 06:45:11",2
"2019-11-22 07:45:14",2
"2019-11-22 08:45:17",2
"2019-11-22 09:45:16",2
"2019-11-22 10:45:15",2
"2019-11-22 11:45:11",2
"2019-11-22 12:46:10",2
"2019-11-22 13:45:09",2
"2019-11-22 14:45:12",2
"2019-11-22 15:45:07",2
"2019-11-22 16:45:08",2
"2019-11-22 17:45:14",2
"2019-11-22 18:45:13",2
"2019-11-22 19:45:09",2
"2019-11-22 20:45:10",2
"2019-11-22 21:45:09",2
"2019-11-22 22:45:08",2
"2019-11-22 23:45:11",2
"2019-11-23 00:45:17",2
"2019-11-23 01:45:09",2
"2019-11-23 02:45:09",2
"2019-11-23 03:45:08",2
"2019-11-23 04:45:14",2
"2019-11-23 05:45:09",2
"2019-11-23 06:45:11",2
"2019-11-23 07:45:11",2
"2019-11-23 08:45:11",2
"2019-11-23 09:45:12",2
"2019-11-23 10:45:12",2
"2019-11-23 11:45:08",2
"2019-11-23 12:45:08",2
"2019-11-23 13:45:09",2
"2019-11-23 14:45:09",2
"2019-11-23 15:45:09",2
"2019-11-23 16:45:09",2
"2019-11-23 17:45:10",2
"2019-11-23 18:45:09",2
"2019-11-23 19:45:11",2
"2019-11-23 20:45:07",2
"2019-11-23 21:45:10",2
"2019-11-23 22:45:07",2
"2019-11-23 23:45:07",2
"2019-11-24 00:45:11",2
"2019-11-24 01:45:07",2
"2019-11-24 02:45:08",2
"2019-11-24 03:45:08",2
"2019-11-24 04:45:06",2
"2019-11-24 05:45:07",2
"2019-11-24 06:45:08",2
"2019-11-24 07:45:06",2
"2019-11-24 08:45:10",2
"2019-11-24 09:45:12",2
"2019-11-24 10:45:11",2
"2019-11-24 11:45:09",2
"2019-11-24 12:45:06",2
"2019-11-24 13:45:06",2
"2019-11-24 14:45:08",2
"2019-11-24 15:45:09",2
"2019-11-24 16:45:08",2
"2019-11-24 17:45:07",2
"2019-11-24 18:45:10",2
"2019-11-24 19:45:08",2
"2019-11-24 20:45:11",2
"2019-11-24 21:45:08",2
"2019-11-24 22:45:12",2
"2019-11-24 23:45:09",2
"2019-11-25 00:45:09",2
"2019-11-25 01:45:12",2
"2019-11-25 02:45:10",2
"2019-11-25 04:45:07",2
"2019-11-25 05:45:09",2
"2019-11-25 06:45:08",2
"2019-11-25 07:45:09",2
"2019-11-25 08:45:15",2
"2019-11-25 09:45:15",2
"2019-11-25 10:45:14",2
"2019-11-25 11:45:12",2
"2019-11-25 12:45:13",2
"2019-11-25 13:45:08",2
"2019-11-25 14:45:10",2
"2019-11-25 15:45:13",2
"2019-11-25 16:45:09",2
"2019-11-25 17:45:14",2
"2019-11-25 18:45:08",2
"2019-11-25 19:45:11",2
"2019-11-25 20:45:11",2
"2019-11-25 21:45:08",2
"2019-11-25 22:45:15",2
"2019-11-25 23:45:10",2
"2019-11-26 00:45:11",2
"2019-11-26 01:45:10",2
"2019-11-26 02:45:12",2
"2019-11-26 03:45:11",2
"2019-11-26 04:45:09",2
"2019-11-26 05:45:15",2
"2019-11-26 06:45:19",2
"2019-11-26 07:45:11",2
"2019-11-26 08:45:13",2
"2019-11-26 20:45:14",2
"2019-11-26 21:45:12",2
"2019-11-26 22:45:15",2
"2019-11-26 23:45:11",2
"2019-11-27 00:45:15",2
"2019-11-27 01:45:11",2
"2019-11-27 02:45:09",2
"2019-11-27 03:45:12",2
"2019-11-27 04:45:10",2
"2019-11-27 05:45:12",2
"2019-11-27 06:45:11",2
"2019-11-27 07:45:11",2
"2019-11-27 08:45:18",2
"2019-11-27 09:45:18",2
"2019-11-27 10:45:09",2
"2019-11-27 11:45:07",2
"2019-11-27 12:45:17",2
"2019-11-27 13:45:10",2
"2019-11-27 14:45:12",2
"2019-11-27 15:45:17",2
"2019-11-27 16:45:13",2
"2019-11-27 17:45:11",2
"2019-11-27 18:45:13",2
"2019-11-27 19:45:13",2
"2019-11-27 20:45:10",2
"2019-11-27 21:45:10",2
"2019-11-27 22:45:12",2
"2019-11-27 23:45:12",2
"2019-11-28 00:45:12",2
"2019-11-28 01:45:12",2
"2019-11-28 02:45:16",2
"2019-11-28 03:45:14",2
"2019-11-28 04:45:13",2
"2019-11-28 05:45:10",2
"2019-11-28 06:45:11",2
"2019-11-28 07:45:14",2
"2019-11-28 08:45:12",2
"2019-11-28 09:45:18",2
"2019-11-28 10:45:15",2
"2019-11-28 11:45:11",2
"2019-11-28 12:45:10",2
"2019-11-28 13:45:09",2
"2019-11-28 14:45:10",2
"2019-11-28 15:45:11",2
"2019-11-28 16:45:10",2
"2019-11-28 17:45:12",2
"2019-11-28 18:45:11",2
"2019-11-28 19:45:10",2
"2019-11-28 20:45:09",2
"2019-11-28 21:45:10",2
"2019-11-28 22:45:09",2
"2019-11-28 23:45:11",2
"2019-11-29 00:45:10",2
"2019-11-29 01:45:10",2
"2019-11-29 02:45:10",2
"2019-11-29 04:45:13",2
"2019-11-29 05:45:13",2
"2019-11-29 06:45:10",2
"2019-11-29 07:45:13",2
"2019-11-29 08:45:22",2
"2019-11-29 09:45:24",2
"2019-11-29 10:45:32",2
"2019-11-29 11:45:17",2
"2019-11-29 12:45:16",2
"2019-11-29 13:45:20",2
"2019-11-29 14:45:21",2
"2019-11-29 15:45:18",2
"2019-11-29 16:45:21",2
"2019-11-29 17:45:23",2
"2019-11-29 18:45:19",2
"2019-11-29 20:45:17",2
"2019-11-29 21:45:10",2
"2019-11-29 22:45:19",2
"2019-11-29 23:45:16",2
"2019-11-30 00:45:12",2
"2019-11-30 01:45:11",2
"2019-11-30 02:45:13",2
"2019-11-30 03:45:14",2
"2019-11-30 04:45:14",2
"2019-11-30 05:45:18",2
"2019-11-30 06:45:15",2
"2019-11-30 07:45:15",2
"2019-11-30 08:45:14",2
"2019-11-30 21:45:38",2
"2019-11-30 22:45:20",2
"2019-11-30 23:45:15",2
"2019-12-01 00:45:16",2
"2019-12-01 01:45:11",2
"2019-12-01 02:45:19",2
"2019-12-01 22:45:23",2
"2019-12-01 23:45:11",2
"2019-12-02 00:45:09",2
"2019-12-02 01:45:15",2
"2019-12-02 02:45:14",2
"2019-12-02 06:18:51",2
"2019-12-02 06:47:28",2
"2019-12-02 07:47:35",2
"2019-12-02 08:47:25",2
"2019-12-02 09:47:25",2
"2019-12-02 10:47:26",2
"2019-12-02 11:47:27",2
"2019-12-02 12:47:23",2
"2019-12-02 14:09:55",2
"2019-12-02 14:47:31",2
"2019-12-02 15:47:34",2
"2019-12-02 16:47:27",2
"2019-12-02 17:47:50",2
"2019-12-02 18:47:48",2
"2019-12-02 19:47:50",2
"2019-12-02 20:47:44",2
"2019-12-02 21:47:47",2
"2019-12-02 22:48:07",2
"2019-12-02 23:47:50",2
"2019-12-03 00:47:34",2
"2019-12-03 01:47:49",2
"2019-12-03 02:47:48",2
"2019-12-03 03:47:47",2
"2019-12-03 04:47:48",2
"2019-12-03 05:47:50",2
"2019-12-03 06:47:28",2
"2019-12-03 07:47:26",2
"2019-12-03 08:47:26",2
"2019-12-03 09:47:43",2
"2019-12-03 10:47:48",2
"2019-12-03 11:47:36",2
"2019-12-03 12:47:23",2
"2019-12-03 13:47:21",2
"2019-12-03 14:47:48",2
"2019-12-03 15:47:25",2
"2019-12-03 16:47:48",2
"2019-12-03 17:47:45",2
"2019-12-03 18:47:44",2
"2019-12-03 19:47:43",2
"2019-12-03 20:47:44",2
"2019-12-03 21:48:13",2
"2019-12-03 22:47:47",2
"2019-12-03 23:48:02",2
"2019-12-04 00:48:20",2
"2019-12-04 01:48:27",2
"2019-12-04 02:48:09",2
"2019-12-04 03:47:55",2
"2019-12-04 04:47:53",2
"2019-12-04 06:47:55",2
"2019-12-04 07:47:53",2
"2019-12-04 08:47:34",2
"2019-12-04 09:47:34",2
"2019-12-04 10:47:32",2
"2019-12-04 11:47:36",2
"2019-12-04 12:47:32",2
"2019-12-04 14:09:26",2
"2019-12-04 14:48:02",2
"2019-12-04 15:47:58",2
"2019-12-04 16:47:52",2
"2019-12-04 17:47:53",2
"2019-12-04 18:47:53",2
"2019-12-04 19:47:54",2
"2019-12-04 20:47:50",2
"2019-12-04 21:47:47",2
"2019-12-04 22:47:46",2
"2019-12-04 23:47:47",2
"2019-12-05 00:47:51",2
"2019-12-05 01:47:51",2
"2019-12-05 02:47:52",2
"2019-12-05 03:47:52",2
"2019-12-05 04:47:50",2
"2019-12-05 06:47:51",2
"2019-12-05 07:47:28",2
"2019-12-05 08:47:48",2
"2019-12-05 09:47:24",2
"2019-12-05 10:47:24",2
"2019-12-05 11:47:25",2
"2019-12-05 12:47:23",2
"2019-12-05 13:47:47",2
"2019-12-05 14:47:53",2
"2019-12-05 15:47:48",2
"2019-12-05 16:47:48",2
"2019-12-05 17:47:47",2
"2019-12-05 18:47:48",2
"2019-12-05 20:09:58",2
"2019-12-05 20:48:01",2
"2019-12-05 21:47:48",2
"2019-12-05 22:47:48",2
"2019-12-05 23:47:31",2
"2019-12-06 00:47:49",2
"2019-12-06 01:47:47",2
"2019-12-06 02:47:54",2
"2019-12-06 03:47:50",2
"2019-12-06 04:47:47",2
"2019-12-06 05:48:00",2
"2019-12-06 06:47:56",2
"2019-12-06 07:47:53",2
"2019-12-06 08:47:49",2
"2019-12-06 09:47:46",2
"2019-12-06 10:47:49",2
"2019-12-06 11:47:45",2
"2019-12-06 12:47:31",2
"2019-12-06 13:48:37",2
"2019-12-06 14:47:57",2
"2019-12-06 15:48:19",2
"2019-12-06 16:47:52",2
"2019-12-06 17:47:48",2
"2019-12-06 18:47:49",2
"2019-12-06 19:47:51",2
"2019-12-06 20:47:49",2
"2019-12-06 21:47:25",2
"2019-12-06 22:47:27",2
"2019-12-06 23:47:31",2
"2019-12-07 00:47:37",2
"2019-12-07 01:48:18",2
"2019-12-07 02:47:52",2
"2019-12-07 03:47:49",2
"2019-12-07 04:47:36",2
"2019-12-07 05:48:20",2
"2019-12-07 06:47:29",2
"2019-12-07 07:47:32",2
"2019-12-07 08:47:29",2
"2019-12-07 09:47:27",2
"2019-12-07 10:47:27",2
"2019-12-07 11:47:26",2
"2019-12-07 12:47:43",2
"2019-12-07 13:47:58",2
"2019-12-07 14:47:53",2
"2019-12-07 15:47:54",2
"2019-12-07 16:47:50",2
"2019-12-07 17:47:54",2
"2019-12-07 18:47:50",2
"2019-12-07 19:47:29",2
"2019-12-07 20:47:50",2
"2019-12-07 21:47:56",2
"2019-12-07 22:47:32",2
"2019-12-07 23:47:29",2
"2019-12-08 00:47:45",2
"2019-12-08 01:47:28",2
"2019-12-08 02:47:53",2
"2019-12-08 03:47:51",2
"2019-12-08 04:47:47",2
"2019-12-08 05:47:54",2
"2019-12-08 06:47:52",2
"2019-12-08 07:47:49",2
"2019-12-08 08:47:49",2
"2019-12-08 09:47:48",2
"2019-12-08 10:47:50",2
"2019-12-08 11:47:27",2
"2019-12-08 12:47:31",2
"2019-12-08 13:47:45",2
"2019-12-08 14:47:44",2
"2019-12-08 15:47:30",2
"2019-12-08 16:47:49",2
"2019-12-08 17:47:53",2
"2019-12-08 18:47:27",2
"2019-12-08 19:47:45",2
"2019-12-08 20:47:46",2
"2019-12-08 21:47:53",2
"2019-12-08 22:47:52",2
"2019-12-08 23:47:50",2
"2019-12-09 00:47:49",2
"2019-12-09 01:47:27",2
"2019-12-09 02:47:41",2
"2019-12-09 03:47:55",2
"2019-12-09 04:47:31",2
"2019-12-09 05:47:36",2
"2019-12-09 06:47:54",2
"2019-12-09 07:47:33",2
"2019-12-09 08:47:31",2
"2019-12-09 09:47:26",2
"2019-12-09 10:47:28",2
"2019-12-09 11:47:24",2
"2019-12-09 12:47:25",2
"2019-12-09 14:10:28",2
"2019-12-09 14:47:38",2
"2019-12-09 15:47:41",2
"2019-12-09 16:48:02",2
"2019-12-09 17:48:10",2
"2019-12-09 18:47:40",2
"2019-12-09 19:47:28",2
"2019-12-09 20:47:58",2
"2019-12-09 21:47:54",2
"2019-12-09 22:47:29",2
"2019-12-09 23:47:47",2
"2019-12-10 00:47:55",2
"2019-12-10 01:47:48",2
"2019-12-10 02:47:53",2
"2019-12-10 03:47:58",2
"2019-12-10 04:47:49",2
"2019-12-10 05:48:00",2
"2019-12-10 06:47:55",2
"2019-12-10 07:47:50",2
"2019-12-10 08:47:55",2
"2019-12-10 09:47:30",2
"2019-12-10 10:47:30",2
"2019-12-10 11:47:28",2
"2019-12-10 12:47:56",2
"2019-12-10 13:47:27",2
"2019-12-10 14:47:34",2
"2019-12-10 15:47:32",2
"2019-12-10 16:48:00",2
"2019-12-10 17:47:49",2
"2019-12-10 18:47:47",2
"2019-12-10 19:47:32",2
"2019-12-10 20:47:50",2
"2019-12-10 21:47:49",2
"2019-12-10 22:47:56",2
"2019-12-10 23:48:03",2
"2019-12-11 00:47:58",2
"2019-12-11 01:48:03",2
"2019-12-11 02:48:10",2
"2019-12-11 03:47:52",2
"2019-12-11 04:48:00",2
"2019-12-11 05:48:01",2
"2019-12-11 06:47:40",2
"2019-12-11 07:47:37",2
"2019-12-11 08:47:50",2
"2019-12-11 09:47:38",2
"2019-12-11 10:47:40",2
"2019-12-11 11:47:43",2
"2019-12-11 12:47:58",2
"2019-12-11 13:47:46",2
"2019-12-11 14:48:20",2
"2019-12-11 15:47:45",2
"2019-12-11 16:48:03",2
"2019-12-11 17:48:07",2
"2019-12-11 18:47:58",2
"2019-12-11 19:48:07",2
"2019-12-11 20:47:58",2
"2019-12-11 21:47:53",2
"2019-12-11 22:47:57",2
"2019-12-11 23:47:57",2
"2019-12-12 00:47:43",2
"2019-12-12 01:48:16",2
"2019-12-12 02:48:00",2
"2019-12-12 03:47:45",2
"2019-12-12 04:47:57",2
"2019-12-12 05:47:57",2
"2019-12-12 06:48:01",2
"2019-12-12 07:47:58",2
"2019-12-12 08:47:40",2
"2019-12-12 09:47:55",2
"2019-12-12 10:47:55",2
"2019-12-12 11:47:40",2
"2019-12-12 12:47:33",2
"2019-12-12 14:08:58",2
"2019-12-12 15:47:46",2
"2019-12-12 16:48:06",2
"2019-12-12 17:47:42",2
"2019-12-12 18:47:42",2
"2019-12-12 19:47:46",2
"2019-12-12 20:47:52",2
"2019-12-12 21:47:43",2
"2019-12-12 22:47:38",2
"2019-12-12 23:47:45",2
"2019-12-13 00:48:42",2
"2019-12-13 01:48:54",2
"2019-12-13 02:48:52",2
"2019-12-13 03:48:57",2
"2019-12-13 04:48:54",2
"2019-12-13 05:49:09",2
"2019-12-13 06:49:20",2
"2019-12-13 07:48:49",2
"2019-12-13 08:48:38",2
"2019-12-13 09:48:49",2
"2019-12-13 10:48:21",2
"2019-12-13 11:48:31",2
"2019-12-13 12:48:41",2
"2019-12-13 14:41:06",2
"2019-12-13 14:49:29",2
"2019-12-13 15:49:05",2
"2019-12-13 16:48:44",2
"2019-12-13 17:48:53",2
"2019-12-13 18:48:48",2
"2019-12-13 19:48:42",2
"2019-12-13 20:49:25",2
"2019-12-13 21:48:46",2
"2019-12-13 22:48:45",2
"2019-12-13 23:48:24",2
"2019-12-14 00:48:43",2
"2019-12-14 01:48:29",2
"2019-12-14 02:48:47",2
"2019-12-14 03:48:38",2
"2019-12-14 04:48:44",2
"2019-12-14 05:48:43",2
"2019-12-14 06:48:43",2
"2019-12-14 07:48:14",2
"2019-12-14 08:48:34",2
"2019-12-14 09:48:29",2
"2019-12-14 10:48:21",2
"2019-12-14 11:48:19",2
"2019-12-14 12:48:19",2
"2019-12-14 13:48:56",2
"2019-12-14 14:48:33",2
"2019-12-14 15:48:52",2
"2019-12-14 16:48:58",2
"2019-12-14 17:48:32",2
"2019-12-14 18:48:57",2
"2019-12-14 19:48:30",2
"2019-12-14 22:48:57",2
"2019-12-14 23:48:36",2
"2019-12-15 00:48:47",2
"2019-12-15 01:48:58",2
"2019-12-15 02:48:55",2
"2019-12-15 03:48:44",2
"2019-12-15 04:48:46",2
"2019-12-15 05:48:20",2
"2019-12-15 06:48:44",2
"2019-12-15 07:48:27",2
"2019-12-15 08:48:29",2
"2019-12-15 09:48:07",2
"2019-12-15 10:48:14",2
"2019-12-15 11:48:35",2
"2019-12-15 13:48:29",2
"2019-12-15 14:48:21",2
"2019-12-15 15:48:47",2
"2019-12-15 16:48:47",2
"2019-12-15 17:48:42",2
"2019-12-15 19:48:38",2
"2019-12-15 20:48:40",2
"2019-12-15 21:48:36",2
"2019-12-15 22:48:24",2
"2019-12-15 23:48:45",2
"2019-12-16 00:48:42",2
"2019-12-16 01:49:04",2
"2019-12-16 02:48:31",2
"2019-12-16 04:49:32",2
"2019-12-16 05:49:00",2
"2019-12-16 06:48:50",2
"2019-12-16 07:48:23",2
"2019-12-16 08:48:25",2
"2019-12-16 09:48:25",2
"2019-12-16 10:48:19",2
"2019-12-16 11:48:39",2
"2019-12-16 12:48:41",2
"2019-12-16 13:48:42",2
"2019-12-16 14:50:40",2
"2019-12-16 16:08:27",2
"2019-12-16 16:49:19",2
"2019-12-16 17:49:04",2
"2019-12-16 18:49:02",2
"2019-12-16 19:48:44",2
"2019-12-16 20:48:54",2
"2019-12-16 21:48:41",2
"2019-12-16 22:48:42",2
"2019-12-16 23:48:36",2
"2019-12-17 00:48:20",2
"2019-12-17 01:48:40",2
"2019-12-17 02:49:02",2
"2019-12-17 03:48:49",2
"2019-12-17 04:49:01",2
"2019-12-17 05:48:49",2
"2019-12-17 06:48:59",2
"2019-12-17 07:48:35",2
"2019-12-17 08:48:55",2
"2019-12-17 09:48:12",2
"2019-12-17 10:48:26",2
"2019-12-17 11:48:08",2
"2019-12-17 12:48:18",2
"2019-12-17 14:09:57",2
"2019-12-17 14:49:36",2
"2019-12-17 15:49:10",2
"2019-12-17 16:48:59",2
"2019-12-17 17:49:00",2
"2019-12-17 18:48:42",2
"2019-12-17 19:49:08",2
"2019-12-17 20:48:57",2
"2019-12-17 21:48:29",2
"2019-12-17 22:48:46",2
"2019-12-17 23:48:49",2
"2019-12-18 01:49:17",2
"2019-12-18 02:48:57",2
"2019-12-18 03:48:42",2
"2019-12-18 04:48:20",2
"2019-12-18 05:48:43",2
"2019-12-18 06:48:36",2
"2019-12-18 07:48:23",2
"2019-12-18 08:48:48",2
"2019-12-18 09:48:28",2
"2019-12-18 10:48:23",2
"2019-12-18 11:48:27",2
"2019-12-18 12:48:30",2
"2019-12-18 14:08:57",2
"2019-12-18 14:49:39",2
"2019-12-18 15:48:51",2
"2019-12-18 16:49:01",2
"2019-12-18 17:48:59",2
"2019-12-18 18:48:49",2
"2019-12-18 19:48:46",2
"2019-12-18 20:48:56",2
"2019-12-18 21:48:33",2
"2019-12-18 22:48:40",2
"2019-12-18 23:48:42",2
"2019-12-19 00:48:45",2
"2019-12-19 01:48:37",2
"2019-12-19 02:49:00",2
"2019-12-19 03:48:36",2
"2019-12-19 04:48:38",2
"2019-12-19 05:48:26",2
"2019-12-19 06:48:48",2
"2019-12-19 07:48:34",2
"2019-12-19 08:48:19",2
"2019-12-19 09:48:19",2
"2019-12-19 10:48:14",2
"2019-12-19 11:48:06",2
"2019-12-19 12:48:31",2
"2019-12-19 14:10:29",2
"2019-12-19 14:49:22",2
"2019-12-19 15:49:45",2
"2019-12-19 16:49:19",2
"2019-12-19 17:49:05",2
"2019-12-19 18:48:56",2
"2019-12-19 19:49:02",2
"2019-12-19 21:10:32",2
"2019-12-19 21:48:59",2
"2019-12-19 22:49:01",2
"2019-12-19 23:49:00",2
"2019-12-20 00:49:00",2
"2019-12-20 01:48:48",2
"2019-12-20 02:48:56",2
"2019-12-20 03:48:49",2
"2019-12-20 04:49:05",2
"2019-12-20 05:48:54",2
"2019-12-20 06:49:16",2
"2019-12-20 07:49:00",2
"2019-12-20 08:49:01",2
"2019-12-20 09:48:47",2
"2019-12-20 10:48:13",2
"2019-12-20 11:48:39",2
"2019-12-20 12:48:58",2
"2019-12-20 14:09:28",2
"2019-12-20 14:50:09",2
"2019-12-20 15:49:47",2
"2019-12-20 16:49:38",2
"2019-12-20 17:49:34",2
"2019-12-20 18:49:17",2
"2019-12-20 19:49:34",2
"2019-12-20 20:49:30",2
"2019-12-20 21:49:02",2
"2019-12-20 22:48:56",2
"2019-12-20 23:49:10",2
"2019-12-21 00:49:04",2
"2019-12-21 01:48:59",2
"2019-12-21 02:49:24",2
"2019-12-21 03:48:50",2
"2019-12-21 04:49:09",2
"2019-12-21 05:48:39",2
"2019-12-21 06:48:41",2
"2019-12-21 07:48:49",2
"2019-12-21 08:48:42",2
"2019-12-21 09:48:18",2
"2019-12-21 10:48:18",2
"2019-12-21 11:48:08",2
"2019-12-21 12:48:33",2
"2019-12-21 13:48:30",2
"2019-12-21 14:48:48",2
"2019-12-21 15:48:36",2
"2019-12-21 16:49:08",2
"2019-12-21 17:48:33",2
"2019-12-21 18:48:29",2
"2019-12-21 19:48:34",2
"2019-12-21 20:48:36",2
"2019-12-21 22:49:07",2
"2019-12-21 23:48:22",2
"2019-12-22 00:48:31",2
"2019-12-22 01:48:28",2
"2019-12-22 02:48:31",2
"2019-12-22 04:48:48",2
"2019-12-22 05:48:16",2
"2019-12-22 06:48:22",2
"2019-12-22 07:48:25",2
"2019-12-22 08:48:21",2
"2019-12-22 09:48:18",2
"2019-12-22 10:48:18",2
"2019-12-22 11:48:10",2
"2019-12-22 12:48:24",2
"2019-12-22 13:48:26",2
"2019-12-22 14:48:31",2
"2019-12-22 15:48:56",2
"2019-12-22 16:48:40",2
"2019-12-22 17:48:37",2
"2019-12-22 18:48:32",2
"2019-12-22 19:48:56",2
"2019-12-22 20:49:04",2
"2019-12-22 22:48:34",2
"2019-12-22 23:48:51",2
"2019-12-23 00:48:58",2
"2019-12-23 01:49:00",2
"2019-12-23 02:48:43",2
"2019-12-23 03:48:52",2
"2019-12-23 04:49:03",2
"2019-12-23 05:48:47",2
"2019-12-23 06:48:50",2
"2019-12-23 07:48:21",2
"2019-12-23 08:48:26",2
"2019-12-23 09:48:08",2
"2019-12-23 10:48:13",2
"2019-12-23 11:48:27",2
"2019-12-23 12:48:29",2
"2019-12-23 14:10:32",2
"2019-12-23 14:50:08",2
"2019-12-23 15:49:01",1
"2019-12-23 16:48:51",1
"2019-12-23 17:49:12",1
"2019-12-23 18:49:09",1
"2019-12-23 19:49:14",1
"2019-12-23 20:49:18",1
"2019-12-23 21:49:03",1
"2019-12-23 22:48:46",1
"2019-12-23 23:49:05",1
"2019-12-24 00:48:38",1
"2019-12-24 01:48:43",1
"2019-12-24 02:49:06",1
"2019-12-24 03:49:17",1
"2019-12-24 04:49:15",1
"2019-12-24 05:48:40",1
"2019-12-24 06:49:10",1
"2019-12-24 07:48:27",1
"2019-12-24 08:48:33",1
"2019-12-24 09:48:27",1
"2019-12-24 10:48:08",1
"2019-12-24 11:48:31",1
"2019-12-24 12:48:18",1
"2019-12-24 13:48:26",1
"2019-12-24 14:49:47",1
"2019-12-24 15:48:54",1
"2019-12-24 16:48:40",1
"2019-12-24 17:48:53",1
"2019-12-24 18:48:34",1
"2019-12-24 19:48:51",1
"2019-12-24 20:48:25",1
"2019-12-24 21:48:32",1
"2019-12-24 22:49:04",1
"2019-12-24 23:48:49",1
"2019-12-25 00:48:59",1
"2019-12-25 01:48:21",1
"2019-12-25 02:48:22",1
"2019-12-25 03:48:41",1
"2019-12-25 04:48:49",1
"2019-12-25 05:48:53",1
"2019-12-25 06:48:39",1
"2019-12-25 07:48:34",1
"2019-12-25 08:49:05",1
"2019-12-25 09:48:34",1
"2019-12-25 10:48:24",1
"2019-12-25 11:48:18",1
"2019-12-25 12:48:19",1
"2019-12-25 13:48:19",1
"2019-12-25 14:48:40",1
"2019-12-25 15:48:57",1
"2019-12-25 16:48:36",1
"2019-12-25 17:48:54",1
"2019-12-25 18:48:22",1
"2019-12-25 19:48:33",1
"2019-12-25 20:48:30",1
"2019-12-25 21:48:39",1
"2019-12-25 22:48:31",1
"2019-12-25 23:48:37",1
"2019-12-26 00:48:52",1
"2019-12-26 01:48:52",1
"2019-12-26 02:48:57",1
"2019-12-26 03:49:12",1
"2019-12-26 04:49:07",1
"2019-12-26 05:48:40",1
"2019-12-26 06:48:52",1
"2019-12-26 07:48:49",1
"2019-12-26 08:48:18",1
"2019-12-26 09:48:19",1
"2019-12-26 10:48:24",1
"2019-12-26 11:48:14",1
"2019-12-26 12:48:10",1
"2019-12-26 13:48:41",1
"2019-12-26 14:49:23",1
"2019-12-26 15:49:15",1
"2019-12-26 16:49:00",1
"2019-12-26 17:49:24",1
"2019-12-26 18:48:47",1
"2019-12-26 19:48:46",1
"2019-12-26 20:49:30",1
"2019-12-26 21:49:05",1
"2019-12-26 23:48:53",1
"2019-12-27 00:48:35",1
"2019-12-27 01:49:12",1
"2019-12-27 02:49:21",1
"2019-12-27 03:48:46",1
"2019-12-27 04:49:16",1
"2019-12-27 05:49:12",1
"2019-12-27 06:49:16",1
"2019-12-27 07:48:38",1
"2019-12-27 08:48:49",1
"2019-12-27 09:48:24",1
"2019-12-27 10:48:07",1
"2019-12-27 11:48:22",1
"2019-12-27 12:48:33",1
"2019-12-27 14:10:29",1
"2019-12-27 14:49:24",1
"2019-12-27 15:49:07",1
"2019-12-27 16:48:54",1
"2019-12-27 17:48:55",1
"2019-12-27 18:49:03",1
"2019-12-27 19:49:36",1
"2019-12-27 20:49:02",1
"2019-12-27 21:49:25",1
"2019-12-27 22:49:05",1
"2019-12-27 23:48:34",1
"2019-12-28 00:49:06",1
"2019-12-28 01:48:48",1
"2019-12-28 02:48:53",1
"2019-12-28 03:48:44",1
"2019-12-28 04:49:03",1
"2019-12-28 05:49:04",1
"2019-12-28 06:49:01",1
"2019-12-28 07:48:40",1
"2019-12-28 08:48:59",1
"2019-12-28 09:48:33",1
"2019-12-28 10:48:40",1
"2019-12-28 11:48:20",1
"2019-12-28 12:48:10",1
"2019-12-28 13:48:32",1
"2019-12-28 14:48:53",1
"2019-12-28 15:49:18",1
"2019-12-28 16:48:43",1
"2019-12-28 17:49:07",1
"2019-12-28 18:48:45",1
"2019-12-28 19:48:41",1
"2019-12-28 20:49:12",1
"2019-12-28 21:48:35",1
"2019-12-28 22:48:47",1
"2019-12-28 23:48:55",1
"2019-12-29 00:48:46",1
"2019-12-29 01:49:19",1
"2019-12-29 02:48:59",1
"2019-12-29 03:49:19",1
"2019-12-29 05:49:13",1
"2019-12-29 06:49:13",1
"2019-12-29 07:48:39",1
"2019-12-29 08:49:06",1
"2019-12-29 09:48:37",1
"2019-12-29 10:48:41",1
"2019-12-29 11:48:26",1
"2019-12-29 12:48:31",1
"2019-12-29 13:48:33",1
"2019-12-29 14:48:51",1
"2019-12-29 15:48:51",1
"2019-12-29 16:48:55",1
"2019-12-29 17:48:35",1
"2019-12-29 18:48:56",1
"2019-12-29 19:49:02",1
"2019-12-29 20:48:33",1
"2019-12-29 21:49:31",1
"2019-12-29 22:48:49",1
"2019-12-29 23:48:34",1
"2019-12-30 00:48:38",1
"2019-12-30 01:49:06",1
"2019-12-30 02:49:36",1
"2019-12-30 03:48:37",1
"2019-12-30 04:49:20",1
"2019-12-30 05:48:51",1
"2019-12-30 06:48:32",1
"2019-12-30 07:48:16",1
"2019-12-30 08:48:40",1
"2019-12-30 09:48:48",1
"2019-12-30 10:48:06",1
"2019-12-30 11:48:45",1
"2019-12-30 12:48:29",1
"2019-12-30 14:10:28",1
"2019-12-30 14:50:01",1
"2019-12-30 15:49:08",1
"2019-12-30 16:49:00",1
"2019-12-30 17:48:57",1
"2019-12-30 18:49:11",1
"2019-12-30 19:49:07",1
"2019-12-30 20:48:50",1
"2019-12-30 21:48:46",1
"2019-12-30 23:48:51",1
"2019-12-31 00:48:52",1
"2019-12-31 01:48:40",1
"2019-12-31 02:48:53",1
"2019-12-31 03:49:04",1
"2019-12-31 04:48:41",1
"2019-12-31 05:48:28",1
"2019-12-31 06:48:51",1
"2019-12-31 07:48:35",1
"2019-12-31 08:48:56",1
"2019-12-31 09:48:43",1
"2019-12-31 10:49:06",1
"2019-12-31 11:48:50",1
"2019-12-31 12:48:38",1
"2019-12-31 14:11:30",1
"2019-12-31 14:49:45",1
"2019-12-31 15:49:20",1
"2019-12-31 16:48:55",1
"2019-12-31 17:48:48",1
"2019-12-31 18:48:49",1
"2019-12-31 19:49:00",1
"2019-12-31 20:48:55",1
"2019-12-31 21:48:40",1
"2019-12-31 22:48:49",1
"2019-12-31 23:48:45",1
"2020-01-01 00:48:34",1
"2020-01-01 01:48:37",1
"2020-01-01 02:48:37",1
"2020-01-01 03:48:46",1
"2020-01-01 04:48:19",1
"2020-01-01 05:49:11",1
"2020-01-01 06:49:04",1
"2020-01-01 07:48:41",1
"2020-01-01 08:48:41",1
"2020-01-01 09:48:23",1
"2020-01-01 10:48:11",1
"2020-01-01 11:48:19",1
"2020-01-01 12:48:26",1
"2020-01-01 13:48:23",1
"2020-01-01 14:48:34",1
"2020-01-01 15:48:38",1
"2020-01-01 16:48:51",1
"2020-01-01 17:48:42",1
"2020-01-01 18:48:45",1
"2020-01-01 19:48:33",1
"2020-01-01 20:48:53",1
"2020-01-01 21:48:42",1
"2020-01-01 22:48:57",1
"2020-01-01 23:49:25",1
"2020-01-02 00:49:15",1
"2020-01-02 01:49:01",1
"2020-01-02 02:49:45",1
"2020-01-02 03:48:52",1
"2020-01-02 04:48:56",1
"2020-01-02 05:48:46",1
"2020-01-02 06:48:40",1
"2020-01-02 07:48:34",1
"2020-01-02 08:48:46",1
"2020-01-02 09:48:29",1
"2020-01-02 10:48:24",1
"2020-01-02 11:48:38",1
"2020-01-02 12:48:35",1
"2020-01-02 14:11:58",1
"2020-01-02 14:50:38",1
"2020-01-02 15:49:18",1
"2020-01-02 16:49:09",1
"2020-01-02 17:49:16",1
"2020-01-02 18:49:19",1
"2020-01-02 19:49:05",1
"2020-01-02 20:49:18",1
"2020-01-02 21:48:45",1
"2020-01-02 22:49:43",1
"2020-01-02 23:48:42",1
"2020-01-03 00:49:08",1
"2020-01-03 01:48:54",1
"2020-01-03 02:49:17",1
"2020-01-03 03:48:52",1
"2020-01-03 04:48:48",1
"2020-01-03 05:48:55",1
"2020-01-03 06:49:02",1
"2020-01-03 07:48:46",1
"2020-01-03 08:48:59",1
"2020-01-03 09:48:36",1
"2020-01-03 10:48:36",1
"2020-01-03 11:48:32",1
"2020-01-03 12:48:21",1
"2020-01-03 14:11:58",1
"2020-01-03 14:53:29",1
"2020-01-03 15:49:01",1
"2020-01-03 16:49:12",1
"2020-01-03 17:49:52",1
"2020-01-03 18:49:01",1
"2020-01-03 19:48:54",1
"2020-01-03 20:49:11",1
"2020-01-03 21:48:40",1
"2020-01-03 22:48:48",1
"2020-01-03 23:48:43",1
"2020-01-04 00:48:49",1
"2020-01-04 01:48:48",1
"2020-01-04 02:48:40",1
"2020-01-04 03:49:10",1
"2020-01-04 04:48:56",1
"2020-01-04 05:48:45",1
"2020-01-04 06:48:39",1
"2020-01-04 07:48:24",1
"2020-01-04 08:48:33",1
"2020-01-04 09:48:20",1
"2020-01-04 10:48:29",1
"2020-01-04 11:48:15",1
"2020-01-04 12:48:42",1
"2020-01-04 13:48:34",1
"2020-01-04 14:48:40",1
"2020-01-04 15:48:48",1
"2020-01-04 16:48:56",1
"2020-01-04 17:49:06",1
"2020-01-04 19:48:48",1
"2020-01-04 20:48:59",1
"2020-01-04 21:49:36",1
"2020-01-04 22:49:03",1
"2020-01-04 23:49:02",1
"2020-01-05 00:48:40",1
"2020-01-05 01:49:42",1
"2020-01-05 02:49:19",1
"2020-01-05 03:49:02",1
"2020-01-05 04:48:37",1
"2020-01-05 05:48:40",1
"2020-01-05 06:48:40",1
"2020-01-05 07:48:20",1
"2020-01-05 08:48:14",1
"2020-01-05 09:48:14",1
"2020-01-05 10:48:09",1
"2020-01-05 11:48:41",1
"2020-01-05 12:48:19",1
"2020-01-05 13:48:36",1
"2020-01-05 14:48:27",1
"2020-01-05 15:48:22",1
"2020-01-05 16:48:49",1
"2020-01-05 17:49:53",1
"2020-01-05 18:48:57",1
"2020-01-05 20:48:55",1
"2020-01-05 21:48:57",1
"2020-01-05 22:48:45",1
"2020-01-05 23:48:49",1
"2020-01-06 00:49:00",1
"2020-01-06 01:48:54",1
"2020-01-06 02:49:13",1
"2020-01-06 03:49:26",1
"2020-01-06 04:49:25",1
"2020-01-06 05:49:13",1
"2020-01-06 06:49:02",1
"2020-01-06 07:48:34",1
"2020-01-06 08:48:46",1
"2020-01-16 06:48:26",1
"2020-01-16 07:48:25",1
"2020-01-16 08:48:26",1
"2020-01-16 09:48:07",1
"2020-01-16 10:48:11",1
"2020-01-16 11:48:13",1
"2020-01-16 12:48:18",1
"2020-01-16 14:11:59",1
"2020-01-16 15:48:32",1
"2020-01-16 16:48:41",1
"2020-01-16 17:48:37",1
"2020-01-16 18:48:27",1
"2020-01-16 19:48:33",1
"2020-01-16 20:48:35",1
"2020-01-16 21:48:19",1
"2020-01-16 22:48:35",1
"2020-01-16 23:48:27",1
"2020-01-17 00:49:04",1
"2020-01-17 01:49:10",1
"2020-01-17 02:48:22",1
"2020-01-17 03:48:10",1
"2020-01-17 04:48:14",1
"2020-01-17 05:48:22",1
"2020-01-17 06:48:17",1
"2020-01-17 07:47:55",1
"2020-01-17 08:47:49",1
"2020-01-17 09:49:03",1
"2020-01-17 10:47:49",1
"2020-01-17 11:47:46",1
"2020-01-17 12:48:08",1
"2020-01-17 14:10:02",1
"2020-01-17 14:48:39",1
"2020-01-17 15:48:23",1
"2020-01-17 16:48:24",1
"2020-01-17 17:48:15",1
"2020-01-17 18:48:17",1
"2020-01-17 19:48:18",1
"2020-01-17 20:48:15",1
"2020-01-17 21:48:05",1
"2020-01-17 22:48:10",1
"2020-01-17 23:48:04",1
"2020-01-18 00:48:58",1
"2020-01-18 01:48:13",1
"2020-01-18 02:48:10",1
"2020-01-18 03:48:15",1
"2020-01-18 04:48:10",1
"2020-01-18 05:48:15",1
"2020-01-18 06:47:53",1
"2020-01-18 07:48:08",1
"2020-01-18 08:48:08",1
"2020-01-18 09:47:57",1
"2020-01-18 10:47:59",1
"2020-01-18 11:47:48",1
"2020-01-18 12:48:02",1
"2020-01-18 13:48:04",1
"2020-01-18 14:48:08",1
"2020-01-18 15:48:14",1
"2020-01-18 16:47:54",1
"2020-01-18 17:48:24",1
"2020-01-18 18:48:17",1
"2020-01-18 19:48:48",1
"2020-01-18 20:48:16",1
"2020-01-18 21:48:19",1
"2020-01-18 23:48:15",1
"2020-01-19 00:47:53",1
"2020-01-19 01:48:17",1
"2020-01-19 02:48:22",1
"2020-01-19 03:48:16",1
"2020-01-19 04:48:15",1
"2020-01-19 05:48:06",1
"2020-01-19 06:48:06",1
"2020-01-19 07:47:56",1
"2020-01-19 08:48:31",1
"2020-01-19 09:47:59",1
"2020-01-19 10:47:46",1
"2020-01-19 11:47:46",1
"2020-01-19 12:48:03",1
"2020-01-19 13:47:53",1
"2020-01-19 14:48:40",1
"2020-01-19 15:48:46",1
"2020-01-19 16:47:54",1
"2020-01-19 17:48:02",1
"2020-01-19 18:47:56",1
"2020-01-19 19:49:00",1
"2020-01-19 20:48:10",1
"2020-01-19 21:48:08",1
"2020-01-19 22:48:07",1
"2020-01-19 23:49:21",1
"2020-01-20 00:49:00",1
"2020-01-20 01:48:52",1
"2020-01-20 02:48:27",1
"2020-01-20 03:48:54",1
"2020-01-20 04:48:54",1
"2020-01-20 05:48:06",1
"2020-01-20 06:48:59",1
"2020-01-20 07:47:56",1
"2020-01-20 08:48:54",1
"2020-01-20 09:54:52",1
"2020-01-20 10:48:30",1
"2020-01-20 11:47:46",1
"2020-01-20 12:48:00",1
"2020-01-20 13:48:47",1
"2020-01-20 14:48:27",1
"2020-01-20 15:48:54",1
"2020-01-20 16:48:01",1
"2020-01-20 17:48:47",1
"2020-01-20 18:48:04",1
"2020-01-20 19:48:46",1
"2020-01-20 21:49:15",1
"2020-01-20 22:49:00",1
"2020-01-20 23:48:54",1
"2020-01-21 00:49:00",1
"2020-01-21 01:48:39",1
"2020-01-21 02:49:00",1
"2020-01-21 03:48:04",1
"2020-01-21 04:48:10",1
"2020-01-21 05:48:03",1
"2020-01-21 06:47:58",1
"2020-01-21 07:47:52",1
"2020-01-21 08:48:08",1
"2020-01-21 10:03:25",1
"2020-01-21 10:48:54",1
"2020-01-21 11:48:04",1
"2020-01-21 12:48:02",1
"2020-01-21 13:48:04",1
"2020-01-21 15:49:17",1
"2020-01-21 16:48:35",1
"2020-01-21 17:49:02",1
"2020-01-21 18:48:31",1
"2020-01-21 19:49:01",1
"2020-01-21 20:48:21",1
"2020-01-21 21:49:10",1
"2020-01-21 22:48:52",1
"2020-01-21 23:48:27",1
"2020-01-22 00:48:17",1
"2020-01-22 01:48:34",1
"2020-01-22 02:48:56",1
"2020-01-22 03:48:20",1
"2020-01-22 04:48:27",1
"2020-01-22 05:48:18",1
"2020-01-22 06:48:04",1
"2020-01-22 07:48:04",1
"2020-01-22 08:48:16",1
"2020-01-22 09:59:34",1
"2020-01-22 10:47:51",1
"2020-01-22 11:47:48",1
"2020-01-22 12:48:31",1
"2020-01-22 13:48:35",1
"2020-01-22 14:49:06",1
"2020-01-22 15:48:37",1
"2020-01-22 16:49:08",1
"2020-01-22 17:49:00",1
"2020-01-22 18:48:36",1
"2020-01-22 19:49:06",1
"2020-01-22 20:49:04",1
"2020-01-22 21:49:09",1
"2020-01-22 22:48:45",1
"2020-01-22 23:48:58",1
"2020-01-23 00:48:53",1
"2020-01-23 01:49:08",1
"2020-01-23 02:48:28",1
"2020-01-23 03:48:27",1
"2020-01-23 04:48:19",1
"2020-01-23 05:47:54",1
"2020-01-23 06:48:12",1
"2020-01-23 07:48:14",1
"2020-01-23 08:48:09",1
"2020-01-23 10:47:58",1
"2020-01-23 11:48:02",1
"2020-01-23 12:48:09",1
"2020-01-23 14:11:32",1
"2020-01-23 14:48:55",1
"2020-01-23 15:48:33",1
"2020-01-23 16:48:20",1
"2020-01-23 17:48:06",1
"2020-01-23 18:48:34",1
"2020-01-23 19:48:17",1
"2020-01-23 20:48:32",1
"2020-01-23 21:48:32",1
"2020-01-23 22:48:13",1
"2020-01-23 23:48:10",1
"2020-01-24 00:48:12",1
"2020-01-24 01:48:22",1
"2020-01-24 02:48:53",1
"2020-01-24 03:48:01",1
"2020-01-24 04:48:10",1
"2020-01-24 05:48:26",1
"2020-01-24 06:47:51",1
"2020-01-24 07:48:24",1
"2020-01-24 08:47:50",1
"2020-01-24 09:57:40",1
"2020-01-24 10:48:03",1
"2020-01-24 11:47:56",1
"2020-01-24 12:48:00",1
"2020-01-24 14:10:31",1
"2020-01-24 14:48:32",1
"2020-01-24 15:48:32",1
"2020-01-24 16:48:23",1
"2020-01-24 17:48:12",1
"2020-01-24 18:48:16",1
"2020-01-24 19:48:27",1
"2020-01-24 20:48:30",1
"2020-01-24 21:48:08",1
"2020-01-24 22:48:02",1
"2020-01-24 23:48:10",1
"2020-01-25 00:48:04",1
"2020-01-25 01:48:16",1
"2020-01-25 02:48:29",1
"2020-01-25 03:48:25",1
"2020-01-25 04:48:10",1
"2020-01-25 05:48:19",1
"2020-01-25 06:48:07",1
"2020-01-25 07:48:12",1
"2020-01-25 08:48:15",1
"2020-01-25 09:58:06",1
"2020-01-25 10:47:49",1
"2020-01-25 11:48:00",1
"2020-01-25 12:48:13",1
"2020-01-25 14:48:06",1
"2020-01-25 15:48:02",1
"2020-01-25 16:48:12",1
"2020-01-25 17:48:11",1
"2020-01-25 18:48:11",1
"2020-01-25 19:48:14",1
"2020-01-25 20:48:10",1
"2020-01-25 21:48:03",1
"2020-01-25 22:48:12",1
"2020-01-25 23:48:07",1
"2020-01-26 00:48:20",1
"2020-01-26 01:48:12",1
"2020-01-26 02:48:20",1
"2020-01-26 03:48:11",1
"2020-01-26 04:48:01",1
"2020-01-26 06:48:01",1
"2020-01-26 07:47:55",1
"2020-01-27 02:48:17",1
"2020-01-27 03:48:17",1
"2020-01-27 04:48:18",1
"2020-01-27 05:48:10",1
"2020-01-27 06:48:24",1
"2020-01-27 07:48:01",1
"2020-01-27 08:48:10",1
"2020-01-27 09:48:27",1
"2020-01-27 10:48:08",1
"2020-01-27 11:48:10",1
"2020-01-27 12:47:42",1
"2020-01-27 13:48:23",1
"2020-01-27 14:49:37",1
"2020-01-27 15:48:55",1
"2020-01-27 16:48:31",1
"2020-01-27 17:48:37",1
"2020-01-27 18:48:40",1
"2020-01-27 19:48:47",1
"2020-01-27 20:48:33",1
"2020-01-27 21:48:38",1
"2020-01-27 22:49:17",1
"2020-01-27 23:48:47",1
"2020-01-28 00:48:06",1
"2020-01-28 01:48:46",1
"2020-01-28 02:48:43",1
"2020-01-28 03:48:29",1
"2020-01-28 04:48:31",1
"2020-01-28 05:48:16",1
"2020-01-28 06:47:52",1
"2020-01-28 07:48:03",1
"2020-01-28 08:48:21",1
"2020-01-28 09:48:45",1
"2020-01-28 10:48:06",1
"2020-01-28 11:48:00",1
"2020-01-28 12:48:06",1
"2020-01-28 14:11:04",1
"2020-01-28 14:49:18",1
"2020-01-28 15:48:35",1
"2020-01-28 16:48:49",1
"2020-01-28 17:48:23",1
"2020-01-28 18:48:37",1
"2020-01-28 19:48:32",1
"2020-01-28 21:49:07",1
"2020-01-28 22:48:39",1
"2020-01-28 23:48:12",1
"2020-01-29 00:48:21",1
"2020-01-29 01:48:35",1
"2020-01-29 02:48:56",1
"2020-01-29 03:48:36",1
"2020-01-29 04:48:31",1
"2020-01-29 05:48:36",1
"2020-01-29 06:48:20",1
"2020-01-29 07:48:04",1
"2020-01-29 08:48:07",1
"2020-01-29 09:48:24",1
"2020-01-29 10:47:57",1
"2020-01-29 11:48:02",1
"2020-01-29 12:48:12",1
"2020-01-29 13:48:40",1
"2020-01-29 14:49:11",1
"2020-01-29 15:48:48",1
"2020-01-29 16:48:35",1
"2020-01-29 17:49:04",1
"2020-01-29 18:48:48",1
"2020-01-29 19:48:53",1
"2020-01-29 20:48:55",1
"2020-01-29 21:48:37",1
"2020-01-29 22:48:23",1
"2020-01-29 23:48:17",1
"2020-01-30 00:48:34",1
"2020-01-30 01:48:46",1
"2020-01-30 02:48:40",1
"2020-01-30 03:48:13",1
"2020-01-30 04:49:01",1
"2020-01-30 05:49:00",1
"2020-01-30 06:48:24",1
"2020-01-30 07:48:02",1
"2020-01-30 08:48:18",1
"2020-01-30 09:48:23",1
"2020-01-30 10:47:54",1
"2020-01-30 11:48:06",1
"2020-01-30 12:48:17",1
"2020-01-30 13:48:13",1
"2020-01-30 14:49:10",1
"2020-01-30 15:48:53",1
"2020-01-30 16:48:54",1
"2020-01-30 17:48:50",1
"2020-01-30 18:48:43",1
"2020-01-30 19:48:52",1
"2020-01-30 20:48:23",1
"2020-01-30 21:48:42",1
"2020-01-30 22:47:59",1
"2020-01-30 23:48:09",1
"2020-01-31 00:48:13",1
"2020-01-31 01:48:48",1
"2020-01-31 02:48:20",1
"2020-01-31 03:48:36",1
"2020-01-31 04:48:27",1
"2020-01-31 05:48:13",1
"2020-01-31 06:48:03",1
"2020-01-31 07:48:15",1
"2020-01-31 08:48:32",1
"2020-01-31 09:48:38",1
"2020-01-31 10:48:09",1
"2020-01-31 11:48:04",1
"2020-01-31 12:48:03",1
"2020-01-31 13:48:27",1
"2020-01-31 14:48:39",1
"2020-01-31 15:48:33",1
"2020-01-31 16:48:29",1
"2020-01-31 17:48:31",1
"2020-01-31 18:48:25",1
"2020-01-31 19:48:46",1
"2020-01-31 20:48:30",1
"2020-01-31 21:48:02",1
"2020-01-31 22:48:08",1
"2020-01-31 23:48:14",1
"2020-02-01 00:48:04",1
"2020-02-01 01:48:43",1
"2020-02-01 02:48:18",1
"2020-02-01 03:48:15",1
"2020-02-01 04:48:21",1
"2020-02-01 05:48:34",1
"2020-02-01 06:48:39",1
"2020-02-01 07:48:05",1
"2020-02-01 08:48:14",1
"2020-02-01 09:48:28",1
"2020-02-01 10:47:57",1
"2020-02-01 11:48:14",1
"2020-02-01 12:47:57",1
"2020-02-01 13:48:21",1
"2020-02-01 14:48:25",1
"2020-02-01 15:48:19",1
"2020-02-01 16:48:14",1
"2020-02-01 17:48:24",1
"2020-02-01 18:48:10",1
"2020-02-01 19:48:15",1
"2020-02-01 20:48:27",1
"2020-02-01 21:48:46",1
"2020-02-01 22:48:30",1
"2020-02-01 23:48:37",1
"2020-02-02 00:48:39",1
"2020-02-02 01:48:45",1
"2020-02-02 02:48:30",1
"2020-02-02 03:48:36",1
"2020-02-02 04:48:21",1
"2020-02-02 05:48:29",1
"2020-02-02 06:48:29",1
"2020-02-02 07:48:25",1
"2020-02-02 08:48:30",1
"2020-02-02 09:48:23",1
"2020-02-02 10:48:15",1
"2020-02-02 11:48:24",1
"2020-02-02 12:48:29",1
"2020-02-02 13:48:34",1
"2020-02-02 14:48:24",1
"2020-02-02 15:48:21",1
"2020-02-02 16:48:34",1
"2020-02-02 17:48:46",1
"2020-02-02 18:48:24",1
"2020-02-02 19:48:35",1
"2020-02-02 20:48:39",1
"2020-02-02 21:48:32",1
"2020-02-02 22:48:32",1
"2020-02-02 23:48:48",1
"2020-02-03 00:49:10",1
"2020-02-03 01:48:59",1
"2020-02-03 02:48:27",1
"2020-02-03 03:48:37",1
"2020-02-03 04:48:46",1
"2020-02-03 05:48:45",1
"2020-02-03 06:48:23",1
"2020-02-03 07:48:22",1
"2020-02-03 08:48:33",1
"2020-02-03 09:48:32",1
"2020-02-03 10:48:21",1
"2020-02-03 11:48:23",1
"2020-02-03 12:48:10",1
"2020-02-03 14:47:45",1
"2020-02-03 14:55:30",1
"2020-02-03 15:48:59",1
"2020-02-03 16:48:46",1
"2020-02-03 17:48:49",1
"2020-02-03 18:48:54",1
"2020-02-03 19:48:52",1
"2020-02-03 20:48:47",1
"2020-02-03 21:48:43",1
"2020-02-03 22:48:36",1
"2020-02-03 23:48:46",1
"2020-02-04 00:48:40",1
"2020-02-04 01:48:54",1
"2020-02-04 02:48:51",1
"2020-02-04 03:48:53",1
"2020-02-04 04:48:50",1
"2020-02-04 05:48:57",1
"2020-02-04 06:48:32",1
"2020-02-04 07:48:47",1
"2020-02-04 08:48:13",1
"2020-02-04 09:48:41",1
"2020-02-04 10:48:17",1
"2020-02-04 11:48:35",1
"2020-02-04 12:48:38",1
"2020-02-04 14:14:39",1
"2020-02-04 15:48:59",1
"2020-02-04 16:48:47",1
"2020-02-04 17:48:52",1
"2020-02-04 18:48:36",1
"2020-02-04 19:48:41",1
"2020-02-04 20:48:42",1
"2020-02-04 21:48:43",1
"2020-02-04 22:48:39",1
"2020-02-04 23:48:43",1
"2020-02-05 00:48:49",1
"2020-02-05 01:48:42",1
"2020-02-05 02:48:50",1
"2020-02-05 03:48:52",1
"2020-02-05 04:49:29",1
"2020-02-05 05:48:42",1
"2020-02-05 06:48:46",1
"2020-02-05 07:48:41",1
"2020-02-05 08:48:35",1
"2020-02-05 09:48:29",1
"2020-02-05 10:48:37",1
"2020-02-05 11:48:32",1
"2020-02-05 12:48:44",1
"2020-02-05 14:08:39",1
"2020-02-05 14:49:16",1
"2020-02-05 15:49:02",1
"2020-02-05 16:48:54",1
"2020-02-05 17:48:39",1
"2020-02-05 18:48:54",1
"2020-02-05 19:48:52",1
"2020-02-05 20:48:57",1
"2020-02-05 21:48:36",1
"2020-02-05 22:48:38",1
"2020-02-05 23:48:36",1
"2020-02-06 00:48:52",1
"2020-02-06 01:48:53",1
"2020-02-06 02:48:57",1
"2020-02-06 03:49:14",1
"2020-02-06 04:48:57",1
"2020-02-06 05:48:53",1
"2020-02-06 06:48:36",1
"2020-02-06 07:48:46",1
"2020-02-06 08:48:39",1
"2020-02-06 09:48:39",1
"2020-02-06 10:48:26",1
"2020-02-06 11:48:34",1
"2020-02-06 12:48:26",1
"2020-02-06 13:48:23",1
"2020-02-06 14:49:09",1
"2020-02-06 15:49:01",1
"2020-02-06 16:48:53",1
"2020-02-06 17:48:52",1
"2020-02-06 18:48:47",1
"2020-02-06 19:48:51",1
"2020-02-06 20:48:53",1
"2020-02-06 21:48:42",1
"2020-02-06 22:48:50",1
"2020-02-06 23:48:35",1
"2020-02-07 00:48:48",1
"2020-02-07 01:48:57",1
"2020-02-07 02:48:36",1
"2020-02-07 03:48:43",1
"2020-02-07 04:48:44",1
"2020-02-07 05:48:54",1
"2020-02-07 06:49:00",1
"2020-02-07 07:48:52",1
"2020-02-07 08:48:39",1
"2020-02-07 09:48:49",1
"2020-02-07 10:48:26",1
"2020-02-07 11:48:31",1
"2020-02-07 12:48:31",1
"2020-02-07 14:10:09",1
"2020-02-07 14:49:10",1
"2020-02-07 15:48:57",1
"2020-02-07 16:49:00",1
"2020-02-07 17:49:09",1
"2020-02-07 18:48:49",1
"2020-02-07 19:48:56",1
"2020-02-07 20:49:00",1
"2020-02-07 21:48:42",1
"2020-02-07 22:48:54",1
"2020-02-07 23:48:27",1
"2020-02-08 00:48:39",1
"2020-02-08 01:48:37",1
"2020-02-08 02:48:47",1
"2020-02-08 03:48:44",1
"2020-02-08 04:48:54",1
"2020-02-08 05:48:41",1
"2020-02-08 06:48:35",1
"2020-02-08 07:48:41",1
"2020-02-08 08:48:29",1
"2020-02-08 09:48:30",1
"2020-02-08 10:48:17",1
"2020-02-08 11:48:22",1
"2020-02-08 12:48:27",1
"2020-02-08 13:48:21",1
"2020-02-08 14:48:55",1
"2020-02-08 15:48:40",1
"2020-02-08 16:48:45",1
"2020-02-08 17:48:43",1
"2020-02-08 18:51:30",1
"2020-02-08 19:48:34",1
"2020-02-08 20:48:42",1
"2020-02-08 21:48:44",1
"2020-02-08 22:48:48",1
"2020-02-08 23:48:38",1
"2020-02-09 00:48:34",1
"2020-02-09 01:48:43",1
"2020-02-09 02:48:43",1
"2020-02-09 03:48:41",1
"2020-02-09 04:48:30",1
"2020-02-09 05:48:37",1
"2020-02-09 06:48:32",1
"2020-02-09 07:48:34",1
"2020-02-09 08:48:28",1
"2020-02-09 09:48:36",1
"2020-02-09 10:48:39",1
"2020-02-09 11:48:42",1
"2020-02-09 12:48:30",1
"2020-02-09 13:48:32",1
"2020-02-09 14:48:37",1
"2020-02-09 15:48:48",1
"2020-02-09 16:48:35",1
"2020-02-09 17:48:45",1
"2020-02-09 18:48:47",1
"2020-02-09 19:48:41",1
"2020-02-09 20:48:41",1
"2020-02-09 21:48:58",1
"2020-02-09 22:48:38",1
"2020-02-09 23:49:26",1
"2020-02-10 00:48:49",1
"2020-02-10 01:48:49",1
"2020-02-10 02:48:39",1
"2020-02-10 03:48:38",1
"2020-02-10 04:48:44",1
"2020-02-10 05:48:50",1
"2020-02-10 06:48:42",1
"2020-02-10 07:48:40",1
"2020-02-10 08:48:36",1
"2020-02-10 09:48:48",1
"2020-02-10 10:48:33",1
"2020-02-10 11:48:33",1
"2020-02-10 12:48:24",1
"2020-02-10 13:48:38",1
"2020-02-10 14:49:04",1
"2020-02-10 15:49:07",1
"2020-02-10 16:48:56",1
"2020-02-10 17:48:45",1
"2020-02-10 18:48:55",1
"2020-02-10 19:48:54",1
"2020-02-10 20:49:03",1
"2020-02-10 21:48:52",1
"2020-02-10 22:48:46",1
"2020-02-10 23:48:39",1
"2020-02-11 00:48:46",1
"2020-02-11 01:49:15",1
"2020-02-11 02:48:49",1
"2020-02-11 03:48:45",1
"2020-02-11 04:48:47",1
"2020-02-11 05:48:49",1
"2020-02-11 06:48:38",1
"2020-02-11 07:48:38",1
"2020-02-11 08:48:43",1
"2020-02-11 09:48:43",1
"2020-02-11 10:48:24",1
"2020-02-11 11:48:32",1
"2020-02-11 12:48:15",1
"2020-02-11 14:10:37",1
"2020-02-11 14:49:18",1
"2020-02-11 15:49:04",1
"2020-02-11 16:49:02",1
"2020-02-11 17:48:50",1
"2020-02-11 18:48:56",1
"2020-02-11 19:48:48",1
"2020-02-11 20:49:00",1
"2020-02-11 21:52:36",1
"2020-02-11 22:49:07",1
"2020-02-11 23:48:39",1
"2020-02-12 00:49:15",1
"2020-02-12 01:48:53",1
"2020-02-12 02:49:24",1
"2020-02-12 03:48:44",1
"2020-02-12 04:48:54",1
"2020-02-12 05:48:38",1
"2020-02-12 06:48:42",1
"2020-02-12 07:48:30",1
"2020-02-12 08:48:35",1
"2020-02-12 09:48:52",1
"2020-02-12 10:48:32",1
"2020-02-12 11:48:31",1
"2020-02-12 12:48:32",1
"2020-02-12 14:10:38",1
"2020-02-12 14:49:15",1
"2020-02-12 15:48:57",1
"2020-02-12 16:48:53",1
"2020-02-12 17:48:59",1
"2020-02-12 18:48:55",1
"2020-02-12 19:48:49",1
"2020-02-12 20:49:05",1
"2020-02-12 21:48:49",1
"2020-02-12 22:48:19",1
"2020-02-12 23:48:03",1
"2020-02-13 00:48:39",1
"2020-02-13 01:48:28",1
"2020-02-13 02:49:08",1
"2020-02-13 03:48:58",1
"2020-02-13 04:48:47",1
"2020-02-13 05:48:42",1
"2020-02-13 06:48:42",1
"2020-02-13 07:48:24",1
"2020-02-13 08:48:36",1
"2020-02-13 09:48:22",1
"2020-02-13 10:48:05",1
"2020-02-13 11:48:37",1
"2020-02-13 12:48:19",1
"2020-02-13 14:10:34",1
"2020-02-13 14:48:39",1
"2020-02-13 15:48:50",1
"2020-02-13 16:48:48",1
"2020-02-13 17:49:09",1
"2020-02-13 18:49:03",1
"2020-02-13 19:48:49",1
"2020-02-13 20:48:37",1
"2020-02-13 21:48:47",1
"2020-02-13 22:48:20",1
"2020-02-13 23:48:19",1
"2020-02-14 00:48:19",1
"2020-02-14 01:48:44",1
"2020-02-14 02:48:41",1
"2020-02-14 03:48:24",1
"2020-02-14 04:48:35",1
"2020-02-14 05:48:38",1
"2020-02-14 06:48:09",1
"2020-02-14 07:48:02",1
"2020-02-14 08:48:27",1
"2020-02-14 09:48:14",1
"2020-02-14 10:48:16",1
"2020-02-14 11:48:10",1
"2020-02-14 12:48:20",1
"2020-02-14 13:48:28",1
"2020-02-14 14:48:55",1
"2020-02-14 15:49:11",1
"2020-02-14 16:48:33",1
"2020-02-14 17:48:35",1
"2020-02-14 18:48:28",1
"2020-02-14 19:48:33",1
"2020-02-14 20:48:55",1
"2020-02-14 21:48:25",1
"2020-02-14 22:48:17",1
"2020-02-14 23:48:46",1
"2020-02-15 00:48:21",1
"2020-02-15 01:48:28",1
"2020-02-15 02:48:39",1
"2020-02-15 03:48:33",1
"2020-02-15 04:48:27",1
"2020-02-15 05:47:34",1
"2020-02-15 06:47:47",1
"2020-02-15 07:47:36",1
"2020-02-15 08:47:36",1
"2020-02-15 09:47:40",1
"2020-02-15 10:47:30",1
"2020-02-15 11:47:34",1
"2020-02-15 12:47:44",1
"2020-02-15 13:47:34",1
"2020-02-15 14:47:40",1
"2020-02-15 15:47:37",1
"2020-02-15 16:47:33",1
"2020-02-15 17:47:32",1
"2020-02-15 18:47:57",1
"2020-02-15 19:47:32",1
"2020-02-15 20:47:36",1
"2020-02-15 21:47:33",1
"2020-02-15 22:47:35",1
"2020-02-15 23:47:34",1
"2020-02-16 00:47:34",1
"2020-02-16 01:47:34",1
"2020-02-16 02:47:33",1
"2020-02-16 03:47:34",1
"2020-02-16 04:47:39",1
"2020-02-16 05:47:37",1
"2020-02-16 06:47:33",1
"2020-02-16 07:47:31",1
"2020-02-16 08:47:32",1
"2020-02-16 09:47:39",1
"2020-02-16 10:47:30",1
"2020-02-16 11:47:33",1
"2020-02-16 12:47:37",1
"2020-02-16 13:47:32",1
"2020-02-16 14:47:36",1
"2020-02-16 15:47:57",1
"2020-02-16 16:47:47",1
"2020-02-16 17:47:35",1
"2020-02-16 18:47:38",1
"2020-02-16 19:47:33",1
"2020-02-16 20:47:34",1
"2020-02-16 21:47:34",1
"2020-02-16 22:47:35",1
"2020-02-16 23:47:37",1
"2020-02-17 00:47:33",1
"2020-02-17 01:47:33",1
"2020-02-17 02:47:39",1
"2020-02-17 03:47:36",1
"2020-02-17 04:47:35",1
"2020-02-17 05:47:35",1
"2020-02-17 06:47:37",1
"2020-02-17 07:47:31",1
"2020-02-17 08:47:36",1
"2020-02-17 09:47:38",1
"2020-02-17 10:47:33",1
"2020-02-17 11:47:30",1
"2020-02-17 12:47:49",1
"2020-02-17 13:47:31",1
"2020-02-17 14:47:27",1
"2020-02-17 15:47:34",1
"2020-02-17 16:47:51",1
"2020-02-17 17:47:32",1
"2020-02-17 18:47:34",1
"2020-02-17 19:47:30",1
"2020-02-17 20:47:31",1
"2020-02-17 22:47:49",1
"2020-02-17 23:47:56",1
"2020-02-18 00:47:30",1
"2020-02-18 01:47:34",1
"2020-02-18 02:47:40",1
"2020-02-18 03:47:38",1
"2020-02-18 04:47:35",1
"2020-02-18 05:48:24",1
"2020-02-18 06:47:59",1
"2020-02-18 07:48:13",1
"2020-02-18 08:48:23",1
"2020-02-18 09:48:21",1
"2020-02-18 10:48:08",1
"2020-02-18 11:48:08",1
"2020-02-18 12:48:41",1
"2020-02-18 14:11:03",1
"2020-02-18 14:48:56",1
"2020-02-18 15:48:48",1
"2020-02-18 16:48:39",1
"2020-02-18 18:48:41",1
"2020-02-18 19:48:36",1
"2020-02-18 20:48:27",1
"2020-02-18 21:48:20",1
"2020-02-18 22:48:12",1
"2020-02-18 23:48:25",1
"2020-02-19 01:48:22",1
"2020-02-19 02:48:33",1
"2020-02-19 03:48:40",1
"2020-02-19 04:48:33",1
"2020-02-19 05:48:09",1
"2020-02-19 06:48:39",1
"2020-02-19 07:48:22",1
"2020-02-19 08:48:13",1
"2020-02-19 09:48:31",1
"2020-02-19 10:48:00",1
"2020-02-19 11:48:00",1
"2020-02-19 12:48:18",1
"2020-02-19 14:12:35",1
"2020-02-19 14:48:56",1
"2020-02-19 15:48:48",1
"2020-02-19 16:48:24",1
"2020-02-19 17:48:38",1
"2020-02-19 18:48:29",1
"2020-02-19 19:48:21",1
"2020-02-19 20:48:26",1
"2020-02-19 21:48:52",1
"2020-02-19 22:48:31",1
"2020-02-19 23:48:20",1
"2020-02-20 00:48:36",1
"2020-02-20 01:48:36",1
"2020-02-20 02:48:43",1
"2020-02-20 03:48:34",1
"2020-02-20 04:48:41",1
"2020-02-20 05:48:40",1
"2020-02-20 06:48:56",1
"2020-02-20 07:48:49",1
"2020-02-20 08:48:49",1
"2020-02-20 09:48:29",1
"2020-02-20 10:48:25",1
"2020-02-20 11:48:46",1
"2020-02-20 12:48:39",1
"2020-02-20 13:48:54",1
"2020-02-20 14:48:00",1
"2020-02-20 15:48:15",1
"2020-02-20 16:48:02",1
"2020-02-20 17:48:35",1
"2020-02-20 18:48:56",1
"2020-02-20 19:49:23",1
"2020-02-20 20:49:10",1
"2020-02-20 21:49:01",1
"2020-02-20 22:49:14",1
"2020-02-20 23:48:50",1
"2020-02-21 01:49:01",1
"2020-02-21 02:49:17",1
"2020-02-21 03:49:47",1
"2020-02-21 04:49:44",1
"2020-02-21 05:49:11",1
"2020-02-21 06:49:03",1
"2020-02-21 07:49:24",1
"2020-02-21 08:49:02",1
"2020-02-21 09:49:45",1
"2020-02-21 10:50:31",1
"2020-02-21 11:49:44",1
"2020-02-21 12:49:36",1
"2020-02-21 13:49:48",1
"2020-02-21 14:49:46",1
"2020-02-21 15:50:12",1
"2020-02-21 16:50:45",1
"2020-02-21 17:50:32",1
"2020-02-21 18:49:52",1
"2020-02-21 19:49:12",1
"2020-02-21 20:49:10",1
"2020-02-21 21:49:52",1
"2020-02-21 22:49:20",1
"2020-02-21 23:51:56",1
"2020-02-22 00:50:08",1
"2020-02-22 01:49:29",1
"2020-02-22 02:49:23",1
"2020-02-22 03:50:13",1
"2020-02-22 04:49:38",1
"2020-02-22 05:48:48",1
"2020-02-22 06:48:05",1
"2020-02-22 07:48:41",1
"2020-02-22 08:49:24",1
"2020-02-22 09:48:05",1
"2020-02-22 10:48:29",1
"2020-02-22 11:48:04",1
"2020-02-22 12:48:54",1
"2020-02-22 13:51:01",1
"2020-02-22 14:48:07",1
"2020-02-22 15:48:22",1
"2020-02-22 16:50:10",1
"2020-02-22 17:49:07",1
"2020-02-22 18:48:14",1
"2020-02-22 19:48:11",1
"2020-02-22 20:48:55",1
"2020-02-22 21:50:24",1
"2020-02-22 22:49:19",1
"2020-02-22 23:48:08",1
"2020-02-23 00:48:19",1
"2020-02-23 01:48:28",1
"2020-02-23 02:48:44",1
"2020-02-23 03:48:17",1
"2020-02-23 04:48:54",1
"2020-02-23 05:48:55",1
"2020-02-23 06:48:19",1
"2020-02-23 07:48:26",1
"2020-02-23 08:49:22",1
"2020-02-23 09:48:15",1
"2020-02-23 10:48:21",1
"2020-02-23 11:48:25",1
"2020-02-23 12:48:22",1
"2020-02-23 13:48:19",1
"2020-02-23 14:49:00",1
"2020-02-23 15:48:18",1
"2020-02-23 16:48:25",1
"2020-02-23 17:48:07",1
"2020-02-23 18:48:22",1
"2020-02-23 19:48:23",1
"2020-02-23 20:48:17",1
"2020-02-23 21:48:58",1
"2020-02-23 22:48:01",1
"2020-02-23 23:48:26",1
"2020-02-24 00:49:11",1
"2020-02-24 01:48:12",1
"2020-02-24 02:49:07",1
"2020-02-24 03:48:18",1
"2020-02-24 04:48:34",1
"2020-02-24 05:50:01",1
"2020-02-24 06:49:11",1
"2020-02-24 07:49:00",1
"2020-02-24 08:49:10",1
"2020-02-24 09:58:57",1
"2020-02-24 10:48:47",1
"2020-02-24 11:49:49",1
"2020-02-24 12:48:55",1
"2020-02-24 13:49:39",1
"2020-02-24 14:50:33",1
"2020-02-24 15:49:11",1
"2020-02-24 16:50:06",1
"2020-02-24 17:49:23",1
"2020-02-24 18:49:34",1
"2020-02-24 19:50:09",1
"2020-02-24 20:50:13",1
"2020-02-24 21:50:00",1
"2020-02-24 22:49:56",1
"2020-02-24 23:48:57",1
"2020-02-25 00:49:09",1
"2020-02-25 01:49:03",1
"2020-02-25 02:49:36",1
"2020-02-25 03:49:23",1
"2020-02-25 04:49:28",1
"2020-02-25 05:50:27",1
"2020-02-25 06:49:27",1
"2020-02-25 07:49:26",1
"2020-02-25 08:49:39",1
"2020-02-25 09:59:42",1
"2020-02-25 10:49:37",1
"2020-02-25 11:49:06",1
"2020-02-25 12:49:33",1
"2020-02-25 14:12:00",1
"2020-02-25 14:49:33",1
"2020-02-25 15:49:29",1
"2020-02-25 16:49:29",1
"2020-02-25 17:49:18",1
"2020-02-25 18:49:59",1
"2020-02-25 19:49:19",1
"2020-02-25 20:50:13",1
"2020-02-25 21:50:06",1
"2020-02-25 22:49:23",1
"2020-02-25 23:49:17",1
"2020-02-26 00:49:13",1
"2020-02-26 01:49:25",1
"2020-02-26 02:49:36",1
"2020-02-26 03:49:14",1
"2020-02-26 04:50:23",1
"2020-02-26 05:50:00",1
"2020-02-26 06:49:56",1
"2020-02-26 07:50:40",1
"2020-02-26 08:49:48",1
"2020-02-26 09:49:27",1
"2020-02-26 10:49:12",1
"2020-02-26 11:49:40",1
"2020-02-26 12:49:09",1
"2020-02-26 13:50:00",1
"2020-02-26 14:50:37",1
"2020-02-26 15:50:10",1
"2020-02-26 16:49:32",1
"2020-02-26 17:49:27",1
"2020-02-26 18:49:33",1
"2020-02-26 19:50:00",1
"2020-02-26 20:49:59",1
"2020-02-26 21:49:57",1
"2020-02-26 22:49:56",1
"2020-02-26 23:49:57",1
"2020-02-27 00:49:12",1
"2020-02-27 01:49:35",1
"2020-02-27 02:49:01",1
"2020-02-27 03:50:23",1
"2020-02-27 04:49:20",1
"2020-02-27 05:49:17",1
"2020-02-27 06:49:23",1
"2020-02-27 07:49:02",1
"2020-02-27 08:49:44",1
"2020-02-27 09:49:18",1
"2020-02-27 10:50:03",1
"2020-02-27 11:49:32",1
"2020-02-27 12:49:58",1
"2020-02-27 14:10:32",1
"2020-02-27 14:50:49",1
"2020-02-27 15:49:59",1
"2020-02-27 16:50:09",1
"2020-02-27 17:49:40",1
"2020-02-27 18:49:54",1
"2020-02-27 19:49:07",1
"2020-02-27 20:49:40",1
"2020-02-27 21:49:25",1
"2020-02-27 22:49:55",1
"2020-02-27 23:49:20",1
"2020-02-28 00:50:15",1
"2020-02-28 01:49:11",1
"2020-02-28 02:49:12",1
"2020-02-28 03:50:02",1
"2020-02-28 04:50:20",1
"2020-02-28 05:50:07",1
"2020-02-28 06:49:28",1
"2020-02-28 07:49:55",1
"2020-02-28 08:50:19",1
"2020-02-28 09:50:06",1
"2020-02-28 10:49:08",1
"2020-02-28 11:49:27",1
"2020-02-28 12:49:50",1
"2020-02-28 14:11:06",1
"2020-02-28 14:49:38",1
"2020-02-28 15:49:31",1
"2020-02-28 16:49:37",1
"2020-02-28 17:49:33",1
"2020-02-28 18:49:30",1
"2020-02-28 19:50:21",1
"2020-02-28 20:49:23",1
"2020-02-28 21:49:18",1
"2020-02-28 22:49:57",1
"2020-02-28 23:49:20",1
"2020-02-29 00:49:31",1
"2020-02-29 01:49:24",1
"2020-02-29 02:49:22",1
"2020-02-29 03:49:12",1
"2020-02-29 04:49:39",1
"2020-02-29 05:49:18",1
"2020-02-29 06:48:59",1
"2020-02-29 07:50:27",1
"2020-02-29 09:50:26",1
"2020-02-29 10:48:17",1
"2020-02-29 11:48:11",1
"2020-02-29 12:50:30",1
"2020-02-29 13:50:28",1
"2020-02-29 14:48:27",1
"2020-02-29 15:48:28",1
"2020-02-29 16:49:12",1
"2020-02-29 17:48:59",1
"2020-02-29 18:48:25",1
"2020-02-29 19:48:21",1
"2020-02-29 20:48:12",1
"2020-02-29 21:48:46",1
"2020-02-29 22:51:13",1
"2020-02-29 23:50:21",1
"2020-03-01 00:50:23",1
"2020-03-01 01:50:25",1
"2020-03-01 02:48:28",1
"2020-03-01 03:50:23",1
"2020-03-01 04:48:20",1
"2020-03-01 05:49:02",1
"2020-03-01 06:48:23",1
"2020-03-01 07:48:53",1
"2020-03-01 08:48:14",1
"2020-03-01 09:50:25",1
"2020-03-01 10:50:16",1
"2020-03-01 11:48:50",1
"2020-03-01 12:49:02",1
"2020-03-01 13:48:14",1
"2020-03-01 14:48:10",1
"2020-03-01 15:50:29",1
"2020-03-01 16:49:08",1
"2020-03-01 17:50:18",1
"2020-03-01 18:50:32",1
"2020-03-01 19:50:35",1
"2020-03-01 20:50:30",1
"2020-03-01 21:48:19",1
"2020-03-01 22:48:21",1
"2020-03-01 23:50:28",1
"2020-03-02 00:48:07",1
"2020-03-02 01:49:07",1
"2020-03-02 02:50:23",1
"2020-03-02 03:51:12",1
"2020-03-02 04:49:07",1
"2020-03-02 05:51:36",1
"2020-03-02 07:49:19",1
"2020-03-02 08:51:32",1
"2020-03-02 09:51:08",1
"2020-03-02 10:49:41",1
"2020-03-02 11:49:14",1
"2020-03-02 12:50:03",1
"2020-03-02 13:51:31",1
"2020-03-02 18:49:38",1
"2020-03-03 00:50:01",1
"2020-03-03 01:50:21",1
"2020-03-03 02:50:04",1
"2020-03-03 03:50:48",1
"2020-03-03 04:51:35",1
"2020-03-03 06:52:14",1
"2020-03-03 07:49:56",1
"2020-03-03 08:52:11",1
"2020-03-03 09:52:28",1
"2020-03-03 10:49:55",1
"2020-03-03 11:53:02",1
"2020-03-03 12:49:57",1
"2020-03-03 13:52:32",1
"2020-03-03 14:51:43",1
"2020-03-03 16:53:17",1
"2020-03-03 17:52:37",1
"2020-03-03 18:49:23",1
"2020-03-03 19:49:22",1
"2020-03-03 20:50:19",1
"2020-03-03 21:50:01",1
"2020-03-03 22:53:25",1
"2020-03-03 23:51:23",1
"2020-03-04 00:52:09",1
"2020-03-04 01:51:36",1
"2020-03-04 02:49:30",1
"2020-03-04 03:49:57",1
"2020-03-04 04:52:05",1
"2020-03-04 05:49:33",1
"2020-03-04 06:52:09",1
"2020-03-04 07:49:51",1
"2020-03-04 08:51:35",1
"2020-03-04 09:49:50",1
"2020-03-04 10:49:04",1
"2020-03-04 11:52:11",1
"2020-03-04 12:51:54",1
"2020-03-04 13:51:20",1
"2020-03-04 14:49:29",1
"2020-03-04 15:52:23",1
"2020-03-04 16:49:28",1
"2020-03-04 17:50:00",1
"2020-03-04 18:51:30",1
"2020-03-04 19:56:56",1
"2020-03-04 20:51:44",1
"2020-03-04 21:49:12",1
"2020-03-04 22:51:34",1
"2020-03-04 23:49:32",1
"2020-03-05 00:49:46",1
"2020-03-05 01:50:06",1
"2020-03-05 02:49:29",1
"2020-03-05 03:49:33",1
"2020-03-05 04:49:56",1
"2020-03-05 05:50:05",1
"2020-03-05 06:49:42",1
"2020-03-05 07:49:25",1
"2020-03-05 08:51:00",1
"2020-03-05 09:50:07",1
"2020-03-05 10:49:21",1
"2020-03-05 11:51:55",1
"2020-03-05 12:49:55",1
"2020-03-05 13:49:53",1
"2020-03-05 14:51:51",1
"2020-03-05 15:50:07",1
"2020-03-05 16:51:42",1
"2020-03-05 17:49:29",1
"2020-03-05 18:49:40",1
"2020-03-05 19:49:31",1
"2020-03-05 20:49:31",1
"2020-03-05 21:49:19",1
"2020-03-05 22:51:30",1
"2020-03-05 23:51:32",1
"2020-03-06 00:49:21",1
"2020-03-06 01:49:24",1
"2020-03-06 02:52:48",1
"2020-03-06 03:51:37",1
"2020-03-06 04:51:42",1
"2020-03-06 05:51:44",1
"2020-03-06 06:52:17",1
"2020-03-06 07:51:22",1
"2020-03-06 08:49:43",1
"2020-03-06 09:51:43",1
"2020-03-06 10:49:20",1
"2020-03-06 11:52:07",1
"2020-03-06 12:49:29",1
"2020-03-06 13:49:03",1
"2020-03-06 14:52:46",1
"2020-03-06 15:50:17",1
"2020-03-06 16:50:13",1
"2020-03-06 17:49:43",1
"2020-03-06 18:49:16",1
"2020-03-06 19:49:57",1
"2020-03-06 20:49:36",1
"2020-03-06 21:49:17",1
"2020-03-06 22:49:26",1
"2020-03-06 23:50:05",1
"2020-03-07 00:49:12",1
"2020-03-07 01:50:00",1
"2020-03-07 02:49:22",1
"2020-03-07 03:52:06",1
"2020-03-07 04:52:20",1
"2020-03-07 05:51:42",1
"2020-03-07 06:51:33",1
"2020-03-07 07:50:08",1
"2020-03-07 08:51:22",1
"2020-03-07 09:49:36",1
"2020-03-07 10:50:03",1
"2020-03-07 11:51:27",1
"2020-03-07 12:49:58",1
"2020-03-07 13:49:10",1
"2020-03-07 14:49:34",1
"2020-03-07 15:49:13",1
"2020-03-07 16:49:23",1
"2020-03-07 17:50:01",1
"2020-03-07 18:49:37",1
"2020-03-07 19:49:37",1
"2020-03-07 20:51:39",1
"2020-03-07 21:52:24",1
"2020-03-07 22:51:38",1
"2020-03-07 23:51:36",1
"2020-03-08 00:49:31",1
"2020-03-08 01:50:07",1
"2020-03-08 02:50:11",1
"2020-03-08 03:51:43",1
"2020-03-08 04:51:36",1
"2020-03-08 05:51:36",1
"2020-03-08 06:50:40",1
"2020-03-08 07:51:28",1
"2020-03-08 08:51:38",1
"2020-03-08 09:50:02",1
"2020-03-08 10:51:34",1
"2020-03-08 11:49:56",1
"2020-03-08 12:52:12",1
"2020-03-08 13:52:18",1
"2020-03-08 14:49:28",1
"2020-03-08 15:51:39",1
"2020-03-08 16:49:22",1
"2020-03-08 17:49:31",1
"2020-03-08 18:52:30",1
"2020-03-08 19:50:36",1
"2020-03-08 20:50:16",1
"2020-03-08 21:49:20",1
"2020-03-08 22:51:24",1
"2020-03-08 23:49:28",1
"2020-03-09 00:52:08",1
"2020-03-09 01:49:24",1
"2020-03-09 02:52:03",1
"2020-03-09 03:51:53",1
"2020-03-09 04:51:32",1
"2020-03-09 05:49:25",1
"2020-03-09 06:49:13",1
"2020-03-09 07:49:35",1
"2020-03-09 08:49:12",1
"2020-03-09 09:49:49",1
"2020-03-09 10:51:17",1
"2020-03-09 11:51:30",1
"2020-03-09 12:50:37",1
"2020-03-09 13:48:50",1
"2020-03-09 14:51:21",1
"2020-03-09 15:49:54",1
"2020-03-09 16:49:22",1
"2020-03-09 17:48:32",1
"2020-03-09 18:48:45",1
"2020-03-09 19:49:22",1
"2020-03-09 20:49:33",1
"2020-03-09 21:51:30",1
"2020-03-09 22:51:23",1
"2020-03-09 23:52:19",1
"2020-03-10 00:49:12",1
"2020-03-10 01:51:29",1
"2020-03-10 02:49:56",1
"2020-03-10 03:52:09",1
"2020-03-10 04:49:55",1
"2020-03-10 06:52:13",1
"2020-03-10 07:51:58",1
"2020-03-10 08:49:35",1
"2020-03-10 09:51:17",1
"2020-03-10 10:51:02",1
"2020-03-10 11:51:24",1
"2020-03-10 12:49:54",1
"2020-03-10 13:50:21",1
"2020-03-10 14:52:18",1
"2020-03-10 15:52:25",1
"2020-03-10 16:49:14",1
"2020-03-10 17:51:49",1
"2020-03-10 18:51:39",1
"2020-03-10 19:51:49",1
"2020-03-10 20:53:58",1
"2020-03-10 21:52:10",1
"2020-03-10 22:51:29",1
"2020-03-10 23:49:54",1
"2020-03-11 00:51:54",1
"2020-03-11 01:52:03",1
"2020-03-11 02:52:20",1
"2020-03-11 03:50:00",1
"2020-03-11 04:50:11",1
"2020-03-11 05:52:06",1
"2020-03-11 06:51:29",1
"2020-03-11 07:49:16",1
"2020-03-11 08:50:01",1
"2020-03-11 09:49:04",1
"2020-03-11 10:49:18",1
"2020-03-11 11:51:43",1
"2020-03-11 12:52:03",1
"2020-03-11 13:51:43",1
"2020-03-11 14:50:09",1
"2020-03-11 15:49:31",1
"2020-03-11 16:52:07",1
"2020-03-11 17:50:05",1
"2020-03-11 18:49:28",1
"2020-03-11 19:52:21",1
"2020-03-11 20:52:17",1
"2020-03-11 21:50:04",1
"2020-03-11 22:50:12",1
"2020-03-11 23:50:31",1
"2020-03-12 00:49:15",1
"2020-03-12 01:51:41",1
"2020-03-12 02:49:59",1
"2020-03-12 03:51:44",1
"2020-03-12 04:52:12",1
"2020-03-12 05:50:14",1
"2020-03-12 06:49:45",1
"2020-03-12 07:50:00",1
"2020-03-12 08:51:44",1
"2020-03-12 09:50:39",1
"2020-03-12 10:51:32",1
"2020-03-12 11:51:36",1
"2020-03-12 12:51:34",1
"2020-03-12 13:52:30",1
"2020-03-12 14:49:12",1
"2020-03-12 15:49:19",1
"2020-03-12 16:49:33",1
"2020-03-12 17:49:28",1
"2020-03-12 18:52:20",1
"2020-03-12 19:50:16",1
"2020-03-12 20:49:30",1
"2020-03-12 21:52:32",1
"2020-03-12 22:49:23",1
"2020-03-12 23:52:09",1
"2020-03-13 00:52:26",1
"2020-03-13 01:49:16",1
"2020-03-13 02:51:42",1
"2020-03-13 03:51:45",1
"2020-03-13 04:50:00",1
"2020-03-13 05:50:34",1
"2020-03-13 06:53:07",1
"2020-03-13 07:52:45",1
"2020-03-13 08:52:51",1
"2020-03-13 09:53:01",1
"2020-03-13 10:50:04",1
"2020-03-13 11:51:27",1
"2020-03-13 13:10:39",1
"2020-03-13 13:50:38",1
"2020-03-13 14:50:27",1
"2020-03-13 15:50:20",1
"2020-03-13 16:51:52",1
"2020-03-13 17:51:44",1
"2020-03-13 18:52:25",1
"2020-03-13 19:51:46",1
"2020-03-13 20:49:39",1
"2020-03-13 21:50:05",1
"2020-03-13 22:49:28",1
"2020-03-13 23:51:30",1
"2020-03-14 00:50:07",1
"2020-03-14 01:52:14",1
"2020-03-14 02:51:46",1
"2020-03-14 03:49:54",1
"2020-03-14 04:52:23",1
"2020-03-14 05:51:53",1
"2020-03-14 06:50:13",1
"2020-03-14 07:52:16",1
"2020-03-14 08:51:40",1
"2020-03-14 09:51:42",1
"2020-03-14 10:49:44",1
"2020-03-14 11:49:38",1
"2020-03-14 12:49:52",1
"2020-03-14 13:49:26",1
"2020-03-14 14:51:43",1
"2020-03-14 15:49:27",1
"2020-03-14 16:51:33",1
"2020-03-14 17:49:59",1
"2020-03-14 18:51:44",1
"2020-03-14 19:50:09",1
"2020-03-14 20:52:07",1
"2020-03-14 21:51:39",1
"2020-03-14 22:52:24",1
"2020-03-14 23:51:28",1
"2020-03-15 00:49:49",1
"2020-03-15 01:50:01",1
"2020-03-15 02:52:13",1
"2020-03-15 03:52:20",1
"2020-03-15 04:49:33",1
"2020-03-15 05:52:18",1
"2020-03-15 06:50:11",1
"2020-03-15 07:52:26",1
"2020-03-15 09:03:31",1
"2020-03-15 09:50:43",1
"2020-03-15 10:51:20",1
"2020-03-15 11:52:19",1
"2020-03-15 12:51:34",1
"2020-03-15 13:49:32",1
"2020-03-15 14:50:41",1
"2020-03-15 15:49:57",1
"2020-03-15 16:51:33",1
"2020-03-15 17:50:15",1
"2020-03-15 18:52:11",1
"2020-03-15 19:51:44",1
"2020-03-15 20:50:04",1
"2020-03-15 21:50:11",1
"2020-03-15 22:51:43",1
"2020-03-15 23:51:32",1
"2020-03-16 00:49:32",1
"2020-03-16 01:49:31",1
"2020-03-16 02:49:23",1
"2020-03-16 03:51:00",1
"2020-03-16 04:51:46",1
"2020-03-16 05:52:24",1
"2020-03-16 06:50:07",1
"2020-03-16 07:52:15",1
"2020-03-16 09:02:06",1
"2020-03-16 09:51:34",1
"2020-03-16 10:50:06",1
"2020-03-16 11:51:23",1
"2020-03-16 13:12:16",1
"2020-03-16 14:49:57",1
"2020-03-16 15:51:28",1
"2020-03-16 16:49:37",1
"2020-03-16 17:50:14",1
"2020-03-16 18:49:34",1
"2020-03-16 19:52:20",1
"2020-03-16 20:49:22",1
"2020-03-16 21:50:19",1
"2020-03-16 22:49:44",1
"2020-03-16 23:51:53",1
"2020-03-17 00:51:48",1
"2020-03-17 01:49:34",1
"2020-03-17 02:51:43",1
"2020-03-17 20:14:03",1
"2020-03-17 20:22:06",1
"2020-03-17 20:50:12",1
"2020-03-17 21:49:42",1
"2020-03-17 22:49:31",1
"2020-03-17 23:49:52",1
"2020-03-18 00:50:11",1
"2020-03-18 01:50:22",1
"2020-03-18 02:50:16",1
"2020-03-18 03:50:30",1
"2020-03-18 04:50:18",1
"2020-03-18 05:50:34",1
"2020-03-18 06:49:49",1
"2020-03-18 07:50:31",1
"2020-03-18 08:49:09",1
"2020-03-18 09:50:00",1
"2020-03-18 10:49:29",1
"2020-03-18 11:49:32",1
"2020-03-18 13:12:10",1
"2020-03-18 13:50:40",1
"2020-03-18 14:49:55",1
"2020-03-18 15:49:59",1
"2020-03-18 16:49:46",1
"2020-03-18 17:50:30",1
"2020-03-18 18:49:43",1
"2020-03-18 19:50:15",1
"2020-03-18 20:49:43",1
"2020-03-18 21:49:41",1
"2020-03-18 22:49:32",1
"2020-03-18 23:50:03",1
"2020-03-19 00:49:50",1
"2020-03-19 01:50:44",1
"2020-03-19 02:49:32",1
"2020-03-19 03:49:28",1
"2020-03-19 04:49:42",1
"2020-03-19 05:52:25",1
"2020-03-19 06:49:49",1
"2020-03-19 07:49:54",1
"2020-03-19 08:49:35",1
"2020-03-19 09:50:07",1
"2020-03-19 10:49:14",1
"2020-03-19 11:49:26",1
"2020-03-19 12:49:23",1
"2020-03-19 13:49:51",1
"2020-03-19 14:49:49",1
"2020-03-19 15:49:51",1
"2020-03-19 16:49:56",1
"2020-03-19 17:49:48",1
"2020-03-19 18:49:27",1
"2020-03-19 19:50:03",1
"2020-03-19 20:50:31",1
"2020-03-19 21:50:14",1
"2020-03-19 22:49:35",1
"2020-03-19 23:50:51",1
"2020-03-20 00:49:32",1
"2020-03-20 01:49:29",1
"2020-03-20 02:51:03",1
"2020-03-20 03:49:53",1
"2020-03-20 04:49:50",1
"2020-03-20 06:50:14",1
"2020-03-20 07:49:50",1
"2020-03-20 08:50:55",1
"2020-03-20 09:50:12",1
"2020-03-20 10:49:47",1
"2020-03-20 11:49:34",1
"2020-03-20 13:11:04",1
"2020-03-20 13:50:37",1
"2020-03-20 14:49:48",1
"2020-03-20 15:49:38",1
"2020-03-20 16:49:44",1
"2020-03-20 17:49:44",1
"2020-03-20 18:49:33",1
"2020-03-20 19:49:50",1
"2020-03-20 20:49:46",1
"2020-03-20 21:49:26",1
"2020-03-20 22:50:22",1
"2020-03-20 23:50:26",1
"2020-03-21 00:49:48",1
"2020-03-21 01:49:42",1
"2020-03-21 02:50:15",1
"2020-03-21 03:50:22",1
"2020-03-21 04:49:29",1
"2020-03-21 05:49:25",1
"2020-03-21 06:49:37",1
"2020-03-21 07:50:04",1
"2020-03-21 09:13:31",1
"2020-03-21 09:49:37",1
"2020-03-21 10:49:44",1
"2020-03-21 11:49:57",1
"2020-03-21 12:49:27",1
"2020-03-21 13:49:33",1
"2020-03-21 14:50:45",1
"2020-03-21 15:50:15",1
"2020-03-21 16:50:05",1
"2020-03-21 17:50:33",1
"2020-03-21 18:49:47",1
"2020-03-21 19:49:48",1
"2020-03-21 20:49:19",1
"2020-03-21 21:49:51",1
"2020-03-21 22:49:30",1
"2020-03-21 23:49:36",1
"2020-03-22 00:49:28",1
"2020-03-22 01:50:09",1
"2020-03-22 02:49:31",1
"2020-03-22 03:50:39",1
"2020-03-22 04:49:51",1
"2020-03-22 05:49:52",1
"2020-03-22 06:50:18",1
"2020-03-22 07:50:09",1
"2020-03-22 09:17:45",1
"2020-03-22 09:49:39",1
"2020-03-22 10:50:05",1
"2020-03-22 11:49:25",1
"2020-03-22 12:50:07",1
"2020-03-22 21:59:33",1
"2020-03-22 22:50:13",1
"2020-03-22 23:49:42",1
"2020-03-23 00:50:52",1
"2020-03-23 01:50:00",1
"2020-03-23 02:49:30",1
"2020-03-23 03:49:37",1
"2020-03-23 04:50:24",1
"2020-03-23 05:50:10",1
"2020-03-23 06:50:05",1
"2020-03-23 07:49:40",1
"2020-03-23 08:49:44",1
"2020-03-23 09:50:20",1
"2020-03-23 10:49:43",1
"2020-03-23 11:50:15",1
"2020-03-23 13:10:33",1
"2020-03-23 13:49:54",1
"2020-03-23 14:50:21",1
"2020-03-23 15:49:55",1
"2020-03-23 16:50:30",1
"2020-03-23 17:49:46",1
"2020-03-23 18:49:39",1
"2020-03-23 19:50:13",1
"2020-03-23 20:50:17",1
"2020-03-23 21:49:48",1
"2020-03-23 22:49:42",1
"2020-03-23 23:49:38",1
"2020-03-24 00:49:38",1
"2020-03-24 01:49:37",1
"2020-03-24 02:49:28",1
"2020-03-24 03:49:50",1
"2020-03-24 04:50:15",1
"2020-03-24 05:52:26",1
"2020-03-24 06:50:33",1
"2020-03-24 07:50:43",1
"2020-03-24 09:12:04",1
"2020-03-24 09:49:16",1
"2020-03-24 10:49:20",1
"2020-03-24 11:49:29",1
"2020-03-24 12:49:05",1
"2020-03-24 13:51:13",1
"2020-03-24 14:51:34",1
"2020-03-24 15:50:53",1
"2020-03-24 16:51:02",1
"2020-03-24 17:50:25",1
"2020-03-24 18:50:17",1
"2020-03-24 19:49:57",1
"2020-03-24 20:49:34",1
"2020-03-24 21:49:21",1
"2020-03-24 22:50:12",1
"2020-03-24 23:50:08",1
"2020-03-25 00:49:40",1
"2020-03-25 01:49:47",1
"2020-03-25 02:49:34",1
"2020-03-25 03:49:31",1
"2020-03-25 04:49:14",1
"2020-03-25 06:50:36",1
"2020-03-25 07:49:33",1
"2020-03-25 09:51:07",1
"2020-03-25 10:49:38",1
"2020-03-25 11:50:08",1
"2020-03-25 12:50:10",1
"2020-03-25 13:50:38",1
"2020-03-25 14:50:37",1
"2020-03-25 15:51:00",1
"2020-03-25 16:50:32",1
"2020-03-25 17:51:23",1
"2020-03-25 18:49:42",1
"2020-03-25 19:49:43",1
"2020-03-25 20:49:55",1
"2020-03-25 21:49:30",1
"2020-03-25 22:49:32",1
"2020-03-25 23:49:43",1
"2020-03-26 02:08:56",1
"2020-03-26 02:49:45",1
"2020-03-26 03:50:12",1
"2020-03-26 04:51:03",1
"2020-03-26 05:49:54",1
"2020-03-26 06:49:58",1
"2020-03-26 07:49:59",1
"2020-03-26 08:49:31",1
"2020-03-26 09:50:11",1
"2020-03-26 10:49:24",1
"2020-03-26 11:49:45",1
"2020-03-26 12:49:47",1
"2020-03-26 13:49:55",1
"2020-03-26 14:50:06",1
"2020-03-26 15:50:02",1
"2020-03-26 16:49:50",1
"2020-03-26 17:50:16",1
"2020-03-26 18:49:41",1
"2020-03-26 19:49:42",1
"2020-03-26 20:49:46",1
"2020-03-26 21:50:03",1
"2020-03-26 22:49:33",1
"2020-03-26 23:50:21",1
"2020-03-27 00:49:47",1
"2020-03-27 01:49:59",1
"2020-03-27 02:50:15",1
"2020-03-27 03:49:49",1
"2020-03-27 04:50:04",1
"2020-03-27 05:49:40",1
"2020-03-27 06:50:14",1
"2020-03-27 07:50:21",1
"2020-03-27 08:52:43",1
"2020-03-27 09:50:44",1
"2020-03-27 10:49:54",1
"2020-03-27 11:49:32",1
"2020-03-27 12:49:25",1
"2020-03-27 13:50:14",1
"2020-03-27 14:49:44",1
"2020-03-27 15:49:47",1
"2020-03-27 16:50:05",1
"2020-03-27 17:49:45",1
"2020-03-27 18:50:26",1
"2020-03-27 19:49:44",1
"2020-03-27 20:49:42",1
"2020-03-27 21:50:25",1
"2020-03-27 22:49:46",1
"2020-03-27 23:50:02",1
"2020-03-28 00:50:13",1
"2020-03-28 01:49:20",1
"2020-03-28 02:49:27",1
"2020-03-28 03:49:49",1
"2020-03-28 04:49:35",1
"2020-03-28 05:50:53",1
"2020-03-28 06:49:51",1
"2020-03-28 07:49:20",1
"2020-03-28 08:49:36",1
"2020-03-28 09:50:01",1
"2020-03-28 10:50:25",1
"2020-03-28 11:49:38",1
"2020-03-28 12:50:12",1
"2020-03-28 13:50:10",1
"2020-03-28 14:49:42",1
"2020-03-28 15:49:39",1
"2020-03-28 16:49:29",1
"2020-03-28 17:49:47",1
"2020-03-28 18:49:53",1
"2020-03-28 19:49:27",1
"2020-03-28 20:49:45",1
"2020-03-28 21:49:26",1
"2020-03-28 22:50:49",1
"2020-03-28 23:49:47",1
"2020-03-29 00:49:56",1
"2020-03-29 01:50:13",1
"2020-03-29 02:50:51",1
"2020-03-29 03:51:00",1
"2020-03-29 04:50:09",1
"2020-03-29 05:49:58",1
"2020-03-29 06:51:01",1
"2020-03-29 07:50:09",1
"2020-03-29 08:49:46",1
"2020-03-29 09:49:38",1
"2020-03-29 10:50:28",1
"2020-03-29 11:49:42",1
"2020-03-29 12:49:29",1
"2020-03-29 13:49:33",1
"2020-03-29 14:49:31",1
"2020-03-29 15:49:37",1
"2020-03-29 16:49:42",1
"2020-03-29 17:50:12",1
"2020-03-29 18:49:36",1
"2020-03-29 19:49:36",1
"2020-03-29 20:49:32",1
"2020-03-29 21:50:44",1
"2020-03-29 22:49:45",1
"2020-03-29 23:49:51",1
"2020-03-30 00:49:43",1
"2020-03-30 01:49:40",1
"2020-03-30 02:50:28",1
"2020-03-30 03:49:44",1
"2020-03-30 04:50:25",1
"2020-03-30 05:49:31",1
"2020-03-30 06:49:52",1
"2020-03-30 07:50:20",1
"2020-03-30 08:49:36",1
"2020-03-30 09:49:21",1
"2020-03-30 10:49:27",1
"2020-03-30 11:49:06",1
"2020-03-30 12:49:26",1
"2020-03-30 13:50:33",1
"2020-03-30 14:49:39",1
"2020-03-30 15:50:25",1
"2020-03-30 16:49:49",1
"2020-03-30 17:50:16",1
"2020-03-30 18:49:56",1
"2020-03-30 19:50:23",1
"2020-03-30 20:49:45",1
"2020-03-30 21:50:11",1
"2020-03-30 22:49:29",1
"2020-03-30 23:49:27",1
"2020-03-31 00:49:18",1
"2020-03-31 01:49:38",1
"2020-03-31 02:49:34",1
"2020-03-31 03:50:04",1
"2020-03-31 04:49:38",1
"2020-03-31 05:49:43",1
"2020-03-31 06:49:33",1
"2020-03-31 07:49:48",1
"2020-03-31 08:49:44",1
"2020-03-31 09:49:37",1
"2020-03-31 10:49:35",1
"2020-03-31 11:50:15",1
"2020-03-31 13:09:37",1
"2020-03-31 13:49:55",1
"2020-03-31 14:50:43",1
"2020-03-31 15:49:42",1
"2020-03-31 16:50:42",1
"2020-03-31 17:49:45",1
"2020-03-31 18:50:11",1
"2020-03-31 19:49:35",1
"2020-03-31 20:50:16",1
"2020-03-31 21:49:34",1
"2020-03-31 22:49:47",1
"2020-03-31 23:49:01",1
"2020-04-01 00:48:31",1
"2020-04-01 01:48:33",1
"2020-04-01 02:48:29",1
"2020-04-01 03:48:38",1
"2020-04-01 04:48:58",1
"2020-04-01 05:49:18",1
"2020-04-01 06:48:43",1
"2020-04-01 07:49:13",1
"2020-04-01 08:48:29",1
"2020-04-01 09:48:48",1
"2020-04-01 10:48:11",1
"2020-04-01 11:49:34",1
"2020-04-01 13:12:37",1
"2020-04-01 13:48:35",1
"2020-04-01 14:49:39",2
"2020-04-01 15:49:07",2
"2020-04-01 16:48:20",2
"2020-04-01 17:48:17",2
"2020-04-01 18:48:22",2
"2020-04-01 19:48:32",2
"2020-04-01 20:48:37",2
"2020-04-01 21:48:21",2
"2020-04-01 22:48:22",2
"2020-04-01 23:49:15",2
"2020-04-02 00:48:30",2
"2020-04-02 01:49:11",2
"2020-04-02 02:48:28",2
"2020-04-02 03:49:08",2
"2020-04-02 04:48:33",2
"2020-04-02 05:48:43",2
"2020-04-02 06:48:10",2
"2020-04-02 07:49:08",2
"2020-04-02 08:49:57",2
"2020-04-02 09:49:06",2
"2020-04-02 10:48:36",2
"2020-04-02 11:48:26",2
"2020-04-02 13:13:39",2
"2020-04-02 13:49:19",2
"2020-04-02 14:48:18",2
"2020-04-02 15:48:41",2
"2020-04-02 16:48:12",2
"2020-04-02 17:48:22",2
"2020-04-02 19:48:23",2
"2020-04-02 20:48:57",2
"2020-04-02 21:49:45",2
"2020-04-02 22:49:19",2
"2020-04-02 23:48:22",2
"2020-04-03 00:48:41",2
"2020-04-03 01:49:05",2
"2020-04-03 02:48:32",2
"2020-04-03 03:48:21",2
"2020-04-03 04:48:57",2
"2020-04-03 05:49:10",2
"2020-04-03 06:48:30",2
"2020-04-03 08:48:32",2
"2020-04-03 09:48:31",2
"2020-04-03 10:49:05",2
"2020-04-03 11:48:24",2
"2020-04-03 13:14:39",2
"2020-04-03 13:48:42",2
"2020-04-03 14:48:46",2
"2020-04-03 15:49:12",2
"2020-04-03 16:49:09",2
"2020-04-03 17:49:12",2
"2020-04-03 18:49:12",2
"2020-04-03 19:48:25",2
"2020-04-03 20:48:24",2
"2020-04-03 21:48:40",2
"2020-04-03 22:49:38",2
"2020-04-03 23:48:33",2
"2020-04-04 00:48:18",2
"2020-04-04 01:49:02",2
"2020-04-04 02:48:36",2
"2020-04-04 03:48:41",2
"2020-04-04 04:48:52",2
"2020-04-04 05:49:03",2
"2020-04-04 06:48:19",2
"2020-04-04 07:49:14",2
"2020-04-04 08:48:56",2
"2020-04-04 09:48:53",2
"2020-04-04 10:48:29",2
"2020-04-04 11:48:28",2
"2020-04-04 12:48:27",2
"2020-04-04 13:48:23",2
"2020-04-04 14:48:49",2
"2020-04-04 15:48:14",2
"2020-04-04 16:48:29",2
"2020-04-04 17:48:30",2
"2020-04-04 18:48:23",2
"2020-04-04 19:48:28",2
"2020-04-04 20:48:18",2
"2020-04-04 21:48:22",2
"2020-04-04 22:49:14",2
"2020-04-04 23:48:21",2
"2020-04-05 00:49:30",2
"2020-04-05 01:49:02",2
"2020-04-05 02:48:18",2
"2020-04-05 03:48:29",2
"2020-04-05 04:49:03",2
"2020-04-05 05:48:51",2
"2020-04-05 06:48:59",2
"2020-04-05 07:48:31",2
"2020-04-05 08:48:38",2
"2020-04-05 09:48:24",2
"2020-04-05 10:49:12",2
"2020-04-05 11:49:02",2
"2020-04-05 12:48:19",2
"2020-04-05 13:49:09",2
"2020-04-05 14:48:28",2
"2020-04-05 15:48:16",2
"2020-04-05 16:49:05",2
"2020-04-05 17:48:12",2
"2020-04-05 18:48:31",2
"2020-04-05 19:48:20",2
"2020-04-05 20:48:30",2
"2020-04-05 21:48:35",2
"2020-04-05 22:48:57",2
"2020-04-05 23:48:20",2
"2020-04-06 00:48:17",2
"2020-04-06 01:48:33",2
"2020-04-06 02:48:56",2
"2020-04-06 03:49:45",2
"2020-04-06 04:48:08",2
"2020-04-06 05:48:47",2
"2020-04-06 06:48:49",2
"2020-04-06 07:48:28",2
"2020-04-06 08:49:05",2
"2020-04-06 09:48:23",2
"2020-04-06 10:48:46",2
"2020-04-06 11:48:12",2
"2020-04-06 12:48:44",2
"2020-04-06 13:48:33",2
"2020-04-06 14:48:30",1
"2020-04-06 15:48:31",1
"2020-04-06 16:48:20",1
"2020-04-06 17:48:19",1
"2020-04-06 18:51:35",1
"2020-04-06 19:49:03",1
"2020-04-06 20:48:24",1
"2020-04-06 21:48:14",1
"2020-04-06 22:48:31",1
"2020-04-06 23:48:49",1
"2020-04-07 00:48:31",1
"2020-04-07 01:48:46",1
"2020-04-07 02:48:33",1
"2020-04-07 03:48:22",1
"2020-04-07 04:48:23",1
"2020-04-07 05:48:14",1
"2020-04-07 06:48:42",1
"2020-04-07 07:48:32",1
"2020-04-07 08:48:58",1
"2020-04-07 09:48:21",1
"2020-04-07 10:48:07",1
"2020-04-07 11:48:19",1
"2020-04-07 12:48:21",1
"2020-04-07 13:48:29",1
"2020-04-07 14:48:02",1
"2020-04-07 15:48:17",1
"2020-04-07 16:48:36",1
"2020-04-07 17:48:10",1
"2020-04-07 18:48:14",1
"2020-04-07 19:48:14",1
"2020-04-07 20:48:27",1
"2020-04-07 21:48:35",1
"2020-04-07 22:48:17",1
"2020-04-07 23:48:23",1
"2020-04-08 00:48:33",1
"2020-04-08 01:48:15",1
"2020-04-08 02:47:59",1
"2020-04-08 03:48:35",1
"2020-04-08 04:48:07",1
"2020-04-08 06:48:28",1
"2020-04-08 07:48:41",1
"2020-04-08 08:48:49",1
"2020-04-08 09:48:23",1
"2020-04-08 10:48:16",1
"2020-04-08 11:48:12",1
"2020-04-08 12:48:12",1
"2020-04-08 13:48:21",1
"2020-04-08 14:48:07",1
"2020-04-08 15:48:26",1
"2020-04-08 16:48:12",1
"2020-04-08 17:48:42",1
"2020-04-08 18:48:11",1
"2020-04-08 19:48:39",1
"2020-04-08 20:48:23",1
"2020-04-08 21:48:14",1
"2020-04-08 22:48:06",1
"2020-04-08 23:48:19",1
"2020-04-09 00:48:11",1
"2020-04-09 02:48:18",1
"2020-04-09 03:48:12",1
"2020-04-09 04:48:45",1
"2020-04-09 05:48:26",1
"2020-04-09 06:48:50",1
"2020-04-09 07:48:03",1
"2020-04-09 08:48:08",1
"2020-04-09 09:48:04",1
"2020-04-09 10:48:14",1
"2020-04-09 11:48:12",1
"2020-04-09 12:48:09",1
"2020-04-09 13:48:29",1
"2020-04-09 14:48:28",1
"2020-04-09 15:47:56",1
"2020-04-09 16:48:14",1
"2020-04-09 17:48:13",1
"2020-04-09 18:47:54",1
"2020-04-09 19:48:40",1
"2020-04-09 20:48:12",1
"2020-04-09 21:48:09",1
"2020-04-09 22:48:08",1
"2020-04-09 23:48:05",1
"2020-04-10 00:48:14",1
"2020-04-10 01:48:03",1
"2020-04-10 02:48:21",1
"2020-04-10 03:48:15",1
"2020-04-10 04:48:07",1
"2020-04-10 05:48:23",1
"2020-04-10 06:48:06",1
"2020-04-10 07:48:08",1
"2020-04-10 08:48:23",1
"2020-04-10 09:48:10",1
"2020-04-10 10:48:16",1
"2020-04-10 11:48:14",1
"2020-04-10 12:48:12",1
"2020-04-10 13:48:18",1
"2020-04-10 14:48:31",1
"2020-04-10 15:48:14",1
"2020-04-10 16:48:02",1
"2020-04-10 17:48:11",1
"2020-04-10 18:48:12",1
"2020-04-10 19:48:12",1
"2020-04-10 20:48:42",1
"2020-04-10 21:47:48",1
"2020-04-10 22:47:44",1
"2020-04-10 23:47:45",1
"2020-04-11 00:47:54",1
"2020-04-11 01:47:38",1
"2020-04-11 02:47:46",1
"2020-04-11 03:47:45",1
"2020-04-11 04:47:53",1
"2020-04-11 05:47:41",1
"2020-04-11 06:47:46",1
"2020-04-11 07:47:43",1
"2020-04-11 08:47:35",1
"2020-04-11 09:47:37",1
"2020-04-11 10:47:54",1
"2020-04-11 11:47:36",1
"2020-04-11 12:47:44",1
"2020-04-11 13:47:53",1
"2020-04-11 14:47:36",1
"2020-04-11 15:47:55",1
"2020-04-11 16:47:50",1
"2020-04-11 17:47:49",1
"2020-04-11 18:47:49",1
"2020-04-11 19:47:42",1
"2020-04-11 20:47:35",1
"2020-04-11 21:47:44",1
"2020-04-11 22:47:43",1
"2020-04-11 23:47:44",1
"2020-04-12 00:47:54",1
"2020-04-12 01:47:42",1
"2020-04-12 02:47:43",1
"2020-04-12 03:47:38",1
"2020-04-12 04:48:01",1
"2020-04-12 05:47:50",1
"2020-04-12 06:47:48",1
"2020-04-12 07:47:40",1
"2020-04-12 08:47:42",1
"2020-04-12 09:47:47",1
"2020-04-12 10:47:47",1
"2020-04-12 11:47:39",1
"2020-04-12 12:47:44",1
"2020-04-12 13:47:54",1
"2020-04-12 14:47:47",1
"2020-04-12 15:47:45",1
"2020-04-12 16:47:44",1
"2020-04-12 17:47:36",1
"2020-04-12 18:47:49",1
"2020-04-12 19:47:45",1
"2020-04-12 20:48:05",1
"2020-04-12 21:47:51",1
"2020-04-12 22:47:57",1
"2020-04-12 23:48:04",1
"2020-04-13 00:48:17",1
"2020-04-13 01:47:58",1
"2020-04-13 02:48:03",1
"2020-04-13 03:48:23",1
"2020-04-13 04:48:08",1
"2020-04-13 05:48:08",1
"2020-04-13 06:47:45",1
"2020-04-13 07:47:36",1
"2020-04-13 08:47:48",1
"2020-04-13 09:47:42",1
"2020-04-13 10:47:42",1
"2020-04-13 11:47:53",1
"2020-04-13 13:11:31",1
"2020-04-13 13:47:41",1
"2020-04-13 14:47:39",2
"2020-04-13 15:47:43",2
"2020-04-13 16:47:49",2
"2020-04-13 17:48:01",2
"2020-04-13 18:47:37",2
"2020-04-13 19:47:40",2
"2020-04-13 20:47:46",2
"2020-04-13 21:47:52",2
"2020-04-13 22:47:38",2
"2020-04-13 23:47:48",2
"2020-04-14 00:48:21",2
"2020-04-14 01:48:15",2
"2020-04-14 02:48:08",2
"2020-04-14 03:48:08",2
"2020-04-14 04:48:09",2
"2020-04-14 05:48:15",2
"2020-04-14 06:47:55",2
"2020-04-14 07:47:47",2
"2020-04-14 08:47:51",2
"2020-04-14 09:47:48",2
"2020-04-14 10:47:48",2
"2020-04-14 11:47:49",2
"2020-04-14 12:47:44",2
"2020-04-14 13:47:51",2
"2020-04-14 14:48:02",2
"2020-04-14 15:48:04",2
"2020-04-14 16:48:10",2
"2020-04-14 17:47:36",2
"2020-04-14 18:48:11",2
"2020-04-14 19:47:45",2
"2020-04-14 20:47:43",2
"2020-04-14 21:47:47",2
"2020-04-14 22:47:44",2
"2020-04-14 23:48:03",2
"2020-04-15 00:48:01",2
"2020-04-15 01:48:04",2
"2020-04-15 02:47:56",2
"2020-04-15 03:47:59",2
"2020-04-15 04:48:02",2
"2020-04-15 05:47:42",2
"2020-04-15 06:47:39",2
"2020-04-15 07:47:48",2
"2020-04-15 08:47:51",2
"2020-04-15 09:47:46",2
"2020-04-15 10:47:39",2
"2020-04-15 11:47:38",2
"2020-04-15 13:14:34",2
"2020-04-15 14:47:47",2
"2020-04-15 15:47:39",2
"2020-04-15 16:47:58",2
"2020-04-15 17:47:41",2
"2020-04-15 18:47:44",2
"2020-04-15 19:47:55",2
"2020-04-15 20:47:42",2
"2020-04-15 21:47:52",2
"2020-04-15 22:47:53",2
"2020-04-15 23:47:56",2
"2020-04-16 00:48:03",2
"2020-04-16 01:48:09",2
"2020-04-16 02:48:12",2
"2020-04-16 03:48:12",2
"2020-04-16 04:48:14",2
"2020-04-16 05:47:52",2
"2020-04-16 06:48:07",2
"2020-04-16 07:47:49",2
"2020-04-16 08:47:48",2
"2020-04-16 09:47:41",2
"2020-04-16 10:47:48",2
"2020-04-16 11:47:47",2
"2020-04-16 12:47:48",2
"2020-04-16 13:47:48",2
"2020-04-16 14:47:43",2
"2020-04-16 15:48:10",2
"2020-04-16 16:48:12",2
"2020-04-16 17:47:50",2
"2020-04-16 18:48:07",2
"2020-04-16 19:47:43",2
"2020-04-16 20:47:50",2
"2020-04-16 21:48:16",2
"2020-04-16 22:47:49",2
"2020-04-16 23:48:14",2
"2020-04-17 00:48:04",2
"2020-04-17 01:48:03",2
"2020-04-17 02:48:12",2
"2020-04-17 03:47:55",2
"2020-04-17 04:47:50",2
"2020-04-17 05:47:55",2
"2020-04-17 06:47:55",2
"2020-04-17 07:48:10",2
"2020-04-17 08:47:53",2
"2020-04-17 09:47:48",2
"2020-04-17 10:47:52",2
"2020-04-17 11:47:40",2
"2020-04-17 13:11:34",2
"2020-04-17 13:48:06",2
"2020-04-17 14:47:51",2
"2020-04-17 15:47:56",2
"2020-04-17 16:47:39",2
"2020-04-17 17:47:47",2
"2020-04-17 18:48:11",2
"2020-04-17 19:48:03",2
"2020-04-17 20:48:11",2
"2020-04-17 21:48:06",2
"2020-04-17 22:47:57",2
"2020-04-17 23:48:07",2
"2020-04-18 00:48:05",2
"2020-04-18 01:48:01",2
"2020-04-18 02:47:56",2
"2020-04-18 03:47:57",2
"2020-04-18 04:48:10",2
"2020-04-18 05:48:09",2
"2020-04-18 06:47:49",2
"2020-04-18 07:47:42",2
"2020-04-18 08:48:07",2
"2020-04-18 09:47:35",2
"2020-04-18 10:47:47",2
"2020-04-18 11:47:52",2
"2020-04-18 12:47:36",2
"2020-04-18 13:48:01",2
"2020-04-18 14:47:45",2
"2020-04-18 15:47:52",2
"2020-04-18 16:47:36",2
"2020-04-18 17:47:53",2
"2020-04-18 18:47:51",2
"2020-04-18 19:47:43",2
"2020-04-18 20:47:53",2
"2020-04-18 21:47:44",2
"2020-04-18 22:48:00",2
"2020-04-18 23:48:17",2
"2020-04-19 00:48:16",2
"2020-04-19 01:48:33",2
"2020-04-19 02:48:08",2
"2020-04-19 03:48:10",2
"2020-04-19 04:48:33",2
"2020-04-19 05:48:03",2
"2020-04-19 06:48:09",2
"2020-04-19 07:48:00",2
"2020-04-19 08:47:49",2
"2020-04-19 09:47:47",2
"2020-04-19 10:47:47",2
"2020-04-19 11:47:37",2
"2020-04-19 12:47:40",2
"2020-04-19 13:48:06",2
"2020-04-19 14:47:38",2
"2020-04-19 15:47:49",2
"2020-04-19 16:47:54",2
"2020-04-19 17:48:17",2
"2020-04-19 18:47:50",2
"2020-04-19 19:47:46",2
"2020-04-19 20:47:39",2
"2020-04-19 21:48:24",2
"2020-04-19 22:48:14",2
"2020-04-19 23:48:04",2
"2020-04-20 00:48:25",2
"2020-04-20 01:48:15",2
"2020-04-20 02:48:28",2
"2020-04-20 03:48:29",2
"2020-04-20 04:48:09",2
"2020-04-20 05:48:26",2
"2020-04-20 06:48:11",2
"2020-04-20 07:47:48",2
"2020-04-20 08:47:45",2
"2020-04-20 09:47:46",2
"2020-04-20 10:47:45",2
"2020-04-20 11:47:44",2
"2020-04-20 12:47:46",2
"2020-04-20 13:47:43",2
"2020-04-20 14:48:18",2
"2020-04-20 15:47:52",2
"2020-04-20 16:48:00",2
"2020-04-20 17:47:57",2
"2020-04-20 18:48:09",2
"2020-04-20 20:48:57",2
"2020-04-20 21:48:40",2
"2020-04-20 22:49:07",2
"2020-04-20 23:48:11",2
"2020-04-21 00:48:24",2
"2020-04-21 01:48:13",2
"2020-04-21 02:48:10",2
"2020-04-21 03:50:09",2
"2020-04-21 04:50:38",2
"2020-04-21 05:50:39",2
"2020-04-21 06:48:12",2
"2020-04-21 07:47:59",2
"2020-04-21 08:47:55",2
"2020-04-21 09:47:51",2
"2020-04-21 10:47:50",2
"2020-04-21 11:47:49",2
"2020-04-21 12:47:50",2
"2020-04-21 13:48:23",2
"2020-04-21 14:48:11",2
"2020-04-21 15:47:37",2
"2020-04-21 16:47:37",2
"2020-04-21 17:48:10",2
"2020-04-21 18:47:38",2
"2020-04-21 19:47:47",2
"2020-04-21 20:48:18",2
"2020-04-21 21:48:24",2
"2020-04-21 22:48:16",2
"2020-04-21 23:47:44",2
"2020-04-22 00:48:04",2
"2020-04-22 01:48:16",2
"2020-04-22 02:48:19",2
"2020-04-22 03:48:04",2
"2020-04-22 04:47:43",2
"2020-04-22 05:47:47",2
"2020-04-22 06:48:09",2
"2020-04-22 07:47:59",2
"2020-04-22 08:47:40",2
"2020-04-22 09:47:54",2
"2020-04-22 10:48:23",2
"2020-04-22 11:47:40",2
"2020-04-22 12:47:48",2
"2020-04-22 13:47:37",2
"2020-04-22 14:48:03",2
"2020-04-22 15:47:43",2
"2020-04-22 16:48:14",2
"2020-04-22 17:48:25",2
"2020-04-22 18:48:06",2
"2020-04-22 19:47:46",2
"2020-04-22 20:47:51",2
"2020-04-22 21:48:10",2
"2020-04-22 22:48:01",2
"2020-04-22 23:48:09",2
"2020-04-23 00:47:45",2
"2020-04-23 01:48:05",2
"2020-04-23 02:48:14",2
"2020-04-23 03:48:13",2
"2020-04-23 04:48:01",2
"2020-04-23 05:47:38",2
"2020-04-23 06:47:47",2
"2020-04-23 07:47:52",2
"2020-04-23 08:47:46",2
"2020-04-23 09:47:36",2
"2020-04-23 10:47:45",2
"2020-04-23 11:48:02",2
"2020-04-23 12:47:38",2
"2020-04-23 13:47:37",2
"2020-04-23 14:47:40",2
"2020-04-23 15:47:45",2
"2020-04-23 16:48:08",2
"2020-04-23 17:47:39",2
"2020-04-23 18:47:51",2
"2020-04-23 19:47:37",2
"2020-04-23 20:48:15",2
"2020-04-23 21:47:49",2
"2020-04-23 22:47:43",2
"2020-04-23 23:47:52",2
"2020-04-24 00:48:04",2
"2020-04-24 01:48:35",2
"2020-04-24 02:47:35",2
"2020-04-24 03:48:15",2
"2020-04-24 04:47:58",2
"2020-04-24 05:47:40",2
"2020-04-24 06:47:42",2
"2020-04-24 07:47:35",2
"2020-04-24 08:47:55",2
"2020-04-24 09:47:44",2
"2020-04-24 10:47:42",2
"2020-04-24 11:47:36",2
"2020-04-24 13:12:37",2
"2020-04-24 13:48:15",2
"2020-04-24 14:47:55",2
"2020-04-24 15:47:44",2
"2020-04-24 16:47:47",2
"2020-04-24 17:47:52",2
"2020-04-24 18:48:44",2
"2020-04-24 19:47:47",2
"2020-04-24 20:47:56",2
"2020-04-24 21:48:24",2
"2020-04-24 22:48:25",2
"2020-04-24 23:47:57",2
"2020-04-25 00:48:19",2
"2020-04-25 01:48:19",2
"2020-04-25 02:48:12",2
"2020-04-25 03:48:15",2
"2020-04-25 04:48:15",2
"2020-04-25 05:48:26",2
"2020-04-25 06:47:57",2
"2020-04-25 07:47:47",2
"2020-04-25 08:47:56",2
"2020-04-25 09:47:51",2
"2020-04-25 10:47:41",2
"2020-04-25 11:47:49",2
"2020-04-25 12:47:47",2
"2020-04-25 13:48:04",2
"2020-04-25 14:47:51",2
"2020-04-25 15:47:56",2
"2020-04-25 16:48:02",2
"2020-04-25 17:47:58",2
"2020-04-25 18:47:46",2
"2020-04-25 19:47:57",2
"2020-04-25 20:47:49",2
"2020-04-25 21:47:46",2
"2020-04-25 22:47:53",2
"2020-04-25 23:47:56",2
"2020-04-26 00:47:51",2
"2020-04-26 01:48:11",2
"2020-04-26 02:48:09",2
"2020-04-26 03:48:18",2
"2020-04-26 04:47:43",2
"2020-04-26 05:48:27",2
"2020-04-26 06:47:59",2
"2020-04-26 07:47:52",2
"2020-04-26 08:47:49",2
"2020-04-26 09:47:49",2
"2020-04-26 10:47:42",2
"2020-04-26 11:47:55",2
"2020-04-26 12:47:49",2
"2020-04-26 13:47:39",2
"2020-04-26 14:47:45",2
"2020-04-26 15:47:54",2
"2020-04-26 16:47:51",2
"2020-04-26 17:47:49",2
"2020-04-26 18:47:48",2
"2020-04-26 19:47:41",2
"2020-04-26 20:47:45",2
"2020-04-26 21:47:55",2
"2020-04-26 22:48:08",2
"2020-04-26 23:48:28",2
"2020-04-27 00:48:26",2
"2020-04-27 01:48:25",2
"2020-04-27 02:48:15",2
"2020-04-27 03:48:18",2
"2020-04-27 04:48:21",2
"2020-04-27 05:47:57",2
"2020-04-27 06:47:53",2
"2020-04-27 07:47:44",2
"2020-04-27 08:47:55",2
"2020-04-27 09:47:55",2
"2020-04-27 10:47:56",2
"2020-04-27 11:47:36",2
"2020-04-27 12:47:47",2
"2020-04-27 13:48:28",2
"2020-04-27 14:47:59",2
"2020-04-27 15:47:52",2
"2020-04-27 16:47:39",2
"2020-04-27 17:47:53",2
"2020-04-27 18:47:48",2
"2020-04-27 19:47:46",2
"2020-04-27 20:47:48",2
"2020-04-27 21:48:02",2
"2020-04-27 22:47:46",2
"2020-04-27 23:48:13",2
"2020-04-28 00:48:54",2
"2020-04-28 01:47:56",2
"2020-04-28 02:48:28",2
"2020-04-28 03:48:24",2
"2020-04-28 04:48:17",2
"2020-04-28 05:47:50",2
"2020-04-28 06:47:48",2
"2020-04-28 07:48:27",2
"2020-04-28 08:48:16",2
"2020-04-28 09:47:55",2
"2020-04-28 10:47:39",2
"2020-04-28 11:47:54",2
"2020-04-28 12:47:56",2
"2020-04-28 13:47:51",2
"2020-04-28 14:48:28",2
"2020-04-28 15:48:18",2
"2020-04-28 16:47:44",2
"2020-04-28 17:47:50",2
"2020-04-28 18:47:49",2
"2020-04-28 19:47:47",2
"2020-04-28 20:47:50",2
"2020-04-28 21:47:56",2
"2020-04-28 22:47:41",2
"2020-04-28 23:47:57",2
"2020-04-29 00:48:31",2
"2020-04-29 01:48:32",2
"2020-04-29 02:48:23",2
"2020-04-29 03:47:47",2
"2020-04-29 04:47:54",2
"2020-04-29 05:47:43",2
"2020-04-29 06:47:57",2
"2020-04-29 07:47:55",2
"2020-04-29 08:47:53",2
"2020-04-29 09:48:13",2
"2020-04-29 10:47:54",2
"2020-04-29 11:47:37",2
"2020-04-29 13:10:30",2
"2020-04-29 13:47:55",2
"2020-04-29 14:47:43",2
"2020-04-29 15:47:40",2
"2020-04-29 16:47:57",2
"2020-04-29 17:48:01",2
"2020-04-29 18:48:25",2
"2020-04-29 19:48:28",2
"2020-04-29 20:47:50",2
"2020-04-29 21:48:24",2
"2020-04-29 22:48:26",2
"2020-04-29 23:48:04",2
"2020-04-30 00:48:25",2
"2020-04-30 01:48:29",2
"2020-04-30 02:49:04",2
"2020-04-30 03:48:54",2
"2020-04-30 04:48:13",2
"2020-04-30 05:48:05",2
"2020-04-30 06:47:55",2
"2020-04-30 07:47:53",2
"2020-04-30 08:47:56",2
"2020-04-30 09:47:49",2
"2020-04-30 10:47:39",2
"2020-04-30 11:48:11",2
"2020-04-30 12:47:46",2
"2020-04-30 13:47:48",2
"2020-04-30 14:48:13",2
"2020-04-30 15:47:51",2
"2020-04-30 16:47:46",2
"2020-04-30 17:51:33",2
"2020-04-30 18:48:04",2
"2020-04-30 20:47:51",2
"2020-04-30 21:47:56",2
"2020-04-30 22:48:00",2
"2020-04-30 23:47:53",2
"2020-05-01 00:48:29",2
"2020-05-01 01:48:24",2
"2020-05-01 02:47:53",2
"2020-05-01 03:47:44",2
"2020-05-01 04:47:57",2
"2020-05-01 05:48:03",2
"2020-05-01 06:47:57",2
"2020-05-01 07:47:59",2
"2020-05-01 08:47:51",2
"2020-05-01 09:47:54",2
"2020-05-01 10:47:47",2
"2020-05-01 11:47:48",2
"2020-05-01 13:11:34",2
"2020-05-01 13:48:34",2
"2020-05-01 14:47:45",2
"2020-05-01 15:47:45",2
"2020-05-01 16:47:45",3
"2020-05-01 17:47:46",3
"2020-05-01 18:47:45",3
"2020-05-01 19:47:58",3
"2020-05-01 20:47:50",3
"2020-05-01 21:48:18",3
"2020-05-01 22:47:47",3
"2020-05-01 23:47:46",3
"2020-05-02 00:47:48",3
"2020-05-02 01:48:10",3
"2020-05-02 02:48:01",3
"2020-05-02 03:48:12",3
"2020-05-02 04:47:52",3
"2020-05-02 05:48:09",3
"2020-05-02 06:47:54",3
"2020-05-02 07:48:01",3
"2020-05-02 08:47:57",3
"2020-05-02 09:47:52",3
"2020-05-02 10:47:43",3
"2020-05-02 11:47:54",3
"2020-05-02 12:47:43",3
"2020-05-02 13:47:55",3
"2020-05-02 14:47:54",3
"2020-05-02 15:48:02",3
"2020-05-02 16:47:54",3
"2020-05-02 17:47:51",3
"2020-05-02 18:48:05",3
"2020-05-02 19:47:55",3
"2020-05-02 20:48:07",3
"2020-05-02 21:47:54",3
"2020-05-02 22:47:41",3
"2020-05-02 23:48:17",3
"2020-05-03 00:47:53",3
"2020-05-03 01:48:20",3
"2020-05-03 02:48:17",3
"2020-05-03 03:48:17",3
"2020-05-03 04:48:03",3
"2020-05-03 05:47:49",3
"2020-05-03 06:47:50",3
"2020-05-03 07:47:57",3
"2020-05-03 08:47:53",3
"2020-05-03 09:48:32",3
"2020-05-03 10:47:55",3
"2020-05-03 11:47:53",3
"2020-05-03 12:47:51",3
"2020-05-03 13:47:54",3
"2020-05-03 14:48:00",3
"2020-05-03 15:47:56",3
"2020-05-03 16:48:21",3
"2020-05-03 17:48:28",3
"2020-05-03 18:47:45",3
"2020-05-03 19:48:52",3
"2020-05-03 20:48:23",3
"2020-05-03 21:48:14",3
"2020-05-03 22:48:22",3
"2020-05-03 23:48:25",3
"2020-05-04 00:48:19",3
"2020-05-04 01:48:22",3
"2020-05-04 02:48:22",3
"2020-05-04 03:48:23",3
"2020-05-04 04:47:51",3
"2020-05-04 05:47:53",3
"2020-05-04 06:48:02",3
"2020-05-04 09:33:56",3
"2020-05-04 10:51:38",3
"2020-05-04 10:59:22",3
"2020-05-04 11:06:58",3
"2020-05-04 11:48:05",3
"2020-05-04 13:10:39",3
"2020-05-04 13:47:51",3
"2020-05-04 14:48:00",3
"2020-05-04 15:47:52",3
"2020-05-04 16:47:53",3
"2020-05-04 17:47:51",3
"2020-05-04 18:48:33",3
"2020-05-04 19:48:22",3
"2020-05-04 20:48:18",3
"2020-05-04 21:48:20",3
"2020-05-04 22:47:45",3
"2020-05-04 23:47:49",3
"2020-05-05 00:47:44",3
"2020-05-05 01:48:13",3
"2020-05-05 02:47:43",3
"2020-05-05 03:48:28",3
"2020-05-05 04:47:53",3
"2020-05-05 05:47:52",3
"2020-05-05 06:47:55",3
"2020-05-05 07:48:04",3
"2020-05-05 08:48:18",3
"2020-05-05 09:47:43",3
"2020-05-05 10:47:43",3
"2020-05-05 11:48:15",3
"2020-05-05 12:48:01",3
"2020-05-05 13:47:55",3
"2020-05-05 14:47:54",3
"2020-05-05 15:47:51",3
"2020-05-05 16:48:00",3
"2020-05-05 17:47:49",3
"2020-05-05 18:47:44",3
"2020-05-05 19:48:27",3
"2020-05-05 20:48:00",3
"2020-05-05 21:47:39",3
"2020-05-05 22:47:41",3
"2020-05-05 23:48:23",3
"2020-05-06 00:47:56",3
"2020-05-06 01:47:59",3
"2020-05-06 02:47:49",3
"2020-05-06 03:47:41",3
"2020-05-06 04:47:57",3
"2020-05-06 05:47:53",3
"2020-05-06 06:47:42",3
"2020-05-06 17:48:20",4
"2020-05-06 18:48:29",4
"2020-05-06 19:47:46",4
"2020-05-06 20:48:17",4
"2020-05-06 21:48:20",4
"2020-05-06 22:48:26",4
"2020-05-06 23:48:30",4
"2020-05-07 00:47:57",4
"2020-05-07 01:48:01",4
"2020-05-07 02:47:39",4
"2020-05-07 03:47:55",4
"2020-05-07 04:48:01",4
"2020-05-07 05:47:46",4
"2020-05-07 06:47:55",4
"2020-05-07 08:47:58",4
"2020-05-07 09:47:51",4
"2020-05-07 10:48:15",4
"2020-05-07 11:47:59",4
"2020-05-07 12:47:56",4
"2020-05-07 13:48:06",4
"2020-05-07 14:48:16",4
"2020-05-07 15:47:50",4
"2020-05-07 16:48:00",4
"2020-05-07 17:47:49",4
"2020-05-07 18:47:42",4
"2020-05-07 19:48:38",4
"2020-05-07 20:47:41",4
"2020-05-07 21:47:40",4
"2020-05-07 22:47:39",4
"2020-05-07 23:47:57",4
"2020-05-08 00:47:50",4
"2020-05-08 01:47:40",4
"2020-05-08 02:47:48",4
"2020-05-08 03:47:56",4
"2020-05-08 04:47:43",4
"2020-05-08 05:47:44",4
"2020-05-08 06:47:45",4
"2020-05-08 07:47:53",4
"2020-05-08 08:48:04",4
"2020-05-08 09:47:52",4
"2020-05-08 10:47:50",4
"2020-05-08 11:47:57",4
"2020-05-08 13:10:33",4
"2020-05-08 13:48:03",4
"2020-05-08 14:47:53",4
"2020-05-08 15:47:54",4
"2020-05-08 16:48:21",4
"2020-05-08 17:48:22",4
"2020-05-08 18:47:57",4
"2020-05-08 19:47:44",4
"2020-05-08 20:47:56",4
"2020-05-08 21:47:50",4
"2020-05-08 22:48:00",4
"2020-05-08 23:47:52",4
"2020-05-09 00:47:47",4
"2020-05-09 01:48:05",4
"2020-05-09 02:47:53",4
"2020-05-09 03:48:33",4
"2020-05-09 04:47:48",4
"2020-05-09 05:47:56",4
"2020-05-09 06:48:04",4
"2020-05-09 07:47:46",4
"2020-05-09 08:48:06",4
"2020-05-09 09:47:53",4
"2020-05-09 10:47:53",4
"2020-05-09 11:47:42",4
"2020-05-09 12:47:46",4
"2020-05-09 13:47:49",4
"2020-05-09 14:47:43",4
"2020-05-09 15:47:52",4
"2020-05-09 16:47:42",4
"2020-05-09 17:47:53",4
"2020-05-09 18:47:54",4
"2020-05-09 19:47:50",4
"2020-05-09 20:47:45",4
"2020-05-09 21:48:01",4
"2020-05-09 22:47:55",4
"2020-05-09 23:47:47",4
"2020-05-10 00:48:17",4
"2020-05-10 01:47:48",4
"2020-05-10 02:48:26",4
"2020-05-10 03:47:59",4
"2020-05-10 04:48:00",4
"2020-05-10 05:48:08",4
"2020-05-10 06:47:52",4
"2020-05-10 07:48:03",4
"2020-05-10 08:47:53",4
"2020-05-10 09:47:58",4
"2020-05-10 10:47:57",4
"2020-05-10 11:48:02",4
"2020-05-10 12:47:50",4
"2020-05-10 13:48:00",4
"2020-05-10 14:47:44",4
"2020-05-10 15:47:54",4
"2020-05-10 16:47:49",4
"2020-05-10 17:47:47",4
"2020-05-10 18:47:56",4
"2020-05-10 19:47:50",4
"2020-05-10 20:48:05",4
"2020-05-10 21:47:51",4
"2020-05-10 22:47:53",4
"2020-05-10 23:47:55",4
"2020-05-11 00:47:56",4
"2020-05-11 01:47:44",4
"2020-05-11 02:47:54",4
"2020-05-11 03:48:30",4
"2020-05-11 04:47:53",4
"2020-05-11 05:47:51",4
"2020-05-11 06:47:54",4
"2020-05-11 07:48:03",4
"2020-05-11 08:48:09",4
"2020-05-11 09:48:04",4
"2020-05-11 10:47:52",4
"2020-05-11 11:47:43",4
"2020-05-11 13:09:32",4
"2020-05-11 13:48:04",4
"2020-05-11 14:47:57",4
"2020-05-11 15:48:25",4
"2020-05-11 16:47:57",4
"2020-05-11 17:47:59",4
"2020-05-11 18:47:56",4
"2020-05-11 19:47:47",4
"2020-05-11 20:47:49",4
"2020-05-11 21:47:51",4
"2020-05-11 22:47:38",4
"2020-05-11 23:48:03",4
"2020-05-12 00:47:54",4
"2020-05-12 01:47:55",4
"2020-05-12 02:47:48",4
"2020-05-12 03:47:42",4
"2020-05-12 04:47:49",4
"2020-05-12 05:47:45",4
"2020-05-12 06:48:00",4
"2020-05-12 07:47:48",4
"2020-05-12 08:47:48",4
"2020-05-12 09:49:09",4
"2020-05-12 10:47:58",4
"2020-05-12 11:47:41",4
"2020-05-12 13:15:32",4
"2020-05-12 17:47:42",4
"2020-05-12 18:47:43",4
"2020-05-12 19:48:12",4
"2020-05-12 20:48:18",4
"2020-05-12 21:48:03",4
"2020-05-12 22:47:42",4
"2020-05-12 23:47:42",4
"2020-05-13 00:48:13",4
"2020-05-13 01:47:54",4
"2020-05-13 02:48:21",4
"2020-05-13 03:48:19",4
"2020-05-13 06:47:47",4
"2020-05-13 07:48:13",4
"2020-05-13 08:48:08",4
"2020-05-13 09:47:40",4
"2020-05-13 10:47:46",4
"2020-05-13 11:47:41",4
"2020-05-13 12:47:43",4
"2020-05-13 13:47:43",4
"2020-05-13 14:47:43",4
"2020-05-13 15:47:51",4
"2020-05-13 16:48:13",4
"2020-05-13 17:47:46",4
"2020-05-13 18:48:06",4
"2020-05-13 19:47:47",4
"2020-05-13 20:47:44",4
"2020-05-13 21:47:43",4
"2020-05-13 22:47:49",4
"2020-05-13 23:47:54",4
"2020-05-14 00:48:07",4
"2020-05-14 01:47:50",4
"2020-05-14 02:47:44",4
"2020-05-14 03:47:52",4
"2020-05-14 04:47:45",4
"2020-05-14 05:47:52",4
"2020-05-14 06:48:01",4
"2020-05-14 07:47:48",4
"2020-05-14 08:48:01",4
"2020-05-14 09:47:42",4
"2020-05-14 10:47:53",4
"2020-05-14 11:47:58",4
"2020-05-14 12:47:52",4
"2020-05-14 13:47:57",4
"2020-05-14 14:47:53",4
"2020-05-14 15:47:49",4
"2020-05-14 16:47:39",4
"2020-05-14 17:47:44",4
"2020-05-14 18:48:04",4
"2020-05-14 19:48:02",4
"2020-05-14 20:47:43",4
"2020-05-14 21:47:49",4
"2020-05-14 22:48:09",4
"2020-05-14 23:47:56",4
"2020-05-15 00:48:14",4
"2020-05-15 01:48:12",4
"2020-05-15 02:48:18",4
"2020-05-15 03:48:18",4
"2020-05-15 04:48:19",4
"2020-05-15 05:47:51",4
"2020-05-15 06:48:13",4
"2020-05-15 07:47:42",4
"2020-05-15 08:47:55",4
"2020-05-15 09:48:01",4
"2020-05-15 10:47:43",4
"2020-05-15 11:47:48",4
"2020-05-15 12:47:45",4
"2020-05-15 13:47:52",4
"2020-05-15 14:47:42",4
"2020-05-15 15:47:49",4
"2020-05-15 16:47:41",4
"2020-05-15 17:48:03",4
"2020-05-15 18:47:43",4
"2020-05-15 19:47:56",4
"2020-05-15 20:47:50",4
"2020-05-15 21:47:51",4
"2020-05-15 22:47:41",4
"2020-05-15 23:47:38",4
"2020-05-16 00:48:10",4
"2020-05-16 01:48:05",4
"2020-05-16 02:48:28",4
"2020-05-16 03:48:03",4
"2020-05-16 04:47:49",4
"2020-05-16 05:47:48",4
"2020-05-16 06:48:22",4
"2020-05-16 07:48:19",4
"2020-05-16 08:47:49",4
"2020-05-16 09:48:00",4
"2020-05-16 10:47:45",4
"2020-05-16 11:47:41",4
"2020-05-16 12:47:55",4
"2020-05-16 13:47:49",4
"2020-05-16 14:47:43",4
"2020-05-16 15:47:54",4
"2020-05-16 16:47:49",4
"2020-05-16 17:47:45",4
"2020-05-16 18:47:50",4
"2020-05-16 19:47:45",4
"2020-05-16 20:47:53",4
"2020-05-16 21:47:51",4
"2020-05-16 22:47:54",4
"2020-05-16 23:47:53",4
"2020-05-17 00:48:04",4
"2020-05-17 01:47:58",4
"2020-05-18 09:36:37",4
"2020-05-18 09:51:57",4
"2020-05-18 09:52:15",4
"2020-05-18 09:52:49",4
"2020-05-18 09:53:30",4
"2020-05-18 09:53:49",4
"2020-05-18 09:54:04",4
"2020-05-18 09:55:29",4
"2020-05-18 09:55:46",4
"2020-05-18 09:56:12",4
"2020-05-18 09:56:32",4
"2020-05-18 09:57:06",4
"2020-05-18 09:57:12",4
"2020-05-18 09:57:42",4
"2020-05-18 09:57:56",4
"2020-05-18 09:59:18",4
"2020-05-18 10:14:45",4
"2020-05-18 10:31:12",4
"2020-05-18 10:36:26",4
"2020-05-18 10:40:43",4
"2020-05-18 11:00:01",4
"2020-05-18 11:04:33",4
"2020-05-18 11:09:22",4
"2020-05-18 11:10:23",4
"2020-05-18 11:12:23",4
"2020-05-18 11:19:45",4
"2020-05-18 11:26:45",4
"2020-05-18 11:32:11",4
"2020-05-18 11:36:45",4
"2020-05-18 11:38:03",4
"2020-05-18 11:47:13",4
"2020-05-18 11:54:49",4
"2020-05-18 12:02:26",4
"2020-05-18 12:10:04",4
"2020-05-18 13:10:02",4
"2020-05-18 13:47:59",4
"2020-05-18 14:47:49",4
"2020-05-18 15:48:27",4
"2020-05-18 16:48:38",4
"2020-05-18 17:47:49",4
"2020-05-18 18:48:20",4
"2020-05-18 19:48:17",4
"2020-05-18 20:47:55",4
"2020-05-18 21:48:21",4
"2020-05-18 22:48:25",4
"2020-05-18 23:48:28",4
"2020-05-19 01:47:44",4
"2020-05-19 02:48:02",4
"2020-05-19 03:47:57",4
"2020-05-19 04:47:52",4
"2020-05-19 05:47:56",4
"2020-05-19 06:47:55",4
"2020-05-19 07:47:57",4
"2020-05-19 08:48:09",4
"2020-05-19 09:48:36",4
"2020-05-19 10:47:54",4
"2020-05-19 11:48:14",4
"2020-05-19 13:10:35",4
"2020-05-19 13:47:58",4
"2020-05-19 14:47:50",5
"2020-05-19 15:47:46",5
"2020-05-19 16:47:57",5
"2020-05-19 17:47:47",5
"2020-05-19 18:47:56",5
"2020-05-19 19:47:54",5
"2020-05-19 20:48:01",5
"2020-05-19 21:47:59",5
"2020-05-19 22:48:19",5
"2020-05-19 23:47:52",5
"2020-05-20 00:48:23",5
"2020-05-20 01:48:32",5
"2020-05-20 02:48:23",5
"2020-05-20 03:48:24",5
"2020-05-20 04:48:02",5
"2020-05-20 05:47:54",5
"2020-05-20 06:47:49",5
"2020-05-20 07:48:07",5
"2020-05-20 08:47:48",5
"2020-05-20 09:47:57",5
"2020-05-20 10:47:46",5
"2020-05-20 11:47:48",5
"2020-05-20 12:47:44",5
"2020-05-20 13:47:57",5
"2020-05-20 14:47:49",5
"2020-05-20 15:48:29",5
"2020-05-20 16:47:49",6
"2020-05-20 17:48:23",6
"2020-05-20 18:47:54",6
"2020-05-20 19:47:54",6
"2020-05-20 20:47:45",6
"2020-05-20 21:47:58",6
"2020-05-20 22:47:39",6
"2020-05-20 23:47:50",6
"2020-05-21 00:48:19",6
"2020-05-21 01:47:44",6
"2020-05-21 02:47:54",6
"2020-05-21 03:47:54",6
"2020-05-21 04:47:47",6
"2020-05-21 05:47:50",6
"2020-05-21 06:47:55",6
"2020-05-21 07:47:54",6
"2020-05-21 08:47:57",6
"2020-05-21 09:47:45",6
"2020-05-21 10:47:52",6
"2020-05-21 11:47:56",6
"2020-05-21 12:47:55",6
"2020-05-21 13:48:00",6
"2020-05-21 14:47:56",6
"2020-05-21 15:47:51",6
"2020-05-21 16:48:11",6
"2020-05-21 17:48:03",6
"2020-05-21 18:47:59",6
"2020-05-21 19:47:50",6
"2020-05-21 20:48:00",6
"2020-05-21 21:48:01",6
"2020-05-21 22:48:04",6
"2020-05-21 23:48:29",6
"2020-05-22 00:49:27",6
"2020-05-22 01:47:58",6
"2020-05-22 02:48:00",6
"2020-05-22 03:48:31",6
"2020-05-22 04:47:58",6
"2020-05-22 05:48:03",6
"2020-05-22 06:47:50",6
"2020-05-22 07:47:56",6
"2020-05-22 08:48:10",6
"2020-05-22 09:47:58",6
"2020-05-22 10:47:53",6
"2020-05-22 11:47:50",6
"2020-05-22 12:47:56",6
"2020-05-22 13:48:03",6
"2020-05-22 14:47:50",6
"2020-05-22 15:47:49",6
"2020-05-22 16:47:54",6
"2020-05-22 17:47:52",6
"2020-05-22 18:48:21",6
"2020-05-22 19:47:53",6
"2020-05-22 20:47:45",6
"2020-05-22 21:47:47",6
"2020-05-22 22:47:52",6
"2020-05-22 23:47:47",6
"2020-05-23 00:47:57",6
"2020-05-23 01:47:51",6
"2020-05-23 02:48:07",6
"2020-05-23 03:48:00",6
"2020-05-23 04:48:13",6
"2020-05-23 05:47:56",6
"2020-05-23 06:48:09",6
"2020-05-23 07:48:08",6
"2020-05-23 08:48:08",6
"2020-05-23 09:48:01",6
"2020-05-23 10:47:53",6
"2020-05-23 11:48:10",6
"2020-05-23 12:47:56",6
"2020-05-23 13:48:03",6
"2020-05-23 14:47:58",6
"2020-05-23 15:47:50",6
"2020-05-23 16:48:07",6
"2020-05-23 17:48:00",6
"2020-05-23 18:48:10",6
"2020-05-23 19:47:55",6
"2020-05-23 20:47:47",6
"2020-05-23 21:47:49",6
"2020-05-23 22:47:56",6
"2020-05-23 23:47:55",6
"2020-05-24 00:48:08",6
"2020-05-24 01:48:11",6
"2020-05-24 02:47:50",6
"2020-05-24 03:47:57",6
"2020-05-24 04:47:58",6
"2020-05-24 05:47:50",6
"2020-05-24 06:47:54",6
"2020-05-24 07:47:52",6
"2020-05-24 08:48:02",6
"2020-05-24 09:47:49",6
"2020-05-24 10:48:06",6
"2020-05-24 11:48:01",6
"2020-05-24 12:47:56",6
"2020-05-24 13:48:05",6
"2020-05-24 14:47:59",6
"2020-05-24 15:47:46",6
"2020-05-24 16:48:06",6
"2020-05-24 17:48:02",6
"2020-05-24 18:48:05",6
"2020-05-24 19:48:00",6
"2020-05-24 20:47:59",6
"2020-05-24 21:48:10",6
"2020-05-24 22:48:03",6
"2020-05-24 23:47:48",6
"2020-05-25 00:47:53",6
"2020-05-25 01:48:12",6
"2020-05-25 02:48:01",6
"2020-05-25 03:48:20",6
"2020-05-25 04:47:56",6
"2020-05-25 06:49:02",6
"2020-05-25 07:48:02",6
"2020-05-25 08:48:10",6
"2020-05-25 09:47:59",6
"2020-05-25 10:47:56",6
"2020-05-25 11:48:12",6
"2020-05-25 12:47:56",6
"2020-05-25 13:47:49",6
"2020-05-25 14:48:07",6
"2020-05-25 15:47:54",6
"2020-05-25 16:47:45",6
"2020-05-25 17:47:56",6
"2020-05-25 18:47:57",6
"2020-05-25 19:48:02",6
"2020-05-25 20:48:01",6
"2020-05-25 21:47:47",6
"2020-05-25 22:47:46",6
"2020-05-25 23:47:48",6
"2020-05-26 00:48:00",6
"2020-05-26 01:47:48",6
"2020-05-26 02:47:45",6
"2020-05-26 03:48:01",6
"2020-05-26 04:48:04",6
"2020-05-26 05:47:52",6
"2020-05-26 06:47:57",6
"2020-05-26 07:48:01",6
"2020-05-26 08:48:04",6
"2020-05-26 09:47:56",6
"2020-05-26 10:47:53",6
"2020-05-26 11:48:00",6
"2020-05-26 12:47:52",6
"2020-05-26 13:48:02",6
"2020-05-26 14:47:58",6
"2020-05-26 15:47:53",6
"2020-05-26 16:47:49",6
"2020-05-26 17:47:56",6
"2020-05-26 18:47:46",6
"2020-05-26 19:47:50",6
"2020-05-26 20:47:55",6
"2020-05-26 21:48:14",6
"2020-05-26 22:47:47",6
"2020-05-26 23:47:50",6
"2020-05-27 00:48:35",6
"2020-05-27 01:47:47",6
"2020-05-27 02:47:50",6
"2020-05-27 03:47:54",6
"2020-05-27 04:47:54",6
"2020-05-27 05:47:49",6
"2020-05-27 06:47:59",6
"2020-05-27 07:47:57",6
"2020-05-27 08:47:49",6
"2020-05-27 09:47:45",6
"2020-05-27 10:47:48",6
"2020-05-27 11:47:42",6
"2020-05-27 13:11:04",6
"2020-05-27 13:48:08",6
"2020-05-27 14:47:55",6
"2020-05-27 15:47:45",6
"2020-05-27 16:47:47",6
"2020-05-27 17:47:45",6
"2020-05-27 18:47:44",6
"2020-05-27 19:47:58",6
"2020-05-27 20:47:53",6
"2020-05-27 21:47:49",6
"2020-05-27 22:47:50",6
"2020-05-27 23:47:47",6
"2020-05-28 00:47:56",6
"2020-05-28 01:48:02",6
"2020-05-28 02:47:49",6
"2020-05-28 03:47:49",6
"2020-05-28 04:47:51",6
"2020-05-28 05:47:46",6
"2020-05-28 06:47:51",6
"2020-05-28 07:48:05",6
"2020-05-28 08:47:58",6
"2020-05-28 09:47:48",6
"2020-05-28 10:48:02",6
"2020-05-28 11:48:07",6
"2020-05-28 13:11:39",6
"2020-05-28 13:48:00",6
"2020-05-28 14:48:05",6
"2020-05-28 15:47:58",6
"2020-05-28 16:48:11",6
"2020-05-28 17:47:55",6
"2020-05-28 18:47:54",5
"2020-05-28 19:47:51",5
"2020-05-28 20:48:11",5
"2020-05-28 21:48:15",5
"2020-05-28 22:47:53",5
"2020-05-28 23:48:13",5
"2020-05-29 00:48:00",5
"2020-05-29 01:48:00",5
"2020-05-29 02:48:32",5
"2020-05-29 03:47:55",5
"2020-05-29 04:48:02",5
"2020-05-29 05:48:15",5
"2020-05-29 06:48:11",5
"2020-05-29 07:48:18",5
"2020-05-29 08:48:09",5
"2020-05-29 09:54:04",5
"2020-05-29 10:48:02",5
"2020-05-29 11:47:58",5
"2020-05-29 12:48:28",5
"2020-05-29 13:48:11",5
"2020-05-29 14:48:01",5
"2020-05-29 15:47:56",5
"2020-05-29 16:47:48",5
"2020-05-29 17:48:03",5
"2020-05-29 18:48:03",5
"2020-05-29 19:47:57",5
"2020-05-29 20:48:13",5
"2020-05-29 21:47:54",5
"2020-05-29 22:47:57",5
"2020-05-29 23:48:10",5
"2020-05-30 00:47:51",5
"2020-05-30 01:47:48",5
"2020-05-30 02:47:56",5
"2020-05-30 03:47:59",5
"2020-05-30 04:47:54",5
"2020-05-30 05:48:00",5
"2020-05-30 06:48:01",5
"2020-05-30 07:48:32",5
"2020-05-30 08:48:01",5
"2020-05-30 09:47:53",5
"2020-05-30 10:48:02",5
"2020-05-30 11:47:59",5
"2020-05-30 12:47:56",5
"2020-05-30 13:47:57",5
"2020-05-30 14:47:50",5
"2020-05-30 15:47:53",5
"2020-05-30 16:48:14",5
"2020-05-30 17:47:58",5
"2020-05-30 18:47:57",5
"2020-05-30 19:48:04",5
"2020-05-30 20:47:54",5
"2020-05-30 21:48:05",5
"2020-05-30 22:47:56",5
"2020-05-30 23:48:06",5
"2020-05-31 00:48:04",5
"2020-05-31 01:48:07",5
"2020-05-31 02:48:01",5
"2020-05-31 03:48:00",5
"2020-05-31 04:47:54",5
"2020-05-31 05:48:04",5
"2020-05-31 06:48:03",5
"2020-05-31 07:48:06",5
"2020-05-31 09:32:07",5
"2020-05-31 09:47:57",5
"2020-05-31 13:13:52",5
"2020-05-31 13:21:51",5
"2020-05-31 13:23:19",5
"2020-06-01 05:18:25",5
"2020-06-01 05:36:38",5
"2020-06-01 05:36:55",5
"2020-06-01 05:38:17",5
"2020-06-01 05:52:13",5
"2020-06-01 05:54:10",5
"2020-06-01 06:05:35",5
"2020-06-01 06:05:36",5
"2020-06-01 06:10:47",5
"2020-06-01 06:15:42",5
"2020-06-01 06:19:28",5
"2020-06-01 06:19:35",5
"2020-06-01 06:20:24",5
"2020-06-01 06:27:25",5
"2020-06-01 06:29:46",5
"2020-06-01 06:40:40",5
"2020-06-01 06:48:16",5
"2020-06-01 06:55:52",5
"2020-06-01 07:47:58",5
"2020-06-01 08:48:13",5
"2020-06-01 09:48:18",5
"2020-06-01 10:47:53",5
"2020-06-01 11:47:57",5
"2020-06-01 13:09:38",5
"2020-06-01 13:48:48",5
"2020-06-01 14:48:03",5
"2020-06-01 15:47:59",5
"2020-06-01 16:48:34",5
"2020-06-01 17:48:29",5
"2020-06-01 18:48:27",5
"2020-06-01 19:48:05",5
"2020-06-01 20:48:01",5
"2020-06-01 21:47:57",5
"2020-06-01 22:47:50",5
"2020-06-01 23:48:02",5
"2020-06-02 00:48:03",5
"2020-06-02 01:47:51",5
"2020-06-02 02:47:51",5
"2020-06-02 03:47:58",5
"2020-06-02 04:47:56",5
"2020-06-02 05:47:59",5
"2020-06-02 06:48:13",5
"2020-06-02 07:48:03",5
"2020-06-02 08:48:10",5
"2020-06-02 09:47:56",5
"2020-06-02 10:48:08",5
"2020-06-02 11:47:58",5
"2020-06-02 12:48:07",5
"2020-06-02 13:48:09",5
"2020-06-02 14:48:37",5
"2020-06-02 15:48:33",5
"2020-06-02 16:47:57",5
"2020-06-02 17:48:32",5
"2020-06-02 18:47:52",5
"2020-06-02 19:48:19",5
"2020-06-02 20:48:34",5
"2020-06-02 21:47:49",5
"2020-06-02 22:48:01",5
"2020-06-02 23:47:50",5
"2020-06-03 00:48:08",5
"2020-06-03 01:48:36",5
"2020-06-03 02:47:47",5
"2020-06-03 03:48:25",5
"2020-06-03 04:48:19",5
"2020-06-03 05:47:49",5
"2020-06-03 06:47:57",5
"2020-06-03 07:48:30",5
"2020-06-03 08:48:01",5
"2020-06-03 09:47:59",5
"2020-06-03 10:47:58",5
"2020-06-03 11:48:00",5
"2020-06-03 13:13:11",5
"2020-06-03 13:48:01",5
"2020-06-03 14:47:52",5
"2020-06-03 15:48:35",5
"2020-06-03 16:48:27",5
"2020-06-03 17:48:29",5
"2020-06-03 18:48:43",5
"2020-06-03 19:48:22",5
"2020-06-03 20:47:58",5
"2020-06-03 21:47:57",5
"2020-06-03 22:47:57",5
"2020-06-03 23:47:49",5
"2020-06-04 00:48:28",5
"2020-06-04 01:48:03",5
"2020-06-04 02:47:57",5
"2020-06-04 03:48:04",5
"2020-06-04 04:48:04",5
"2020-06-04 05:47:59",5
"2020-06-04 06:47:58",5
"2020-06-04 07:48:12",5
"2020-06-04 08:48:19",5
"2020-06-04 09:48:07",5
"2020-06-04 10:47:57",5
"2020-06-04 11:48:06",5
"2020-06-04 12:47:57",5
"2020-06-04 13:48:34",5
"2020-06-04 14:48:56",5
"2020-06-04 15:48:38",5
"2020-06-04 17:11:45",5
"2020-06-04 17:48:06",5
"2020-06-04 18:48:28",5
"2020-06-04 19:47:52",5
"2020-06-04 20:48:35",5
"2020-06-04 21:48:31",5
"2020-06-04 22:47:58",5
"2020-06-04 23:48:02",5
"2020-06-05 00:48:09",5
"2020-06-05 01:47:57",5
"2020-06-05 02:47:53",5
"2020-06-05 03:47:58",5
"2020-06-05 04:48:07",5
"2020-06-05 05:48:08",5
"2020-06-05 06:48:03",5
"2020-06-05 07:48:03",5
"2020-06-05 09:28:13",5
"2020-06-05 09:47:54",5
"2020-06-05 10:47:55",5
"2020-06-05 11:47:58",5
"2020-06-05 13:14:11",5
"2020-06-05 13:48:28",5
"2020-06-05 14:48:02",6
"2020-06-05 15:48:05",6
"2020-06-05 16:48:41",6
"2020-06-05 17:48:04",6
"2020-06-05 18:48:05",6
"2020-06-05 19:48:05",6
"2020-06-05 20:48:38",6
"2020-06-05 21:48:04",6
"2020-06-05 22:48:04",6
"2020-06-05 23:48:06",6
"2020-06-06 00:48:10",6
"2020-06-06 01:47:54",6
"2020-06-06 02:47:59",6
"2020-06-06 03:48:10",6
"2020-06-06 04:48:10",6
"2020-06-06 05:48:15",6
"2020-06-06 06:48:04",6
"2020-06-06 07:48:48",6
"2020-06-06 08:48:11",6
"2020-06-06 09:57:26",6
"2020-06-06 10:47:56",6
"2020-06-06 11:48:03",6
"2020-06-06 12:48:06",6
"2020-06-06 13:47:56",6
"2020-06-06 14:48:38",6
"2020-06-06 15:48:02",6
"2020-06-06 16:48:31",6
"2020-06-06 18:48:03",6
"2020-06-06 19:47:52",6
"2020-06-06 20:48:00",6
"2020-06-06 21:47:59",6
"2020-06-06 22:48:00",6
"2020-06-06 23:48:11",6
"2020-06-07 00:48:14",6
"2020-06-07 01:47:59",6
"2020-06-07 02:48:02",6
"2020-06-07 03:48:03",6
"2020-06-07 04:48:03",6
"2020-06-07 05:48:03",6
"2020-06-07 06:48:02",6
"2020-06-07 07:48:09",6
"2020-06-07 08:48:08",6
"2020-06-08 04:47:54",6
"2020-06-08 05:47:50",6
"2020-06-08 06:48:19",6
"2020-06-08 07:47:47",6
"2020-06-08 08:48:04",6
"2020-06-08 09:47:56",6
"2020-06-08 10:47:54",6
"2020-06-08 11:48:00",6
"2020-06-08 12:48:39",6
"2020-06-08 13:48:04",6
"2020-06-08 14:48:52",7
"2020-06-08 15:47:57",7
"2020-06-08 16:48:18",7
"2020-06-08 17:48:17",7
"2020-06-08 18:48:48",7
"2020-06-08 19:48:44",7
"2020-06-08 20:48:25",7
"2020-06-08 21:48:12",7
"2020-06-08 22:48:11",7
"2020-06-08 23:48:07",7
"2020-06-09 00:48:11",7
"2020-06-09 01:48:23",7
"2020-06-09 02:48:21",7
"2020-06-09 03:47:58",7
"2020-06-09 04:48:35",7
"2020-06-09 05:48:48",7
"2020-06-09 06:48:49",7
"2020-06-09 07:48:21",7
"2020-06-09 08:48:59",7
"2020-06-09 09:48:30",7
"2020-06-09 10:48:15",7
"2020-06-09 11:48:18",7
"2020-06-09 12:48:51",7
"2020-06-09 13:48:39",7
"2020-06-09 14:48:27",7
"2020-06-09 15:48:41",7
"2020-06-09 16:48:44",7
"2020-06-09 17:48:12",7
"2020-06-09 18:48:55",7
"2020-06-09 19:49:09",7
"2020-06-09 20:49:08",7
"2020-06-09 21:48:33",7
"2020-06-09 22:48:41",7
"2020-06-09 23:48:46",7
"2020-06-10 00:48:50",7
"2020-06-10 01:48:31",7
"2020-06-10 02:48:40",7
"2020-06-10 03:48:46",7
"2020-06-10 04:48:29",7
"2020-06-10 05:48:41",7
"2020-06-10 06:48:19",7
"2020-06-10 07:47:56",7
"2020-06-10 08:48:13",7
"2020-06-10 09:47:56",7
"2020-06-10 10:47:59",7
"2020-06-10 11:48:11",7
"2020-06-10 12:48:24",7
"2020-06-10 13:48:49",7
"2020-06-10 15:48:10",7
"2020-06-10 16:48:24",7
"2020-06-10 17:48:21",7
"2020-06-10 18:48:24",7
"2020-06-10 19:48:18",7
"2020-06-10 20:48:08",7
"2020-06-10 21:48:31",7
"2020-06-10 22:48:00",7
"2020-06-10 23:48:35",7
"2020-06-11 00:49:51",7
"2020-06-11 01:48:04",7
"2020-06-11 02:49:01",7
"2020-06-11 03:49:00",7
"2020-06-11 04:48:12",7
"2020-06-11 05:49:01",7
"2020-06-11 06:48:21",7
"2020-06-11 07:48:47",7
"2020-06-11 08:48:13",7
"2020-06-11 09:48:20",7
"2020-06-11 10:48:16",7
"2020-06-11 11:48:00",7
"2020-06-11 12:48:21",7
"2020-06-11 13:48:51",7
"2020-06-11 14:48:22",7
"2020-06-11 15:48:42",7
"2020-06-11 16:49:13",7
"2020-06-11 17:48:33",7
"2020-06-11 18:48:42",7
"2020-06-11 19:48:36",7
"2020-06-11 20:48:07",6
"2020-06-11 21:47:58",6
"2020-06-11 22:47:54",6
"2020-06-11 23:47:51",6
"2020-06-12 00:48:06",6
"2020-06-12 01:48:07",6
"2020-06-12 02:48:06",6
"2020-06-12 03:48:07",6
"2020-06-12 04:48:02",6
"2020-06-12 05:47:57",6
"2020-06-12 06:48:13",6
"2020-06-12 07:48:10",6
"2020-06-12 08:47:59",6
"2020-06-12 09:48:14",6
"2020-06-12 10:48:16",6
"2020-06-12 11:48:05",6
"2020-06-12 14:13:49",6
"2020-06-12 14:21:46",6
"2020-06-12 14:48:41",6
"2020-06-12 15:48:10",6
"2020-06-12 16:48:19",6
"2020-06-12 17:48:19",6
"2020-06-12 18:48:14",6
"2020-06-12 19:48:35",6
"2020-06-12 20:48:33",6
"2020-06-12 21:48:22",6
"2020-06-12 22:47:58",6
"2020-06-12 23:48:01",6
"2020-06-13 00:47:55",6
"2020-06-13 01:47:59",6
"2020-06-13 02:48:02",6
"2020-06-13 03:48:01",6
"2020-06-13 04:48:00",6
"2020-06-13 05:47:56",6
"2020-06-13 06:48:05",6
"2020-06-13 07:48:06",6
"2020-06-13 08:47:57",6
"2020-06-13 09:48:00",6
"2020-06-13 10:47:59",6
"2020-06-13 11:47:55",6
"2020-06-13 12:47:55",6
"2020-06-13 13:47:53",6
"2020-06-13 14:48:02",6
"2020-06-13 15:47:59",6
"2020-06-13 16:48:14",6
"2020-06-13 17:48:00",6
"2020-06-13 18:48:03",6
"2020-06-13 19:47:55",6
"2020-06-13 20:48:01",6
"2020-06-13 21:48:11",6
"2020-06-13 22:48:08",6
"2020-06-13 23:48:08",6
"2020-06-14 00:48:04",6
"2020-06-14 01:47:55",6
"2020-06-14 02:48:05",6
"2020-06-14 03:48:07",6
"2020-06-14 04:47:49",6
"2020-06-14 05:48:26",6
"2020-06-14 06:48:04",6
"2020-06-14 07:48:03",6
"2020-06-14 08:47:58",6
"2020-06-14 09:48:00",6
"2020-06-14 10:48:03",6
"2020-06-14 11:47:54",6
"2020-06-14 12:47:58",6
"2020-06-14 13:48:00",6
"2020-06-14 14:48:02",6
"2020-06-14 15:48:13",6
"2020-06-14 16:47:58",6
"2020-06-14 17:48:03",6
"2020-06-14 18:48:11",6
"2020-06-14 19:48:03",6
"2020-06-14 20:48:04",6
"2020-06-14 21:48:16",6
"2020-06-14 22:47:58",6
"2020-06-14 23:48:04",6
"2020-06-15 00:48:23",6
"2020-06-15 01:48:12",6
"2020-06-15 02:48:07",6
"2020-06-15 03:48:05",6
"2020-06-15 04:48:22",6
"2020-06-15 05:48:36",6
"2020-06-15 06:48:02",6
"2020-06-15 07:48:01",6
"2020-06-15 08:48:37",6
"2020-06-15 09:48:07",6
"2020-06-15 10:47:55",6
"2020-06-15 11:47:58",6
"2020-06-15 12:48:11",6
"2020-06-15 13:48:58",6
"2020-06-15 14:48:45",6
"2020-06-15 15:48:15",6
"2020-06-15 16:48:33",5
"2020-06-15 17:48:19",5
"2020-06-15 18:44:44",5
"2020-06-15 18:52:23",5
"2020-06-15 19:00:02",5
"2020-06-15 19:07:44",5
"2020-06-15 19:15:34",5
"2020-06-15 19:23:19",5
"2020-06-15 19:31:00",5
"2020-06-15 19:38:39",5
"2020-06-15 19:46:19",5
"2020-06-15 19:53:59",5
"2020-06-15 20:01:49",5
"2020-06-15 20:14:31",5
"2020-06-15 20:22:09",5
"2020-06-15 20:29:48",5
"2020-06-15 20:37:26",5
"2020-06-15 20:45:04",5
"2020-06-15 20:52:42",5
"2020-06-15 21:00:25",5
"2020-06-15 21:08:06",5
"2020-06-15 21:15:45",5
"2020-06-15 21:23:23",5
"2020-06-15 21:31:00",5
"2020-06-15 21:38:37",5
"2020-06-15 21:46:15",5
"2020-06-15 21:53:55",5
"2020-06-15 22:48:04",5
"2020-06-15 23:47:56",5
"2020-06-16 00:48:03",5
"2020-06-16 01:47:55",5
"2020-06-16 02:48:53",5
"2020-06-16 03:48:01",5
"2020-06-16 04:47:52",5
"2020-06-16 05:47:59",5
"2020-06-16 06:48:39",5
"2020-06-16 07:48:30",5
"2020-06-16 08:47:56",5
"2020-06-16 09:47:53",5
"2020-06-16 10:48:00",5
"2020-06-16 11:47:53",5
"2020-06-16 12:48:08",5
"2020-06-16 13:48:08",5
"2020-06-16 14:48:32",5
"2020-06-16 15:48:09",5
"2020-06-16 16:48:08",5
"2020-06-16 17:48:50",5
"2020-06-16 18:48:06",5
"2020-06-16 19:48:10",5
"2020-06-16 20:48:12",5
"2020-06-16 21:48:01",5
"2020-06-16 22:47:51",5
"2020-06-16 23:47:52",5
"2020-06-17 00:48:01",5
"2020-06-17 01:48:26",5
"2020-06-17 02:48:08",5
"2020-06-17 03:48:39",5
"2020-06-17 04:48:08",5
"2020-06-17 05:48:04",5
"2020-06-17 06:48:27",5
"2020-06-17 07:48:01",5
"2020-06-17 08:48:00",5
"2020-06-17 09:47:52",5
"2020-06-17 10:47:51",5
"2020-06-17 11:48:04",5
"2020-06-17 12:48:06",5
"2020-06-17 13:48:15",5
"2020-06-17 14:48:04",5
"2020-06-17 15:48:07",5
"2020-06-17 16:48:14",5
"2020-06-17 17:48:12",5
"2020-06-17 18:48:27",5
"2020-06-17 19:48:38",5
"2020-06-17 20:48:40",5
"2020-06-17 21:48:25",5
"2020-06-17 22:48:03",5
"2020-06-17 23:48:04",5
"2020-06-18 00:47:55",5
"2020-06-18 01:48:06",5
"2020-06-18 02:47:52",5
"2020-06-18 03:48:18",5
"2020-06-18 04:48:04",5
"2020-06-18 05:47:53",5
"2020-06-18 06:48:05",5
"2020-06-18 07:48:25",5
"2020-06-18 08:48:00",5
"2020-06-18 09:47:59",5
"2020-06-18 10:47:52",5
"2020-06-18 11:48:18",5
"2020-06-18 12:48:06",5
"2020-06-18 13:48:26",5
"2020-06-18 14:48:25",5
"2020-06-18 17:09:56",5
"2020-06-18 17:48:01",5
"2020-06-18 18:48:21",5
"2020-06-18 19:48:18",5
"2020-06-18 20:48:10",5
"2020-06-18 21:48:27",5
"2020-06-18 22:48:02",5
"2020-06-18 23:48:10",5
"2020-06-19 00:48:33",5
"2020-06-19 01:48:03",5
"2020-06-19 02:47:58",5
"2020-06-19 03:48:34",5
"2020-06-19 04:50:33",5
"2020-06-19 05:48:00",5
"2020-06-19 06:47:58",5
"2020-06-19 07:48:27",5
"2020-06-19 08:48:43",5
"2020-06-19 09:48:28",5
"2020-06-19 10:48:01",5
"2020-06-19 11:47:58",5
"2020-06-19 13:11:41",5
"2020-06-19 13:48:37",5
"2020-06-19 14:48:07",5
"2020-06-19 15:48:12",5
"2020-06-19 16:48:02",5
"2020-06-19 17:48:28",6
"2020-06-19 18:48:01",6
"2020-06-19 19:48:07",6
"2020-06-19 20:48:05",6
"2020-06-19 21:47:59",6
"2020-06-19 22:48:08",6
"2020-06-19 23:48:26",6
"2020-06-20 00:48:08",6
"2020-06-20 01:48:21",6
"2020-06-20 02:48:16",6
"2020-06-20 03:47:57",6
"2020-06-20 04:47:48",6
"2020-06-20 05:48:01",6
"2020-06-20 06:47:57",6
"2020-06-20 07:48:01",6
"2020-06-20 08:48:01",6
"2020-06-20 09:48:00",6
"2020-06-20 10:47:59",6
"2020-06-20 11:48:04",6
"2020-06-20 12:48:02",6
"2020-06-20 13:48:06",6
"2020-06-20 14:48:02",6
"2020-06-20 15:47:51",6
"2020-06-20 16:48:30",6
"2020-06-20 17:47:56",6
"2020-06-20 18:47:56",6
"2020-06-20 19:48:18",6
"2020-06-20 20:48:00",6
"2020-06-20 21:48:03",6
"2020-06-20 22:48:11",6
"2020-06-20 23:48:10",6
"2020-06-21 00:48:09",6
"2020-06-21 01:48:00",6
"2020-06-21 02:48:03",6
"2020-06-21 03:48:36",6
"2020-06-21 04:48:00",6
"2020-06-21 05:48:36",6
"2020-06-21 06:48:04",6
"2020-06-21 07:48:02",6
"2020-06-21 08:47:54",6
"2020-06-21 09:47:52",6
"2020-06-21 10:47:49",6
"2020-06-21 11:48:02",6
"2020-06-21 12:48:11",6
"2020-06-21 13:48:09",6
"2020-06-21 14:48:42",6
"2020-06-21 15:48:02",6
"2020-06-21 16:47:53",6
"2020-06-21 17:47:56",6
"2020-06-21 18:48:04",6
"2020-06-21 19:48:05",6
"2020-06-21 20:48:03",6
"2020-06-21 21:48:07",6
"2020-06-21 22:48:30",6
"2020-06-21 23:48:13",6
"2020-06-22 00:47:55",6
"2020-06-22 01:48:28",6
"2020-06-22 02:48:08",6
"2020-06-22 03:47:59",6
"2020-06-22 04:48:08",6
"2020-06-22 05:48:34",6
"2020-06-22 06:48:04",6
"2020-06-22 07:47:52",6
"2020-06-22 08:48:08",6
"2020-06-22 09:48:06",6
"2020-06-22 10:48:34",6
"2020-06-22 11:47:58",6
"2020-06-22 12:48:07",6
"2020-06-22 13:48:08",6
"2020-06-22 14:48:12",6
"2020-06-22 15:48:32",6
"2020-06-22 16:48:10",6
"2020-06-22 17:49:43",6
"2020-06-22 18:48:01",6
"2020-06-22 20:47:58",6
"2020-06-22 21:49:13",6
"2020-06-22 22:47:53",6
"2020-06-22 23:48:01",6
"2020-06-23 00:47:56",6
"2020-06-23 01:48:02",6
"2020-06-23 02:48:14",6
"2020-06-23 03:48:13",6
"2020-06-23 04:48:25",6
"2020-06-23 05:48:22",6
"2020-06-23 06:47:57",6
"2020-06-23 07:48:13",6
"2020-06-23 08:48:58",6
"2020-06-23 09:48:00",6
"2020-06-23 10:48:13",6
"2020-06-23 11:48:06",6
"2020-06-23 12:48:11",6
"2020-06-23 13:48:16",6
"2020-06-23 14:48:11",6
"2020-06-23 15:48:24",6
"2020-06-23 16:48:08",6
"2020-06-23 17:48:17",6
"2020-06-23 18:48:33",6
"2020-06-23 19:47:56",6
"2020-06-23 20:48:09",6
"2020-06-23 21:47:58",6
"2020-06-23 22:48:29",6
"2020-06-23 23:48:36",6
"2020-06-24 00:48:35",6
"2020-06-24 01:48:32",6
"2020-06-24 02:48:41",6
"2020-06-24 03:48:00",6
"2020-06-24 04:48:28",6
"2020-06-24 05:48:40",6
"2020-06-24 06:48:11",6
"2020-06-24 07:48:02",6
"2020-06-24 08:48:31",6
"2020-06-24 09:48:11",6
"2020-06-24 10:48:15",6
"2020-06-24 11:47:57",6
"2020-06-24 12:48:07",6
"2020-06-24 13:48:13",6
"2020-06-24 14:48:07",6
"2020-06-24 15:48:01",6
"2020-06-24 16:48:15",6
"2020-06-24 17:48:33",6
"2020-06-24 18:48:30",6
"2020-06-24 19:48:34",6
"2020-06-24 20:48:06",6
"2020-06-24 21:48:14",6
"2020-06-24 22:48:14",6
"2020-06-24 23:48:07",6
"2020-06-25 00:48:23",6
"2020-06-25 01:48:07",6
"2020-06-25 02:47:54",6
"2020-06-25 03:48:02",6
"2020-06-25 04:48:07",6
"2020-06-25 05:48:05",6
"2020-06-25 06:48:14",6
"2020-06-25 07:48:15",6
"2020-06-25 08:48:14",6
"2020-06-25 09:48:34",6
"2020-06-25 10:47:59",6
"2020-06-25 11:48:53",6
"2020-06-25 13:10:45",6
"2020-06-25 13:48:35",6
"2020-06-25 14:49:06",6
"2020-06-25 15:48:43",6
"2020-06-25 16:48:38",6
"2020-06-25 17:48:44",6
"2020-06-25 18:48:16",6
"2020-06-25 19:48:17",6
"2020-06-25 20:48:08",6
"2020-06-25 21:48:32",6
"2020-06-25 22:48:42",6
"2020-06-25 23:48:01",6
"2020-06-26 00:48:46",6
"2020-06-26 01:48:16",6
"2020-06-26 02:48:16",6
"2020-06-26 03:48:31",6
"2020-06-26 04:47:59",6
"2020-06-26 05:48:12",6
"2020-06-26 06:48:15",6
"2020-06-26 07:48:25",6
"2020-06-26 08:48:23",6
"2020-06-26 09:48:10",6
"2020-06-26 10:48:02",6
"2020-06-26 11:48:10",6
"2020-06-26 12:48:14",6
"2020-06-26 13:48:57",6
"2020-06-26 14:48:14",6
"2020-06-26 15:48:04",6
"2020-06-26 16:48:16",6
"2020-06-26 17:48:05",6
"2020-06-26 18:48:15",6
"2020-06-26 19:48:17",6
"2020-06-26 20:48:03",6
"2020-06-26 21:48:08",6
"2020-06-26 22:48:36",6
"2020-06-26 23:47:58",6
"2020-06-27 00:48:56",6
"2020-06-27 01:48:34",6
"2020-06-27 02:48:32",6
"2020-06-27 03:48:30",6
"2020-06-27 04:48:41",6
"2020-06-27 05:47:58",6
"2020-06-27 06:48:10",6
"2020-06-27 07:48:10",6
"2020-06-27 08:48:05",6
"2020-06-27 09:48:05",6
"2020-06-27 10:48:08",6
"2020-06-27 11:47:56",6
"2020-06-27 12:48:20",6
"2020-06-27 13:48:12",6
"2020-06-27 14:47:55",6
"2020-06-27 15:48:39",6
"2020-06-27 16:48:09",6
"2020-06-27 17:48:02",6
"2020-06-27 18:48:05",6
"2020-06-27 19:48:07",6
"2020-06-27 20:47:59",6
"2020-06-27 21:48:04",6
"2020-06-27 22:48:08",6
"2020-06-27 23:47:59",6
"2020-06-28 00:48:19",6
"2020-06-28 01:47:58",6
"2020-06-28 02:48:11",6
"2020-06-28 03:47:59",6
"2020-06-28 04:47:58",6
"2020-06-28 05:48:05",6
"2020-06-28 06:48:07",6
"2020-06-28 07:48:22",6
"2020-06-28 08:48:16",6
"2020-06-28 09:48:02",6
"2020-06-28 10:48:06",6
"2020-06-28 11:47:58",6
"2020-06-28 12:48:08",6
"2020-06-28 13:48:09",6
"2020-06-28 14:47:59",6
"2020-06-28 15:48:13",6
"2020-06-28 16:48:07",6
"2020-06-28 17:48:05",6
"2020-06-28 18:48:14",6
"2020-06-28 19:48:11",6
"2020-06-28 20:47:57",6
"2020-06-28 21:48:14",6
"2020-06-28 22:48:25",6
"2020-06-28 23:48:16",6
"2020-06-29 00:48:24",6
"2020-06-29 01:47:58",6
"2020-06-29 02:48:12",6
"2020-06-29 03:48:06",6
"2020-06-29 04:48:10",6
"2020-06-29 05:48:00",6
"2020-06-29 06:48:16",6
"2020-06-29 07:48:21",6
"2020-06-29 08:48:08",6
"2020-06-29 09:48:10",6
"2020-06-29 10:48:05",6
"2020-06-29 11:48:02",6
"2020-06-29 12:48:14",6
"2020-06-29 13:48:28",6
"2020-06-29 14:48:40",6
"2020-06-29 15:48:12",6
"2020-06-29 16:48:08",6
"2020-06-29 17:48:05",6
"2020-06-29 18:48:04",6
"2020-06-29 19:48:14",6
"2020-06-29 20:48:12",6
"2020-06-29 21:48:11",6
"2020-06-29 22:48:02",6
"2020-06-29 23:48:17",6
"2020-06-30 00:48:36",6
"2020-06-30 01:48:13",6
"2020-06-30 02:48:48",6
"2020-06-30 03:48:04",6
"2020-06-30 04:48:39",6
"2020-06-30 05:48:14",6
"2020-06-30 06:48:29",6
"2020-06-30 07:48:04",6
"2020-06-30 08:48:05",6
"2020-06-30 09:48:15",6
"2020-06-30 10:50:11",6
"2020-06-30 11:48:07",6
"2020-06-30 12:48:04",6
"2020-06-30 13:49:06",6
"2020-06-30 14:48:20",6
"2020-06-30 15:48:33",6
"2020-06-30 16:48:57",6
"2020-06-30 17:48:13",6
"2020-06-30 18:48:30",6
"2020-06-30 19:48:09",6
"2020-06-30 20:48:23",6
"2020-06-30 21:48:43",6
"2020-06-30 22:47:55",6
"2020-06-30 23:48:03",6
"2020-07-01 00:49:21",6
"2020-07-01 01:48:12",6
"2020-07-01 02:48:40",6
"2020-07-01 03:48:14",6
"2020-07-01 04:48:16",6
"2020-07-01 05:48:25",6
"2020-07-01 06:48:14",6
"2020-07-01 07:48:16",6
"2020-07-01 08:48:45",6
"2020-07-01 09:49:07",6
"2020-07-01 10:48:52",6
"2020-07-01 11:48:18",6
"2020-07-01 13:10:20",6
"2020-07-01 13:48:58",6
"2020-07-01 14:49:02",6
"2020-07-01 15:49:01",6
"2020-07-01 16:48:51",6
"2020-07-01 17:48:41",6
"2020-07-01 18:48:43",6
"2020-07-01 19:49:00",6
"2020-07-01 20:48:46",6
"2020-07-01 21:48:10",6
"2020-07-01 22:48:43",6
"2020-07-01 23:48:14",6
"2020-07-02 00:49:50",6
"2020-07-02 01:48:15",6
"2020-07-02 02:48:21",6
"2020-07-02 03:48:26",6
"2020-07-02 04:48:19",6
"2020-07-02 05:48:26",6
"2020-07-02 06:48:16",6
"2020-07-02 07:48:07",6
"2020-07-02 08:48:16",6
"2020-07-02 09:48:41",6
"2020-07-02 10:48:20",6
"2020-07-02 11:48:22",6
"2020-07-02 13:13:20",6
"2020-07-02 13:48:49",6
"2020-07-02 14:48:24",6
"2020-07-02 15:48:27",6
"2020-07-02 16:48:39",6
"2020-07-02 17:48:32",6
"2020-07-02 18:48:36",6
"2020-07-02 19:48:38",6
"2020-07-02 20:48:05",6
"2020-07-02 21:48:23",6
"2020-07-02 22:48:08",6
"2020-07-02 23:48:05",6
"2020-07-03 00:48:48",6
"2020-07-03 01:48:26",6
"2020-07-03 02:48:38",6
"2020-07-03 03:48:11",6
"2020-07-03 04:48:43",6
"2020-07-03 05:48:15",6
"2020-07-03 06:48:14",6
"2020-07-03 07:48:15",6
"2020-07-03 08:48:14",6
"2020-07-03 09:48:40",6
"2020-07-03 10:48:19",6
"2020-07-03 11:48:09",6
"2020-07-03 12:48:10",6
"2020-07-03 13:48:14",6
"2020-07-03 14:48:21",6
"2020-07-03 15:48:13",6
"2020-07-03 16:48:13",6
"2020-07-03 17:48:12",6
"2020-07-03 18:48:25",6
"2020-07-03 19:48:16",6
"2020-07-03 20:48:20",6
"2020-07-03 21:48:14",6
"2020-07-03 22:48:10",6
"2020-07-03 23:48:19",6
"2020-07-04 00:48:09",6
"2020-07-04 01:48:30",6
"2020-07-04 02:48:38",6
"2020-07-04 03:48:07",6
"2020-07-04 04:48:02",6
"2020-07-04 05:48:15",6
"2020-07-04 06:48:22",6
"2020-07-04 07:48:12",6
"2020-07-04 08:48:18",6
"2020-07-04 09:48:18",6
"2020-07-04 11:40:21",6
"2020-07-04 11:48:13",6
"2020-07-04 12:48:20",6
"2020-07-04 13:48:14",6
"2020-07-04 14:48:22",6
"2020-07-04 15:48:00",6
"2020-07-04 16:48:41",6
"2020-07-04 17:48:09",6
"2020-07-04 18:48:17",6
"2020-07-04 19:48:05",6
"2020-07-04 20:48:14",6
"2020-07-04 21:48:17",6
"2020-07-04 22:48:05",6
"2020-07-04 23:48:25",6
"2020-07-05 00:48:21",6
"2020-07-05 01:48:19",6
"2020-07-05 02:48:03",6
"2020-07-05 03:48:10",6
"2020-07-05 04:48:07",6
"2020-07-05 05:48:19",6
"2020-07-05 06:48:22",6
"2020-07-05 07:48:22",6
"2020-07-05 08:48:16",6
"2020-07-05 11:36:51",6
"2020-07-05 11:40:02",6
"2020-07-05 11:49:33",6
"2020-07-05 12:48:08",6
"2020-07-05 13:48:17",6
"2020-07-05 14:48:06",6
"2020-07-05 15:48:31",6
"2020-07-05 16:48:16",6
"2020-07-05 17:48:09",6
"2020-07-05 18:48:05",6
"2020-07-05 19:48:23",6
"2020-07-05 20:48:12",6
"2020-07-05 21:48:17",6
"2020-07-05 22:48:04",6
"2020-07-05 23:48:08",6
"2020-07-06 00:48:16",6
"2020-07-06 01:48:23",6
"2020-07-06 02:48:13",6
"2020-07-06 03:48:12",6
"2020-07-06 04:48:09",6
"2020-07-06 05:47:56",6
"2020-07-06 06:48:23",6
"2020-07-06 07:48:39",6
"2020-07-06 08:48:22",6
"2020-07-06 11:42:21",6
"2020-07-06 11:46:21",6
"2020-07-06 11:54:01",6
"2020-07-06 14:11:55",6
"2020-07-06 14:19:54",6
"2020-07-06 14:48:43",6
"2020-07-06 15:48:22",6
"2020-07-06 16:48:55",6
"2020-07-06 17:48:20",6
"2020-07-06 18:48:08",6
"2020-07-06 19:48:05",6
"2020-07-06 20:48:24",6
"2020-07-06 21:48:06",6
"2020-07-06 22:48:39",6
"2020-07-06 23:48:07",6
"2020-07-07 00:48:19",6
"2020-07-07 01:48:02",6
"2020-07-07 02:48:12",6
"2020-07-07 03:48:47",6
"2020-07-07 04:48:08",6
"2020-07-07 05:48:01",6
"2020-07-07 06:48:01",6
"2020-07-07 07:47:56",6
"2020-07-07 08:48:06",6
"2020-07-07 11:27:03",6
"2020-07-07 11:34:09",6
"2020-07-07 11:48:11",6
"2020-07-07 12:48:19",6
"2020-07-07 13:48:22",6
"2020-07-07 14:48:11",6
"2020-07-07 15:48:56",6
"2020-07-07 16:49:38",6
"2020-07-07 17:48:30",6
"2020-07-07 18:48:06",6
"2020-07-07 19:48:55",6
"2020-07-07 20:48:22",6
"2020-07-07 21:48:59",6
"2020-07-07 22:48:19",6
"2020-07-07 23:48:19",6
"2020-07-08 00:50:00",6
"2020-07-08 01:48:38",6
"2020-07-08 02:48:17",6
"2020-07-08 03:48:24",6
"2020-07-08 04:48:14",6
"2020-07-08 05:48:39",6
"2020-07-08 06:48:22",6
"2020-07-08 07:48:15",6
"2020-07-08 08:48:22",6
"2020-07-08 12:00:58",6
"2020-07-08 12:01:34",6
"2020-07-08 12:07:37",6
"2020-07-08 13:14:23",6
"2020-07-08 13:48:39",6
"2020-07-08 14:48:18",6
"2020-07-08 15:48:20",6
"2020-07-08 16:48:14",6
"2020-07-08 17:48:21",6
"2020-07-08 18:48:40",6
"2020-07-08 19:48:47",6
"2020-07-08 20:48:16",6
"2020-07-08 21:48:18",6
"2020-07-08 22:48:18",6
"2020-07-08 23:48:23",6
"2020-07-09 00:49:50",6
"2020-07-09 01:48:17",6
"2020-07-09 18:48:40",6
"2020-07-09 18:53:57",6
"2020-07-09 19:01:40",6
"2020-07-09 19:50:20",6
"2020-07-09 20:48:26",6
"2020-07-09 21:48:34",6
"2020-07-09 22:48:38",6
"2020-07-09 23:48:19",6
"2020-07-10 00:49:45",6
"2020-07-10 01:48:26",6
"2020-07-10 02:48:42",6
"2020-07-10 03:48:17",6
"2020-07-10 04:47:59",6
"2020-07-10 05:48:07",6
"2020-07-10 06:48:20",6
"2020-07-10 07:48:13",6
"2020-07-10 08:48:11",6
"2020-07-10 11:45:59",6
"2020-07-10 11:53:40",6
"2020-07-10 12:01:17",6
"2020-07-10 13:14:18",6
"2020-07-10 13:48:21",6
"2020-07-10 14:48:05",6
"2020-07-10 15:48:24",6
"2020-07-10 16:48:25",6
"2020-07-10 17:48:09",6
"2020-07-10 18:48:22",6
"2020-07-10 19:48:22",6
"2020-07-10 20:48:10",6
"2020-07-10 21:48:40",6
"2020-07-10 22:48:05",6
"2020-07-10 23:48:23",6
"2020-07-11 00:48:11",6
"2020-07-11 01:48:18",6
"2020-07-11 02:48:00",6
"2020-07-11 03:48:22",6
"2020-07-11 04:48:19",6
"2020-07-11 05:48:10",6
"2020-07-11 06:48:12",6
"2020-07-11 07:48:28",6
"2020-07-11 08:48:23",6
"2020-07-11 11:52:19",6
"2020-07-11 12:03:42",6
"2020-07-11 12:10:00",6
"2020-07-11 12:48:17",6
"2020-07-11 13:48:15",6
"2020-07-11 14:48:19",6
"2020-07-11 15:48:19",6
"2020-07-11 16:48:01",6
"2020-07-11 17:48:13",6
"2020-07-11 18:48:14",6
"2020-07-11 19:48:12",6
"2020-07-11 20:47:58",6
"2020-07-11 21:48:37",6
"2020-07-11 22:48:26",6
"2020-07-11 23:48:09",6
"2020-07-12 00:48:10",6
"2020-07-12 01:48:48",6
"2020-07-12 02:48:13",6
"2020-07-12 03:48:21",6
"2020-07-12 04:48:04",6
"2020-07-12 05:48:14",6
"2020-07-12 06:48:35",6
"2020-07-12 07:48:10",6
"2020-07-12 08:48:04",6
"2020-07-12 11:40:01",6
"2020-07-12 11:43:41",6
"2020-07-12 11:55:33",6
"2020-07-12 12:48:05",6
"2020-07-12 13:48:14",6
"2020-07-12 14:48:01",6
"2020-07-12 15:48:13",6
"2020-07-12 16:48:20",6
"2020-07-12 17:48:02",6
"2020-07-12 18:48:07",6
"2020-07-12 19:48:16",6
"2020-07-12 20:48:12",6
"2020-07-12 21:48:02",6
"2020-07-12 22:48:28",6
"2020-07-12 23:48:10",6
"2020-07-13 00:48:34",6
"2020-07-13 01:48:31",6
"2020-07-13 02:48:55",6
"2020-07-13 03:48:24",6
"2020-07-13 04:48:22",6
"2020-07-13 05:48:09",6
"2020-07-13 06:48:33",6
"2020-07-13 07:48:09",6
"2020-07-13 08:48:20",6
"2020-07-13 12:07:17",6
"2020-07-13 12:11:31",6
"2020-07-13 12:14:50",6
"2020-07-13 12:48:58",6
"2020-07-13 13:48:21",6
"2020-07-13 14:48:16",6
"2020-07-13 15:48:32",6
"2020-07-13 16:49:01",6
"2020-07-13 17:48:19",6
"2020-07-13 18:48:25",6
"2020-07-13 19:48:43",6
"2020-07-13 20:48:32",6
"2020-07-13 21:48:33",6
"2020-07-13 22:48:37",6
"2020-07-13 23:48:35",6
"2020-07-14 00:49:24",6
"2020-07-14 01:48:46",6
"2020-07-14 02:48:46",6
"2020-07-14 03:48:22",6
"2020-07-14 04:48:14",6
"2020-07-14 05:48:20",6
"2020-07-14 06:48:18",6
"2020-07-14 07:48:32",6
"2020-07-14 08:48:29",6
"2020-07-14 12:11:02",6
"2020-07-14 12:20:37",6
"2020-07-14 12:24:29",6
"2020-07-14 12:48:31",6
"2020-07-14 13:49:00",6
"2020-07-14 14:48:48",6
"2020-07-14 15:49:04",6
"2020-07-14 16:49:25",6
"2020-07-14 17:49:21",6
"2020-07-14 18:48:59",6
"2020-07-14 19:48:36",6
"2020-07-14 20:48:45",6
"2020-07-14 21:48:37",6
"2020-07-14 22:48:50",6
"2020-07-14 23:48:49",6
"2020-07-15 00:49:12",6
"2020-07-15 01:48:55",6
"2020-07-15 02:32:47",6
"2020-07-15 02:40:27",6
"2020-07-15 02:48:07",6
"2020-07-15 02:56:00",6
"2020-07-15 03:17:30",6
"2020-07-15 03:25:21",6
"2020-07-15 03:33:13",6
"2020-07-15 03:40:56",6
"2020-07-15 03:48:39",6
"2020-07-15 03:56:24",6
"2020-07-15 04:04:13",6
"2020-07-15 04:12:00",6
"2020-07-15 04:19:44",6
"2020-07-15 04:27:28",6
"2020-07-15 04:35:22",6
"2020-07-15 04:43:05",6
"2020-07-15 04:50:48",6
"2020-07-15 04:58:40",6
"2020-07-15 05:06:54",6
"2020-07-15 05:14:35",6
"2020-07-15 12:21:25",6
"2020-07-15 12:29:25",6
"2020-07-15 12:37:21",6
"2020-07-15 12:45:14",6
"2020-07-15 12:53:10",6
"2020-07-15 13:01:04",6
"2020-07-15 13:09:09",6
"2020-07-15 13:17:21",6
"2020-07-15 13:25:28",6
"2020-07-15 13:33:34",6
"2020-07-15 13:41:34",6
"2020-07-15 13:49:34",6
"2020-07-15 13:57:29",6
"2020-07-15 14:05:32",6
"2020-07-15 14:13:40",6
"2020-07-15 14:21:42",6
"2020-07-15 14:29:41",6
"2020-07-15 14:37:41",6
"2020-07-15 14:47:36",6
"2020-07-15 14:57:30",6
"2020-07-15 15:07:39",6
"2020-07-15 15:17:38",6
"2020-07-15 15:27:33",6
"2020-07-15 15:37:30",6
"2020-07-15 15:47:43",6
"2020-07-15 15:57:47",6
"2020-07-15 16:07:49",6
"2020-07-15 16:17:53",6
"2020-07-15 16:27:57",6
"2020-07-15 16:38:10",6
"2020-07-15 16:48:23",6
"2020-07-15 16:58:25",6
"2020-07-15 17:15:46",6
"2020-07-15 17:23:38",6
"2020-07-15 17:31:23",6
"2020-07-15 17:39:10",6
"2020-07-15 17:46:57",6
"2020-07-15 17:54:45",6
"2020-07-15 18:02:48",6
"2020-07-15 18:10:43",6
"2020-07-15 18:18:38",6
"2020-07-15 18:26:29",6
"2020-07-15 18:34:23",6
"2020-07-15 18:42:30",6
"2020-07-15 18:50:35",6
"2020-07-15 18:58:31",6
"2020-07-15 19:06:50",6
"2020-07-15 19:14:46",6
"2020-07-15 19:22:35",6
"2020-07-15 19:30:32",6
"2020-07-15 19:40:35",6
"2020-07-15 19:50:25",6
"2020-07-15 20:00:17",6
"2020-07-15 20:10:15",6
"2020-07-15 20:20:23",6
"2020-07-15 20:30:12",6
"2020-07-15 20:40:00",6
"2020-07-15 20:49:46",6
"2020-07-15 20:59:31",6
"2020-07-15 21:09:23",6
"2020-07-15 21:19:11",6
"2020-07-15 21:28:54",6
"2020-07-15 21:39:29",6
"2020-07-15 21:49:25",6
"2020-07-15 21:59:38",6
"2020-07-15 22:09:35",6
"2020-07-15 22:19:30",6
"2020-07-15 22:29:18",6
"2020-07-15 22:39:02",6
"2020-07-15 22:48:46",6
"2020-07-15 23:00:20",6
"2020-07-15 23:12:04",6
"2020-07-15 23:18:26",6
"2020-07-15 23:28:13",6
"2020-07-15 23:38:03",6
"2020-07-15 23:47:48",6
"2020-07-15 23:57:43",6
"2020-07-16 00:08:19",6
"2020-07-16 00:18:46",6
"2020-07-16 00:29:07",6
"2020-07-16 00:39:21",6
"2020-07-16 00:49:14",6
"2020-07-16 00:59:02",6
"2020-07-16 01:08:55",6
"2020-07-16 01:18:52",6
"2020-07-16 01:28:42",6
"2020-07-16 01:38:27",6
"2020-07-16 01:48:14",6
"2020-07-16 01:58:06",6
"2020-07-16 02:08:02",6
"2020-07-16 02:18:12",6
"2020-07-16 02:28:30",6
"2020-07-16 02:38:31",6
"2020-07-16 02:48:45",6
"2020-07-16 03:02:53",6
"2020-07-16 03:06:42",6
"2020-07-16 03:19:26",6
"2020-07-16 03:29:27",6
"2020-07-16 03:39:32",6
"2020-07-16 03:49:32",6
"2020-07-16 03:59:48",6
"2020-07-16 04:10:08",6
"2020-07-16 04:20:05",6
"2020-07-16 04:30:00",6
"2020-07-16 04:39:56",6
"2020-07-16 04:49:50",6
"2020-07-16 04:59:43",6
"2020-07-16 05:09:41",6
"2020-07-16 05:19:34",6
"2020-07-16 05:29:25",6
"2020-07-16 05:41:55",6
"2020-07-16 05:53:19",6
"2020-07-16 06:03:17",6
"2020-07-16 06:13:07",6
"2020-07-16 06:21:17",6
"2020-07-16 06:30:27",6
"2020-07-16 06:39:35",6
"2020-07-16 06:48:59",6
"2020-07-16 07:09:48",6
"2020-07-16 07:15:53",6
"2020-07-16 07:20:37",6
"2020-07-16 07:31:47",6
"2020-07-16 07:46:08",6
"2020-07-16 08:02:46",6
"2020-07-16 08:13:34",6
"2020-07-16 08:23:11",6
"2020-07-16 08:32:23",6
"2020-07-16 08:42:09",6
"2020-07-16 08:51:07",6
"2020-07-16 09:00:19",6
"2020-07-16 09:10:09",6
"2020-07-16 09:20:14",6
"2020-07-16 09:30:03",6
"2020-07-16 09:39:34",6
"2020-07-16 09:48:26",6
"2020-07-16 09:57:08",6
"2020-07-16 10:06:15",6
"2020-07-16 10:15:06",6
"2020-07-16 10:23:37",6
"2020-07-16 10:31:58",6
"2020-07-16 10:40:24",6
"2020-07-16 10:50:54",6
"2020-07-16 11:01:39",6
"2020-07-16 11:12:45",6
"2020-07-16 11:23:22",6
"2020-07-16 11:33:50",6
"2020-07-16 11:44:22",6
"2020-07-16 11:55:21",6
"2020-07-16 12:07:08",6
"2020-07-16 12:18:30",6
"2020-07-16 12:29:32",6
"2020-07-16 12:40:47",6
"2020-07-16 12:51:56",6
"2020-07-16 13:03:08",6
"2020-07-16 13:14:53",6
"2020-07-16 13:26:33",6
"2020-07-16 13:38:28",6
"2020-07-16 13:49:42",6
"2020-07-16 14:00:23",6
"2020-07-16 14:11:46",6
"2020-07-16 14:22:54",6
"2020-07-16 14:35:50",6
"2020-07-16 14:48:21",6
"2020-07-16 14:55:15",6
"2020-07-16 15:06:23",6
"2020-07-16 15:17:31",6
"2020-07-16 17:00:48",6
"2020-07-16 17:08:58",6
"2020-07-16 17:17:17",6
"2020-07-16 17:25:23",6
"2020-07-16 17:33:35",6
"2020-07-16 17:41:46",6
"2020-07-16 17:49:51",6
"2020-07-16 17:57:55",6
"2020-07-16 18:06:16",6
"2020-07-16 18:14:24",6
"2020-07-16 18:22:40",6
"2020-07-16 18:30:46",6
"2020-07-16 18:38:53",6
"2020-07-16 18:47:03",6
"2020-07-16 18:55:23",6
"2020-07-16 19:03:33",6
"2020-07-16 19:11:38",6
"2020-07-16 19:19:46",6
"2020-07-16 19:29:51",6
"2020-07-16 19:39:59",6
"2020-07-16 19:50:05",6
"2020-07-16 20:00:06",6
"2020-07-16 20:10:14",6
"2020-07-16 20:20:15",6
"2020-07-16 20:30:14",6
"2020-07-16 20:40:18",6
"2020-07-16 20:50:22",6
"2020-07-16 21:00:25",6
"2020-07-16 21:10:32",6
"2020-07-16 21:20:36",6
"2020-07-16 21:31:00",6
"2020-07-16 21:41:09",6
"2020-07-16 21:51:10",6
"2020-07-16 22:01:17",6
"2020-07-16 22:11:23",6
"2020-07-16 22:21:23",6
"2020-07-16 22:31:25",6
"2020-07-16 22:41:27",6
"2020-07-16 22:53:12",6
"2020-07-16 23:05:03",6
"2020-07-16 23:11:33",6
"2020-07-16 23:21:32",6
"2020-07-16 23:31:33",6
"2020-07-16 23:41:31",6
"2020-07-16 23:51:28",6
"2020-07-17 00:01:58",6
"2020-07-17 00:12:42",6
"2020-07-17 00:23:13",6
"2020-07-17 00:33:48",6
"2020-07-17 00:44:12",6
"2020-07-17 00:54:20",6
"2020-07-17 01:04:39",6
"2020-07-17 01:14:45",6
"2020-07-17 01:24:48",6
"2020-07-17 01:34:48",6
"2020-07-17 01:44:51",6
"2020-07-17 01:54:54",6
"2020-07-17 02:04:59",6
"2020-07-17 02:15:05",6
"2020-07-17 02:25:09",6
"2020-07-17 02:35:06",6
"2020-07-17 02:45:02",6
"2020-07-17 02:59:05",6
"2020-07-17 03:02:56",6
"2020-07-17 03:15:11",6
"2020-07-17 03:25:15",6
"2020-07-17 03:35:22",6
"2020-07-17 03:45:26",6
"2020-07-17 03:55:34",6
"2020-07-17 04:05:48",6
"2020-07-17 04:15:54",6
"2020-07-17 04:25:59",6
"2020-07-17 04:36:06",6
"2020-07-17 04:46:07",6
"2020-07-17 04:56:10",6
"2020-07-17 05:06:20",6
"2020-07-17 05:16:25",6
"2020-07-17 05:26:27",6
"2020-07-17 05:36:27",6
"2020-07-17 05:46:28",6
"2020-07-17 05:56:28",6
"2020-07-17 06:06:42",6
"2020-07-17 06:14:49",6
"2020-07-17 06:22:55",6
"2020-07-17 06:31:16",6
"2020-07-17 06:39:24",6
"2020-07-17 06:56:14",6
"2020-07-17 07:00:43",6
"2020-07-17 07:04:26",6
"2020-07-17 07:12:41",6
"2020-07-17 07:20:50",6
"2020-07-17 07:28:58",6
"2020-07-17 07:37:06",6
"2020-07-17 07:45:11",6
"2020-07-17 07:53:16",6
"2020-07-17 08:01:26",6
"2020-07-17 08:09:50",6
"2020-07-17 08:18:24",6
"2020-07-17 08:26:55",6
"2020-07-17 08:35:29",6
"2020-07-17 08:43:54",6
"2020-07-17 08:52:04",6
"2020-07-17 09:00:16",6
"2020-07-17 09:08:31",6
"2020-07-17 09:16:41",6
"2020-07-17 09:24:45",6
"2020-07-17 09:32:54",6
"2020-07-17 09:40:55",6
"2020-07-17 09:48:56",6
"2020-07-17 09:57:13",6
"2020-07-17 10:07:32",6
"2020-07-17 10:17:26",6
"2020-07-17 10:21:30",6
"2020-07-17 10:29:31",6
"2020-07-17 10:39:33",6
"2020-07-17 10:49:37",6
"2020-07-17 10:59:57",6
"2020-07-17 11:10:14",6
"2020-07-17 11:20:20",6
"2020-07-17 11:30:28",6
"2020-07-17 11:40:34",6
"2020-07-17 11:50:36",6
"2020-07-17 12:00:51",6
"2020-07-17 12:11:16",6
"2020-07-17 12:21:34",6
"2020-07-17 12:31:41",6
"2020-07-17 12:41:46",6
"2020-07-17 12:51:48",6
"2020-07-17 13:02:21",6
"2020-07-17 13:12:59",6
"2020-07-17 13:23:21",6
"2020-07-17 13:31:54",6
"2020-07-17 13:40:24",6
"2020-07-17 13:48:31",6
"2020-07-17 13:56:52",6
"2020-07-17 14:05:48",6
"2020-07-17 14:14:11",6
"2020-07-17 14:22:34",6
"2020-07-17 14:30:54",6
"2020-07-17 14:39:05",6
"2020-07-17 14:47:08",6
"2020-07-17 14:55:22",6
"2020-07-17 15:04:16",6
"2020-07-17 15:13:07",6
"2020-07-17 15:21:51",6
"2020-07-17 15:30:23",6
"2020-07-17 15:38:49",6
"2020-07-17 15:47:17",6
"2020-07-17 15:55:38",6
"2020-07-17 16:02:16",6
"2020-07-17 16:11:06",6
"2020-07-17 16:18:32",6
"2020-07-17 16:27:18",6
"2020-07-17 16:36:03",6
"2020-07-17 16:44:30",6
"2020-07-17 16:52:57",6
"2020-07-17 17:06:00",6
"2020-07-17 17:14:08",6
"2020-07-17 17:22:43",6
"2020-07-17 17:31:07",6
"2020-07-17 17:39:34",6
"2020-07-17 17:48:01",6
"2020-07-17 17:56:31",6
"2020-07-17 18:05:19",6
"2020-07-17 18:13:52",6
"2020-07-17 18:22:26",6
"2020-07-17 18:30:55",6
"2020-07-17 18:39:24",6
"2020-07-17 18:47:52",6
"2020-07-17 18:56:12",6
"2020-07-17 19:08:51",6
"2020-07-17 19:17:31",6
"2020-07-17 19:25:50",6
"2020-07-17 19:34:00",6
"2020-07-17 19:45:43",6
"2020-07-17 19:53:45",6
"2020-07-17 20:01:56",6
"2020-07-17 20:10:05",6
"2020-07-17 20:18:07",6
"2020-07-17 20:26:05",6
"2020-07-17 20:34:09",6
"2020-07-17 20:42:10",6
"2020-07-17 20:50:09",6
"2020-07-17 20:58:13",6
"2020-07-17 21:06:30",6
"2020-07-17 21:14:34",6
"2020-07-17 21:22:31",6
"2020-07-17 21:30:28",6
"2020-07-17 21:38:35",6
"2020-07-17 21:46:41",6
"2020-07-17 21:54:44",6
"2020-07-17 22:02:59",6
"2020-07-17 22:13:19",6
"2020-07-17 22:23:26",6
"2020-07-17 22:33:32",6
"2020-07-17 22:43:59",6
"2020-07-17 22:54:28",6
"2020-07-17 23:05:18",6
"2020-07-17 23:15:38",6
"2020-07-17 23:25:42",6
"2020-07-17 23:35:47",6
"2020-07-17 23:45:49",6
"2020-07-17 23:56:06",6
"2020-07-18 00:08:12",6
"2020-07-18 00:19:16",6
"2020-07-18 00:29:45",6
"2020-07-18 00:40:26",6
"2020-07-18 00:50:54",6
"2020-07-18 01:01:08",6
"2020-07-18 01:11:17",6
"2020-07-18 01:21:28",6
"2020-07-18 01:31:32",6
"2020-07-18 01:43:23",6
"2020-07-18 01:55:12",6
"2020-07-18 02:01:44",6
"2020-07-18 02:11:49",6
"2020-07-18 02:21:51",6
"2020-07-18 02:31:50",6
"2020-07-18 02:41:48",6
"2020-07-18 02:51:47",6
"2020-07-18 03:01:57",6
"2020-07-18 03:12:10",6
"2020-07-18 03:22:19",6
"2020-07-18 03:32:25",6
"2020-07-18 03:42:33",6
"2020-07-18 03:52:44",6
"2020-07-18 04:03:10",6
"2020-07-18 04:13:44",6
"2020-07-18 04:24:12",6
"2020-07-18 04:34:22",6
"2020-07-18 04:44:25",6
"2020-07-18 04:54:28",6
"2020-07-18 05:05:04",6
"2020-07-18 05:15:34",6
"2020-07-18 05:25:50",6
"2020-07-18 05:35:52",6
"2020-07-18 05:49:54",6
"2020-07-18 05:53:44",6
"2020-07-18 06:06:16",6
"2020-07-18 06:18:27",6
"2020-07-18 08:40:28",6
"2020-07-18 08:48:36",6
"2020-07-18 08:56:39",6
"2020-07-18 09:04:47",6
"2020-07-18 09:12:45",6
"2020-07-18 09:20:44",6
"2020-07-18 09:28:45",6
"2020-07-18 09:36:49",6
"2020-07-18 09:44:47",6
"2020-07-18 09:52:47",6
"2020-07-18 10:00:51",6
"2020-07-18 10:08:55",6
"2020-07-18 10:16:57",6
"2020-07-18 10:24:56",6
"2020-07-18 10:33:06",6
"2020-07-18 10:41:05",6
"2020-07-18 10:48:56",6
"2020-07-18 10:56:56",6
"2020-07-18 11:06:58",6
"2020-07-18 11:16:58",6
"2020-07-18 11:26:56",6
"2020-07-18 11:36:55",6
"2020-07-18 11:46:53",6
"2020-07-18 11:56:51",6
"2020-07-18 12:07:03",6
"2020-07-18 12:17:12",6
"2020-07-18 12:27:12",6
"2020-07-18 12:37:16",6
"2020-07-18 12:47:15",6
"2020-07-18 12:57:24",6
"2020-07-18 13:07:40",6
"2020-07-18 13:17:50",6
"2020-07-18 13:27:54",6
"2020-07-18 13:37:51",6
"2020-07-18 13:47:47",6
"2020-07-18 13:57:44",6
"2020-07-18 14:07:41",6
"2020-07-18 14:17:39",6
"2020-07-18 14:29:23",6
"2020-07-18 14:41:11",6
"2020-07-18 14:47:38",6
"2020-07-18 14:57:39",6
"2020-07-18 15:07:47",6
"2020-07-18 15:17:50",6
"2020-07-18 15:27:49",6
"2020-07-18 15:37:48",6
"2020-07-18 15:47:47",6
"2020-07-18 15:57:46",6
"2020-07-18 16:07:48",6
"2020-07-18 16:17:48",6
"2020-07-18 16:27:50",6
"2020-07-18 16:37:51",6
"2020-07-18 16:47:48",6
"2020-07-18 16:57:48",6
"2020-07-18 17:07:54",6
"2020-07-18 17:17:57",6
"2020-07-18 17:27:54",6
"2020-07-18 17:37:54",6
"2020-07-18 17:47:51",6
"2020-07-18 17:57:48",6
"2020-07-18 18:07:51",6
"2020-07-18 18:17:51",6
"2020-07-18 18:31:47",6
"2020-07-18 18:35:33",6
"2020-07-18 18:47:42",6
"2020-07-18 18:57:41",6
"2020-07-18 19:08:04",6
"2020-07-18 19:18:09",6
"2020-07-18 19:28:06",6
"2020-07-18 19:38:24",6
"2020-07-18 22:12:33",6
"2020-07-18 22:20:06",6
"2020-07-18 22:27:38",6
"2020-07-18 22:35:11",6
"2020-07-18 22:42:44",6
"2020-07-18 22:50:16",6
"2020-07-18 22:57:50",6
"2020-07-18 23:05:25",6
"2020-07-18 23:12:58",6
"2020-07-18 23:20:30",6
"2020-07-18 23:28:03",6
"2020-07-18 23:35:37",6
"2020-07-18 23:43:17",6
"2020-07-18 23:50:59",6
"2020-07-18 23:58:50",6
"2020-07-19 00:06:29",6
"2020-07-19 00:13:59",6
"2020-07-19 00:21:34",6
"2020-07-19 00:31:09",6
"2020-07-19 00:40:44",6
"2020-07-19 00:50:19",6
"2020-07-19 00:59:54",6
"2020-07-19 01:09:30",6
"2020-07-19 01:19:05",6
"2020-07-19 01:28:41",6
"2020-07-19 01:38:16",6
"2020-07-19 01:47:52",6
"2020-07-19 01:57:27",6
"2020-07-19 02:07:02",6
"2020-07-19 02:16:36",6
"2020-07-19 02:26:10",6
"2020-07-19 02:35:44",6
"2020-07-19 02:45:17",6
"2020-07-19 02:54:50",6
"2020-07-19 03:04:25",6
"2020-07-19 03:13:59",6
"2020-07-19 03:23:34",6
"2020-07-19 03:33:09",6
"2020-07-19 03:44:21",6
"2020-07-19 03:55:37",6
"2020-07-19 04:01:52",6
"2020-07-19 04:11:26",6
"2020-07-19 04:20:59",6
"2020-07-19 04:30:32",6
"2020-07-19 04:40:06",6
"2020-07-19 04:49:39",6
"2020-07-19 04:59:13",6
"2020-07-19 05:08:45",6
"2020-07-19 05:18:18",6
"2020-07-19 05:27:51",6
"2020-07-19 05:37:24",6
"2020-07-19 05:46:56",6
"2020-07-19 05:56:27",6
"2020-07-19 06:06:00",6
"2020-07-19 06:15:37",6
"2020-07-19 06:25:12",6
"2020-07-19 06:34:48",6
"2020-07-19 06:45:58",6
"2020-07-19 06:53:33",6
"2020-07-19 07:01:08",6
"2020-07-19 07:08:44",6
"2020-07-19 07:16:21",6
"2020-07-19 07:23:55",6
"2020-07-19 07:31:29",6
"2020-07-19 07:39:03",6
"2020-07-19 07:46:38",6
"2020-07-19 07:54:12",6
"2020-07-19 08:01:45",6
"2020-07-19 08:09:19",6
"2020-07-19 08:16:53",6
"2020-07-19 08:24:26",6
"2020-07-19 08:32:09",6
"2020-07-19 08:39:41",6
"2020-07-19 08:47:07",6
"2020-07-19 08:54:42",6
"2020-07-19 09:04:18",6
"2020-07-19 09:13:53",6
"2020-07-19 09:23:28",6
"2020-07-19 09:33:04",6
"2020-07-19 09:42:46",6
"2020-07-19 09:52:29",6
"2020-07-19 10:02:13",6
"2020-07-19 10:11:50",6
"2020-07-19 10:21:25",6
"2020-07-19 10:31:01",6
"2020-07-19 10:40:37",6
"2020-07-19 10:50:15",6
"2020-07-19 10:59:50",6
"2020-07-19 11:09:25",6
"2020-07-19 11:19:00",6
"2020-07-19 11:28:35",6
"2020-07-19 11:38:12",6
"2020-07-19 11:47:48",6
"2020-07-19 11:57:23",6
"2020-07-19 12:06:58",6
"2020-07-19 12:18:15",6
"2020-07-19 12:29:32",6
"2020-07-19 12:35:47",6
"2020-07-19 12:45:23",6
"2020-07-19 12:55:01",6
"2020-07-19 13:04:37",6
"2020-07-19 13:14:12",6
"2020-07-19 13:23:48",6
"2020-07-19 13:33:26",6
"2020-07-19 13:43:01",6
"2020-07-19 13:52:36",6
"2020-07-19 14:02:11",6
"2020-07-19 14:11:45",6
"2020-07-19 14:21:20",6
"2020-07-19 14:30:55",6
"2020-07-19 14:40:30",6
"2020-07-19 14:50:04",6
"2020-07-19 14:59:39",6
"2020-07-19 15:09:17",6
"2020-07-19 15:18:52",6
"2020-07-19 15:28:28",6
"2020-07-19 15:38:03",6
"2020-07-19 15:47:38",6
"2020-07-19 15:57:13",6
"2020-07-19 16:10:42",6
"2020-07-19 16:14:18",6
"2020-07-19 16:26:04",6
"2020-07-19 16:35:40",6
"2020-07-19 16:45:15",6
"2020-07-19 16:54:55",6
"2020-07-19 17:04:34",6
"2020-07-19 17:14:10",6
"2020-07-19 17:23:45",6
"2020-07-19 17:33:19",6
"2020-07-19 17:42:53",6
"2020-07-19 17:52:28",6
"2020-07-19 18:02:02",6
"2020-07-19 18:11:38",6
"2020-07-19 18:21:12",6
"2020-07-19 18:30:48",6
"2020-07-19 18:40:23",6
"2020-07-19 18:49:57",6
"2020-07-19 18:59:32",6
"2020-07-19 19:09:08",6
"2020-07-19 19:16:43",6
"2020-07-19 19:24:18",6
"2020-07-19 19:31:53",6
"2020-07-19 19:39:30",6
"2020-07-19 19:54:56",6
"2020-07-19 19:59:00",6
"2020-07-19 20:02:17",6
"2020-07-19 20:09:53",6
"2020-07-19 20:17:29",6
"2020-07-19 20:25:03",6
"2020-07-19 20:32:39",6
"2020-07-19 20:40:15",6
"2020-07-19 20:47:50",6
"2020-07-19 20:55:26",6
"2020-07-19 21:03:01",6
"2020-07-19 21:10:36",6
"2020-07-19 21:18:10",6
"2020-07-19 21:25:44",6
"2020-07-19 21:33:19",6
"2020-07-19 21:40:53",6
"2020-07-19 21:48:27",6
"2020-07-19 21:56:03",6
"2020-07-19 22:03:39",6
"2020-07-19 22:11:17",6
"2020-07-19 22:18:50",6
"2020-07-19 22:26:25",6
"2020-07-19 22:33:59",6
"2020-07-19 22:41:34",6
"2020-07-19 22:51:16",6
"2020-07-19 23:00:32",6
"2020-07-19 23:04:19",6
"2020-07-19 23:11:54",6
"2020-07-19 23:21:28",6
"2020-07-19 23:31:01",6
"2020-07-19 23:40:35",6
"2020-07-19 23:50:08",6
"2020-07-19 23:59:44",6
"2020-07-20 00:09:21",6
"2020-07-20 00:18:56",6
"2020-07-20 00:28:32",6
"2020-07-20 00:38:07",6
"2020-07-20 00:47:43",6
"2020-07-20 00:57:17",6
"2020-07-20 01:06:52",6
"2020-07-20 01:16:27",6
"2020-07-20 01:26:03",6
"2020-07-20 01:35:38",6
"2020-07-20 01:45:14",6
"2020-07-20 01:54:51",6
"2020-07-20 02:02:28",6
"2020-07-20 02:10:05",6
"2020-07-20 02:17:41",6
"2020-07-20 02:25:17",6
"2020-07-20 02:32:53",6
"2020-07-20 02:40:28",6
"2020-07-20 02:48:05",6
"2020-07-20 02:55:40",6
"2020-07-20 03:03:15",6
"2020-07-20 03:10:52",6
"2020-07-20 03:18:28",6
"2020-07-20 03:26:04",6
"2020-07-20 03:33:40",6
"2020-07-20 03:41:16",6
"2020-07-20 03:48:52",6
"2020-07-20 03:56:27",6
"2020-07-20 04:04:04",6
"2020-07-20 04:11:37",6
"2020-07-20 04:17:05",6
"2020-07-20 04:24:39",6
"2020-07-20 04:31:05",6
"2020-07-20 04:38:42",6
"2020-07-20 04:46:19",6
"2020-07-20 04:53:59",6
"2020-07-20 05:01:47",6
"2020-07-20 05:09:32",6
"2020-07-20 05:17:17",6
"2020-07-20 05:25:02",6
"2020-07-20 05:32:47",6
"2020-07-20 05:40:32",6
"2020-07-20 05:48:17",6
"2020-07-20 05:56:01",6
"2020-07-20 06:03:47",6
"2020-07-20 06:11:31",6
"2020-07-20 06:19:16",6
"2020-07-20 06:27:00",6
"2020-07-20 06:34:45",6
"2020-07-20 06:42:29",6
"2020-07-20 06:50:13",6
"2020-07-20 06:57:56",6
"2020-07-20 07:05:41",6
"2020-07-20 07:13:24",6
"2020-07-20 07:21:07",6
"2020-07-20 07:28:49",6
"2020-07-20 07:36:32",6
"2020-07-20 07:44:16",6
"2020-07-20 07:51:59",6
"2020-07-20 07:59:42",6
"2020-07-20 08:07:28",6
"2020-07-20 08:15:11",6
"2020-07-20 08:22:53",6
"2020-07-20 08:30:35",6
"2020-07-20 08:38:17",6
"2020-07-20 08:46:00",6
"2020-07-20 08:53:43",6
"2020-07-20 09:01:29",6
"2020-07-20 09:09:14",6
"2020-07-20 09:16:57",6
"2020-07-20 09:24:40",6
"2020-07-20 09:32:24",6
"2020-07-20 09:40:08",6
"2020-07-20 09:47:51",6
"2020-07-20 09:55:34",6
"2020-07-20 10:03:19",6
"2020-07-20 10:11:04",6
"2020-07-20 10:18:48",6
"2020-07-20 10:26:31",6
"2020-07-20 10:34:16",6
"2020-07-20 10:42:02",6
"2020-07-20 10:49:47",6
"2020-07-20 10:57:31",6
"2020-07-20 11:05:18",6
"2020-07-20 11:13:03",6
"2020-07-20 11:20:47",6
"2020-07-20 11:28:30",6
"2020-07-20 11:36:13",6
"2020-07-20 11:43:56",6
"2020-07-20 11:51:39",6
"2020-07-20 11:59:22",6
"2020-07-20 12:07:09",6
"2020-07-20 12:14:54",6
"2020-07-20 12:22:39",6
"2020-07-20 12:30:23",6
"2020-07-20 12:38:08",6
"2020-07-20 12:45:51",6
"2020-07-20 12:53:35",6
"2020-07-20 13:01:20",6
"2020-07-20 13:09:06",6
"2020-07-20 13:16:51",6
"2020-07-20 13:24:35",6
"2020-07-20 13:32:25",6
"2020-07-20 13:40:12",6
"2020-07-20 13:47:57",6
"2020-07-20 13:55:43",6
"2020-07-20 14:03:28",6
"2020-07-20 14:11:12",6
"2020-07-20 14:18:57",6
"2020-07-20 14:26:42",6
"2020-07-20 14:46:41",6
"2020-07-20 15:47:05",6
"2020-07-20 16:46:32",6
"2020-07-20 17:46:29",6
"2020-07-20 18:46:50",6
"2020-07-20 19:47:06",6
"2020-07-20 20:47:08",6
"2020-07-20 21:47:02",6
"2020-07-20 22:46:43",6
"2020-07-20 23:46:45",6
"2020-07-21 00:46:43",6
"2020-07-21 01:46:50",6
"2020-07-21 02:46:47",6
"2020-07-21 03:46:54",6
"2020-07-21 04:47:05",6
"2020-07-21 05:47:04",6
"2020-07-21 06:47:08",6
"2020-07-21 07:47:02",6
"2020-07-21 08:46:50",6
"2020-07-21 09:46:24",6
"2020-07-21 10:46:45",6
"2020-07-21 11:46:49",6
"2020-07-21 12:46:22",6
"2020-07-21 13:46:43",6
"2020-07-21 14:46:41",6
"2020-07-21 15:46:27",6
"2020-07-21 16:46:58",6
"2020-07-21 17:47:08",6
"2020-07-21 18:46:46",6
"2020-07-21 19:46:24",6
"2020-07-21 20:46:42",6
"2020-07-21 21:46:21",6
"2020-07-21 22:46:56",6
"2020-07-21 23:47:04",6
"2020-07-22 00:46:43",6
"2020-07-22 01:46:45",6
"2020-07-22 02:46:22",6
"2020-07-22 03:47:04",6
"2020-07-22 04:46:22",6
"2020-07-22 05:46:21",6
"2020-07-22 06:46:19",6
"2020-07-22 07:46:18",6
"2020-07-22 08:46:20",6
"2020-07-22 09:46:20",6
"2020-07-22 10:46:24",6
"2020-07-22 11:46:19",6
"2020-07-22 12:46:26",6
"2020-07-22 13:46:27",6
"2020-07-22 14:46:38",5
"2020-07-22 15:46:23",5
"2020-07-22 16:46:50",5
"2020-07-22 17:46:38",6
"2020-07-22 18:47:00",6
"2020-07-22 19:46:19",6
"2020-07-22 20:46:40",6
"2020-07-22 21:46:39",6
"2020-07-22 22:46:42",6
"2020-07-22 23:46:19",6
"2020-07-23 00:46:41",6
"2020-07-23 01:46:43",6
"2020-07-23 02:46:42",6
"2020-07-23 03:46:46",6
"2020-07-23 04:46:31",6
"2020-07-23 05:46:58",6
"2020-07-23 06:46:19",6
"2020-07-23 07:46:24",6
"2020-07-23 08:46:37",6
"2020-07-23 09:46:44",6
"2020-07-23 10:47:03",6
"2020-07-23 11:46:45",6
"2020-07-23 13:11:39",6
"2020-07-23 13:47:45",6
"2020-07-23 14:46:42",6
"2020-07-23 15:46:59",6
"2020-07-23 16:46:25",6
"2020-07-23 17:46:41",6
"2020-07-23 18:46:24",6
"2020-07-23 19:47:00",6
"2020-07-23 20:46:41",6
"2020-07-23 21:46:44",6
"2020-07-23 22:46:43",6
"2020-07-23 23:46:24",6
"2020-07-24 00:47:05",6
"2020-07-24 01:46:31",6
"2020-07-24 02:46:40",6
"2020-07-24 03:46:46",6
"2020-07-24 04:46:41",6
"2020-07-24 05:47:02",6
"2020-07-24 06:46:25",6
"2020-07-24 07:47:04",6
"2020-07-24 08:46:47",6
"2020-07-24 09:46:49",6
"2020-07-24 10:46:46",6
"2020-07-24 11:46:44",6
"2020-07-24 12:46:58",6
"2020-07-24 13:46:29",6
"2020-07-24 14:46:43",6
"2020-07-24 15:47:04",6
"2020-07-24 16:46:46",6
"2020-07-24 17:46:24",6
"2020-07-24 18:46:41",6
"2020-07-24 19:46:37",6
"2020-07-24 20:46:42",6
"2020-07-24 21:46:19",6
"2020-07-24 22:46:58",6
"2020-07-24 23:46:44",6
"2020-07-25 00:46:27",6
"2020-07-25 01:46:28",6
"2020-07-25 02:46:44",6
"2020-07-25 03:46:49",6
"2020-07-25 04:46:44",6
"2020-07-25 05:46:49",6
"2020-07-25 06:46:45",6
"2020-07-25 07:47:10",6
"2020-07-25 08:47:02",6
"2020-07-25 09:47:02",6
"2020-07-25 10:46:26",6
"2020-07-25 11:47:05",6
"2020-07-25 12:46:46",6
"2020-07-25 13:47:02",6
"2020-07-25 14:46:44",6
"2020-07-25 15:46:45",6
"2020-07-25 16:46:55",6
"2020-07-25 17:46:46",6
"2020-07-25 18:46:45",6
"2020-07-25 19:46:29",6
"2020-07-25 20:47:05",6
"2020-07-25 21:46:49",6
"2020-07-25 22:46:44",6
"2020-07-25 23:46:48",6
"2020-07-26 00:46:46",6
"2020-07-26 01:46:51",6
"2020-07-26 02:47:05",6
"2020-07-26 03:46:44",6
"2020-07-26 04:46:45",6
"2020-07-26 05:46:45",6
"2020-07-26 06:46:44",6
"2020-07-26 07:46:44",6
"2020-07-26 08:46:47",6
"2020-07-26 09:46:49",6
"2020-07-26 10:46:29",6
"2020-07-26 11:46:49",6
"2020-07-26 12:47:08",6
"2020-07-26 13:47:04",6
"2020-07-26 14:46:26",6
"2020-07-26 15:46:57",6
"2020-07-26 16:46:47",6
"2020-07-26 17:46:46",6
"2020-07-26 18:46:49",6
"2020-07-26 19:46:46",6
"2020-07-26 20:46:47",6
"2020-07-26 21:47:09",6
"2020-07-26 22:47:05",6
"2020-07-26 23:46:48",6
"2020-07-27 00:47:06",6
"2020-07-27 01:46:53",6
"2020-07-27 02:47:11",6
"2020-07-27 03:47:13",6
"2020-07-27 04:46:53",6
"2020-07-27 05:47:11",6
"2020-07-27 06:47:04",6
"2020-07-27 07:46:59",6
"2020-07-27 08:46:46",6
"2020-07-27 09:46:50",6
"2020-07-27 10:46:26",6
"2020-07-27 11:47:02",6
"2020-07-27 12:46:45",6
"2020-07-27 13:46:48",6
"2020-07-27 14:46:55",6
"2020-07-27 15:46:52",6
"2020-07-27 16:46:57",6
"2020-07-27 17:47:11",6
"2020-07-27 18:47:06",6
"2020-07-27 19:46:47",6
"2020-07-27 20:47:08",6
"2020-07-27 21:46:48",6
"2020-07-27 22:46:47",6
"2020-07-27 23:46:59",6
"2020-07-28 00:47:20",6
"2020-07-28 01:47:15",6
"2020-07-28 02:47:37",6
"2020-07-28 03:46:56",6
"2020-07-28 04:47:14",6
"2020-07-28 07:09:28",6
"2020-07-28 07:15:38",6
"2020-07-28 07:47:03",6
"2020-07-28 08:46:42",6
"2020-07-28 09:46:39",6
"2020-07-28 10:47:02",6
"2020-07-28 11:46:58",6
"2020-07-28 13:15:11",6
"2020-07-28 13:46:52",6
"2020-07-28 14:46:31",6
"2020-07-28 15:46:47",6
"2020-07-28 16:46:40",6
"2020-07-28 17:46:27",6
"2020-07-28 18:46:32",6
"2020-07-28 19:46:44",6
"2020-07-28 20:46:44",6
"2020-07-28 21:46:30",6
"2020-07-28 22:46:49",6
"2020-07-28 23:47:12",6
"2020-07-29 00:46:45",6
"2020-07-29 01:47:05",6
"2020-07-29 02:46:26",6
"2020-07-29 03:46:46",6
"2020-07-29 04:46:26",6
"2020-07-29 05:47:04",6
"2020-07-29 06:46:24",6
"2020-07-29 07:46:46",6
"2020-07-29 08:46:49",6
"2020-07-29 09:46:51",6
"2020-07-29 10:46:55",6
"2020-07-29 11:47:03",6
"2020-07-29 13:17:43",6
"2020-07-29 13:46:51",6
"2020-07-29 14:47:11",6
"2020-07-29 15:47:23",6
"2020-07-29 16:47:33",7
"2020-07-29 17:47:17",7
"2020-07-29 18:47:13",7
"2020-07-29 19:47:08",7
"2020-07-29 20:47:08",7
"2020-07-29 21:47:06",7
"2020-07-29 22:47:07",7
"2020-07-29 23:47:12",7
"2020-07-30 00:47:13",7
"2020-07-30 01:47:18",7
"2020-07-30 02:47:13",7
"2020-07-30 03:47:06",7
"2020-07-30 04:47:53",7
"2020-07-30 05:47:27",7
"2020-07-30 06:47:01",7
"2020-07-30 07:47:04",7
"2020-07-30 08:47:14",7
"2020-07-30 09:47:08",7
"2020-07-30 10:46:59",7
"2020-07-30 11:47:08",7
"2020-07-30 13:10:12",7
"2020-07-30 13:47:09",7
"2020-07-30 14:47:07",8
"2020-07-30 15:47:07",8
"2020-07-30 16:46:37",8
"2020-07-30 17:47:04",8
"2020-07-30 18:47:11",8
"2020-07-30 19:47:05",8
"2020-07-30 20:46:45",8
"2020-07-30 21:46:48",8
"2020-07-30 22:47:03",8
"2020-07-30 23:46:35",8
"2020-07-31 00:47:08",8
"2020-07-31 01:46:38",8
"2020-07-31 02:47:11",8
"2020-07-31 03:46:48",8
"2020-07-31 04:46:30",8
"2020-07-31 05:46:46",8
"2020-07-31 06:46:24",8
"2020-07-31 07:46:49",8
"2020-07-31 08:46:48",8
"2020-07-31 09:46:47",8
"2020-07-31 10:46:31",8
"2020-07-31 11:46:24",8
"2020-07-31 12:46:24",8
"2020-07-31 13:47:09",8
"2020-07-31 14:46:30",8
"2020-07-31 15:46:44",8
"2020-07-31 16:46:51",8
"2020-07-31 17:46:45",8
"2020-07-31 18:46:46",8
"2020-07-31 19:46:46",8
"2020-07-31 20:46:44",8
"2020-07-31 21:46:46",8
"2020-07-31 22:46:27",8
"2020-07-31 23:46:59",8
"2020-08-01 00:47:03",8
"2020-08-01 01:46:27",8
"2020-08-01 02:46:28",8
"2020-08-01 03:46:45",8
"2020-08-01 04:47:00",8
"2020-08-01 05:46:49",8
"2020-08-01 06:46:45",8
"2020-08-01 07:47:04",8
"2020-08-01 08:47:03",8
"2020-08-01 09:47:00",8
"2020-08-01 10:46:45",8
"2020-08-01 11:46:43",8
"2020-08-01 12:46:47",8
"2020-08-01 13:46:44",8
"2020-08-01 14:46:24",8
"2020-08-01 15:47:14",8
"2020-08-01 16:47:08",8
"2020-08-01 17:46:46",8
"2020-08-01 18:46:43",8
"2020-08-01 19:46:43",8
"2020-08-01 20:46:41",8
"2020-08-01 21:46:41",8
"2020-08-01 22:46:41",8
"2020-08-01 23:46:47",8
"2020-08-02 00:47:10",8
"2020-08-02 01:46:43",8
"2020-08-02 02:46:26",8
"2020-08-02 03:47:08",8
"2020-08-02 04:46:25",8
"2020-08-02 05:46:48",8
"2020-08-02 06:47:03",8
"2020-08-02 07:47:00",8
"2020-08-02 08:47:01",8
"2020-08-02 09:47:05",8
"2020-08-02 10:47:03",8
"2020-08-02 11:46:27",8
"2020-08-02 12:46:42",8
"2020-08-02 13:46:30",8
"2020-08-02 14:46:25",8
"2020-08-02 15:47:10",8
"2020-08-02 16:46:23",8
"2020-08-02 17:46:45",8
"2020-08-02 18:46:45",8
"2020-08-02 19:46:45",8
"2020-08-02 20:46:26",8
"2020-08-02 21:46:47",8
"2020-08-02 22:46:47",8
"2020-08-02 23:46:50",8
"2020-08-03 00:47:02",8
"2020-08-03 01:46:47",8
"2020-08-03 02:46:49",8
"2020-08-03 03:46:45",8
"2020-08-03 04:46:42",8
"2020-08-03 05:46:55",8
"2020-08-03 06:46:27",8
"2020-08-03 07:46:41",8
"2020-08-03 08:46:28",8
"2020-08-03 09:47:05",8
"2020-08-03 10:46:57",8
"2020-08-03 11:46:39",8
"2020-08-03 12:46:59",8
"2020-08-03 13:46:49",8
"2020-08-03 14:46:33",7
"2020-08-03 15:47:06",7
"2020-08-03 16:46:53",6
"2020-08-03 17:46:44",6
"2020-08-03 18:46:34",6
"2020-08-03 19:46:49",6
"2020-08-03 20:46:42",6
"2020-08-03 21:46:22",6
"2020-08-03 22:46:41",6
"2020-08-03 23:46:54",6
"2020-08-04 00:47:04",6
"2020-08-04 01:46:51",6
"2020-08-04 02:47:03",6
"2020-08-04 03:46:59",6
"2020-08-04 04:47:27",6
"2020-08-04 05:46:44",6
"2020-08-04 06:46:49",6
"2020-08-04 07:46:32",6
"2020-08-04 08:46:53",6
"2020-08-04 09:46:45",6
"2020-08-04 10:46:24",6
"2020-08-04 11:46:39",6
"2020-08-04 12:46:23",6
"2020-08-04 13:47:06",6
"2020-08-04 14:46:43",6
"2020-08-04 15:46:47",6
"2020-08-04 16:46:48",6
"2020-08-04 17:46:51",6
"2020-08-04 18:47:02",6
"2020-08-04 19:46:37",6
"2020-08-04 20:46:42",6
"2020-08-04 21:46:47",6
"2020-08-04 22:46:44",6
"2020-08-04 23:47:09",6
"2020-08-05 00:46:53",6
"2020-08-05 01:47:04",6
"2020-08-05 02:46:33",6
"2020-08-05 03:47:05",6
"2020-08-05 04:46:58",6
"2020-08-05 05:46:55",6
"2020-08-05 06:46:24",6
"2020-08-05 07:46:30",6
"2020-08-05 08:46:47",6
"2020-08-05 09:47:07",6
"2020-08-05 10:46:42",6
"2020-08-05 11:46:44",6
"2020-08-05 13:13:43",6
"2020-08-05 13:47:07",6
"2020-08-05 14:46:47",6
"2020-08-05 15:46:30",6
"2020-08-05 16:46:43",6
"2020-08-05 17:46:42",6
"2020-08-05 18:46:44",6
"2020-08-05 19:47:00",6
"2020-08-05 20:46:40",6
"2020-08-05 21:46:31",6
"2020-08-05 22:46:58",6
"2020-08-05 23:46:46",6
"2020-08-06 00:47:13",6
"2020-08-06 01:46:47",6
"2020-08-06 02:46:37",6
"2020-08-06 03:46:50",6
"2020-08-06 04:46:46",6
"2020-08-06 05:47:30",6
"2020-08-06 06:46:53",6
"2020-08-06 07:47:06",6
"2020-08-06 08:47:11",6
"2020-08-06 09:46:46",6
"2020-08-06 10:47:09",6
"2020-08-06 11:46:42",6
"2020-08-06 12:47:06",6
"2020-08-06 13:46:32",6
"2020-08-06 14:46:23",6
"2020-08-06 15:46:44",6
"2020-08-06 16:47:03",6
"2020-08-06 17:46:44",6
"2020-08-06 18:46:45",6
"2020-08-06 19:46:43",6
"2020-08-06 20:47:03",6
"2020-08-06 21:46:46",6
"2020-08-06 22:46:28",6
"2020-08-06 23:47:10",6
"2020-08-07 00:46:45",6
"2020-08-07 01:47:01",6
"2020-08-07 02:46:47",6
"2020-08-07 03:46:42",6
"2020-08-07 04:47:04",6
"2020-08-07 05:47:00",6
"2020-08-07 06:46:25",6
"2020-08-07 07:46:58",6
"2020-08-07 08:46:43",6
"2020-08-07 09:46:43",6
"2020-08-07 10:46:44",6
"2020-08-07 11:46:24",6
"2020-08-07 12:46:23",6
"2020-08-07 13:46:44",6
"2020-08-07 14:46:23",6
"2020-08-07 15:47:02",6
"2020-08-07 16:46:41",6
"2020-08-07 17:46:41",6
"2020-08-07 18:46:44",6
"2020-08-07 19:46:22",6
"2020-08-07 20:46:46",6
"2020-08-07 21:46:41",6
"2020-08-07 22:46:41",6
"2020-08-07 23:46:43",6
"2020-08-08 00:46:25",6
"2020-08-08 01:47:00",6
"2020-08-08 02:46:36",6
"2020-08-08 03:46:21",6
"2020-08-08 04:46:23",6
"2020-08-08 05:46:31",6
"2020-08-08 06:46:46",6
"2020-08-08 07:46:47",6
"2020-08-08 08:47:04",6
"2020-08-08 09:46:46",6
"2020-08-08 10:46:51",6
"2020-08-08 11:46:49",6
"2020-08-08 12:46:35",6
"2020-08-08 13:46:48",6
"2020-08-08 14:46:43",6
"2020-08-08 15:46:42",6
"2020-08-08 16:46:44",6
"2020-08-08 17:46:25",6
"2020-08-08 18:46:24",6
"2020-08-08 19:46:44",6
"2020-08-08 20:46:58",6
"2020-08-08 21:46:45",6
"2020-08-08 22:46:45",6
"2020-08-08 23:46:54",6
"2020-08-09 00:47:09",6
"2020-08-09 01:46:51",6
"2020-08-09 02:47:02",6
"2020-08-09 03:47:05",6
"2020-08-09 04:46:47",6
"2020-08-09 05:47:07",6
"2020-08-09 06:47:01",6
"2020-08-09 07:46:48",6
"2020-08-09 08:46:28",6
"2020-08-09 09:46:57",6
"2020-08-09 10:46:32",6
"2020-08-09 11:46:27",6
"2020-08-09 12:46:54",6
"2020-08-09 13:47:07",6
"2020-08-09 14:46:49",6
"2020-08-09 15:46:44",6
"2020-08-09 16:47:04",6
"2020-08-09 17:46:45",6
"2020-08-09 18:46:46",6
"2020-08-09 19:47:04",6
"2020-08-09 20:46:49",6
"2020-08-09 21:46:44",6
"2020-08-09 22:46:45",6
"2020-08-09 23:46:48",6
"2020-08-10 00:47:03",6
"2020-08-10 01:46:46",6
"2020-08-10 02:47:06",6
"2020-08-10 03:46:45",6
"2020-08-10 04:46:27",6
"2020-08-10 05:46:46",6
"2020-08-10 06:46:20",6
"2020-08-10 07:46:22",6
"2020-08-10 08:46:51",6
"2020-08-10 09:46:48",6
"2020-08-10 10:46:46",6
"2020-08-10 11:46:47",6
"2020-08-10 12:46:23",6
"2020-08-10 13:46:52",6
"2020-08-10 14:46:46",6
"2020-08-10 15:47:06",6
"2020-08-10 16:46:44",6
"2020-08-10 17:47:02",6
"2020-08-10 18:46:46",6
"2020-08-10 19:47:00",6
"2020-08-10 20:46:40",6
"2020-08-10 21:47:03",6
"2020-08-10 22:46:31",6
"2020-08-10 23:46:31",6
