timestamp,users_holding
"2018-05-02 04:56:37",402
"2018-05-02 06:41:48",402
"2018-05-03 00:38:51",398
"2018-05-03 06:37:05",398
"2018-05-03 06:52:03",398
"2018-05-03 07:10:21",398
"2018-05-03 07:37:31",398
"2018-05-03 07:46:48",398
"2018-05-03 11:22:29",398
"2018-05-03 12:45:53",398
"2018-05-03 13:45:53",398
"2018-05-03 14:45:54",401
"2018-05-03 15:45:54",402
"2018-05-03 16:45:54",400
"2018-05-03 17:45:54",400
"2018-05-03 18:45:53",400
"2018-05-03 19:45:53",400
"2018-05-03 20:45:53",401
"2018-05-03 21:45:53",401
"2018-05-03 22:45:55",401
"2018-05-03 23:45:53",401
"2018-05-04 00:45:54",401
"2018-05-04 01:45:54",401
"2018-05-04 02:45:55",401
"2018-05-04 03:45:54",401
"2018-05-04 04:45:53",401
"2018-05-04 05:45:54",401
"2018-05-04 06:45:54",401
"2018-05-04 07:45:53",401
"2018-05-04 08:45:55",401
"2018-05-04 09:45:55",401
"2018-05-04 10:45:54",401
"2018-05-04 11:45:54",401
"2018-05-04 12:45:52",401
"2018-05-04 20:50:37",400
"2018-05-04 20:56:37",400
"2018-05-04 21:02:37",400
"2018-05-04 21:08:36",400
"2018-05-04 21:14:36",400
"2018-05-04 21:20:36",400
"2018-05-04 21:26:35",400
"2018-05-04 21:32:35",400
"2018-05-04 21:45:52",400
"2018-05-04 22:45:53",400
"2018-05-04 23:45:54",400
"2018-05-05 00:45:52",400
"2018-05-05 01:45:54",400
"2018-05-05 02:45:53",400
"2018-05-05 03:45:54",400
"2018-05-05 04:45:54",400
"2018-05-05 05:45:52",400
"2018-05-05 06:45:54",400
"2018-05-05 07:45:54",400
"2018-05-05 08:45:54",400
"2018-05-05 09:45:52",400
"2018-05-05 10:45:54",400
"2018-05-05 11:45:53",400
"2018-05-05 12:45:54",400
"2018-05-05 13:45:55",400
"2018-05-05 14:45:54",400
"2018-05-05 15:45:55",400
"2018-05-05 16:45:54",400
"2018-05-05 17:45:54",400
"2018-05-05 18:45:53",400
"2018-05-05 19:45:54",400
"2018-05-05 20:45:54",400
"2018-05-05 21:45:52",400
"2018-05-05 22:45:54",400
"2018-05-05 23:45:53",400
"2018-05-06 00:45:53",400
"2018-05-06 01:45:53",400
"2018-05-06 02:45:54",400
"2018-05-06 03:45:53",400
"2018-05-06 04:45:53",400
"2018-05-06 05:45:54",400
"2018-05-06 06:45:53",400
"2018-05-06 07:45:57",400
"2018-05-06 08:45:52",400
"2018-05-06 09:45:53",400
"2018-05-06 10:45:52",400
"2018-05-06 11:45:54",400
"2018-05-06 12:45:52",400
"2018-05-06 13:45:54",400
"2018-05-06 14:45:53",400
"2018-05-06 15:45:53",400
"2018-05-06 16:45:53",400
"2018-05-06 17:45:53",400
"2018-05-06 18:45:54",400
"2018-05-06 19:45:54",400
"2018-05-06 20:45:55",400
"2018-05-06 21:45:54",400
"2018-05-06 22:45:53",400
"2018-05-06 23:45:53",400
"2018-05-07 00:45:53",400
"2018-05-07 01:45:53",400
"2018-05-07 01:59:29",400
"2018-05-07 02:45:54",400
"2018-05-07 03:45:54",400
"2018-05-07 04:45:53",400
"2018-05-07 05:45:53",400
"2018-05-07 06:45:53",400
"2018-05-07 07:45:53",400
"2018-05-07 08:45:55",400
"2018-05-07 09:45:53",400
"2018-05-07 10:45:53",400
"2018-05-07 11:45:53",400
"2018-05-07 12:45:52",400
"2018-05-07 13:46:06",400
"2018-05-07 14:45:53",399
"2018-05-07 15:45:54",400
"2018-05-07 16:45:59",400
"2018-05-07 22:45:53",401
"2018-05-07 23:45:53",401
"2018-05-08 00:45:56",401
"2018-05-08 01:46:00",401
"2018-05-08 02:45:53",401
"2018-05-08 03:45:53",401
"2018-05-08 04:45:54",401
"2018-05-08 05:45:52",401
"2018-05-08 06:45:54",401
"2018-05-08 07:45:53",401
"2018-05-08 08:45:53",401
"2018-05-08 09:45:52",401
"2018-05-08 10:45:52",401
"2018-05-08 11:45:51",401
"2018-05-08 12:45:52",401
"2018-05-08 13:45:54",401
"2018-05-08 14:45:54",401
"2018-05-08 15:45:53",401
"2018-05-08 16:45:52",401
"2018-05-08 17:45:53",401
"2018-05-08 18:45:54",399
"2018-05-08 19:45:53",399
"2018-05-08 20:45:52",399
"2018-05-08 21:45:52",399
"2018-05-08 22:45:53",399
"2018-05-08 23:45:58",399
"2018-05-09 00:45:54",399
"2018-05-09 01:45:53",399
"2018-05-09 02:45:53",399
"2018-05-09 03:45:52",399
"2018-05-09 04:45:53",399
"2018-05-09 05:45:54",399
"2018-05-09 06:45:53",399
"2018-05-09 07:45:53",399
"2018-05-09 08:45:53",399
"2018-05-09 09:45:51",399
"2018-05-09 10:45:52",399
"2018-05-09 11:45:52",399
"2018-05-09 12:45:52",399
"2018-05-09 13:45:56",399
"2018-05-09 14:45:53",400
"2018-05-09 15:45:53",403
"2018-05-09 16:45:53",402
"2018-05-09 17:45:55",403
"2018-05-09 18:45:53",403
"2018-05-09 19:45:54",404
"2018-05-09 20:45:51",405
"2018-05-09 21:45:54",405
"2018-05-09 22:45:52",405
"2018-05-09 23:45:52",405
"2018-05-10 00:45:54",405
"2018-05-10 01:45:53",405
"2018-05-10 02:45:54",405
"2018-05-10 03:45:55",405
"2018-05-10 04:45:55",405
"2018-05-10 05:45:54",405
"2018-05-10 06:45:54",405
"2018-05-10 07:45:56",405
"2018-05-10 08:45:54",405
"2018-05-10 09:45:53",405
"2018-05-10 10:45:54",405
"2018-05-10 11:45:54",405
"2018-05-10 12:45:54",405
"2018-05-10 13:46:05",405
"2018-05-10 14:45:55",400
"2018-05-10 15:45:55",399
"2018-05-10 16:45:54",398
"2018-05-10 17:45:55",398
"2018-05-10 18:45:54",398
"2018-05-10 19:45:56",397
"2018-05-10 20:45:55",396
"2018-05-10 21:45:55",396
"2018-05-10 22:45:55",396
"2018-05-10 23:45:56",396
"2018-05-11 00:45:56",396
"2018-05-11 01:45:57",396
"2018-05-11 02:45:56",396
"2018-05-11 03:45:55",396
"2018-05-11 04:45:55",396
"2018-05-11 05:45:57",396
"2018-05-11 06:45:55",396
"2018-05-11 07:45:55",396
"2018-05-11 08:45:55",396
"2018-05-11 09:45:54",396
"2018-05-11 10:45:53",396
"2018-05-11 11:45:54",396
"2018-05-11 12:45:53",396
"2018-05-11 13:45:56",396
"2018-05-11 14:45:56",395
"2018-05-11 15:45:56",394
"2018-05-11 16:45:56",394
"2018-05-11 17:45:56",394
"2018-05-11 18:45:56",394
"2018-05-11 19:45:56",395
"2018-05-11 20:45:54",395
"2018-05-11 21:45:55",395
"2018-05-11 22:45:55",395
"2018-05-11 23:45:55",395
"2018-05-12 00:45:56",395
"2018-05-12 01:45:55",395
"2018-05-12 02:45:57",395
"2018-05-12 03:45:56",395
"2018-05-12 04:45:56",395
"2018-05-12 05:45:56",395
"2018-05-12 06:45:56",395
"2018-05-12 07:45:56",395
"2018-05-12 08:45:55",395
"2018-05-12 09:45:54",395
"2018-05-12 10:45:55",395
"2018-05-12 11:45:55",395
"2018-05-12 12:45:55",395
"2018-05-12 13:45:57",395
"2018-05-12 14:45:55",395
"2018-05-12 15:45:57",395
"2018-05-12 16:45:55",395
"2018-05-12 17:45:57",395
"2018-05-12 18:45:54",395
"2018-05-12 19:45:57",395
"2018-05-12 20:45:55",395
"2018-05-12 21:45:54",395
"2018-05-12 22:45:55",395
"2018-05-12 23:45:55",395
"2018-05-13 00:45:56",395
"2018-05-13 01:45:55",395
"2018-05-13 02:45:54",395
"2018-05-13 03:45:55",395
"2018-05-13 04:45:56",395
"2018-05-13 05:45:56",395
"2018-05-13 06:45:56",395
"2018-05-13 07:45:55",395
"2018-05-13 08:45:54",395
"2018-05-13 09:45:55",395
"2018-05-13 10:45:54",395
"2018-05-13 11:45:53",395
"2018-05-13 12:45:55",395
"2018-05-13 13:45:55",395
"2018-05-13 14:45:55",395
"2018-05-13 15:45:55",395
"2018-05-13 16:45:56",395
"2018-05-13 17:45:56",395
"2018-05-13 18:45:56",395
"2018-05-13 19:45:54",395
"2018-05-13 20:45:56",395
"2018-05-13 21:45:56",395
"2018-05-13 22:45:56",395
"2018-05-13 23:45:56",395
"2018-05-14 00:45:55",395
"2018-05-14 01:45:56",395
"2018-05-14 02:45:56",395
"2018-05-14 03:45:56",395
"2018-05-14 04:45:57",395
"2018-05-14 05:45:56",395
"2018-05-14 06:45:54",395
"2018-05-14 07:45:55",395
"2018-05-14 08:45:54",395
"2018-05-14 09:45:54",395
"2018-05-14 10:45:53",395
"2018-05-14 11:45:54",395
"2018-05-14 12:45:52",395
"2018-05-14 13:45:57",395
"2018-05-14 14:45:55",394
"2018-05-14 15:45:55",393
"2018-05-14 16:45:54",394
"2018-05-14 17:45:55",394
"2018-05-14 18:45:57",394
"2018-05-14 19:45:54",394
"2018-05-14 20:45:55",395
"2018-05-14 21:45:55",395
"2018-05-14 22:45:55",395
"2018-05-14 23:45:56",395
"2018-05-15 00:45:56",395
"2018-05-15 01:45:56",395
"2018-05-15 02:45:56",395
"2018-05-15 03:45:55",395
"2018-05-15 04:45:56",395
"2018-05-15 05:45:55",395
"2018-05-15 06:45:54",395
"2018-05-15 07:45:55",395
"2018-05-15 08:45:55",395
"2018-05-15 09:45:54",395
"2018-05-15 10:45:56",395
"2018-05-15 11:45:54",395
"2018-05-15 12:45:54",395
"2018-05-15 13:45:56",395
"2018-05-15 14:45:55",395
"2018-05-15 15:45:55",395
"2018-05-15 16:45:55",395
"2018-05-15 17:45:54",394
"2018-05-15 18:45:59",392
"2018-05-15 19:45:54",392
"2018-05-15 20:45:53",392
"2018-05-15 21:45:52",392
"2018-05-15 22:45:54",392
"2018-05-15 23:45:55",392
"2018-05-16 00:45:54",392
"2018-05-16 01:45:55",392
"2018-05-16 02:45:54",392
"2018-05-16 03:45:55",392
"2018-05-16 04:45:56",392
"2018-05-16 05:45:54",392
"2018-05-16 06:45:54",392
"2018-05-16 07:45:55",392
"2018-05-16 08:45:56",392
"2018-05-16 09:45:53",392
"2018-05-16 10:45:53",392
"2018-05-16 11:45:55",392
"2018-05-16 12:45:56",392
"2018-05-16 13:45:55",392
"2018-05-16 14:45:54",393
"2018-05-16 15:45:55",394
"2018-05-16 16:45:54",393
"2018-05-16 17:45:56",393
"2018-05-16 18:45:53",393
"2018-05-16 19:45:54",392
"2018-05-16 20:45:53",392
"2018-05-16 21:45:53",392
"2018-05-16 22:45:54",392
"2018-05-16 23:45:53",392
"2018-05-17 00:45:56",392
"2018-05-17 01:45:53",392
"2018-05-17 02:45:54",392
"2018-05-17 03:45:54",392
"2018-05-17 04:45:55",392
"2018-05-17 05:45:55",392
"2018-05-17 06:45:56",392
"2018-05-17 07:45:55",392
"2018-05-17 08:45:58",392
"2018-05-17 09:45:55",392
"2018-05-17 10:45:53",392
"2018-05-17 11:45:55",392
"2018-05-17 12:45:53",392
"2018-05-17 13:45:56",392
"2018-05-17 14:45:54",392
"2018-05-17 15:45:55",392
"2018-05-18 07:45:54",394
"2018-05-18 08:45:55",394
"2018-05-18 09:45:53",394
"2018-05-18 10:45:52",394
"2018-05-18 11:45:53",394
"2018-05-18 12:45:54",394
"2018-05-18 13:45:56",394
"2018-05-18 14:45:54",395
"2018-05-18 15:45:54",395
"2018-05-18 16:45:54",396
"2018-05-18 17:45:53",395
"2018-05-18 18:45:53",395
"2018-05-18 19:45:54",394
"2018-05-18 20:45:55",394
"2018-05-18 21:45:52",394
"2018-05-18 22:45:54",394
"2018-05-18 23:45:53",394
"2018-05-19 00:45:53",394
"2018-05-19 01:45:55",394
"2018-05-19 02:45:56",394
"2018-05-19 03:45:55",394
"2018-05-19 04:45:54",394
"2018-05-19 05:45:55",394
"2018-05-19 06:45:56",394
"2018-05-19 07:45:53",394
"2018-05-19 08:45:54",394
"2018-05-19 09:45:54",394
"2018-05-19 10:45:53",394
"2018-05-19 11:45:53",394
"2018-05-19 12:45:54",394
"2018-05-19 13:45:55",394
"2018-05-19 14:45:55",394
"2018-05-19 15:45:55",394
"2018-05-19 16:45:55",394
"2018-05-19 17:45:54",394
"2018-05-19 18:45:54",394
"2018-05-19 19:45:54",394
"2018-05-19 20:45:54",394
"2018-05-19 21:45:54",394
"2018-05-19 22:45:54",394
"2018-05-19 23:45:53",394
"2018-05-20 00:45:54",394
"2018-05-20 01:45:55",394
"2018-05-20 02:45:53",394
"2018-05-20 03:45:53",394
"2018-05-20 04:45:54",394
"2018-05-20 05:45:54",394
"2018-05-20 06:45:52",394
"2018-05-20 07:45:53",394
"2018-05-20 08:45:54",394
"2018-05-20 09:45:54",394
"2018-05-20 10:45:53",394
"2018-05-20 11:45:53",394
"2018-05-20 12:45:53",394
"2018-05-20 13:45:53",394
"2018-05-20 14:45:56",394
"2018-05-20 15:45:54",394
"2018-05-20 16:45:53",394
"2018-05-20 17:45:55",394
"2018-05-20 18:45:54",394
"2018-05-20 19:45:53",394
"2018-05-20 20:45:54",394
"2018-05-20 21:45:53",394
"2018-05-20 22:45:54",394
"2018-05-20 23:45:54",394
"2018-05-21 00:45:55",394
"2018-05-21 01:46:09",394
"2018-05-21 02:46:03",394
"2018-05-21 03:45:55",394
"2018-05-21 04:46:00",394
"2018-05-21 05:45:54",394
"2018-05-21 06:45:55",394
"2018-05-21 07:45:54",394
"2018-05-21 08:45:57",394
"2018-05-21 09:45:54",394
"2018-05-21 10:45:53",394
"2018-05-21 11:45:54",394
"2018-05-21 12:46:00",394
"2018-05-21 13:45:56",394
"2018-05-21 14:45:54",393
"2018-05-21 15:45:53",392
"2018-05-21 16:45:54",391
"2018-05-21 17:45:53",389
"2018-05-21 18:45:54",389
"2018-05-21 19:45:54",389
"2018-05-21 20:45:54",390
"2018-05-21 21:45:54",390
"2018-05-21 22:45:53",390
"2018-05-21 23:45:53",390
"2018-05-22 00:45:54",390
"2018-05-22 01:45:55",390
"2018-05-22 02:45:54",390
"2018-05-22 03:45:55",390
"2018-05-22 04:45:55",390
"2018-05-22 05:45:53",390
"2018-05-22 06:45:53",390
"2018-05-22 07:45:54",390
"2018-05-22 08:46:00",390
"2018-05-22 09:45:53",390
"2018-05-22 10:45:54",390
"2018-05-22 11:45:53",390
"2018-05-22 12:45:54",390
"2018-05-22 13:45:57",390
"2018-05-22 14:45:55",390
"2018-05-22 15:45:55",388
"2018-05-22 16:45:54",383
"2018-05-22 17:45:53",383
"2018-05-22 18:45:53",381
"2018-05-22 19:45:54",379
"2018-05-22 20:45:55",383
"2018-05-22 21:45:53",383
"2018-05-22 22:45:54",383
"2018-05-22 23:45:54",383
"2018-05-23 00:45:53",383
"2018-05-23 01:45:54",383
"2018-05-23 02:45:53",383
"2018-05-23 03:45:55",383
"2018-05-23 04:45:55",383
"2018-05-23 05:45:55",383
"2018-05-23 06:45:55",383
"2018-05-23 07:45:58",383
"2018-05-23 08:45:54",383
"2018-05-23 09:45:54",383
"2018-05-23 10:45:56",383
"2018-05-23 11:45:54",383
"2018-05-23 12:45:52",383
"2018-05-23 13:45:55",383
"2018-05-23 14:45:54",380
"2018-05-23 15:45:54",382
"2018-05-23 16:45:56",384
"2018-05-23 17:45:54",384
"2018-05-23 18:45:53",384
"2018-05-23 19:45:54",385
"2018-05-23 20:45:55",386
"2018-05-23 21:45:54",386
"2018-05-23 22:45:54",386
"2018-05-23 23:45:53",386
"2018-05-24 00:45:53",386
"2018-05-24 01:45:53",386
"2018-05-24 02:45:54",386
"2018-05-24 03:45:52",386
"2018-05-24 04:45:53",386
"2018-05-24 06:45:53",386
"2018-05-24 07:45:54",386
"2018-05-24 08:45:53",386
"2018-05-24 09:45:53",386
"2018-05-24 10:45:54",386
"2018-05-24 11:45:53",386
"2018-05-24 12:45:53",386
"2018-05-24 20:15:01",385
"2018-05-24 20:45:53",385
"2018-05-24 21:45:54",385
"2018-05-24 22:45:54",385
"2018-05-24 23:45:55",385
"2018-05-25 00:45:54",385
"2018-05-25 01:45:55",385
"2018-05-25 02:45:54",385
"2018-05-25 03:45:54",385
"2018-05-25 04:45:55",385
"2018-05-25 05:45:55",385
"2018-05-25 06:45:54",385
"2018-05-25 07:45:54",385
"2018-05-25 08:45:54",385
"2018-05-25 09:45:53",385
"2018-05-25 10:45:55",385
"2018-05-25 11:45:54",385
"2018-05-25 12:45:54",385
"2018-05-25 13:45:54",385
"2018-05-25 14:45:54",386
"2018-05-25 15:45:54",386
"2018-05-25 16:45:56",386
"2018-05-25 17:45:54",387
"2018-05-25 18:45:55",388
"2018-05-25 19:45:55",388
"2018-05-25 20:45:55",388
"2018-05-25 21:45:54",388
"2018-05-25 22:45:54",388
"2018-05-25 23:45:56",388
"2018-05-26 00:45:55",388
"2018-05-26 01:45:54",388
"2018-05-26 02:45:54",388
"2018-05-26 03:45:54",388
"2018-05-26 04:45:53",388
"2018-05-26 05:45:54",388
"2018-05-26 06:45:54",388
"2018-05-26 07:45:54",388
"2018-05-26 08:45:55",388
"2018-05-26 09:45:53",388
"2018-05-26 10:45:53",388
"2018-05-26 11:45:53",388
"2018-05-26 12:45:54",388
"2018-05-26 13:45:55",388
"2018-05-26 14:45:54",388
"2018-05-26 15:45:54",388
"2018-05-26 16:45:54",388
"2018-05-26 17:45:55",388
"2018-05-26 18:45:55",388
"2018-05-26 19:45:58",388
"2018-05-26 20:45:54",388
"2018-05-26 21:45:53",388
"2018-05-26 22:45:54",388
"2018-05-26 23:45:54",388
"2018-05-27 00:45:54",388
"2018-05-27 01:45:55",388
"2018-05-27 02:45:54",388
"2018-05-27 03:45:53",388
"2018-05-27 04:45:54",388
"2018-05-27 05:45:55",388
"2018-05-27 06:45:54",388
"2018-05-27 07:45:53",388
"2018-05-27 08:45:53",388
"2018-05-27 09:45:53",388
"2018-05-27 10:45:53",388
"2018-05-27 11:45:53",388
"2018-05-27 12:45:53",388
"2018-05-27 13:45:55",388
"2018-05-27 14:45:54",388
"2018-05-27 15:45:54",388
"2018-05-27 16:45:53",388
"2018-05-27 17:45:53",388
"2018-05-27 18:45:54",388
"2018-05-27 19:45:53",388
"2018-05-27 20:45:55",388
"2018-05-27 21:45:55",388
"2018-05-27 22:45:55",388
"2018-05-27 23:45:55",388
"2018-05-28 00:45:54",388
"2018-05-28 01:45:53",388
"2018-05-28 02:45:54",388
"2018-05-28 03:45:54",388
"2018-05-28 04:45:53",388
"2018-05-28 05:45:53",388
"2018-05-28 06:45:54",388
"2018-05-28 07:45:53",388
"2018-05-28 08:45:53",388
"2018-05-28 09:45:54",388
"2018-05-28 10:45:53",388
"2018-05-28 11:45:54",388
"2018-05-28 12:45:54",388
"2018-05-28 13:45:53",388
"2018-05-28 14:45:53",388
"2018-05-28 15:45:54",388
"2018-05-28 16:45:53",388
"2018-05-28 17:45:54",388
"2018-05-28 18:45:54",388
"2018-05-28 19:45:54",388
"2018-05-28 20:45:54",388
"2018-05-28 21:45:53",388
"2018-05-28 22:45:54",388
"2018-05-28 23:45:54",388
"2018-05-29 00:45:53",388
"2018-05-29 01:45:52",388
"2018-05-29 02:45:54",388
"2018-05-29 03:45:54",388
"2018-05-29 04:45:54",388
"2018-05-29 05:45:54",388
"2018-05-29 06:45:54",388
"2018-05-29 07:45:53",388
"2018-05-29 08:46:00",388
"2018-05-29 09:45:54",388
"2018-05-29 10:45:53",388
"2018-05-29 11:45:53",388
"2018-05-29 12:45:53",388
"2018-05-30 19:56:34",387
"2018-05-30 20:45:54",387
"2018-05-30 21:45:54",387
"2018-05-30 22:45:53",387
"2018-05-30 23:45:54",387
"2018-05-31 00:45:54",387
"2018-05-31 01:45:56",387
"2018-05-31 02:45:54",387
"2018-05-31 03:45:58",387
"2018-05-31 04:45:53",387
"2018-05-31 05:45:53",387
"2018-05-31 06:45:54",387
"2018-05-31 07:45:54",387
"2018-05-31 08:45:54",387
"2018-05-31 09:45:53",387
"2018-05-31 10:45:54",387
"2018-05-31 11:45:53",387
"2018-05-31 12:45:54",387
"2018-05-31 13:45:56",387
"2018-05-31 14:45:54",391
"2018-05-31 15:45:54",391
"2018-05-31 16:45:53",392
"2018-05-31 17:45:54",392
"2018-05-31 18:45:55",392
"2018-05-31 19:45:54",392
"2018-05-31 20:45:55",389
"2018-05-31 21:45:53",389
"2018-05-31 22:45:54",389
"2018-05-31 23:45:54",389
"2018-06-01 00:45:54",389
"2018-06-01 01:45:54",389
"2018-06-01 02:45:54",389
"2018-06-01 03:45:54",389
"2018-06-01 04:45:53",389
"2018-06-01 05:45:53",389
"2018-06-01 06:45:55",389
"2018-06-01 07:45:56",389
"2018-06-01 08:45:56",389
"2018-06-01 09:45:54",389
"2018-06-01 10:45:53",389
"2018-06-01 11:45:54",389
"2018-06-01 12:45:53",389
"2018-06-01 13:46:03",389
"2018-06-01 14:45:55",392
"2018-06-01 15:45:56",391
"2018-06-01 16:45:56",389
"2018-06-01 17:45:57",389
"2018-06-01 18:45:55",388
"2018-06-01 19:45:56",389
"2018-06-01 20:45:55",387
"2018-06-01 21:45:55",387
"2018-06-01 22:45:56",387
"2018-06-01 23:45:55",387
"2018-06-02 00:45:55",387
"2018-06-02 01:45:55",387
"2018-06-02 02:45:56",387
"2018-06-02 03:45:56",387
"2018-06-02 04:45:55",387
"2018-06-02 05:45:56",387
"2018-06-02 06:45:55",387
"2018-06-02 07:45:55",387
"2018-06-02 08:45:54",387
"2018-06-02 09:45:57",387
"2018-06-02 10:45:54",387
"2018-06-02 11:45:54",387
"2018-06-02 12:45:56",387
"2018-06-02 13:45:56",387
"2018-06-02 14:45:56",387
"2018-06-02 15:45:56",387
"2018-06-02 16:45:56",387
"2018-06-02 17:45:55",387
"2018-06-02 18:45:54",387
"2018-06-02 19:45:56",387
"2018-06-02 20:45:56",387
"2018-06-02 21:45:56",387
"2018-06-02 22:45:55",387
"2018-06-02 23:45:56",387
"2018-06-03 00:45:54",387
"2018-06-03 01:45:55",387
"2018-06-03 02:45:56",387
"2018-06-03 03:45:54",387
"2018-06-03 04:45:54",387
"2018-06-03 05:45:55",387
"2018-06-03 06:45:55",387
"2018-06-03 19:48:11",387
"2018-06-03 20:45:56",387
"2018-06-03 21:45:55",387
"2018-06-03 22:45:55",387
"2018-06-03 23:45:55",387
"2018-06-04 00:45:55",387
"2018-06-04 01:45:55",387
"2018-06-04 02:45:55",387
"2018-06-04 03:45:54",387
"2018-06-04 04:45:58",387
"2018-06-04 05:45:55",387
"2018-06-04 06:45:55",387
"2018-06-04 07:45:55",387
"2018-06-04 08:45:55",387
"2018-06-04 09:45:55",387
"2018-06-04 10:45:44",387
"2018-06-04 11:45:44",387
"2018-06-04 12:45:44",387
"2018-06-04 13:45:47",387
"2018-06-04 14:45:47",388
"2018-06-04 15:45:47",389
"2018-06-04 16:45:46",388
"2018-06-04 17:45:46",388
"2018-06-04 18:45:47",388
"2018-06-04 19:45:48",388
"2018-06-04 20:45:47",388
"2018-06-04 21:45:47",388
"2018-06-04 22:45:49",388
"2018-06-04 23:45:49",388
"2018-06-05 00:45:49",388
"2018-06-05 01:45:49",388
"2018-06-05 02:45:49",388
"2018-06-05 03:45:48",388
"2018-06-05 04:45:50",388
"2018-06-05 05:45:49",388
"2018-06-05 06:45:49",388
"2018-06-05 07:45:48",388
"2018-06-05 08:45:48",388
"2018-06-05 09:45:48",388
"2018-06-05 10:45:49",388
"2018-06-05 11:45:48",388
"2018-06-05 12:45:47",388
"2018-06-05 13:46:28",388
"2018-06-05 14:45:51",388
"2018-06-05 15:45:49",387
"2018-06-05 16:45:49",386
"2018-06-05 17:45:48",386
"2018-06-05 18:45:48",386
"2018-06-05 19:45:49",386
"2018-06-05 20:45:49",385
"2018-06-05 21:45:49",385
"2018-06-05 22:45:49",385
"2018-06-05 23:45:49",385
"2018-06-06 00:45:49",385
"2018-06-06 01:45:49",385
"2018-06-06 02:45:49",385
"2018-06-06 03:45:50",385
"2018-06-06 04:45:49",385
"2018-06-06 05:45:49",385
"2018-06-06 06:45:48",385
"2018-06-06 07:45:48",385
"2018-06-06 08:45:49",385
"2018-06-06 09:45:48",385
"2018-06-06 10:45:49",385
"2018-06-06 11:45:49",385
"2018-06-06 12:45:50",385
"2018-06-06 13:45:51",385
"2018-06-06 14:45:50",387
"2018-06-06 15:45:51",385
"2018-06-06 16:45:51",385
"2018-06-06 17:45:50",385
"2018-06-06 18:45:51",384
"2018-06-06 19:45:50",384
"2018-06-06 20:45:49",383
"2018-06-06 21:45:52",383
"2018-06-06 22:45:54",384
"2018-06-06 23:45:55",384
"2018-06-07 00:45:55",384
"2018-06-07 01:45:55",384
"2018-06-07 02:45:56",384
"2018-06-07 03:45:55",384
"2018-06-07 04:45:55",384
"2018-06-07 05:45:57",384
"2018-06-07 06:45:55",384
"2018-06-07 07:45:55",384
"2018-06-07 08:45:55",384
"2018-06-07 09:45:55",384
"2018-06-07 10:45:54",384
"2018-06-07 11:45:55",384
"2018-06-07 12:45:55",384
"2018-06-07 13:45:56",384
"2018-06-07 14:46:00",381
"2018-06-07 15:45:55",380
"2018-06-07 16:45:56",381
"2018-06-07 17:45:56",383
"2018-06-07 18:45:55",381
"2018-06-07 19:45:56",381
"2018-06-07 20:45:56",381
"2018-06-07 21:45:55",381
"2018-06-07 22:45:57",381
"2018-06-07 23:45:57",381
"2018-06-08 00:45:56",381
"2018-06-08 01:45:55",381
"2018-06-08 02:45:56",381
"2018-06-08 03:45:56",381
"2018-06-08 04:45:58",381
"2018-06-08 05:45:55",381
"2018-06-08 06:45:58",381
"2018-06-08 07:45:57",381
"2018-06-08 08:45:56",381
"2018-06-08 09:45:55",381
"2018-06-08 10:45:55",381
"2018-06-08 11:45:54",381
"2018-06-08 12:45:57",381
"2018-06-08 13:45:58",381
"2018-06-08 14:45:56",382
"2018-06-08 15:45:55",382
"2018-06-08 16:45:56",382
"2018-06-08 17:45:56",381
"2018-06-08 18:45:56",383
"2018-06-08 19:45:56",383
"2018-06-08 20:45:57",381
"2018-06-08 21:45:55",381
"2018-06-08 22:45:55",381
"2018-06-08 23:45:56",381
"2018-06-09 00:45:55",381
"2018-06-09 01:45:57",381
"2018-06-09 02:45:55",381
"2018-06-09 03:45:56",381
"2018-06-09 04:45:57",381
"2018-06-09 05:45:55",381
"2018-06-09 06:45:58",381
"2018-06-09 07:45:55",381
"2018-06-09 08:45:55",381
"2018-06-09 09:45:56",381
"2018-06-09 10:45:56",381
"2018-06-09 11:45:57",381
"2018-06-09 12:45:57",381
"2018-06-09 13:45:57",381
"2018-06-09 14:45:56",381
"2018-06-09 15:45:59",381
"2018-06-09 16:45:56",381
"2018-06-09 17:45:58",381
"2018-06-09 18:45:58",381
"2018-06-09 19:45:57",381
"2018-06-09 20:45:57",381
"2018-06-09 21:45:57",381
"2018-06-09 22:45:55",381
"2018-06-09 23:45:55",381
"2018-06-10 00:45:56",381
"2018-06-10 01:45:56",381
"2018-06-10 02:45:56",381
"2018-06-10 03:45:56",381
"2018-06-10 04:45:57",381
"2018-06-10 05:45:55",381
"2018-06-10 06:45:56",381
"2018-06-10 07:45:57",381
"2018-06-10 08:45:56",381
"2018-06-10 09:45:56",381
"2018-06-10 10:45:57",381
"2018-06-10 11:45:56",381
"2018-06-10 12:45:55",381
"2018-06-10 13:45:55",381
"2018-06-10 14:45:57",381
"2018-06-10 15:45:55",381
"2018-06-10 16:45:57",381
"2018-06-10 17:45:56",381
"2018-06-10 18:45:57",381
"2018-06-10 19:45:56",381
"2018-06-10 20:45:55",381
"2018-06-10 21:45:55",381
"2018-06-10 22:45:57",381
"2018-06-10 23:45:56",381
"2018-06-11 00:45:56",381
"2018-06-11 01:45:56",381
"2018-06-11 02:45:55",381
"2018-06-11 03:45:56",381
"2018-06-11 04:45:56",381
"2018-06-11 06:45:55",381
"2018-06-11 07:45:56",381
"2018-06-11 08:45:56",381
"2018-06-11 09:45:55",381
"2018-06-11 10:45:55",381
"2018-06-11 11:45:54",381
"2018-06-11 12:45:56",381
"2018-06-11 13:45:58",381
"2018-06-11 14:45:56",380
"2018-06-11 15:45:57",380
"2018-06-11 16:45:56",380
"2018-06-11 17:45:55",381
"2018-06-11 18:45:56",381
"2018-06-11 19:45:55",381
"2018-06-11 20:45:56",380
"2018-06-11 21:45:55",380
"2018-06-11 22:45:54",380
"2018-06-11 23:45:55",380
"2018-06-12 00:45:57",380
"2018-06-12 01:45:57",380
"2018-06-12 02:45:56",380
"2018-06-12 03:45:57",380
"2018-06-12 04:45:56",380
"2018-06-12 05:45:56",380
"2018-06-12 06:45:57",380
"2018-06-12 07:45:57",380
"2018-06-12 08:45:56",380
"2018-06-12 09:45:56",380
"2018-06-12 10:45:54",380
"2018-06-12 11:45:54",380
"2018-06-12 12:45:56",380
"2018-06-12 13:45:59",380
"2018-06-12 14:45:56",379
"2018-06-12 15:45:56",381
"2018-06-12 16:45:56",381
"2018-06-12 17:45:55",381
"2018-06-12 18:45:56",379
"2018-06-12 19:45:56",379
"2018-06-12 20:45:55",378
"2018-06-12 21:45:55",378
"2018-06-12 22:45:54",378
"2018-06-12 23:45:56",378
"2018-06-13 00:45:56",378
"2018-06-13 01:45:55",378
"2018-06-13 02:45:55",378
"2018-06-13 03:45:56",378
"2018-06-13 04:45:57",378
"2018-06-13 05:45:56",378
"2018-06-13 06:45:57",378
"2018-06-13 07:45:56",378
"2018-06-13 08:45:58",378
"2018-06-13 09:45:55",378
"2018-06-13 10:45:55",378
"2018-06-13 11:45:55",378
"2018-06-13 12:45:56",378
"2018-06-13 13:45:59",378
"2018-06-13 14:45:57",382
"2018-06-13 15:45:56",383
"2018-06-13 16:45:56",385
"2018-06-13 17:45:56",385
"2018-06-13 18:45:58",384
"2018-06-13 19:45:57",384
"2018-06-13 20:45:56",384
"2018-06-13 21:45:57",384
"2018-06-13 22:45:55",384
"2018-06-13 23:45:55",384
"2018-06-14 00:45:57",384
"2018-06-14 01:45:57",384
"2018-06-14 02:45:56",384
"2018-06-14 03:45:57",384
"2018-06-14 04:45:56",384
"2018-06-14 05:45:58",384
"2018-06-14 06:45:56",384
"2018-06-14 07:45:56",384
"2018-06-14 08:45:56",384
"2018-06-14 09:45:54",384
"2018-06-14 10:45:56",384
"2018-06-14 11:45:57",384
"2018-06-14 12:45:57",384
"2018-06-14 13:45:57",384
"2018-06-14 14:45:56",386
"2018-06-14 15:45:57",385
"2018-06-14 16:45:55",385
"2018-06-14 17:45:56",384
"2018-06-14 18:45:56",384
"2018-06-14 19:45:57",382
"2018-06-14 20:45:56",384
"2018-06-14 21:45:56",384
"2018-06-14 22:45:58",384
"2018-06-14 23:45:56",384
"2018-06-15 00:45:55",384
"2018-06-15 01:45:55",384
"2018-06-15 02:45:56",384
"2018-06-15 03:45:56",384
"2018-06-15 04:45:57",384
"2018-06-15 05:45:59",384
"2018-06-15 06:45:57",384
"2018-06-15 07:45:55",384
"2018-06-15 08:45:55",384
"2018-06-15 09:45:55",384
"2018-06-15 10:45:56",384
"2018-06-15 11:45:55",384
"2018-06-15 12:45:55",384
"2018-06-15 13:45:58",384
"2018-06-15 14:45:57",383
"2018-06-15 15:45:57",381
"2018-06-15 16:45:56",380
"2018-06-15 17:45:55",381
"2018-06-15 18:45:57",381
"2018-06-15 19:45:55",382
"2018-06-15 20:45:56",381
"2018-06-15 21:45:55",381
"2018-06-15 22:45:55",381
"2018-06-15 23:45:56",381
"2018-06-16 00:45:56",381
"2018-06-16 01:45:56",381
"2018-06-16 02:46:00",381
"2018-06-16 03:45:56",381
"2018-06-16 04:45:59",381
"2018-06-16 05:45:59",381
"2018-06-16 06:45:57",381
"2018-06-16 07:45:55",381
"2018-06-16 08:45:56",381
"2018-06-16 09:45:56",381
"2018-06-16 10:45:55",381
"2018-06-16 11:45:57",381
"2018-06-16 12:45:56",381
"2018-06-16 13:45:57",381
"2018-06-16 14:45:57",381
"2018-06-16 15:45:56",381
"2018-06-16 16:45:57",381
"2018-06-16 17:45:56",381
"2018-06-16 18:45:56",381
"2018-06-16 19:45:57",381
"2018-06-16 20:45:56",381
"2018-06-16 21:45:56",381
"2018-06-16 22:45:57",381
"2018-06-16 23:45:56",381
"2018-06-17 00:45:56",381
"2018-06-17 01:45:56",381
"2018-06-17 02:46:00",381
"2018-06-17 03:45:56",381
"2018-06-17 04:45:56",381
"2018-06-17 05:45:56",381
"2018-06-17 06:45:55",381
"2018-06-17 07:45:55",381
"2018-06-17 08:45:56",381
"2018-06-17 09:45:55",381
"2018-06-17 10:45:54",381
"2018-06-17 11:45:55",381
"2018-06-17 12:45:56",381
"2018-06-17 13:45:56",381
"2018-06-17 14:45:57",381
"2018-06-17 15:45:55",381
"2018-06-17 16:45:55",381
"2018-06-17 17:45:56",381
"2018-06-17 18:45:55",381
"2018-06-17 19:45:58",381
"2018-06-17 20:45:57",381
"2018-06-17 21:45:56",381
"2018-06-17 22:45:56",381
"2018-06-17 23:45:56",381
"2018-06-18 00:45:58",381
"2018-06-18 01:45:57",381
"2018-06-18 02:45:58",381
"2018-06-18 03:45:56",381
"2018-06-18 04:45:56",381
"2018-06-18 05:45:57",381
"2018-06-18 06:45:55",381
"2018-06-18 07:45:55",381
"2018-06-18 08:46:02",381
"2018-06-18 09:45:56",381
"2018-06-18 10:45:55",381
"2018-06-18 11:45:57",381
"2018-06-18 12:45:55",381
"2018-06-18 13:45:58",381
"2018-06-18 14:45:56",379
"2018-06-18 15:45:56",380
"2018-06-18 16:45:56",376
"2018-06-18 17:45:55",375
"2018-06-18 18:45:58",377
"2018-06-18 19:45:56",380
"2018-06-18 20:45:57",391
"2018-06-18 21:45:55",390
"2018-06-18 22:45:56",390
"2018-06-18 23:45:56",390
"2018-06-19 00:45:56",390
"2018-06-19 01:45:55",390
"2018-06-19 02:45:57",390
"2018-06-19 03:45:57",390
"2018-06-19 04:45:56",390
"2018-06-19 05:45:57",390
"2018-06-19 06:45:56",390
"2018-06-19 07:45:59",390
"2018-06-19 08:45:58",390
"2018-06-19 09:45:55",390
"2018-06-19 10:45:56",390
"2018-06-19 11:45:55",390
"2018-06-19 12:45:56",390
"2018-06-19 13:45:59",390
"2018-06-19 14:45:57",389
"2018-06-19 15:45:56",387
"2018-06-19 16:45:56",386
"2018-06-19 17:45:56",387
"2018-06-19 18:45:56",386
"2018-06-19 19:45:56",386
"2018-06-19 20:45:55",384
"2018-06-19 21:45:56",384
"2018-06-19 22:45:55",384
"2018-06-19 23:45:57",384
"2018-06-20 00:46:06",384
"2018-06-20 01:45:59",384
"2018-06-20 02:45:55",384
"2018-06-20 03:45:57",384
"2018-06-20 04:45:56",384
"2018-06-20 05:45:55",384
"2018-06-20 06:45:56",384
"2018-06-20 07:45:56",384
"2018-06-20 08:45:56",384
"2018-06-20 09:45:55",384
"2018-06-20 10:45:56",384
"2018-06-20 11:45:55",384
"2018-06-20 12:45:56",384
"2018-06-20 14:10:31",386
"2018-06-20 14:45:58",386
"2018-06-20 15:45:58",386
"2018-06-20 16:45:58",386
"2018-06-20 17:45:56",385
"2018-06-20 18:45:56",384
"2018-06-20 19:45:57",383
"2018-06-20 20:45:55",383
"2018-06-20 21:45:56",383
"2018-06-20 22:45:55",383
"2018-06-20 23:45:56",383
"2018-06-21 00:45:56",383
"2018-06-21 01:45:56",383
"2018-06-21 02:45:56",383
"2018-06-21 03:45:57",383
"2018-06-21 04:45:57",383
"2018-06-21 05:45:59",383
"2018-06-21 06:45:55",383
"2018-06-21 07:45:56",383
"2018-06-21 08:45:59",383
"2018-06-21 09:45:54",383
"2018-06-21 10:45:56",383
"2018-06-21 11:45:55",383
"2018-06-21 12:45:56",383
"2018-06-21 13:45:58",383
"2018-06-21 14:45:58",384
"2018-06-21 15:45:58",386
"2018-06-21 16:45:57",386
"2018-06-21 17:45:58",386
"2018-06-21 18:45:57",386
"2018-06-21 19:45:58",386
"2018-06-21 20:45:58",385
"2018-06-21 21:45:58",385
"2018-06-21 22:45:57",385
"2018-06-21 23:45:57",385
"2018-06-22 00:45:57",385
"2018-06-22 01:45:56",385
"2018-06-22 02:45:57",385
"2018-06-22 03:45:58",385
"2018-06-22 04:45:57",385
"2018-06-22 05:45:59",385
"2018-06-22 06:45:57",385
"2018-06-22 07:45:56",385
"2018-06-22 08:45:58",385
"2018-06-22 09:45:57",385
"2018-06-22 10:45:56",385
"2018-06-22 11:45:56",385
"2018-06-22 12:45:57",385
"2018-06-22 13:45:59",385
"2018-06-22 15:10:00",384
"2018-06-22 15:45:58",384
"2018-06-22 16:45:58",384
"2018-06-22 17:45:58",384
"2018-06-22 18:45:57",385
"2018-06-22 19:45:59",385
"2018-06-22 20:45:56",385
"2018-06-22 21:45:57",385
"2018-06-22 22:45:57",385
"2018-06-22 23:45:57",385
"2018-06-23 00:46:33",385
"2018-06-23 01:47:12",385
"2018-06-23 02:45:57",385
"2018-06-23 03:45:58",385
"2018-06-23 04:45:57",385
"2018-06-23 05:45:57",385
"2018-06-23 06:45:57",385
"2018-06-23 07:45:57",385
"2018-06-23 08:45:57",385
"2018-06-23 09:45:57",385
"2018-06-23 10:45:57",385
"2018-06-23 11:45:58",385
"2018-06-23 12:45:56",385
"2018-06-23 13:45:57",385
"2018-06-23 14:45:57",385
"2018-06-23 15:45:58",385
"2018-06-23 16:45:57",385
"2018-06-23 17:45:57",385
"2018-06-23 18:45:57",385
"2018-06-23 19:45:58",385
"2018-06-23 20:45:58",385
"2018-06-23 21:45:57",385
"2018-06-23 22:45:57",385
"2018-06-23 23:45:56",385
"2018-06-24 00:46:16",385
"2018-06-24 01:45:56",385
"2018-06-24 02:45:56",385
"2018-06-24 03:46:02",385
"2018-06-24 04:45:57",385
"2018-06-24 05:45:57",385
"2018-06-24 06:45:58",385
"2018-06-24 07:45:58",385
"2018-06-24 08:45:57",385
"2018-06-24 09:45:57",385
"2018-06-24 10:46:49",385
"2018-06-24 11:45:56",385
"2018-06-24 12:46:01",385
"2018-06-24 13:45:56",385
"2018-06-24 14:46:19",385
"2018-06-24 15:46:27",385
"2018-06-24 16:45:56",385
"2018-06-24 17:45:57",385
"2018-06-24 18:45:57",385
"2018-06-24 19:45:57",385
"2018-06-24 20:45:57",385
"2018-06-24 21:45:57",385
"2018-06-24 22:45:56",385
"2018-06-24 23:45:58",385
"2018-06-25 00:45:57",385
"2018-06-25 01:45:57",385
"2018-06-25 02:45:59",385
"2018-06-25 03:46:09",385
"2018-06-25 04:46:08",385
"2018-06-25 05:46:00",385
"2018-06-25 06:45:57",385
"2018-06-25 07:45:56",385
"2018-06-25 08:45:58",385
"2018-06-25 09:45:58",385
"2018-06-25 10:45:57",385
"2018-06-25 11:45:57",385
"2018-06-25 12:45:56",385
"2018-06-25 13:46:00",385
"2018-06-25 14:45:57",383
"2018-06-25 15:45:57",384
"2018-06-25 16:45:56",385
"2018-06-25 17:45:57",385
"2018-06-25 18:45:57",385
"2018-06-25 19:45:58",387
"2018-06-25 20:45:58",388
"2018-06-25 21:45:58",388
"2018-06-25 22:45:56",388
"2018-06-26 01:14:23",388
"2018-06-26 01:45:57",388
"2018-06-26 02:45:57",388
"2018-06-26 03:46:18",388
"2018-06-26 04:46:15",388
"2018-06-26 05:46:00",388
"2018-06-26 06:45:57",388
"2018-06-26 07:46:01",388
"2018-06-26 08:45:58",388
"2018-06-26 09:46:00",388
"2018-06-26 10:46:03",388
"2018-06-26 11:46:11",388
"2018-06-26 12:46:19",388
"2018-06-26 13:46:00",388
"2018-06-26 14:45:59",386
"2018-06-26 15:46:25",386
"2018-06-26 16:45:58",385
"2018-06-26 17:45:57",385
"2018-06-26 18:45:57",383
"2018-06-26 19:45:59",383
"2018-06-26 20:45:58",383
"2018-06-26 21:45:57",382
"2018-06-26 22:45:56",382
"2018-06-26 23:45:56",382
"2018-06-27 00:45:58",382
"2018-06-27 01:45:56",382
"2018-06-27 02:45:57",382
"2018-06-27 03:46:01",382
"2018-06-27 04:46:08",382
"2018-06-27 05:45:59",382
"2018-06-27 06:45:58",382
"2018-06-27 07:45:56",382
"2018-06-27 08:45:56",382
"2018-06-27 09:45:58",382
"2018-06-27 10:45:57",382
"2018-06-27 11:45:56",382
"2018-06-27 12:45:58",382
"2018-06-27 13:46:29",382
"2018-06-27 14:46:27",380
"2018-06-27 15:46:28",379
"2018-06-27 16:45:59",377
"2018-06-27 17:45:57",376
"2018-06-27 18:45:58",376
"2018-06-27 19:46:00",376
"2018-06-27 20:45:57",377
"2018-06-27 21:45:57",377
"2018-06-27 22:45:56",377
"2018-06-27 23:45:57",377
"2018-06-28 00:45:58",377
"2018-06-28 01:45:57",377
"2018-06-28 02:46:11",377
"2018-06-28 03:46:21",377
"2018-06-28 04:46:17",377
"2018-06-28 05:46:11",377
"2018-06-28 06:45:58",377
"2018-06-28 07:45:58",377
"2018-06-28 08:45:58",377
"2018-06-28 09:45:56",377
"2018-06-28 10:45:58",377
"2018-06-28 11:45:57",377
"2018-06-28 12:45:56",377
"2018-06-28 13:46:00",377
"2018-06-28 14:46:17",378
"2018-06-28 15:46:25",378
"2018-06-28 16:45:56",378
"2018-06-28 17:45:59",378
"2018-06-28 18:45:56",378
"2018-06-28 19:46:02",378
"2018-06-28 20:45:57",379
"2018-06-28 21:45:57",379
"2018-06-28 22:45:56",379
"2018-06-28 23:45:58",379
"2018-06-29 00:45:58",379
"2018-06-29 01:45:57",379
"2018-06-29 02:45:58",379
"2018-06-29 03:46:10",379
"2018-06-29 04:46:02",379
"2018-06-29 05:46:01",379
"2018-06-29 06:45:59",379
"2018-06-29 07:46:00",379
"2018-06-29 08:46:00",379
"2018-06-29 09:45:57",379
"2018-06-29 10:45:57",379
"2018-06-29 11:45:58",379
"2018-06-29 12:46:09",379
"2018-06-29 13:46:00",379
"2018-06-29 14:45:59",379
"2018-06-29 15:45:59",378
"2018-06-29 16:45:58",376
"2018-06-29 17:45:57",375
"2018-06-29 18:45:59",375
"2018-06-29 19:46:05",375
"2018-06-29 20:45:58",373
"2018-06-29 21:46:02",373
"2018-06-29 22:46:01",373
"2018-06-29 23:46:03",373
"2018-06-30 00:46:02",373
"2018-06-30 01:45:57",373
"2018-06-30 02:45:59",373
"2018-06-30 03:46:14",373
"2018-06-30 04:46:07",373
"2018-06-30 05:46:06",373
"2018-06-30 06:46:05",373
"2018-06-30 07:45:59",373
"2018-06-30 08:45:58",373
"2018-06-30 09:45:57",373
"2018-06-30 10:46:00",373
"2018-06-30 11:46:01",373
"2018-06-30 12:46:10",373
"2018-06-30 13:46:25",373
"2018-06-30 14:46:03",373
"2018-06-30 15:46:24",373
"2018-06-30 16:46:03",373
"2018-06-30 17:45:58",373
"2018-06-30 18:45:58",373
"2018-06-30 19:46:10",373
"2018-06-30 20:45:58",373
"2018-06-30 21:45:58",373
"2018-06-30 22:45:58",373
"2018-06-30 23:45:59",373
"2018-07-01 00:45:58",373
"2018-07-01 01:45:58",373
"2018-07-01 02:45:58",373
"2018-07-01 03:45:58",373
"2018-07-01 04:45:57",373
"2018-07-01 05:45:58",373
"2018-07-01 06:45:58",373
"2018-07-01 07:45:57",373
"2018-07-01 08:45:58",373
"2018-07-01 09:45:59",373
"2018-07-01 10:45:58",373
"2018-07-01 11:45:58",373
"2018-07-01 12:45:59",373
"2018-07-01 13:45:58",373
"2018-07-01 14:45:58",373
"2018-07-01 15:45:59",373
"2018-07-01 16:46:03",373
"2018-07-01 17:45:59",373
"2018-07-01 18:45:58",373
"2018-07-01 19:46:01",373
"2018-07-01 20:45:59",373
"2018-07-01 21:45:59",373
"2018-07-01 22:45:58",373
"2018-07-01 23:45:59",373
"2018-07-02 00:45:59",373
"2018-07-02 01:46:01",373
"2018-07-02 02:46:00",373
"2018-07-02 03:45:58",373
"2018-07-02 04:45:57",373
"2018-07-02 05:45:59",373
"2018-07-02 06:45:59",373
"2018-07-02 07:45:58",373
"2018-07-02 08:46:00",373
"2018-07-02 09:45:59",373
"2018-07-02 10:45:57",373
"2018-07-02 11:45:56",373
"2018-07-02 12:45:56",373
"2018-07-02 13:46:00",373
"2018-07-02 14:45:57",374
"2018-07-02 15:45:58",372
"2018-07-02 16:45:59",372
"2018-07-02 17:45:58",372
"2018-07-02 18:45:58",373
"2018-07-02 19:46:00",375
"2018-07-02 20:45:57",375
"2018-07-02 21:45:56",375
"2018-07-02 22:45:58",375
"2018-07-02 23:45:58",375
"2018-07-03 00:55:33",375
"2018-07-03 01:45:58",375
"2018-07-03 02:45:58",375
"2018-07-03 03:45:57",375
"2018-07-03 04:45:58",375
"2018-07-03 05:45:57",375
"2018-07-03 06:45:56",375
"2018-07-03 07:45:57",375
"2018-07-03 08:45:58",375
"2018-07-03 09:45:58",375
"2018-07-03 10:45:56",375
"2018-07-03 11:45:57",375
"2018-07-03 12:45:57",375
"2018-07-03 13:45:59",375
"2018-07-03 14:45:58",374
"2018-07-03 15:45:57",373
"2018-07-03 16:45:58",372
"2018-07-03 17:45:58",373
"2018-07-03 18:45:56",374
"2018-07-03 19:46:05",374
"2018-07-03 20:45:57",374
"2018-07-03 21:45:57",374
"2018-07-03 22:45:57",374
"2018-07-03 23:45:56",374
"2018-07-04 00:45:56",374
"2018-07-04 01:45:58",374
"2018-07-04 02:45:58",374
"2018-07-04 03:45:58",374
"2018-07-04 04:45:56",374
"2018-07-04 05:45:57",374
"2018-07-04 06:45:58",374
"2018-07-04 07:45:57",374
"2018-07-04 08:46:00",374
"2018-07-04 09:45:57",374
"2018-07-04 10:45:58",374
"2018-07-04 11:45:57",374
"2018-07-04 12:45:57",374
"2018-07-04 13:45:58",374
"2018-07-04 14:45:57",374
"2018-07-04 15:45:57",374
"2018-07-04 16:45:57",374
"2018-07-04 17:45:57",374
"2018-07-04 18:45:57",374
"2018-07-04 19:45:59",374
"2018-07-04 20:45:58",374
"2018-07-04 21:45:58",374
"2018-07-04 22:45:56",374
"2018-07-04 23:45:57",374
"2018-07-05 00:45:56",374
"2018-07-05 01:45:56",374
"2018-07-05 02:45:58",374
"2018-07-05 03:45:58",374
"2018-07-05 04:45:57",374
"2018-07-05 05:45:56",374
"2018-07-05 06:45:56",374
"2018-07-05 07:45:57",374
"2018-07-05 08:45:58",374
"2018-07-05 09:45:57",374
"2018-07-05 10:45:57",374
"2018-07-05 11:45:58",374
"2018-07-05 12:45:57",374
"2018-07-05 13:45:58",374
"2018-07-05 14:45:57",373
"2018-07-05 15:45:58",372
"2018-07-05 16:45:57",371
"2018-07-05 17:45:59",370
"2018-07-05 18:45:56",370
"2018-07-05 19:46:06",370
"2018-07-05 20:45:56",370
"2018-07-05 21:45:58",370
"2018-07-05 22:45:58",370
"2018-07-05 23:45:57",370
"2018-07-06 00:45:57",370
"2018-07-06 01:45:58",370
"2018-07-06 02:45:57",370
"2018-07-06 03:45:59",370
"2018-07-06 04:45:58",370
"2018-07-06 05:45:57",370
"2018-07-06 06:45:57",370
"2018-07-06 07:45:57",370
"2018-07-06 08:45:59",370
"2018-07-06 09:45:57",370
"2018-07-06 10:45:58",370
"2018-07-06 11:46:02",370
"2018-07-06 12:45:58",370
"2018-07-06 13:46:03",370
"2018-07-06 14:46:01",369
"2018-07-06 15:46:01",369
"2018-07-06 16:46:00",368
"2018-07-06 17:45:59",368
"2018-07-06 18:45:58",368
"2018-07-06 19:46:05",368
"2018-07-06 20:45:58",367
"2018-07-06 21:45:57",367
"2018-07-06 22:45:57",367
"2018-07-06 23:45:57",367
"2018-07-07 00:45:57",367
"2018-07-07 01:45:57",367
"2018-07-07 02:45:59",367
"2018-07-07 03:45:58",367
"2018-07-07 04:45:58",367
"2018-07-07 05:45:57",367
"2018-07-07 06:45:57",367
"2018-07-07 07:45:57",367
"2018-07-07 08:45:58",367
"2018-07-07 09:45:57",367
"2018-07-07 10:45:57",367
"2018-07-07 11:45:57",367
"2018-07-07 12:45:58",367
"2018-07-07 13:45:58",367
"2018-07-07 14:45:58",367
"2018-07-07 15:45:58",367
"2018-07-07 16:45:59",367
"2018-07-07 17:45:59",367
"2018-07-07 18:46:00",367
"2018-07-07 19:46:06",367
"2018-07-07 20:45:58",367
"2018-07-07 21:45:57",367
"2018-07-07 22:45:59",367
"2018-07-07 23:45:58",367
"2018-07-08 00:45:59",367
"2018-07-08 01:45:58",367
"2018-07-08 02:45:59",367
"2018-07-08 03:46:00",367
"2018-07-08 04:46:00",367
"2018-07-08 05:45:59",367
"2018-07-08 06:45:58",367
"2018-07-08 07:45:58",367
"2018-07-08 08:45:57",367
"2018-07-08 09:45:58",367
"2018-07-08 10:45:56",367
"2018-07-08 11:45:58",367
"2018-07-08 12:45:59",367
"2018-07-08 13:45:58",367
"2018-07-08 14:45:57",367
"2018-07-08 15:45:58",367
"2018-07-08 16:45:58",367
"2018-07-08 17:45:58",367
"2018-07-08 18:45:59",367
"2018-07-08 19:46:10",367
"2018-07-08 20:45:59",367
"2018-07-08 21:45:58",367
"2018-07-08 22:45:58",367
"2018-07-08 23:45:57",367
"2018-07-09 00:45:58",367
"2018-07-09 01:45:58",367
"2018-07-09 02:45:59",367
"2018-07-09 03:46:00",367
"2018-07-09 04:45:57",367
"2018-07-09 05:45:59",367
"2018-07-09 06:45:57",367
"2018-07-09 07:45:57",367
"2018-07-09 08:45:59",367
"2018-07-09 09:45:58",367
"2018-07-09 10:45:58",367
"2018-07-09 11:45:57",367
"2018-07-09 12:45:58",367
"2018-07-09 13:46:07",367
"2018-07-09 14:45:59",370
"2018-07-09 15:46:00",370
"2018-07-09 16:45:59",370
"2018-07-09 17:46:00",371
"2018-07-09 18:46:01",372
"2018-07-09 19:46:26",372
"2018-07-09 20:45:59",374
"2018-07-09 21:45:59",374
"2018-07-09 22:45:59",374
"2018-07-09 23:45:59",374
"2018-07-10 00:45:59",374
"2018-07-10 01:46:01",374
"2018-07-10 02:45:59",374
"2018-07-10 03:46:00",374
"2018-07-10 04:46:00",374
"2018-07-10 05:46:00",374
"2018-07-10 06:45:59",374
"2018-07-10 07:45:58",374
"2018-07-10 08:45:59",374
"2018-07-10 09:45:59",374
"2018-07-10 10:45:58",374
"2018-07-10 11:45:59",374
"2018-07-10 12:45:58",374
"2018-07-10 13:46:09",374
"2018-07-10 14:46:05",376
"2018-07-10 15:46:01",375
"2018-07-10 16:46:00",379
"2018-07-10 17:46:02",382
"2018-07-10 18:45:59",385
"2018-07-10 19:46:08",387
"2018-07-10 20:45:59",392
"2018-07-10 21:45:59",392
"2018-07-10 22:46:06",392
"2018-07-10 23:46:00",392
"2018-07-11 00:46:01",392
"2018-07-11 01:46:01",392
"2018-07-11 02:46:00",392
"2018-07-11 03:46:00",392
"2018-07-11 04:46:00",392
"2018-07-11 05:46:01",392
"2018-07-11 06:46:00",392
"2018-07-11 07:45:59",392
"2018-07-11 08:45:59",392
"2018-07-11 09:45:59",392
"2018-07-11 10:45:59",392
"2018-07-11 11:45:58",392
"2018-07-11 12:45:58",392
"2018-07-11 13:46:03",392
"2018-07-11 14:46:02",393
"2018-07-11 15:46:01",390
"2018-07-11 16:46:00",389
"2018-07-11 17:45:59",389
"2018-07-11 18:45:59",388
"2018-07-11 19:46:03",388
"2018-07-11 20:45:59",388
"2018-07-11 21:45:58",388
"2018-07-11 22:45:59",388
"2018-07-11 23:45:59",388
"2018-07-12 00:46:00",388
"2018-07-12 01:45:58",388
"2018-07-12 02:46:00",388
"2018-07-12 03:45:59",388
"2018-07-12 04:46:01",388
"2018-07-12 05:46:02",388
"2018-07-12 06:46:00",388
"2018-07-12 07:45:59",388
"2018-07-12 08:45:59",388
"2018-07-12 09:46:00",388
"2018-07-12 10:45:58",388
"2018-07-12 11:45:58",388
"2018-07-12 12:45:59",388
"2018-07-12 13:46:04",388
"2018-07-12 14:46:03",388
"2018-07-12 15:46:02",389
"2018-07-12 16:46:04",389
"2018-07-12 17:46:02",384
"2018-07-12 18:46:02",383
"2018-07-12 19:46:17",384
"2018-07-12 20:45:59",384
"2018-07-12 21:45:59",384
"2018-07-12 22:46:00",384
"2018-07-12 23:46:01",384
"2018-07-13 00:46:00",384
"2018-07-13 01:46:00",384
"2018-07-13 02:46:00",384
"2018-07-13 03:46:00",384
"2018-07-13 04:46:00",384
"2018-07-13 05:46:01",384
"2018-07-13 06:46:00",384
"2018-07-13 07:45:59",384
"2018-07-13 08:46:00",384
"2018-07-13 09:45:58",384
"2018-07-13 10:45:58",384
"2018-07-13 11:45:58",384
"2018-07-13 12:46:00",384
"2018-07-13 13:46:08",384
"2018-07-13 14:46:02",386
"2018-07-13 15:46:03",389
"2018-07-13 16:46:01",390
"2018-07-13 17:46:00",391
"2018-07-13 18:46:02",391
"2018-07-13 19:46:02",391
"2018-07-13 20:45:59",392
"2018-07-13 21:45:57",392
"2018-07-13 22:46:00",392
"2018-07-13 23:46:02",392
"2018-07-14 00:46:01",392
"2018-07-14 01:45:59",392
"2018-07-14 02:46:00",392
"2018-07-14 03:46:00",392
"2018-07-14 04:46:00",392
"2018-07-14 05:46:00",392
"2018-07-14 06:46:00",392
"2018-07-14 07:45:59",392
"2018-07-14 08:46:00",392
"2018-07-14 09:46:00",392
"2018-07-14 10:46:01",392
"2018-07-14 11:46:00",392
"2018-07-14 12:46:00",392
"2018-07-14 13:46:01",392
"2018-07-14 14:46:01",392
"2018-07-14 15:46:01",392
"2018-07-14 16:46:01",392
"2018-07-14 17:46:00",392
"2018-07-14 18:46:01",392
"2018-07-14 19:46:05",392
"2018-07-14 20:46:00",392
"2018-07-14 21:46:01",392
"2018-07-14 22:46:01",392
"2018-07-14 23:46:01",392
"2018-07-15 00:46:00",392
"2018-07-15 01:46:00",392
"2018-07-15 02:46:01",392
"2018-07-15 03:46:00",392
"2018-07-15 04:46:00",392
"2018-07-15 05:46:00",392
"2018-07-15 06:46:00",392
"2018-07-15 07:45:59",392
"2018-07-15 08:46:00",392
"2018-07-15 09:46:00",392
"2018-07-15 10:46:00",392
"2018-07-15 11:46:00",392
"2018-07-15 12:46:00",392
"2018-07-15 13:46:01",392
"2018-07-15 14:45:59",392
"2018-07-15 15:46:01",392
"2018-07-15 16:46:01",392
"2018-07-15 17:46:00",392
"2018-07-15 18:45:59",392
"2018-07-15 19:46:14",392
"2018-07-15 20:46:01",392
"2018-07-15 21:46:16",392
"2018-07-15 22:46:01",392
"2018-07-15 23:46:01",392
"2018-07-16 00:46:01",392
"2018-07-16 01:46:00",392
"2018-07-16 02:46:01",392
"2018-07-16 03:46:01",392
"2018-07-16 04:46:02",392
"2018-07-16 05:46:00",392
"2018-07-16 06:46:02",392
"2018-07-16 07:46:11",392
"2018-07-16 08:46:02",392
"2018-07-16 09:45:59",392
"2018-07-16 10:45:59",392
"2018-07-16 11:45:59",392
"2018-07-16 12:45:58",392
"2018-07-16 13:46:20",392
"2018-07-16 14:46:01",394
"2018-07-16 15:46:03",397
"2018-07-16 16:46:02",400
"2018-07-16 17:46:03",400
"2018-07-16 18:46:03",404
"2018-07-16 19:46:49",408
"2018-07-16 20:46:01",413
"2018-07-16 21:46:01",413
"2018-07-16 22:46:00",413
"2018-07-16 23:46:01",413
"2018-07-17 00:46:17",413
"2018-07-17 01:46:01",413
"2018-07-17 02:46:01",413
"2018-07-17 03:46:00",413
"2018-07-17 04:46:01",413
"2018-07-17 05:46:02",413
"2018-07-17 06:46:01",413
"2018-07-17 07:46:13",413
"2018-07-17 08:46:01",413
"2018-07-17 09:45:59",413
"2018-07-17 10:46:00",413
"2018-07-17 11:45:59",413
"2018-07-17 12:46:01",413
"2018-07-17 13:46:07",413
"2018-07-17 14:46:04",419
"2018-07-17 15:46:02",421
"2018-07-17 16:46:02",420
"2018-07-17 17:46:02",421
"2018-07-17 18:46:03",420
"2018-07-17 19:46:28",421
"2018-07-17 20:46:01",420
"2018-07-17 21:46:00",420
"2018-07-17 22:45:59",420
"2018-07-17 23:46:04",420
"2018-07-18 00:46:06",420
"2018-07-18 01:46:04",420
"2018-07-18 02:46:15",420
"2018-07-18 03:46:06",420
"2018-07-18 04:46:04",420
"2018-07-18 05:46:07",420
"2018-07-18 06:46:04",420
"2018-07-18 07:46:03",420
"2018-07-18 08:46:08",420
"2018-07-18 09:46:03",420
"2018-07-18 10:46:03",420
"2018-07-18 11:46:03",420
"2018-07-18 12:46:03",420
"2018-07-18 13:46:10",420
"2018-07-18 14:46:08",421
"2018-07-18 15:46:05",419
"2018-07-18 16:46:06",419
"2018-07-18 17:46:06",419
"2018-07-18 18:46:06",419
"2018-07-18 19:46:15",419
"2018-07-18 20:46:04",418
"2018-07-18 21:46:04",418
"2018-07-18 22:46:05",418
"2018-07-18 23:46:04",418
"2018-07-19 00:46:05",418
"2018-07-19 01:46:05",418
"2018-07-19 02:46:05",418
"2018-07-19 03:46:18",418
"2018-07-19 04:46:14",418
"2018-07-19 05:46:09",418
"2018-07-19 06:46:12",418
"2018-07-19 07:46:17",418
"2018-07-19 08:46:05",418
"2018-07-19 09:46:05",418
"2018-07-19 10:46:04",418
"2018-07-19 11:46:05",418
"2018-07-19 12:46:04",418
"2018-07-19 13:46:09",418
"2018-07-19 14:46:07",417
"2018-07-19 15:46:08",418
"2018-07-19 16:46:06",416
"2018-07-19 17:46:07",416
"2018-07-19 18:46:08",417
"2018-07-19 19:46:12",417
"2018-07-19 20:46:06",417
"2018-07-19 21:46:05",417
"2018-07-19 22:46:07",417
"2018-07-19 23:46:09",417
"2018-07-20 00:46:06",417
"2018-07-20 01:46:06",417
"2018-07-20 02:46:07",417
"2018-07-20 03:46:12",417
"2018-07-20 04:46:13",417
"2018-07-20 05:46:12",417
"2018-07-20 06:46:11",417
"2018-07-20 07:46:11",417
"2018-07-20 08:46:05",417
"2018-07-20 09:46:17",417
"2018-07-20 10:46:04",417
"2018-07-20 11:46:03",417
"2018-07-20 12:46:03",417
"2018-07-20 14:09:40",417
"2018-07-20 14:46:08",417
"2018-07-20 15:46:09",417
"2018-07-20 16:46:07",417
"2018-07-20 17:46:06",419
"2018-07-20 18:46:08",419
"2018-07-20 19:46:19",419
"2018-07-20 20:46:04",421
"2018-07-20 21:46:05",421
"2018-07-20 22:46:03",421
"2018-07-20 23:46:07",421
"2018-07-21 00:46:06",421
"2018-07-21 01:46:07",421
"2018-07-21 02:46:08",421
"2018-07-21 03:46:14",421
"2018-07-21 04:46:06",421
"2018-07-21 05:46:04",421
"2018-07-21 06:46:05",421
"2018-07-21 07:46:04",421
"2018-07-21 08:46:03",421
"2018-07-21 09:46:07",421
"2018-07-21 10:46:04",421
"2018-07-21 11:46:03",421
"2018-07-21 12:46:04",421
"2018-07-21 13:46:06",421
"2018-07-21 14:46:06",421
"2018-07-21 15:46:06",421
"2018-07-21 16:46:08",421
"2018-07-21 17:46:05",421
"2018-07-21 18:46:08",421
"2018-07-21 19:46:11",421
"2018-07-21 20:46:05",421
"2018-07-21 21:46:05",421
"2018-07-21 22:46:04",421
"2018-07-21 23:46:06",421
"2018-07-22 00:46:05",421
"2018-07-22 01:46:04",421
"2018-07-22 02:46:06",421
"2018-07-22 03:46:08",421
"2018-07-22 04:46:05",421
"2018-07-22 05:46:04",421
"2018-07-22 06:46:21",421
"2018-07-22 07:46:16",421
"2018-07-22 08:46:05",421
"2018-07-22 09:46:03",421
"2018-07-22 10:46:03",421
"2018-07-22 11:46:04",421
"2018-07-22 12:46:06",421
"2018-07-22 13:46:05",421
"2018-07-22 14:46:12",421
"2018-07-22 15:46:05",421
"2018-07-22 16:46:05",421
"2018-07-22 17:46:04",421
"2018-07-22 18:46:04",421
"2018-07-22 19:46:15",421
"2018-07-22 20:46:05",421
"2018-07-22 21:46:05",421
"2018-07-22 22:46:04",421
"2018-07-22 23:46:04",421
"2018-07-23 00:46:05",421
"2018-07-23 01:46:04",421
"2018-07-23 02:46:06",421
"2018-07-23 03:46:05",421
"2018-07-23 04:46:04",421
"2018-07-23 05:46:03",421
"2018-07-23 06:46:03",421
"2018-07-23 07:46:04",421
"2018-07-23 08:46:07",421
"2018-07-23 09:46:10",421
"2018-07-23 23:46:19",419
"2018-07-24 00:46:05",419
"2018-07-24 01:46:06",419
"2018-07-24 02:46:07",419
"2018-07-24 03:46:05",419
"2018-07-24 04:46:04",419
"2018-07-24 05:46:04",419
"2018-07-24 06:46:05",419
"2018-07-24 07:46:03",419
"2018-07-24 08:46:04",419
"2018-07-24 09:46:03",419
"2018-07-24 10:46:04",419
"2018-07-24 11:46:04",419
"2018-07-24 12:46:05",419
"2018-07-24 13:46:20",419
"2018-07-24 14:46:06",416
"2018-07-24 15:46:06",414
"2018-07-24 16:46:08",414
"2018-07-24 17:46:06",416
"2018-07-24 18:46:04",418
"2018-07-24 19:46:06",421
"2018-07-24 20:46:03",424
"2018-07-24 21:46:03",424
"2018-07-24 22:46:04",424
"2018-07-24 23:46:04",424
"2018-07-25 00:46:05",424
"2018-07-25 01:46:04",424
"2018-07-25 02:46:04",424
"2018-07-25 03:46:05",424
"2018-07-25 04:46:05",424
"2018-07-25 05:46:04",424
"2018-07-25 06:46:04",424
"2018-07-25 07:46:03",424
"2018-07-25 08:46:05",424
"2018-07-25 09:46:04",424
"2018-07-25 10:46:03",424
"2018-07-25 11:46:03",424
"2018-07-25 12:46:04",424
"2018-07-25 13:46:14",424
"2018-07-25 14:46:07",426
"2018-07-25 15:46:08",425
"2018-07-25 16:46:08",425
"2018-07-25 17:46:13",424
"2018-07-25 18:46:08",423
"2018-07-25 19:46:08",423
"2018-07-25 20:46:07",424
"2018-07-25 21:46:07",424
"2018-07-25 22:46:05",424
"2018-07-25 23:46:04",424
"2018-07-26 00:46:04",424
"2018-07-26 01:46:05",424
"2018-07-26 02:46:07",424
"2018-07-26 03:46:06",424
"2018-07-26 04:46:05",424
"2018-07-26 05:46:07",424
"2018-07-26 06:46:05",424
"2018-07-26 07:46:04",424
"2018-07-26 08:46:04",424
"2018-07-26 09:46:05",424
"2018-07-26 10:46:05",424
"2018-07-26 11:46:04",424
"2018-07-26 12:46:05",424
"2018-07-26 14:46:11",432
"2018-07-26 15:46:09",430
"2018-07-26 16:46:09",432
"2018-07-26 17:46:08",436
"2018-07-26 18:46:08",440
"2018-07-26 19:46:10",440
"2018-07-26 20:46:07",441
"2018-07-26 21:46:05",441
"2018-07-26 22:46:05",441
"2018-07-26 23:46:07",441
"2018-07-27 00:46:06",441
"2018-07-27 01:46:07",441
"2018-07-27 02:46:06",441
"2018-07-27 03:46:06",441
"2018-07-27 04:46:07",441
"2018-07-27 05:46:11",441
"2018-07-27 06:46:06",441
"2018-07-27 07:46:06",441
"2018-07-27 08:46:05",441
"2018-07-27 09:46:04",441
"2018-07-27 10:46:06",441
"2018-07-27 11:46:05",441
"2018-07-27 12:46:06",441
"2018-07-27 13:46:17",442
"2018-07-27 14:46:09",443
"2018-07-27 15:46:07",440
"2018-07-27 16:46:06",447
"2018-07-27 17:46:07",450
"2018-07-27 18:46:06",447
"2018-07-27 19:46:07",450
"2018-07-27 20:46:05",451
"2018-07-27 21:46:05",451
"2018-07-27 22:46:04",451
"2018-07-27 23:46:05",451
"2018-07-28 00:46:06",451
"2018-07-28 01:46:05",451
"2018-07-28 02:46:05",451
"2018-07-28 03:46:07",451
"2018-07-28 04:46:05",451
"2018-07-28 05:46:06",451
"2018-07-28 06:46:06",451
"2018-07-28 07:46:05",451
"2018-07-28 08:46:05",451
"2018-07-28 09:46:06",451
"2018-07-28 10:46:04",451
"2018-07-28 11:46:04",451
"2018-07-28 12:46:05",451
"2018-07-28 13:46:05",451
"2018-07-28 14:46:05",451
"2018-07-28 15:46:06",451
"2018-07-28 16:46:06",451
"2018-07-28 17:46:06",451
"2018-07-28 18:46:06",451
"2018-07-28 19:46:32",451
"2018-07-28 20:46:19",451
"2018-07-28 21:46:06",451
"2018-07-28 22:46:05",451
"2018-07-28 23:46:06",451
"2018-07-29 00:46:05",451
"2018-07-29 01:46:07",451
"2018-07-29 02:46:06",451
"2018-07-29 03:46:05",451
"2018-07-29 04:46:07",451
"2018-07-29 05:46:07",451
"2018-07-29 06:46:06",451
"2018-07-29 07:46:05",451
"2018-07-29 08:46:05",451
"2018-07-29 09:46:06",451
"2018-07-29 10:46:05",451
"2018-07-29 11:46:04",451
"2018-07-29 12:46:06",451
"2018-07-29 13:46:07",451
"2018-07-29 14:46:05",451
"2018-07-29 15:46:04",451
"2018-07-29 16:46:08",451
"2018-07-29 17:46:06",451
"2018-07-29 18:46:05",451
"2018-07-29 19:46:08",451
"2018-07-29 20:46:07",451
"2018-07-29 21:46:07",451
"2018-07-29 22:46:07",451
"2018-07-29 23:46:07",451
"2018-07-30 00:46:06",451
"2018-07-30 01:46:07",451
"2018-07-30 02:46:05",451
"2018-07-30 03:46:06",451
"2018-07-30 04:46:05",451
"2018-07-30 05:46:05",451
"2018-07-30 06:46:04",451
"2018-07-30 07:46:05",451
"2018-07-30 08:46:06",451
"2018-07-30 09:46:06",451
"2018-07-30 10:46:04",451
"2018-07-30 11:46:05",451
"2018-07-30 12:46:05",451
"2018-07-30 13:46:16",451
"2018-07-30 14:46:10",437
"2018-07-30 15:46:09",433
"2018-07-30 16:46:09",430
"2018-07-30 17:46:08",430
"2018-07-30 18:46:05",427
"2018-07-30 19:46:10",424
"2018-07-30 20:46:05",425
"2018-07-30 21:46:06",425
"2018-07-30 22:46:07",425
"2018-07-30 23:46:05",425
"2018-07-31 00:46:08",425
"2018-07-31 01:46:06",425
"2018-07-31 02:46:06",425
"2018-07-31 03:46:06",425
"2018-07-31 04:46:06",425
"2018-07-31 05:46:05",425
"2018-07-31 06:46:06",425
"2018-07-31 07:46:06",425
"2018-07-31 08:46:42",425
"2018-07-31 09:53:02",425
"2018-07-31 10:46:05",425
"2018-07-31 11:46:04",425
"2018-07-31 12:46:05",425
"2018-07-31 13:46:17",425
"2018-07-31 14:46:08",424
"2018-07-31 15:46:07",429
"2018-07-31 16:46:08",428
"2018-07-31 17:46:06",427
"2018-07-31 18:46:07",427
"2018-07-31 19:46:08",427
"2018-07-31 20:46:07",425
"2018-07-31 21:46:05",425
"2018-07-31 22:46:07",425
"2018-07-31 23:46:07",425
"2018-08-01 00:46:07",425
"2018-08-01 01:46:06",425
"2018-08-01 02:46:05",425
"2018-08-01 03:46:06",425
"2018-08-01 04:46:06",425
"2018-08-01 05:46:07",425
"2018-08-01 06:46:05",425
"2018-08-01 07:46:06",425
"2018-08-01 08:46:06",425
"2018-08-01 09:46:06",425
"2018-08-01 10:46:04",425
"2018-08-01 11:46:05",425
"2018-08-01 12:46:04",425
"2018-08-01 14:11:15",425
"2018-08-01 14:46:08",425
"2018-08-01 15:46:08",425
"2018-08-01 16:46:08",425
"2018-08-01 17:46:08",425
"2018-08-01 18:46:06",424
"2018-08-01 19:47:37",424
"2018-08-01 20:46:05",423
"2018-08-01 21:46:05",423
"2018-08-01 22:46:05",423
"2018-08-01 23:46:05",423
"2018-08-02 00:46:07",423
"2018-08-02 01:46:06",423
"2018-08-02 02:46:06",423
"2018-08-02 03:46:06",423
"2018-08-02 04:46:07",423
"2018-08-02 05:46:05",423
"2018-08-02 06:46:05",423
"2018-08-02 07:46:05",423
"2018-08-02 08:46:05",423
"2018-08-02 09:46:06",423
"2018-08-02 10:46:06",423
"2018-08-02 11:46:05",423
"2018-08-02 12:46:06",423
"2018-08-02 13:46:14",423
"2018-08-02 14:46:13",424
"2018-08-02 15:46:10",426
"2018-08-02 16:46:07",427
"2018-08-02 17:46:10",427
"2018-08-02 18:46:08",428
"2018-08-02 19:46:09",430
"2018-08-02 20:46:06",431
"2018-08-02 21:46:06",432
"2018-08-02 22:46:06",431
"2018-08-02 23:46:05",431
"2018-08-03 00:46:05",431
"2018-08-03 01:46:09",431
"2018-08-03 02:46:06",431
"2018-08-03 03:46:07",431
"2018-08-03 04:46:06",431
"2018-08-03 05:46:06",431
"2018-08-03 06:46:06",431
"2018-08-03 07:46:04",431
"2018-08-03 08:46:06",431
"2018-08-03 09:46:06",431
"2018-08-03 10:46:06",431
"2018-08-03 11:48:07",431
"2018-08-03 13:11:05",431
"2018-08-03 13:46:16",431
"2018-08-03 14:46:07",431
"2018-08-03 15:46:06",432
"2018-08-03 16:46:07",430
"2018-08-03 17:46:06",429
"2018-08-03 18:46:06",430
"2018-08-03 19:46:07",430
"2018-08-03 20:46:07",431
"2018-08-03 21:46:05",431
"2018-08-03 22:46:05",431
"2018-08-03 23:46:05",431
"2018-08-04 00:46:05",431
"2018-08-04 01:46:05",431
"2018-08-04 02:46:06",431
"2018-08-04 03:46:06",431
"2018-08-04 04:46:05",431
"2018-08-04 05:46:06",431
"2018-08-04 06:46:06",431
"2018-08-04 07:46:07",431
"2018-08-04 08:46:05",431
"2018-08-04 09:46:06",431
"2018-08-04 10:46:06",431
"2018-08-04 11:46:04",431
"2018-08-04 12:46:04",431
"2018-08-04 13:46:07",431
"2018-08-04 14:46:05",431
"2018-08-04 15:46:06",431
"2018-08-04 16:46:05",431
"2018-08-04 17:46:06",431
"2018-08-04 18:46:06",431
"2018-08-04 19:46:06",431
"2018-08-04 20:46:05",431
"2018-08-04 21:46:04",431
"2018-08-04 22:46:04",431
"2018-08-04 23:46:07",431
"2018-08-05 00:46:04",431
"2018-08-05 01:46:05",431
"2018-08-05 02:46:07",431
"2018-08-05 03:46:06",431
"2018-08-05 04:46:05",431
"2018-08-05 05:46:06",431
"2018-08-05 06:46:06",431
"2018-08-05 07:46:07",431
"2018-08-05 08:46:05",431
"2018-08-05 09:46:05",431
"2018-08-05 10:46:05",431
"2018-08-05 11:46:05",431
"2018-08-05 12:46:05",431
"2018-08-05 13:46:05",431
"2018-08-05 14:46:06",431
"2018-08-05 15:46:06",431
"2018-08-05 16:46:07",431
"2018-08-05 17:46:05",431
"2018-08-05 18:46:06",431
"2018-08-05 19:46:06",431
"2018-08-05 20:46:05",431
"2018-08-05 21:46:06",431
"2018-08-05 22:46:05",431
"2018-08-05 23:46:07",431
"2018-08-06 00:46:06",431
"2018-08-06 01:46:04",431
"2018-08-06 02:46:05",431
"2018-08-06 03:46:05",431
"2018-08-06 04:46:05",431
"2018-08-06 05:46:04",431
"2018-08-06 06:46:05",431
"2018-08-06 07:46:06",431
"2018-08-06 08:46:05",431
"2018-08-06 09:46:05",431
"2018-08-06 10:46:06",431
"2018-08-06 11:46:04",431
"2018-08-06 12:46:05",431
"2018-08-06 13:46:10",431
"2018-08-06 14:46:08",429
"2018-08-06 15:46:07",427
"2018-08-06 16:46:41",426
"2018-08-06 17:46:08",425
"2018-08-06 18:46:08",424
"2018-08-06 19:46:07",424
"2018-08-06 20:46:08",423
"2018-08-06 21:46:09",423
"2018-08-06 22:46:07",423
"2018-08-06 23:46:06",423
"2018-08-07 00:46:07",423
"2018-08-07 01:46:07",423
"2018-08-07 02:46:09",423
"2018-08-07 03:46:10",423
"2018-08-07 04:46:08",423
"2018-08-07 05:46:06",423
"2018-08-07 06:46:07",423
"2018-08-07 07:46:07",423
"2018-08-07 08:46:06",423
"2018-08-07 09:46:05",423
"2018-08-07 10:46:05",423
"2018-08-07 11:46:06",423
"2018-08-07 12:46:06",423
"2018-08-07 13:46:16",423
"2018-08-07 14:46:08",426
"2018-08-07 15:46:08",428
"2018-08-07 16:46:07",429
"2018-08-07 17:46:10",429
"2018-08-07 18:46:08",430
"2018-08-07 19:46:10",431
"2018-08-07 20:46:08",429
"2018-08-07 21:46:07",429
"2018-08-07 22:46:06",429
"2018-08-07 23:46:06",429
"2018-08-08 00:46:07",429
"2018-08-08 01:46:10",429
"2018-08-08 02:46:08",429
"2018-08-08 03:46:07",429
"2018-08-08 04:46:06",429
"2018-08-08 05:46:09",429
"2018-08-08 06:46:08",429
"2018-08-08 07:46:09",429
"2018-08-08 08:46:09",429
"2018-08-08 09:46:09",429
"2018-08-08 10:46:08",429
"2018-08-08 11:46:08",429
"2018-08-08 12:46:09",429
"2018-08-08 13:46:14",429
"2018-08-08 14:46:08",432
"2018-08-08 15:46:10",434
"2018-08-08 16:46:09",434
"2018-08-08 17:46:08",433
"2018-08-08 18:46:07",434
"2018-08-08 19:46:09",434
"2018-08-08 20:46:06",433
"2018-08-08 21:46:06",433
"2018-08-08 22:46:06",433
"2018-08-10 00:24:24",424
"2018-08-10 00:46:12",424
"2018-08-10 01:46:14",424
"2018-08-10 02:46:13",424
"2018-08-10 03:46:08",424
"2018-08-10 04:46:12",424
"2018-08-10 05:46:15",424
"2018-08-10 06:46:10",424
"2018-08-10 07:46:11",424
"2018-08-10 08:46:12",424
"2018-08-10 09:46:10",424
"2018-08-10 10:46:10",424
"2018-08-10 11:46:10",424
"2018-08-10 12:46:09",424
"2018-08-10 13:46:16",424
"2018-08-10 14:46:13",422
"2018-08-10 15:46:12",421
"2018-08-10 16:46:13",421
"2018-08-10 17:46:11",422
"2018-08-10 18:46:10",423
"2018-08-10 19:46:11",422
"2018-08-10 20:46:11",422
"2018-08-10 21:46:11",422
"2018-08-10 22:46:10",422
"2018-08-10 23:46:11",422
"2018-08-11 00:46:11",422
"2018-08-11 01:46:11",422
"2018-08-11 02:46:12",422
"2018-08-11 03:46:12",422
"2018-08-11 04:46:10",422
"2018-08-11 05:46:11",422
"2018-08-11 06:46:10",422
"2018-08-11 07:46:10",422
"2018-08-11 08:46:09",422
"2018-08-11 09:46:10",422
"2018-08-11 10:46:10",422
"2018-08-11 11:46:10",422
"2018-08-11 12:46:09",422
"2018-08-11 13:46:10",422
"2018-08-11 14:46:10",422
"2018-08-11 15:46:11",422
"2018-08-11 16:46:10",422
"2018-08-11 17:46:10",422
"2018-08-11 18:46:12",422
"2018-08-11 19:46:10",422
"2018-08-11 20:46:10",422
"2018-08-11 21:46:11",422
"2018-08-11 22:46:10",422
"2018-08-11 23:46:10",422
"2018-08-12 00:46:11",422
"2018-08-12 01:46:10",422
"2018-08-12 02:46:10",422
"2018-08-12 03:46:09",422
"2018-08-12 04:46:11",422
"2018-08-12 05:46:10",422
"2018-08-12 06:46:09",422
"2018-08-12 07:46:09",422
"2018-08-12 08:46:09",422
"2018-08-12 09:46:09",422
"2018-08-12 10:46:09",422
"2018-08-12 11:46:09",422
"2018-08-12 12:46:10",422
"2018-08-12 13:46:11",422
"2018-08-12 14:46:11",422
"2018-08-12 15:46:12",422
"2018-08-12 16:46:12",422
"2018-08-12 17:46:11",422
"2018-08-12 18:46:11",422
"2018-08-12 19:46:11",422
"2018-08-12 20:46:11",422
"2018-08-12 21:46:10",422
"2018-08-12 22:46:10",422
"2018-08-12 23:46:10",422
"2018-08-13 00:46:10",422
"2018-08-13 01:46:11",422
"2018-08-13 02:46:11",422
"2018-08-13 03:46:11",422
"2018-08-13 04:46:12",422
"2018-08-13 05:46:10",422
"2018-08-13 06:46:10",422
"2018-08-13 07:46:10",422
"2018-08-13 08:46:12",422
"2018-08-13 09:46:11",422
"2018-08-13 10:46:10",422
"2018-08-13 11:46:10",422
"2018-08-13 12:46:10",422
"2018-08-13 13:46:14",422
"2018-08-13 14:46:14",423
"2018-08-13 15:46:15",423
"2018-08-13 16:46:13",423
"2018-08-13 17:46:11",423
"2018-08-13 18:46:11",426
"2018-08-13 19:46:13",428
"2018-08-13 20:46:11",427
"2018-08-13 21:46:11",427
"2018-08-13 22:46:10",427
"2018-08-13 23:46:10",427
"2018-08-14 00:46:13",427
"2018-08-14 01:46:13",427
"2018-08-14 02:46:11",427
"2018-08-14 03:46:10",427
"2018-08-14 04:46:12",427
"2018-08-14 05:46:10",427
"2018-08-14 06:46:11",427
"2018-08-14 07:46:12",427
"2018-08-14 08:46:12",427
"2018-08-14 09:46:10",427
"2018-08-14 10:46:11",427
"2018-08-14 11:46:10",427
"2018-08-14 12:46:11",427
"2018-08-14 13:46:13",427
"2018-08-14 14:46:12",423
"2018-08-14 15:46:13",421
"2018-08-14 16:46:11",419
"2018-08-14 17:46:09",419
"2018-08-14 18:46:11",419
"2018-08-14 19:46:11",418
"2018-08-14 20:46:11",418
"2018-08-14 21:46:10",418
"2018-08-14 22:46:10",418
"2018-08-14 23:46:10",418
"2018-08-15 00:46:12",418
"2018-08-15 01:46:11",418
"2018-08-15 02:46:12",418
"2018-08-15 03:46:12",418
"2018-08-15 04:46:11",418
"2018-08-15 05:46:10",418
"2018-08-15 06:46:12",418
"2018-08-15 07:46:09",418
"2018-08-15 08:46:11",418
"2018-08-15 09:46:11",418
"2018-08-15 10:46:10",418
"2018-08-15 11:46:10",418
"2018-08-15 12:46:10",418
"2018-08-15 14:11:47",418
"2018-08-15 14:46:11",418
"2018-08-15 15:46:13",424
"2018-08-15 16:46:14",426
"2018-08-15 17:46:10",428
"2018-08-15 18:46:10",429
"2018-08-15 19:46:10",430
"2018-08-15 20:46:10",429
"2018-08-15 21:46:09",429
"2018-08-15 22:46:10",429
"2018-08-15 23:46:11",429
"2018-08-16 00:46:12",429
"2018-08-16 01:46:11",429
"2018-08-16 02:46:13",429
"2018-08-16 03:46:12",429
"2018-08-16 04:46:11",429
"2018-08-16 05:46:10",429
"2018-08-16 06:46:10",429
"2018-08-16 07:46:11",429
"2018-08-16 08:46:10",429
"2018-08-16 09:46:10",429
"2018-08-16 10:46:10",429
"2018-08-16 11:46:10",429
"2018-08-16 12:46:09",429
"2018-08-16 13:46:15",429
"2018-08-16 14:46:12",433
"2018-08-16 15:46:13",433
"2018-08-16 16:46:11",432
"2018-08-16 17:46:11",432
"2018-08-16 18:46:11",432
"2018-08-16 19:46:13",433
"2018-08-16 20:46:10",430
"2018-08-16 21:46:10",430
"2018-08-16 22:46:09",430
"2018-08-16 23:46:10",430
"2018-08-17 00:46:10",430
"2018-08-17 01:46:10",430
"2018-08-17 02:46:12",430
"2018-08-17 03:46:12",430
"2018-08-17 04:46:12",430
"2018-08-17 05:46:09",430
"2018-08-17 06:46:09",430
"2018-08-17 07:46:09",430
"2018-08-17 08:46:11",430
"2018-08-17 09:46:09",430
"2018-08-17 10:46:09",430
"2018-08-17 11:46:09",430
"2018-08-17 12:46:08",430
"2018-08-17 13:46:15",429
"2018-08-17 14:46:13",432
"2018-08-17 15:46:13",430
"2018-08-17 16:46:10",429
"2018-08-17 17:46:09",430
"2018-08-17 18:46:11",431
"2018-08-17 19:46:11",431
"2018-08-17 20:47:39",431
"2018-08-17 21:46:10",431
"2018-08-17 22:46:10",431
"2018-08-17 23:46:08",431
"2018-08-18 00:46:10",431
"2018-08-18 01:46:11",431
"2018-08-18 02:46:10",431
"2018-08-18 03:46:11",431
"2018-08-18 04:46:09",431
"2018-08-18 05:46:09",431
"2018-08-18 06:46:10",431
"2018-08-18 07:46:09",431
"2018-08-18 08:46:09",431
"2018-08-18 09:46:09",431
"2018-08-18 10:46:08",431
"2018-08-18 11:46:09",431
"2018-08-18 12:46:12",431
"2018-08-18 13:46:12",431
"2018-08-18 14:46:11",431
"2018-08-18 15:46:11",431
"2018-08-18 16:46:11",431
"2018-08-18 17:46:11",431
"2018-08-18 18:46:10",431
"2018-08-18 19:46:10",431
"2018-08-18 20:46:10",431
"2018-08-18 21:46:10",431
"2018-08-18 22:46:09",431
"2018-08-18 23:46:08",431
"2018-08-19 00:46:09",431
"2018-08-19 01:46:09",431
"2018-08-19 02:46:10",431
"2018-08-19 03:46:09",431
"2018-08-19 04:46:10",431
"2018-08-19 05:46:09",431
"2018-08-19 06:46:09",431
"2018-08-19 07:46:10",431
"2018-08-19 08:46:09",431
"2018-08-19 09:46:09",431
"2018-08-19 10:46:09",431
"2018-08-19 11:46:09",431
"2018-08-19 12:46:10",431
"2018-08-19 13:46:10",431
"2018-08-19 14:46:09",431
"2018-08-19 15:46:10",431
"2018-08-19 16:46:08",431
"2018-08-19 17:46:10",431
"2018-08-19 18:46:11",431
"2018-08-19 19:46:10",431
"2018-08-19 20:46:12",431
"2018-08-19 21:46:13",431
"2018-08-19 22:46:10",431
"2018-08-19 23:46:13",431
"2018-08-20 00:46:11",431
"2018-08-20 01:46:11",431
"2018-08-20 02:46:10",431
"2018-08-20 03:46:09",431
"2018-08-20 04:46:10",431
"2018-08-20 05:46:09",431
"2018-08-20 06:46:10",431
"2018-08-20 07:46:09",431
"2018-08-20 08:46:14",431
"2018-08-20 09:46:08",431
"2018-08-20 10:46:10",431
"2018-08-20 11:46:10",431
"2018-08-20 12:46:09",431
"2018-08-20 13:46:17",431
"2018-08-20 14:46:15",429
"2018-08-20 15:46:14",429
"2018-08-20 16:46:13",428
"2018-08-20 17:46:11",428
"2018-08-20 18:46:11",428
"2018-08-20 19:46:11",427
"2018-08-20 20:46:10",428
"2018-08-20 21:46:09",428
"2018-08-20 22:46:09",428
"2018-08-20 23:46:09",428
"2018-08-21 00:46:11",428
"2018-08-21 01:46:11",428
"2018-08-21 02:46:11",428
"2018-08-21 03:46:11",428
"2018-08-21 04:46:11",428
"2018-08-21 05:46:09",428
"2018-08-21 06:46:10",428
"2018-08-21 07:46:09",428
"2018-08-21 08:46:10",428
"2018-08-21 09:46:09",428
"2018-08-21 10:46:11",428
"2018-08-21 11:46:09",428
"2018-08-21 12:46:09",428
"2018-08-21 13:46:18",428
"2018-08-21 14:46:12",427
"2018-08-21 15:46:11",428
"2018-08-21 16:46:09",429
"2018-08-21 17:46:09",429
"2018-08-21 18:46:10",429
"2018-08-21 19:46:11",429
"2018-08-21 20:46:10",428
"2018-08-21 21:46:08",428
"2018-08-21 22:46:09",428
"2018-08-21 23:46:10",428
"2018-08-22 00:46:09",428
"2018-08-22 01:46:10",428
"2018-08-22 02:46:10",428
"2018-08-22 03:46:10",428
"2018-08-22 04:46:10",428
"2018-08-22 05:46:09",428
"2018-08-22 06:46:08",428
"2018-08-22 07:46:09",428
"2018-08-22 08:46:08",428
"2018-08-22 09:46:09",428
"2018-08-22 10:46:08",428
"2018-08-22 11:46:09",428
"2018-08-22 12:46:08",428
"2018-08-22 13:46:17",428
"2018-08-22 14:46:10",429
"2018-08-22 15:46:10",429
"2018-08-22 16:46:10",429
"2018-08-22 17:46:09",429
"2018-08-22 18:46:10",429
"2018-08-22 19:46:10",427
"2018-08-22 20:46:07",427
"2018-08-22 21:46:08",428
"2018-08-22 22:46:09",428
"2018-08-22 23:46:09",428
"2018-08-23 00:46:09",428
"2018-08-23 01:46:11",428
"2018-08-23 02:46:09",428
"2018-08-23 03:46:10",428
"2018-08-23 04:46:10",428
"2018-08-23 05:46:09",428
"2018-08-23 06:46:08",428
"2018-08-23 07:46:09",428
"2018-08-23 08:46:09",428
"2018-08-23 09:46:08",428
"2018-08-23 10:46:08",428
"2018-08-23 11:46:09",428
"2018-08-23 12:46:09",428
"2018-08-23 13:46:17",428
"2018-08-23 14:46:10",430
"2018-08-23 15:46:11",427
"2018-08-23 16:46:11",427
"2018-08-23 17:46:09",428
"2018-08-23 18:46:11",428
"2018-08-23 19:46:11",430
"2018-08-23 20:46:12",430
"2018-08-23 21:46:08",430
"2018-08-23 22:46:09",430
"2018-08-23 23:46:09",430
"2018-08-24 00:46:09",430
"2018-08-24 01:46:11",430
"2018-08-24 02:46:10",430
"2018-08-24 03:46:09",430
"2018-08-24 20:04:30",432
"2018-08-24 20:46:10",432
"2018-08-24 21:46:10",432
"2018-08-24 22:46:09",432
"2018-08-24 23:46:09",432
"2018-08-25 00:46:09",432
"2018-08-25 01:46:09",432
"2018-08-25 02:46:10",432
"2018-08-25 03:46:10",432
"2018-08-25 04:46:09",432
"2018-08-25 05:46:09",432
"2018-08-25 06:46:08",432
"2018-08-25 07:46:07",432
"2018-08-25 08:46:09",432
"2018-08-25 09:46:08",432
"2018-08-25 10:46:10",432
"2018-08-25 11:46:08",432
"2018-08-25 12:46:09",432
"2018-08-25 13:46:11",432
"2018-08-25 14:46:11",432
"2018-08-25 15:46:10",432
"2018-08-25 16:46:09",432
"2018-08-25 17:46:11",432
"2018-08-25 18:46:10",432
"2018-08-25 19:46:09",432
"2018-08-25 20:46:10",432
"2018-08-25 21:46:09",432
"2018-08-25 22:46:10",432
"2018-08-25 23:46:09",432
"2018-08-26 00:46:09",432
"2018-08-26 01:46:09",432
"2018-08-26 02:46:11",432
"2018-08-26 03:46:09",432
"2018-08-26 04:46:09",432
"2018-08-26 05:46:08",432
"2018-08-26 06:46:09",432
"2018-08-26 07:46:09",432
"2018-08-26 08:46:08",432
"2018-08-26 09:46:08",432
"2018-08-26 10:46:10",432
"2018-08-26 11:46:09",432
"2018-08-26 12:46:10",432
"2018-08-26 13:46:09",432
"2018-08-26 14:46:08",432
"2018-08-26 15:46:08",432
"2018-08-26 16:46:09",432
"2018-08-26 17:46:09",432
"2018-08-26 18:46:09",432
"2018-08-26 19:46:10",432
"2018-08-26 20:46:10",432
"2018-08-26 21:46:08",432
"2018-08-26 22:46:10",432
"2018-08-26 23:46:09",432
"2018-08-27 00:46:10",432
"2018-08-27 01:46:10",432
"2018-08-27 02:46:09",432
"2018-08-27 03:46:09",432
"2018-08-27 04:46:09",432
"2018-08-27 05:46:10",432
"2018-08-27 06:46:09",432
"2018-08-27 07:46:08",432
"2018-08-27 08:46:10",432
"2018-08-27 09:46:08",432
"2018-08-27 10:46:08",432
"2018-08-27 11:46:08",432
"2018-08-27 12:46:09",432
"2018-08-27 14:10:17",434
"2018-08-27 14:46:13",434
"2018-08-27 15:46:11",433
"2018-08-27 16:46:12",435
"2018-08-27 17:46:11",434
"2018-08-27 18:46:11",433
"2018-08-27 19:46:12",433
"2018-08-27 20:46:10",432
"2018-08-27 21:46:09",432
"2018-08-27 22:46:10",432
"2018-08-27 23:46:09",432
"2018-08-28 00:46:10",432
"2018-08-28 01:46:11",432
"2018-08-28 02:46:08",432
"2018-08-28 03:46:09",432
"2018-08-28 04:46:11",432
"2018-08-28 05:46:09",432
"2018-08-28 06:46:10",432
"2018-08-28 07:46:09",432
"2018-08-28 08:46:08",432
"2018-08-28 09:46:09",432
"2018-08-28 10:46:10",432
"2018-08-28 11:46:10",432
"2018-08-28 12:46:09",432
"2018-08-28 13:46:30",432
"2018-08-28 14:46:23",429
"2018-08-28 15:46:23",428
"2018-08-28 16:46:23",427
"2018-08-28 17:46:23",427
"2018-08-28 18:46:25",428
"2018-08-28 19:46:22",428
"2018-08-28 20:46:22",429
"2018-08-28 21:46:21",429
"2018-08-28 22:46:22",428
"2018-08-28 23:46:21",428
"2018-08-29 00:46:23",428
"2018-08-29 01:46:23",428
"2018-08-29 02:46:21",428
"2018-08-29 03:46:21",428
"2018-08-29 04:46:21",428
"2018-08-29 05:46:20",428
"2018-08-29 06:46:20",428
"2018-08-29 07:46:22",428
"2018-08-29 08:46:21",428
"2018-08-29 09:46:20",428
"2018-08-29 10:46:19",428
"2018-08-29 11:46:19",428
"2018-08-29 12:46:21",428
"2018-08-29 14:10:04",426
"2018-08-29 14:46:26",426
"2018-08-29 15:46:25",427
"2018-08-29 16:46:24",428
"2018-08-29 17:46:26",430
"2018-08-29 18:46:29",429
"2018-08-29 19:46:24",429
"2018-08-29 20:46:21",428
"2018-08-29 21:46:21",428
"2018-08-29 22:46:20",428
"2018-08-29 23:46:21",428
"2018-08-30 00:47:07",428
"2018-08-30 02:46:22",428
"2018-08-30 03:46:22",428
"2018-08-30 04:46:21",428
"2018-08-30 05:46:21",428
"2018-08-30 06:46:21",428
"2018-08-30 07:46:21",428
"2018-08-30 08:46:25",428
"2018-08-30 09:46:21",428
"2018-08-30 10:46:21",428
"2018-08-30 11:46:20",428
"2018-08-30 12:46:19",428
"2018-08-30 13:46:32",428
"2018-08-30 14:46:24",425
"2018-08-30 15:46:22",424
"2018-08-30 16:46:25",425
"2018-08-30 17:46:23",424
"2018-08-30 18:46:25",424
"2018-08-30 19:46:24",426
"2018-08-30 20:46:20",424
"2018-08-30 21:46:21",424
"2018-08-30 22:46:21",424
"2018-08-30 23:46:21",424
"2018-08-31 00:46:27",424
"2018-08-31 01:46:24",424
"2018-08-31 02:46:21",424
"2018-08-31 03:46:22",424
"2018-08-31 04:46:22",424
"2018-08-31 05:46:23",424
"2018-08-31 06:46:23",424
"2018-08-31 07:46:22",424
"2018-08-31 08:46:21",424
"2018-08-31 09:46:22",424
"2018-08-31 10:46:21",424
"2018-08-31 11:46:23",424
"2018-08-31 12:46:23",424
"2018-08-31 13:46:30",424
"2018-08-31 14:46:24",425
"2018-08-31 15:46:24",423
"2018-08-31 16:46:23",422
"2018-08-31 17:46:25",425
"2018-08-31 18:46:24",427
"2018-08-31 19:46:25",427
"2018-08-31 20:46:23",427
"2018-08-31 21:46:21",427
"2018-08-31 22:46:22",427
"2018-08-31 23:46:21",427
"2018-09-01 00:46:23",427
"2018-09-01 01:46:23",427
"2018-09-01 02:46:23",427
"2018-09-01 03:46:22",427
"2018-09-01 04:46:24",427
"2018-09-01 05:46:23",427
"2018-09-01 06:46:23",427
"2018-09-01 07:46:23",427
"2018-09-01 08:46:22",427
"2018-09-01 09:46:21",427
"2018-09-01 10:46:22",427
"2018-09-01 11:46:22",427
"2018-09-01 12:46:23",427
"2018-09-01 13:46:23",427
"2018-09-01 14:46:26",427
"2018-09-01 15:46:22",427
"2018-09-01 16:46:22",427
"2018-09-01 17:46:21",427
"2018-09-01 18:46:23",427
"2018-09-01 19:46:21",427
"2018-09-01 20:46:21",427
"2018-09-01 21:46:22",427
"2018-09-01 22:47:00",427
"2018-09-01 23:46:22",427
"2018-09-02 00:46:23",427
"2018-09-02 01:46:23",427
"2018-09-02 02:46:22",427
"2018-09-02 03:46:24",427
"2018-09-02 04:46:23",427
"2018-09-02 05:46:22",427
"2018-09-02 06:46:22",427
"2018-09-02 07:46:21",427
"2018-09-02 08:46:22",427
"2018-09-02 09:46:21",427
"2018-09-02 10:46:21",427
"2018-09-02 11:46:22",427
"2018-09-02 12:46:22",427
"2018-09-02 13:46:23",427
"2018-09-02 14:46:24",427
"2018-09-02 15:46:23",427
"2018-09-02 16:46:23",427
"2018-09-02 17:46:23",427
"2018-09-02 18:46:21",427
"2018-09-02 19:46:22",427
"2018-09-02 20:46:22",427
"2018-09-02 21:46:23",427
"2018-09-02 22:46:23",427
"2018-09-02 23:46:23",427
"2018-09-03 00:46:22",427
"2018-09-03 01:46:24",427
"2018-09-03 02:46:24",427
"2018-09-03 03:46:22",427
"2018-09-03 04:46:22",427
"2018-09-03 05:46:22",427
"2018-09-03 06:46:22",427
"2018-09-03 07:46:22",427
"2018-09-03 08:46:25",427
"2018-09-03 09:46:22",427
"2018-09-03 10:46:21",427
"2018-09-03 11:46:23",427
"2018-09-03 12:46:21",427
"2018-09-03 13:46:23",427
"2018-09-03 14:46:21",427
"2018-09-03 15:46:20",427
"2018-09-03 16:46:21",427
"2018-09-03 17:46:21",427
"2018-09-03 18:46:23",427
"2018-09-03 19:46:20",427
"2018-09-03 20:46:23",427
"2018-09-03 21:46:21",427
"2018-09-03 22:46:22",427
"2018-09-03 23:46:20",427
"2018-09-04 00:46:22",427
"2018-09-04 01:46:22",427
"2018-09-04 02:46:23",427
"2018-09-04 03:46:23",427
"2018-09-04 04:46:22",427
"2018-09-04 05:46:23",427
"2018-09-04 06:46:22",427
"2018-09-04 07:46:23",427
"2018-09-04 08:46:23",427
"2018-09-04 09:46:21",427
"2018-09-04 10:46:22",427
"2018-09-04 11:46:20",427
"2018-09-04 12:46:21",427
"2018-09-04 13:46:32",427
"2018-09-04 14:46:24",429
"2018-09-04 15:46:24",431
"2018-09-04 16:46:28",431
"2018-09-04 17:46:25",431
"2018-09-04 18:46:26",430
"2018-09-04 19:46:28",430
"2018-09-04 20:47:05",430
"2018-09-04 21:46:21",429
"2018-09-04 22:46:23",429
"2018-09-04 23:46:22",429
"2018-09-05 00:46:23",429
"2018-09-05 01:46:22",429
"2018-09-05 02:46:23",429
"2018-09-05 03:46:21",429
"2018-09-05 04:46:22",429
"2018-09-05 05:46:23",429
"2018-09-05 06:46:21",429
"2018-09-05 07:46:23",429
"2018-09-05 08:46:22",429
"2018-09-05 09:46:22",429
"2018-09-05 10:46:20",429
"2018-09-05 11:46:24",429
"2018-09-05 12:46:23",429
"2018-09-05 13:46:38",429
"2018-09-05 14:46:31",431
"2018-09-05 15:46:24",432
"2018-09-05 16:46:24",432
"2018-09-05 17:46:25",431
"2018-09-05 18:46:26",431
"2018-09-05 19:46:24",431
"2018-09-05 20:46:21",431
"2018-09-05 21:46:21",431
"2018-09-05 22:46:21",431
"2018-09-05 23:46:22",431
"2018-09-06 00:46:22",431
"2018-09-06 01:46:21",431
"2018-09-06 02:46:22",431
"2018-09-06 03:46:22",431
"2018-09-06 04:46:22",431
"2018-09-06 05:46:23",431
"2018-09-06 06:46:21",431
"2018-09-06 07:46:20",431
"2018-09-06 08:46:21",431
"2018-09-06 09:46:20",431
"2018-09-06 10:46:20",431
"2018-09-06 11:46:22",431
"2018-09-06 13:11:26",431
"2018-09-06 13:46:32",431
"2018-09-06 14:46:24",430
"2018-09-06 15:46:25",431
"2018-09-06 16:46:24",431
"2018-09-06 17:46:22",432
"2018-09-06 18:46:23",434
"2018-09-06 19:46:23",435
"2018-09-06 20:46:21",435
"2018-09-06 21:46:20",435
"2018-09-06 22:46:21",435
"2018-09-06 23:46:23",435
"2018-09-07 00:46:22",435
"2018-09-07 01:46:23",435
"2018-09-07 02:46:23",435
"2018-09-07 03:46:22",435
"2018-09-07 04:46:23",435
"2018-09-07 05:46:28",435
"2018-09-07 06:46:28",435
"2018-09-07 08:46:27",435
"2018-09-07 09:46:27",435
"2018-09-07 10:46:26",435
"2018-09-07 11:46:23",435
"2018-09-07 12:46:22",435
"2018-09-07 13:46:33",435
"2018-09-07 14:46:22",439
"2018-09-07 15:46:25",441
"2018-09-07 16:46:26",442
"2018-09-07 17:46:24",442
"2018-09-07 18:46:30",443
"2018-09-07 19:46:23",443
"2018-09-07 20:46:22",443
"2018-09-07 21:46:20",444
"2018-09-07 22:46:20",444
"2018-09-07 23:46:20",444
"2018-09-08 00:46:21",444
"2018-09-08 01:46:20",444
"2018-09-08 02:46:22",444
"2018-09-08 03:46:22",444
"2018-09-08 04:46:21",444
"2018-09-08 05:46:21",444
"2018-09-08 06:46:21",444
"2018-09-08 07:46:19",444
"2018-09-08 08:46:20",444
"2018-09-08 09:46:19",444
"2018-09-08 10:46:19",444
"2018-09-08 11:46:21",444
"2018-09-08 12:46:21",444
"2018-09-08 13:46:22",444
"2018-09-08 14:46:20",444
"2018-09-08 15:46:22",444
"2018-09-08 16:46:21",444
"2018-09-08 17:46:21",444
"2018-09-08 18:46:21",444
"2018-09-08 19:46:22",444
"2018-09-08 20:46:21",444
"2018-09-08 21:46:21",444
"2018-09-08 22:46:21",444
"2018-09-08 23:46:23",444
"2018-09-09 00:46:20",444
"2018-09-09 01:46:23",444
"2018-09-09 02:46:22",444
"2018-09-09 03:46:21",444
"2018-09-09 04:46:21",444
"2018-09-09 05:46:20",444
"2018-09-09 06:46:20",444
"2018-09-09 07:46:21",444
"2018-09-09 08:46:22",444
"2018-09-09 09:46:21",444
"2018-09-09 10:46:21",444
"2018-09-09 11:46:21",444
"2018-09-09 12:46:21",444
"2018-09-09 13:46:22",444
"2018-09-09 14:46:22",444
"2018-09-09 15:46:20",444
"2018-09-09 16:46:21",444
"2018-09-09 17:46:21",444
"2018-09-09 18:46:22",444
"2018-09-09 19:46:21",444
"2018-09-09 20:46:20",444
"2018-09-09 21:46:21",444
"2018-09-09 22:46:20",444
"2018-09-09 23:46:21",444
"2018-09-10 00:46:22",444
"2018-09-10 01:46:23",444
"2018-09-10 02:46:24",444
"2018-09-10 03:46:23",444
"2018-09-10 04:46:21",444
"2018-09-10 05:46:20",444
"2018-09-10 06:46:20",444
"2018-09-10 07:46:19",444
"2018-09-10 08:46:20",444
"2018-09-10 09:46:21",444
"2018-09-10 10:46:20",444
"2018-09-10 11:46:20",444
"2018-09-10 12:46:20",444
"2018-09-10 13:46:29",444
"2018-09-10 14:46:22",445
"2018-09-10 15:46:24",446
"2018-09-10 16:46:25",446
"2018-09-10 17:46:23",447
"2018-09-10 18:46:26",445
"2018-09-10 19:46:23",446
"2018-09-10 20:46:21",447
"2018-09-10 21:46:19",447
"2018-09-10 22:46:21",447
"2018-09-10 23:46:21",447
"2018-09-11 00:46:22",447
"2018-09-11 01:46:22",447
"2018-09-11 02:46:23",447
"2018-09-11 03:46:22",447
"2018-09-11 04:46:21",447
"2018-09-11 05:46:23",447
"2018-09-11 06:46:21",447
"2018-09-11 07:46:21",447
"2018-09-11 08:46:21",447
"2018-09-11 09:46:20",447
"2018-09-11 10:46:21",447
"2018-09-11 11:46:19",447
"2018-09-11 12:46:21",447
"2018-09-11 13:46:29",447
"2018-09-11 14:46:23",449
"2018-09-11 15:46:23",451
"2018-09-11 16:46:22",454
"2018-09-11 17:46:23",455
"2018-09-11 18:46:24",455
"2018-09-11 19:46:24",455
"2018-09-11 20:46:20",456
"2018-09-11 21:46:20",456
"2018-09-11 22:46:19",456
"2018-09-11 23:46:21",456
"2018-09-12 00:46:22",456
"2018-09-12 01:46:24",456
"2018-09-12 20:46:28",456
"2018-09-12 21:46:22",457
"2018-09-12 22:46:21",457
"2018-09-12 23:46:21",457
"2018-09-13 00:46:22",457
"2018-09-13 01:46:23",457
"2018-09-13 02:46:27",457
"2018-09-13 03:46:22",457
"2018-09-13 04:46:22",457
"2018-09-13 05:46:23",457
"2018-09-13 06:46:37",457
"2018-09-13 07:46:22",457
"2018-09-13 08:46:22",457
"2018-09-13 09:46:20",457
"2018-09-13 10:46:21",457
"2018-09-13 11:46:21",457
"2018-09-13 12:46:22",457
"2018-09-13 14:46:25",459
"2018-09-13 15:46:26",459
"2018-09-13 16:46:29",460
"2018-09-13 17:46:23",460
"2018-09-13 18:46:24",461
"2018-09-13 19:46:23",461
"2018-09-13 20:46:22",461
"2018-09-13 21:46:21",461
"2018-09-13 22:46:22",461
"2018-09-13 23:46:22",461
"2018-09-14 00:46:23",461
"2018-09-14 01:46:23",461
"2018-09-14 02:46:23",461
"2018-09-14 03:46:23",461
"2018-09-14 04:46:23",461
"2018-09-14 05:46:22",461
"2018-09-14 06:46:21",461
"2018-09-14 07:46:35",461
"2018-09-14 08:46:25",461
"2018-09-14 09:46:25",461
"2018-09-14 10:46:27",461
"2018-09-14 11:46:20",461
"2018-09-14 12:46:28",461
"2018-09-14 13:46:34",461
"2018-09-14 14:46:30",464
"2018-09-14 15:46:30",463
"2018-09-14 16:46:25",463
"2018-09-14 17:46:27",463
"2018-09-14 18:46:24",463
"2018-09-14 19:46:24",465
"2018-09-14 20:46:21",465
"2018-09-14 21:46:21",465
"2018-09-14 22:46:21",465
"2018-09-14 23:46:21",465
"2018-09-15 00:46:23",465
"2018-09-15 01:46:23",465
"2018-09-15 02:46:23",465
"2018-09-15 03:46:22",465
"2018-09-15 04:46:21",465
"2018-09-15 05:46:21",465
"2018-09-15 06:46:21",465
"2018-09-15 07:46:22",465
"2018-09-15 08:46:20",465
"2018-09-15 09:46:21",465
"2018-09-15 10:46:21",465
"2018-09-15 11:46:21",465
"2018-09-15 12:46:24",465
"2018-09-15 13:46:22",465
"2018-09-15 14:46:21",465
"2018-09-15 15:46:22",465
"2018-09-15 16:46:22",465
"2018-09-15 17:46:20",465
"2018-09-15 18:46:21",465
"2018-09-15 19:46:22",465
"2018-09-15 20:46:22",465
"2018-09-15 21:46:21",465
"2018-09-15 22:46:21",465
"2018-09-15 23:46:20",465
"2018-09-16 00:46:21",465
"2018-09-16 01:46:23",465
"2018-09-16 02:46:23",465
"2018-09-16 03:46:22",465
"2018-09-16 04:46:23",465
"2018-09-16 05:46:21",465
"2018-09-16 06:46:22",465
"2018-09-16 07:46:20",465
"2018-09-16 08:46:22",465
"2018-09-16 09:46:21",465
"2018-09-16 10:46:20",465
"2018-09-16 11:46:21",465
"2018-09-16 12:46:22",465
"2018-09-16 13:46:21",465
"2018-09-16 14:46:21",465
"2018-09-16 15:46:22",465
"2018-09-16 16:46:23",465
"2018-09-16 17:46:21",465
"2018-09-16 18:46:22",465
"2018-09-16 19:46:21",465
"2018-09-16 20:46:22",465
"2018-09-16 21:46:21",465
"2018-09-16 22:46:22",465
"2018-09-16 23:46:22",465
"2018-09-17 00:46:23",465
"2018-09-17 01:46:22",465
"2018-09-17 02:46:22",465
"2018-09-17 03:46:22",465
"2018-09-17 04:46:22",465
"2018-09-17 05:46:21",465
"2018-09-17 06:46:20",465
"2018-09-17 07:46:22",465
"2018-09-17 08:46:22",465
"2018-09-17 09:46:21",465
"2018-09-17 10:46:22",465
"2018-09-17 11:46:22",465
"2018-09-17 12:46:20",465
"2018-09-17 13:46:32",465
"2018-09-17 14:46:24",466
"2018-09-17 15:46:30",464
"2018-09-17 16:46:25",465
"2018-09-17 17:46:22",464
"2018-09-17 18:46:22",464
"2018-09-17 19:46:24",464
"2018-09-17 20:46:22",462
"2018-09-17 21:46:22",462
"2018-09-17 22:46:21",462
"2018-09-17 23:46:21",462
"2018-09-18 00:46:22",462
"2018-09-18 01:46:22",462
"2018-09-18 02:46:22",462
"2018-09-18 03:46:23",462
"2018-09-18 04:46:24",462
"2018-09-18 05:46:22",462
"2018-09-18 06:46:22",462
"2018-09-18 07:46:20",462
"2018-09-18 08:46:22",462
"2018-09-18 09:46:21",462
"2018-09-18 10:46:21",462
"2018-09-18 11:46:20",462
"2018-09-18 12:46:22",462
"2018-09-18 13:46:29",462
"2018-09-18 14:46:27",460
"2018-09-18 15:46:23",458
"2018-09-18 16:46:24",458
"2018-09-18 17:46:26",459
"2018-09-18 18:46:30",459
"2018-09-18 19:46:29",458
"2018-09-18 20:46:22",457
"2018-09-18 21:46:21",457
"2018-09-18 22:46:21",457
"2018-09-18 23:46:22",457
"2018-09-19 00:46:24",457
"2018-09-19 01:46:23",457
"2018-09-19 02:46:24",457
"2018-09-19 03:46:23",457
"2018-09-19 04:46:22",457
"2018-09-19 05:46:22",457
"2018-09-19 06:46:23",457
"2018-09-19 07:46:22",457
"2018-09-19 08:46:21",457
"2018-09-19 09:46:22",457
"2018-09-19 10:46:21",457
"2018-09-19 11:46:21",457
"2018-09-19 12:46:22",457
"2018-09-19 13:47:49",457
"2018-09-19 14:46:31",458
"2018-09-19 15:46:30",455
"2018-09-19 16:46:24",455
"2018-09-19 17:46:25",455
"2018-09-19 18:46:23",453
"2018-09-19 19:46:37",454
"2018-09-19 20:46:22",454
"2018-09-19 21:46:22",454
"2018-09-19 22:46:21",454
"2018-09-19 23:46:22",454
"2018-09-20 00:46:22",454
"2018-09-20 01:46:28",454
"2018-09-20 02:46:25",454
"2018-09-20 03:46:27",454
"2018-09-20 04:46:23",454
"2018-09-20 05:46:23",454
"2018-09-20 06:46:23",454
"2018-09-20 07:46:20",454
"2018-09-20 08:46:28",454
"2018-09-20 09:47:07",454
"2018-09-20 10:46:22",454
"2018-09-20 11:46:22",454
"2018-09-20 13:12:29",454
"2018-09-20 14:46:34",461
"2018-09-20 15:46:26",465
"2018-09-20 16:46:23",465
"2018-09-20 17:46:24",464
"2018-09-20 18:46:24",470
"2018-09-20 19:46:26",473
"2018-09-20 20:46:24",475
"2018-09-20 21:46:22",475
"2018-09-20 22:46:21",475
"2018-09-20 23:46:22",475
"2018-09-21 00:46:24",475
"2018-09-21 01:46:23",475
"2018-09-21 02:46:23",475
"2018-09-21 03:46:22",475
"2018-09-21 04:46:24",475
"2018-09-21 06:46:22",475
"2018-09-21 07:46:53",475
"2018-09-21 08:46:22",475
"2018-09-21 09:46:23",475
"2018-09-21 10:46:21",475
"2018-09-21 11:46:23",475
"2018-09-21 13:13:57",475
"2018-09-21 13:46:35",475
"2018-09-21 14:46:26",482
"2018-09-21 15:46:27",479
"2018-09-21 16:46:27",478
"2018-09-21 17:46:26",476
"2018-09-21 18:46:55",477
"2018-09-21 19:46:27",477
"2018-09-21 20:46:23",476
"2018-09-21 21:46:23",478
"2018-09-21 22:46:21",478
"2018-09-21 23:46:23",478
"2018-09-22 00:46:23",478
"2018-09-22 01:46:23",478
"2018-09-22 02:46:22",478
"2018-09-22 03:46:23",478
"2018-09-22 04:46:24",478
"2018-09-22 05:46:23",478
"2018-09-22 06:46:23",478
"2018-09-22 07:46:23",478
"2018-09-22 08:46:21",478
"2018-09-22 09:46:22",478
"2018-09-22 10:46:23",478
"2018-09-22 11:46:23",478
"2018-09-22 12:46:22",478
"2018-09-22 13:46:24",478
"2018-09-22 14:46:25",478
"2018-09-22 15:46:24",478
"2018-09-22 16:46:24",478
"2018-09-22 17:46:24",478
"2018-09-22 18:46:23",478
"2018-09-22 19:46:24",478
"2018-09-22 20:46:23",478
"2018-09-22 21:46:22",478
"2018-09-22 22:46:23",478
"2018-09-22 23:46:23",478
"2018-09-23 00:46:54",478
"2018-09-23 01:46:24",478
"2018-09-23 02:46:23",478
"2018-09-23 03:46:25",478
"2018-09-23 04:46:26",478
"2018-09-23 05:46:23",478
"2018-09-23 06:46:22",478
"2018-09-23 07:46:24",478
"2018-09-23 08:46:22",478
"2018-09-23 09:46:23",478
"2018-09-23 10:46:22",478
"2018-09-23 11:46:24",478
"2018-09-23 12:46:22",478
"2018-09-23 13:46:23",478
"2018-09-23 14:46:24",478
"2018-09-23 15:46:23",478
"2018-09-23 16:46:24",478
"2018-09-23 17:46:22",478
"2018-09-23 18:46:23",478
"2018-09-23 19:46:23",478
"2018-09-23 20:46:22",478
"2018-09-23 21:46:25",478
"2018-09-23 22:46:23",478
"2018-09-23 23:46:24",478
"2018-09-24 00:46:23",478
"2018-09-24 01:46:25",478
"2018-09-24 02:46:24",478
"2018-09-24 03:46:23",478
"2018-09-24 04:46:26",478
"2018-09-24 05:46:23",478
"2018-09-24 06:46:22",478
"2018-09-24 07:46:23",478
"2018-09-24 08:46:23",478
"2018-09-24 09:46:22",478
"2018-09-24 10:46:22",478
"2018-09-24 11:46:24",478
"2018-09-24 12:46:23",478
"2018-09-24 13:46:34",478
"2018-09-24 14:46:26",483
"2018-09-24 15:46:24",483
"2018-09-24 16:46:24",483
"2018-09-24 17:46:24",487
"2018-09-24 18:46:25",488
"2018-09-24 19:46:26",488
"2018-09-24 20:46:24",487
"2018-09-24 21:46:23",488
"2018-09-24 22:46:23",488
"2018-09-24 23:46:24",488
"2018-09-25 00:46:24",488
"2018-09-25 01:46:22",488
"2018-09-25 02:46:22",488
"2018-09-25 03:46:23",488
"2018-09-25 04:46:26",488
"2018-09-25 05:46:23",488
"2018-09-25 06:46:24",488
"2018-09-25 07:46:24",488
"2018-09-25 08:46:23",488
"2018-09-25 09:46:22",488
"2018-09-25 10:46:22",488
"2018-09-25 11:46:24",488
"2018-09-25 12:46:24",488
"2018-09-25 13:46:32",488
"2018-09-25 14:46:28",490
"2018-09-25 15:46:25",489
"2018-09-25 16:46:26",488
"2018-09-25 17:46:24",488
"2018-09-25 18:46:28",489
"2018-09-25 19:46:25",490
"2018-09-25 20:46:24",490
"2018-09-25 21:46:24",490
"2018-09-25 22:46:24",490
"2018-09-25 23:46:24",490
"2018-09-26 00:46:27",490
"2018-09-26 01:46:30",490
"2018-09-26 02:46:28",490
"2018-09-26 03:46:28",490
"2018-09-26 04:46:25",490
"2018-09-26 05:46:25",490
"2018-09-26 06:46:24",490
"2018-09-26 07:46:24",490
"2018-09-26 08:46:25",490
"2018-09-26 09:46:24",490
"2018-09-26 10:46:22",490
"2018-09-26 11:46:23",490
"2018-09-26 13:13:00",490
"2018-09-26 13:46:34",490
"2018-09-26 14:46:26",492
"2018-09-26 15:46:27",491
"2018-09-26 16:46:28",491
"2018-09-26 17:46:25",492
"2018-09-26 18:46:27",492
"2018-09-26 19:46:25",492
"2018-09-26 20:46:25",496
"2018-09-26 21:46:24",496
"2018-09-26 22:46:23",497
"2018-09-26 23:46:25",497
"2018-09-27 00:46:26",497
"2018-09-27 01:46:24",497
"2018-09-27 02:46:26",497
"2018-09-27 03:46:24",497
"2018-09-27 04:46:24",497
"2018-09-27 05:46:24",497
"2018-09-27 06:46:24",497
"2018-09-27 07:46:23",497
"2018-09-27 08:46:23",497
"2018-09-27 09:46:24",497
"2018-09-27 10:46:23",497
"2018-09-27 11:46:23",497
"2018-09-27 12:46:24",497
"2018-09-27 13:46:31",497
"2018-09-27 14:46:26",497
"2018-09-27 15:46:26",498
"2018-09-27 17:12:10",501
"2018-09-27 17:46:27",501
"2018-09-27 18:46:32",501
"2018-09-27 19:46:30",502
"2018-09-27 20:46:27",499
"2018-09-27 21:46:25",500
"2018-09-27 22:46:24",500
"2018-09-27 23:46:27",500
"2018-09-28 00:46:28",500
"2018-09-28 01:46:25",500
"2018-09-28 02:46:24",500
"2018-09-28 03:46:26",500
"2018-09-28 04:46:24",500
"2018-09-28 05:46:24",500
"2018-09-28 06:46:26",500
"2018-09-28 07:46:26",500
"2018-09-28 08:46:24",500
"2018-09-28 09:46:27",500
"2018-09-28 10:46:26",500
"2018-09-28 11:46:25",500
"2018-09-28 12:46:25",500
"2018-09-28 13:46:33",500
"2018-09-28 14:46:29",503
"2018-09-28 15:46:34",505
"2018-09-28 16:46:30",504
"2018-09-28 17:46:31",505
"2018-09-28 18:46:30",505
"2018-09-28 19:46:31",503
"2018-09-28 20:46:27",503
"2018-09-28 21:46:26",503
"2018-09-28 22:46:26",503
"2018-09-28 23:46:23",503
"2018-09-29 00:46:24",503
"2018-09-29 01:46:31",503
"2018-09-29 02:46:32",503
"2018-09-29 03:46:26",503
"2018-09-29 04:46:24",503
"2018-09-29 05:46:23",503
"2018-09-29 06:46:23",503
"2018-09-29 07:46:25",503
"2018-09-29 08:46:25",503
"2018-09-29 09:46:24",503
"2018-09-29 10:46:25",503
"2018-09-29 11:46:26",503
"2018-09-29 12:46:26",503
"2018-09-29 13:46:26",503
"2018-09-29 14:46:27",503
"2018-09-29 15:46:27",503
"2018-09-29 16:46:24",503
"2018-09-29 17:46:25",503
"2018-09-29 18:46:27",503
"2018-09-29 19:46:25",503
"2018-09-29 20:46:26",503
"2018-09-29 21:46:26",503
"2018-09-29 22:46:24",503
"2018-09-29 23:46:24",503
"2018-09-30 00:46:25",503
"2018-09-30 01:46:25",503
"2018-09-30 02:46:22",503
"2018-09-30 03:46:25",503
"2018-09-30 04:46:24",503
"2018-09-30 05:46:22",503
"2018-09-30 06:46:23",503
"2018-09-30 07:46:22",503
"2018-09-30 08:46:23",503
"2018-09-30 09:46:22",503
"2018-09-30 10:46:23",503
"2018-09-30 11:46:23",503
"2018-09-30 12:46:23",503
"2018-09-30 13:46:24",503
"2018-09-30 14:46:22",503
"2018-09-30 15:46:23",503
"2018-09-30 16:46:24",503
"2018-09-30 17:46:23",503
"2018-09-30 18:46:23",503
"2018-09-30 19:46:24",503
"2018-09-30 20:46:23",503
"2018-09-30 21:46:22",503
"2018-09-30 22:46:25",503
"2018-09-30 23:46:26",503
"2018-10-01 00:46:27",503
"2018-10-01 01:46:25",503
"2018-10-01 02:46:27",503
"2018-10-01 03:46:25",503
"2018-10-01 04:46:26",503
"2018-10-01 05:46:26",503
"2018-10-01 06:46:25",503
"2018-10-01 07:46:25",503
"2018-10-01 08:46:26",503
"2018-10-01 09:46:23",503
"2018-10-01 10:46:22",503
"2018-10-01 11:46:23",503
"2018-10-01 12:46:24",503
"2018-10-01 14:11:43",502
"2018-10-01 14:46:29",502
"2018-10-01 15:46:25",499
"2018-10-01 16:46:26",499
"2018-10-01 17:46:31",497
"2018-10-01 18:46:25",498
"2018-10-01 19:46:29",498
"2018-10-01 20:46:24",500
"2018-10-01 21:46:24",500
"2018-10-01 22:46:23",501
"2018-10-01 23:46:27",501
"2018-10-02 00:46:31",501
"2018-10-02 01:46:26",501
"2018-10-02 02:46:25",501
"2018-10-02 03:46:25",501
"2018-10-02 04:46:26",501
"2018-10-02 05:46:23",501
"2018-10-02 06:46:24",501
"2018-10-02 07:46:25",501
"2018-10-02 08:46:23",501
"2018-10-02 09:46:24",501
"2018-10-02 10:46:22",501
"2018-10-02 11:46:25",501
"2018-10-02 12:46:24",501
"2018-10-02 13:46:31",501
"2018-10-02 14:46:59",500
"2018-10-02 15:46:28",500
"2018-10-02 16:46:27",501
"2018-10-02 17:46:26",501
"2018-10-02 18:46:26",500
"2018-10-02 19:46:26",500
"2018-10-02 20:46:26",501
"2018-10-02 21:46:25",501
"2018-10-02 22:46:23",501
"2018-10-02 23:46:25",501
"2018-10-03 00:46:24",501
"2018-10-03 01:46:23",501
"2018-10-03 02:46:56",501
"2018-10-03 03:46:26",501
"2018-10-03 04:46:30",501
"2018-10-03 05:46:27",501
"2018-10-03 06:46:24",501
"2018-10-03 07:46:27",501
"2018-10-03 08:46:26",501
"2018-10-03 09:46:27",501
"2018-10-03 10:46:26",501
"2018-10-03 11:46:27",501
"2018-10-03 12:46:26",501
"2018-10-03 13:47:43",501
"2018-10-03 15:11:35",501
"2018-10-03 15:46:28",501
"2018-10-03 16:46:29",499
"2018-10-03 17:46:29",498
"2018-10-03 18:46:27",497
"2018-10-03 19:46:25",498
"2018-10-03 20:46:24",499
"2018-10-03 21:46:25",499
"2018-10-03 22:46:26",499
"2018-10-03 23:46:24",499
"2018-10-04 00:47:45",499
"2018-10-04 01:46:26",499
"2018-10-04 02:46:23",499
"2018-10-04 03:46:22",499
"2018-10-04 04:46:23",499
"2018-10-04 05:46:24",499
"2018-10-04 06:46:22",499
"2018-10-04 07:46:23",499
"2018-10-04 08:46:21",499
"2018-10-04 09:46:22",499
"2018-10-04 10:46:23",499
"2018-10-04 11:46:22",499
"2018-10-04 12:46:23",499
"2018-10-04 14:12:38",498
"2018-10-04 14:46:28",498
"2018-10-04 15:46:26",498
"2018-10-04 16:46:29",498
"2018-10-04 17:46:30",499
"2018-10-04 18:46:28",498
"2018-10-04 19:46:29",499
"2018-10-04 20:46:25",499
"2018-10-04 21:46:26",499
"2018-10-04 22:46:25",499
"2018-10-04 23:46:24",499
"2018-10-05 00:46:26",499
"2018-10-05 01:46:26",499
"2018-10-05 02:46:25",499
"2018-10-05 03:46:26",499
"2018-10-05 04:46:27",499
"2018-10-05 05:46:27",499
"2018-10-05 06:46:25",499
"2018-10-05 07:46:25",499
"2018-10-05 08:46:24",499
"2018-10-05 09:46:25",499
"2018-10-05 10:46:24",499
"2018-10-05 11:46:24",499
"2018-10-05 12:46:25",499
"2018-10-05 13:46:36",499
"2018-10-05 14:46:27",500
"2018-10-05 15:46:29",500
"2018-10-05 16:46:32",500
"2018-10-05 17:46:33",500
"2018-10-05 18:46:30",499
"2018-10-05 19:46:27",499
"2018-10-05 20:46:25",499
"2018-10-05 21:46:24",498
"2018-10-05 22:46:25",498
"2018-10-05 23:46:24",498
"2018-10-06 00:46:26",498
"2018-10-06 01:46:26",498
"2018-10-06 02:46:27",498
"2018-10-06 03:46:26",498
"2018-10-06 04:46:26",498
"2018-10-06 05:46:25",498
"2018-10-06 06:46:27",498
"2018-10-06 07:46:26",498
"2018-10-06 08:46:25",498
"2018-10-06 09:46:25",498
"2018-10-06 10:46:26",498
"2018-10-06 11:46:24",498
"2018-10-06 12:46:25",498
"2018-10-06 13:46:24",498
"2018-10-06 14:46:27",498
"2018-10-06 15:46:26",498
"2018-10-06 16:46:26",498
"2018-10-06 17:46:25",498
"2018-10-06 18:46:25",498
"2018-10-06 19:46:27",498
"2018-10-06 20:46:25",498
"2018-10-06 21:46:57",498
"2018-10-06 22:46:25",498
"2018-10-06 23:46:25",498
"2018-10-07 00:46:24",498
"2018-10-07 01:46:25",498
"2018-10-07 02:46:26",498
"2018-10-07 03:46:26",498
"2018-10-07 04:46:25",498
"2018-10-07 05:46:27",498
"2018-10-07 06:46:26",498
"2018-10-07 07:46:27",498
"2018-10-07 08:46:24",498
"2018-10-07 09:46:24",498
"2018-10-07 10:46:25",498
"2018-10-07 11:46:24",498
"2018-10-07 12:46:25",498
"2018-10-07 13:46:26",498
"2018-10-07 14:46:27",498
"2018-10-07 15:46:26",498
"2018-10-07 16:46:26",498
"2018-10-07 17:46:26",498
"2018-10-07 18:46:26",498
"2018-10-07 19:46:26",498
"2018-10-07 20:46:26",498
"2018-10-07 21:46:26",498
"2018-10-07 22:46:26",498
"2018-10-07 23:46:26",498
"2018-10-08 00:46:24",498
"2018-10-08 01:46:24",498
"2018-10-08 02:46:27",498
"2018-10-08 03:46:24",498
"2018-10-08 04:46:24",498
"2018-10-08 05:46:24",498
"2018-10-08 06:46:26",498
"2018-10-08 07:46:24",498
"2018-10-08 08:46:23",498
"2018-10-08 09:46:24",498
"2018-10-08 10:46:24",498
"2018-10-08 11:46:24",498
"2018-10-08 12:46:24",498
"2018-10-08 13:46:40",498
"2018-10-08 14:46:32",502
"2018-10-08 15:47:00",502
"2018-10-08 16:46:30",503
"2018-10-08 17:46:29",503
"2018-10-08 18:46:28",504
"2018-10-08 19:46:29",505
"2018-10-08 20:46:24",503
"2018-10-08 21:46:25",503
"2018-10-08 22:46:23",503
"2018-10-08 23:46:27",503
"2018-10-09 00:46:24",503
"2018-10-09 01:46:55",503
"2018-10-09 02:46:24",503
"2018-10-09 03:46:29",503
"2018-10-09 04:46:23",503
"2018-10-09 05:46:24",503
"2018-10-09 06:46:23",503
"2018-10-09 07:46:23",503
"2018-10-09 08:46:22",503
"2018-10-09 09:46:22",503
"2018-10-09 10:46:23",503
"2018-10-09 11:46:24",503
"2018-10-09 12:46:23",503
"2018-10-09 13:46:35",503
"2018-10-09 14:46:31",499
"2018-10-09 15:46:28",499
"2018-10-09 16:46:24",500
"2018-10-09 17:46:25",500
"2018-10-09 18:46:25",499
"2018-10-09 19:46:23",500
"2018-10-09 21:46:22",499
"2018-10-09 22:46:25",499
"2018-10-09 23:46:23",499
"2018-10-10 00:46:23",499
"2018-10-10 01:46:24",499
"2018-10-10 02:46:25",499
"2018-10-10 03:46:33",499
"2018-10-10 04:46:25",499
"2018-10-10 05:46:24",499
"2018-10-10 06:46:23",499
"2018-10-10 07:46:24",499
"2018-10-10 08:46:25",499
"2018-10-10 09:46:24",499
"2018-10-10 10:46:24",499
"2018-10-10 11:46:23",499
"2018-10-10 12:46:23",499
"2018-10-10 13:46:33",499
"2018-10-10 14:46:30",501
"2018-10-10 15:46:31",501
"2018-10-10 16:46:25",501
"2018-10-10 17:46:25",502
"2018-10-10 18:46:33",503
"2018-10-10 19:46:33",502
"2018-10-10 20:46:28",504
"2018-10-10 21:46:24",504
"2018-10-10 22:46:25",504
"2018-10-10 23:46:26",504
"2018-10-11 00:46:27",504
"2018-10-11 01:46:25",504
"2018-10-11 02:46:23",504
"2018-10-11 03:46:23",504
"2018-10-11 04:46:22",504
"2018-10-11 05:46:22",504
"2018-10-11 06:46:23",504
"2018-10-11 07:46:21",504
"2018-10-11 08:46:24",504
"2018-10-11 09:46:24",504
"2018-10-11 10:46:25",504
"2018-10-11 11:46:22",504
"2018-10-11 12:46:23",504
"2018-10-11 13:46:34",504
"2018-10-11 14:46:24",507
"2018-10-11 15:46:27",505
"2018-10-11 16:46:29",506
"2018-10-11 17:46:26",504
"2018-10-11 18:46:32",501
"2018-10-11 19:46:28",500
"2018-10-11 20:46:25",500
"2018-10-11 21:46:25",500
"2018-10-11 22:46:23",500
"2018-10-11 23:46:26",500
"2018-10-12 00:46:23",500
"2018-10-12 01:46:23",500
"2018-10-12 02:46:26",500
"2018-10-12 03:46:23",500
"2018-10-12 04:46:24",500
"2018-10-12 05:46:22",500
"2018-10-12 06:46:22",500
"2018-10-12 07:46:23",500
"2018-10-12 08:46:23",500
"2018-10-12 09:46:24",500
"2018-10-12 10:46:23",500
"2018-10-12 11:46:24",500
"2018-10-12 12:46:25",500
"2018-10-12 13:46:34",500
"2018-10-12 14:46:26",502
"2018-10-12 15:46:28",505
"2018-10-12 16:46:29",506
"2018-10-12 17:46:25",507
"2018-10-12 18:46:23",507
"2018-10-12 19:46:26",508
"2018-10-12 20:46:23",508
"2018-10-12 21:46:24",508
"2018-10-12 22:46:23",508
"2018-10-12 23:46:23",508
"2018-10-13 00:46:24",508
"2018-10-13 01:46:25",508
"2018-10-13 02:46:25",508
"2018-10-13 03:46:25",508
"2018-10-13 04:46:25",508
"2018-10-13 05:46:22",508
"2018-10-13 06:46:23",508
"2018-10-13 07:46:25",508
"2018-10-13 08:46:26",508
"2018-10-13 09:46:24",508
"2018-10-13 10:46:24",508
"2018-10-13 11:46:22",508
"2018-10-13 12:46:24",508
"2018-10-13 13:46:23",508
"2018-10-13 14:46:24",508
"2018-10-13 15:46:24",508
"2018-10-13 16:46:23",508
"2018-10-13 17:46:24",508
"2018-10-13 18:46:24",508
"2018-10-13 19:46:25",508
"2018-10-13 20:46:26",508
"2018-10-13 21:46:24",508
"2018-10-13 22:46:28",508
"2018-10-13 23:46:24",508
"2018-10-14 00:46:27",508
"2018-10-14 01:46:25",508
"2018-10-14 02:46:24",508
"2018-10-14 03:46:24",508
"2018-10-14 04:46:25",508
"2018-10-14 05:46:22",508
"2018-10-14 06:46:23",508
"2018-10-14 07:46:23",508
"2018-10-14 08:46:22",508
"2018-10-14 09:46:23",508
"2018-10-14 10:46:23",508
"2018-10-14 11:46:24",508
"2018-10-14 12:46:24",508
"2018-10-14 13:46:22",508
"2018-10-14 14:46:24",508
"2018-10-14 15:46:24",508
"2018-10-14 16:46:22",508
"2018-10-14 17:46:23",508
"2018-10-14 18:46:24",508
"2018-10-14 19:46:24",508
"2018-10-14 20:46:23",508
"2018-10-14 21:46:25",508
"2018-10-14 22:46:23",508
"2018-10-14 23:46:23",508
"2018-10-15 00:46:26",508
"2018-10-15 01:46:24",508
"2018-10-15 02:46:23",508
"2018-10-15 03:46:24",508
"2018-10-15 04:46:23",508
"2018-10-15 05:46:24",508
"2018-10-15 06:46:26",508
"2018-10-15 07:46:24",508
"2018-10-15 08:46:36",508
"2018-10-15 09:46:23",508
"2018-10-15 10:46:23",508
"2018-10-15 11:46:22",508
"2018-10-15 12:46:22",508
"2018-10-15 13:46:31",508
"2018-10-15 14:46:28",510
"2018-10-15 15:46:27",507
"2018-10-15 16:46:28",508
"2018-10-15 17:46:28",509
"2018-10-15 18:46:25",510
"2018-10-15 19:46:28",510
"2018-10-15 20:46:28",511
"2018-10-15 21:46:28",511
"2018-10-15 22:46:25",511
"2018-10-15 23:46:26",511
"2018-10-16 00:46:28",511
"2018-10-16 01:46:29",511
"2018-10-16 02:46:27",511
"2018-10-16 03:46:25",511
"2018-10-16 04:46:27",511
"2018-10-16 09:46:23",511
"2018-10-16 10:46:24",511
"2018-10-16 11:46:22",511
"2018-10-16 12:46:24",511
"2018-10-16 13:46:34",511
"2018-10-16 14:46:28",514
"2018-10-16 15:46:32",515
"2018-10-16 16:46:25",515
"2018-10-16 17:46:31",514
"2018-10-16 18:46:31",514
"2018-10-16 19:46:31",511
"2018-10-16 20:46:26",512
"2018-10-16 21:46:25",512
"2018-10-16 22:46:27",512
"2018-10-16 23:46:26",512
"2018-10-17 00:46:26",512
"2018-10-17 01:46:26",512
"2018-10-17 02:46:26",512
"2018-10-17 03:46:26",512
"2018-10-17 04:46:25",512
"2018-10-17 05:46:26",512
"2018-10-17 06:46:25",512
"2018-10-17 07:46:26",512
"2018-10-17 08:46:25",512
"2018-10-17 09:46:25",512
"2018-10-17 10:46:24",512
"2018-10-17 11:46:24",512
"2018-10-17 12:46:25",512
"2018-10-17 14:12:32",516
"2018-10-17 14:46:26",516
"2018-10-17 15:46:30",519
"2018-10-17 16:46:28",520
"2018-10-17 17:46:29",521
"2018-10-17 18:46:28",520
"2018-10-17 19:46:27",520
"2018-10-17 20:46:28",520
"2018-10-17 21:46:26",520
"2018-10-17 22:46:25",520
"2018-10-17 23:46:24",520
"2018-10-18 00:46:27",520
"2018-10-18 01:46:27",520
"2018-10-18 02:46:26",520
"2018-10-18 03:46:27",520
"2018-10-18 04:46:22",520
"2018-10-18 05:46:23",520
"2018-10-18 06:46:22",520
"2018-10-18 07:46:23",520
"2018-10-18 08:46:22",520
"2018-10-18 09:46:22",520
"2018-10-18 10:46:24",520
"2018-10-18 11:46:21",520
"2018-10-18 13:11:25",520
"2018-10-18 13:46:29",520
"2018-10-18 14:46:31",520
"2018-10-18 15:46:31",522
"2018-10-18 16:46:25",524
"2018-10-18 17:46:25",526
"2018-10-18 18:46:24",527
"2018-10-18 19:46:24",528
"2018-10-18 20:46:26",529
"2018-10-18 21:46:26",530
"2018-10-18 22:46:23",530
"2018-10-18 23:46:23",530
"2018-10-19 00:46:25",530
"2018-10-19 01:46:26",530
"2018-10-19 02:46:24",530
"2018-10-19 03:46:25",530
"2018-10-19 04:46:24",530
"2018-10-19 05:46:22",530
"2018-10-19 06:46:24",530
"2018-10-19 07:46:25",530
"2018-10-19 08:46:22",530
"2018-10-19 09:46:23",530
"2018-10-19 10:46:23",530
"2018-10-19 11:46:23",530
"2018-10-19 13:11:01",530
"2018-10-19 13:46:32",530
"2018-10-19 14:46:27",530
"2018-10-19 15:46:28",530
"2018-10-19 16:46:26",530
"2018-10-19 17:46:25",529
"2018-10-19 18:46:26",530
"2018-10-19 19:46:27",530
"2018-10-19 20:46:27",529
"2018-10-19 21:46:24",529
"2018-10-19 22:46:25",529
"2018-10-19 23:46:54",529
"2018-10-20 00:46:25",529
"2018-10-20 01:46:27",529
"2018-10-20 02:46:24",529
"2018-10-20 03:46:23",529
"2018-10-20 04:46:24",529
"2018-10-20 05:46:26",529
"2018-10-20 06:46:25",529
"2018-10-20 07:46:23",529
"2018-10-20 08:46:24",529
"2018-10-20 09:46:24",529
"2018-10-20 10:46:25",529
"2018-10-20 11:46:24",529
"2018-10-20 12:46:24",529
"2018-10-20 13:46:27",529
"2018-10-20 14:46:28",529
"2018-10-20 15:46:26",529
"2018-10-20 16:46:26",529
"2018-10-20 17:46:25",529
"2018-10-20 18:46:25",529
"2018-10-20 19:46:25",529
"2018-10-20 20:46:26",529
"2018-10-20 21:46:27",529
"2018-10-20 22:46:25",529
"2018-10-20 23:46:25",529
"2018-10-21 00:46:25",529
"2018-10-21 01:46:26",529
"2018-10-21 02:46:24",529
"2018-10-21 03:46:27",529
"2018-10-21 04:46:24",529
"2018-10-21 05:46:25",529
"2018-10-21 06:46:24",529
"2018-10-21 07:46:29",529
"2018-10-21 08:46:24",529
"2018-10-21 09:46:24",529
"2018-10-21 10:46:22",529
"2018-10-21 11:46:23",529
"2018-10-21 12:46:23",529
"2018-10-21 13:46:31",529
"2018-10-21 14:46:27",529
"2018-10-21 15:46:27",529
"2018-10-21 16:46:24",529
"2018-10-21 17:46:25",529
"2018-10-21 18:46:26",529
"2018-10-21 19:46:24",529
"2018-10-21 20:46:24",529
"2018-10-21 21:46:24",529
"2018-10-21 22:46:26",529
"2018-10-21 23:46:25",529
"2018-10-22 00:46:29",529
"2018-10-22 01:46:30",529
"2018-10-22 02:46:29",529
"2018-10-22 03:46:29",529
"2018-10-22 04:46:29",529
"2018-10-22 05:46:26",529
"2018-10-22 06:46:26",529
"2018-10-22 07:46:30",529
"2018-10-22 08:46:24",529
"2018-10-22 09:46:25",529
"2018-10-22 10:46:26",529
"2018-10-22 11:46:25",529
"2018-10-22 12:46:28",529
"2018-10-22 13:46:32",529
"2018-10-22 14:46:31",530
"2018-10-22 15:46:29",531
"2018-10-22 16:46:27",534
"2018-10-22 17:46:27",532
"2018-10-22 18:46:24",531
"2018-10-22 19:46:27",532
"2018-10-22 20:46:26",532
"2018-10-22 21:46:26",532
"2018-10-22 22:46:27",532
"2018-10-22 23:46:26",532
"2018-10-23 00:46:28",532
"2018-10-23 01:46:26",532
"2018-10-23 02:46:26",532
"2018-10-23 03:46:25",532
"2018-10-23 04:46:24",532
"2018-10-23 05:46:24",532
"2018-10-23 06:46:24",532
"2018-10-23 07:46:27",532
"2018-10-23 08:46:23",532
"2018-10-23 09:46:23",532
"2018-10-23 10:46:23",532
"2018-10-23 11:46:23",532
"2018-10-23 12:46:24",532
"2018-10-23 13:46:32",532
"2018-10-23 14:46:28",532
"2018-10-23 15:46:25",534
"2018-10-23 16:46:27",536
"2018-10-23 17:46:25",535
"2018-10-23 18:46:26",536
"2018-10-23 19:46:26",535
"2018-10-23 20:46:25",535
"2018-10-23 21:46:27",535
"2018-10-23 22:46:25",535
"2018-10-23 23:46:25",535
"2018-10-24 00:46:25",535
"2018-10-24 01:46:26",535
"2018-10-24 02:46:28",535
"2018-10-24 03:46:27",535
"2018-10-24 04:46:27",535
"2018-10-24 05:46:27",535
"2018-10-24 06:46:29",535
"2018-10-24 07:46:27",535
"2018-10-24 08:46:26",535
"2018-10-24 09:46:24",535
"2018-10-24 10:46:25",535
"2018-10-24 11:46:24",535
"2018-10-24 12:46:23",535
"2018-10-24 13:46:29",535
"2018-10-24 14:46:29",532
"2018-10-24 15:46:29",531
"2018-10-24 16:46:26",533
"2018-10-24 17:46:25",532
"2018-10-24 18:46:26",532
"2018-10-24 19:46:27",532
"2018-10-24 20:46:31",533
"2018-10-24 21:46:27",533
"2018-10-24 22:46:26",533
"2018-10-24 23:46:23",533
"2018-10-25 00:46:25",533
"2018-10-25 01:46:25",533
"2018-10-25 02:46:26",533
"2018-10-25 03:46:24",533
"2018-10-25 04:46:26",533
"2018-10-25 05:46:26",533
"2018-10-25 06:46:26",533
"2018-10-25 07:46:26",533
"2018-10-25 08:46:27",533
"2018-10-25 09:46:25",533
"2018-10-25 10:46:26",533
"2018-10-25 11:46:27",533
"2018-10-25 14:12:39",533
"2018-10-25 14:46:30",533
"2018-10-25 15:46:30",533
"2018-10-25 16:46:27",531
"2018-10-25 17:46:28",531
"2018-10-25 18:46:30",530
"2018-10-25 19:46:26",530
"2018-10-25 20:46:27",529
"2018-10-25 21:46:27",529
"2018-10-25 22:46:26",529
"2018-10-25 23:46:28",529
"2018-10-26 00:46:26",529
"2018-10-26 01:46:27",529
"2018-10-26 02:46:29",529
"2018-10-26 03:46:30",529
"2018-10-26 04:46:29",529
"2018-10-26 05:46:25",529
"2018-10-26 06:46:24",529
"2018-10-26 07:46:24",529
"2018-10-26 08:46:24",529
"2018-10-26 09:46:25",529
"2018-10-26 10:46:24",529
"2018-10-26 11:46:24",529
"2018-10-26 12:46:24",529
"2018-10-26 13:46:27",529
"2018-10-26 14:46:28",526
"2018-10-26 15:46:26",528
"2018-10-26 16:46:26",529
"2018-10-26 17:46:25",530
"2018-10-26 18:46:24",530
"2018-10-26 19:46:24",530
"2018-10-26 20:46:25",531
"2018-10-26 21:46:24",531
"2018-10-26 22:46:25",531
"2018-10-26 23:46:24",531
"2018-10-27 00:46:24",531
"2018-10-27 01:46:24",531
"2018-10-27 02:46:23",531
"2018-10-27 03:46:23",531
"2018-10-27 04:46:23",531
"2018-10-27 05:46:24",531
"2018-10-27 06:46:24",531
"2018-10-27 07:46:26",531
"2018-10-27 08:46:25",531
"2018-10-27 09:46:24",531
"2018-10-27 10:46:25",531
"2018-10-27 11:46:24",531
"2018-10-27 12:46:24",531
"2018-10-27 13:46:23",531
"2018-10-27 14:46:24",531
"2018-10-27 15:46:25",531
"2018-10-27 16:46:24",531
"2018-10-27 17:46:24",531
"2018-10-27 18:46:24",531
"2018-10-27 19:46:24",531
"2018-10-27 20:46:24",531
"2018-10-27 21:46:24",531
"2018-10-27 22:46:23",531
"2018-10-27 23:46:24",531
"2018-10-28 00:46:24",531
"2018-10-28 01:46:24",531
"2018-10-28 02:46:24",531
"2018-10-28 03:46:24",531
"2018-10-28 04:46:23",531
"2018-10-28 05:46:24",531
"2018-10-28 06:46:24",531
"2018-10-28 07:46:22",531
"2018-10-28 08:46:23",531
"2018-10-28 09:46:25",531
"2018-10-28 10:46:24",531
"2018-10-28 11:46:22",531
"2018-10-28 12:46:22",531
"2018-10-28 13:46:24",531
"2018-10-28 14:46:23",531
"2018-10-28 15:46:23",531
"2018-10-28 16:46:24",531
"2018-10-28 17:46:23",531
"2018-10-28 18:46:23",531
"2018-10-28 19:46:22",531
"2018-10-28 20:46:24",531
"2018-10-28 21:46:23",531
"2018-10-28 22:46:23",531
"2018-10-28 23:46:22",531
"2018-10-29 00:46:24",531
"2018-10-29 01:46:24",531
"2018-10-29 02:46:24",531
"2018-10-29 03:46:22",531
"2018-10-29 04:46:25",531
"2018-10-29 05:46:23",531
"2018-10-29 06:46:24",531
"2018-10-29 07:46:22",531
"2018-10-29 08:46:24",531
"2018-10-29 09:46:24",531
"2018-10-29 10:46:24",531
"2018-10-29 11:46:23",531
"2018-10-29 12:46:24",531
"2018-10-29 13:46:29",531
"2018-10-29 14:46:28",540
"2018-10-29 15:46:23",538
"2018-10-29 16:46:26",538
"2018-10-29 17:46:25",537
"2018-10-29 18:46:25",538
"2018-10-29 19:46:27",540
"2018-10-29 20:46:25",538
"2018-10-29 21:46:25",538
"2018-10-29 22:46:25",538
"2018-10-29 23:46:24",538
"2018-10-30 00:46:24",538
"2018-10-30 01:46:24",538
"2018-10-30 02:46:25",538
"2018-10-30 03:46:24",538
"2018-10-30 04:46:25",538
"2018-10-30 05:46:23",538
"2018-10-30 06:46:23",538
"2018-10-30 07:46:22",538
"2018-10-30 08:46:23",538
"2018-10-30 09:46:24",538
"2018-10-30 10:46:24",538
"2018-10-30 11:46:24",538
"2018-10-30 12:46:24",538
"2018-10-30 13:46:31",538
"2018-10-30 14:46:30",538
"2018-10-30 15:46:29",539
"2018-10-30 16:46:26",540
"2018-10-30 17:46:24",541
"2018-10-30 18:46:25",540
"2018-10-30 19:46:24",540
"2018-10-30 20:46:24",538
"2018-10-30 21:46:24",539
"2018-10-30 22:46:24",539
"2018-10-30 23:46:23",539
"2018-10-31 00:46:24",539
"2018-10-31 01:46:27",539
"2018-10-31 02:46:26",539
"2018-10-31 03:46:23",539
"2018-10-31 04:46:24",539
"2018-10-31 05:46:24",539
"2018-10-31 06:46:23",539
"2018-10-31 07:46:22",539
"2018-10-31 08:46:24",539
"2018-10-31 09:46:23",539
"2018-10-31 10:46:23",539
"2018-10-31 11:46:24",539
"2018-10-31 12:46:25",539
"2018-10-31 14:13:02",535
"2018-10-31 14:46:28",535
"2018-10-31 15:46:26",534
"2018-10-31 16:46:27",534
"2018-10-31 17:46:25",533
"2018-10-31 18:46:26",534
"2018-10-31 19:46:25",535
"2018-10-31 20:46:24",536
"2018-10-31 21:46:24",536
"2018-10-31 22:46:24",536
"2018-10-31 23:46:25",536
"2018-11-01 00:46:25",536
"2018-11-01 01:46:24",536
"2018-11-01 02:46:24",536
"2018-11-01 03:46:24",536
"2018-11-01 04:46:25",536
"2018-11-01 05:46:24",536
"2018-11-01 06:46:25",536
"2018-11-01 07:46:24",536
"2018-11-01 08:46:25",536
"2018-11-01 09:46:26",536
"2018-11-01 10:46:25",536
"2018-11-01 11:46:23",536
"2018-11-01 12:46:24",536
"2018-11-01 13:46:28",536
"2018-11-01 14:46:32",536
"2018-11-01 15:46:31",536
"2018-11-01 16:46:29",537
"2018-11-01 17:46:27",538
"2018-11-01 18:46:32",539
"2018-11-01 19:46:33",539
"2018-11-01 20:46:31",542
"2018-11-01 21:46:27",542
"2018-11-01 22:46:26",542
"2018-11-01 23:46:25",542
"2018-11-02 00:46:24",542
"2018-11-02 01:46:24",542
"2018-11-02 02:46:25",542
"2018-11-02 03:46:28",542
"2018-11-02 04:46:25",542
"2018-11-02 05:46:24",542
"2018-11-02 06:46:23",542
"2018-11-02 07:46:24",542
"2018-11-02 08:46:24",542
"2018-11-02 09:46:25",542
"2018-11-02 10:46:23",542
"2018-11-02 11:46:22",542
"2018-11-02 12:46:24",542
"2018-11-02 14:11:04",544
"2018-11-02 14:46:31",544
"2018-11-02 15:46:30",544
"2018-11-02 16:46:29",545
"2018-11-02 17:46:33",546
"2018-11-02 18:46:26",547
"2018-11-02 19:46:27",549
"2018-11-02 20:46:28",549
"2018-11-02 21:46:27",549
"2018-11-02 22:46:26",549
"2018-11-02 23:46:26",549
"2018-11-03 00:46:28",549
"2018-11-03 01:46:26",549
"2018-11-03 02:46:30",549
"2018-11-03 03:46:26",549
"2018-11-03 04:46:25",549
"2018-11-03 05:46:26",549
"2018-11-03 06:46:24",549
"2018-11-03 07:46:24",549
"2018-11-03 08:46:26",549
"2018-11-03 09:46:27",549
"2018-11-03 10:46:25",549
"2018-11-03 11:46:26",549
"2018-11-03 12:46:26",549
"2018-11-03 13:46:24",549
"2018-11-03 14:46:26",549
"2018-11-03 15:46:25",549
"2018-11-03 16:46:25",549
"2018-11-03 17:46:36",549
"2018-11-03 18:46:32",549
"2018-11-03 19:46:26",549
"2018-11-03 20:46:56",549
"2018-11-03 21:47:29",549
"2018-11-03 22:46:25",549
"2018-11-03 23:46:27",549
"2018-11-04 00:46:27",549
"2018-11-04 01:46:26",549
"2018-11-04 02:46:27",549
"2018-11-04 03:46:27",549
"2018-11-04 04:46:28",549
"2018-11-04 05:46:25",549
"2018-11-04 06:46:26",549
"2018-11-04 07:46:26",549
"2018-11-04 08:46:27",549
"2018-11-04 09:46:25",549
"2018-11-04 10:46:25",549
"2018-11-04 11:46:25",549
"2018-11-04 12:46:25",549
"2018-11-04 13:46:25",549
"2018-11-04 14:46:25",549
"2018-11-04 15:46:25",549
"2018-11-04 16:46:26",549
"2018-11-04 17:46:26",549
"2018-11-04 18:46:26",549
"2018-11-04 19:46:27",549
"2018-11-04 20:46:25",549
"2018-11-04 21:46:25",549
"2018-11-04 22:46:27",549
"2018-11-04 23:46:27",549
"2018-11-05 00:46:26",549
"2018-11-05 01:46:26",549
"2018-11-05 02:46:25",549
"2018-11-05 03:47:13",549
"2018-11-05 04:46:29",549
"2018-11-05 05:46:28",549
"2018-11-05 06:46:25",549
"2018-11-05 07:46:28",549
"2018-11-05 08:46:25",549
"2018-11-05 09:46:25",549
"2018-11-05 10:46:25",549
"2018-11-05 11:46:23",549
"2018-11-05 12:46:23",549
"2018-11-05 13:46:24",549
"2018-11-05 14:46:36",549
"2018-11-05 15:46:29",548
"2018-11-05 16:46:35",548
"2018-11-05 17:46:26",549
"2018-11-05 18:46:25",550
"2018-11-05 19:46:26",549
"2018-11-05 20:46:28",550
"2018-11-05 21:46:30",552
"2018-11-05 22:46:30",552
"2018-11-05 23:46:25",552
"2018-11-06 00:46:24",552
"2018-11-06 01:46:25",552
"2018-11-06 02:46:25",552
"2018-11-06 03:46:27",552
"2018-11-06 04:46:26",552
"2018-11-06 05:46:26",552
"2018-11-06 06:46:26",552
"2018-11-06 07:46:27",552
"2018-11-06 08:46:27",552
"2018-11-06 09:46:26",552
"2018-11-06 10:46:28",552
"2018-11-06 11:46:26",552
"2018-11-06 12:46:26",552
"2018-11-06 13:46:27",552
"2018-11-06 14:46:35",552
"2018-11-06 15:46:37",553
"2018-11-06 16:46:31",552
"2018-11-06 17:46:39",552
"2018-11-06 18:46:31",552
"2018-11-06 19:46:27",555
"2018-11-06 20:46:30",558
"2018-11-06 21:46:27",558
"2018-11-06 22:46:30",558
"2018-11-06 23:46:27",558
"2018-11-07 00:46:29",558
"2018-11-07 01:46:27",558
"2018-11-07 02:46:28",558
"2018-11-07 03:46:27",558
"2018-11-07 04:46:26",558
"2018-11-07 05:46:27",558
"2018-11-07 06:46:26",558
"2018-11-07 07:46:27",558
"2018-11-07 08:46:26",558
"2018-11-07 09:46:26",558
"2018-11-07 10:46:27",558
"2018-11-07 11:46:27",558
"2018-11-07 12:46:27",558
"2018-11-07 13:46:26",558
"2018-11-07 14:46:36",558
"2018-11-07 15:46:30",558
"2018-11-07 16:46:28",560
"2018-11-07 17:46:34",560
"2018-11-07 18:46:32",560
"2018-11-07 19:46:33",559
"2018-11-07 20:46:31",557
"2018-11-07 21:46:27",557
"2018-11-07 22:46:29",557
"2018-11-07 23:46:27",557
"2018-11-08 00:46:26",557
"2018-11-08 01:46:28",557
"2018-11-08 02:46:27",557
"2018-11-08 03:46:27",557
"2018-11-08 04:46:27",557
"2018-11-08 05:46:27",557
"2018-11-08 06:46:40",557
"2018-11-08 07:46:27",557
"2018-11-08 08:46:28",557
"2018-11-08 09:46:26",557
"2018-11-08 10:46:27",557
"2018-11-08 11:46:26",557
"2018-11-08 12:46:27",557
"2018-11-08 13:46:26",557
"2018-11-08 14:46:33",557
"2018-11-08 15:46:33",556
"2018-11-08 16:46:32",557
"2018-11-08 17:46:28",557
"2018-11-08 18:46:27",558
"2018-11-08 19:46:28",559
"2018-11-08 20:46:33",558
"2018-11-08 21:46:31",558
"2018-11-08 22:46:27",559
"2018-11-08 23:46:27",559
"2018-11-09 00:46:28",559
"2018-11-09 01:46:27",559
"2018-11-09 02:46:29",559
"2018-11-09 03:46:58",559
"2018-11-09 04:46:29",559
"2018-11-09 05:46:29",559
"2018-11-09 06:46:27",559
"2018-11-09 07:46:27",559
"2018-11-09 08:46:27",559
"2018-11-09 09:46:27",559
"2018-11-09 10:46:26",559
"2018-11-09 11:46:27",559
"2018-11-09 12:46:27",559
"2018-11-09 13:46:25",559
"2018-11-09 15:10:32",560
"2018-11-09 15:46:30",560
"2018-11-09 16:46:31",560
"2018-11-09 17:46:29",560
"2018-11-09 18:46:28",562
"2018-11-09 19:47:00",562
"2018-11-09 20:46:31",560
"2018-11-09 21:46:30",563
"2018-11-09 22:46:29",564
"2018-11-09 23:46:27",564
"2018-11-10 00:46:27",564
"2018-11-10 01:46:29",564
"2018-11-10 02:46:27",564
"2018-11-10 03:46:27",564
"2018-11-10 04:46:28",564
"2018-11-10 05:46:26",564
"2018-11-10 06:46:27",564
"2018-11-10 07:46:26",564
"2018-11-10 08:46:27",564
"2018-11-10 09:46:27",564
"2018-11-10 10:46:25",564
"2018-11-10 11:46:27",564
"2018-11-10 12:46:26",564
"2018-11-10 13:46:26",564
"2018-11-10 14:46:27",564
"2018-11-10 15:46:32",564
"2018-11-10 16:46:28",564
"2018-11-10 17:46:28",564
"2018-11-10 18:46:31",564
"2018-11-10 19:46:30",564
"2018-11-10 20:46:28",564
"2018-11-10 21:46:28",564
"2018-11-10 22:46:29",564
"2018-11-10 23:46:28",564
"2018-11-11 00:46:29",564
"2018-11-11 01:46:28",564
"2018-11-11 02:46:26",564
"2018-11-11 03:46:29",564
"2018-11-11 04:46:27",564
"2018-11-11 05:46:29",564
"2018-11-11 06:46:26",564
"2018-11-11 07:46:29",564
"2018-11-11 08:46:27",564
"2018-11-11 09:46:29",564
"2018-11-11 10:46:28",564
"2018-11-11 11:46:27",564
"2018-11-11 12:46:28",564
"2018-11-11 13:46:27",564
"2018-11-11 14:46:29",564
"2018-11-11 15:46:29",564
"2018-11-11 16:46:27",564
"2018-11-11 17:46:28",564
"2018-11-11 18:46:27",564
"2018-11-11 19:46:26",564
"2018-11-11 20:46:28",564
"2018-11-11 21:46:26",564
"2018-11-11 22:46:28",564
"2018-11-11 23:46:26",564
"2018-11-12 00:46:30",564
"2018-11-12 01:46:25",564
"2018-11-12 02:46:28",564
"2018-11-12 03:46:29",564
"2018-11-12 04:46:28",564
"2018-11-12 05:46:29",564
"2018-11-12 06:46:29",564
"2018-11-12 07:46:27",564
"2018-11-12 08:46:28",564
"2018-11-12 09:46:27",564
"2018-11-12 10:46:28",564
"2018-11-12 11:46:29",564
"2018-11-12 12:46:26",564
"2018-11-12 13:46:27",564
"2018-11-12 14:46:32",564
"2018-11-12 15:46:29",565
"2018-11-12 16:46:30",566
"2018-11-12 17:46:26",569
"2018-11-12 18:46:27",570
"2018-11-12 19:46:30",569
"2018-11-12 20:46:29",570
"2018-11-12 21:46:27",570
"2018-11-12 22:47:12",570
"2018-11-12 23:46:27",570
"2018-11-13 00:46:30",570
"2018-11-13 01:46:27",570
"2018-11-13 02:46:29",570
"2018-11-13 03:46:28",570
"2018-11-13 04:46:28",570
"2018-11-13 05:46:27",570
"2018-11-13 06:46:27",570
"2018-11-13 07:46:29",570
"2018-11-13 08:46:31",570
"2018-11-13 09:46:29",570
"2018-11-13 10:46:29",570
"2018-11-13 11:46:28",570
"2018-11-13 12:46:27",570
"2018-11-13 13:46:27",570
"2018-11-13 14:46:33",570
"2018-11-13 15:46:29",567
"2018-11-13 16:46:29",568
"2018-11-13 17:46:29",567
"2018-11-13 18:46:26",568
"2018-11-13 19:46:27",568
"2018-11-13 20:46:27",567
"2018-11-13 21:46:27",565
"2018-11-13 22:46:27",565
"2018-11-13 23:46:28",565
"2018-11-14 00:46:27",565
"2018-11-14 01:46:27",565
"2018-11-14 02:46:26",565
"2018-11-14 03:46:27",565
"2018-11-14 04:46:27",565
"2018-11-14 05:46:28",565
"2018-11-14 06:46:28",565
"2018-11-14 07:46:27",565
"2018-11-14 08:46:27",565
"2018-11-14 09:46:28",565
"2018-11-14 10:46:27",565
"2018-11-14 11:46:30",565
"2018-11-14 12:46:27",565
"2018-11-14 13:46:27",565
"2018-11-14 14:46:32",565
"2018-11-14 15:46:31",563
"2018-11-14 16:46:32",562
"2018-11-14 17:46:30",562
"2018-11-14 18:46:34",562
"2018-11-14 19:46:30",562
"2018-11-14 20:46:30",560
"2018-11-14 21:46:32",561
"2018-11-14 22:46:31",561
"2018-11-14 23:46:29",561
"2018-11-15 00:46:28",561
"2018-11-15 01:46:28",561
"2018-11-15 02:46:28",561
"2018-11-15 03:46:27",561
"2018-11-15 04:46:28",561
"2018-11-15 05:46:28",561
"2018-11-15 06:46:27",561
"2018-11-15 07:46:26",561
"2018-11-15 08:46:27",561
"2018-11-15 09:46:27",561
"2018-11-15 10:46:28",561
"2018-11-15 11:46:27",561
"2018-11-15 12:46:27",561
"2018-11-15 13:46:28",561
"2018-11-15 14:46:33",561
"2018-11-15 15:46:31",565
"2018-11-15 16:46:28",564
"2018-11-15 17:46:34",564
"2018-11-15 18:46:28",564
"2018-11-15 19:46:27",566
"2018-11-15 20:46:32",565
"2018-11-15 21:46:35",566
"2018-11-15 22:46:31",566
"2018-11-15 23:46:28",566
"2018-11-16 00:46:27",566
"2018-11-16 01:46:27",566
"2018-11-16 02:46:27",566
"2018-11-16 03:46:27",566
"2018-11-16 04:46:27",566
"2018-11-16 05:46:27",566
"2018-11-16 06:46:28",566
"2018-11-16 07:46:28",566
"2018-11-16 08:46:27",566
"2018-11-16 09:46:28",566
"2018-11-16 10:46:27",566
"2018-11-16 11:46:26",566
"2018-11-16 12:46:26",566
"2018-11-16 13:46:27",566
"2018-11-16 14:46:33",566
"2018-11-16 15:46:29",562
"2018-11-16 16:46:28",563
"2018-11-16 17:46:27",563
"2018-11-16 18:46:26",563
"2018-11-16 19:46:26",564
"2018-11-16 20:46:40",565
"2018-11-16 21:46:29",566
"2018-11-16 22:46:30",566
"2018-11-16 23:46:28",566
"2018-11-17 00:46:29",566
"2018-11-17 01:46:27",566
"2018-11-17 02:46:25",566
"2018-11-17 03:46:30",566
"2018-11-17 04:46:26",566
"2018-11-17 05:46:28",566
"2018-11-17 06:46:28",566
"2018-11-17 07:46:25",566
"2018-11-17 08:46:26",566
"2018-11-17 09:46:26",566
"2018-11-17 10:46:27",566
"2018-11-17 11:46:26",566
"2018-11-17 12:46:27",566
"2018-11-17 13:46:27",566
"2018-11-17 14:46:30",566
"2018-11-17 15:46:28",566
"2018-11-17 16:46:25",566
"2018-11-17 17:46:30",566
"2018-11-17 18:46:26",566
"2018-11-17 19:46:27",566
"2018-11-17 20:46:26",566
"2018-11-17 21:46:26",566
"2018-11-17 22:46:26",566
"2018-11-17 23:46:26",566
"2018-11-18 00:46:26",566
"2018-11-18 01:46:26",566
"2018-11-18 02:46:26",566
"2018-11-18 03:46:28",566
"2018-11-18 04:46:26",566
"2018-11-18 05:46:25",566
"2018-11-18 06:46:27",566
"2018-11-18 07:46:26",566
"2018-11-18 08:46:25",566
"2018-11-18 09:46:26",566
"2018-11-18 10:46:25",566
"2018-11-18 11:46:26",566
"2018-11-18 12:46:25",566
"2018-11-18 13:46:25",566
"2018-11-18 14:46:26",566
"2018-11-18 15:46:27",566
"2018-11-18 16:46:26",566
"2018-11-18 17:46:26",566
"2018-11-18 18:46:26",566
"2018-11-18 19:46:26",566
"2018-11-18 20:46:26",566
"2018-11-18 21:46:26",566
"2018-11-18 22:46:26",566
"2018-11-18 23:46:27",566
"2018-11-19 00:46:26",566
"2018-11-19 01:46:26",566
"2018-11-19 02:46:26",566
"2018-11-19 03:46:26",566
"2018-11-19 04:46:26",566
"2018-11-19 05:46:26",566
"2018-11-19 06:46:26",566
"2018-11-19 07:46:26",566
"2018-11-19 08:46:26",566
"2018-11-19 09:46:26",566
"2018-11-19 10:46:28",566
"2018-11-19 12:46:27",566
"2018-11-19 13:46:26",566
"2018-11-19 14:46:31",566
"2018-11-19 15:46:26",571
"2018-11-19 16:46:32",571
"2018-11-19 17:46:31",571
"2018-11-19 18:46:30",569
"2018-11-19 19:46:28",569
"2018-11-19 20:46:29",568
"2018-11-19 21:46:28",566
"2018-11-19 22:46:29",567
"2018-11-19 23:46:29",567
"2018-11-20 00:46:28",567
"2018-11-20 01:46:28",567
"2018-11-20 02:46:29",567
"2018-11-20 03:46:28",567
"2018-11-20 04:46:26",567
"2018-11-20 05:46:26",567
"2018-11-20 06:46:27",567
"2018-11-20 07:46:26",567
"2018-11-20 08:46:27",567
"2018-11-20 09:46:27",567
"2018-11-20 10:46:26",567
"2018-11-20 11:46:26",567
"2018-11-20 12:46:27",567
"2018-11-20 13:46:29",567
"2018-11-20 14:46:33",567
"2018-11-20 15:46:35",566
"2018-11-20 16:46:27",566
"2018-11-20 17:46:27",566
"2018-11-20 18:46:34",564
"2018-11-20 19:46:29",564
"2018-11-20 20:46:30",564
"2018-11-20 21:46:35",566
"2018-11-20 22:46:28",566
"2018-11-20 23:46:27",566
"2018-11-21 00:46:25",566
"2018-11-21 01:46:26",566
"2018-11-21 02:46:26",566
"2018-11-21 03:46:27",566
"2018-11-21 04:46:27",566
"2018-11-21 05:46:30",566
"2018-11-21 06:46:30",566
"2018-11-21 07:46:29",566
"2018-11-21 08:46:28",566
"2018-11-21 09:46:27",566
"2018-11-21 10:46:27",566
"2018-11-21 11:46:26",566
"2018-11-21 12:46:26",566
"2018-11-21 13:46:25",566
"2018-11-21 14:46:32",566
"2018-11-21 16:46:32",568
"2018-11-21 17:46:33",569
"2018-11-21 18:46:27",569
"2018-11-21 19:46:29",569
"2018-11-21 20:46:31",570
"2018-11-21 21:46:29",570
"2018-11-21 22:46:29",570
"2018-11-21 23:46:26",570
"2018-11-22 00:46:26",570
"2018-11-22 01:46:27",570
"2018-11-22 02:46:28",570
"2018-11-22 03:46:27",570
"2018-11-22 04:46:29",570
"2018-11-22 05:46:27",570
"2018-11-22 06:46:27",570
"2018-11-22 07:46:27",570
"2018-11-22 08:46:26",570
"2018-11-22 09:46:26",570
"2018-11-22 10:46:27",570
"2018-11-22 11:46:28",570
"2018-11-22 12:46:27",570
"2018-11-22 13:46:27",570
"2018-11-22 14:46:26",570
"2018-11-22 15:46:27",570
"2018-11-22 16:46:26",570
"2018-11-22 17:46:28",570
"2018-11-22 18:46:26",570
"2018-11-22 19:46:26",570
"2018-11-22 20:46:27",570
"2018-11-22 21:46:27",570
"2018-11-22 22:46:27",570
"2018-11-22 23:46:26",570
"2018-11-23 00:46:26",570
"2018-11-23 01:46:26",570
"2018-11-23 02:46:26",570
"2018-11-23 03:46:28",570
"2018-11-23 04:46:28",570
"2018-11-23 05:46:27",570
"2018-11-23 06:46:27",570
"2018-11-23 07:46:27",570
"2018-11-23 08:46:27",570
"2018-11-23 09:46:28",570
"2018-11-23 10:46:27",570
"2018-11-23 11:46:29",570
"2018-11-23 12:46:28",570
"2018-11-23 13:46:27",570
"2018-11-23 14:46:29",570
"2018-11-23 15:46:28",571
"2018-11-23 16:46:26",571
"2018-11-23 17:46:26",569
"2018-11-23 18:46:26",570
"2018-11-23 19:46:27",570
"2018-11-23 20:46:28",570
"2018-11-23 21:46:29",570
"2018-11-23 22:46:27",570
"2018-11-23 23:46:28",570
"2018-11-24 00:46:27",570
"2018-11-24 01:46:28",570
"2018-11-24 02:46:30",570
"2018-11-24 03:46:28",570
"2018-11-24 04:46:29",570
"2018-11-24 05:46:29",570
"2018-11-24 06:46:28",570
"2018-11-24 07:46:28",570
"2018-11-24 08:46:28",570
"2018-11-24 09:46:27",570
"2018-11-24 10:46:26",570
"2018-11-24 11:46:28",570
"2018-11-24 12:46:27",570
"2018-11-24 13:46:26",570
"2018-11-24 14:46:28",570
"2018-11-24 15:46:28",570
"2018-11-24 16:46:27",570
"2018-11-24 17:46:29",570
"2018-11-24 18:46:28",570
"2018-11-24 19:46:26",570
"2018-11-24 20:46:28",570
"2018-11-24 21:46:28",570
"2018-11-24 22:46:27",570
"2018-11-24 23:46:28",570
"2018-11-25 00:46:28",570
"2018-11-25 01:46:27",570
"2018-11-25 02:46:28",570
"2018-11-25 03:46:27",570
"2018-11-25 04:46:28",570
"2018-11-25 05:46:27",570
"2018-11-25 06:46:28",570
"2018-11-25 07:46:27",570
"2018-11-25 08:46:26",570
"2018-11-25 09:46:27",570
"2018-11-25 10:46:27",570
"2018-11-25 11:46:28",570
"2018-11-25 12:46:27",570
"2018-11-25 13:46:27",570
"2018-11-25 14:46:28",570
"2018-11-25 15:46:28",570
"2018-11-25 16:46:28",570
"2018-11-25 17:46:29",570
"2018-11-25 18:46:28",570
"2018-11-25 19:46:30",570
"2018-11-25 20:46:28",570
"2018-11-25 21:46:27",570
"2018-11-25 22:46:28",570
"2018-11-25 23:46:28",570
"2018-11-26 00:46:26",570
"2018-11-26 01:46:28",570
"2018-11-26 02:46:29",570
"2018-11-26 03:46:27",570
"2018-11-26 04:46:27",570
"2018-11-26 05:46:27",570
"2018-11-26 06:46:26",570
"2018-11-26 07:46:27",570
"2018-11-26 08:46:27",570
"2018-11-26 09:46:28",570
"2018-11-26 10:46:28",570
"2018-11-26 11:46:27",570
"2018-11-26 12:46:27",570
"2018-11-26 13:46:27",570
"2018-11-26 14:46:35",570
"2018-11-26 15:46:29",574
"2018-11-26 16:46:28",573
"2018-11-26 17:46:28",573
"2018-11-26 18:46:29",573
"2018-11-26 19:46:27",574
"2018-11-26 20:46:29",575
"2018-11-26 21:46:26",576
"2018-11-26 22:46:33",576
"2018-11-26 23:46:32",576
"2018-11-27 00:46:30",576
"2018-11-27 01:46:30",576
"2018-11-27 02:46:30",576
"2018-11-27 03:46:27",576
"2018-11-27 04:46:28",576
"2018-11-27 05:46:28",576
"2018-11-27 06:46:27",576
"2018-11-27 07:46:27",576
"2018-11-27 08:46:27",576
"2018-11-27 09:46:27",576
"2018-11-27 11:46:26",576
"2018-11-27 12:46:26",576
"2018-11-27 13:46:28",576
"2018-11-27 14:46:34",576
"2018-11-27 15:46:29",580
"2018-11-27 16:46:33",581
"2018-11-27 17:46:31",579
"2018-11-27 18:46:30",581
"2018-11-27 19:46:30",582
"2018-11-27 20:46:29",584
"2018-11-27 21:46:32",584
"2018-11-27 22:46:31",584
"2018-11-27 23:46:29",584
"2018-11-28 00:46:28",584
"2018-11-28 01:46:29",584
"2018-11-28 02:46:28",584
"2018-11-28 03:46:30",584
"2018-11-28 04:46:31",584
"2018-11-28 05:46:28",584
"2018-11-28 06:46:27",584
"2018-11-28 07:46:26",584
"2018-11-28 08:46:29",584
"2018-11-28 09:46:30",584
"2018-11-28 10:46:28",584
"2018-11-28 11:46:26",584
"2018-11-28 12:46:27",584
"2018-11-28 14:11:31",584
"2018-11-28 14:46:32",584
"2018-11-28 15:46:37",584
"2018-11-28 16:46:32",586
"2018-11-28 17:46:35",587
"2018-11-28 18:46:35",585
"2018-11-28 19:46:30",585
"2018-11-28 20:46:34",585
"2018-11-28 21:46:28",588
"2018-11-28 22:46:27",589
"2018-11-28 23:46:26",589
"2018-11-29 00:46:27",589
"2018-11-29 01:46:29",589
"2018-11-29 02:46:28",589
"2018-11-29 03:46:27",589
"2018-11-29 04:46:27",589
"2018-11-29 05:46:28",589
"2018-11-29 06:46:27",589
"2018-11-29 07:46:26",589
"2018-11-29 08:46:25",589
"2018-11-29 09:46:27",589
"2018-11-29 10:46:27",589
"2018-11-29 11:46:26",589
"2018-11-29 12:46:27",589
"2018-11-29 13:46:29",589
"2018-11-29 15:11:39",598
"2018-11-29 15:46:28",598
"2018-11-29 16:46:29",599
"2018-11-29 17:46:35",600
"2018-11-29 18:46:34",601
"2018-11-29 19:46:30",603
"2018-11-29 20:46:27",604
"2018-11-29 21:46:29",605
"2018-11-29 22:46:29",605
"2018-11-29 23:46:29",605
"2018-11-30 00:46:30",605
"2018-11-30 01:46:30",605
"2018-11-30 02:46:27",605
"2018-11-30 03:46:30",605
"2018-11-30 04:46:27",605
"2018-11-30 05:46:31",605
"2018-11-30 06:46:29",605
"2018-11-30 07:46:27",605
"2018-11-30 08:46:26",605
"2018-11-30 09:46:29",605
"2018-11-30 10:46:28",605
"2018-11-30 11:46:26",605
"2018-11-30 12:46:27",605
"2018-11-30 13:46:27",605
"2018-11-30 14:46:33",605
"2018-11-30 15:46:30",611
"2018-11-30 16:46:30",607
"2018-11-30 17:46:30",606
"2018-11-30 18:46:28",606
"2018-11-30 19:46:28",607
"2018-11-30 20:46:30",609
"2018-11-30 21:46:28",609
"2018-11-30 22:46:32",609
"2018-11-30 23:46:29",609
"2018-12-01 00:46:27",609
"2018-12-01 01:46:28",609
"2018-12-01 02:46:27",609
"2018-12-01 03:46:27",609
"2018-12-01 04:46:26",609
"2018-12-01 05:46:29",609
"2018-12-01 06:46:27",609
"2018-12-01 07:46:26",609
"2018-12-01 08:46:26",609
"2018-12-01 09:46:27",609
"2018-12-01 10:46:26",609
"2018-12-01 11:46:27",609
"2018-12-01 12:46:27",609
"2018-12-01 13:46:27",609
"2018-12-01 14:46:27",609
"2018-12-01 15:46:27",609
"2018-12-01 16:46:27",609
"2018-12-01 17:46:26",609
"2018-12-01 18:46:27",609
"2018-12-01 19:46:26",609
"2018-12-01 20:46:28",609
"2018-12-01 21:46:26",609
"2018-12-01 22:46:32",609
"2018-12-01 23:46:28",609
"2018-12-02 00:46:25",609
"2018-12-02 01:46:27",609
"2018-12-02 02:46:26",609
"2018-12-02 03:46:27",609
"2018-12-02 04:46:27",609
"2018-12-02 05:46:27",609
"2018-12-02 06:46:27",609
"2018-12-02 07:46:31",609
"2018-12-02 08:46:30",609
"2018-12-02 09:46:27",609
"2018-12-02 10:46:28",609
"2018-12-02 11:46:27",609
"2018-12-02 12:46:26",609
"2018-12-02 13:46:27",609
"2018-12-02 14:46:25",609
"2018-12-02 15:46:27",609
"2018-12-02 16:46:26",609
"2018-12-02 17:46:26",609
"2018-12-02 18:46:26",609
"2018-12-02 19:46:26",609
"2018-12-02 20:46:26",609
"2018-12-02 21:46:26",609
"2018-12-02 22:46:26",609
"2018-12-02 23:46:27",609
"2018-12-03 00:46:27",609
"2018-12-03 01:46:26",609
"2018-12-03 02:46:26",609
"2018-12-03 03:46:27",609
"2018-12-03 04:46:29",609
"2018-12-03 05:46:25",609
"2018-12-03 06:46:30",609
"2018-12-03 07:46:28",609
"2018-12-03 08:46:26",609
"2018-12-03 09:46:29",609
"2018-12-03 10:46:27",609
"2018-12-03 11:46:27",609
"2018-12-03 12:46:25",609
"2018-12-03 13:46:26",609
"2018-12-03 14:46:36",609
"2018-12-03 15:46:28",613
"2018-12-03 16:46:32",610
"2018-12-03 17:46:31",610
"2018-12-03 18:46:29",609
"2018-12-03 19:46:26",608
"2018-12-03 20:46:28",610
"2018-12-03 21:46:27",610
"2018-12-03 22:46:30",610
"2018-12-03 23:46:33",610
"2018-12-04 00:46:29",610
"2018-12-04 01:46:27",610
"2018-12-04 02:46:28",610
"2018-12-04 03:46:28",610
"2018-12-04 04:46:27",610
"2018-12-04 05:46:33",610
"2018-12-04 06:46:30",610
"2018-12-04 07:46:28",610
"2018-12-04 08:46:28",610
"2018-12-04 09:46:27",610
"2018-12-04 10:46:25",610
"2018-12-04 11:46:26",610
"2018-12-04 12:46:27",610
"2018-12-04 13:46:27",610
"2018-12-04 15:13:02",612
"2018-12-04 15:46:30",612
"2018-12-04 16:46:28",610
"2018-12-04 17:46:29",610
"2018-12-04 18:46:29",610
"2018-12-04 19:46:30",608
"2018-12-04 20:46:31",608
"2018-12-04 21:46:30",608
"2018-12-04 22:46:33",608
"2018-12-04 23:46:32",608
"2018-12-05 00:46:31",608
"2018-12-05 01:46:32",608
"2018-12-05 02:46:30",608
"2018-12-05 03:46:30",608
"2018-12-05 04:46:36",608
"2018-12-05 05:46:34",608
"2018-12-05 06:46:29",608
"2018-12-05 07:46:27",608
"2018-12-05 08:46:27",608
"2018-12-05 09:46:26",608
"2018-12-05 10:46:29",608
"2018-12-05 11:46:27",608
"2018-12-05 12:46:26",608
"2018-12-05 13:46:27",608
"2018-12-05 14:46:26",608
"2018-12-05 15:46:30",608
"2018-12-05 16:46:27",608
"2018-12-05 17:46:28",608
"2018-12-05 18:46:27",608
"2018-12-05 19:46:31",608
"2018-12-05 20:46:30",608
"2018-12-05 21:46:31",608
"2018-12-05 22:46:31",608
"2018-12-05 23:46:31",608
"2018-12-06 00:46:30",608
"2018-12-06 01:46:29",608
"2018-12-06 02:46:28",608
"2018-12-06 03:46:28",608
"2018-12-06 04:46:25",608
"2018-12-06 05:46:27",608
"2018-12-06 06:46:27",608
"2018-12-06 07:46:25",608
"2018-12-06 08:46:30",608
"2018-12-06 09:46:29",608
"2018-12-06 10:46:26",608
"2018-12-06 11:46:28",608
"2018-12-06 12:46:29",608
"2018-12-06 13:46:29",608
"2018-12-06 14:46:32",608
"2018-12-06 15:46:30",607
"2018-12-06 16:46:29",607
"2018-12-06 17:46:31",606
"2018-12-06 18:46:28",609
"2018-12-06 19:46:28",610
"2018-12-06 20:46:27",611
"2018-12-06 21:46:28",611
"2018-12-06 22:46:26",611
"2018-12-06 23:46:35",611
"2018-12-07 00:46:38",611
"2018-12-07 01:46:37",611
"2018-12-07 02:46:33",611
"2018-12-07 03:46:36",611
"2018-12-07 04:46:39",611
"2018-12-07 05:46:35",611
"2018-12-07 06:46:36",611
"2018-12-07 07:46:37",611
"2018-12-07 08:46:33",611
"2018-12-07 09:46:34",611
"2018-12-07 10:46:34",611
"2018-12-07 11:46:34",611
"2018-12-07 12:46:35",611
"2018-12-07 14:11:35",611
"2018-12-07 14:46:41",611
"2018-12-07 16:11:41",612
"2018-12-07 16:46:34",612
"2018-12-07 17:46:36",613
"2018-12-07 18:46:35",613
"2018-12-07 19:46:38",615
"2018-12-07 20:46:37",615
"2018-12-07 21:46:35",616
"2018-12-07 22:46:38",616
"2018-12-07 23:46:39",616
"2018-12-08 00:46:36",616
"2018-12-08 01:46:34",616
"2018-12-08 03:46:38",616
"2018-12-08 04:46:35",616
"2018-12-08 05:46:37",616
"2018-12-08 06:46:33",616
"2018-12-08 07:46:35",616
"2018-12-08 08:46:34",616
"2018-12-08 09:46:33",616
"2018-12-08 10:46:34",616
"2018-12-08 11:46:34",616
"2018-12-08 12:46:35",616
"2018-12-08 13:46:33",616
"2018-12-08 14:46:34",616
"2018-12-08 15:46:34",616
"2018-12-08 16:46:36",616
"2018-12-08 17:46:35",616
"2018-12-08 18:46:33",616
"2018-12-08 19:46:34",616
"2018-12-08 20:46:41",616
"2018-12-08 21:46:39",616
"2018-12-08 22:46:34",616
"2018-12-08 23:46:37",616
"2018-12-09 00:46:35",616
"2018-12-09 01:46:37",616
"2018-12-09 02:46:36",616
"2018-12-09 03:46:34",616
"2018-12-09 04:46:33",616
"2018-12-09 05:46:33",616
"2018-12-09 06:46:35",616
"2018-12-09 07:46:37",616
"2018-12-09 08:46:35",616
"2018-12-09 09:46:40",616
"2018-12-09 10:46:34",616
"2018-12-09 11:46:37",616
"2018-12-09 12:46:34",616
"2018-12-09 13:46:34",616
"2018-12-09 14:46:33",616
"2018-12-09 15:46:35",616
"2018-12-09 16:46:34",616
"2018-12-09 17:46:34",616
"2018-12-09 18:46:34",616
"2018-12-09 19:46:33",616
"2018-12-09 20:46:35",616
"2018-12-09 21:46:33",616
"2018-12-09 22:46:40",616
"2018-12-09 23:46:37",616
"2018-12-10 00:46:36",616
"2018-12-10 01:46:34",616
"2018-12-10 02:46:34",616
"2018-12-10 03:46:34",616
"2018-12-10 04:46:38",616
"2018-12-10 05:46:34",616
"2018-12-10 06:46:41",616
"2018-12-10 07:46:39",616
"2018-12-10 08:46:35",616
"2018-12-10 09:46:35",616
"2018-12-10 10:46:35",616
"2018-12-10 11:46:33",616
"2018-12-10 12:46:35",616
"2018-12-10 13:46:41",616
"2018-12-10 15:10:14",615
"2018-12-10 15:46:34",615
"2018-12-10 16:46:36",614
"2018-12-10 17:46:38",612
"2018-12-10 18:46:36",612
"2018-12-10 19:46:36",612
"2018-12-10 20:46:33",610
"2018-12-10 21:46:37",610
"2018-12-10 22:46:34",611
"2018-12-10 23:46:37",611
"2018-12-11 00:46:35",611
"2018-12-11 01:46:33",611
"2018-12-11 02:46:35",611
"2018-12-11 03:46:35",611
"2018-12-11 04:46:33",611
"2018-12-11 05:46:37",611
"2018-12-11 06:46:36",611
"2018-12-11 07:46:35",611
"2018-12-11 08:46:35",611
"2018-12-11 09:46:34",611
"2018-12-11 10:46:35",611
"2018-12-11 11:46:35",611
"2018-12-11 12:46:35",611
"2018-12-11 13:46:32",611
"2018-12-11 15:11:10",624
"2018-12-11 15:46:36",624
"2018-12-11 16:46:36",624
"2018-12-11 17:46:35",625
"2018-12-11 18:46:35",625
"2018-12-11 19:46:36",627
"2018-12-11 20:46:35",626
"2018-12-11 21:46:39",627
"2018-12-11 22:46:36",627
"2018-12-11 23:46:36",627
"2018-12-12 00:46:33",627
"2018-12-12 01:46:34",627
"2018-12-12 02:46:35",627
"2018-12-12 03:46:35",627
"2018-12-12 04:46:34",627
"2018-12-12 05:46:33",627
"2018-12-12 06:46:34",627
"2018-12-12 07:46:34",627
"2018-12-12 08:46:35",627
"2018-12-12 09:46:35",627
"2018-12-12 10:46:35",627
"2018-12-12 11:46:39",627
"2018-12-12 12:46:40",627
"2018-12-12 14:12:15",627
"2018-12-12 14:46:40",627
"2018-12-12 15:46:37",627
"2018-12-12 16:46:37",622
"2018-12-12 17:46:38",622
"2018-12-12 18:46:35",623
"2018-12-12 19:46:36",621
"2018-12-12 20:46:35",620
"2018-12-12 21:46:35",621
"2018-12-12 22:46:38",621
"2018-12-12 23:46:37",620
"2018-12-13 00:46:34",620
"2018-12-13 01:46:36",620
"2018-12-13 02:46:37",620
"2018-12-13 03:46:35",620
"2018-12-13 04:46:43",620
"2018-12-13 05:46:40",620
"2018-12-13 06:46:38",620
"2018-12-13 07:46:36",620
"2018-12-13 08:46:34",620
"2018-12-13 09:46:35",620
"2018-12-13 10:46:34",620
"2018-12-13 11:46:34",620
"2018-12-13 12:46:33",620
"2018-12-13 14:10:39",620
"2018-12-13 14:46:38",620
"2018-12-13 15:46:38",620
"2018-12-13 16:46:35",619
"2018-12-13 17:46:40",619
"2018-12-13 18:46:38",619
"2018-12-13 19:46:38",619
"2018-12-13 20:46:37",619
"2018-12-13 21:46:35",618
"2018-12-13 22:46:37",617
"2018-12-13 23:46:36",617
"2018-12-14 00:46:34",617
"2018-12-14 01:46:35",617
"2018-12-14 02:46:34",617
"2018-12-14 03:46:34",617
"2018-12-14 04:46:40",617
"2018-12-14 05:46:35",617
"2018-12-14 06:46:36",617
"2018-12-14 07:46:36",617
"2018-12-14 08:46:35",617
"2018-12-14 09:46:35",617
"2018-12-14 10:46:35",617
"2018-12-14 11:46:36",617
"2018-12-14 12:46:35",617
"2018-12-14 14:10:38",617
"2018-12-14 14:46:40",617
"2018-12-14 15:46:37",620
"2018-12-14 16:46:35",621
"2018-12-14 17:46:37",622
"2018-12-14 18:46:42",622
"2018-12-14 19:46:41",623
"2018-12-14 20:46:41",623
"2018-12-14 21:46:35",623
"2018-12-14 22:46:39",623
"2018-12-14 23:46:37",623
"2018-12-15 00:46:36",623
"2018-12-15 01:46:38",623
"2018-12-15 02:46:34",623
"2018-12-15 03:46:36",623
"2018-12-15 04:46:35",623
"2018-12-15 05:46:39",623
"2018-12-15 06:46:36",623
"2018-12-15 07:46:35",623
"2018-12-15 08:46:35",623
"2018-12-15 09:46:34",623
"2018-12-15 10:46:35",623
"2018-12-15 11:46:35",623
"2018-12-15 12:46:36",623
"2018-12-15 13:46:35",623
"2018-12-15 14:46:35",623
"2018-12-15 15:46:36",623
"2018-12-15 16:46:36",623
"2018-12-15 17:46:38",623
"2018-12-15 18:46:36",623
"2018-12-15 19:46:35",623
"2018-12-15 20:46:35",623
"2018-12-15 21:46:34",623
"2018-12-15 22:46:35",623
"2018-12-15 23:46:34",623
"2018-12-16 00:46:35",623
"2018-12-16 01:46:35",623
"2018-12-16 02:46:34",623
"2018-12-16 03:46:36",623
"2018-12-16 04:46:40",623
"2018-12-16 05:46:34",623
"2018-12-16 06:46:38",623
"2018-12-16 07:46:37",623
"2018-12-16 08:46:34",623
"2018-12-16 09:46:39",623
"2018-12-16 10:46:35",623
"2018-12-16 11:46:36",623
"2018-12-16 12:46:34",623
"2018-12-16 13:46:34",623
"2018-12-16 14:46:35",623
"2018-12-16 15:46:34",623
"2018-12-16 16:46:34",623
"2018-12-16 17:46:40",623
"2018-12-16 18:46:34",623
"2018-12-16 19:46:36",623
"2018-12-16 20:46:36",623
"2018-12-16 21:46:34",623
"2018-12-16 22:46:40",623
"2018-12-16 23:46:38",623
"2018-12-17 00:46:37",623
"2018-12-17 01:46:35",623
"2018-12-17 02:46:36",623
"2018-12-17 03:46:34",623
"2018-12-17 04:46:42",623
"2018-12-17 05:46:35",623
"2018-12-17 06:46:37",623
"2018-12-17 07:46:36",623
"2018-12-17 08:46:34",623
"2018-12-17 09:46:35",623
"2018-12-17 10:46:35",623
"2018-12-17 11:46:35",623
"2018-12-17 12:46:35",623
"2018-12-17 13:46:40",623
"2018-12-17 14:46:43",623
"2018-12-17 15:46:39",635
"2018-12-17 16:46:38",634
"2018-12-17 17:46:35",633
"2018-12-17 18:46:36",633
"2018-12-17 20:12:10",635
"2018-12-17 20:46:37",635
"2018-12-17 21:46:39",636
"2018-12-17 22:46:38",636
"2018-12-17 23:46:36",636
"2018-12-18 00:46:35",636
"2018-12-18 01:46:37",636
"2018-12-18 02:46:34",636
"2018-12-18 03:46:35",636
"2018-12-18 04:46:34",636
"2018-12-18 05:46:35",636
"2018-12-18 06:46:34",636
"2018-12-18 07:46:34",636
"2018-12-18 08:46:34",636
"2018-12-18 09:46:34",636
"2018-12-18 10:46:35",636
"2018-12-18 11:46:33",636
"2018-12-18 12:46:35",636
"2018-12-18 13:46:35",636
"2018-12-18 14:46:37",636
"2018-12-18 15:46:35",638
"2018-12-18 16:46:35",638
"2018-12-18 17:46:35",639
"2018-12-18 18:46:34",641
"2018-12-18 19:46:34",641
"2018-12-18 20:46:39",641
"2018-12-18 21:46:38",640
"2018-12-18 22:46:43",640
"2018-12-18 23:46:38",640
"2018-12-19 00:46:35",640
"2018-12-19 01:46:36",640
"2018-12-19 02:46:36",640
"2018-12-19 03:46:39",640
"2018-12-19 04:46:38",640
"2018-12-19 05:46:39",640
"2018-12-19 06:46:37",640
"2018-12-19 07:46:36",640
"2018-12-19 08:46:34",640
"2018-12-19 09:46:37",640
"2018-12-19 11:46:35",640
"2018-12-19 12:46:35",640
"2018-12-19 13:46:34",640
"2018-12-19 14:46:37",640
"2018-12-19 15:46:36",638
"2018-12-19 16:46:36",640
"2018-12-19 17:46:33",641
"2018-12-19 18:46:38",641
"2018-12-19 19:46:35",642
"2018-12-19 20:46:37",641
"2018-12-19 21:46:44",642
"2018-12-19 22:46:43",642
"2018-12-19 23:46:43",642
"2018-12-20 00:46:42",642
"2018-12-20 01:46:41",642
"2018-12-20 02:46:40",642
"2018-12-20 03:46:40",642
"2018-12-20 04:46:41",642
"2018-12-20 05:46:35",642
"2018-12-20 06:46:37",642
"2018-12-20 07:46:42",642
"2018-12-20 08:46:39",642
"2018-12-20 09:46:34",642
"2018-12-20 10:46:37",642
"2018-12-20 11:46:35",642
"2018-12-20 12:46:34",642
"2018-12-20 13:46:37",642
"2018-12-20 14:46:41",642
"2018-12-20 15:46:38",648
"2018-12-20 16:46:45",648
"2018-12-20 17:46:38",646
"2018-12-20 18:46:36",645
"2018-12-20 19:46:35",646
"2018-12-20 20:46:40",646
"2018-12-20 21:46:39",648
"2018-12-20 22:46:40",648
"2018-12-20 23:46:40",648
"2018-12-21 00:46:37",648
"2018-12-21 01:46:39",648
"2018-12-21 02:46:39",648
"2018-12-21 03:46:37",648
"2018-12-21 04:46:41",648
"2018-12-21 05:46:35",648
"2018-12-21 06:46:38",648
"2018-12-21 07:46:34",648
"2018-12-21 08:46:34",648
"2018-12-21 09:46:35",648
"2018-12-21 10:46:33",648
"2018-12-21 11:46:35",648
"2018-12-21 12:46:35",648
"2018-12-21 13:46:35",648
"2018-12-21 14:46:40",648
"2018-12-21 15:46:39",648
"2018-12-21 16:46:40",647
"2018-12-21 17:46:41",648
"2018-12-21 18:46:44",649
"2018-12-21 19:46:36",648
"2018-12-21 20:46:45",648
"2018-12-21 21:46:39",646
"2018-12-21 22:46:40",646
"2018-12-21 23:46:38",646
"2018-12-22 00:46:42",646
"2018-12-22 01:46:41",646
"2018-12-22 02:46:44",646
"2018-12-22 03:46:35",646
"2018-12-22 04:46:41",646
"2018-12-22 05:46:35",646
"2018-12-22 06:46:40",646
"2018-12-22 07:46:39",646
"2018-12-22 08:46:34",646
"2018-12-22 09:46:34",646
"2018-12-22 10:46:36",646
"2018-12-22 11:46:34",646
"2018-12-22 12:46:34",646
"2018-12-22 13:46:34",646
"2018-12-22 14:46:35",646
"2018-12-22 15:46:37",646
"2018-12-22 16:46:34",646
"2018-12-22 17:46:36",646
"2018-12-22 18:46:34",646
"2018-12-22 19:46:40",646
"2018-12-22 20:46:38",646
"2018-12-22 21:46:38",646
"2018-12-22 22:46:39",646
"2018-12-22 23:46:36",646
"2018-12-23 00:46:35",646
"2018-12-23 01:46:37",646
"2018-12-23 02:46:35",646
"2018-12-23 03:47:09",646
"2018-12-23 04:46:37",646
"2018-12-23 05:46:35",646
"2018-12-23 06:46:41",646
"2018-12-23 07:46:36",646
"2018-12-23 08:46:38",646
"2018-12-23 09:46:35",646
"2018-12-23 10:46:43",646
"2018-12-23 11:46:39",646
"2018-12-23 12:46:36",646
"2018-12-23 13:46:37",646
"2018-12-23 14:46:38",646
"2018-12-23 15:46:41",646
"2018-12-23 16:46:41",646
"2018-12-23 17:46:42",646
"2018-12-23 18:46:40",646
"2018-12-23 19:46:39",646
"2018-12-23 20:46:42",646
"2018-12-23 21:46:40",646
"2018-12-23 22:46:38",646
"2018-12-23 23:46:35",646
"2018-12-24 00:46:38",646
"2018-12-24 01:46:42",646
"2018-12-24 02:46:42",646
"2018-12-24 03:46:42",646
"2018-12-24 04:46:34",646
"2018-12-24 05:46:37",646
"2018-12-24 06:46:36",646
"2018-12-24 07:46:41",646
"2018-12-24 08:46:35",646
"2018-12-24 09:46:43",646
"2018-12-24 10:46:36",646
"2018-12-24 11:46:38",646
"2018-12-24 12:46:35",646
"2018-12-24 13:46:39",646
"2018-12-24 15:10:22",659
"2018-12-24 15:46:43",659
"2018-12-24 16:46:40",659
"2018-12-24 17:46:42",661
"2018-12-24 18:46:44",664
"2018-12-24 19:46:44",664
"2018-12-24 20:46:44",664
"2018-12-24 21:46:36",664
"2018-12-24 22:46:37",664
"2018-12-24 23:46:35",664
"2018-12-25 00:46:38",664
"2018-12-25 01:46:35",664
"2018-12-25 02:46:42",664
"2018-12-25 03:46:40",664
"2018-12-25 04:46:37",664
"2018-12-25 05:46:38",664
"2018-12-25 06:46:41",664
"2018-12-25 07:46:37",664
"2018-12-25 08:46:38",664
"2018-12-25 09:46:35",664
"2018-12-25 10:46:35",664
"2018-12-25 11:46:35",664
"2018-12-25 12:46:36",664
"2018-12-25 13:46:36",664
"2018-12-25 14:46:36",664
"2018-12-25 15:46:36",664
"2018-12-25 16:46:35",664
"2018-12-25 17:46:40",664
"2018-12-25 18:46:37",664
"2018-12-25 19:46:37",664
"2018-12-25 20:46:37",664
"2018-12-25 21:46:36",664
"2018-12-25 22:46:37",664
"2018-12-25 23:46:37",664
"2018-12-26 00:46:38",664
"2018-12-26 01:46:36",664
"2018-12-26 02:46:37",664
"2018-12-26 03:46:36",664
"2018-12-26 04:46:36",664
"2018-12-26 05:46:35",664
"2018-12-26 06:46:42",664
"2018-12-26 07:46:40",664
"2018-12-26 08:46:40",664
"2018-12-26 09:46:35",664
"2018-12-26 10:46:38",664
"2018-12-26 11:46:35",664
"2018-12-26 12:46:36",664
"2018-12-26 13:46:45",664
"2018-12-26 15:11:50",667
"2018-12-26 15:46:40",667
"2018-12-26 16:46:39",668
"2018-12-26 17:46:41",668
"2018-12-26 18:46:38",667
"2018-12-26 19:46:40",669
"2018-12-26 20:46:44",671
"2018-12-26 21:46:41",672
"2018-12-26 22:46:43",672
"2018-12-26 23:46:41",672
"2018-12-27 00:46:42",672
"2018-12-27 01:46:42",672
"2018-12-27 02:46:42",672
"2018-12-27 03:46:43",672
"2018-12-27 04:46:37",672
"2018-12-27 05:46:40",672
"2018-12-27 06:46:38",672
"2018-12-27 07:46:40",672
"2018-12-27 08:46:36",672
"2018-12-27 09:46:38",672
"2018-12-27 10:46:39",672
"2018-12-27 11:46:36",672
"2018-12-27 12:46:36",672
"2018-12-27 13:46:35",672
"2018-12-27 14:46:40",672
"2018-12-27 15:46:36",674
"2018-12-27 16:46:36",676
"2018-12-27 17:46:42",676
"2018-12-27 18:46:45",677
"2018-12-27 19:46:42",677
"2018-12-27 20:46:40",676
"2018-12-27 21:46:40",675
"2018-12-27 22:46:49",676
"2018-12-27 23:46:51",676
"2018-12-28 00:46:49",676
"2018-12-28 01:46:44",676
"2018-12-28 02:46:45",676
"2018-12-28 03:46:39",676
"2018-12-28 04:46:41",676
"2018-12-28 05:46:37",676
"2018-12-28 06:46:50",676
"2018-12-28 07:46:48",676
"2018-12-28 08:46:44",676
"2018-12-28 09:46:43",676
"2018-12-28 10:46:38",676
"2018-12-28 11:46:39",676
"2018-12-28 12:46:36",676
"2018-12-28 13:46:37",676
"2018-12-28 14:46:40",676
"2018-12-28 16:12:15",679
"2018-12-28 16:46:39",679
"2018-12-28 17:46:46",676
"2018-12-28 18:46:42",677
"2018-12-28 19:46:38",678
"2018-12-28 20:46:42",681
"2018-12-28 21:46:45",681
"2018-12-28 22:46:37",682
"2018-12-28 23:46:40",682
"2018-12-29 00:46:39",682
"2018-12-29 01:46:36",682
"2018-12-29 02:46:38",682
"2018-12-29 03:46:36",682
"2018-12-29 04:46:37",682
"2018-12-29 05:46:38",682
"2018-12-29 06:46:35",682
"2018-12-29 07:46:48",682
"2018-12-29 08:46:45",682
"2018-12-29 09:46:40",682
"2018-12-29 10:46:39",682
"2018-12-29 11:46:38",682
"2018-12-29 12:46:36",682
"2018-12-29 13:46:38",682
"2018-12-29 14:46:35",682
"2018-12-29 15:46:36",682
"2018-12-29 16:46:40",682
"2018-12-29 17:46:36",682
"2018-12-29 18:46:43",682
"2018-12-29 19:46:44",682
"2018-12-29 20:46:37",682
"2018-12-29 21:46:44",682
"2018-12-29 22:46:38",682
"2018-12-29 23:46:45",682
"2018-12-30 00:46:37",682
"2018-12-30 01:46:40",682
"2018-12-30 02:46:35",682
"2018-12-30 03:46:38",682
"2018-12-30 04:46:36",682
"2018-12-30 05:46:36",682
"2018-12-30 06:46:35",682
"2018-12-30 07:46:35",682
"2018-12-30 08:46:35",682
"2018-12-30 09:46:35",682
"2018-12-30 10:46:34",682
"2018-12-30 11:46:36",682
"2018-12-30 12:46:36",682
"2018-12-30 13:46:36",682
"2018-12-30 14:46:35",682
"2018-12-30 15:46:35",682
"2018-12-30 16:46:35",682
"2018-12-30 17:46:37",682
"2018-12-30 18:46:35",682
"2018-12-30 19:46:36",682
"2018-12-30 20:46:36",682
"2018-12-30 21:46:37",682
"2018-12-30 22:46:40",682
"2018-12-30 23:46:38",682
"2018-12-31 00:46:38",682
"2018-12-31 01:46:35",682
"2018-12-31 02:46:34",682
"2018-12-31 03:46:41",682
"2018-12-31 04:46:39",682
"2018-12-31 05:46:40",682
"2018-12-31 06:46:37",682
"2018-12-31 07:46:37",682
"2018-12-31 08:46:36",682
"2018-12-31 09:46:40",682
"2018-12-31 10:46:39",682
"2018-12-31 11:46:36",682
"2018-12-31 12:46:35",682
"2018-12-31 13:46:35",682
"2018-12-31 14:46:48",682
"2018-12-31 15:46:36",689
"2018-12-31 16:46:37",693
"2018-12-31 17:46:39",696
"2018-12-31 18:46:38",696
"2018-12-31 19:46:39",695
"2018-12-31 20:46:39",695
"2018-12-31 21:46:38",695
"2018-12-31 22:46:38",695
"2018-12-31 23:46:35",695
"2019-01-01 00:46:36",695
"2019-01-01 01:46:40",695
"2019-01-01 02:46:37",695
"2019-01-01 03:46:36",695
"2019-01-01 04:46:37",695
"2019-01-01 05:46:36",695
"2019-01-01 06:46:36",695
"2019-01-01 07:46:35",695
"2019-01-01 08:46:36",695
"2019-01-01 09:46:34",695
"2019-01-01 10:46:35",695
"2019-01-01 11:46:35",695
"2019-01-01 12:46:35",695
"2019-01-01 13:46:35",695
"2019-01-01 14:46:36",695
"2019-01-01 15:46:36",695
"2019-01-01 16:46:35",695
"2019-01-01 17:46:37",695
"2019-01-01 18:46:34",695
"2019-01-01 19:46:35",695
"2019-01-01 20:46:34",695
"2019-01-01 21:46:37",695
"2019-01-01 22:46:40",695
"2019-01-01 23:46:36",695
"2019-01-02 00:46:37",695
"2019-01-02 01:46:35",695
"2019-01-02 02:46:38",695
"2019-01-02 03:46:36",695
"2019-01-02 04:46:36",695
"2019-01-02 05:46:40",695
"2019-01-02 06:46:36",695
"2019-01-02 07:46:37",695
"2019-01-02 08:46:36",695
"2019-01-02 09:46:36",695
"2019-01-02 10:46:40",695
"2019-01-02 11:46:35",695
"2019-01-02 12:46:34",695
"2019-01-02 13:46:34",695
"2019-01-02 15:11:46",700
"2019-01-02 15:46:40",700
"2019-01-02 16:46:35",697
"2019-01-02 17:46:35",699
"2019-01-02 18:46:39",700
"2019-01-02 19:46:41",700
"2019-01-02 20:46:38",701
"2019-01-02 21:46:36",702
"2019-01-02 22:46:37",702
"2019-01-02 23:46:43",701
"2019-01-03 00:46:38",701
"2019-01-03 01:46:35",701
"2019-01-03 02:46:37",701
"2019-01-03 03:46:35",701
"2019-01-03 05:46:40",701
"2019-01-03 06:46:36",701
"2019-01-03 07:46:38",701
"2019-01-03 08:46:36",701
"2019-01-03 09:46:36",701
"2019-01-03 10:46:36",701
"2019-01-03 11:46:36",701
"2019-01-03 12:46:36",701
"2019-01-03 13:46:34",701
"2019-01-03 14:46:43",701
"2019-01-03 15:46:43",709
"2019-01-03 16:46:43",714
"2019-01-03 17:46:45",712
"2019-01-03 18:46:39",713
"2019-01-03 19:46:41",713
"2019-01-03 20:46:37",716
"2019-01-03 21:46:41",716
"2019-01-03 22:46:44",716
"2019-01-03 23:46:36",716
"2019-01-04 00:46:40",716
"2019-01-04 01:46:38",716
"2019-01-04 02:46:44",716
"2019-01-04 03:46:37",716
"2019-01-04 04:46:37",716
"2019-01-04 05:46:41",716
"2019-01-04 06:46:43",716
"2019-01-04 07:46:36",716
"2019-01-04 08:46:40",716
"2019-01-04 09:46:40",716
"2019-01-04 10:46:36",716
"2019-01-04 11:46:37",716
"2019-01-04 12:46:36",716
"2019-01-04 13:46:36",716
"2019-01-04 15:11:32",713
"2019-01-04 15:46:42",713
"2019-01-04 16:46:39",712
"2019-01-04 17:46:38",715
"2019-01-04 18:46:41",711
"2019-01-04 19:46:43",711
"2019-01-04 20:46:40",715
"2019-01-04 21:46:40",717
"2019-01-04 22:46:35",717
"2019-01-04 23:46:38",717
"2019-01-05 00:46:42",717
"2019-01-05 01:46:37",717
"2019-01-05 02:46:39",717
"2019-01-05 03:46:36",717
"2019-01-05 04:46:37",717
"2019-01-05 05:46:36",717
"2019-01-05 06:46:35",717
"2019-01-05 07:46:36",717
"2019-01-05 08:46:42",717
"2019-01-05 09:46:39",717
"2019-01-05 10:46:36",717
"2019-01-05 11:46:35",717
"2019-01-05 12:46:35",717
"2019-01-05 13:46:36",717
"2019-01-05 14:46:35",717
"2019-01-05 15:46:36",717
"2019-01-05 16:46:35",717
"2019-01-05 17:46:36",717
"2019-01-05 18:46:36",717
"2019-01-05 19:46:44",717
"2019-01-05 20:46:39",717
"2019-01-05 21:46:38",717
"2019-01-05 22:46:36",717
"2019-01-05 23:46:35",717
"2019-01-06 00:46:37",717
"2019-01-06 01:46:35",717
"2019-01-06 02:46:36",717
"2019-01-06 03:46:36",717
"2019-01-06 04:46:36",717
"2019-01-06 05:46:36",717
"2019-01-06 06:46:34",717
"2019-01-06 07:46:37",717
"2019-01-06 08:46:34",717
"2019-01-06 09:46:34",717
"2019-01-06 10:46:34",717
"2019-01-06 11:46:35",717
"2019-01-06 12:46:36",717
"2019-01-06 13:46:35",717
"2019-01-06 14:46:35",717
"2019-01-06 15:46:36",717
"2019-01-06 16:46:35",717
"2019-01-06 17:46:36",717
"2019-01-06 18:46:35",717
"2019-01-06 19:46:35",717
"2019-01-06 20:46:35",717
"2019-01-06 21:46:35",717
"2019-01-06 22:46:35",717
"2019-01-06 23:46:36",717
"2019-01-07 00:46:35",717
"2019-01-07 01:46:35",717
"2019-01-07 02:46:38",717
"2019-01-07 03:46:37",717
"2019-01-07 04:46:36",717
"2019-01-07 05:46:35",717
"2019-01-07 06:46:36",717
"2019-01-07 07:46:35",717
"2019-01-07 08:46:35",717
"2019-01-07 09:46:37",717
"2019-01-07 10:46:40",717
"2019-01-07 11:46:37",717
"2019-01-07 12:46:38",717
"2019-01-07 14:12:08",717
"2019-01-07 14:46:39",717
"2019-01-07 15:46:42",717
"2019-01-07 16:46:43",718
"2019-01-07 17:46:42",716
"2019-01-07 18:46:40",721
"2019-01-07 19:46:36",721
"2019-01-07 20:46:42",722
"2019-01-07 21:46:39",723
"2019-01-07 22:46:37",723
"2019-01-07 23:46:43",723
"2019-01-08 00:46:34",723
"2019-01-08 01:46:37",723
"2019-01-08 02:46:41",723
"2019-01-08 03:46:39",723
"2019-01-08 04:46:37",723
"2019-01-08 05:46:38",723
"2019-01-08 06:46:36",723
"2019-01-08 07:46:36",723
"2019-01-08 08:46:37",723
"2019-01-08 09:46:36",723
"2019-01-08 10:46:38",723
"2019-01-08 11:46:39",723
"2019-01-08 12:46:38",723
"2019-01-08 13:46:40",723
"2019-01-08 14:46:43",723
"2019-01-08 15:46:43",736
"2019-01-08 16:46:39",738
"2019-01-08 17:46:38",736
"2019-01-08 18:46:38",736
"2019-01-08 19:46:37",734
"2019-01-08 20:46:36",733
"2019-01-08 21:46:40",736
"2019-01-08 22:46:37",736
"2019-01-08 23:46:41",736
"2019-01-09 00:46:42",736
"2019-01-09 01:46:38",736
"2019-01-09 02:47:32",736
"2019-01-09 04:46:42",736
"2019-01-09 05:46:42",736
"2019-01-09 06:46:38",736
"2019-01-09 07:46:48",736
"2019-01-09 08:46:47",736
"2019-01-09 09:46:39",736
"2019-01-09 10:46:39",736
"2019-01-09 11:46:37",736
"2019-01-09 12:46:36",736
"2019-01-09 14:12:10",736
"2019-01-09 14:46:45",736
"2019-01-09 15:46:41",737
"2019-01-09 16:46:44",736
"2019-01-09 17:46:41",737
"2019-01-09 18:46:40",738
"2019-01-09 19:46:41",742
"2019-01-09 20:46:48",741
"2019-01-09 21:46:40",740
"2019-01-09 22:46:39",739
"2019-01-09 23:46:38",739
"2019-01-10 00:46:35",739
"2019-01-10 01:46:36",739
"2019-01-10 02:46:37",739
"2019-01-10 03:46:35",739
"2019-01-10 04:46:35",739
"2019-01-10 05:46:37",739
"2019-01-10 06:46:35",739
"2019-01-10 07:46:38",739
"2019-01-10 08:46:36",739
"2019-01-10 09:46:36",739
"2019-01-10 10:46:35",739
"2019-01-10 11:46:35",739
"2019-01-10 12:46:35",739
"2019-01-10 13:46:38",739
"2019-01-10 15:11:17",745
"2019-01-10 15:46:42",745
"2019-01-10 16:46:40",737
"2019-01-10 17:46:40",740
"2019-01-10 18:46:37",742
"2019-01-10 19:46:37",743
"2019-01-10 20:46:43",747
"2019-01-10 21:46:40",748
"2019-01-10 22:46:37",747
"2019-01-10 23:46:39",747
"2019-01-11 00:46:39",747
"2019-01-11 01:46:37",747
"2019-01-11 02:46:39",747
"2019-01-11 03:46:38",747
"2019-01-11 04:46:39",747
"2019-01-11 05:46:39",747
"2019-01-11 06:46:36",747
"2019-01-11 07:46:44",747
"2019-01-11 08:46:38",747
"2019-01-11 09:46:39",747
"2019-01-11 10:46:37",747
"2019-01-11 11:46:37",747
"2019-01-11 12:46:38",747
"2019-01-11 13:46:37",747
"2019-01-11 14:46:44",747
"2019-01-11 15:46:42",767
"2019-01-11 16:46:37",764
"2019-01-11 17:46:39",772
"2019-01-11 18:46:37",778
"2019-01-11 19:46:43",784
"2019-01-11 20:46:41",785
"2019-01-11 21:46:35",788
"2019-01-11 22:46:38",788
"2019-01-11 23:46:36",788
"2019-01-12 00:46:38",788
"2019-01-12 01:46:40",788
"2019-01-12 02:46:36",788
"2019-01-12 03:46:38",788
"2019-01-12 04:46:34",788
"2019-01-12 05:46:34",788
"2019-01-12 06:46:37",788
"2019-01-12 07:46:33",788
"2019-01-12 08:46:35",788
"2019-01-12 09:46:37",788
"2019-01-12 10:46:36",788
"2019-01-12 11:46:35",788
"2019-01-12 12:46:34",788
"2019-01-12 13:46:34",788
"2019-01-12 14:46:35",788
"2019-01-12 15:46:35",788
"2019-01-12 16:46:39",788
"2019-01-12 17:46:37",788
"2019-01-12 18:46:34",788
"2019-01-12 19:46:40",788
"2019-01-12 20:46:37",788
"2019-01-12 21:46:35",788
"2019-01-12 22:46:36",788
"2019-01-12 23:46:44",788
"2019-01-13 00:46:36",788
"2019-01-13 01:46:35",788
"2019-01-13 02:46:36",788
"2019-01-13 03:46:35",788
"2019-01-13 04:46:38",788
"2019-01-13 05:46:36",788
"2019-01-13 06:46:36",788
"2019-01-13 07:46:36",788
"2019-01-13 08:46:35",788
"2019-01-13 09:46:37",788
"2019-01-13 10:46:47",788
"2019-01-13 11:46:40",788
"2019-01-13 12:46:35",788
"2019-01-13 13:46:36",788
"2019-01-13 14:46:35",788
"2019-01-13 15:46:36",788
"2019-01-13 16:46:35",788
"2019-01-13 17:46:36",788
"2019-01-13 18:46:36",788
"2019-01-13 19:46:36",788
"2019-01-13 20:46:39",788
"2019-01-13 21:46:36",788
"2019-01-13 22:46:38",788
"2019-01-13 23:46:36",788
"2019-01-14 00:46:36",788
"2019-01-14 01:46:38",788
"2019-01-14 02:46:36",788
"2019-01-14 03:46:35",788
"2019-01-14 04:46:37",788
"2019-01-14 05:46:37",788
"2019-01-14 06:46:35",788
"2019-01-14 07:46:34",788
"2019-01-14 08:46:35",788
"2019-01-14 09:46:36",788
"2019-01-14 10:46:37",788
"2019-01-14 11:46:36",788
"2019-01-14 12:46:35",788
"2019-01-14 13:46:37",788
"2019-01-14 14:46:38",788
"2019-01-14 15:46:42",818
"2019-01-14 16:46:38",818
"2019-01-14 17:46:37",813
"2019-01-14 18:46:38",810
"2019-01-14 19:46:41",807
"2019-01-14 20:46:35",810
"2019-01-14 21:46:36",807
"2019-01-14 22:46:36",807
"2019-01-14 23:46:35",807
"2019-01-15 00:46:36",807
"2019-01-15 01:46:35",807
"2019-01-15 02:46:36",807
"2019-01-15 03:46:36",807
"2019-01-15 04:46:42",807
"2019-01-15 05:46:35",807
"2019-01-15 06:46:35",807
"2019-01-15 07:46:35",807
"2019-01-15 08:46:35",807
"2019-01-15 09:46:34",807
"2019-01-15 10:46:35",807
"2019-01-15 11:46:35",807
"2019-01-15 12:46:35",807
"2019-01-15 13:46:34",807
"2019-01-15 14:46:43",807
"2019-01-15 15:46:40",808
"2019-01-15 16:46:41",811
"2019-01-15 17:46:36",811
"2019-01-15 18:46:36",808
"2019-01-15 19:46:36",807
"2019-01-15 20:46:38",806
"2019-01-15 21:46:38",802
"2019-01-15 22:46:38",802
"2019-01-15 23:46:40",803
"2019-01-16 00:46:36",803
"2019-01-16 01:46:48",803
"2019-01-16 02:46:36",803
"2019-01-16 03:46:34",803
"2019-01-16 04:46:35",803
"2019-01-16 05:46:34",803
"2019-01-16 06:46:35",803
"2019-01-16 07:46:35",803
"2019-01-16 08:46:33",803
"2019-01-16 09:46:35",803
"2019-01-16 10:46:34",803
"2019-01-16 11:46:33",803
"2019-01-16 12:46:33",803
"2019-01-16 14:13:09",803
"2019-01-16 15:12:10",813
"2019-01-16 15:46:37",813
"2019-01-16 16:46:36",815
"2019-01-16 17:46:35",819
"2019-01-16 18:46:42",826
"2019-01-16 19:46:38",828
"2019-01-16 20:46:35",826
"2019-01-16 21:46:36",825
"2019-01-16 22:46:34",825
"2019-01-16 23:46:33",825
"2019-01-17 00:46:35",825
"2019-01-17 01:46:36",825
"2019-01-17 02:46:40",825
"2019-01-17 03:46:36",825
"2019-01-17 04:46:37",825
"2019-01-17 05:46:35",825
"2019-01-17 06:46:35",825
"2019-01-17 07:46:34",825
"2019-01-17 08:46:34",825
"2019-01-17 09:46:35",825
"2019-01-17 10:46:35",825
"2019-01-17 11:46:35",825
"2019-01-17 12:46:34",825
"2019-01-17 13:46:33",825
"2019-01-17 15:12:43",835
"2019-01-17 15:46:40",835
"2019-01-17 16:46:36",834
"2019-01-17 17:46:35",831
"2019-01-17 18:46:36",827
"2019-01-17 19:46:42",826
"2019-01-17 20:46:39",826
"2019-01-17 21:46:35",826
"2019-01-17 22:46:36",826
"2019-01-17 23:46:35",826
"2019-01-18 00:46:36",826
"2019-01-18 01:46:37",826
"2019-01-18 02:46:35",826
"2019-01-18 03:46:41",826
"2019-01-18 04:46:37",826
"2019-01-18 05:46:36",826
"2019-01-18 06:46:35",826
"2019-01-18 07:46:36",826
"2019-01-18 08:46:35",826
"2019-01-18 09:46:36",826
"2019-01-18 10:46:36",826
"2019-01-18 11:46:35",826
"2019-01-18 12:46:36",826
"2019-01-18 13:46:36",826
"2019-01-18 14:46:42",826
"2019-01-18 15:46:41",826
"2019-01-18 16:46:40",828
"2019-01-18 17:46:39",829
"2019-01-18 18:46:38",828
"2019-01-18 19:46:35",827
"2019-01-18 20:46:40",828
"2019-01-18 21:46:36",830
"2019-01-18 22:46:35",830
"2019-01-18 23:46:36",830
"2019-01-19 00:46:36",830
"2019-01-19 01:46:36",830
"2019-01-19 02:46:36",830
"2019-01-19 03:46:36",830
"2019-01-19 04:46:37",830
"2019-01-19 05:46:36",830
"2019-01-19 06:46:36",830
"2019-01-19 07:46:35",830
"2019-01-19 08:46:35",830
"2019-01-19 09:46:36",830
"2019-01-19 10:46:36",830
"2019-01-19 11:46:35",830
"2019-01-19 12:46:34",830
"2019-01-19 13:46:36",830
"2019-01-19 14:46:35",830
"2019-01-19 15:46:37",830
"2019-01-19 16:46:35",830
"2019-01-19 17:46:36",830
"2019-01-19 18:46:34",830
"2019-01-19 19:46:35",830
"2019-01-19 20:46:35",830
"2019-01-19 21:46:35",830
"2019-01-19 22:46:35",830
"2019-01-19 23:46:36",830
"2019-01-20 00:46:37",830
"2019-01-20 01:46:35",830
"2019-01-20 02:46:36",830
"2019-01-20 03:46:36",830
"2019-01-20 04:46:39",830
"2019-01-20 05:46:36",830
"2019-01-20 06:46:36",830
"2019-01-20 07:46:35",830
"2019-01-20 08:46:35",830
"2019-01-20 09:46:35",830
"2019-01-20 10:46:34",830
"2019-01-20 11:46:35",830
"2019-01-20 12:46:35",830
"2019-01-20 13:46:35",830
"2019-01-20 14:46:35",830
"2019-01-20 15:46:36",830
"2019-01-20 16:46:37",830
"2019-01-20 17:46:36",830
"2019-01-20 18:46:35",830
"2019-01-20 19:46:36",830
"2019-01-20 20:46:36",830
"2019-01-20 21:46:35",830
"2019-01-20 22:46:35",830
"2019-01-20 23:46:36",830
"2019-01-21 00:46:36",830
"2019-01-21 01:46:36",830
"2019-01-21 02:46:36",830
"2019-01-21 03:46:35",830
"2019-01-21 04:46:37",830
"2019-01-21 05:46:36",830
"2019-01-21 06:46:35",830
"2019-01-21 07:46:34",830
"2019-01-21 08:46:35",830
"2019-01-21 09:46:37",830
"2019-01-21 10:46:36",830
"2019-01-21 11:46:35",830
"2019-01-21 12:46:35",830
"2019-01-21 13:46:34",830
"2019-01-21 14:46:34",830
"2019-01-21 15:46:34",830
"2019-01-21 16:46:35",830
"2019-01-21 17:46:35",830
"2019-01-21 18:46:34",830
"2019-01-21 19:46:34",830
"2019-01-21 20:46:36",830
"2019-01-21 21:46:34",830
"2019-01-21 22:46:35",830
"2019-01-21 23:46:35",830
"2019-01-22 00:46:36",830
"2019-01-22 01:46:34",830
"2019-01-22 02:46:35",830
"2019-01-22 03:46:35",830
"2019-01-22 04:46:39",830
"2019-01-22 05:46:37",830
"2019-01-22 06:46:35",830
"2019-01-22 07:46:35",830
"2019-01-22 08:46:35",830
"2019-01-22 09:46:34",830
"2019-01-22 10:46:34",830
"2019-01-22 11:46:34",830
"2019-01-22 12:46:34",830
"2019-01-22 13:46:35",830
"2019-01-22 14:46:35",830
"2019-01-22 15:46:35",837
"2019-01-22 16:46:35",834
"2019-01-22 17:46:35",832
"2019-01-22 18:46:35",831
"2019-01-22 19:46:39",828
"2019-01-22 20:46:37",824
"2019-01-22 21:46:37",824
"2019-01-22 22:46:34",825
"2019-01-22 23:46:35",825
"2019-01-23 00:46:36",825
"2019-01-23 01:46:36",825
"2019-01-23 02:46:35",825
"2019-01-23 03:46:37",825
"2019-01-23 04:46:36",825
"2019-01-23 05:46:36",825
"2019-01-23 06:46:38",825
"2019-01-23 07:46:38",825
"2019-01-23 08:46:37",825
"2019-01-23 09:46:39",825
"2019-01-23 10:46:37",825
"2019-01-23 11:46:34",825
"2019-01-23 12:46:35",825
"2019-01-23 13:46:35",825
"2019-01-23 15:10:39",823
"2019-01-23 15:46:35",823
"2019-01-23 16:46:35",824
"2019-01-23 17:46:35",824
"2019-01-23 18:46:35",824
"2019-01-23 19:46:35",828
"2019-01-23 20:46:34",827
"2019-01-23 21:46:35",828
"2019-01-23 22:46:35",828
"2019-01-23 23:46:35",828
"2019-01-30 08:24:43",817
"2019-01-30 08:53:21",817
"2019-01-30 08:53:25",817
"2019-01-30 09:53:13",817
"2019-01-30 09:53:24",817
"2019-01-30 10:53:19",817
"2019-01-30 10:53:22",817
"2019-01-30 11:53:15",817
"2019-01-30 11:53:26",817
"2019-01-30 12:53:21",817
"2019-01-30 12:53:24",817
"2019-01-30 13:53:17",817
"2019-01-30 13:53:20",817
"2019-01-30 14:53:14",817
"2019-01-30 14:53:25",817
"2019-01-30 15:53:22",814
"2019-01-30 15:53:25",814
"2019-01-30 16:53:18",815
"2019-01-30 16:53:22",815
"2019-01-30 17:53:16",814
"2019-01-30 17:53:26",814
"2019-01-30 18:53:14",815
"2019-01-30 18:53:25",815
"2019-01-30 19:53:27",817
"2019-01-30 19:53:30",817
"2019-01-30 20:47:46",816
"2019-01-30 21:53:20",815
"2019-01-30 21:53:23",815
"2019-01-30 22:53:21",815
"2019-01-30 22:53:24",815
"2019-01-30 23:53:24",815
"2019-01-30 23:53:27",815
"2019-01-31 00:53:24",815
"2019-01-31 00:53:27",815
"2019-01-31 01:53:20",815
"2019-01-31 01:53:24",815
"2019-01-31 02:53:21",815
"2019-01-31 02:53:25",815
"2019-01-31 03:53:22",815
"2019-01-31 03:53:25",815
"2019-01-31 04:53:20",815
"2019-01-31 04:53:23",815
"2019-01-31 05:53:22",815
"2019-01-31 05:53:25",815
"2019-01-31 06:53:21",815
"2019-01-31 06:53:24",815
"2019-01-31 08:20:07",815
"2019-01-31 08:46:42",815
"2019-01-31 10:10:15",815
"2019-01-31 10:46:42",815
"2019-01-31 11:46:41",815
"2019-01-31 12:46:39",815
"2019-01-31 13:46:42",815
"2019-01-31 15:46:43",813
"2019-01-31 16:46:47",814
"2019-01-31 17:46:45",811
"2019-01-31 18:46:45",810
"2019-01-31 19:46:46",809
"2019-01-31 20:46:45",810
"2019-01-31 21:46:43",809
"2019-01-31 22:46:41",809
"2019-01-31 23:46:40",809
"2019-02-01 00:46:41",809
"2019-02-01 01:46:43",809
"2019-02-01 02:46:46",809
"2019-02-01 03:46:44",809
"2019-02-01 04:46:42",809
"2019-02-01 05:46:42",809
"2019-02-01 06:46:43",809
"2019-02-01 07:46:45",809
"2019-02-01 08:46:42",809
"2019-02-01 09:46:42",809
"2019-02-01 10:46:42",809
"2019-02-01 11:46:42",809
"2019-02-01 12:46:41",809
"2019-02-01 13:46:43",809
"2019-02-01 14:46:45",809
"2019-02-01 15:46:44",809
"2019-02-01 16:46:45",808
"2019-02-01 17:46:42",809
"2019-02-01 18:46:51",809
"2019-02-01 19:46:46",810
"2019-02-01 20:46:43",809
"2019-02-01 21:46:47",809
"2019-02-01 22:46:45",810
"2019-02-02 00:11:47",810
"2019-02-02 00:46:43",810
"2019-02-02 01:46:43",810
"2019-02-02 02:46:42",810
"2019-02-02 03:46:41",810
"2019-02-02 04:46:42",810
"2019-02-02 05:46:42",810
"2019-02-02 06:46:43",810
"2019-02-02 07:46:42",810
"2019-02-02 08:46:40",810
"2019-02-02 09:46:41",810
"2019-02-02 10:46:40",810
"2019-02-02 11:46:40",810
"2019-02-02 12:46:42",810
"2019-02-02 13:46:43",810
"2019-02-02 14:46:44",810
"2019-02-02 15:46:41",810
"2019-02-02 16:46:49",810
"2019-02-02 17:46:46",810
"2019-02-02 18:46:45",810
"2019-02-02 19:46:42",810
"2019-02-02 20:46:45",810
"2019-02-02 21:46:42",810
"2019-02-02 22:46:43",810
"2019-02-02 23:46:43",810
"2019-02-03 00:46:43",810
"2019-02-03 01:46:42",810
"2019-02-03 02:46:44",810
"2019-02-03 03:46:44",810
"2019-02-03 04:46:43",810
"2019-02-03 05:46:39",810
"2019-02-03 06:46:43",810
"2019-02-03 07:46:42",810
"2019-02-03 08:46:41",810
"2019-02-03 09:46:41",810
"2019-02-03 10:46:40",810
"2019-02-03 11:46:43",810
"2019-02-03 12:46:43",810
"2019-02-03 13:46:43",810
"2019-02-03 14:46:44",810
"2019-02-03 15:46:41",810
"2019-02-03 16:46:42",810
"2019-02-03 17:46:43",810
"2019-02-03 18:46:46",810
"2019-02-03 19:46:41",810
"2019-02-03 20:46:43",810
"2019-02-03 21:46:47",810
"2019-02-03 22:46:46",810
"2019-02-03 23:46:45",810
"2019-02-04 00:46:44",810
"2019-02-04 01:46:42",810
"2019-02-04 02:46:46",810
"2019-02-04 03:46:44",810
"2019-02-04 04:46:44",810
"2019-02-04 05:46:41",810
"2019-02-04 06:46:42",810
"2019-02-04 07:46:41",810
"2019-02-04 08:46:41",810
"2019-02-04 09:46:42",810
"2019-02-04 10:46:43",810
"2019-02-04 11:46:43",810
"2019-02-04 12:46:40",810
"2019-02-04 13:46:41",810
"2019-02-04 14:46:44",810
"2019-02-04 15:46:45",811
"2019-02-04 16:46:44",810
"2019-02-04 17:46:44",809
"2019-02-04 18:46:45",808
"2019-02-04 19:46:42",806
"2019-02-04 20:46:46",806
"2019-02-04 21:46:45",807
"2019-02-04 22:46:45",807
"2019-02-04 23:46:44",807
"2019-02-05 00:46:43",807
"2019-02-05 01:46:49",807
"2019-02-05 02:46:46",807
"2019-02-05 03:46:46",807
"2019-02-05 04:47:01",807
"2019-02-05 05:46:44",807
"2019-02-05 06:46:44",807
"2019-02-05 07:46:44",807
"2019-02-05 08:46:47",807
"2019-02-05 09:46:44",807
"2019-02-05 10:46:44",807
"2019-02-05 11:46:42",807
"2019-02-05 12:46:42",807
"2019-02-05 13:46:43",807
"2019-02-05 14:46:46",807
"2019-02-05 15:46:43",810
"2019-02-05 16:46:48",810
"2019-02-05 17:46:46",811
"2019-02-05 18:46:49",812
"2019-02-05 19:46:48",814
"2019-02-05 20:46:47",815
"2019-02-05 21:46:45",816
"2019-02-05 22:46:46",817
"2019-02-05 23:46:49",817
"2019-02-06 00:46:45",817
"2019-02-06 01:46:44",817
"2019-02-06 02:46:45",817
"2019-02-06 03:46:47",817
"2019-02-06 04:46:45",817
"2019-02-06 05:46:45",817
"2019-02-06 06:46:49",817
"2019-02-06 07:46:46",817
"2019-02-06 08:46:39",817
"2019-02-06 09:46:39",817
"2019-02-07 02:46:56",825
"2019-02-07 03:46:43",825
"2019-02-07 04:46:42",825
"2019-02-07 05:46:43",825
"2019-02-07 06:46:41",825
"2019-02-07 07:46:41",825
"2019-02-07 08:46:42",825
"2019-02-07 09:46:42",825
"2019-02-07 10:46:47",825
"2019-02-07 11:46:49",825
"2019-02-07 12:46:46",825
"2019-02-07 13:46:47",825
"2019-02-07 15:10:19",824
"2019-02-07 15:46:48",824
"2019-02-07 16:46:49",823
"2019-02-07 17:46:46",821
"2019-02-07 18:46:53",819
"2019-02-07 19:46:51",822
"2019-02-07 20:46:48",825
"2019-02-07 21:46:47",824
"2019-02-07 22:46:47",824
"2019-02-07 23:46:47",823
"2019-02-08 00:47:18",823
"2019-02-08 01:46:46",823
"2019-02-08 02:46:47",823
"2019-02-08 03:46:53",823
"2019-02-08 04:46:48",823
"2019-02-08 05:46:47",823
"2019-02-08 06:46:45",823
"2019-02-08 07:46:45",823
"2019-02-08 08:46:44",823
"2019-02-08 09:46:47",823
"2019-02-08 10:46:47",823
"2019-02-08 11:46:48",823
"2019-02-08 12:46:49",823
"2019-02-08 13:46:48",823
"2019-02-08 15:11:21",823
"2019-02-08 15:46:45",823
"2019-02-08 16:46:47",816
"2019-02-08 17:46:51",815
"2019-02-08 18:46:52",814
"2019-02-08 19:46:54",812
"2019-02-08 20:46:51",810
"2019-02-08 21:46:49",811
"2019-02-08 22:46:47",810
"2019-02-08 23:46:47",810
"2019-02-09 00:46:48",810
"2019-02-09 01:46:46",810
"2019-02-09 02:46:48",810
"2019-02-09 03:46:47",810
"2019-02-09 04:46:50",810
"2019-02-09 05:46:48",810
"2019-02-09 06:46:48",810
"2019-02-09 07:46:47",810
"2019-02-09 08:46:45",810
"2019-02-09 09:46:46",810
"2019-02-09 10:46:47",810
"2019-02-09 11:46:44",810
"2019-02-09 12:46:49",810
"2019-02-09 13:46:46",810
"2019-02-09 14:46:48",810
"2019-02-09 15:46:50",810
"2019-02-09 16:46:49",810
"2019-02-09 17:46:50",810
"2019-02-09 18:46:48",810
"2019-02-09 19:46:49",810
"2019-02-09 20:46:49",810
"2019-02-09 21:46:50",810
"2019-02-09 22:46:48",810
"2019-02-09 23:46:49",810
"2019-02-10 00:46:48",810
"2019-02-10 01:46:49",810
"2019-02-10 02:46:49",810
"2019-02-10 03:46:47",810
"2019-02-10 04:46:54",810
"2019-02-10 05:46:54",810
"2019-02-10 06:46:52",810
"2019-02-10 07:46:47",810
"2019-02-10 08:46:47",810
"2019-02-10 09:46:47",810
"2019-02-10 10:46:45",810
"2019-02-10 11:46:46",810
"2019-02-10 12:46:47",810
"2019-02-10 13:46:48",810
"2019-02-10 14:46:50",810
"2019-02-10 15:46:53",810
"2019-02-10 16:46:52",810
"2019-02-10 17:46:51",810
"2019-02-10 18:46:50",810
"2019-02-10 19:46:52",810
"2019-02-10 20:46:50",810
"2019-02-10 21:46:48",810
"2019-02-10 22:46:51",810
"2019-02-10 23:46:52",810
"2019-02-11 00:46:51",810
"2019-02-11 01:46:50",810
"2019-02-11 02:46:55",810
"2019-02-11 03:46:53",810
"2019-02-11 04:46:55",810
"2019-02-11 05:46:52",810
"2019-02-11 06:46:52",810
"2019-02-11 07:46:48",810
"2019-02-11 08:46:48",810
"2019-02-11 09:46:47",810
"2019-02-11 10:46:52",810
"2019-02-11 11:46:46",810
"2019-02-11 12:46:46",810
"2019-02-11 13:46:47",810
"2019-02-11 14:46:48",811
"2019-02-11 15:46:47",822
"2019-02-11 16:46:49",820
"2019-02-11 17:46:49",819
"2019-02-11 18:46:49",819
"2019-02-11 19:46:48",817
"2019-02-11 20:46:48",817
"2019-02-11 21:46:46",816
"2019-02-11 22:46:46",816
"2019-02-11 23:46:48",816
"2019-02-12 00:46:46",816
"2019-02-12 01:46:45",816
"2019-02-12 02:46:53",816
"2019-02-12 03:46:47",816
"2019-02-12 04:46:50",816
"2019-02-12 05:46:48",816
"2019-02-12 06:46:48",816
"2019-02-12 07:46:48",816
"2019-02-12 08:46:47",816
"2019-02-12 09:46:49",816
"2019-02-12 10:46:50",816
"2019-02-12 11:46:50",816
"2019-02-12 12:46:48",816
"2019-02-12 13:46:50",816
"2019-02-12 14:46:49",816
"2019-02-12 15:46:54",817
"2019-02-12 16:46:48",819
"2019-02-12 17:46:48",822
"2019-02-12 18:46:48",824
"2019-02-12 19:46:50",824
"2019-02-12 20:46:49",825
"2019-02-12 21:46:50",864
"2019-02-12 22:46:50",865
"2019-02-12 23:46:48",865
"2019-02-13 00:46:50",865
"2019-02-13 01:46:51",865
"2019-02-13 02:46:50",865
"2019-02-13 03:46:50",865
"2019-02-13 04:46:51",865
"2019-02-13 05:46:52",865
"2019-02-13 06:46:49",865
"2019-02-13 07:46:48",865
"2019-02-13 08:46:46",865
"2019-02-13 09:46:47",865
"2019-02-13 10:46:48",865
"2019-02-13 11:46:47",865
"2019-02-13 12:46:50",865
"2019-02-13 13:46:47",865
"2019-02-13 14:46:47",861
"2019-02-13 15:46:50",868
"2019-02-13 16:46:46",869
"2019-02-13 17:46:51",867
"2019-02-13 18:46:45",868
"2019-02-13 19:46:45",869
"2019-02-13 20:46:46",867
"2019-02-13 21:46:46",869
"2019-02-13 22:46:51",870
"2019-02-13 23:46:50",870
"2019-02-14 00:46:48",870
"2019-02-14 01:46:52",870
"2019-02-14 02:46:51",870
"2019-02-14 03:46:52",870
"2019-02-14 04:46:49",870
"2019-02-14 05:46:52",870
"2019-02-14 06:46:48",870
"2019-02-14 07:46:48",870
"2019-02-14 08:46:45",870
"2019-02-14 09:46:45",870
"2019-02-14 10:46:46",870
"2019-02-14 11:46:49",870
"2019-02-14 12:46:47",870
"2019-02-14 13:46:48",870
"2019-02-14 14:46:49",871
"2019-02-14 15:46:50",868
"2019-02-14 16:46:45",868
"2019-02-14 17:46:48",864
"2019-02-14 18:46:48",856
"2019-02-14 19:46:49",856
"2019-02-14 20:46:51",850
"2019-02-14 21:46:49",847
"2019-02-14 22:46:52",845
"2019-02-15 00:46:52",845
"2019-02-15 01:46:53",845
"2019-02-15 02:46:55",845
"2019-02-15 03:46:56",845
"2019-02-15 04:46:56",845
"2019-02-15 05:46:49",845
"2019-02-15 06:46:46",845
"2019-02-15 07:46:50",845
"2019-02-15 08:46:48",845
"2019-02-15 09:46:50",845
"2019-02-15 10:46:49",845
"2019-02-15 11:46:50",845
"2019-02-15 12:46:48",845
"2019-02-15 14:11:53",847
"2019-02-15 14:46:51",847
"2019-02-15 15:47:03",858
"2019-02-15 16:46:55",848
"2019-02-15 17:46:49",849
"2019-02-15 18:46:56",850
"2019-02-15 19:46:53",852
"2019-02-15 20:46:49",854
"2019-02-15 21:46:52",851
"2019-02-15 22:46:53",850
"2019-02-15 23:46:54",850
"2019-02-16 00:46:55",850
"2019-02-16 01:47:01",850
"2019-02-16 02:46:59",850
"2019-02-16 03:46:56",850
"2019-02-16 04:46:50",850
"2019-02-16 05:46:53",850
"2019-02-16 06:46:49",850
"2019-02-16 07:46:48",850
"2019-02-16 08:46:49",850
"2019-02-16 09:46:52",850
"2019-02-16 10:46:50",850
"2019-02-16 11:46:50",850
"2019-02-16 12:46:50",850
"2019-02-16 13:46:57",850
"2019-02-16 14:46:53",850
"2019-02-16 15:46:59",850
"2019-02-16 16:46:49",850
"2019-02-16 17:46:49",850
"2019-02-16 18:46:50",850
"2019-02-16 19:46:48",850
"2019-02-16 20:46:51",850
"2019-02-16 21:46:49",850
"2019-02-16 22:46:49",850
"2019-02-16 23:46:48",850
"2019-02-17 00:46:49",850
"2019-02-17 01:46:48",850
"2019-02-17 02:46:45",850
"2019-02-17 03:46:54",850
"2019-02-17 04:46:48",850
"2019-02-17 05:46:51",850
"2019-02-17 06:46:49",850
"2019-02-17 07:46:49",850
"2019-02-17 08:46:47",850
"2019-02-17 09:46:45",850
"2019-02-17 10:46:48",850
"2019-02-17 11:46:47",850
"2019-02-17 12:46:44",850
"2019-02-17 13:46:49",850
"2019-02-17 14:46:47",850
"2019-02-17 15:46:52",850
"2019-02-17 16:46:48",850
"2019-02-17 17:46:50",850
"2019-02-17 18:46:49",850
"2019-02-17 19:46:51",850
"2019-02-17 20:46:52",850
"2019-02-17 21:46:47",850
"2019-02-17 22:46:47",850
"2019-02-17 23:46:47",850
"2019-02-18 00:46:48",850
"2019-02-18 01:46:50",850
"2019-02-18 02:46:52",850
"2019-02-18 03:46:52",850
"2019-02-18 04:46:48",850
"2019-02-18 05:46:49",850
"2019-02-18 06:46:46",850
"2019-02-18 07:46:47",850
"2019-02-18 08:46:47",850
"2019-02-18 09:46:49",850
"2019-02-18 10:46:46",850
"2019-02-18 11:46:46",850
"2019-02-18 12:46:47",850
"2019-02-18 13:46:50",850
"2019-02-18 14:46:50",850
"2019-02-18 15:46:52",850
"2019-02-18 16:46:51",850
"2019-02-18 17:46:52",850
"2019-02-18 18:46:50",850
"2019-02-18 19:46:49",850
"2019-02-18 20:46:52",850
"2019-02-18 21:46:48",850
"2019-02-18 22:46:47",850
"2019-02-18 23:46:48",850
"2019-02-19 00:46:49",850
"2019-02-19 01:46:51",850
"2019-02-19 02:46:49",850
"2019-02-19 03:46:49",850
"2019-02-19 04:46:50",850
"2019-02-19 05:46:50",850
"2019-02-19 06:46:47",850
"2019-02-19 07:46:47",850
"2019-02-19 08:46:48",850
"2019-02-19 09:46:45",850
"2019-02-19 10:46:44",850
"2019-02-19 11:46:42",850
"2019-02-19 12:46:43",850
"2019-02-19 14:11:19",850
"2019-02-19 14:46:48",850
"2019-02-19 15:46:52",848
"2019-02-19 16:46:50",856
"2019-02-19 17:46:52",850
"2019-02-19 18:46:56",848
"2019-02-19 19:46:53",850
"2019-02-19 20:46:57",847
"2019-02-19 21:46:54",846
"2019-02-19 22:46:56",846
"2019-02-19 23:46:53",846
"2019-02-20 00:47:01",846
"2019-02-20 01:46:55",846
"2019-02-20 02:46:56",846
"2019-02-20 03:47:04",846
"2019-02-20 04:46:57",846
"2019-02-20 05:46:51",846
"2019-02-20 06:46:51",846
"2019-02-20 07:46:49",846
"2019-02-20 08:46:53",846
"2019-02-20 09:46:52",846
"2019-02-20 10:46:49",846
"2019-02-20 11:46:52",846
"2019-02-20 12:46:52",846
"2019-02-20 13:46:52",846
"2019-02-20 14:46:55",846
"2019-02-20 15:46:57",840
"2019-02-20 16:46:54",837
"2019-02-20 17:46:54",835
"2019-02-20 18:46:54",838
"2019-02-20 19:46:56",836
"2019-02-20 20:46:57",836
"2019-02-20 21:46:55",836
"2019-02-20 22:46:56",834
"2019-02-20 23:46:52",834
"2019-02-21 00:46:53",834
"2019-02-21 01:46:55",834
"2019-02-21 02:46:58",834
"2019-02-21 03:46:55",834
"2019-02-21 04:46:53",834
"2019-02-21 05:46:54",834
"2019-02-21 06:46:51",834
"2019-02-21 07:46:50",834
"2019-02-21 08:46:47",834
"2019-02-21 09:46:49",834
"2019-02-21 10:46:50",834
"2019-02-21 11:46:50",834
"2019-02-21 12:46:48",834
"2019-02-21 13:46:48",834
"2019-02-21 14:46:52",834
"2019-02-21 15:46:56",832
"2019-02-21 17:10:51",840
"2019-02-21 17:46:49",840
"2019-02-21 18:46:48",842
"2019-02-21 19:46:50",846
"2019-02-21 20:46:54",846
"2019-02-21 21:46:48",851
"2019-02-21 22:46:51",851
"2019-02-21 23:46:49",851
"2019-02-22 00:46:50",851
"2019-02-22 01:46:54",851
"2019-02-22 02:46:53",851
"2019-02-22 03:46:53",851
"2019-02-22 04:46:51",851
"2019-02-22 05:46:49",851
"2019-02-22 06:46:49",851
"2019-02-22 07:46:54",851
"2019-02-22 08:46:54",851
"2019-02-22 09:46:52",851
"2019-02-22 10:46:50",851
"2019-02-22 11:46:51",851
"2019-02-22 12:46:49",851
"2019-02-22 13:46:48",851
"2019-02-22 14:46:53",851
"2019-02-22 15:46:53",872
"2019-02-22 16:46:52",913
"2019-02-22 17:46:50",914
"2019-02-22 18:46:52",923
"2019-02-22 19:46:50",929
"2019-02-22 20:46:49",928
"2019-02-22 21:46:54",937
"2019-02-22 22:46:50",937
"2019-02-22 23:46:55",936
"2019-02-23 00:46:48",936
"2019-02-23 01:46:53",936
"2019-02-23 02:46:57",936
"2019-02-23 03:46:57",936
"2019-02-23 04:46:54",936
"2019-02-23 05:46:53",936
"2019-02-23 06:46:48",936
"2019-02-23 07:46:50",936
"2019-02-23 08:46:50",936
"2019-02-23 09:46:49",936
"2019-02-23 10:46:50",936
"2019-02-23 11:46:50",936
"2019-02-23 12:46:49",936
"2019-02-23 13:46:48",936
"2019-02-23 14:46:51",936
"2019-02-23 15:46:51",936
"2019-02-23 16:46:48",936
"2019-02-23 17:46:50",936
"2019-02-23 18:46:52",936
"2019-02-23 19:46:51",936
"2019-02-23 20:46:51",936
"2019-02-23 21:46:52",936
"2019-02-23 22:46:49",936
"2019-02-23 23:46:51",936
"2019-02-24 00:46:51",936
"2019-02-24 01:46:51",936
"2019-02-24 02:46:51",936
"2019-02-24 03:46:52",936
"2019-02-24 04:46:50",936
"2019-02-24 05:46:53",936
"2019-02-24 06:46:50",936
"2019-02-24 07:46:50",936
"2019-02-24 08:46:50",936
"2019-02-24 09:46:49",936
"2019-02-24 10:46:47",936
"2019-02-24 11:46:48",936
"2019-02-24 12:46:48",936
"2019-02-24 13:46:49",936
"2019-02-24 14:46:47",936
"2019-02-24 15:46:50",936
"2019-02-24 16:46:50",936
"2019-02-24 17:46:54",936
"2019-02-24 18:46:51",936
"2019-02-24 19:46:52",936
"2019-02-24 20:46:49",936
"2019-02-24 21:46:49",936
"2019-02-24 22:46:51",936
"2019-02-24 23:46:50",936
"2019-02-25 00:46:52",936
"2019-02-25 01:46:50",936
"2019-02-25 02:46:50",936
"2019-02-25 03:46:52",936
"2019-02-25 04:46:51",936
"2019-02-25 05:46:49",936
"2019-02-25 06:46:47",936
"2019-02-25 07:46:50",936
"2019-02-25 08:46:50",936
"2019-02-25 09:46:49",936
"2019-02-25 10:46:48",936
"2019-02-25 11:46:51",936
"2019-02-25 12:46:50",936
"2019-02-25 14:11:54",936
"2019-02-25 14:46:51",936
"2019-02-25 15:46:54",958
"2019-02-25 16:46:51",955
"2019-02-25 17:46:53",951
"2019-02-25 18:46:55",952
"2019-02-25 19:46:50",957
"2019-02-25 20:46:52",967
"2019-02-25 21:46:52",974
"2019-02-25 22:46:49",975
"2019-02-25 23:46:52",975
"2019-02-26 00:46:52",975
"2019-02-26 01:46:51",975
"2019-02-26 02:46:55",975
"2019-02-26 03:46:56",975
"2019-02-26 04:46:56",975
"2019-02-26 05:46:50",975
"2019-02-26 06:46:55",975
"2019-02-26 07:46:54",975
"2019-02-26 08:46:51",975
"2019-02-26 09:46:50",975
"2019-02-26 10:46:46",975
"2019-02-26 11:46:50",975
"2019-02-26 12:46:48",975
"2019-02-26 13:46:50",975
"2019-02-26 14:46:53",978
"2019-02-26 15:46:57",998
"2019-02-26 16:46:53",1030
"2019-02-26 17:46:53",1043
"2019-02-26 18:46:50",1043
"2019-02-26 19:46:58",1025
"2019-02-26 20:46:53",1023
"2019-02-26 21:46:51",1027
"2019-02-26 22:46:57",1027
"2019-02-26 23:46:54",1027
"2019-02-27 00:46:58",1027
"2019-02-27 01:46:57",1027
"2019-02-27 03:47:27",1027
"2019-02-27 04:46:57",1027
"2019-02-27 05:46:53",1027
"2019-02-27 06:46:55",1027
"2019-02-27 07:46:53",1027
"2019-02-27 08:46:50",1027
"2019-02-27 09:46:48",1027
"2019-02-27 10:46:49",1027
"2019-02-27 11:46:53",1027
"2019-02-27 12:46:55",1027
"2019-02-27 13:46:51",1027
"2019-02-27 14:46:56",1027
"2019-02-27 15:46:59",1012
"2019-02-27 16:46:50",1001
"2019-02-27 17:46:51",996
"2019-02-27 18:46:56",996
"2019-02-27 19:46:54",994
"2019-02-27 20:46:51",992
"2019-02-27 21:46:53",989
"2019-02-27 22:46:54",988
"2019-02-27 23:46:51",989
"2019-02-28 01:46:50",989
"2019-02-28 02:46:54",989
"2019-02-28 04:46:53",989
"2019-02-28 05:46:52",989
"2019-02-28 06:46:48",989
"2019-02-28 07:46:50",989
"2019-02-28 08:46:51",989
"2019-02-28 09:46:51",989
"2019-02-28 10:46:52",989
"2019-02-28 11:46:52",989
"2019-02-28 12:46:52",989
"2019-02-28 13:46:53",989
"2019-02-28 15:10:59",990
"2019-02-28 15:46:47",990
"2019-02-28 16:46:54",984
"2019-02-28 17:46:55",978
"2019-02-28 18:46:58",972
"2019-02-28 19:46:55",972
"2019-02-28 20:46:51",970
"2019-02-28 21:46:51",971
"2019-02-28 22:46:53",971
"2019-02-28 23:46:52",971
"2019-03-01 00:46:51",971
"2019-03-01 01:46:53",971
"2019-03-01 02:46:56",971
"2019-03-01 03:46:59",971
"2019-03-01 04:46:54",971
"2019-03-01 05:46:55",971
"2019-03-01 06:46:53",971
"2019-03-01 07:46:55",971
"2019-03-01 08:46:52",971
"2019-03-01 09:46:48",971
"2019-03-01 10:46:51",971
"2019-03-01 11:46:50",971
"2019-03-01 12:46:48",971
"2019-03-01 13:46:59",971
"2019-03-01 14:46:59",971
"2019-03-01 15:46:56",963
"2019-03-01 16:46:55",966
"2019-03-01 17:46:53",968
"2019-03-01 18:46:55",967
"2019-03-01 19:46:55",966
"2019-03-01 20:46:58",960
"2019-03-01 21:47:00",959
"2019-03-01 22:46:59",959
"2019-03-01 23:46:59",959
"2019-03-02 07:46:55",959
"2019-03-02 08:46:53",959
"2019-03-02 09:46:49",959
"2019-03-02 10:46:49",959
"2019-03-02 11:46:53",959
"2019-03-02 15:46:59",959
"2019-03-02 16:46:54",959
"2019-03-02 17:46:52",959
"2019-03-04 02:46:57",959
"2019-03-04 07:46:56",959
"2019-03-04 10:46:51",959
"2019-03-04 11:46:50",959
"2019-03-04 12:46:46",959
"2019-03-04 13:46:44",959
"2019-03-04 14:46:55",959
"2019-03-04 15:46:51",956
"2019-03-04 16:46:53",953
"2019-03-04 17:46:53",950
"2019-03-04 18:46:51",943
"2019-03-04 19:46:56",941
"2019-03-04 20:46:55",941
"2019-03-04 21:46:52",940
"2019-03-04 22:46:55",940
"2019-03-04 23:46:53",939
"2019-03-05 00:46:55",939
"2019-03-05 01:46:53",939
"2019-03-05 02:46:57",939
"2019-03-05 03:46:58",939
"2019-03-05 04:46:54",939
"2019-03-05 05:46:52",939
"2019-03-05 06:46:50",939
"2019-03-05 07:46:50",939
"2019-03-05 08:46:49",939
"2019-03-05 09:46:52",939
"2019-03-05 10:46:49",939
"2019-03-05 11:46:46",939
"2019-03-05 12:46:50",939
"2019-03-05 14:12:04",939
"2019-03-05 14:46:52",939
"2019-03-05 15:46:58",936
"2019-03-05 16:46:56",933
"2019-03-05 17:46:55",927
"2019-03-05 18:46:54",923
"2019-03-05 19:46:54",925
"2019-03-05 20:46:54",922
"2019-03-05 21:46:55",925
"2019-03-05 22:46:57",925
"2019-03-05 23:46:57",925
"2019-03-06 00:46:57",925
"2019-03-06 01:46:55",925
"2019-03-06 02:46:55",925
"2019-03-06 03:46:58",925
"2019-03-06 04:47:00",925
"2019-03-06 05:46:56",925
"2019-03-06 06:46:58",925
"2019-03-06 07:46:53",925
"2019-03-06 08:46:50",925
"2019-03-06 09:46:52",925
"2019-03-06 10:46:56",925
"2019-03-06 11:48:03",925
"2019-03-06 12:47:25",925
"2019-03-06 14:12:09",925
"2019-03-06 14:47:37",925
"2019-03-06 15:47:31",928
"2019-03-06 16:46:49",937
"2019-03-06 17:47:00",935
"2019-03-06 18:46:57",935
"2019-03-06 19:46:55",937
"2019-03-06 20:46:54",935
"2019-03-06 21:46:53",936
"2019-03-06 22:46:53",936
"2019-03-06 23:46:53",936
"2019-03-07 00:46:54",936
"2019-03-07 01:46:56",936
"2019-03-07 02:46:58",936
"2019-03-07 04:47:06",936
"2019-03-07 05:46:57",936
"2019-03-07 06:46:52",936
"2019-03-07 07:46:53",936
"2019-03-07 08:46:55",936
"2019-03-07 09:46:53",936
"2019-03-07 10:46:50",936
"2019-03-07 11:46:54",936
"2019-03-07 12:46:52",936
"2019-03-07 13:46:52",936
"2019-03-07 14:46:56",936
"2019-03-07 15:46:50",935
"2019-03-07 16:46:54",929
"2019-03-07 17:46:58",928
"2019-03-07 18:46:55",930
"2019-03-07 20:11:28",929
"2019-03-07 20:46:53",929
"2019-03-07 21:46:56",931
"2019-03-07 22:47:02",930
"2019-03-07 23:46:50",930
"2019-03-08 00:46:54",930
"2019-03-08 01:46:55",930
"2019-03-08 02:46:53",930
"2019-03-08 04:46:52",930
"2019-03-08 05:46:52",930
"2019-03-08 06:46:52",930
"2019-03-08 07:46:51",930
"2019-03-08 08:46:50",930
"2019-03-08 09:46:50",930
"2019-03-08 10:46:49",930
"2019-03-08 11:46:49",930
"2019-03-08 12:46:51",930
"2019-03-08 14:11:58",930
"2019-03-08 14:46:49",930
"2019-03-08 15:46:57",927
"2019-03-08 16:46:50",930
"2019-03-08 17:46:50",930
"2019-03-08 18:46:55",932
"2019-03-08 19:46:54",936
"2019-03-08 20:46:48",936
"2019-03-08 21:46:58",937
"2019-03-08 22:46:49",939
"2019-03-08 23:46:56",940
"2019-03-09 00:47:02",940
"2019-03-09 01:46:55",940
"2019-03-09 02:46:51",940
"2019-03-09 03:46:56",940
"2019-03-09 04:46:54",940
"2019-03-09 05:46:51",940
"2019-03-09 06:46:50",940
"2019-03-09 07:46:51",940
"2019-03-09 08:46:49",940
"2019-03-09 09:46:45",940
"2019-03-09 10:46:48",940
"2019-03-09 11:46:47",940
"2019-03-09 12:46:49",940
"2019-03-09 13:46:47",940
"2019-03-09 14:46:52",940
"2019-03-09 15:46:53",940
"2019-03-09 16:46:52",940
"2019-03-09 17:46:50",940
"2019-03-09 18:46:51",940
"2019-03-09 19:46:51",940
"2019-03-09 20:46:50",940
"2019-03-09 21:46:48",940
"2019-03-09 22:46:51",940
"2019-03-09 23:46:50",940
"2019-03-10 00:46:51",940
"2019-03-10 01:46:52",940
"2019-03-10 02:46:54",940
"2019-03-10 03:46:51",940
"2019-03-10 04:46:48",940
"2019-03-10 05:46:50",940
"2019-03-10 06:46:51",940
"2019-03-10 07:46:47",940
"2019-03-10 08:46:45",940
"2019-03-10 09:46:49",940
"2019-03-10 10:46:46",940
"2019-03-10 11:46:47",940
"2019-03-10 12:46:48",940
"2019-03-10 13:46:47",940
"2019-03-10 14:46:47",940
"2019-03-10 15:46:55",940
"2019-03-10 16:46:51",940
"2019-03-10 17:46:55",940
"2019-03-10 18:46:57",940
"2019-03-10 19:46:51",940
"2019-03-10 20:46:50",940
"2019-03-10 21:46:49",940
"2019-03-10 22:46:47",940
"2019-03-10 23:46:50",940
"2019-03-11 00:46:51",940
"2019-03-11 01:46:53",940
"2019-03-11 02:46:51",940
"2019-03-11 03:46:50",940
"2019-03-11 04:46:50",940
"2019-03-11 05:46:51",940
"2019-03-11 06:46:48",940
"2019-03-11 07:46:49",940
"2019-03-11 08:46:46",940
"2019-03-11 09:46:49",940
"2019-03-11 10:46:50",940
"2019-03-11 11:46:47",940
"2019-03-11 12:46:53",940
"2019-03-11 13:46:52",940
"2019-03-11 14:46:53",952
"2019-03-11 15:46:50",949
"2019-03-11 16:46:51",948
"2019-03-11 17:46:50",945
"2019-03-11 18:46:51",944
"2019-03-11 19:46:50",942
"2019-03-11 20:46:50",950
"2019-03-11 21:46:53",951
"2019-03-11 22:46:50",952
"2019-03-11 23:46:54",952
"2019-03-12 00:46:56",952
"2019-03-12 01:46:52",952
"2019-03-12 02:46:51",952
"2019-03-12 03:46:55",952
"2019-03-12 04:46:51",952
"2019-03-12 05:46:54",952
"2019-03-12 06:46:53",952
"2019-03-12 07:46:48",952
"2019-03-12 08:46:49",952
"2019-03-12 09:46:48",952
"2019-03-12 10:46:52",952
"2019-03-12 11:46:48",952
"2019-03-12 12:46:51",952
"2019-03-12 13:46:52",950
"2019-03-12 14:46:50",952
"2019-03-12 15:46:51",960
"2019-03-12 16:46:51",961
"2019-03-12 17:46:49",960
"2019-03-12 18:46:50",957
"2019-03-12 19:46:49",956
"2019-03-12 20:46:51",955
"2019-03-12 21:46:49",955
"2019-03-12 22:46:53",955
"2019-03-12 23:46:56",955
"2019-03-13 00:46:54",955
"2019-03-13 01:46:53",955
"2019-03-13 02:46:51",955
"2019-03-13 03:46:54",955
"2019-03-13 04:46:54",955
"2019-03-13 05:46:52",955
"2019-03-13 06:46:50",955
"2019-03-13 07:46:53",955
"2019-03-13 08:46:50",955
"2019-03-13 09:46:50",955
"2019-03-13 10:46:47",955
"2019-03-13 11:46:46",955
"2019-03-13 13:10:51",955
"2019-03-13 13:46:51",955
"2019-03-13 14:46:50",960
"2019-03-13 15:46:50",961
"2019-03-13 16:46:54",958
"2019-03-13 17:46:53",953
"2019-03-13 18:46:46",951
"2019-03-13 19:46:51",952
"2019-03-13 20:46:50",951
"2019-03-13 21:46:51",951
"2019-03-13 22:46:48",951
"2019-03-13 23:46:51",951
"2019-03-14 00:46:49",951
"2019-03-14 01:46:52",951
"2019-03-14 02:46:53",951
"2019-03-14 03:46:49",951
"2019-03-14 04:46:51",951
"2019-03-14 05:46:49",951
"2019-03-14 06:46:51",951
"2019-03-14 07:46:50",951
"2019-03-14 08:46:47",951
"2019-03-14 09:46:46",951
"2019-03-14 10:46:53",951
"2019-03-14 11:46:49",951
"2019-03-14 13:11:25",951
"2019-03-14 13:46:49",951
"2019-03-14 14:46:52",952
"2019-03-14 15:46:53",952
"2019-03-14 16:46:51",960
"2019-03-14 17:46:52",960
"2019-03-14 18:46:49",959
"2019-03-14 19:46:58",959
"2019-03-14 20:46:52",959
"2019-03-14 21:46:54",959
"2019-03-14 22:46:56",959
"2019-03-14 23:46:56",959
"2019-03-15 00:46:52",959
"2019-03-15 01:46:53",959
"2019-03-15 02:46:53",959
"2019-03-15 03:46:53",959
"2019-03-15 04:46:51",959
"2019-03-15 05:46:50",959
"2019-03-15 06:46:47",959
"2019-03-15 07:46:50",959
"2019-03-15 08:46:53",959
"2019-03-15 09:46:54",959
"2019-03-15 10:46:55",959
"2019-03-15 11:46:52",959
"2019-03-15 12:46:52",959
"2019-03-15 13:46:55",959
"2019-03-15 14:46:53",950
"2019-03-15 15:46:58",948
"2019-03-15 16:46:56",947
"2019-03-15 17:46:56",946
"2019-03-15 18:46:54",948
"2019-03-15 19:46:54",950
"2019-03-15 20:46:54",950
"2019-03-15 21:46:52",952
"2019-03-15 22:46:51",953
"2019-03-15 23:46:55",953
"2019-03-16 00:46:54",953
"2019-03-16 01:46:51",953
"2019-03-16 02:46:54",953
"2019-03-16 03:46:56",953
"2019-03-16 04:46:57",953
"2019-03-16 05:46:55",953
"2019-03-16 06:46:53",953
"2019-03-16 07:46:53",953
"2019-03-16 08:46:56",953
"2019-03-16 09:46:51",953
"2019-03-16 10:46:50",953
"2019-03-16 11:46:52",953
"2019-03-16 12:46:51",953
"2019-03-16 13:46:55",953
"2019-03-16 14:46:50",953
"2019-03-16 15:46:53",953
"2019-03-16 16:46:52",953
"2019-03-16 17:46:52",953
"2019-03-16 18:46:51",953
"2019-03-16 19:46:51",953
"2019-03-16 20:46:54",953
"2019-03-16 21:46:56",953
"2019-03-16 22:46:55",953
"2019-03-16 23:46:51",953
"2019-03-17 00:46:54",953
"2019-03-17 01:46:53",953
"2019-03-17 02:46:58",953
"2019-03-17 03:46:55",953
"2019-03-17 04:46:54",953
"2019-03-17 05:46:55",953
"2019-03-17 06:46:52",953
"2019-03-17 07:46:51",953
"2019-03-17 08:46:48",953
"2019-03-17 09:46:52",953
"2019-03-17 10:46:48",953
"2019-03-17 11:46:49",953
"2019-03-17 12:46:49",953
"2019-03-17 13:46:49",953
"2019-03-17 14:46:49",953
"2019-03-17 15:46:48",953
"2019-03-17 16:46:47",953
"2019-03-17 17:46:49",953
"2019-03-17 18:46:51",953
"2019-03-17 19:46:51",953
"2019-03-17 20:46:49",953
"2019-03-17 21:46:47",953
"2019-03-17 22:46:48",953
"2019-03-17 23:46:50",953
"2019-03-18 00:46:51",953
"2019-03-18 01:46:49",953
"2019-03-18 02:46:51",953
"2019-03-18 03:46:52",953
"2019-03-18 04:46:52",953
"2019-03-18 05:46:49",953
"2019-03-18 06:46:50",953
"2019-03-18 07:46:51",953
"2019-03-18 08:46:50",953
"2019-03-18 09:46:50",953
"2019-03-18 10:46:50",953
"2019-03-18 11:46:47",953
"2019-03-18 12:46:52",953
"2019-03-18 13:46:56",954
"2019-03-18 14:46:54",961
"2019-03-18 15:47:00",958
"2019-03-18 16:46:52",955
"2019-03-18 17:46:58",956
"2019-03-18 18:46:57",956
"2019-03-18 19:46:56",954
"2019-03-18 20:46:54",955
"2019-03-18 21:46:56",954
"2019-03-18 22:46:59",954
"2019-03-18 23:46:56",954
"2019-03-19 00:47:01",954
"2019-03-19 01:46:58",954
"2019-03-19 02:46:58",954
"2019-03-19 03:46:55",954
"2019-03-19 04:46:53",954
"2019-03-19 05:46:51",954
"2019-03-19 06:47:00",954
"2019-03-19 07:46:55",954
"2019-03-19 08:46:52",954
"2019-03-19 09:46:54",954
"2019-03-19 10:46:57",954
"2019-03-19 11:46:54",954
"2019-03-19 12:46:55",954
"2019-03-19 13:46:54",954
"2019-03-19 14:46:56",953
"2019-03-19 15:46:58",954
"2019-03-19 16:46:53",953
"2019-03-19 17:47:02",953
"2019-03-19 18:46:56",949
"2019-03-19 19:47:02",951
"2019-03-19 20:46:59",951
"2019-03-19 21:47:07",950
"2019-03-19 22:47:03",950
"2019-03-19 23:46:57",950
"2019-03-20 00:47:05",950
"2019-03-20 01:47:02",950
"2019-03-20 02:47:04",950
"2019-03-20 03:47:05",950
"2019-03-20 04:47:00",950
"2019-03-20 05:46:58",950
"2019-03-20 06:47:05",950
"2019-03-20 07:47:06",950
"2019-03-20 08:47:01",950
"2019-03-20 09:46:58",950
"2019-03-20 10:46:59",950
"2019-03-20 11:47:00",950
"2019-03-20 13:11:09",950
"2019-03-20 13:46:59",950
"2019-03-20 14:47:00",963
"2019-03-20 15:47:02",959
"2019-03-20 16:46:57",960
"2019-03-20 17:46:58",960
"2019-03-20 18:46:56",965
"2019-03-20 19:46:56",962
"2019-03-20 20:46:52",965
"2019-03-20 21:46:51",965
"2019-03-20 22:46:53",965
"2019-03-20 23:46:53",965
"2019-03-21 00:46:54",965
"2019-03-21 01:46:52",965
"2019-03-21 02:46:56",965
"2019-03-21 03:46:58",965
"2019-03-21 04:46:53",965
"2019-03-21 05:46:57",965
"2019-03-21 06:46:50",965
"2019-03-21 07:46:50",965
"2019-03-21 08:46:47",965
"2019-03-21 09:46:51",965
"2019-03-21 10:46:53",965
"2019-03-21 11:46:52",965
"2019-03-21 13:11:52",966
"2019-03-21 13:46:50",966
"2019-03-21 14:46:52",958
"2019-03-21 15:46:51",956
"2019-03-21 16:46:49",955
"2019-03-21 17:46:50",954
"2019-03-21 18:46:55",951
"2019-03-21 19:46:51",951
"2019-03-21 20:46:44",954
"2019-03-21 21:46:47",954
"2019-03-21 22:46:46",954
"2019-03-21 23:46:48",954
"2019-03-22 00:46:47",954
"2019-03-22 01:46:48",954
"2019-03-22 02:46:57",954
"2019-03-22 03:46:48",954
"2019-03-22 04:46:46",954
"2019-03-22 05:46:47",954
"2019-03-22 06:46:44",954
"2019-03-22 07:46:45",954
"2019-03-22 08:46:58",954
"2019-03-22 09:46:47",954
"2019-03-22 10:46:46",954
"2019-03-22 11:46:44",954
"2019-03-22 12:46:57",954
"2019-03-22 13:46:45",954
"2019-03-22 14:46:46",948
"2019-03-22 15:46:48",948
"2019-03-22 16:46:48",949
"2019-03-22 17:46:52",950
"2019-03-22 18:46:48",952
"2019-03-22 19:46:46",950
"2019-03-22 20:46:48",954
"2019-03-22 21:46:45",955
"2019-03-22 22:46:47",955
"2019-03-22 23:46:45",955
"2019-03-23 00:46:48",955
"2019-03-23 01:46:58",955
"2019-03-23 02:46:49",955
"2019-03-23 03:46:47",955
"2019-03-23 04:46:47",955
"2019-03-23 05:46:47",955
"2019-03-23 06:46:46",955
"2019-03-23 07:46:54",955
"2019-03-23 08:46:46",955
"2019-03-23 09:46:47",955
"2019-03-23 10:46:45",955
"2019-03-23 11:46:47",955
"2019-03-23 12:46:48",955
"2019-03-23 13:46:51",955
"2019-03-23 14:46:48",955
"2019-03-23 15:46:49",955
"2019-03-23 16:46:46",955
"2019-03-23 17:46:47",955
"2019-03-23 18:46:48",955
"2019-03-23 19:46:54",955
"2019-03-23 20:46:49",955
"2019-03-23 21:46:48",955
"2019-03-23 22:46:46",955
"2019-03-23 23:46:48",955
"2019-03-24 00:46:48",955
"2019-03-24 01:46:49",955
"2019-03-24 02:46:49",955
"2019-03-24 03:46:50",955
"2019-03-24 04:46:58",955
"2019-03-24 05:46:49",955
"2019-03-24 06:46:49",955
"2019-03-24 07:46:48",955
"2019-03-24 08:46:48",955
"2019-03-24 09:46:56",955
"2019-03-24 10:46:51",955
"2019-03-24 11:46:44",955
"2019-03-24 12:46:45",955
"2019-03-24 13:46:53",955
"2019-03-24 14:46:47",955
"2019-03-24 15:46:48",955
"2019-03-24 16:46:47",955
"2019-03-24 17:46:47",955
"2019-03-24 18:46:48",955
"2019-03-24 19:46:48",955
"2019-03-24 20:46:50",955
"2019-03-24 21:46:57",955
"2019-03-24 22:46:51",955
"2019-03-24 23:46:49",955
"2019-03-25 00:46:49",955
"2019-03-25 01:46:50",955
"2019-03-25 02:46:52",955
"2019-03-25 03:47:03",955
"2019-03-25 04:46:48",955
"2019-03-25 05:46:49",955
"2019-03-25 06:46:48",955
"2019-03-25 07:46:48",955
"2019-03-25 08:46:50",955
"2019-03-25 09:46:47",955
"2019-03-25 10:46:48",955
"2019-03-25 11:47:01",955
"2019-03-25 13:10:54",955
"2019-03-25 13:46:57",955
"2019-03-25 14:46:49",973
"2019-03-25 15:46:49",967
"2019-03-25 16:46:48",969
"2019-03-25 17:46:50",969
"2019-03-25 18:46:51",970
"2019-03-25 19:46:56",972
"2019-03-25 20:46:49",972
"2019-03-25 21:46:48",972
"2019-03-25 22:47:04",972
"2019-03-25 23:47:02",972
"2019-03-26 00:46:52",972
"2019-03-26 01:46:51",972
"2019-03-26 02:46:55",972
"2019-03-26 03:46:50",972
"2019-03-26 04:46:49",972
"2019-03-26 05:46:52",972
"2019-03-26 06:46:46",972
"2019-03-26 07:46:47",972
"2019-03-26 08:46:46",972
"2019-03-26 09:46:47",972
"2019-03-26 10:46:53",972
"2019-03-26 11:46:48",972
"2019-03-26 12:46:52",972
"2019-03-26 13:47:00",972
"2019-03-26 14:46:46",971
"2019-03-26 15:46:59",969
"2019-03-26 16:46:56",966
"2019-03-26 17:46:50",965
"2019-03-26 18:46:55",966
"2019-03-26 19:47:03",965
"2019-03-26 20:46:51",966
"2019-03-26 21:46:49",966
"2019-03-26 22:46:49",965
"2019-03-26 23:46:51",965
"2019-03-27 00:46:58",965
"2019-03-27 01:46:50",965
"2019-03-27 02:46:47",965
"2019-03-27 03:47:01",965
"2019-03-27 04:46:55",965
"2019-03-27 05:46:51",965
"2019-03-27 06:47:00",965
"2019-03-27 07:46:48",965
"2019-03-27 08:46:48",965
"2019-03-27 09:46:49",965
"2019-03-27 10:46:57",965
"2019-03-27 11:46:48",965
"2019-03-27 13:11:35",965
"2019-03-27 13:46:51",965
"2019-03-27 14:46:59",962
"2019-03-27 15:46:50",960
"2019-03-27 16:46:52",958
"2019-03-27 17:47:05",958
"2019-03-27 18:46:49",959
"2019-03-27 19:46:47",961
"2019-03-27 20:46:53",961
"2019-03-27 21:46:51",961
"2019-03-27 22:47:08",961
"2019-03-27 23:46:55",961
"2019-03-28 00:46:53",961
"2019-03-28 01:46:51",961
"2019-03-28 02:47:06",961
"2019-03-28 03:46:53",961
"2019-03-28 04:46:58",961
"2019-03-28 05:46:49",961
"2019-03-28 06:46:46",961
"2019-03-28 07:46:48",961
"2019-03-28 08:46:46",961
"2019-03-28 09:46:47",961
"2019-03-28 10:46:47",961
"2019-03-28 11:46:46",961
"2019-03-28 13:11:25",961
"2019-03-28 13:46:55",961
"2019-03-28 14:46:49",961
"2019-03-28 15:46:52",959
"2019-03-28 16:46:55",956
"2019-03-28 17:46:51",951
"2019-03-28 18:46:51",953
"2019-03-28 19:46:50",950
"2019-03-28 20:46:55",950
"2019-03-28 21:46:52",950
"2019-03-28 22:46:50",950
"2019-03-28 23:46:50",950
"2019-03-29 00:46:49",950
"2019-03-29 01:47:10",950
"2019-03-29 02:46:59",950
"2019-03-29 03:47:05",950
"2019-03-29 04:46:56",950
"2019-03-29 05:46:49",950
"2019-03-29 06:46:45",950
"2019-03-29 07:46:48",950
"2019-03-29 08:46:56",950
"2019-03-29 09:46:49",950
"2019-03-29 10:46:51",950
"2019-03-29 11:46:54",950
"2019-03-29 13:11:52",950
"2019-03-29 13:46:53",950
"2019-03-29 14:46:53",948
"2019-03-29 15:46:52",946
"2019-03-29 16:46:44",945
"2019-03-29 17:46:57",944
"2019-03-29 18:47:14",943
"2019-03-29 19:46:55",944
"2019-03-29 20:46:56",945
"2019-03-29 21:46:54",945
"2019-03-29 22:47:03",945
"2019-03-29 23:47:11",945
"2019-03-30 00:47:01",945
"2019-03-30 01:46:59",945
"2019-03-30 02:47:04",945
"2019-03-30 03:47:01",945
"2019-03-30 04:47:02",945
"2019-03-30 05:46:54",945
"2019-03-30 06:46:53",945
"2019-03-30 07:46:54",945
"2019-03-30 08:47:20",945
"2019-03-30 09:46:55",945
"2019-03-30 10:46:56",945
"2019-03-30 11:46:54",945
"2019-03-30 12:47:05",945
"2019-03-30 13:46:47",945
"2019-03-30 14:46:46",945
"2019-03-30 15:46:46",945
"2019-03-30 16:46:46",945
"2019-03-30 17:46:58",945
"2019-03-30 18:46:45",945
"2019-03-30 19:46:47",945
"2019-03-30 20:46:46",945
"2019-03-30 21:46:48",945
"2019-03-30 22:46:57",945
"2019-03-30 23:46:47",945
"2019-03-31 00:46:48",945
"2019-03-31 01:46:52",945
"2019-03-31 02:46:58",945
"2019-03-31 03:46:50",945
"2019-03-31 04:46:47",945
"2019-03-31 05:46:46",945
"2019-03-31 06:46:58",945
"2019-03-31 07:46:48",945
"2019-03-31 08:46:46",945
"2019-03-31 09:46:46",945
"2019-03-31 10:46:51",945
"2019-03-31 11:46:47",945
"2019-03-31 12:46:48",945
"2019-03-31 13:46:53",945
"2019-03-31 14:46:46",945
"2019-03-31 15:46:48",945
"2019-03-31 16:46:50",945
"2019-03-31 17:47:03",945
"2019-03-31 18:46:48",945
"2019-03-31 19:46:48",945
"2019-03-31 20:46:47",945
"2019-03-31 21:46:48",945
"2019-03-31 22:46:47",945
"2019-03-31 23:46:53",945
"2019-04-01 00:47:00",945
"2019-04-01 01:46:53",945
"2019-04-01 02:46:58",945
"2019-04-01 03:47:12",945
"2019-04-01 04:46:51",945
"2019-04-01 05:46:51",945
"2019-04-01 06:46:53",945
"2019-04-01 07:46:57",945
"2019-04-01 08:46:50",945
"2019-04-01 09:46:52",945
"2019-04-01 10:47:00",945
"2019-04-01 11:46:59",945
"2019-04-01 13:47:52",945
"2019-04-01 14:47:01",940
"2019-04-01 15:47:13",940
"2019-04-01 16:47:06",940
"2019-04-01 17:46:56",941
"2019-04-01 18:46:51",942
"2019-04-01 19:47:07",944
"2019-04-01 20:46:53",944
"2019-04-01 21:46:48",944
"2019-04-01 22:46:55",944
"2019-04-01 23:46:53",944
"2019-04-02 00:47:02",944
"2019-04-02 01:47:21",944
"2019-04-02 02:46:54",944
"2019-04-02 03:47:04",944
"2019-04-02 04:46:55",944
"2019-04-02 05:46:50",944
"2019-04-02 06:46:49",944
"2019-04-02 07:46:57",944
"2019-04-02 08:46:50",944
"2019-04-02 09:47:01",944
"2019-04-02 10:46:50",944
"2019-04-02 11:46:48",944
"2019-04-02 13:11:33",944
"2019-04-02 13:46:53",944
"2019-04-02 14:46:50",940
"2019-04-02 15:47:04",940
"2019-04-02 16:46:52",941
"2019-04-02 17:47:03",939
"2019-04-02 18:46:55",940
"2019-04-02 19:46:58",943
"2019-04-02 20:47:05",944
"2019-04-02 21:46:56",944
"2019-04-02 22:46:53",944
"2019-04-02 23:46:54",944
"2019-04-03 00:47:18",944
"2019-04-03 01:46:56",944
"2019-04-03 02:46:56",944
"2019-04-03 03:46:58",944
"2019-04-03 04:46:58",944
"2019-04-03 05:46:57",944
"2019-04-03 06:47:03",944
"2019-04-03 07:46:52",944
"2019-04-03 08:46:54",944
"2019-04-03 09:47:12",944
"2019-04-03 10:47:08",944
"2019-04-03 11:46:57",944
"2019-04-03 13:11:35",944
"2019-04-03 13:46:59",944
"2019-04-03 14:47:04",950
"2019-04-03 15:47:07",948
"2019-04-03 16:46:52",950
"2019-04-03 17:46:51",949
"2019-04-03 18:46:52",952
"2019-04-03 19:46:58",953
"2019-04-03 20:46:55",952
"2019-04-03 21:46:51",952
"2019-04-03 22:46:48",952
"2019-04-03 23:46:59",952
"2019-04-04 00:46:49",952
"2019-04-04 01:46:53",952
"2019-04-04 02:46:52",952
"2019-04-04 03:47:00",952
"2019-04-04 04:46:48",952
"2019-04-04 05:46:48",952
"2019-04-04 06:46:47",952
"2019-04-04 07:46:50",952
"2019-04-04 08:46:57",952
"2019-04-04 09:46:48",952
"2019-04-04 10:46:50",952
"2019-04-04 11:46:59",952
"2019-04-04 12:46:51",952
"2019-04-04 13:46:51",952
"2019-04-04 14:47:03",955
"2019-04-04 15:46:54",959
"2019-04-04 16:47:05",958
"2019-04-04 17:46:49",958
"2019-04-04 18:46:58",953
"2019-04-04 19:46:51",951
"2019-04-04 20:46:50",951
"2019-04-04 21:46:55",951
"2019-04-04 22:47:08",951
"2019-04-04 23:46:51",951
"2019-04-05 00:46:53",951
"2019-04-05 01:46:50",951
"2019-04-05 02:46:49",951
"2019-04-05 03:47:09",951
"2019-04-05 04:46:52",951
"2019-04-05 05:46:50",951
"2019-04-05 06:46:49",951
"2019-04-05 07:46:51",951
"2019-04-05 08:47:06",951
"2019-04-05 09:46:51",951
"2019-04-05 10:47:01",951
"2019-04-05 11:46:51",951
"2019-04-05 13:11:03",951
"2019-04-05 13:46:56",951
"2019-04-05 14:46:55",959
"2019-04-05 15:47:02",958
"2019-04-05 16:46:50",951
"2019-04-05 17:46:51",950
"2019-04-05 18:46:54",954
"2019-04-05 19:46:53",955
"2019-04-05 20:46:52",954
"2019-04-05 21:47:00",954
"2019-04-05 22:46:52",954
"2019-04-05 23:46:56",954
"2019-04-06 00:46:55",954
"2019-04-06 01:47:12",954
"2019-04-06 02:46:59",954
"2019-04-06 03:46:59",954
"2019-04-06 04:47:05",954
"2019-04-06 05:46:55",954
"2019-04-06 06:46:53",954
"2019-04-06 07:46:56",954
"2019-04-06 08:47:08",954
"2019-04-06 09:46:53",954
"2019-04-06 10:46:53",954
"2019-04-06 11:46:56",954
"2019-04-06 12:46:55",954
"2019-04-06 13:46:50",954
"2019-04-06 14:46:50",954
"2019-04-06 15:47:02",954
"2019-04-06 16:46:51",954
"2019-04-06 17:46:51",954
"2019-04-06 18:46:52",954
"2019-04-06 19:46:51",954
"2019-04-06 20:46:48",954
"2019-04-06 21:47:05",954
"2019-04-06 22:46:52",954
"2019-04-06 23:46:52",954
"2019-04-07 00:46:51",954
"2019-04-07 01:46:48",954
"2019-04-07 02:46:55",954
"2019-04-07 03:47:03",954
"2019-04-07 04:46:54",954
"2019-04-07 05:46:54",954
"2019-04-07 06:46:57",954
"2019-04-07 07:47:07",954
"2019-04-07 08:46:55",954
"2019-04-07 09:47:00",954
"2019-04-07 10:46:50",954
"2019-04-07 11:47:00",954
"2019-04-07 12:46:56",954
"2019-04-07 13:47:04",954
"2019-04-07 14:46:52",954
"2019-04-07 15:46:57",954
"2019-04-07 16:47:01",954
"2019-04-07 17:46:52",954
"2019-04-07 18:46:53",954
"2019-04-07 19:46:52",954
"2019-04-07 20:47:01",954
"2019-04-07 21:46:50",954
"2019-04-07 22:46:51",954
"2019-04-07 23:46:50",954
"2019-04-08 00:47:06",954
"2019-04-08 01:46:58",954
"2019-04-08 02:46:53",954
"2019-04-08 03:46:53",954
"2019-04-08 04:46:48",954
"2019-04-08 05:47:02",954
"2019-04-08 06:46:49",954
"2019-04-08 07:46:48",954
"2019-04-08 08:46:49",954
"2019-04-08 09:46:52",954
"2019-04-08 10:46:51",954
"2019-04-08 11:47:08",954
"2019-04-08 12:46:51",954
"2019-04-08 13:47:03",955
"2019-04-08 14:46:49",958
"2019-04-08 15:46:57",958
"2019-04-08 16:47:14",962
"2019-04-08 17:46:54",965
"2019-04-08 18:46:54",967
"2019-04-08 19:46:54",966
"2019-04-08 20:46:53",964
"2019-04-08 21:46:56",964
"2019-04-08 22:46:54",963
"2019-04-08 23:46:53",963
"2019-04-09 00:47:04",963
"2019-04-09 01:46:56",963
"2019-04-09 02:46:56",963
"2019-04-09 03:46:56",963
"2019-04-09 04:46:54",963
"2019-04-09 05:47:01",963
"2019-04-09 06:46:54",963
"2019-04-09 07:46:52",963
"2019-04-09 08:46:57",963
"2019-04-09 09:47:12",963
"2019-04-09 10:46:52",963
"2019-04-09 11:46:56",963
"2019-04-09 13:12:15",963
"2019-04-09 13:46:52",963
"2019-04-09 14:46:52",967
"2019-04-09 15:47:11",967
"2019-04-09 16:46:55",967
"2019-04-09 17:46:53",968
"2019-04-09 18:46:54",969
"2019-04-09 19:46:54",967
"2019-04-09 20:46:54",964
"2019-04-09 21:46:54",964
"2019-04-09 22:46:54",964
"2019-04-09 23:47:05",964
"2019-04-10 00:46:55",964
"2019-04-10 01:46:58",964
"2019-04-10 02:46:58",964
"2019-04-10 03:47:01",964
"2019-04-10 04:47:06",964
"2019-04-10 05:46:53",964
"2019-04-10 06:46:52",964
"2019-04-10 07:46:54",964
"2019-04-10 08:47:05",964
"2019-04-10 09:46:55",964
"2019-04-10 10:46:54",964
"2019-04-10 11:46:59",964
"2019-04-10 12:47:11",964
"2019-04-10 13:47:11",964
"2019-04-10 14:46:56",962
"2019-04-10 15:46:59",962
"2019-04-10 16:46:56",962
"2019-04-10 17:47:09",965
"2019-04-10 18:47:01",963
"2019-04-10 19:46:57",967
"2019-04-10 20:46:54",967
"2019-04-10 21:46:50",967
"2019-04-10 22:46:51",967
"2019-04-10 23:47:05",967
"2019-04-11 00:46:53",967
"2019-04-11 01:46:50",967
"2019-04-11 02:46:55",967
"2019-04-11 03:46:58",967
"2019-04-11 04:46:59",967
"2019-04-11 05:46:55",967
"2019-04-11 06:46:52",967
"2019-04-11 18:47:05",977
"2019-04-11 19:47:18",974
"2019-04-11 20:46:56",991
"2019-04-11 21:46:55",994
"2019-04-11 22:46:54",994
"2019-04-11 23:46:56",994
"2019-04-12 00:46:55",994
"2019-04-12 01:46:58",994
"2019-04-12 02:47:06",994
"2019-04-12 03:46:58",994
"2019-04-12 04:46:54",994
"2019-04-12 05:46:55",994
"2019-04-12 06:46:52",994
"2019-04-12 07:46:52",994
"2019-04-12 08:46:54",994
"2019-04-12 09:47:00",994
"2019-04-12 10:46:52",994
"2019-04-12 11:46:52",994
"2019-04-12 13:10:41",994
"2019-04-12 13:46:57",994
"2019-04-12 14:46:53",1010
"2019-04-12 15:47:04",1004
"2019-04-12 16:46:59",1002
"2019-04-12 17:46:55",1000
"2019-04-12 18:46:54",1004
"2019-04-12 19:46:54",1006
"2019-04-12 20:46:54",1003
"2019-04-12 21:46:53",1002
"2019-04-12 22:47:08",1001
"2019-04-12 23:46:53",1001
"2019-04-13 00:46:57",1001
"2019-04-13 01:46:55",1001
"2019-04-13 02:46:58",1001
"2019-04-13 03:47:15",1001
"2019-04-13 04:46:58",1001
"2019-04-13 05:46:54",1001
"2019-04-13 06:46:57",1001
"2019-04-13 07:46:51",1001
"2019-04-13 08:46:56",1001
"2019-04-13 09:47:00",1001
"2019-04-13 10:46:51",1001
"2019-04-13 11:46:56",1001
"2019-04-13 12:46:54",1001
"2019-04-13 13:46:57",1001
"2019-04-13 14:46:59",1001
"2019-04-13 15:46:59",1001
"2019-04-13 16:46:57",1001
"2019-04-13 17:46:52",1001
"2019-04-13 18:46:56",1001
"2019-04-13 19:46:56",1001
"2019-04-13 20:46:54",1001
"2019-04-13 21:47:03",1001
"2019-04-13 22:46:54",1001
"2019-04-13 23:46:53",1001
"2019-04-14 00:46:55",1001
"2019-04-14 01:46:59",1001
"2019-04-14 02:46:54",1001
"2019-04-14 03:46:57",1001
"2019-04-14 04:47:06",1001
"2019-04-14 05:46:53",1001
"2019-04-14 06:46:55",1001
"2019-04-14 07:46:59",1001
"2019-04-14 08:46:53",1001
"2019-04-14 09:46:56",1001
"2019-04-14 10:46:51",1001
"2019-04-14 11:47:00",1001
"2019-04-14 12:46:52",1001
"2019-04-14 13:46:57",1001
"2019-04-14 14:47:05",1001
"2019-04-14 15:46:59",1001
"2019-04-14 16:47:00",1001
"2019-04-14 17:46:57",1001
"2019-04-14 18:47:27",1001
"2019-04-14 19:46:59",1001
"2019-04-14 20:47:02",1001
"2019-04-14 21:47:10",1001
"2019-04-14 22:46:55",1001
"2019-04-14 23:46:58",1001
"2019-04-15 00:46:55",1001
"2019-04-15 01:46:55",1001
"2019-04-15 02:46:56",1001
"2019-04-15 03:47:12",1001
"2019-04-15 04:46:57",1001
"2019-04-15 05:46:56",1001
"2019-04-15 06:46:51",1001
"2019-04-15 07:46:55",1001
"2019-04-15 08:47:01",1001
"2019-04-15 09:46:52",1001
"2019-04-15 10:46:51",1001
"2019-04-15 11:46:53",1001
"2019-04-15 13:12:38",1002
"2019-04-15 13:46:52",1002
"2019-04-15 14:46:57",1011
"2019-04-15 15:47:04",1013
"2019-04-15 16:46:54",1016
"2019-04-15 17:47:03",1018
"2019-04-15 18:47:01",1014
"2019-04-15 19:47:23",1011
"2019-04-15 20:46:54",1012
"2019-04-15 21:46:55",1012
"2019-04-15 22:46:56",1012
"2019-04-15 23:47:02",1012
"2019-04-16 00:46:57",1012
"2019-04-16 01:46:55",1012
"2019-04-16 02:46:57",1012
"2019-04-16 03:47:04",1012
"2019-04-16 04:46:55",1012
"2019-04-16 05:46:54",1012
"2019-04-16 06:46:54",1012
"2019-04-16 07:46:52",1012
"2019-04-16 08:47:09",1012
"2019-04-16 09:46:52",1012
"2019-04-16 10:47:04",1012
"2019-04-16 11:46:51",1012
"2019-04-16 13:10:55",1012
"2019-04-16 13:46:57",1012
"2019-04-16 14:47:00",1011
"2019-04-16 15:46:53",1008
"2019-04-16 16:46:52",1008
"2019-04-16 17:46:49",1005
"2019-04-16 18:47:04",1003
"2019-04-16 19:46:53",1004
"2019-04-16 20:46:54",1000
"2019-04-16 21:46:50",1000
"2019-04-16 22:46:50",999
"2019-04-16 23:46:51",999
"2019-04-17 00:46:53",999
"2019-04-17 01:47:00",999
"2019-04-17 02:47:02",999
"2019-04-17 03:46:52",999
"2019-04-17 04:46:53",999
"2019-04-17 05:46:53",999
"2019-04-17 06:47:12",999
"2019-04-17 07:46:54",999
"2019-04-17 08:46:51",999
"2019-04-17 09:47:03",999
"2019-04-17 10:46:52",999
"2019-04-17 11:46:52",999
"2019-04-17 13:12:04",999
"2019-04-17 13:46:57",999
"2019-04-17 14:46:55",1001
"2019-04-17 15:47:39",1001
"2019-04-17 16:46:56",1002
"2019-04-17 17:47:03",1003
"2019-04-17 18:46:54",1002
"2019-04-17 19:46:54",1000
"2019-04-17 20:46:55",1000
"2019-04-17 21:46:53",1000
"2019-04-17 22:46:56",1000
"2019-04-18 00:46:56",1000
"2019-04-18 01:46:56",1000
"2019-04-18 02:46:53",1000
"2019-04-18 03:47:07",1000
"2019-04-18 04:46:55",1000
"2019-04-18 05:47:02",1000
"2019-04-18 06:46:52",1000
"2019-04-18 07:46:51",1000
"2019-04-18 08:47:01",1000
"2019-04-18 09:46:51",1000
"2019-04-18 10:46:54",1000
"2019-04-18 11:46:59",1000
"2019-04-18 13:11:56",1000
"2019-04-18 13:46:55",1000
"2019-04-18 14:47:04",998
"2019-04-18 15:46:54",1003
"2019-04-18 16:46:59",1004
"2019-04-18 17:47:03",1005
"2019-04-18 18:46:54",1004
"2019-04-18 19:46:51",1003
"2019-04-18 20:46:53",1008
"2019-04-18 21:46:55",1008
"2019-04-18 22:46:55",1009
"2019-04-18 23:47:01",1009
"2019-04-19 00:49:59",1009
"2019-04-19 02:46:53",1009
"2019-04-19 03:47:07",1009
"2019-04-19 04:46:53",1009
"2019-04-19 05:46:52",1009
"2019-04-19 06:46:54",1009
"2019-04-19 07:47:02",1009
"2019-04-19 08:46:56",1009
"2019-04-19 09:46:52",1009
"2019-04-19 10:46:55",1009
"2019-04-19 11:46:50",1009
"2019-04-19 12:46:54",1009
"2019-04-19 13:46:56",1009
"2019-04-19 14:47:00",1009
"2019-04-19 15:46:51",1009
"2019-04-19 16:46:57",1009
"2019-04-19 17:47:06",1009
"2019-04-19 18:46:53",1009
"2019-04-19 19:46:52",1009
"2019-04-19 20:46:52",1009
"2019-04-19 21:46:53",1009
"2019-04-19 22:46:52",1009
"2019-04-19 23:46:56",1009
"2019-04-20 00:47:03",1009
"2019-04-20 01:46:56",1009
"2019-04-20 02:46:55",1009
"2019-04-20 03:46:53",1009
"2019-04-20 04:47:02",1009
"2019-04-20 05:46:54",1009
"2019-04-20 06:46:52",1009
"2019-04-20 07:46:57",1009
"2019-04-20 08:46:53",1009
"2019-04-20 09:47:01",1009
"2019-04-20 10:46:53",1009
"2019-04-20 11:46:50",1009
"2019-04-20 12:47:09",1009
"2019-04-20 13:48:23",1009
"2019-04-20 14:46:52",1009
"2019-04-20 15:46:50",1009
"2019-04-20 16:46:58",1009
"2019-04-20 17:46:57",1009
"2019-04-20 18:46:52",1009
"2019-04-20 19:46:52",1009
"2019-04-20 20:46:52",1009
"2019-04-20 21:46:51",1009
"2019-04-20 22:46:53",1009
"2019-04-20 23:47:04",1009
"2019-04-21 00:46:52",1009
"2019-04-21 01:46:52",1009
"2019-04-21 02:46:55",1009
"2019-04-21 03:46:54",1009
"2019-04-21 04:46:59",1009
"2019-04-21 05:46:52",1009
"2019-04-21 06:46:50",1009
"2019-04-21 07:47:01",1009
"2019-04-21 08:46:49",1009
"2019-04-21 09:46:50",1009
"2019-04-21 10:46:53",1009
"2019-04-21 11:46:55",1009
"2019-04-21 12:46:51",1009
"2019-04-21 13:46:52",1009
"2019-04-21 14:47:03",1009
"2019-04-21 15:46:52",1009
"2019-04-21 16:46:53",1009
"2019-04-21 17:46:53",1009
"2019-04-21 18:46:50",1009
"2019-04-21 19:47:01",1009
"2019-04-21 20:46:50",1009
"2019-04-21 21:46:51",1009
"2019-04-21 22:46:50",1009
"2019-04-21 23:46:51",1009
"2019-04-22 00:46:50",1009
"2019-04-22 01:47:01",1009
"2019-04-22 02:47:04",1009
"2019-04-22 03:46:53",1009
"2019-04-22 04:46:48",1009
"2019-04-22 05:46:51",1009
"2019-04-22 06:46:58",1009
"2019-04-22 07:46:54",1009
"2019-04-22 08:46:51",1009
"2019-04-22 09:46:50",1009
"2019-04-22 10:46:58",1009
"2019-04-22 11:46:57",1009
"2019-04-22 13:12:29",1010
"2019-04-22 13:46:58",1010
"2019-04-22 14:47:00",1028
"2019-04-22 15:46:53",1034
"2019-04-22 16:46:53",1035
"2019-04-22 17:46:55",1035
"2019-04-22 18:47:01",1039
"2019-04-22 19:46:57",1041
"2019-04-22 20:46:53",1042
"2019-04-22 21:46:54",1041
"2019-04-22 22:46:53",1041
"2019-04-22 23:46:59",1041
"2019-04-23 00:46:57",1041
"2019-04-23 01:46:53",1041
"2019-04-23 02:46:54",1041
"2019-04-23 03:46:57",1041
"2019-04-23 04:47:01",1041
"2019-04-23 05:46:54",1041
"2019-04-23 06:47:32",1041
"2019-04-23 07:46:53",1041
"2019-04-23 08:46:50",1041
"2019-04-23 09:46:52",1041
"2019-04-23 10:46:57",1041
"2019-04-23 11:46:57",1041
"2019-04-23 13:12:59",1041
"2019-04-23 13:46:53",1041
"2019-04-23 14:46:52",1043
"2019-04-23 15:47:00",1045
"2019-04-23 16:46:55",1044
"2019-04-23 17:46:54",1041
"2019-04-23 18:46:52",1040
"2019-04-23 19:46:56",1040
"2019-04-23 20:47:07",1042
"2019-04-23 21:46:55",1042
"2019-04-23 22:46:52",1042
"2019-04-23 23:46:54",1042
"2019-04-24 00:46:51",1042
"2019-04-24 01:46:54",1042
"2019-04-24 02:47:03",1042
"2019-04-24 03:46:55",1042
"2019-04-24 04:46:53",1042
"2019-04-24 05:46:51",1042
"2019-04-24 06:46:56",1042
"2019-04-24 07:47:02",1042
"2019-04-24 08:46:53",1042
"2019-04-24 09:46:53",1042
"2019-04-24 10:47:00",1042
"2019-04-24 11:47:00",1042
"2019-04-24 12:46:51",1042
"2019-04-24 13:47:15",1042
"2019-04-24 14:46:59",1042
"2019-04-24 15:47:00",1045
"2019-04-24 16:46:59",1042
"2019-04-24 17:46:59",1042
"2019-04-24 18:47:14",1041
"2019-04-24 19:46:56",1041
"2019-04-24 20:46:58",1043
"2019-04-24 21:46:57",1041
"2019-04-24 22:46:54",1041
"2019-04-24 23:47:08",1041
"2019-04-25 00:46:58",1041
"2019-04-25 01:46:56",1041
"2019-04-25 02:46:55",1041
"2019-04-25 03:47:07",1041
"2019-04-25 04:46:53",1041
"2019-04-25 05:46:54",1041
"2019-04-25 06:47:00",1041
"2019-04-25 07:46:54",1041
"2019-04-25 08:46:57",1041
"2019-04-25 09:46:52",1041
"2019-04-25 10:46:58",1041
"2019-04-25 11:46:58",1041
"2019-04-25 13:11:31",1041
"2019-04-25 13:46:54",1041
"2019-04-25 14:47:03",1043
"2019-04-25 15:46:53",1040
"2019-04-25 16:47:01",1040
"2019-04-25 17:46:50",1048
"2019-04-25 18:46:50",1057
"2019-04-25 19:46:58",1057
"2019-04-25 20:46:50",1056
"2019-04-25 21:47:00",1056
"2019-04-25 22:46:50",1056
"2019-04-25 23:46:50",1056
"2019-04-26 00:46:54",1056
"2019-04-26 01:47:03",1056
"2019-04-26 02:46:53",1056
"2019-04-26 03:46:53",1056
"2019-04-26 04:46:56",1056
"2019-04-26 05:47:00",1056
"2019-04-26 06:46:57",1056
"2019-04-26 07:46:52",1056
"2019-04-26 08:47:02",1056
"2019-04-26 09:46:50",1056
"2019-04-26 10:47:05",1056
"2019-04-26 11:46:52",1056
"2019-04-26 12:46:52",1056
"2019-04-26 13:46:59",1056
"2019-04-26 14:46:51",1059
"2019-04-26 15:46:59",1058
"2019-04-26 16:46:50",1054
"2019-04-26 17:47:07",1054
"2019-04-26 18:46:52",1053
"2019-04-26 19:46:51",1050
"2019-04-26 20:46:58",1049
"2019-04-26 21:46:50",1049
"2019-04-26 22:46:49",1049
"2019-04-26 23:46:52",1049
"2019-04-27 00:46:53",1049
"2019-04-27 01:46:58",1049
"2019-04-27 02:46:50",1049
"2019-04-27 03:46:50",1049
"2019-04-27 04:46:48",1049
"2019-04-27 05:46:52",1049
"2019-04-27 06:46:57",1049
"2019-04-27 07:46:48",1049
"2019-04-27 08:46:48",1049
"2019-04-27 09:46:55",1049
"2019-04-27 10:46:51",1049
"2019-04-27 11:46:46",1049
"2019-04-27 12:46:48",1049
"2019-04-27 13:46:54",1049
"2019-04-27 14:46:49",1049
"2019-04-27 15:46:47",1049
"2019-04-27 16:46:51",1049
"2019-04-27 17:47:00",1049
"2019-04-27 18:46:51",1049
"2019-04-27 19:46:46",1049
"2019-04-27 20:46:51",1049
"2019-04-27 21:46:53",1049
"2019-04-27 22:46:48",1049
"2019-04-27 23:46:48",1049
"2019-04-28 00:46:49",1049
"2019-04-28 01:46:51",1049
"2019-04-28 02:46:50",1049
"2019-04-28 03:46:49",1049
"2019-04-28 04:47:00",1049
"2019-04-28 05:46:49",1049
"2019-04-28 06:46:48",1049
"2019-04-28 07:46:47",1049
"2019-04-28 08:46:54",1049
"2019-04-28 09:46:48",1049
"2019-04-28 10:46:54",1049
"2019-04-28 11:46:52",1049
"2019-04-28 12:46:47",1049
"2019-04-28 13:46:48",1049
"2019-04-28 14:46:56",1049
"2019-04-28 15:46:49",1049
"2019-04-28 16:46:47",1049
"2019-04-28 17:46:50",1049
"2019-04-28 18:46:50",1049
"2019-04-28 20:46:49",1049
"2019-04-28 21:46:50",1049
"2019-04-28 22:46:49",1049
"2019-04-28 23:46:53",1049
"2019-04-29 00:46:57",1049
"2019-04-29 01:46:47",1049
"2019-04-29 02:46:48",1049
"2019-04-29 03:46:50",1049
"2019-04-29 04:46:56",1049
"2019-04-29 05:46:49",1049
"2019-04-29 06:46:48",1049
"2019-04-29 07:46:50",1049
"2019-04-29 08:46:55",1049
"2019-04-29 09:46:53",1049
"2019-04-29 10:46:48",1049
"2019-04-29 11:46:49",1049
"2019-04-29 12:46:58",1049
"2019-04-29 13:46:48",1049
"2019-04-29 14:46:58",1049
"2019-04-29 15:46:48",1046
"2019-04-29 16:46:54",1046
"2019-04-29 17:46:52",1047
"2019-04-29 18:46:52",1048
"2019-04-29 19:46:55",1048
"2019-04-29 20:47:04",1045
"2019-04-29 21:46:51",1044
"2019-04-29 22:46:48",1044
"2019-04-29 23:46:52",1044
"2019-04-30 00:46:50",1044
"2019-04-30 01:46:56",1044
"2019-04-30 02:46:58",1044
"2019-04-30 03:47:00",1044
"2019-04-30 04:46:53",1044
"2019-04-30 05:46:55",1044
"2019-04-30 06:46:53",1044
"2019-04-30 07:46:51",1044
"2019-04-30 08:46:55",1044
"2019-04-30 09:47:00",1044
"2019-04-30 10:46:56",1044
"2019-04-30 11:46:52",1044
"2019-04-30 13:10:57",1044
"2019-04-30 13:46:56",1044
"2019-04-30 14:46:57",1044
"2019-04-30 15:46:57",1044
"2019-04-30 16:46:58",1041
"2019-04-30 17:47:04",1041
"2019-04-30 18:46:53",1043
"2019-04-30 19:46:58",1043
"2019-04-30 20:46:52",1041
"2019-04-30 21:46:53",1041
"2019-04-30 22:46:49",1041
"2019-04-30 23:46:58",1041
"2019-05-01 00:46:49",1041
"2019-05-01 01:47:02",1041
"2019-05-01 02:46:55",1041
"2019-05-01 03:47:04",1041
"2019-05-01 04:47:02",1041
"2019-05-01 05:46:58",1041
"2019-05-01 06:46:50",1041
"2019-05-01 07:46:57",1041
"2019-05-01 08:46:56",1041
"2019-05-01 09:46:56",1041
"2019-05-01 10:46:49",1041
"2019-05-01 11:46:55",1041
"2019-05-01 13:10:55",1041
"2019-05-01 13:46:57",1041
"2019-05-01 14:46:47",1045
"2019-05-01 15:46:59",1043
"2019-05-01 16:46:54",1043
"2019-05-01 17:46:49",1043
"2019-05-01 18:46:58",1043
"2019-05-01 19:47:04",1034
"2019-05-01 20:47:02",1032
"2019-05-01 21:46:56",1031
"2019-05-01 22:47:00",1032
"2019-05-01 23:47:01",1032
"2019-05-02 00:47:03",1032
"2019-05-02 01:46:55",1032
"2019-05-02 02:47:05",1032
"2019-05-02 03:46:57",1032
"2019-05-02 04:47:06",1032
"2019-05-02 05:47:06",1032
"2019-05-02 06:47:04",1032
"2019-05-02 07:47:00",1032
"2019-05-02 08:47:00",1032
"2019-05-02 09:46:54",1032
"2019-05-02 10:47:02",1032
"2019-05-02 11:46:54",1032
"2019-05-02 13:47:10",1032
"2019-05-02 14:46:55",1034
"2019-05-02 15:46:56",1036
"2019-05-02 16:47:04",1035
"2019-05-02 17:46:57",1034
"2019-05-02 18:46:57",1036
"2019-05-02 19:47:08",1035
"2019-05-02 20:46:58",1036
"2019-05-02 21:47:05",1036
"2019-05-02 22:47:10",1035
"2019-05-02 23:46:54",1035
"2019-05-03 00:46:56",1035
"2019-05-03 01:47:13",1035
"2019-05-03 02:46:59",1035
"2019-05-03 03:47:09",1035
"2019-05-03 04:46:57",1035
"2019-05-03 05:47:19",1035
"2019-05-03 06:47:02",1035
"2019-05-03 07:47:03",1035
"2019-05-03 08:47:03",1035
"2019-05-03 09:47:00",1035
"2019-05-03 10:47:07",1035
"2019-05-03 11:47:00",1035
"2019-05-03 13:10:13",1035
"2019-05-03 13:47:18",1035
"2019-05-03 14:47:09",1035
"2019-05-03 15:47:06",1034
"2019-05-03 16:47:03",1034
"2019-05-03 17:47:07",1032
"2019-05-03 18:47:17",1031
"2019-05-03 19:47:12",1030
"2019-05-03 20:46:58",1028
"2019-05-03 21:47:13",1028
"2019-05-03 22:46:59",1028
"2019-05-03 23:47:09",1028
"2019-05-04 00:47:03",1028
"2019-05-04 01:47:07",1028
"2019-05-04 02:47:13",1028
"2019-05-04 03:47:16",1028
"2019-05-04 04:47:08",1028
"2019-05-04 05:47:04",1028
"2019-05-04 06:47:06",1028
"2019-05-04 07:47:07",1028
"2019-05-04 08:46:57",1028
"2019-05-04 09:47:01",1028
"2019-05-04 10:46:56",1028
"2019-05-04 11:47:02",1028
"2019-05-04 12:47:06",1028
"2019-05-04 13:47:08",1028
"2019-05-04 14:46:58",1028
"2019-05-04 15:46:59",1028
"2019-05-04 16:47:02",1028
"2019-05-04 17:46:57",1028
"2019-05-04 18:46:59",1028
"2019-05-04 19:47:01",1028
"2019-05-04 20:46:55",1028
"2019-05-04 21:46:58",1028
"2019-05-04 22:47:02",1028
"2019-05-04 23:47:04",1028
"2019-05-05 00:47:00",1028
"2019-05-05 01:47:06",1028
"2019-05-05 02:46:59",1028
"2019-05-05 03:47:04",1028
"2019-05-05 04:47:05",1028
"2019-05-05 05:47:07",1028
"2019-05-05 06:47:06",1028
"2019-05-05 07:46:59",1028
"2019-05-05 08:46:53",1028
"2019-05-05 09:46:55",1028
"2019-05-05 10:46:57",1028
"2019-05-05 11:47:00",1028
"2019-05-05 12:46:58",1028
"2019-05-05 13:47:00",1028
"2019-05-05 14:47:00",1028
"2019-05-05 15:46:58",1028
"2019-05-05 16:46:56",1028
"2019-05-05 17:47:07",1028
"2019-05-05 18:46:58",1028
"2019-05-05 19:46:56",1028
"2019-05-05 20:46:57",1028
"2019-05-05 21:46:59",1028
"2019-05-05 22:47:01",1028
"2019-05-05 23:47:02",1028
"2019-05-06 00:46:56",1028
"2019-05-06 01:46:56",1028
"2019-05-06 02:46:57",1028
"2019-05-06 03:47:04",1028
"2019-05-06 04:46:55",1028
"2019-05-06 05:46:53",1028
"2019-05-06 06:46:54",1028
"2019-05-06 07:47:00",1028
"2019-05-06 08:46:55",1028
"2019-05-06 09:46:52",1028
"2019-05-06 10:46:59",1028
"2019-05-06 11:47:00",1028
"2019-05-06 13:12:19",1029
"2019-05-06 13:47:23",1029
"2019-05-06 14:47:20",1033
"2019-05-06 15:46:55",1035
"2019-05-06 16:47:00",1033
"2019-05-06 17:38:51",1035
"2019-05-06 17:46:55",1035
"2019-05-06 18:46:59",1037
"2019-05-06 19:47:00",1036
"2019-05-06 20:46:53",1035
"2019-05-06 21:46:52",1035
"2019-05-06 22:46:56",1034
"2019-05-06 23:46:50",1034
"2019-05-07 00:46:53",1034
"2019-05-07 01:47:08",1034
"2019-05-07 02:46:54",1034
"2019-05-07 03:46:57",1034
"2019-05-07 04:46:56",1034
"2019-05-07 05:46:53",1034
"2019-05-07 06:46:50",1034
"2019-05-07 07:46:55",1034
"2019-05-07 08:46:48",1034
"2019-05-07 09:46:55",1034
"2019-05-07 10:46:52",1034
"2019-05-07 11:46:49",1034
"2019-05-07 12:46:59",1034
"2019-05-07 13:46:58",1034
"2019-05-07 14:46:51",1036
"2019-05-07 15:46:49",1037
"2019-05-07 16:46:59",1035
"2019-05-07 17:46:57",1031
"2019-05-07 18:46:57",1029
"2019-05-07 19:46:58",1030
"2019-05-07 20:46:53",1030
"2019-05-07 21:46:52",1030
"2019-05-07 22:46:53",1031
"2019-05-07 23:46:58",1031
"2019-05-08 00:46:52",1031
"2019-05-08 01:46:53",1031
"2019-05-08 02:46:54",1031
"2019-05-08 03:47:00",1031
"2019-05-08 04:46:54",1031
"2019-05-08 05:46:55",1031
"2019-05-08 06:46:54",1031
"2019-05-08 07:46:53",1031
"2019-05-08 08:46:51",1031
"2019-05-08 09:47:03",1031
"2019-05-08 10:46:51",1031
"2019-05-08 11:46:57",1031
"2019-05-08 13:10:59",1031
"2019-05-08 13:46:56",1031
"2019-05-08 14:47:01",1031
"2019-05-08 15:47:00",1034
"2019-05-08 16:46:57",1032
"2019-05-08 17:46:59",1032
"2019-05-08 18:47:06",1032
"2019-05-08 19:46:55",1032
"2019-05-08 20:46:52",1033
"2019-05-08 21:46:55",1033
"2019-05-08 22:46:54",1033
"2019-05-08 23:47:08",1033
"2019-05-09 00:46:54",1033
"2019-05-09 01:46:57",1033
"2019-05-09 02:47:00",1033
"2019-05-09 03:47:06",1033
"2019-05-09 04:47:06",1033
"2019-05-09 05:46:56",1033
"2019-05-09 06:47:02",1033
"2019-05-09 07:46:59",1033
"2019-05-09 08:46:58",1033
"2019-05-09 09:47:07",1033
"2019-05-09 10:46:56",1033
"2019-05-09 11:47:01",1033
"2019-05-09 13:10:30",1033
"2019-05-09 13:46:56",1033
"2019-05-09 14:47:00",1034
"2019-05-09 15:47:00",1033
"2019-05-09 16:46:58",1035
"2019-05-09 17:47:05",1034
"2019-05-09 18:46:56",1033
"2019-05-09 19:46:58",1033
"2019-05-09 20:46:56",1030
"2019-05-09 21:46:53",1030
"2019-05-09 22:47:07",1030
"2019-05-09 23:46:54",1030
"2019-05-10 00:46:56",1030
"2019-05-10 01:47:00",1030
"2019-05-10 02:47:14",1030
"2019-05-10 03:46:55",1030
"2019-05-10 04:47:08",1030
"2019-05-10 05:46:54",1030
"2019-05-10 06:47:28",1030
"2019-05-10 07:46:53",1030
"2019-05-10 08:47:01",1030
"2019-05-10 09:46:54",1030
"2019-05-10 10:46:57",1030
"2019-05-10 11:46:54",1030
"2019-05-10 12:47:06",1030
"2019-05-10 13:46:56",1030
"2019-05-10 14:47:01",1034
"2019-05-10 15:46:55",1034
"2019-05-10 16:46:56",1032
"2019-05-10 17:46:57",1033
"2019-05-10 18:47:06",1036
"2019-05-10 19:46:58",1036
"2019-05-10 20:46:54",1035
"2019-05-10 21:46:55",1035
"2019-05-10 22:47:01",1035
"2019-05-10 23:46:59",1035
"2019-05-11 00:47:09",1035
"2019-05-11 01:46:55",1035
"2019-05-11 02:47:08",1035
"2019-05-11 03:46:55",1035
"2019-05-11 04:46:55",1035
"2019-05-11 05:47:11",1035
"2019-05-11 06:46:52",1035
"2019-05-11 07:46:52",1035
"2019-05-11 08:47:02",1035
"2019-05-11 09:46:52",1035
"2019-05-11 10:47:08",1035
"2019-05-11 11:46:54",1035
"2019-05-11 12:46:55",1035
"2019-05-11 13:47:02",1035
"2019-05-11 14:46:54",1035
"2019-05-11 15:46:58",1035
"2019-05-11 16:47:09",1035
"2019-05-11 17:46:56",1035
"2019-05-11 18:46:58",1035
"2019-05-11 19:46:58",1035
"2019-05-11 20:46:55",1035
"2019-05-11 21:47:02",1035
"2019-05-11 22:47:00",1035
"2019-05-11 23:46:57",1035
"2019-05-12 00:46:53",1035
"2019-05-12 01:46:55",1035
"2019-05-12 02:46:57",1035
"2019-05-12 03:47:06",1035
"2019-05-12 04:46:56",1035
"2019-05-12 05:46:57",1035
"2019-05-12 06:46:54",1035
"2019-05-12 07:47:02",1035
"2019-05-12 08:46:53",1035
"2019-05-12 09:46:58",1035
"2019-05-12 10:46:54",1035
"2019-05-12 11:46:52",1035
"2019-05-12 12:46:53",1035
"2019-05-12 13:47:00",1035
"2019-05-12 14:46:54",1035
"2019-05-12 15:46:54",1035
"2019-05-12 16:46:57",1035
"2019-05-12 17:47:03",1035
"2019-05-12 18:46:54",1035
"2019-05-12 19:46:55",1035
"2019-05-12 20:46:53",1035
"2019-05-12 21:46:53",1035
"2019-05-12 22:47:04",1035
"2019-05-12 23:46:54",1035
"2019-05-13 00:46:56",1035
"2019-05-13 01:46:51",1035
"2019-05-13 02:46:52",1035
"2019-05-13 03:47:00",1035
"2019-05-13 04:46:51",1035
"2019-05-13 05:46:50",1035
"2019-05-13 06:46:59",1035
"2019-05-13 07:46:49",1035
"2019-05-13 08:46:53",1035
"2019-05-13 09:46:54",1035
"2019-05-13 10:47:00",1035
"2019-05-13 11:46:55",1035
"2019-05-13 13:10:29",1035
"2019-05-13 13:46:53",1035
"2019-05-13 14:46:54",1031
"2019-05-13 15:47:02",1030
"2019-05-13 16:46:53",1027
"2019-05-13 17:46:54",1026
"2019-05-13 18:46:55",1026
"2019-05-13 19:46:58",1026
"2019-05-13 20:46:51",1023
"2019-05-13 21:46:54",1023
"2019-05-13 22:46:53",1023
"2019-05-13 23:46:53",1023
"2019-05-14 00:47:19",1023
"2019-05-14 01:46:52",1023
"2019-05-14 02:46:56",1023
"2019-05-14 03:47:03",1023
"2019-05-14 04:46:54",1023
"2019-05-14 05:46:52",1023
"2019-05-14 06:47:03",1023
"2019-05-14 07:46:54",1023
"2019-05-14 08:46:54",1023
"2019-05-14 09:47:02",1023
"2019-05-14 10:46:52",1023
"2019-05-14 11:46:53",1023
"2019-05-14 13:10:02",1023
"2019-05-14 13:46:58",1023
"2019-05-14 14:46:54",1022
"2019-05-14 15:46:59",1022
"2019-05-14 16:46:56",1021
"2019-05-14 17:47:00",1022
"2019-05-14 18:46:55",1022
"2019-05-14 19:46:52",1023
"2019-05-14 20:46:52",1022
"2019-05-14 21:46:51",1021
"2019-05-14 22:47:01",1021
"2019-05-14 23:46:55",1021
"2019-05-15 00:46:54",1021
"2019-05-15 01:46:56",1021
"2019-05-15 02:46:55",1021
"2019-05-15 03:47:02",1021
"2019-05-15 04:46:56",1021
"2019-05-15 05:46:58",1021
"2019-05-15 06:47:00",1021
"2019-05-15 07:46:55",1021
"2019-05-15 08:46:57",1021
"2019-05-15 09:47:06",1021
"2019-05-15 10:47:06",1021
"2019-05-15 11:46:54",1021
"2019-05-15 13:11:01",1021
"2019-05-15 13:46:57",1021
"2019-05-15 14:46:57",1021
"2019-05-15 15:46:53",1017
"2019-05-15 16:47:04",1015
"2019-05-15 17:46:57",1012
"2019-05-15 18:47:02",1012
"2019-05-15 19:46:57",1012
"2019-05-15 20:46:58",1013
"2019-05-15 21:46:58",1013
"2019-05-15 22:46:55",1013
"2019-05-15 23:46:54",1013
"2019-05-16 00:46:54",1013
"2019-05-16 01:47:06",1013
"2019-05-16 02:47:00",1013
"2019-05-16 03:46:53",1013
"2019-05-16 04:46:55",1013
"2019-05-16 05:47:02",1013
"2019-05-16 06:46:58",1013
"2019-05-16 07:47:06",1013
"2019-05-16 08:47:05",1013
"2019-05-16 09:47:05",1013
"2019-05-16 10:47:24",1013
"2019-05-16 11:46:59",1013
"2019-05-16 13:10:07",1013
"2019-05-16 13:47:15",1013
"2019-05-16 14:46:58",1009
"2019-05-16 15:46:58",1012
"2019-05-16 16:47:06",1014
"2019-05-16 17:46:58",1017
"2019-05-16 18:47:02",1017
"2019-05-16 19:47:01",1016
"2019-05-16 20:46:57",1015
"2019-05-16 21:47:04",1015
"2019-05-16 22:47:05",1015
"2019-05-16 23:47:08",1015
"2019-05-17 00:47:15",1015
"2019-05-17 01:47:05",1015
"2019-05-17 02:46:59",1015
"2019-05-17 03:46:57",1015
"2019-05-17 04:46:58",1015
"2019-05-17 05:47:00",1015
"2019-05-17 06:47:08",1015
"2019-05-17 07:47:00",1015
"2019-05-17 08:47:10",1015
"2019-05-17 09:47:07",1015
"2019-05-17 10:46:58",1015
"2019-05-17 11:47:06",1015
"2019-05-17 13:11:36",1015
"2019-05-17 13:47:18",1015
"2019-05-17 14:47:01",1015
"2019-05-17 15:46:57",1016
"2019-05-17 16:47:05",1019
"2019-05-17 17:46:57",1018
"2019-05-17 18:46:57",1017
"2019-05-17 19:47:06",1017
"2019-05-17 20:46:57",1015
"2019-05-17 21:46:57",1015
"2019-05-17 22:46:58",1015
"2019-05-17 23:46:58",1015
"2019-05-18 00:46:57",1015
"2019-05-18 01:47:02",1015
"2019-05-18 02:47:01",1015
"2019-05-18 04:46:54",1015
"2019-05-18 05:46:47",1015
"2019-05-18 06:46:51",1015
"2019-05-18 07:46:47",1015
"2019-05-18 08:46:47",1015
"2019-05-18 09:46:46",1015
"2019-05-18 10:46:46",1015
"2019-05-18 11:46:52",1015
"2019-05-18 12:46:46",1015
"2019-05-18 13:46:50",1015
"2019-05-18 14:46:47",1015
"2019-05-18 15:46:53",1015
"2019-05-18 16:46:47",1015
"2019-05-18 17:46:49",1015
"2019-05-18 18:46:46",1015
"2019-05-18 19:46:47",1015
"2019-05-18 20:46:47",1015
"2019-05-18 21:46:48",1015
"2019-05-18 22:46:47",1015
"2019-05-18 23:46:45",1015
"2019-05-19 00:46:44",1015
"2019-05-19 01:46:46",1015
"2019-05-19 02:46:46",1015
"2019-05-19 03:46:45",1015
"2019-05-19 04:46:50",1015
"2019-05-19 05:46:45",1015
"2019-05-19 06:46:46",1015
"2019-05-19 07:46:45",1015
"2019-05-19 08:46:45",1015
"2019-05-19 09:46:45",1015
"2019-05-19 10:46:45",1015
"2019-05-19 11:46:47",1015
"2019-05-19 12:46:49",1015
"2019-05-19 13:46:49",1015
"2019-05-19 14:46:46",1015
"2019-05-19 15:46:45",1015
"2019-05-19 16:46:49",1015
"2019-05-19 17:46:48",1015
"2019-05-19 18:46:46",1015
"2019-05-19 19:46:46",1015
"2019-05-19 20:46:49",1015
"2019-05-19 21:46:48",1015
"2019-05-19 22:46:46",1015
"2019-05-19 23:46:48",1015
"2019-05-20 00:46:47",1015
"2019-05-20 01:46:47",1015
"2019-05-20 02:46:51",1015
"2019-05-20 03:46:47",1015
"2019-05-20 04:46:50",1015
"2019-05-20 05:46:48",1015
"2019-05-20 06:46:47",1015
"2019-05-20 07:46:49",1015
"2019-05-20 08:46:48",1015
"2019-05-20 09:46:48",1015
"2019-05-20 10:46:47",1015
"2019-05-20 11:46:49",1015
"2019-05-20 12:46:53",1015
"2019-05-20 13:46:50",1015
"2019-05-20 14:46:48",1016
"2019-05-20 15:46:46",1015
"2019-05-20 16:46:50",1010
"2019-05-20 17:46:47",1011
"2019-05-20 18:46:45",1010
"2019-05-20 19:46:46",1010
"2019-05-20 20:46:46",1009
"2019-05-20 21:46:46",1009
"2019-05-20 22:46:47",1009
"2019-05-20 23:46:53",1009
"2019-05-21 00:46:46",1009
"2019-05-21 01:46:49",1009
"2019-05-21 02:46:46",1009
"2019-05-21 03:46:47",1009
"2019-05-21 04:46:50",1009
"2019-05-21 05:46:47",1009
"2019-05-21 06:46:45",1009
"2019-05-21 07:46:49",1009
"2019-05-21 08:46:47",1009
"2019-05-21 09:46:44",1009
"2019-05-21 10:46:48",1009
"2019-05-21 11:46:45",1009
"2019-05-21 13:10:50",1008
"2019-05-21 13:46:47",1008
"2019-05-21 14:46:48",1006
"2019-05-21 15:46:45",1005
"2019-05-21 16:46:45",1003
"2019-05-21 17:46:45",1000
"2019-05-21 18:46:47",1003
"2019-05-21 19:46:47",1002
"2019-05-21 20:46:47",1002
"2019-05-21 21:46:45",1002
"2019-05-21 22:46:51",1002
"2019-05-21 23:46:48",1002
"2019-05-22 00:46:46",1002
"2019-05-22 01:46:46",1002
"2019-05-22 02:46:46",1002
"2019-05-22 03:46:46",1002
"2019-05-22 04:46:49",1002
"2019-05-22 05:46:47",1002
"2019-05-22 06:46:45",1002
"2019-05-22 07:46:48",1002
"2019-05-22 08:46:54",1002
"2019-05-22 09:46:54",1002
"2019-05-22 10:46:45",1002
"2019-05-22 11:46:48",1002
"2019-05-22 12:46:48",1002
"2019-05-22 13:46:48",1001
"2019-05-22 14:46:46",1000
"2019-05-22 15:46:52",999
"2019-05-22 16:46:48",1001
"2019-05-22 17:46:45",1000
"2019-05-22 18:46:47",1000
"2019-05-22 19:46:45",999
"2019-05-22 20:46:45",997
"2019-05-22 21:46:46",998
"2019-05-22 22:46:45",998
"2019-05-22 23:46:45",998
"2019-05-23 00:46:48",998
"2019-05-23 01:46:46",998
"2019-05-23 02:46:50",998
"2019-05-23 03:46:48",998
"2019-05-23 04:46:51",998
"2019-05-23 05:46:47",998
"2019-05-23 06:46:47",998
"2019-05-23 07:46:50",998
"2019-05-23 08:46:48",998
"2019-05-23 09:46:47",998
"2019-05-23 10:46:47",998
"2019-05-23 11:46:46",998
"2019-05-23 12:46:52",998
"2019-05-23 13:46:48",998
"2019-05-23 14:46:49",998
"2019-05-23 15:46:45",998
"2019-05-23 16:46:45",1001
"2019-05-23 17:46:47",1000
"2019-05-23 18:46:46",998
"2019-05-23 19:46:50",998
"2019-05-23 20:46:48",998
"2019-05-23 21:46:46",998
"2019-05-23 22:46:46",998
"2019-05-23 23:46:48",998
"2019-05-24 00:46:48",998
"2019-05-24 01:46:49",998
"2019-05-24 02:46:47",998
"2019-05-24 03:46:47",998
"2019-05-24 04:46:47",998
"2019-05-24 05:46:52",998
"2019-05-24 06:46:45",998
"2019-05-24 07:46:45",998
"2019-05-24 08:46:46",998
"2019-05-24 09:46:48",998
"2019-05-24 10:46:50",998
"2019-05-24 13:10:52",998
"2019-05-24 13:46:47",998
"2019-05-24 14:46:46",992
"2019-05-24 15:46:46",992
"2019-05-24 16:46:46",992
"2019-05-24 17:46:48",991
"2019-05-24 18:46:50",991
"2019-05-24 19:46:48",990
"2019-05-24 20:46:50",991
"2019-05-24 21:46:52",991
"2019-05-24 22:46:49",991
"2019-05-24 23:46:53",991
"2019-05-25 00:46:49",991
"2019-05-25 01:46:47",991
"2019-05-25 04:46:51",991
"2019-05-26 04:46:54",991
"2019-05-26 05:46:49",991
"2019-05-26 06:46:49",991
"2019-05-26 07:46:51",991
"2019-05-26 08:46:47",991
"2019-05-26 09:46:48",991
"2019-05-26 10:46:49",991
"2019-05-26 11:46:50",991
"2019-05-26 12:46:47",991
"2019-05-26 13:46:47",991
"2019-05-26 14:46:50",991
"2019-05-26 15:46:46",991
"2019-05-26 16:46:48",991
"2019-05-26 17:46:53",991
"2019-05-26 18:46:49",991
"2019-05-26 19:47:40",991
"2019-05-26 20:46:48",991
"2019-05-26 21:46:49",991
"2019-05-26 22:46:49",991
"2019-05-26 23:46:47",991
"2019-05-27 00:46:47",991
"2019-05-27 01:46:48",991
"2019-05-27 02:46:49",991
"2019-05-27 03:46:50",991
"2019-05-27 04:46:51",991
"2019-05-27 05:46:49",991
"2019-05-27 06:46:49",991
"2019-05-27 07:46:55",991
"2019-05-27 08:46:54",991
"2019-05-27 09:46:55",991
"2019-05-27 10:46:51",991
"2019-05-27 11:46:47",991
"2019-05-27 12:46:47",991
"2019-05-27 13:46:49",991
"2019-05-27 14:46:48",991
"2019-05-27 15:46:49",991
"2019-05-27 16:46:48",991
"2019-05-27 17:46:53",991
"2019-05-27 18:46:47",991
"2019-05-27 19:46:46",991
"2019-05-27 20:46:47",991
"2019-05-27 21:46:47",991
"2019-05-27 22:46:46",991
"2019-05-27 23:46:47",991
"2019-05-28 00:46:47",991
"2019-05-28 01:46:48",991
"2019-05-28 02:46:51",991
"2019-05-28 03:46:48",991
"2019-05-28 04:46:47",991
"2019-05-28 05:46:48",991
"2019-05-28 06:46:54",991
"2019-05-28 07:46:50",991
"2019-05-28 08:46:47",991
"2019-05-28 09:46:50",991
"2019-05-28 10:46:46",991
"2019-05-28 11:46:46",991
"2019-05-28 12:46:46",991
"2019-05-28 13:46:48",991
"2019-05-28 14:46:48",984
"2019-05-28 15:46:47",983
"2019-05-28 16:46:48",982
"2019-05-28 17:46:52",982
"2019-05-28 18:46:49",983
"2019-05-28 19:46:47",984
"2019-05-28 20:46:47",984
"2019-05-28 21:46:47",984
"2019-05-28 22:46:48",984
"2019-05-28 23:46:49",984
"2019-05-29 00:46:50",984
"2019-05-29 01:46:47",984
"2019-05-29 02:46:47",984
"2019-05-29 03:46:47",984
"2019-05-29 04:46:47",984
"2019-05-29 05:46:51",984
"2019-05-29 06:46:49",984
"2019-05-29 07:46:52",984
"2019-05-29 08:46:48",984
"2019-05-29 09:46:57",984
"2019-05-29 10:46:49",984
"2019-05-29 11:46:47",984
"2019-05-29 13:09:52",984
"2019-05-29 13:46:50",984
"2019-05-29 14:46:50",986
"2019-05-29 15:46:49",986
"2019-05-29 16:46:47",986
"2019-05-29 17:46:49",985
"2019-05-29 18:46:49",984
"2019-05-29 19:46:52",986
"2019-05-29 20:46:46",988
"2019-05-29 21:46:48",988
"2019-05-29 22:46:48",988
"2019-05-29 23:46:49",988
"2019-05-30 00:46:47",988
"2019-05-30 01:46:49",988
"2019-05-30 02:46:50",988
"2019-05-30 03:46:49",988
"2019-05-30 04:46:50",988
"2019-05-30 05:46:51",988
"2019-05-30 06:46:48",988
"2019-05-30 07:46:47",988
"2019-05-30 08:46:57",988
"2019-05-30 09:46:48",988
"2019-05-30 10:46:46",988
"2019-05-30 11:46:49",988
"2019-05-30 12:46:53",988
"2019-05-30 13:46:47",988
"2019-05-30 14:46:51",988
"2019-05-30 15:46:49",989
"2019-05-30 16:46:46",988
"2019-05-30 17:46:49",989
"2019-05-30 18:46:48",991
"2019-05-30 19:46:48",991
"2019-05-30 20:46:47",989
"2019-05-30 21:46:46",990
"2019-05-30 22:46:50",990
"2019-05-30 23:46:47",990
"2019-05-31 00:46:46",990
"2019-05-31 01:46:48",990
"2019-05-31 02:46:45",990
"2019-05-31 03:46:46",990
"2019-05-31 04:46:47",990
"2019-05-31 05:46:47",990
"2019-05-31 06:46:49",990
"2019-05-31 07:46:46",990
"2019-05-31 08:46:49",990
"2019-05-31 09:46:49",990
"2019-05-31 10:46:47",990
"2019-05-31 11:46:47",990
"2019-05-31 12:47:33",990
"2019-05-31 13:46:50",991
"2019-05-31 14:46:48",991
"2019-05-31 15:46:48",990
"2019-05-31 16:46:47",990
"2019-05-31 17:46:52",990
"2019-05-31 18:46:47",990
"2019-05-31 19:46:45",990
"2019-05-31 20:46:47",989
"2019-05-31 21:46:48",988
"2019-05-31 22:46:44",988
"2019-05-31 23:46:47",988
"2019-06-01 00:46:46",988
"2019-06-01 01:46:46",988
"2019-06-01 02:46:47",988
"2019-06-01 03:46:46",988
"2019-06-01 04:46:46",988
"2019-06-01 05:46:46",988
"2019-06-01 06:46:52",988
"2019-06-01 07:46:45",988
"2019-06-01 08:46:49",988
"2019-06-01 09:46:46",988
"2019-06-01 10:46:49",988
"2019-06-01 11:46:46",988
"2019-06-01 12:46:46",988
"2019-06-01 13:46:46",988
"2019-06-01 14:46:54",988
"2019-06-01 15:46:49",988
"2019-06-01 16:46:46",988
"2019-06-01 17:46:48",988
"2019-06-01 18:46:46",988
"2019-06-01 19:46:49",988
"2019-06-01 20:46:46",988
"2019-06-01 21:46:49",988
"2019-06-01 22:46:47",988
"2019-06-01 23:46:49",988
"2019-06-02 00:46:50",988
"2019-06-02 01:46:54",988
"2019-06-02 02:46:49",988
"2019-06-02 03:46:48",988
"2019-06-02 04:46:47",988
"2019-06-02 05:46:53",988
"2019-06-02 06:46:48",988
"2019-06-02 07:46:46",988
"2019-06-02 08:46:46",988
"2019-06-02 09:46:46",988
"2019-06-02 10:46:47",988
"2019-06-02 11:46:46",988
"2019-06-02 12:46:52",988
"2019-06-02 13:46:47",988
"2019-06-02 14:46:49",988
"2019-06-02 15:46:44",988
"2019-06-02 16:46:46",988
"2019-06-02 17:46:48",988
"2019-06-02 18:46:48",988
"2019-06-02 19:46:48",988
"2019-06-02 20:46:47",988
"2019-06-02 21:46:48",988
"2019-06-02 22:46:47",988
"2019-06-02 23:46:46",988
"2019-06-03 00:46:46",988
"2019-06-03 01:46:51",988
"2019-06-03 02:46:47",988
"2019-06-03 03:46:47",988
"2019-06-03 04:46:46",988
"2019-06-03 05:46:46",988
"2019-06-03 06:46:48",988
"2019-06-03 07:46:46",988
"2019-06-03 08:46:48",988
"2019-06-03 09:46:47",988
"2019-06-03 10:46:50",988
"2019-06-03 11:46:50",988
"2019-06-03 12:46:46",988
"2019-06-03 13:46:50",988
"2019-06-03 14:46:50",991
"2019-06-03 15:46:47",995
"2019-06-03 16:46:46",995
"2019-06-03 17:46:46",995
"2019-06-03 18:46:48",999
"2019-06-03 19:46:50",1000
"2019-06-03 20:46:47",1001
"2019-06-03 21:46:48",1002
"2019-06-03 22:46:47",1002
"2019-06-03 23:46:52",1002
"2019-06-04 00:46:46",1002
"2019-06-04 01:46:48",1002
"2019-06-04 02:46:48",1002
"2019-06-04 03:47:37",1002
"2019-06-04 04:46:49",1002
"2019-06-04 05:46:46",1002
"2019-06-04 06:46:47",1002
"2019-06-04 07:46:46",1002
"2019-06-04 08:46:52",1002
"2019-06-04 09:46:47",1002
"2019-06-04 10:46:49",1002
"2019-06-04 11:46:47",1002
"2019-06-04 13:09:21",1002
"2019-06-04 13:46:48",1002
"2019-06-04 14:46:53",1000
"2019-06-04 15:46:48",1002
"2019-06-04 16:46:48",1007
"2019-06-04 17:46:51",1005
"2019-06-04 18:46:48",1008
"2019-06-04 19:46:48",1010
"2019-06-04 20:46:49",1010
"2019-06-04 21:46:46",1010
"2019-06-04 22:46:48",1010
"2019-06-04 23:46:52",1010
"2019-06-05 00:46:47",1010
"2019-06-05 01:46:49",1010
"2019-06-05 02:46:50",1010
"2019-06-05 03:46:50",1010
"2019-06-05 04:46:53",1010
"2019-06-05 05:46:47",1010
"2019-06-05 06:46:47",1010
"2019-06-05 07:46:47",1010
"2019-06-05 08:46:55",1010
"2019-06-05 09:46:47",1010
"2019-06-05 10:46:47",1010
"2019-06-05 11:46:53",1010
"2019-06-05 13:10:52",1010
"2019-06-05 13:46:48",1010
"2019-06-05 14:46:47",1008
"2019-06-05 15:46:49",1013
"2019-06-05 16:46:48",1013
"2019-06-05 17:46:49",1015
"2019-06-05 18:46:48",1018
"2019-06-05 19:46:54",1017
"2019-06-05 20:46:48",1018
"2019-06-05 21:46:47",1019
"2019-06-05 22:46:48",1019
"2019-06-05 23:46:48",1019
"2019-06-06 00:46:48",1019
"2019-06-06 01:46:46",1019
"2019-06-06 02:46:49",1019
"2019-06-06 03:46:49",1019
"2019-06-06 04:46:56",1019
"2019-06-06 05:46:49",1019
"2019-06-06 06:46:51",1019
"2019-06-06 07:46:48",1019
"2019-06-06 08:46:58",1019
"2019-06-06 09:46:52",1019
"2019-06-06 10:46:56",1019
"2019-06-06 11:46:47",1019
"2019-06-06 13:10:51",1019
"2019-06-06 13:46:49",1019
"2019-06-06 14:46:49",1016
"2019-06-06 15:46:51",1017
"2019-06-06 16:46:49",1018
"2019-06-06 17:46:51",1020
"2019-06-06 18:46:54",1021
"2019-06-06 19:46:52",1021
"2019-06-06 20:46:47",1020
"2019-06-06 21:46:50",1021
"2019-06-06 22:46:47",1021
"2019-06-06 23:46:47",1021
"2019-06-07 00:46:52",1021
"2019-06-07 01:46:50",1021
"2019-06-07 02:46:52",1021
"2019-06-07 03:46:50",1021
"2019-06-07 04:46:54",1021
"2019-06-07 05:46:48",1021
"2019-06-07 06:46:53",1021
"2019-06-07 07:46:49",1021
"2019-06-07 08:46:50",1021
"2019-06-07 09:46:53",1021
"2019-06-07 10:46:48",1021
"2019-06-07 11:46:50",1021
"2019-06-07 13:10:56",1021
"2019-06-07 13:46:53",1021
"2019-06-07 14:46:52",1020
"2019-06-07 15:46:51",1022
"2019-06-07 16:46:50",1023
"2019-06-07 17:46:49",1025
"2019-06-07 18:46:50",1030
"2019-06-07 19:46:47",1030
"2019-06-07 20:46:48",1032
"2019-06-07 21:46:51",1032
"2019-06-07 22:46:47",1031
"2019-06-07 23:46:54",1031
"2019-06-08 00:46:49",1031
"2019-06-08 01:46:55",1031
"2019-06-08 02:46:52",1031
"2019-06-08 03:46:55",1031
"2019-06-08 04:46:50",1031
"2019-06-08 05:46:58",1031
"2019-06-08 06:46:53",1031
"2019-06-08 07:46:55",1031
"2019-06-08 08:46:49",1031
"2019-06-08 09:46:51",1031
"2019-06-08 10:46:52",1031
"2019-06-08 11:46:51",1031
"2019-06-08 12:46:50",1031
"2019-06-08 13:46:48",1031
"2019-06-08 14:46:46",1031
"2019-06-08 15:46:52",1031
"2019-06-08 16:46:51",1031
"2019-06-08 17:46:50",1031
"2019-06-08 18:46:52",1031
"2019-06-08 19:46:48",1031
"2019-06-08 20:46:50",1031
"2019-06-08 21:46:48",1031
"2019-06-08 22:46:51",1031
"2019-06-08 23:46:52",1031
"2019-06-09 00:46:48",1031
"2019-06-09 01:46:49",1031
"2019-06-09 02:46:56",1031
"2019-06-09 03:46:57",1031
"2019-06-09 04:46:48",1031
"2019-06-09 05:46:54",1031
"2019-06-09 06:46:47",1031
"2019-06-09 07:46:54",1031
"2019-06-09 08:46:48",1031
"2019-06-09 09:46:51",1031
"2019-06-09 10:46:50",1031
"2019-06-09 11:46:50",1031
"2019-06-09 12:46:52",1031
"2019-06-09 13:46:50",1031
"2019-06-09 14:46:48",1031
"2019-06-09 15:46:51",1031
"2019-06-09 16:46:50",1031
"2019-06-09 17:46:53",1031
"2019-06-09 18:46:49",1031
"2019-06-09 19:46:49",1031
"2019-06-09 20:46:48",1031
"2019-06-09 21:46:50",1031
"2019-06-09 22:46:55",1031
"2019-06-09 23:46:51",1031
"2019-06-10 00:46:50",1031
"2019-06-10 01:46:54",1031
"2019-06-10 02:46:49",1031
"2019-06-10 03:46:55",1031
"2019-06-10 04:46:50",1031
"2019-06-10 05:46:54",1031
"2019-06-10 06:46:48",1031
"2019-06-10 07:46:56",1031
"2019-06-10 08:46:49",1031
"2019-06-10 09:46:48",1031
"2019-06-10 10:46:57",1031
"2019-06-10 11:46:51",1031
"2019-06-10 12:47:00",1031
"2019-06-10 13:46:56",1031
"2019-06-10 14:46:51",1028
"2019-06-10 15:46:53",1030
"2019-06-10 16:46:56",1029
"2019-06-10 17:46:54",1031
"2019-06-10 18:46:55",1031
"2019-06-10 19:46:54",1034
"2019-06-10 20:46:52",1036
"2019-06-10 21:46:52",1036
"2019-06-10 22:46:54",1036
"2019-06-10 23:46:55",1036
"2019-06-11 00:46:54",1036
"2019-06-11 01:46:57",1036
"2019-06-11 02:46:56",1036
"2019-06-11 03:46:54",1036
"2019-06-11 04:46:52",1036
"2019-06-11 05:46:54",1036
"2019-06-11 06:46:52",1036
"2019-06-11 07:46:51",1036
"2019-06-11 08:46:51",1036
"2019-06-11 09:46:55",1036
"2019-06-11 10:46:53",1036
"2019-06-11 11:46:54",1036
"2019-06-11 13:10:29",1036
"2019-06-11 13:46:59",1036
"2019-06-11 14:46:53",1037
"2019-06-11 15:46:54",1035
"2019-06-11 16:46:59",1035
"2019-06-11 17:46:53",1036
"2019-06-11 18:46:55",1037
"2019-06-11 19:46:53",1037
"2019-06-11 20:46:55",1036
"2019-06-11 21:46:53",1036
"2019-06-11 22:46:54",1036
"2019-06-11 23:46:50",1036
"2019-06-12 00:46:57",1036
"2019-06-12 01:46:56",1036
"2019-06-12 02:46:56",1036
"2019-06-12 03:47:00",1036
"2019-06-12 04:46:56",1036
"2019-06-12 05:46:56",1036
"2019-06-12 06:46:56",1036
"2019-06-12 07:46:58",1036
"2019-06-12 08:46:57",1036
"2019-06-12 09:47:01",1036
"2019-06-12 10:46:57",1036
"2019-06-12 11:46:59",1036
"2019-06-12 13:10:00",1036
"2019-06-12 13:46:54",1036
"2019-06-12 14:46:54",1036
"2019-06-12 15:46:56",1036
"2019-06-12 16:46:55",1035
"2019-06-12 17:46:54",1036
"2019-06-12 18:46:55",1037
"2019-06-12 19:46:59",1037
"2019-06-12 20:46:56",1037
"2019-06-12 21:46:56",1037
"2019-06-12 22:46:53",1036
"2019-06-12 23:46:54",1036
"2019-06-13 00:46:54",1036
"2019-06-13 01:46:57",1036
"2019-06-13 02:47:13",1036
"2019-06-13 03:46:53",1036
"2019-06-13 04:46:55",1036
"2019-06-13 05:47:00",1036
"2019-06-13 06:46:56",1036
"2019-06-13 07:46:51",1036
"2019-06-13 08:46:52",1036
"2019-06-13 09:46:52",1036
"2019-06-13 10:47:00",1036
"2019-06-13 11:46:51",1036
"2019-06-13 13:10:55",1035
"2019-06-13 13:46:56",1035
"2019-06-13 14:46:55",1036
"2019-06-13 15:46:56",1034
"2019-06-13 16:46:56",1034
"2019-06-13 17:46:52",1033
"2019-06-13 18:46:53",1033
"2019-06-13 19:46:54",1034
"2019-06-13 20:46:49",1034
"2019-06-13 21:46:51",1034
"2019-06-13 22:46:52",1034
"2019-06-13 23:46:53",1034
"2019-06-14 00:46:53",1034
"2019-06-14 01:46:55",1034
"2019-06-14 02:46:57",1034
"2019-06-14 03:46:54",1034
"2019-06-14 04:46:54",1034
"2019-06-14 05:46:56",1034
"2019-06-14 06:47:03",1034
"2019-06-14 07:46:58",1034
"2019-06-14 08:46:56",1034
"2019-06-14 09:46:55",1034
"2019-06-14 10:46:58",1034
"2019-06-14 11:46:58",1034
"2019-06-14 12:46:57",1034
"2019-06-14 13:46:54",1035
"2019-06-14 14:46:56",1036
"2019-06-14 15:46:58",1037
"2019-06-14 16:46:57",1036
"2019-06-14 17:46:54",1035
"2019-06-14 18:46:54",1035
"2019-06-14 19:46:53",1036
"2019-06-14 20:46:52",1036
"2019-06-14 21:46:56",1035
"2019-06-14 22:46:52",1036
"2019-06-14 23:46:56",1036
"2019-06-15 00:46:57",1036
"2019-06-15 01:46:57",1036
"2019-06-15 02:46:54",1036
"2019-06-15 03:46:54",1036
"2019-06-15 04:46:55",1036
"2019-06-15 05:46:57",1036
"2019-06-15 06:46:55",1036
"2019-06-15 07:46:56",1036
"2019-06-15 08:46:55",1036
"2019-06-15 09:46:54",1036
"2019-06-15 10:46:57",1036
"2019-06-15 11:46:56",1036
"2019-06-15 12:46:58",1036
"2019-06-15 13:47:02",1036
"2019-06-15 14:46:54",1036
"2019-06-15 15:46:53",1036
"2019-06-15 16:46:54",1036
"2019-06-15 17:46:55",1036
"2019-06-15 18:46:58",1036
"2019-06-15 19:46:55",1036
"2019-06-15 20:46:55",1036
"2019-06-15 21:47:02",1036
"2019-06-15 22:47:02",1036
"2019-06-15 23:46:55",1036
"2019-06-16 00:46:55",1036
"2019-06-16 01:47:01",1036
"2019-06-16 02:46:57",1036
"2019-06-16 03:46:55",1036
"2019-06-16 04:47:00",1036
"2019-06-16 05:46:56",1036
"2019-06-16 06:46:58",1036
"2019-06-16 07:47:01",1036
"2019-06-16 08:46:55",1036
"2019-06-16 09:46:53",1036
"2019-06-16 10:46:52",1036
"2019-06-16 11:46:53",1036
"2019-06-16 12:46:55",1036
"2019-06-16 13:46:52",1036
"2019-06-16 14:46:56",1036
"2019-06-16 15:46:57",1036
"2019-06-16 16:46:59",1036
"2019-06-16 17:46:59",1036
"2019-06-16 18:46:59",1036
"2019-06-16 19:46:55",1036
"2019-06-16 20:46:54",1036
"2019-06-16 21:46:59",1036
"2019-06-16 22:46:57",1036
"2019-06-16 23:46:58",1036
"2019-06-17 00:46:55",1036
"2019-06-17 01:46:55",1036
"2019-06-17 02:47:01",1036
"2019-06-17 03:47:02",1036
"2019-06-17 04:46:59",1036
"2019-06-17 05:46:57",1036
"2019-06-17 06:46:54",1036
"2019-06-17 07:46:52",1036
"2019-06-17 08:46:55",1036
"2019-06-17 09:46:54",1036
"2019-06-17 10:46:57",1036
"2019-06-17 11:46:56",1036
"2019-06-17 13:11:30",1036
"2019-06-17 13:46:54",1036
"2019-06-17 14:46:56",1047
"2019-06-17 15:46:58",1045
"2019-06-17 16:47:09",1043
"2019-06-17 17:47:00",1043
"2019-06-17 18:47:02",1040
"2019-06-17 19:46:56",1039
"2019-06-17 20:46:59",1045
"2019-06-17 21:46:55",1045
"2019-06-17 22:46:56",1045
"2019-06-17 23:46:53",1045
"2019-06-18 00:46:55",1045
"2019-06-18 01:46:52",1045
"2019-06-18 02:47:08",1045
"2019-06-18 03:46:56",1045
"2019-06-18 04:46:56",1045
"2019-06-18 05:46:57",1045
"2019-06-18 06:46:55",1045
"2019-06-18 07:46:56",1045
"2019-06-18 08:47:07",1045
"2019-06-18 09:46:52",1045
"2019-06-18 10:46:53",1045
"2019-06-18 11:46:54",1045
"2019-06-18 13:09:27",1045
"2019-06-18 13:46:56",1045
"2019-06-18 14:46:55",1038
"2019-06-18 15:46:54",1041
"2019-06-18 16:46:55",1041
"2019-06-18 17:46:52",1040
"2019-06-18 18:46:59",1038
"2019-06-18 19:47:01",1040
"2019-06-18 20:46:53",1039
"2019-06-18 21:46:55",1039
"2019-06-18 22:46:54",1039
"2019-06-18 23:46:56",1039
"2019-06-19 00:46:54",1039
"2019-06-19 01:46:58",1039
"2019-06-19 02:47:00",1039
"2019-06-19 03:46:58",1039
"2019-06-19 04:46:54",1039
"2019-06-19 05:47:20",1039
"2019-06-19 06:47:14",1039
"2019-06-19 07:47:03",1039
"2019-06-19 08:47:03",1039
"2019-06-19 09:46:55",1039
"2019-06-19 10:47:00",1039
"2019-06-19 11:46:58",1039
"2019-06-19 13:09:31",1039
"2019-06-19 13:46:57",1039
"2019-06-19 14:46:57",1039
"2019-06-19 15:46:55",1038
"2019-06-19 16:47:10",1036
"2019-06-19 17:46:57",1036
"2019-06-19 18:46:55",1037
"2019-06-19 19:46:59",1042
"2019-06-19 20:46:57",1043
"2019-06-19 21:46:56",1043
"2019-06-19 22:46:55",1044
"2019-06-19 23:46:55",1044
"2019-06-20 00:46:56",1044
"2019-06-20 01:46:53",1044
"2019-06-20 02:46:54",1044
"2019-06-20 03:46:54",1044
"2019-06-20 04:46:56",1044
"2019-06-20 05:46:54",1044
"2019-06-20 06:46:53",1044
"2019-06-20 07:46:55",1044
"2019-06-20 08:46:54",1044
"2019-06-20 09:47:00",1044
"2019-06-20 10:46:56",1044
"2019-06-20 11:46:54",1044
"2019-06-20 13:11:10",1044
"2019-06-20 13:46:58",1044
"2019-06-20 14:46:55",1041
"2019-06-20 15:46:56",1040
"2019-06-20 16:46:57",1044
"2019-06-20 17:46:57",1046
"2019-06-20 18:46:55",1045
"2019-06-20 19:46:55",1044
"2019-06-20 20:47:12",1041
"2019-06-20 21:46:56",1041
"2019-06-20 22:46:54",1041
"2019-06-20 23:46:55",1041
"2019-06-21 00:46:55",1041
"2019-06-21 01:46:57",1041
"2019-06-21 02:46:58",1041
"2019-06-21 03:46:55",1041
"2019-06-21 04:46:57",1041
"2019-06-21 05:46:57",1041
"2019-06-21 06:46:58",1041
"2019-06-21 07:46:58",1041
"2019-06-21 08:46:57",1041
"2019-06-21 09:46:56",1041
"2019-06-21 10:46:54",1041
"2019-06-21 11:46:52",1041
"2019-06-21 12:46:55",1041
"2019-06-21 13:46:56",1041
"2019-06-21 14:46:55",1040
"2019-06-21 15:46:55",1040
"2019-06-21 16:46:56",1039
"2019-06-21 17:46:55",1042
"2019-06-21 18:46:56",1042
"2019-06-21 19:46:54",1043
"2019-06-21 20:46:55",1044
"2019-06-21 21:46:54",1044
"2019-06-21 22:46:55",1044
"2019-06-21 23:47:24",1044
"2019-06-22 00:46:55",1044
"2019-06-22 01:47:01",1044
"2019-06-22 02:46:58",1044
"2019-06-22 03:46:53",1044
"2019-06-22 04:46:56",1044
"2019-06-22 05:46:57",1044
"2019-06-22 06:46:58",1044
"2019-06-22 07:46:55",1044
"2019-06-22 08:46:57",1044
"2019-06-22 09:46:59",1044
"2019-06-22 10:47:01",1044
"2019-06-22 11:46:54",1044
"2019-06-22 12:47:02",1044
"2019-06-22 13:46:55",1044
"2019-06-22 14:47:00",1044
"2019-06-22 15:47:16",1044
"2019-06-22 16:47:07",1044
"2019-06-22 17:46:57",1044
"2019-06-22 18:47:03",1044
"2019-06-22 19:46:58",1044
"2019-06-22 20:46:58",1044
"2019-06-22 21:46:56",1044
"2019-06-22 22:47:03",1044
"2019-06-22 23:46:57",1044
"2019-06-23 00:47:08",1044
"2019-06-23 01:47:01",1044
"2019-06-23 02:47:02",1044
"2019-06-23 03:46:59",1044
"2019-06-23 04:46:55",1044
"2019-06-23 05:47:01",1044
"2019-06-23 06:46:55",1044
"2019-06-23 07:46:54",1044
"2019-06-23 08:46:57",1044
"2019-06-23 09:46:57",1044
"2019-06-23 10:46:54",1044
"2019-06-23 11:46:56",1044
"2019-06-23 12:46:54",1044
"2019-06-23 13:46:55",1044
"2019-06-23 14:46:53",1044
"2019-06-23 15:46:56",1044
"2019-06-23 16:46:57",1044
"2019-06-23 17:46:59",1044
"2019-06-23 18:46:52",1044
"2019-06-23 19:46:52",1044
"2019-06-23 20:46:56",1044
"2019-06-23 21:46:54",1044
"2019-06-23 22:46:54",1044
"2019-06-23 23:46:54",1044
"2019-06-24 00:46:58",1044
"2019-06-24 01:46:54",1044
"2019-06-24 02:46:55",1044
"2019-06-24 03:47:02",1044
"2019-06-24 04:47:00",1044
"2019-06-24 05:46:59",1044
"2019-06-24 06:47:02",1044
"2019-06-24 07:46:55",1044
"2019-06-24 08:46:56",1044
"2019-06-24 09:47:01",1044
"2019-06-24 10:46:53",1044
"2019-06-24 11:47:02",1044
"2019-06-24 13:46:56",1044
"2019-06-24 14:46:59",1048
"2019-06-24 15:46:58",1047
"2019-06-24 16:47:04",1049
"2019-06-24 17:47:02",1048
"2019-06-24 18:47:03",1045
"2019-06-24 19:47:02",1045
"2019-06-24 20:47:00",1044
"2019-06-24 21:47:00",1044
"2019-06-24 22:46:57",1044
"2019-06-24 23:46:59",1044
"2019-06-25 00:46:57",1044
"2019-06-25 01:47:00",1044
"2019-06-25 02:47:03",1044
"2019-06-25 03:46:59",1044
"2019-06-25 04:46:57",1044
"2019-06-25 05:46:57",1044
"2019-06-25 06:47:01",1044
"2019-06-25 07:46:58",1044
"2019-06-25 08:46:56",1044
"2019-06-25 09:46:58",1044
"2019-06-25 10:46:56",1044
"2019-06-25 11:46:53",1044
"2019-06-25 13:10:28",1044
"2019-06-25 13:46:55",1044
"2019-06-25 14:46:59",1045
"2019-06-25 15:46:57",1041
"2019-06-25 16:46:58",1040
"2019-06-25 17:46:59",1040
"2019-06-25 18:46:57",1039
"2019-06-25 19:46:54",1037
"2019-06-25 20:46:56",1038
"2019-06-25 21:46:53",1038
"2019-06-25 22:46:52",1038
"2019-06-25 23:47:00",1038
"2019-06-26 00:46:59",1038
"2019-06-26 01:46:55",1038
"2019-06-26 02:46:57",1038
"2019-06-26 03:47:12",1038
"2019-06-26 04:46:59",1038
"2019-06-26 05:46:58",1038
"2019-06-26 06:46:57",1038
"2019-06-26 07:46:59",1038
"2019-06-26 08:46:54",1038
"2019-06-26 09:46:52",1038
"2019-06-26 10:46:54",1038
"2019-06-26 11:46:53",1038
"2019-06-26 13:09:27",1038
"2019-06-26 13:46:57",1038
"2019-06-26 14:46:56",1039
"2019-06-26 15:46:54",1040
"2019-06-26 16:46:59",1037
"2019-06-26 17:46:53",1037
"2019-06-26 18:46:56",1040
"2019-06-26 19:46:56",1039
"2019-06-26 20:46:54",1038
"2019-06-26 21:46:54",1038
"2019-06-26 22:46:57",1038
"2019-06-26 23:46:54",1038
"2019-06-27 00:46:58",1038
"2019-06-27 01:46:55",1038
"2019-06-27 02:46:58",1038
"2019-06-27 03:46:52",1038
"2019-06-27 04:46:58",1038
"2019-06-27 05:46:55",1038
"2019-06-27 06:46:58",1038
"2019-06-27 07:46:51",1038
"2019-06-27 08:46:53",1038
"2019-06-27 09:46:54",1038
"2019-06-27 10:46:55",1038
"2019-06-27 11:46:51",1038
"2019-06-27 13:09:30",1037
"2019-06-27 13:46:51",1037
"2019-06-27 14:46:52",1041
"2019-06-27 15:46:56",1038
"2019-06-27 16:46:54",1040
"2019-06-27 17:46:52",1040
"2019-06-27 18:46:53",1040
"2019-06-27 19:46:50",1040
"2019-06-27 20:46:57",1039
"2019-06-27 21:46:57",1038
"2019-06-27 22:46:50",1038
"2019-06-27 23:47:15",1038
"2019-06-28 00:46:55",1038
"2019-06-28 01:46:53",1038
"2019-06-28 02:46:53",1038
"2019-06-28 03:46:57",1038
"2019-06-28 04:46:56",1038
"2019-06-28 05:46:53",1038
"2019-06-28 06:46:54",1038
"2019-06-28 07:46:53",1038
"2019-06-28 08:46:52",1038
"2019-06-28 09:46:53",1038
"2019-06-28 10:46:50",1038
"2019-06-28 11:46:53",1038
"2019-06-28 13:10:33",1038
"2019-06-28 13:46:50",1038
"2019-06-28 14:46:51",1040
"2019-06-28 15:46:54",1041
"2019-06-28 16:46:52",1040
"2019-06-28 17:46:53",1037
"2019-06-28 18:46:51",1037
"2019-06-28 19:46:53",1041
"2019-06-28 20:46:54",1041
"2019-06-28 21:46:53",1041
"2019-06-28 22:46:54",1041
"2019-06-28 23:46:52",1041
"2019-06-29 00:46:56",1041
"2019-06-29 01:47:00",1041
"2019-06-29 02:46:56",1041
"2019-06-29 03:46:52",1041
"2019-06-29 04:46:53",1041
"2019-06-29 05:46:54",1041
"2019-06-29 06:46:54",1041
"2019-06-29 07:46:55",1041
"2019-06-29 08:46:53",1041
"2019-06-29 09:46:55",1041
"2019-06-29 10:46:54",1041
"2019-06-29 11:46:58",1041
"2019-06-29 12:46:57",1041
"2019-06-29 13:46:55",1041
"2019-06-29 14:46:55",1041
"2019-06-29 15:46:56",1041
"2019-06-29 16:47:00",1041
"2019-06-29 17:46:54",1041
"2019-06-29 18:46:56",1041
"2019-06-29 19:46:56",1041
"2019-06-29 20:46:55",1041
"2019-06-29 21:46:59",1041
"2019-06-29 22:46:52",1041
"2019-06-29 23:46:58",1041
"2019-06-30 00:46:55",1041
"2019-06-30 01:47:01",1041
"2019-06-30 02:46:58",1041
"2019-06-30 03:46:56",1041
"2019-06-30 04:46:58",1041
"2019-06-30 05:46:56",1041
"2019-06-30 06:46:56",1041
"2019-06-30 07:46:57",1041
"2019-06-30 08:46:56",1041
"2019-06-30 09:46:55",1041
"2019-06-30 10:46:55",1041
"2019-06-30 11:46:56",1041
"2019-06-30 12:46:53",1041
"2019-06-30 13:46:57",1041
"2019-06-30 14:46:55",1041
"2019-06-30 15:46:54",1041
"2019-06-30 16:46:57",1041
"2019-06-30 17:46:54",1041
"2019-06-30 18:46:55",1041
"2019-06-30 19:46:55",1041
"2019-06-30 20:46:57",1041
"2019-06-30 21:46:56",1041
"2019-06-30 22:46:54",1041
"2019-06-30 23:46:56",1041
"2019-07-01 00:46:59",1041
"2019-07-01 01:46:56",1041
"2019-07-01 02:46:58",1041
"2019-07-01 03:46:58",1041
"2019-07-01 04:46:54",1041
"2019-07-01 05:47:00",1041
"2019-07-01 06:46:54",1041
"2019-07-01 07:47:05",1041
"2019-07-01 08:47:11",1041
"2019-07-01 09:46:56",1041
"2019-07-01 10:46:52",1041
"2019-07-01 11:46:59",1041
"2019-07-01 13:10:31",1040
"2019-07-01 13:47:01",1040
"2019-07-01 14:47:20",1043
"2019-07-01 15:47:00",1042
"2019-07-01 16:46:59",1036
"2019-07-01 17:46:57",1033
"2019-07-01 18:46:58",1032
"2019-07-01 19:46:59",1036
"2019-07-01 20:46:58",1042
"2019-07-01 21:46:57",1042
"2019-07-01 22:46:57",1045
"2019-07-01 23:46:57",1045
"2019-07-02 00:46:59",1045
"2019-07-02 01:46:56",1045
"2019-07-02 03:47:16",1045
"2019-07-02 04:46:57",1045
"2019-07-02 05:47:14",1045
"2019-07-02 06:46:59",1045
"2019-07-02 07:47:00",1045
"2019-07-02 08:46:57",1045
"2019-07-02 09:46:54",1045
"2019-07-02 10:46:55",1045
"2019-07-02 11:46:57",1045
"2019-07-02 12:47:00",1045
"2019-07-02 13:46:57",1045
"2019-07-02 14:46:58",1040
"2019-07-02 15:46:55",1041
"2019-07-02 16:46:56",1043
"2019-07-02 17:46:56",1045
"2019-07-02 18:46:56",1045
"2019-07-02 19:46:58",1046
"2019-07-02 20:46:56",1043
"2019-07-02 21:46:58",1043
"2019-07-02 22:47:08",1043
"2019-07-03 00:46:58",1043
"2019-07-03 01:46:55",1043
"2019-07-03 02:47:00",1043
"2019-07-03 03:47:01",1043
"2019-07-03 04:47:01",1043
"2019-07-03 05:46:59",1043
"2019-07-03 06:46:58",1043
"2019-07-03 07:46:57",1043
"2019-07-03 08:47:14",1043
"2019-07-03 09:46:58",1043
"2019-07-03 10:47:02",1043
"2019-07-03 11:46:56",1043
"2019-07-03 13:11:32",1043
"2019-07-03 13:46:56",1043
"2019-07-03 14:47:07",1040
"2019-07-03 15:46:57",1038
"2019-07-03 16:47:16",1035
"2019-07-03 17:46:57",1035
"2019-07-03 18:46:59",1035
"2019-07-03 19:46:55",1035
"2019-07-03 20:46:52",1035
"2019-07-03 21:46:57",1035
"2019-07-03 22:46:55",1035
"2019-07-03 23:46:59",1035
"2019-07-04 00:47:00",1035
"2019-07-04 01:46:54",1035
"2019-07-04 02:47:00",1035
"2019-07-04 03:46:55",1035
"2019-07-04 04:46:55",1035
"2019-07-04 05:47:00",1035
"2019-07-04 06:46:58",1035
"2019-07-04 07:46:54",1035
"2019-07-04 08:46:56",1035
"2019-07-04 09:46:53",1035
"2019-07-04 10:46:58",1035
"2019-07-04 11:46:55",1035
"2019-07-04 12:47:00",1035
"2019-07-04 13:47:02",1035
"2019-07-04 14:46:57",1035
"2019-07-04 15:46:55",1035
"2019-07-04 16:46:55",1035
"2019-07-04 17:46:54",1035
"2019-07-04 18:46:56",1035
"2019-07-04 19:46:54",1035
"2019-07-04 20:46:58",1035
"2019-07-04 21:46:57",1035
"2019-07-04 22:47:01",1035
"2019-07-04 23:46:55",1035
"2019-07-05 00:46:58",1035
"2019-07-05 01:46:54",1035
"2019-07-05 03:46:55",1035
"2019-07-05 04:46:53",1035
"2019-07-05 05:47:02",1035
"2019-07-05 06:46:59",1035
"2019-07-05 07:46:55",1035
"2019-07-05 08:46:54",1035
"2019-07-05 09:46:54",1035
"2019-07-05 10:47:10",1035
"2019-07-05 11:47:08",1035
"2019-07-05 12:46:55",1035
"2019-07-05 13:47:07",1035
"2019-07-05 14:46:59",1041
"2019-07-05 15:46:55",1041
"2019-07-05 16:47:10",1041
"2019-07-05 17:46:57",1042
"2019-07-05 18:46:56",1043
"2019-07-05 19:46:55",1044
"2019-07-05 20:46:56",1045
"2019-07-05 21:46:58",1044
"2019-07-05 22:47:00",1044
"2019-07-05 23:46:56",1044
"2019-07-06 00:47:02",1044
"2019-07-06 01:47:01",1044
"2019-07-06 02:47:06",1044
"2019-07-06 03:46:57",1044
"2019-07-06 04:46:55",1044
"2019-07-06 05:46:56",1044
"2019-07-06 06:46:58",1044
"2019-07-06 07:46:51",1044
"2019-07-06 08:46:55",1044
"2019-07-06 09:46:55",1044
"2019-07-06 10:46:55",1044
"2019-07-06 11:47:16",1044
"2019-07-06 12:47:02",1044
"2019-07-06 13:46:58",1044
"2019-07-06 14:46:55",1044
"2019-07-06 15:46:54",1044
"2019-07-06 16:46:59",1044
"2019-07-06 17:46:56",1044
"2019-07-06 18:46:56",1044
"2019-07-06 19:47:00",1044
"2019-07-06 20:46:52",1044
"2019-07-06 21:46:55",1044
"2019-07-06 22:46:54",1044
"2019-07-06 23:46:55",1044
"2019-07-07 00:46:53",1044
"2019-07-07 01:46:55",1044
"2019-07-07 02:46:57",1044
"2019-07-07 03:46:53",1044
"2019-07-07 04:46:53",1044
"2019-07-07 05:47:00",1044
"2019-07-07 06:46:55",1044
"2019-07-07 07:46:55",1044
"2019-07-07 08:46:56",1044
"2019-07-07 09:46:54",1044
"2019-07-07 10:46:55",1044
"2019-07-07 11:46:51",1044
"2019-07-07 12:46:50",1044
"2019-07-07 13:46:51",1044
"2019-07-07 14:46:54",1044
"2019-07-07 15:46:57",1044
"2019-07-07 16:46:58",1044
"2019-07-07 17:46:55",1044
"2019-07-07 18:46:56",1044
"2019-07-07 19:46:52",1044
"2019-07-07 20:46:53",1044
"2019-07-07 21:46:55",1044
"2019-07-07 22:46:55",1044
"2019-07-07 23:46:53",1044
"2019-07-08 00:46:54",1044
"2019-07-08 01:46:57",1044
"2019-07-08 02:46:54",1044
"2019-07-08 03:47:01",1044
"2019-07-08 04:46:54",1044
"2019-07-08 05:46:50",1044
"2019-07-08 06:47:00",1044
"2019-07-08 07:47:05",1044
"2019-07-08 08:47:00",1044
"2019-07-08 09:47:05",1044
"2019-07-08 10:47:05",1044
"2019-07-08 11:47:14",1044
"2019-07-08 12:46:56",1044
"2019-07-08 13:46:54",1044
"2019-07-08 14:46:56",1039
"2019-07-08 15:46:54",1041
"2019-07-08 16:46:56",1042
"2019-07-08 17:46:53",1038
"2019-07-08 18:46:58",1037
"2019-07-08 19:46:54",1037
"2019-07-08 20:46:53",1034
"2019-07-08 21:46:55",1034
"2019-07-08 22:46:57",1033
"2019-07-08 23:46:52",1033
"2019-07-09 00:46:55",1033
"2019-07-09 01:46:52",1033
"2019-07-09 02:47:04",1033
"2019-07-09 03:47:00",1033
"2019-07-09 04:46:58",1033
"2019-07-09 05:47:06",1033
"2019-07-09 06:47:00",1033
"2019-07-09 07:47:02",1033
"2019-07-09 08:46:56",1033
"2019-07-09 09:46:54",1033
"2019-07-09 10:46:51",1033
"2019-07-09 11:46:56",1033
"2019-07-09 13:09:58",1033
"2019-07-09 13:46:52",1033
"2019-07-09 14:46:55",1032
"2019-07-09 15:46:55",1029
"2019-07-09 16:46:53",1028
"2019-07-09 17:46:56",1025
"2019-07-09 18:46:53",1025
"2019-07-09 19:46:54",1024
"2019-07-09 20:46:54",1024
"2019-07-09 21:46:54",1024
"2019-07-09 22:46:53",1024
"2019-07-09 23:46:54",1024
"2019-07-10 00:46:53",1024
"2019-07-10 01:46:54",1024
"2019-07-10 02:46:54",1024
"2019-07-10 03:46:52",1024
"2019-07-10 04:46:53",1024
"2019-07-10 05:46:58",1024
"2019-07-10 06:46:56",1024
"2019-07-10 07:46:50",1024
"2019-07-10 08:46:52",1024
"2019-07-10 09:46:50",1024
"2019-07-10 10:46:51",1024
"2019-07-10 11:46:54",1024
"2019-07-10 12:46:57",1024
"2019-07-10 13:46:55",1024
"2019-07-10 14:46:53",1022
"2019-07-10 15:46:56",1022
"2019-07-10 16:47:11",1021
"2019-07-10 17:46:54",1022
"2019-07-10 18:46:53",1022
"2019-07-10 19:46:53",1021
"2019-07-10 20:46:55",1018
"2019-07-10 21:46:52",1018
"2019-07-10 22:47:00",1018
"2019-07-10 23:46:54",1018
"2019-07-11 00:46:52",1018
"2019-07-11 01:46:56",1018
"2019-07-11 02:47:02",1018
"2019-07-11 03:46:57",1018
"2019-07-11 04:47:02",1018
"2019-07-11 05:46:58",1018
"2019-07-11 06:46:56",1018
"2019-07-11 07:46:55",1018
"2019-07-11 08:47:02",1018
"2019-07-11 09:46:55",1018
"2019-07-11 10:46:57",1018
"2019-07-11 11:46:53",1018
"2019-07-11 12:46:52",1018
"2019-07-11 13:46:54",1018
"2019-07-11 14:46:53",1016
"2019-07-11 15:46:53",1014
"2019-07-11 16:46:54",1013
"2019-07-11 17:46:54",1014
"2019-07-11 18:46:54",1014
"2019-07-11 19:46:54",1016
"2019-07-11 20:46:52",1011
"2019-07-11 21:46:58",1012
"2019-07-11 22:47:00",1012
"2019-07-11 23:46:54",1012
"2019-07-12 00:46:53",1012
"2019-07-12 01:46:55",1012
"2019-07-12 02:46:53",1012
"2019-07-12 03:46:53",1012
"2019-07-12 04:46:52",1012
"2019-07-12 05:47:00",1012
"2019-07-12 06:47:02",1012
"2019-07-12 07:46:54",1012
"2019-07-12 08:46:54",1012
"2019-07-12 09:47:06",1012
"2019-07-12 10:46:56",1012
"2019-07-12 11:46:55",1012
"2019-07-12 13:10:29",1012
"2019-07-12 13:46:56",1012
"2019-07-12 14:46:56",1015
"2019-07-12 15:47:19",1014
"2019-07-12 16:47:00",1016
"2019-07-12 17:47:01",1017
"2019-07-12 18:46:54",1016
"2019-07-12 19:46:51",1016
"2019-07-12 20:46:51",1016
"2019-07-12 21:46:54",1016
"2019-07-12 22:47:01",1015
"2019-07-12 23:46:53",1015
"2019-07-13 00:46:53",1015
"2019-07-13 01:46:56",1015
"2019-07-13 02:47:00",1015
"2019-07-13 03:46:52",1015
"2019-07-13 04:46:54",1015
"2019-07-13 05:46:53",1015
"2019-07-13 06:46:53",1015
"2019-07-13 07:46:55",1015
"2019-07-13 08:46:52",1015
"2019-07-13 09:46:53",1015
"2019-07-13 10:46:54",1015
"2019-07-13 11:46:57",1015
"2019-07-13 12:46:59",1015
"2019-07-13 13:46:55",1015
"2019-07-13 14:46:52",1015
"2019-07-13 15:46:56",1015
"2019-07-13 16:47:27",1015
"2019-07-13 17:46:58",1015
"2019-07-13 18:47:00",1015
"2019-07-13 19:46:59",1015
"2019-07-13 20:46:59",1015
"2019-07-13 21:46:58",1015
"2019-07-13 22:46:53",1015
"2019-07-13 23:46:54",1015
"2019-07-14 00:46:54",1015
"2019-07-14 01:47:03",1015
"2019-07-14 02:46:55",1015
"2019-07-14 03:46:57",1015
"2019-07-14 04:46:55",1015
"2019-07-14 05:46:58",1015
"2019-07-14 06:46:57",1015
"2019-07-14 07:46:53",1015
"2019-07-14 08:46:54",1015
"2019-07-14 09:46:49",1015
"2019-07-14 10:46:53",1015
"2019-07-14 11:46:57",1015
"2019-07-14 12:46:53",1015
"2019-07-14 13:46:57",1015
"2019-07-14 14:46:54",1015
"2019-07-14 15:46:56",1015
"2019-07-14 16:46:58",1015
"2019-07-14 17:46:55",1015
"2019-07-14 18:46:54",1015
"2019-07-14 19:46:53",1015
"2019-07-14 20:47:01",1015
"2019-07-14 21:46:52",1015
"2019-07-14 22:46:52",1015
"2019-07-14 23:46:52",1015
"2019-07-15 00:46:55",1015
"2019-07-15 01:46:52",1015
"2019-07-15 02:46:54",1015
"2019-07-15 03:46:51",1015
"2019-07-15 04:46:51",1015
"2019-07-15 05:47:02",1015
"2019-07-15 06:47:06",1015
"2019-07-15 07:46:55",1015
"2019-07-15 08:46:52",1015
"2019-07-15 09:46:52",1015
"2019-07-15 10:46:54",1015
"2019-07-15 11:46:50",1015
"2019-07-15 13:11:01",1014
"2019-07-15 13:46:57",1014
"2019-07-15 14:46:54",1026
"2019-07-15 15:46:52",1024
"2019-07-15 16:47:09",1025
"2019-07-15 17:46:54",1026
"2019-07-15 18:46:53",1027
"2019-07-15 19:46:54",1027
"2019-07-15 20:46:56",1028
"2019-07-15 21:46:53",1028
"2019-07-15 22:47:00",1029
"2019-07-15 23:46:53",1029
"2019-07-16 00:46:52",1029
"2019-07-16 01:46:54",1029
"2019-07-16 02:47:00",1029
"2019-07-16 03:46:53",1029
"2019-07-16 04:46:53",1029
"2019-07-16 05:47:04",1029
"2019-07-16 06:47:09",1029
"2019-07-16 07:46:52",1029
"2019-07-16 08:46:53",1029
"2019-07-16 09:46:54",1029
"2019-07-16 10:46:55",1029
"2019-07-16 11:46:52",1029
"2019-07-16 13:10:56",1029
"2019-07-16 13:46:55",1029
"2019-07-16 14:46:53",1036
"2019-07-16 15:47:03",1035
"2019-07-16 16:46:55",1035
"2019-07-16 17:46:57",1036
"2019-07-16 18:46:55",1040
"2019-07-16 19:46:52",1038
"2019-07-16 20:47:31",1037
"2019-07-16 21:46:54",1037
"2019-07-16 22:46:55",1037
"2019-07-16 23:46:55",1037
"2019-07-17 00:46:53",1037
"2019-07-17 01:46:54",1037
"2019-07-17 02:46:55",1037
"2019-07-17 03:46:56",1037
"2019-07-17 04:46:57",1037
"2019-07-17 05:47:09",1037
"2019-07-17 06:46:58",1037
"2019-07-17 07:46:59",1037
"2019-07-17 08:46:55",1037
"2019-07-17 09:46:56",1037
"2019-07-17 10:46:55",1037
"2019-07-17 11:46:52",1037
"2019-07-17 13:10:29",1037
"2019-07-17 13:46:54",1037
"2019-07-17 14:46:59",1036
"2019-07-17 15:47:06",1037
"2019-07-17 16:47:04",1038
"2019-07-17 17:46:53",1032
"2019-07-17 18:46:55",1036
"2019-07-17 19:46:52",1037
"2019-07-17 20:46:54",1042
"2019-07-17 21:46:53",1043
"2019-07-17 22:46:56",1043
"2019-07-17 23:46:54",1043
"2019-07-18 00:46:52",1043
"2019-07-18 01:47:06",1043
"2019-07-18 02:46:56",1043
"2019-07-18 03:46:55",1043
"2019-07-18 04:46:53",1043
"2019-07-18 05:46:59",1043
"2019-07-18 06:46:57",1043
"2019-07-18 07:46:51",1043
"2019-07-18 08:46:59",1043
"2019-07-18 09:46:52",1043
"2019-07-18 10:46:55",1043
"2019-07-18 11:46:51",1043
"2019-07-18 13:11:03",1042
"2019-07-18 13:46:53",1042
"2019-07-18 14:46:53",1067
"2019-07-18 15:46:53",1068
"2019-07-18 16:47:04",1070
"2019-07-18 17:46:55",1071
"2019-07-18 18:46:55",1070
"2019-07-18 19:46:57",1071
"2019-07-18 20:46:56",1074
"2019-07-18 21:46:54",1075
"2019-07-18 22:46:56",1075
"2019-07-18 23:47:00",1075
"2019-07-19 00:46:55",1075
"2019-07-19 01:46:56",1075
"2019-07-19 02:46:58",1075
"2019-07-19 03:46:54",1075
"2019-07-19 04:46:59",1075
"2019-07-19 05:47:15",1075
"2019-07-19 06:46:57",1075
"2019-07-19 07:47:02",1075
"2019-07-19 08:46:53",1075
"2019-07-19 09:46:54",1075
"2019-07-19 10:46:53",1075
"2019-07-19 11:46:53",1075
"2019-07-19 13:10:26",1075
"2019-07-19 13:46:53",1075
"2019-07-19 14:46:53",1077
"2019-07-19 15:46:54",1079
"2019-07-19 16:46:54",1078
"2019-07-19 17:46:57",1080
"2019-07-19 18:46:55",1082
"2019-07-19 19:46:53",1089
"2019-07-19 20:46:53",1089
"2019-07-19 21:46:52",1089
"2019-07-19 22:46:54",1089
"2019-07-19 23:46:52",1089
"2019-07-20 00:46:53",1089
"2019-07-20 01:47:03",1089
"2019-07-20 02:47:04",1089
"2019-07-20 03:46:56",1089
"2019-07-20 04:47:02",1089
"2019-07-20 05:46:59",1089
"2019-07-20 06:46:52",1089
"2019-07-20 07:46:52",1089
"2019-07-20 08:46:54",1089
"2019-07-20 09:46:50",1089
"2019-07-20 10:46:50",1089
"2019-07-20 11:46:52",1089
"2019-07-20 12:46:53",1089
"2019-07-20 13:46:52",1089
"2019-07-20 14:46:52",1089
"2019-07-20 15:46:52",1089
"2019-07-20 16:46:55",1089
"2019-07-20 17:46:52",1089
"2019-07-20 18:46:53",1089
"2019-07-20 19:46:54",1089
"2019-07-20 20:46:51",1089
"2019-07-20 21:46:55",1089
"2019-07-20 22:46:50",1089
"2019-07-20 23:46:51",1089
"2019-07-21 00:46:54",1089
"2019-07-21 01:46:52",1089
"2019-07-21 02:46:56",1089
"2019-07-21 03:46:51",1089
"2019-07-21 04:46:53",1089
"2019-07-21 05:47:01",1089
"2019-07-21 06:47:04",1089
"2019-07-21 07:46:51",1089
"2019-07-21 08:46:53",1089
"2019-07-21 09:46:55",1089
"2019-07-21 10:47:02",1089
"2019-07-21 11:46:52",1089
"2019-07-21 12:46:50",1089
"2019-07-21 13:46:53",1089
"2019-07-21 14:46:52",1089
"2019-07-21 15:46:52",1089
"2019-07-21 16:46:53",1089
"2019-07-21 17:46:53",1089
"2019-07-21 18:46:54",1089
"2019-07-21 19:46:53",1089
"2019-07-21 20:46:53",1089
"2019-07-21 21:46:55",1089
"2019-07-21 22:46:51",1089
"2019-07-21 23:46:53",1089
"2019-07-22 00:46:51",1089
"2019-07-22 01:46:54",1089
"2019-07-22 02:46:52",1089
"2019-07-22 03:46:52",1089
"2019-07-22 04:46:53",1089
"2019-07-22 05:46:56",1089
"2019-07-22 06:47:03",1089
"2019-07-22 07:46:52",1089
"2019-07-22 08:46:55",1089
"2019-07-22 09:46:53",1089
"2019-07-22 10:46:52",1089
"2019-07-22 11:47:12",1089
"2019-07-22 12:46:59",1089
"2019-07-22 13:46:53",1089
"2019-07-22 14:46:55",1089
"2019-07-22 15:46:53",1091
"2019-07-22 16:46:56",1092
"2019-07-22 17:46:54",1087
"2019-07-22 18:47:03",1088
"2019-07-22 19:47:02",1087
"2019-07-22 20:46:58",1085
"2019-07-22 21:47:00",1085
"2019-07-22 22:46:52",1084
"2019-07-22 23:46:52",1084
"2019-07-23 00:46:52",1084
"2019-07-23 01:46:51",1084
"2019-07-23 02:46:59",1084
"2019-07-23 03:46:56",1084
"2019-07-23 04:46:56",1084
"2019-07-23 05:46:57",1084
"2019-07-23 06:47:02",1084
"2019-07-23 07:47:02",1084
"2019-07-23 08:46:52",1084
"2019-07-23 09:46:57",1084
"2019-07-23 10:46:54",1084
"2019-07-23 11:46:52",1084
"2019-07-23 13:10:01",1084
"2019-07-23 13:46:53",1084
"2019-07-23 14:46:56",1082
"2019-07-23 15:47:01",1086
"2019-07-23 16:46:57",1088
"2019-07-23 17:46:51",1091
"2019-07-23 18:46:55",1093
"2019-07-23 19:46:56",1094
"2019-07-23 20:46:54",1093
"2019-07-23 21:46:54",1095
"2019-07-23 22:47:00",1095
"2019-07-23 23:46:56",1095
"2019-07-24 00:46:54",1095
"2019-07-24 01:46:54",1095
"2019-07-24 02:47:02",1095
"2019-07-24 03:46:54",1095
"2019-07-24 04:46:53",1095
"2019-07-24 05:46:56",1095
"2019-07-24 06:46:51",1095
"2019-07-24 07:46:51",1095
"2019-07-24 08:46:57",1095
"2019-07-24 09:46:55",1095
"2019-07-24 10:46:56",1095
"2019-07-24 11:46:50",1095
"2019-07-24 13:09:28",1095
"2019-07-24 13:46:56",1095
"2019-07-24 14:46:53",1097
"2019-07-24 15:46:56",1092
"2019-07-24 16:46:55",1095
"2019-07-24 17:46:53",1094
"2019-07-24 18:46:58",1094
"2019-07-24 19:46:54",1092
"2019-07-24 20:46:57",1090
"2019-07-24 21:46:55",1089
"2019-07-24 22:46:56",1089
"2019-07-24 23:46:57",1089
"2019-07-25 00:46:54",1089
"2019-07-25 01:47:02",1089
"2019-07-25 02:47:13",1089
"2019-07-25 03:46:54",1089
"2019-07-25 04:46:56",1089
"2019-07-25 05:47:03",1089
"2019-07-25 06:47:01",1089
"2019-07-25 07:46:55",1089
"2019-07-25 08:47:00",1089
"2019-07-25 09:46:54",1089
"2019-07-25 10:47:07",1089
"2019-07-25 11:46:55",1089
"2019-07-25 13:10:00",1089
"2019-07-25 13:47:00",1089
"2019-07-25 14:46:58",1084
"2019-07-25 15:46:55",1078
"2019-07-25 16:46:58",1078
"2019-07-25 17:47:01",1077
"2019-07-25 18:47:04",1077
"2019-07-25 19:47:32",1077
"2019-07-25 20:47:01",1076
"2019-07-25 21:47:03",1075
"2019-07-25 22:47:02",1075
"2019-07-25 23:46:57",1075
"2019-07-26 00:47:12",1075
"2019-07-26 01:46:58",1075
"2019-07-26 02:46:59",1075
"2019-07-26 03:47:00",1075
"2019-07-26 04:47:01",1075
"2019-07-26 05:47:07",1075
"2019-07-26 06:47:22",1075
"2019-07-26 07:47:07",1075
"2019-07-26 08:46:52",1075
"2019-07-26 09:46:56",1075
"2019-07-26 10:46:58",1075
"2019-07-26 11:47:00",1075
"2019-07-26 13:12:00",1075
"2019-07-26 13:46:57",1075
"2019-07-26 14:46:56",1072
"2019-07-26 15:46:55",1068
"2019-07-26 16:46:59",1067
"2019-07-26 17:46:59",1067
"2019-07-26 18:46:59",1069
"2019-07-26 19:46:56",1069
"2019-07-26 20:46:55",1067
"2019-07-26 22:46:54",1067
"2019-07-26 23:46:53",1067
"2019-07-27 00:46:54",1067
"2019-07-27 01:46:54",1067
"2019-07-27 02:46:58",1067
"2019-07-27 03:46:54",1067
"2019-07-27 04:46:55",1067
"2019-07-27 05:46:54",1067
"2019-07-27 06:46:55",1067
"2019-07-27 07:46:53",1067
"2019-07-27 08:46:54",1067
"2019-07-27 09:46:51",1067
"2019-07-27 10:46:54",1067
"2019-07-27 11:46:51",1067
"2019-07-27 12:46:54",1067
"2019-07-27 13:46:52",1067
"2019-07-27 14:46:54",1067
"2019-07-27 15:46:58",1067
"2019-07-27 16:47:05",1067
"2019-07-27 17:47:02",1067
"2019-07-27 18:46:58",1067
"2019-07-27 19:46:56",1067
"2019-07-27 20:47:00",1067
"2019-07-27 21:46:54",1067
"2019-07-27 22:46:55",1067
"2019-07-27 23:46:54",1067
"2019-07-28 00:46:54",1067
"2019-07-28 01:46:53",1067
"2019-07-28 02:46:53",1067
"2019-07-28 03:46:51",1067
"2019-07-28 04:46:53",1067
"2019-07-28 05:46:51",1067
"2019-07-28 06:46:52",1067
"2019-07-28 07:46:54",1067
"2019-07-28 08:46:52",1067
"2019-07-28 09:46:50",1067
"2019-07-28 10:46:49",1067
"2019-07-28 11:46:50",1067
"2019-07-28 12:46:52",1067
"2019-07-28 13:46:51",1067
"2019-07-28 14:46:53",1067
"2019-07-28 15:46:52",1067
"2019-07-28 16:46:54",1067
"2019-07-28 17:46:54",1067
"2019-07-28 18:46:53",1067
"2019-07-28 19:46:53",1067
"2019-07-28 20:46:53",1067
"2019-07-28 21:46:52",1067
"2019-07-28 22:46:56",1067
"2019-07-28 23:46:56",1067
"2019-07-29 00:46:54",1067
"2019-07-29 01:46:53",1067
"2019-07-29 02:46:53",1067
"2019-07-29 03:46:55",1067
"2019-07-29 04:46:55",1067
"2019-07-29 05:47:01",1067
"2019-07-29 06:47:06",1067
"2019-07-29 07:46:54",1067
"2019-07-29 08:46:53",1067
"2019-07-29 09:46:53",1067
"2019-07-29 10:46:54",1067
"2019-07-29 11:46:55",1067
"2019-07-29 13:10:59",1067
"2019-07-29 13:46:58",1067
"2019-07-29 14:46:54",1073
"2019-07-29 15:46:54",1071
"2019-07-29 16:46:54",1068
"2019-07-29 17:46:54",1068
"2019-07-29 18:46:54",1067
"2019-07-29 19:46:54",1067
"2019-07-29 20:46:53",1067
"2019-07-29 21:46:52",1066
"2019-07-29 22:46:55",1066
"2019-07-29 23:46:53",1066
"2019-07-30 00:46:53",1066
"2019-07-30 01:46:55",1066
"2019-07-30 02:46:57",1066
"2019-07-30 03:46:53",1066
"2019-07-30 04:46:53",1066
"2019-07-30 05:46:54",1066
"2019-07-30 06:46:54",1066
"2019-07-30 07:47:03",1066
"2019-07-30 08:46:56",1066
"2019-07-30 09:46:53",1066
"2019-07-30 10:46:51",1066
"2019-07-30 11:46:56",1066
"2019-07-30 12:46:55",1066
"2019-07-30 13:46:56",1066
"2019-07-30 14:46:57",1067
"2019-07-30 15:46:56",1067
"2019-07-30 16:46:56",1066
"2019-07-30 17:47:03",1065
"2019-07-30 18:46:58",1066
"2019-07-30 19:47:01",1066
"2019-07-30 20:46:57",1068
"2019-07-30 21:46:57",1068
"2019-07-30 22:46:58",1067
"2019-07-30 23:46:55",1067
"2019-07-31 00:47:29",1067
"2019-07-31 01:46:55",1067
"2019-07-31 02:46:55",1067
"2019-07-31 03:46:58",1067
"2019-07-31 04:46:57",1067
"2019-07-31 05:47:10",1067
"2019-07-31 06:46:57",1067
"2019-07-31 07:46:56",1067
"2019-07-31 08:46:56",1067
"2019-07-31 09:46:58",1067
"2019-07-31 10:46:54",1067
"2019-07-31 11:46:53",1067
"2019-07-31 13:11:03",1067
"2019-07-31 13:46:55",1067
"2019-07-31 14:46:57",1063
"2019-07-31 15:46:58",1061
"2019-07-31 16:47:02",1061
"2019-07-31 17:46:55",1060
"2019-07-31 18:46:54",1059
"2019-07-31 19:46:55",1060
"2019-07-31 20:46:59",1059
"2019-07-31 21:46:57",1060
"2019-07-31 22:46:56",1060
"2019-07-31 23:46:55",1060
"2019-08-01 00:46:57",1060
"2019-08-01 01:47:12",1060
"2019-08-01 02:46:59",1060
"2019-08-01 03:46:56",1060
"2019-08-01 04:46:54",1060
"2019-08-01 05:47:00",1060
"2019-08-01 06:46:55",1060
"2019-08-01 07:47:04",1060
"2019-08-01 08:46:54",1060
"2019-08-01 09:46:58",1060
"2019-08-01 10:46:55",1060
"2019-08-01 11:46:53",1060
"2019-08-01 13:09:28",1060
"2019-08-01 13:46:57",1060
"2019-08-01 14:46:57",1061
"2019-08-01 15:47:03",1061
"2019-08-01 16:46:59",1060
"2019-08-01 17:46:59",1061
"2019-08-01 18:46:54",1060
"2019-08-01 19:46:55",1059
"2019-08-01 20:46:55",1059
"2019-08-01 21:46:55",1059
"2019-08-01 22:46:55",1058
"2019-08-01 23:46:56",1058
"2019-08-02 00:46:55",1058
"2019-08-02 01:47:40",1058
"2019-08-02 02:46:54",1058
"2019-08-02 03:46:55",1058
"2019-08-02 04:46:54",1058
"2019-08-02 05:46:58",1058
"2019-08-02 06:46:56",1058
"2019-08-02 07:46:52",1058
"2019-08-02 08:46:58",1058
"2019-08-02 09:46:57",1058
"2019-08-02 10:47:07",1058
"2019-08-02 11:46:54",1058
"2019-08-02 13:11:02",1058
"2019-08-02 13:46:57",1058
"2019-08-02 14:46:56",1059
"2019-08-02 15:46:59",1060
"2019-08-02 16:46:59",1057
"2019-08-02 17:46:55",1056
"2019-08-02 18:46:58",1056
"2019-08-02 19:46:57",1058
"2019-08-02 20:46:57",1059
"2019-08-02 21:46:58",1059
"2019-08-02 22:46:55",1059
"2019-08-02 23:46:58",1059
"2019-08-03 00:46:56",1059
"2019-08-03 01:46:55",1059
"2019-08-03 02:47:10",1059
"2019-08-03 03:46:55",1059
"2019-08-03 04:46:54",1059
"2019-08-03 05:47:03",1059
"2019-08-03 06:46:56",1059
"2019-08-03 07:46:52",1059
"2019-08-03 08:46:57",1059
"2019-08-03 09:46:55",1059
"2019-08-03 10:46:56",1059
"2019-08-03 11:46:55",1059
"2019-08-03 12:46:56",1059
"2019-08-03 13:46:56",1059
"2019-08-03 14:46:56",1059
"2019-08-03 15:46:54",1059
"2019-08-03 16:46:57",1059
"2019-08-03 17:46:57",1059
"2019-08-03 18:46:56",1059
"2019-08-03 19:46:54",1059
"2019-08-03 20:46:53",1059
"2019-08-03 21:46:53",1059
"2019-08-03 22:46:55",1059
"2019-08-03 23:46:54",1059
"2019-08-04 00:46:55",1059
"2019-08-04 01:46:54",1059
"2019-08-04 02:47:02",1059
"2019-08-04 03:46:57",1059
"2019-08-04 04:46:55",1059
"2019-08-04 05:47:01",1059
"2019-08-04 06:46:54",1059
"2019-08-04 07:46:56",1059
"2019-08-04 08:46:57",1059
"2019-08-04 09:46:54",1059
"2019-08-04 10:46:52",1059
"2019-08-04 11:46:51",1059
"2019-08-04 12:46:55",1059
"2019-08-04 13:46:55",1059
"2019-08-04 14:46:53",1059
"2019-08-04 15:46:54",1059
"2019-08-04 16:46:56",1059
"2019-08-04 17:46:55",1059
"2019-08-04 18:46:56",1059
"2019-08-04 19:46:54",1059
"2019-08-04 20:46:56",1059
"2019-08-04 21:46:55",1059
"2019-08-04 22:46:56",1059
"2019-08-04 23:46:55",1059
"2019-08-05 00:46:54",1059
"2019-08-05 01:46:57",1059
"2019-08-05 02:46:57",1059
"2019-08-05 03:46:55",1059
"2019-08-05 04:46:56",1059
"2019-08-05 05:46:58",1059
"2019-08-05 06:46:54",1059
"2019-08-05 07:47:00",1059
"2019-08-05 08:46:58",1059
"2019-08-05 09:46:58",1059
"2019-08-05 10:46:56",1059
"2019-08-05 11:46:54",1059
"2019-08-05 13:11:33",1059
"2019-08-05 13:47:02",1059
"2019-08-05 14:47:00",1063
"2019-08-05 15:46:55",1062
"2019-08-05 16:46:57",1061
"2019-08-05 17:46:59",1063
"2019-08-05 18:47:01",1062
"2019-08-05 19:46:57",1062
"2019-08-05 20:46:55",1062
"2019-08-05 21:46:57",1062
"2019-08-05 22:46:58",1062
"2019-08-05 23:47:01",1062
"2019-08-06 00:47:11",1062
"2019-08-06 01:47:03",1062
"2019-08-06 02:46:56",1062
"2019-08-06 03:46:56",1062
"2019-08-06 04:46:58",1062
"2019-08-06 05:46:59",1062
"2019-08-06 06:46:55",1062
"2019-08-06 07:46:57",1062
"2019-08-06 08:46:54",1062
"2019-08-06 09:47:03",1062
"2019-08-06 10:46:54",1062
"2019-08-06 11:46:57",1062
"2019-08-06 12:46:55",1062
"2019-08-06 13:46:58",1062
"2019-08-06 14:46:55",1061
"2019-08-06 15:46:57",1061
"2019-08-06 16:46:59",1059
"2019-08-06 17:46:56",1059
"2019-08-06 18:46:55",1060
"2019-08-06 19:46:57",1060
"2019-08-06 20:46:58",1059
"2019-08-06 21:46:55",1060
"2019-08-06 23:46:56",1060
"2019-08-07 00:46:58",1060
"2019-08-07 01:46:58",1060
"2019-08-07 02:47:00",1060
"2019-08-07 03:46:56",1060
"2019-08-07 04:46:54",1060
"2019-08-07 05:46:59",1060
"2019-08-07 06:47:03",1060
"2019-08-07 07:46:53",1060
"2019-08-07 08:46:55",1060
"2019-08-07 09:46:53",1060
"2019-08-07 10:47:02",1060
"2019-08-07 11:46:54",1060
"2019-08-07 12:46:59",1060
"2019-08-07 13:47:00",1060
"2019-08-07 14:46:58",1060
"2019-08-07 15:46:56",1058
"2019-08-07 16:46:57",1060
"2019-08-07 17:46:56",1059
"2019-08-07 18:46:56",1058
"2019-08-07 19:46:56",1056
"2019-08-07 20:46:55",1055
"2019-08-07 21:46:56",1055
"2019-08-07 22:46:55",1055
"2019-08-07 23:46:57",1055
"2019-08-08 00:47:00",1055
"2019-08-08 01:46:56",1055
"2019-08-08 02:47:04",1055
"2019-08-08 03:46:54",1055
"2019-08-08 04:46:53",1055
"2019-08-08 05:46:56",1055
"2019-08-08 06:46:58",1055
"2019-08-08 07:46:54",1055
"2019-08-08 08:46:54",1055
"2019-08-08 09:46:53",1055
"2019-08-08 10:47:00",1055
"2019-08-08 11:46:53",1055
"2019-08-08 12:46:56",1055
"2019-08-08 13:46:57",1055
"2019-08-08 14:46:54",1052
"2019-08-08 15:46:58",1052
"2019-08-08 16:46:58",1054
"2019-08-08 17:46:56",1053
"2019-08-08 18:46:58",1057
"2019-08-08 19:46:56",1061
"2019-08-08 20:47:01",1062
"2019-08-08 21:47:02",1062
"2019-08-08 22:47:00",1062
"2019-08-08 23:47:01",1062
"2019-08-09 00:47:03",1062
"2019-08-09 01:47:03",1062
"2019-08-09 02:47:05",1062
"2019-08-09 03:47:03",1062
"2019-08-09 04:47:03",1062
"2019-08-09 05:47:09",1062
"2019-08-09 06:47:03",1062
"2019-08-09 07:47:22",1062
"2019-08-09 08:47:02",1062
"2019-08-09 09:47:10",1062
"2019-08-09 10:47:03",1062
"2019-08-09 11:47:03",1062
"2019-08-09 13:11:08",1062
"2019-08-09 13:47:02",1062
"2019-08-09 14:47:15",1063
"2019-08-09 15:47:03",1065
"2019-08-09 16:47:12",1066
"2019-08-09 17:47:03",1066
"2019-08-09 18:47:02",1066
"2019-08-09 19:47:03",1066
"2019-08-09 20:47:01",1066
"2019-08-09 21:47:04",1066
"2019-08-09 22:47:03",1066
"2019-08-09 23:47:04",1066
"2019-08-10 00:47:03",1066
"2019-08-10 01:47:02",1066
"2019-08-10 02:47:23",1066
"2019-08-10 03:47:01",1066
"2019-08-10 04:47:03",1066
"2019-08-10 05:47:09",1066
"2019-08-10 06:47:02",1066
"2019-08-10 07:47:01",1066
"2019-08-10 08:47:02",1066
"2019-08-10 09:47:04",1066
"2019-08-10 10:47:05",1066
"2019-08-10 11:47:00",1066
"2019-08-10 12:47:05",1066
"2019-08-10 13:47:05",1066
"2019-08-10 14:47:00",1066
"2019-08-10 15:46:59",1066
"2019-08-10 16:47:10",1066
"2019-08-10 17:47:02",1066
"2019-08-10 18:47:01",1066
"2019-08-10 19:47:02",1066
"2019-08-10 20:47:02",1066
"2019-08-10 21:46:59",1066
"2019-08-10 22:47:01",1066
"2019-08-10 23:47:03",1066
"2019-08-11 00:47:00",1066
"2019-08-11 01:47:01",1066
"2019-08-11 02:47:10",1066
"2019-08-11 03:47:05",1066
"2019-08-11 04:47:00",1066
"2019-08-11 05:47:12",1066
"2019-08-11 06:47:00",1066
"2019-08-11 07:47:02",1066
"2019-08-11 08:47:00",1066
"2019-08-11 09:46:59",1066
"2019-08-11 10:46:58",1066
"2019-08-11 11:47:01",1066
"2019-08-11 12:47:02",1066
"2019-08-11 13:47:06",1066
"2019-08-11 14:47:03",1066
"2019-08-11 15:47:02",1066
"2019-08-11 16:47:02",1066
"2019-08-11 17:47:02",1066
"2019-08-11 18:47:01",1066
"2019-08-11 19:47:03",1066
"2019-08-11 20:47:06",1066
"2019-08-11 21:47:05",1066
"2019-08-11 22:47:04",1066
"2019-08-11 23:47:08",1066
"2019-08-12 00:47:05",1066
"2019-08-12 01:47:04",1066
"2019-08-12 02:47:16",1066
"2019-08-12 03:47:05",1066
"2019-08-12 04:47:03",1066
"2019-08-12 05:47:08",1066
"2019-08-12 06:47:10",1066
"2019-08-12 07:47:00",1066
"2019-08-12 08:47:04",1066
"2019-08-12 09:47:02",1066
"2019-08-12 10:47:07",1066
"2019-08-12 11:47:01",1066
"2019-08-12 12:47:08",1066
"2019-08-12 13:47:15",1066
"2019-08-12 14:47:03",1064
"2019-08-12 15:47:03",1063
"2019-08-12 16:47:12",1060
"2019-08-12 17:47:00",1061
"2019-08-12 18:46:58",1058
"2019-08-12 19:46:57",1058
"2019-08-12 20:47:02",1055
"2019-08-12 21:46:58",1055
"2019-08-12 22:46:59",1055
"2019-08-12 23:47:01",1055
"2019-08-13 00:46:59",1055
"2019-08-13 01:46:59",1055
"2019-08-13 02:47:06",1055
"2019-08-13 03:47:01",1055
"2019-08-13 04:46:57",1055
"2019-08-13 05:47:03",1055
"2019-08-13 06:47:05",1055
"2019-08-13 07:47:00",1055
"2019-08-13 08:46:57",1055
"2019-08-13 09:47:02",1055
"2019-08-13 10:47:10",1055
"2019-08-13 11:47:05",1055
"2019-08-13 12:47:04",1055
"2019-08-13 13:47:03",1055
"2019-08-13 14:47:01",1057
"2019-08-13 15:47:06",1059
"2019-08-13 16:47:05",1058
"2019-08-13 17:47:01",1057
"2019-08-13 18:47:03",1057
"2019-08-13 19:47:01",1057
"2019-08-13 20:46:59",1059
"2019-08-13 21:47:06",1059
"2019-08-13 22:47:08",1059
"2019-08-13 23:47:04",1059
"2019-08-14 00:47:03",1059
"2019-08-14 01:47:02",1059
"2019-08-14 02:47:04",1059
"2019-08-14 03:47:00",1059
"2019-08-14 04:46:59",1059
"2019-08-14 05:47:21",1059
"2019-08-14 06:47:00",1059
"2019-08-14 07:46:58",1059
"2019-08-14 08:46:58",1059
"2019-08-14 09:47:04",1059
"2019-08-14 10:46:55",1059
"2019-08-14 11:46:57",1059
"2019-08-14 13:10:08",1059
"2019-08-14 13:47:02",1059
"2019-08-14 14:47:03",1060
"2019-08-14 15:47:03",1059
"2019-08-14 16:47:00",1059
"2019-08-14 17:46:57",1057
"2019-08-14 18:47:05",1055
"2019-08-14 19:47:04",1055
"2019-08-14 20:47:02",1054
"2019-08-14 21:47:18",1054
"2019-08-14 22:47:00",1053
"2019-08-14 23:46:58",1053
"2019-08-15 00:47:29",1053
"2019-08-15 01:47:02",1053
"2019-08-15 02:47:03",1053
"2019-08-15 03:47:00",1053
"2019-08-15 04:47:01",1053
"2019-08-15 05:47:07",1053
"2019-08-15 06:47:00",1053
"2019-08-15 07:46:56",1053
"2019-08-15 08:47:12",1053
"2019-08-15 09:46:59",1053
"2019-08-15 10:46:59",1053
"2019-08-15 11:46:59",1053
"2019-08-15 13:10:05",1053
"2019-08-15 13:47:07",1053
"2019-08-15 14:47:03",1050
"2019-08-15 15:46:56",1048
"2019-08-15 16:47:15",1049
"2019-08-15 17:46:55",1047
"2019-08-15 18:46:59",1047
"2019-08-15 19:46:58",1046
"2019-08-15 20:46:59",1047
"2019-08-15 21:46:55",1047
"2019-08-15 22:46:56",1047
"2019-08-15 23:47:13",1047
"2019-08-16 00:47:14",1047
"2019-08-16 01:47:19",1047
"2019-08-16 02:47:00",1047
"2019-08-16 03:47:00",1047
"2019-08-16 04:46:55",1047
"2019-08-16 05:47:17",1047
"2019-08-16 06:46:55",1047
"2019-08-16 07:46:57",1047
"2019-08-16 08:46:57",1047
"2019-08-16 09:47:03",1047
"2019-08-16 10:46:55",1047
"2019-08-16 11:46:54",1047
"2019-08-16 12:46:57",1047
"2019-08-16 13:47:02",1047
"2019-08-16 14:46:57",1046
"2019-08-16 15:46:59",1044
"2019-08-16 16:47:13",1045
"2019-08-16 19:47:04",1043
"2019-08-16 20:47:10",1042
"2019-08-16 21:47:05",1041
"2019-08-16 22:47:05",1040
"2019-08-16 23:47:07",1040
"2019-08-17 00:47:06",1040
"2019-08-17 01:47:11",1040
"2019-08-17 02:47:21",1040
"2019-08-17 03:47:07",1040
"2019-08-17 04:47:07",1040
"2019-08-17 05:47:09",1040
"2019-08-17 06:47:04",1040
"2019-08-17 07:47:04",1040
"2019-08-17 08:47:07",1040
"2019-08-17 09:47:04",1040
"2019-08-17 10:47:02",1040
"2019-08-17 11:47:03",1040
"2019-08-17 12:47:02",1040
"2019-08-17 13:47:04",1040
"2019-08-17 14:47:53",1040
"2019-08-17 15:47:03",1040
"2019-08-17 16:47:04",1040
"2019-08-17 17:47:01",1040
"2019-08-17 18:47:02",1040
"2019-08-17 19:47:02",1040
"2019-08-17 20:47:04",1040
"2019-08-17 21:47:01",1040
"2019-08-17 22:47:01",1040
"2019-08-17 23:47:00",1040
"2019-08-18 00:47:01",1040
"2019-08-18 01:47:01",1040
"2019-08-18 02:47:05",1040
"2019-08-18 03:47:02",1040
"2019-08-18 04:47:00",1040
"2019-08-18 05:47:33",1040
"2019-08-18 06:47:23",1040
"2019-08-18 07:47:06",1040
"2019-08-18 08:47:07",1040
"2019-08-18 09:47:10",1040
"2019-08-18 10:47:03",1040
"2019-08-18 11:47:03",1040
"2019-08-18 12:47:05",1040
"2019-08-18 13:47:07",1040
"2019-08-18 14:47:07",1040
"2019-08-18 15:47:06",1040
"2019-08-18 16:47:11",1040
"2019-08-18 17:47:02",1040
"2019-08-18 18:47:04",1040
"2019-08-18 19:47:08",1040
"2019-08-18 20:47:07",1040
"2019-08-18 21:47:12",1040
"2019-08-18 22:47:06",1040
"2019-08-18 23:47:06",1040
"2019-08-19 00:47:05",1040
"2019-08-19 01:47:09",1040
"2019-08-19 02:47:09",1040
"2019-08-19 03:47:04",1040
"2019-08-19 04:47:02",1040
"2019-08-19 05:47:12",1040
"2019-08-19 06:47:08",1040
"2019-08-19 07:47:16",1040
"2019-08-19 08:47:04",1040
"2019-08-19 09:47:13",1040
"2019-08-19 10:47:05",1040
"2019-08-19 11:47:04",1040
"2019-08-19 12:47:11",1040
"2019-08-19 13:47:07",1040
"2019-08-19 14:46:57",1042
"2019-08-19 15:47:01",1043
"2019-08-19 16:46:59",1043
"2019-08-19 17:46:57",1042
"2019-08-19 18:47:01",1042
"2019-08-19 19:46:59",1042
"2019-08-19 20:46:58",1042
"2019-08-19 21:46:59",1042
"2019-08-19 22:46:57",1042
"2019-08-19 23:46:59",1042
"2019-08-20 00:47:02",1042
"2019-08-20 01:46:58",1042
"2019-08-20 02:47:02",1042
"2019-08-20 03:46:59",1042
"2019-08-20 04:46:58",1042
"2019-08-20 05:47:18",1042
"2019-08-20 06:47:03",1042
"2019-08-20 07:46:57",1042
"2019-08-20 08:46:58",1042
"2019-08-20 09:46:57",1042
"2019-08-20 10:47:21",1042
"2019-08-20 11:46:56",1042
"2019-08-20 13:09:05",1042
"2019-08-20 13:47:10",1042
"2019-08-20 14:47:00",1043
"2019-08-20 15:46:59",1044
"2019-08-20 16:46:59",1043
"2019-08-20 17:47:00",1042
"2019-08-20 18:47:00",1042
"2019-08-20 19:46:59",1042
"2019-08-20 20:47:01",1042
"2019-08-20 21:47:02",1041
"2019-08-20 22:46:59",1041
"2019-08-20 23:46:58",1041
"2019-08-21 00:47:02",1041
"2019-08-21 01:47:06",1041
"2019-08-21 02:47:08",1041
"2019-08-21 03:47:06",1041
"2019-08-21 04:47:00",1041
"2019-08-21 05:47:06",1041
"2019-08-21 06:47:09",1041
"2019-08-21 07:47:02",1041
"2019-08-21 08:47:03",1041
"2019-08-21 09:47:01",1041
"2019-08-21 10:46:58",1041
"2019-08-21 11:46:58",1041
"2019-08-21 12:46:59",1041
"2019-08-21 13:47:04",1041
"2019-08-21 14:47:02",1042
"2019-08-21 15:47:04",1040
"2019-08-21 16:47:18",1044
"2019-08-21 17:47:00",1045
"2019-08-21 18:47:03",1045
"2019-08-21 19:47:02",1045
"2019-08-21 20:47:03",1044
"2019-08-21 21:47:04",1044
"2019-08-21 22:47:04",1044
"2019-08-21 23:47:02",1044
"2019-08-22 00:47:06",1044
"2019-08-22 01:47:00",1044
"2019-08-22 02:47:08",1044
"2019-08-22 03:47:02",1044
"2019-08-22 04:46:59",1044
"2019-08-22 05:47:06",1044
"2019-08-22 06:47:00",1044
"2019-08-22 07:47:03",1044
"2019-08-22 08:47:01",1044
"2019-08-22 09:47:00",1044
"2019-08-22 10:47:04",1044
"2019-08-22 11:47:04",1044
"2019-08-22 12:47:05",1044
"2019-08-22 13:47:07",1044
"2019-08-22 14:47:07",1040
"2019-08-22 15:47:09",1040
"2019-08-22 16:47:13",1039
"2019-08-22 17:47:07",1037
"2019-08-22 18:47:09",1038
"2019-08-22 19:47:07",1037
"2019-08-22 20:47:07",1036
"2019-08-22 21:47:09",1036
"2019-08-22 22:47:07",1036
"2019-08-22 23:47:07",1036
"2019-08-23 00:47:09",1036
"2019-08-23 01:47:12",1036
"2019-08-23 02:47:14",1036
"2019-08-23 03:47:04",1036
"2019-08-23 04:47:05",1036
"2019-08-23 05:47:06",1036
"2019-08-23 06:47:04",1036
"2019-08-23 07:47:02",1036
"2019-08-23 08:47:04",1036
"2019-08-23 09:47:04",1036
"2019-08-23 10:47:09",1036
"2019-08-23 11:47:02",1036
"2019-08-23 12:47:08",1036
"2019-08-23 13:47:11",1036
"2019-08-23 14:47:06",1042
"2019-08-23 15:47:05",1042
"2019-08-23 16:47:08",1044
"2019-08-23 17:47:03",1044
"2019-08-23 18:47:09",1044
"2019-08-23 19:47:05",1043
"2019-08-23 20:47:00",1043
"2019-08-23 21:47:03",1043
"2019-08-23 22:47:46",1043
"2019-08-23 23:47:02",1043
"2019-08-24 00:47:04",1043
"2019-08-24 01:47:02",1043
"2019-08-24 02:47:25",1043
"2019-08-24 03:47:00",1043
"2019-08-24 04:46:59",1043
"2019-08-24 05:47:06",1043
"2019-08-24 06:47:07",1043
"2019-08-24 07:47:07",1043
"2019-08-24 08:47:05",1043
"2019-08-24 09:47:03",1043
"2019-08-24 10:47:02",1043
"2019-08-24 11:47:00",1043
"2019-08-24 12:47:04",1043
"2019-08-24 13:47:01",1043
"2019-08-24 14:47:03",1043
"2019-08-24 15:47:04",1043
"2019-08-24 16:47:16",1043
"2019-08-24 17:47:04",1043
"2019-08-24 18:47:07",1043
"2019-08-24 19:47:03",1043
"2019-08-24 20:47:02",1043
"2019-08-24 21:47:02",1043
"2019-08-24 22:47:04",1043
"2019-08-24 23:47:00",1043
"2019-08-25 00:47:00",1043
"2019-08-25 01:47:05",1043
"2019-08-25 02:47:16",1043
"2019-08-25 03:47:01",1043
"2019-08-25 04:47:00",1043
"2019-08-25 05:47:00",1043
"2019-08-25 06:47:00",1043
"2019-08-25 07:47:01",1043
"2019-08-25 08:47:04",1043
"2019-08-25 09:46:59",1043
"2019-08-25 10:47:00",1043
"2019-08-25 11:47:06",1043
"2019-08-25 12:47:02",1043
"2019-08-25 13:47:04",1043
"2019-08-25 14:47:01",1043
"2019-08-25 15:47:04",1043
"2019-08-25 16:47:07",1043
"2019-08-25 17:47:01",1043
"2019-08-25 18:47:00",1043
"2019-08-25 19:47:03",1043
"2019-08-25 20:47:02",1043
"2019-08-25 21:47:03",1043
"2019-08-25 22:47:01",1043
"2019-08-25 23:47:02",1043
"2019-08-26 00:46:59",1043
"2019-08-26 01:46:58",1043
"2019-08-26 02:47:05",1043
"2019-08-26 03:46:59",1043
"2019-08-26 04:47:02",1043
"2019-08-26 05:47:06",1043
"2019-08-26 06:47:01",1043
"2019-08-26 07:47:08",1043
"2019-08-26 08:47:01",1043
"2019-08-26 09:46:59",1043
"2019-08-26 10:47:02",1043
"2019-08-26 11:47:01",1043
"2019-08-26 12:47:04",1043
"2019-08-26 13:47:02",1043
"2019-08-26 14:47:00",1042
"2019-08-26 15:47:04",1042
"2019-08-26 16:47:13",1041
"2019-08-26 17:47:01",1041
"2019-08-26 18:47:02",1040
"2019-08-26 19:47:04",1040
"2019-08-26 20:47:09",1040
"2019-08-26 21:47:03",1040
"2019-08-26 22:47:00",1040
"2019-08-26 23:47:02",1040
"2019-08-27 00:47:04",1040
"2019-08-27 01:47:03",1040
"2019-08-27 02:47:11",1040
"2019-08-27 03:47:02",1040
"2019-08-27 04:47:01",1040
"2019-08-27 05:47:06",1040
"2019-08-27 06:47:09",1040
"2019-08-27 07:47:00",1040
"2019-08-27 08:47:04",1040
"2019-08-27 09:47:01",1040
"2019-08-27 10:46:57",1040
"2019-08-27 11:47:06",1040
"2019-08-27 12:47:09",1040
"2019-08-27 13:47:23",1039
"2019-08-27 14:47:02",1040
"2019-08-27 15:47:05",1040
"2019-08-27 16:47:11",1040
"2019-08-27 17:47:04",1040
"2019-08-27 18:47:03",1040
"2019-08-27 19:47:05",1040
"2019-08-27 20:47:03",1040
"2019-08-27 21:47:04",1040
"2019-08-27 22:47:02",1040
"2019-08-27 23:47:10",1040
"2019-08-28 00:47:07",1040
"2019-08-28 01:47:05",1040
"2019-08-28 02:47:11",1040
"2019-08-28 03:47:11",1040
"2019-08-28 04:47:06",1040
"2019-08-28 05:47:10",1040
"2019-08-28 06:47:09",1040
"2019-08-28 07:47:07",1040
"2019-08-28 08:47:07",1040
"2019-08-28 09:47:08",1040
"2019-08-28 10:47:04",1040
"2019-08-28 11:47:13",1040
"2019-08-28 12:47:04",1040
"2019-08-28 13:47:01",1040
"2019-08-28 14:47:00",1044
"2019-08-28 15:47:06",1047
"2019-08-28 16:47:25",1053
"2019-08-28 17:47:00",1054
"2019-08-28 18:47:03",1055
"2019-08-28 19:47:02",1056
"2019-08-28 20:47:06",1051
"2019-08-28 21:47:05",1051
"2019-08-28 22:47:02",1051
"2019-08-28 23:47:11",1051
"2019-08-29 00:47:00",1051
"2019-08-29 01:47:05",1051
"2019-08-29 02:47:05",1051
"2019-08-29 03:47:01",1051
"2019-08-29 04:47:01",1051
"2019-08-29 05:47:17",1051
"2019-08-29 06:46:57",1051
"2019-08-29 07:47:05",1051
"2019-08-29 08:47:01",1051
"2019-08-29 09:47:00",1051
"2019-08-29 10:46:56",1051
"2019-08-29 11:46:58",1051
"2019-08-29 12:47:03",1051
"2019-08-29 13:47:02",1051
"2019-08-29 14:46:59",1047
"2019-08-29 15:46:59",1043
"2019-08-29 16:47:08",1043
"2019-08-29 17:47:00",1043
"2019-08-29 18:46:58",1044
"2019-08-29 19:46:57",1043
"2019-08-29 20:46:59",1043
"2019-08-29 21:47:00",1043
"2019-08-29 22:47:00",1043
"2019-08-29 23:47:00",1043
"2019-08-30 00:47:03",1043
"2019-08-30 01:47:09",1043
"2019-08-30 02:47:01",1043
"2019-08-30 03:47:03",1043
"2019-08-30 04:47:01",1043
"2019-08-30 05:47:08",1043
"2019-08-30 06:46:54",1043
"2019-08-30 07:46:55",1043
"2019-08-30 08:46:56",1043
"2019-08-30 09:46:57",1043
"2019-08-30 10:46:54",1043
"2019-08-30 11:46:54",1043
"2019-08-30 12:46:58",1043
"2019-08-30 13:46:58",1043
"2019-08-30 14:46:57",1045
"2019-08-30 15:46:58",1045
"2019-08-30 16:46:59",1046
"2019-08-30 17:47:01",1045
"2019-08-30 18:46:57",1044
"2019-08-30 20:47:17",1044
"2019-08-30 21:47:11",1044
"2019-08-30 22:47:14",1044
"2019-08-30 23:47:12",1044
"2019-08-31 00:47:11",1044
"2019-08-31 01:47:17",1044
"2019-08-31 02:47:14",1044
"2019-08-31 03:47:14",1044
"2019-08-31 04:47:12",1044
"2019-08-31 23:47:43",1044
"2019-09-01 00:47:17",1044
"2019-09-01 01:47:12",1044
"2019-09-01 02:47:15",1044
"2019-09-01 03:47:14",1044
"2019-09-01 04:47:12",1044
"2019-09-01 05:47:14",1044
"2019-09-01 06:47:12",1044
"2019-09-01 07:47:08",1044
"2019-09-01 08:47:13",1044
"2019-09-01 09:47:11",1044
"2019-09-01 10:47:11",1044
"2019-09-01 11:47:09",1044
"2019-09-01 12:47:14",1044
"2019-09-01 13:47:13",1044
"2019-09-01 14:47:12",1044
"2019-09-01 15:47:11",1044
"2019-09-01 16:47:21",1044
"2019-09-01 17:47:16",1044
"2019-09-01 19:47:10",1044
"2019-09-01 20:47:12",1044
"2019-09-01 21:47:12",1044
"2019-09-01 22:47:14",1044
"2019-09-01 23:47:15",1044
"2019-09-02 00:47:10",1044
"2019-09-02 01:47:08",1044
"2019-09-02 02:47:09",1044
"2019-09-02 03:47:13",1044
"2019-09-02 04:47:15",1044
"2019-09-02 05:47:28",1044
"2019-09-02 06:47:16",1044
"2019-09-02 07:47:16",1044
"2019-09-02 08:47:13",1044
"2019-09-02 09:47:22",1044
"2019-09-02 10:47:21",1044
"2019-09-02 11:47:13",1044
"2019-09-02 12:47:09",1044
"2019-09-02 13:47:13",1044
"2019-09-02 14:47:12",1044
"2019-09-02 15:47:13",1044
"2019-09-02 16:47:24",1044
"2019-09-02 17:47:12",1044
"2019-09-02 18:47:16",1044
"2019-09-02 19:47:14",1044
"2019-09-02 20:47:12",1044
"2019-09-02 21:47:15",1044
"2019-09-02 22:47:14",1044
"2019-09-02 23:47:16",1044
"2019-09-03 00:47:16",1044
"2019-09-03 01:47:15",1044
"2019-09-03 02:47:17",1044
"2019-09-03 03:47:15",1044
"2019-09-03 04:47:11",1044
"2019-09-03 05:47:26",1044
"2019-09-03 06:47:17",1044
"2019-09-03 07:47:11",1044
"2019-09-03 08:47:22",1044
"2019-09-03 09:47:12",1044
"2019-09-03 10:47:16",1044
"2019-09-03 11:47:11",1044
"2019-09-03 13:11:29",1044
"2019-09-03 13:47:23",1044
"2019-09-03 14:47:15",1041
"2019-09-03 15:47:14",1039
"2019-09-03 16:47:18",1039
"2019-09-03 17:47:15",1040
"2019-09-03 18:47:12",1039
"2019-09-03 19:47:12",1039
"2019-09-03 20:47:14",1039
"2019-09-03 21:47:12",1039
"2019-09-03 22:47:23",1039
"2019-09-03 23:47:13",1039
"2019-09-04 00:47:17",1039
"2019-09-04 01:47:15",1039
"2019-09-04 02:47:14",1039
"2019-09-04 03:47:13",1039
"2019-09-04 04:47:11",1039
"2019-09-04 05:47:25",1039
"2019-09-04 06:47:14",1039
"2019-09-04 07:47:11",1039
"2019-09-04 08:47:12",1039
"2019-09-04 09:47:15",1039
"2019-09-04 10:47:13",1039
"2019-09-04 11:47:13",1039
"2019-09-04 13:10:22",1039
"2019-09-04 13:47:14",1039
"2019-09-04 14:47:14",1042
"2019-09-04 15:47:14",1041
"2019-09-04 16:47:32",1047
"2019-09-04 17:47:12",1055
"2019-09-04 18:47:14",1062
"2019-09-04 19:47:13",1069
"2019-09-04 20:47:16",1079
"2019-09-04 21:47:13",1079
"2019-09-04 22:47:12",1079
"2019-09-04 23:47:20",1079
"2019-09-05 01:47:13",1079
"2019-09-05 02:47:20",1079
"2019-09-05 03:47:12",1079
"2019-09-05 04:47:13",1079
"2019-09-05 05:47:26",1079
"2019-09-05 06:47:09",1079
"2019-09-05 07:47:16",1079
"2019-09-05 08:47:13",1079
"2019-09-05 09:47:10",1079
"2019-09-05 10:47:20",1079
"2019-09-05 11:47:11",1079
"2019-09-05 13:11:17",1079
"2019-09-05 13:47:13",1079
"2019-09-05 14:47:18",1076
"2019-09-05 15:47:14",1081
"2019-09-05 16:47:27",1081
"2019-09-05 17:47:17",1077
"2019-09-05 18:47:12",1077
"2019-09-05 19:47:12",1077
"2019-09-05 20:47:14",1075
"2019-09-05 21:47:12",1074
"2019-09-05 22:47:14",1074
"2019-09-05 23:47:16",1074
"2019-09-06 00:47:14",1074
"2019-09-06 01:47:16",1074
"2019-09-06 02:47:13",1074
"2019-09-06 03:47:10",1074
"2019-09-06 04:47:12",1074
"2019-09-06 05:47:26",1074
"2019-09-06 06:47:14",1074
"2019-09-06 07:47:16",1074
"2019-09-06 08:47:12",1074
"2019-09-06 09:47:14",1074
"2019-09-06 10:47:13",1074
"2019-09-06 11:47:33",1074
"2019-09-06 13:10:19",1074
"2019-09-06 13:47:16",1074
"2019-09-06 14:47:12",1080
"2019-09-06 15:47:13",1075
"2019-09-06 16:47:29",1075
"2019-09-06 17:47:14",1073
"2019-09-06 18:47:16",1075
"2019-09-06 19:47:12",1075
"2019-09-06 20:47:14",1074
"2019-09-06 21:47:15",1074
"2019-09-06 22:47:12",1074
"2019-09-06 23:47:12",1074
"2019-09-07 01:47:13",1074
"2019-09-07 02:47:16",1074
"2019-09-07 03:47:17",1074
"2019-09-07 04:47:16",1074
"2019-09-07 05:47:42",1074
"2019-09-07 06:47:13",1074
"2019-09-07 07:47:10",1074
"2019-09-07 08:47:11",1074
"2019-09-07 09:47:13",1074
"2019-09-07 10:47:15",1074
"2019-09-07 11:47:11",1074
"2019-09-07 12:47:12",1074
"2019-09-07 13:47:16",1074
"2019-09-07 14:47:14",1074
"2019-09-07 15:47:14",1074
"2019-09-07 16:47:15",1074
"2019-09-07 17:47:15",1074
"2019-09-07 18:47:13",1074
"2019-09-07 19:47:12",1074
"2019-09-07 20:47:14",1074
"2019-09-07 22:47:10",1074
"2019-09-07 23:47:14",1074
"2019-09-08 00:47:13",1074
"2019-09-08 01:47:17",1074
"2019-09-08 02:47:21",1074
"2019-09-08 03:47:15",1074
"2019-09-08 04:47:13",1074
"2019-09-08 05:47:21",1074
"2019-09-08 06:47:13",1074
"2019-09-08 07:47:12",1074
"2019-09-08 08:47:13",1074
"2019-09-08 09:47:10",1074
"2019-09-08 10:47:14",1074
"2019-09-08 11:47:11",1074
"2019-09-08 12:47:13",1074
"2019-09-08 13:47:15",1074
"2019-09-08 14:47:14",1074
"2019-09-08 15:47:12",1074
"2019-09-08 16:47:22",1074
"2019-09-08 17:47:13",1074
"2019-09-08 18:47:12",1074
"2019-09-08 19:47:20",1074
"2019-09-08 20:47:16",1074
"2019-09-08 21:47:14",1074
"2019-09-08 22:47:10",1074
"2019-09-08 23:47:12",1074
"2019-09-09 00:47:12",1074
"2019-09-09 01:47:14",1074
"2019-09-09 02:47:14",1074
"2019-09-09 03:47:13",1074
"2019-09-09 04:47:10",1074
"2019-09-09 05:47:28",1074
"2019-09-09 06:47:11",1074
"2019-09-09 07:47:12",1074
"2019-09-09 08:47:12",1074
"2019-09-09 09:47:08",1074
"2019-09-09 10:47:10",1074
"2019-09-09 11:47:13",1074
"2019-09-09 13:10:20",1074
"2019-09-09 13:47:18",1074
"2019-09-09 14:47:21",1074
"2019-09-09 15:47:14",1077
"2019-09-09 16:47:32",1078
"2019-09-09 17:47:13",1075
"2019-09-09 18:47:13",1075
"2019-09-09 19:47:14",1074
"2019-09-09 20:47:12",1073
"2019-09-09 21:47:13",1073
"2019-09-09 22:47:13",1073
"2019-09-09 23:47:13",1073
"2019-09-10 00:47:16",1073
"2019-09-10 01:47:18",1073
"2019-09-10 02:47:22",1073
"2019-09-10 03:47:15",1073
"2019-09-10 04:47:15",1073
"2019-09-10 05:47:20",1073
"2019-09-10 06:47:13",1073
"2019-09-10 07:47:11",1073
"2019-09-10 08:47:15",1073
"2019-09-10 09:47:27",1073
"2019-09-10 10:47:12",1073
"2019-09-10 11:47:13",1073
"2019-09-10 12:47:14",1073
"2019-09-10 13:47:14",1073
"2019-09-10 14:47:11",1073
"2019-09-10 15:47:12",1073
"2019-09-10 16:47:30",1073
"2019-09-10 17:47:13",1073
"2019-09-10 18:47:15",1073
"2019-09-10 19:47:22",1077
"2019-09-10 20:47:11",1076
"2019-09-10 21:47:14",1076
"2019-09-10 22:47:11",1076
"2019-09-10 23:47:12",1076
"2019-09-11 00:47:13",1076
"2019-09-11 01:47:14",1076
"2019-09-11 02:47:11",1076
"2019-09-11 03:47:11",1076
"2019-09-11 04:47:11",1076
"2019-09-11 05:47:26",1076
"2019-09-11 06:47:14",1076
"2019-09-11 07:47:08",1076
"2019-09-11 08:47:12",1076
"2019-09-11 09:47:16",1076
"2019-09-11 10:47:26",1076
"2019-09-11 11:47:22",1076
"2019-09-11 12:47:12",1076
"2019-09-11 13:47:18",1076
"2019-09-11 14:47:13",1076
"2019-09-11 15:47:12",1077
"2019-09-11 16:47:18",1077
"2019-09-11 17:47:11",1076
"2019-09-11 18:47:13",1076
"2019-09-11 19:47:12",1077
"2019-09-11 20:47:12",1079
"2019-09-11 21:47:18",1079
"2019-09-11 22:47:11",1079
"2019-09-11 23:47:11",1079
"2019-09-12 00:47:14",1079
"2019-09-12 01:47:12",1079
"2019-09-12 02:47:21",1079
"2019-09-12 03:47:12",1079
"2019-09-12 04:47:10",1079
"2019-09-12 05:47:23",1079
"2019-09-12 06:47:13",1079
"2019-09-12 07:47:11",1079
"2019-09-12 08:47:10",1079
"2019-09-12 09:47:10",1079
"2019-09-12 10:47:30",1079
"2019-09-12 11:47:16",1079
"2019-09-12 13:11:24",1079
"2019-09-12 13:47:16",1079
"2019-09-12 14:47:19",1081
"2019-09-12 15:47:14",1080
"2019-09-12 16:47:14",1079
"2019-09-12 17:47:12",1081
"2019-09-12 18:47:11",1080
"2019-09-12 19:47:11",1078
"2019-09-12 20:47:10",1077
"2019-09-12 21:47:09",1077
"2019-09-12 22:47:12",1077
"2019-09-12 23:47:11",1077
"2019-09-13 00:47:11",1077
"2019-09-13 01:47:16",1077
"2019-09-13 02:47:13",1077
"2019-09-13 03:47:12",1077
"2019-09-13 04:47:10",1077
"2019-09-13 05:47:13",1077
"2019-09-13 06:47:13",1077
"2019-09-13 07:47:09",1077
"2019-09-13 08:47:12",1077
"2019-09-13 09:47:10",1077
"2019-09-13 10:47:10",1077
"2019-09-13 11:47:10",1077
"2019-09-13 13:11:14",1077
"2019-09-13 14:12:16",1080
"2019-09-13 14:47:14",1080
"2019-09-13 15:47:12",1079
"2019-09-13 16:47:12",1080
"2019-09-13 17:47:11",1080
"2019-09-13 18:47:10",1078
"2019-09-13 19:47:11",1075
"2019-09-13 20:47:06",1072
"2019-09-13 21:47:15",1074
"2019-09-13 22:47:07",1073
"2019-09-13 23:47:12",1073
"2019-09-14 00:47:13",1073
"2019-09-14 01:47:05",1073
"2019-09-14 02:47:10",1073
"2019-09-14 03:47:10",1073
"2019-09-14 04:47:09",1073
"2019-09-14 05:47:10",1073
"2019-09-14 06:47:10",1073
"2019-09-14 07:47:09",1073
"2019-09-14 08:47:10",1073
"2019-09-14 09:47:08",1073
"2019-09-14 10:47:10",1073
"2019-09-14 11:47:04",1073
"2019-09-14 12:47:10",1073
"2019-09-14 13:47:08",1073
"2019-09-14 14:47:09",1073
"2019-09-14 15:47:05",1073
"2019-09-14 16:47:12",1073
"2019-09-14 17:47:11",1073
"2019-09-14 18:47:06",1073
"2019-09-14 19:47:07",1073
"2019-09-14 20:47:06",1073
"2019-09-14 21:47:12",1073
"2019-09-14 22:47:08",1073
"2019-09-14 23:47:12",1073
"2019-09-15 00:47:11",1073
"2019-09-15 01:47:06",1073
"2019-09-15 02:47:13",1073
"2019-09-15 03:47:12",1073
"2019-09-15 04:47:09",1073
"2019-09-15 05:47:07",1073
"2019-09-15 06:47:13",1073
"2019-09-15 07:47:11",1073
"2019-09-15 08:47:13",1073
"2019-09-15 09:47:09",1073
"2019-09-15 10:47:08",1073
"2019-09-15 11:47:10",1073
"2019-09-15 12:47:12",1073
"2019-09-15 13:47:13",1073
"2019-09-15 14:47:09",1073
"2019-09-15 15:47:06",1073
"2019-09-15 16:47:12",1073
"2019-09-15 17:47:05",1073
"2019-09-15 18:47:08",1073
"2019-09-15 19:47:09",1073
"2019-09-15 20:47:06",1073
"2019-09-15 21:47:13",1073
"2019-09-15 22:47:08",1073
"2019-09-15 23:47:07",1073
"2019-09-16 00:47:11",1073
"2019-09-16 01:47:08",1073
"2019-09-16 02:47:13",1073
"2019-09-16 03:47:12",1073
"2019-09-16 04:47:07",1073
"2019-09-16 05:47:11",1073
"2019-09-16 06:47:11",1073
"2019-09-16 07:47:07",1073
"2019-09-16 08:47:11",1073
"2019-09-16 09:47:09",1073
"2019-09-16 10:47:08",1073
"2019-09-16 11:47:05",1073
"2019-09-16 13:10:46",1073
"2019-09-16 13:47:11",1073
"2019-09-16 14:47:18",1090
"2019-09-16 15:47:14",1092
"2019-09-16 16:47:15",1095
"2019-09-16 17:47:10",1095
"2019-09-16 18:47:14",1091
"2019-09-16 19:47:21",1092
"2019-09-16 20:47:20",1094
"2019-09-16 21:47:15",1094
"2019-09-16 22:47:16",1095
"2019-09-16 23:47:16",1095
"2019-09-17 00:47:14",1095
"2019-09-17 01:47:11",1095
"2019-09-17 02:47:14",1095
"2019-09-17 03:47:15",1095
"2019-09-17 04:47:11",1095
"2019-09-17 05:47:11",1095
"2019-09-17 06:47:09",1095
"2019-09-17 07:47:12",1095
"2019-09-17 08:47:10",1095
"2019-09-17 09:47:15",1095
"2019-09-17 10:47:15",1095
"2019-09-17 11:47:12",1095
"2019-09-17 12:47:13",1095
"2019-09-17 13:47:17",1094
"2019-09-17 14:47:12",1097
"2019-09-17 15:47:13",1095
"2019-09-17 16:47:16",1098
"2019-09-17 17:47:11",1099
"2019-09-17 18:47:13",1099
"2019-09-17 19:47:12",1100
"2019-09-17 20:47:12",1101
"2019-09-17 21:47:12",1101
"2019-09-17 22:47:14",1101
"2019-09-17 23:47:12",1101
"2019-09-18 00:47:13",1101
"2019-09-18 01:47:12",1101
"2019-09-18 02:47:10",1101
"2019-09-18 03:47:11",1101
"2019-09-18 04:47:19",1101
"2019-09-18 05:47:12",1101
"2019-09-18 06:47:13",1101
"2019-09-18 07:47:11",1101
"2019-09-18 08:47:13",1101
"2019-09-18 09:47:13",1101
"2019-09-18 10:47:11",1101
"2019-09-18 11:47:10",1101
"2019-09-18 13:42:23",1101
"2019-09-18 13:49:35",1101
"2019-09-18 14:47:15",1103
"2019-09-18 15:47:17",1106
"2019-09-18 16:47:17",1110
"2019-09-18 17:47:11",1111
"2019-09-18 18:47:08",1113
"2019-09-18 19:47:15",1113
"2019-09-18 20:47:12",1117
"2019-09-18 21:47:11",1117
"2019-09-18 22:47:13",1117
"2019-09-18 23:47:16",1117
"2019-09-19 00:47:08",1117
"2019-09-19 01:47:13",1117
"2019-09-19 02:47:16",1117
"2019-09-19 03:47:13",1117
"2019-09-19 04:47:10",1117
"2019-09-19 05:47:14",1117
"2019-09-19 06:47:15",1117
"2019-09-19 07:47:08",1117
"2019-09-19 08:47:13",1117
"2019-09-19 09:47:12",1117
"2019-09-19 10:47:10",1117
"2019-09-19 11:47:07",1117
"2019-09-19 13:10:48",1118
"2019-09-19 13:47:17",1118
"2019-09-19 14:47:09",1122
"2019-09-19 15:47:12",1120
"2019-09-19 16:47:20",1120
"2019-09-19 17:47:13",1121
"2019-09-19 18:47:15",1122
"2019-09-19 19:47:07",1121
"2019-09-19 20:47:15",1122
"2019-09-19 21:47:08",1122
"2019-09-19 22:47:15",1122
"2019-09-19 23:47:10",1122
"2019-09-20 00:47:16",1122
"2019-09-20 01:47:20",1122
"2019-09-20 02:47:08",1122
"2019-09-20 03:47:14",1122
"2019-09-20 04:47:13",1122
"2019-09-20 05:47:16",1122
"2019-09-20 06:47:10",1122
"2019-09-20 07:47:11",1122
"2019-09-20 08:47:16",1122
"2019-09-20 09:47:10",1122
"2019-09-20 10:47:08",1122
"2019-09-20 11:47:14",1122
"2019-09-20 12:47:14",1122
"2019-09-20 13:47:07",1122
"2019-09-20 14:47:12",1126
"2019-09-20 15:47:12",1124
"2019-09-20 16:47:12",1127
"2019-09-20 17:47:16",1127
"2019-09-20 18:47:08",1126
"2019-09-20 19:47:14",1125
"2019-09-20 20:47:06",1124
"2019-09-20 21:47:09",1124
"2019-09-20 22:47:13",1124
"2019-09-20 23:47:06",1124
"2019-09-21 00:47:06",1124
"2019-09-21 01:47:06",1124
"2019-09-21 02:47:11",1124
"2019-09-21 03:47:13",1124
"2019-09-21 04:47:05",1124
"2019-09-21 05:47:11",1124
"2019-09-21 06:47:10",1124
"2019-09-21 07:47:06",1124
"2019-09-21 08:47:07",1124
"2019-09-21 09:47:10",1124
"2019-09-21 10:47:05",1124
"2019-09-21 11:47:09",1124
"2019-09-21 12:47:12",1124
"2019-09-21 13:47:13",1124
"2019-09-21 14:47:07",1124
"2019-09-21 15:47:06",1124
"2019-09-21 16:47:13",1124
"2019-09-21 17:47:09",1124
"2019-09-21 18:47:07",1124
"2019-09-21 19:47:08",1124
"2019-09-21 20:47:07",1124
"2019-09-21 21:47:07",1124
"2019-09-21 22:47:07",1124
"2019-09-21 23:47:11",1124
"2019-09-22 00:47:06",1124
"2019-09-22 01:47:09",1124
"2019-09-22 02:47:10",1124
"2019-09-22 03:47:07",1124
"2019-09-22 04:47:11",1124
"2019-09-22 05:47:07",1124
"2019-09-22 06:47:11",1124
"2019-09-22 07:47:11",1124
"2019-09-22 08:47:07",1124
"2019-09-22 09:47:12",1124
"2019-09-22 10:47:06",1124
"2019-09-22 11:47:05",1124
"2019-09-22 12:47:08",1124
"2019-09-22 13:47:07",1124
"2019-09-22 14:47:11",1124
"2019-09-22 15:47:06",1124
"2019-09-22 16:47:12",1124
"2019-09-22 17:47:07",1124
"2019-09-22 18:47:06",1124
"2019-09-22 19:47:13",1124
"2019-09-22 20:47:06",1124
"2019-09-22 21:47:08",1124
"2019-09-22 22:47:05",1124
"2019-09-22 23:47:06",1124
"2019-09-23 00:47:10",1124
"2019-09-23 01:47:07",1124
"2019-09-23 02:47:06",1124
"2019-09-23 03:47:12",1124
"2019-09-23 04:47:11",1124
"2019-09-23 05:47:08",1124
"2019-09-23 06:47:09",1124
"2019-09-23 07:47:07",1124
"2019-09-23 08:47:11",1124
"2019-09-23 09:47:09",1124
"2019-09-23 10:47:11",1124
"2019-09-23 11:47:13",1124
"2019-09-23 12:47:11",1124
"2019-09-23 13:47:07",1124
"2019-09-23 14:47:13",1122
"2019-09-23 15:47:07",1120
"2019-09-23 16:47:14",1118
"2019-09-23 17:47:06",1117
"2019-09-23 18:47:14",1117
"2019-09-23 19:47:07",1117
"2019-09-23 20:47:07",1117
"2019-09-23 21:47:09",1117
"2019-09-23 22:47:11",1117
"2019-09-23 23:47:06",1117
"2019-09-24 00:47:11",1117
"2019-09-24 01:47:08",1117
"2019-09-24 03:47:14",1117
"2019-09-24 04:47:07",1117
"2019-09-24 05:47:15",1117
"2019-09-24 06:47:09",1117
"2019-09-24 07:47:08",1117
"2019-09-24 08:47:11",1117
"2019-09-24 09:47:05",1117
"2019-09-24 10:47:09",1117
"2019-09-24 11:47:11",1117
"2019-09-24 12:47:12",1117
"2019-09-24 13:47:08",1117
"2019-09-24 14:47:11",1119
"2019-09-24 15:47:14",1120
"2019-09-24 16:47:11",1122
"2019-09-24 17:47:11",1123
"2019-09-24 18:47:13",1122
"2019-09-24 19:47:07",1121
"2019-09-24 20:47:10",1120
"2019-09-24 21:47:12",1120
"2019-09-24 22:47:06",1120
"2019-09-24 23:47:07",1120
"2019-09-25 00:47:10",1120
"2019-09-25 01:47:13",1120
"2019-09-25 02:47:05",1120
"2019-09-25 03:47:15",1120
"2019-09-25 04:47:11",1120
"2019-09-25 05:47:08",1120
"2019-09-25 06:47:10",1120
"2019-09-25 07:47:15",1120
"2019-09-25 08:47:11",1120
"2019-09-25 09:47:12",1120
"2019-09-25 10:47:12",1120
"2019-09-25 11:47:09",1120
"2019-09-25 12:47:13",1120
"2019-09-25 13:47:14",1120
"2019-09-25 14:47:13",1123
"2019-09-25 15:47:13",1123
"2019-09-25 16:47:13",1119
"2019-09-25 17:47:11",1119
"2019-09-25 18:47:10",1119
"2019-09-25 19:47:17",1119
"2019-09-25 20:47:07",1120
"2019-09-25 21:47:11",1119
"2019-09-25 22:47:07",1119
"2019-09-25 23:47:12",1119
"2019-09-26 00:47:10",1119
"2019-09-26 01:47:08",1119
"2019-09-26 02:47:13",1119
"2019-09-26 03:47:10",1119
"2019-09-26 04:47:14",1119
"2019-09-26 05:47:12",1119
"2019-09-26 06:47:11",1119
"2019-09-26 07:47:07",1119
"2019-09-26 08:47:12",1119
"2019-09-26 09:47:11",1119
"2019-09-26 10:47:09",1119
"2019-09-26 11:47:07",1119
"2019-09-26 13:10:18",1119
"2019-09-26 13:47:17",1119
"2019-09-26 14:47:13",1117
"2019-09-26 15:47:15",1117
"2019-09-26 16:47:16",1115
"2019-09-26 17:47:16",1117
"2019-09-26 18:47:19",1116
"2019-09-26 19:47:11",1117
"2019-09-26 20:47:09",1117
"2019-09-26 21:47:18",1117
"2019-09-26 22:47:14",1117
"2019-09-26 23:47:12",1117
"2019-09-27 00:47:12",1117
"2019-09-27 01:47:09",1117
"2019-09-27 02:47:30",1117
"2019-09-27 03:47:12",1117
"2019-09-27 04:47:08",1117
"2019-09-27 05:47:12",1117
"2019-09-27 06:47:13",1117
"2019-09-27 07:47:17",1117
"2019-09-27 08:47:11",1117
"2019-09-27 09:47:10",1117
"2019-09-27 10:47:12",1117
"2019-09-27 11:47:10",1117
"2019-09-27 13:11:17",1117
"2019-09-27 13:47:16",1117
"2019-09-27 14:47:14",1117
"2019-09-27 15:47:13",1117
"2019-09-27 16:47:13",1116
"2019-09-27 17:47:13",1117
"2019-09-27 18:47:06",1117
"2019-09-27 19:47:13",1119
"2019-09-27 20:47:05",1120
"2019-09-27 21:47:09",1120
"2019-09-27 22:47:15",1119
"2019-09-27 23:47:08",1119
"2019-09-28 00:47:08",1119
"2019-09-28 01:47:13",1119
"2019-09-28 02:47:11",1119
"2019-09-28 03:47:11",1119
"2019-09-28 04:47:10",1119
"2019-09-28 05:47:14",1119
"2019-09-28 06:47:06",1119
"2019-09-28 07:47:15",1119
"2019-09-28 08:47:07",1119
"2019-09-28 09:47:10",1119
"2019-09-28 10:47:05",1119
"2019-09-28 11:47:10",1119
"2019-09-28 12:47:12",1119
"2019-09-28 13:47:14",1119
"2019-09-28 14:47:06",1119
"2019-09-28 15:47:07",1119
"2019-09-28 16:47:13",1119
"2019-09-28 17:47:12",1119
"2019-09-28 18:47:06",1119
"2019-09-28 19:47:07",1119
"2019-09-28 20:47:11",1119
"2019-09-28 21:47:08",1119
"2019-09-28 22:47:11",1119
"2019-09-28 23:47:07",1119
"2019-09-29 00:47:07",1119
"2019-09-29 01:47:11",1119
"2019-09-29 02:47:11",1119
"2019-09-29 03:47:11",1119
"2019-09-29 04:47:08",1119
"2019-09-29 05:47:11",1119
"2019-09-29 06:47:06",1119
"2019-09-29 07:47:10",1119
"2019-09-29 08:47:08",1119
"2019-09-29 09:47:10",1119
"2019-09-29 10:47:06",1119
"2019-09-29 11:47:09",1119
"2019-09-29 12:47:07",1119
"2019-09-29 13:47:07",1119
"2019-09-29 14:47:09",1119
"2019-09-29 15:47:06",1119
"2019-09-29 16:47:11",1119
"2019-09-29 17:47:15",1119
"2019-09-29 18:47:07",1119
"2019-09-29 19:47:18",1119
"2019-09-29 20:47:13",1119
"2019-09-29 21:47:08",1119
"2019-09-29 22:47:11",1119
"2019-09-29 23:47:11",1119
"2019-09-30 00:47:05",1119
"2019-09-30 01:47:11",1119
"2019-09-30 02:47:07",1119
"2019-09-30 03:47:12",1119
"2019-09-30 04:47:10",1119
"2019-09-30 05:47:10",1119
"2019-09-30 06:47:08",1119
"2019-09-30 07:47:14",1119
"2019-09-30 08:47:09",1119
"2019-09-30 09:47:13",1119
"2019-09-30 10:47:07",1119
"2019-09-30 11:47:06",1119
"2019-09-30 12:47:12",1119
"2019-09-30 13:47:09",1120
"2019-09-30 14:47:15",1131
"2019-09-30 15:47:11",1130
"2019-09-30 16:47:21",1129
"2019-09-30 17:47:12",1129
"2019-09-30 18:47:16",1126
"2019-09-30 19:47:09",1126
"2019-09-30 20:47:07",1124
"2019-09-30 21:47:11",1124
"2019-09-30 22:47:07",1124
"2019-09-30 23:47:12",1124
"2019-10-01 00:47:09",1124
"2019-10-01 01:47:08",1124
"2019-10-01 02:47:11",1124
"2019-10-01 03:47:13",1124
"2019-10-01 04:47:06",1124
"2019-10-01 05:47:08",1124
"2019-10-01 06:47:09",1124
"2019-10-01 07:47:15",1124
"2019-10-01 08:47:08",1124
"2019-10-01 09:47:14",1124
"2019-10-01 10:47:09",1124
"2019-10-01 11:47:08",1124
"2019-10-01 13:10:14",1124
"2019-10-01 13:47:13",1124
"2019-10-01 14:47:08",1123
"2019-10-01 15:47:08",1123
"2019-10-01 16:47:13",1126
"2019-10-01 17:47:06",1129
"2019-10-01 18:47:13",1128
"2019-10-01 19:47:10",1127
"2019-10-01 20:47:06",1128
"2019-10-01 21:47:07",1128
"2019-10-01 22:47:11",1128
"2019-10-01 23:47:09",1128
"2019-10-02 00:47:32",1128
"2019-10-02 01:47:08",1128
"2019-10-02 02:47:06",1128
"2019-10-02 03:47:08",1128
"2019-10-02 04:47:14",1128
"2019-10-02 05:47:12",1128
"2019-10-02 06:47:05",1128
"2019-10-02 07:47:06",1128
"2019-10-02 08:47:06",1128
"2019-10-02 09:47:10",1128
"2019-10-02 10:47:04",1128
"2019-10-02 11:47:05",1128
"2019-10-02 13:10:43",1127
"2019-10-02 13:47:09",1127
"2019-10-02 14:47:07",1124
"2019-10-02 15:47:10",1123
"2019-10-02 16:47:05",1122
"2019-10-02 17:47:05",1122
"2019-10-02 18:47:07",1118
"2019-10-02 19:47:07",1118
"2019-10-02 20:47:07",1116
"2019-10-02 21:47:08",1116
"2019-10-02 22:47:10",1116
"2019-10-02 23:47:05",1116
"2019-10-03 00:47:05",1116
"2019-10-03 01:47:06",1116
"2019-10-03 02:47:06",1116
"2019-10-03 03:47:09",1116
"2019-10-03 04:47:06",1116
"2019-10-03 06:47:05",1116
"2019-10-03 07:47:10",1116
"2019-10-03 08:47:08",1116
"2019-10-03 09:47:06",1116
"2019-10-03 10:47:11",1116
"2019-10-03 11:47:05",1116
"2019-10-03 13:10:38",1116
"2019-10-03 13:48:34",1116
"2019-10-03 14:47:10",1119
"2019-10-03 15:47:05",1121
"2019-10-03 16:47:06",1123
"2019-10-03 17:47:07",1124
"2019-10-03 18:47:08",1124
"2019-10-03 19:47:06",1124
"2019-10-03 20:47:06",1123
"2019-10-03 21:47:06",1123
"2019-10-03 22:47:06",1123
"2019-10-03 23:47:10",1123
"2019-10-04 00:47:05",1123
"2019-10-04 01:47:06",1123
"2019-10-04 02:47:04",1123
"2019-10-04 03:47:07",1123
"2019-10-04 04:47:06",1123
"2019-10-04 05:47:11",1123
"2019-10-04 06:47:10",1123
"2019-10-04 07:47:06",1123
"2019-10-04 08:47:07",1123
"2019-10-04 09:47:05",1123
"2019-10-04 10:47:08",1123
"2019-10-04 11:47:05",1123
"2019-10-04 12:47:08",1123
"2019-10-04 13:47:12",1123
"2019-10-04 14:47:06",1123
"2019-10-04 15:47:08",1124
"2019-10-04 16:47:12",1122
"2019-10-04 17:47:06",1120
"2019-10-04 18:47:09",1119
"2019-10-04 19:47:08",1119
"2019-10-04 20:47:08",1119
"2019-10-04 21:47:10",1119
"2019-10-04 22:47:05",1119
"2019-10-04 23:47:06",1119
"2019-10-05 00:47:10",1119
"2019-10-05 01:47:06",1119
"2019-10-05 02:47:06",1119
"2019-10-05 03:47:05",1119
"2019-10-05 04:47:06",1119
"2019-10-05 05:47:13",1119
"2019-10-05 06:47:05",1119
"2019-10-05 07:47:07",1119
"2019-10-05 08:47:10",1119
"2019-10-05 09:47:06",1119
"2019-10-05 10:47:06",1119
"2019-10-05 11:47:08",1119
"2019-10-05 12:47:08",1119
"2019-10-05 13:47:08",1119
"2019-10-05 14:47:07",1119
"2019-10-05 15:47:06",1119
"2019-10-05 16:47:08",1119
"2019-10-05 17:47:14",1119
"2019-10-05 18:47:07",1119
"2019-10-05 19:47:07",1119
"2019-10-05 20:47:09",1119
"2019-10-05 21:47:06",1119
"2019-10-05 22:47:07",1119
"2019-10-05 23:47:08",1119
"2019-10-06 00:47:07",1119
"2019-10-06 01:47:08",1119
"2019-10-06 02:47:19",1119
"2019-10-06 03:47:10",1119
"2019-10-06 04:47:07",1119
"2019-10-06 05:47:08",1119
"2019-10-06 06:47:12",1119
"2019-10-06 07:47:07",1119
"2019-10-06 08:47:11",1119
"2019-10-06 09:47:11",1119
"2019-10-06 10:47:07",1119
"2019-10-06 11:47:10",1119
"2019-10-06 12:47:09",1119
"2019-10-06 13:47:06",1119
"2019-10-06 14:47:09",1119
"2019-10-06 15:47:06",1119
"2019-10-06 16:47:06",1119
"2019-10-06 17:47:06",1119
"2019-10-06 18:47:12",1119
"2019-10-06 19:47:10",1119
"2019-10-06 20:47:05",1119
"2019-10-06 21:47:05",1119
"2019-10-06 22:47:05",1119
"2019-10-06 23:47:05",1119
"2019-10-07 00:47:07",1119
"2019-10-07 01:47:08",1119
"2019-10-07 02:47:10",1119
"2019-10-07 03:47:08",1119
"2019-10-07 04:47:07",1119
"2019-10-07 05:47:06",1119
"2019-10-07 06:47:06",1119
"2019-10-07 07:47:05",1119
"2019-10-07 08:47:05",1119
"2019-10-07 09:47:14",1119
"2019-10-07 10:47:05",1119
"2019-10-07 11:47:06",1119
"2019-10-07 12:47:18",1119
"2019-10-07 13:47:10",1119
"2019-10-07 14:47:06",1118
"2019-10-07 15:47:08",1119
"2019-10-07 16:47:09",1117
"2019-10-07 17:47:06",1118
"2019-10-07 18:47:07",1120
"2019-10-07 19:47:10",1119
"2019-10-07 20:47:04",1119
"2019-10-07 21:47:04",1118
"2019-10-07 22:47:05",1118
"2019-10-07 23:47:11",1118
"2019-10-08 00:47:05",1118
"2019-10-08 01:47:05",1118
"2019-10-08 02:47:04",1118
"2019-10-08 03:47:09",1118
"2019-10-08 04:47:08",1118
"2019-10-08 05:47:05",1118
"2019-10-08 06:47:08",1118
"2019-10-08 07:47:06",1118
"2019-10-08 08:47:06",1118
"2019-10-08 09:47:07",1118
"2019-10-08 10:47:09",1118
"2019-10-08 11:47:05",1118
"2019-10-08 12:47:08",1118
"2019-10-08 13:47:07",1118
"2019-10-08 14:47:05",1117
"2019-10-08 15:47:06",1116
"2019-10-08 16:47:11",1117
"2019-10-08 17:47:09",1121
"2019-10-08 18:47:08",1121
"2019-10-08 19:47:09",1122
"2019-10-08 20:47:05",1123
"2019-10-08 21:47:05",1123
"2019-10-08 22:47:09",1123
"2019-10-08 23:47:06",1123
"2019-10-09 00:47:06",1123
"2019-10-09 01:47:06",1123
"2019-10-09 02:47:06",1123
"2019-10-09 03:47:04",1123
"2019-10-09 04:47:09",1123
"2019-10-09 05:47:06",1123
"2019-10-09 06:47:06",1123
"2019-10-09 07:47:13",1123
"2019-10-09 08:47:06",1123
"2019-10-09 09:47:04",1123
"2019-10-09 10:47:08",1123
"2019-10-09 11:47:05",1123
"2019-10-09 12:47:14",1123
"2019-10-09 13:47:07",1123
"2019-10-09 14:47:08",1125
"2019-10-09 15:47:14",1129
"2019-10-09 16:47:08",1132
"2019-10-09 17:47:19",1132
"2019-10-09 18:47:12",1134
"2019-10-09 19:47:14",1134
"2019-10-09 20:47:07",1134
"2019-10-09 21:47:04",1134
"2019-10-09 22:47:07",1134
"2019-10-09 23:47:08",1134
"2019-10-10 00:47:12",1134
"2019-10-10 01:47:06",1134
"2019-10-10 02:47:11",1134
"2019-10-10 03:47:07",1134
"2019-10-10 04:47:06",1134
"2019-10-10 05:47:14",1134
"2019-10-10 06:47:08",1134
"2019-10-10 07:47:11",1134
"2019-10-10 08:47:07",1134
"2019-10-10 09:47:05",1134
"2019-10-10 10:47:05",1134
"2019-10-10 11:47:09",1134
"2019-10-10 13:10:20",1134
"2019-10-10 13:47:14",1134
"2019-10-10 14:47:08",1134
"2019-10-10 15:47:11",1135
"2019-10-10 16:47:07",1134
"2019-10-10 17:47:09",1135
"2019-10-10 18:47:07",1139
"2019-10-10 19:47:10",1137
"2019-10-10 20:47:09",1137
"2019-10-10 21:47:10",1137
"2019-10-10 22:47:09",1137
"2019-10-10 23:47:23",1137
"2019-10-11 00:47:09",1137
"2019-10-11 01:47:10",1137
"2019-10-11 02:47:10",1137
"2019-10-11 03:47:16",1137
"2019-10-11 04:47:08",1137
"2019-10-11 05:47:07",1137
"2019-10-11 06:47:11",1137
"2019-10-11 07:47:10",1137
"2019-10-11 08:47:08",1137
"2019-10-11 09:47:13",1137
"2019-10-11 10:47:08",1137
"2019-10-11 11:47:09",1137
"2019-10-11 13:10:47",1137
"2019-10-11 13:47:13",1137
"2019-10-11 14:47:08",1134
"2019-10-11 15:47:21",1134
"2019-10-11 16:47:11",1133
"2019-10-11 17:47:09",1133
"2019-10-11 18:47:12",1132
"2019-10-11 19:47:11",1133
"2019-10-11 20:47:08",1132
"2019-10-11 21:47:07",1132
"2019-10-11 22:47:07",1131
"2019-10-11 23:47:07",1131
"2019-10-12 00:47:15",1131
"2019-10-12 01:47:07",1131
"2019-10-12 02:47:09",1131
"2019-10-12 03:47:13",1131
"2019-10-12 04:47:08",1131
"2019-10-12 05:47:14",1131
"2019-10-12 06:47:17",1131
"2019-10-12 07:47:07",1131
"2019-10-12 08:47:08",1131
"2019-10-12 09:47:12",1131
"2019-10-12 10:47:07",1131
"2019-10-12 11:47:06",1131
"2019-10-12 12:47:16",1131
"2019-10-12 13:47:08",1131
"2019-10-12 14:47:09",1131
"2019-10-12 15:47:08",1131
"2019-10-12 16:47:13",1131
"2019-10-12 17:47:14",1131
"2019-10-12 18:47:08",1131
"2019-10-12 19:47:09",1131
"2019-10-12 20:47:10",1131
"2019-10-12 21:47:07",1131
"2019-10-12 22:47:09",1131
"2019-10-12 23:47:08",1131
"2019-10-13 00:47:13",1131
"2019-10-13 01:47:08",1131
"2019-10-13 02:47:08",1131
"2019-10-13 03:47:12",1131
"2019-10-13 04:47:07",1131
"2019-10-13 05:47:07",1131
"2019-10-13 06:47:10",1131
"2019-10-13 07:47:08",1131
"2019-10-13 08:47:15",1131
"2019-10-13 09:47:12",1131
"2019-10-13 10:47:05",1131
"2019-10-13 11:47:12",1131
"2019-10-13 12:47:06",1131
"2019-10-13 13:47:16",1131
"2019-10-13 14:47:13",1131
"2019-10-13 15:47:08",1131
"2019-10-13 16:47:18",1131
"2019-10-13 17:47:08",1131
"2019-10-13 18:47:11",1131
"2019-10-13 19:47:11",1131
"2019-10-13 20:47:16",1131
"2019-10-13 21:47:13",1131
"2019-10-13 22:47:13",1131
"2019-10-13 23:47:17",1131
"2019-10-14 00:47:08",1131
"2019-10-14 01:47:12",1131
"2019-10-14 02:47:09",1131
"2019-10-14 03:47:11",1131
"2019-10-14 04:47:10",1131
"2019-10-14 05:47:09",1131
"2019-10-14 06:47:13",1131
"2019-10-14 07:47:08",1131
"2019-10-14 08:47:09",1131
"2019-10-14 09:47:13",1131
"2019-10-14 10:47:10",1131
"2019-10-14 11:47:13",1131
"2019-10-14 12:47:14",1131
"2019-10-14 13:47:12",1132
"2019-10-14 14:47:11",1131
"2019-10-14 15:47:10",1129
"2019-10-14 16:47:16",1129
"2019-10-14 17:47:08",1128
"2019-10-14 18:47:15",1128
"2019-10-14 19:47:07",1129
"2019-10-14 20:47:10",1131
"2019-10-14 21:47:10",1131
"2019-10-14 22:47:15",1131
"2019-10-14 23:47:22",1131
"2019-10-15 00:47:09",1131
"2019-10-15 02:47:16",1131
"2019-10-15 03:47:08",1131
"2019-10-15 04:47:07",1131
"2019-10-15 05:47:13",1131
"2019-10-15 06:47:12",1131
"2019-10-15 07:47:17",1131
"2019-10-15 08:47:11",1131
"2019-10-15 09:47:09",1131
"2019-10-15 10:47:09",1131
"2019-10-15 11:47:14",1131
"2019-10-15 12:47:42",1131
"2019-10-15 13:47:18",1131
"2019-10-15 14:47:08",1131
"2019-10-15 15:47:08",1132
"2019-10-15 16:47:10",1130
"2019-10-15 17:47:14",1129
"2019-10-15 18:47:17",1129
"2019-10-15 19:47:15",1129
"2019-10-15 20:47:19",1128
"2019-10-15 21:47:12",1128
"2019-10-15 22:47:07",1128
"2019-10-15 23:47:08",1128
"2019-10-16 00:47:10",1128
"2019-10-16 01:47:08",1128
"2019-10-16 02:47:10",1128
"2019-10-16 03:47:17",1128
"2019-10-16 04:47:10",1128
"2019-10-16 05:47:10",1128
"2019-10-16 06:47:12",1128
"2019-10-16 07:47:18",1128
"2019-10-16 08:47:21",1128
"2019-10-16 09:47:09",1128
"2019-10-16 10:47:13",1128
"2019-10-16 11:47:07",1128
"2019-10-16 12:47:10",1128
"2019-10-16 13:47:18",1128
"2019-10-16 14:47:09",1127
"2019-10-16 15:47:21",1125
"2019-10-16 16:47:08",1126
"2019-10-16 17:47:08",1127
"2019-10-16 18:47:13",1125
"2019-10-16 19:47:07",1125
"2019-10-16 20:47:10",1125
"2019-10-16 21:47:12",1125
"2019-10-16 22:47:07",1125
"2019-10-16 23:47:08",1125
"2019-10-17 00:47:08",1125
"2019-10-17 01:47:11",1125
"2019-10-17 02:47:10",1125
"2019-10-17 04:47:13",1125
"2019-10-17 05:47:08",1125
"2019-10-17 06:47:08",1125
"2019-10-17 07:47:14",1125
"2019-10-17 08:47:09",1125
"2019-10-17 09:47:07",1125
"2019-10-17 10:47:06",1125
"2019-10-17 11:47:14",1125
"2019-10-17 12:47:11",1125
"2019-10-17 13:47:13",1125
"2019-10-17 14:47:14",1124
"2019-10-17 15:47:08",1125
"2019-10-17 16:47:07",1125
"2019-10-17 17:47:10",1126
"2019-10-17 18:47:09",1127
"2019-10-17 19:47:13",1127
"2019-10-17 20:47:09",1127
"2019-10-17 21:47:08",1127
"2019-10-17 22:47:08",1127
"2019-10-17 23:47:10",1127
"2019-10-18 00:47:08",1127
"2019-10-18 01:47:09",1127
"2019-10-18 02:47:08",1127
"2019-10-18 03:47:15",1127
"2019-10-18 04:47:08",1127
"2019-10-18 05:47:09",1127
"2019-10-18 06:47:16",1127
"2019-10-18 07:47:09",1127
"2019-10-18 08:47:12",1127
"2019-10-18 09:47:10",1127
"2019-10-18 10:47:15",1127
"2019-10-18 11:47:10",1127
"2019-10-18 13:09:45",1127
"2019-10-18 13:47:07",1127
"2019-10-18 14:47:08",1130
"2019-10-18 15:47:14",1129
"2019-10-18 16:47:07",1128
"2019-10-18 17:47:11",1129
"2019-10-18 18:47:08",1130
"2019-10-18 19:47:09",1131
"2019-10-18 20:47:12",1132
"2019-10-18 21:47:07",1132
"2019-10-18 23:47:09",1132
"2019-10-19 00:47:07",1132
"2019-10-19 01:47:13",1132
"2019-10-19 02:47:08",1132
"2019-10-19 03:47:07",1132
"2019-10-19 04:47:11",1132
"2019-10-19 05:47:07",1132
"2019-10-19 06:47:13",1132
"2019-10-19 07:47:10",1132
"2019-10-19 08:47:08",1132
"2019-10-19 09:47:12",1132
"2019-10-19 10:47:11",1132
"2019-10-19 11:47:07",1132
"2019-10-19 12:47:14",1132
"2019-10-19 13:47:07",1132
"2019-10-19 14:47:09",1132
"2019-10-19 15:47:09",1132
"2019-10-19 16:47:14",1132
"2019-10-19 17:47:08",1132
"2019-10-19 18:47:07",1132
"2019-10-19 19:47:13",1132
"2019-10-19 20:47:10",1132
"2019-10-19 21:47:07",1132
"2019-10-19 22:47:08",1132
"2019-10-19 23:47:08",1132
"2019-10-20 00:47:08",1132
"2019-10-20 01:47:08",1132
"2019-10-20 02:47:13",1132
"2019-10-20 03:47:08",1132
"2019-10-20 04:47:09",1132
"2019-10-20 05:47:13",1132
"2019-10-20 06:47:10",1132
"2019-10-20 07:47:15",1132
"2019-10-20 08:47:09",1132
"2019-10-20 09:47:08",1132
"2019-10-20 10:47:12",1132
"2019-10-20 11:47:09",1132
"2019-10-20 12:47:15",1132
"2019-10-20 13:47:09",1132
"2019-10-20 14:47:07",1132
"2019-10-20 16:47:13",1132
"2019-10-20 17:47:07",1132
"2019-10-20 18:47:09",1132
"2019-10-20 19:47:06",1132
"2019-10-20 20:47:06",1132
"2019-10-20 21:47:07",1132
"2019-10-20 22:47:08",1132
"2019-10-20 23:47:09",1132
"2019-10-21 00:47:09",1132
"2019-10-21 01:47:12",1132
"2019-10-21 02:47:08",1132
"2019-10-21 03:47:08",1132
"2019-10-21 04:47:08",1132
"2019-10-21 05:47:15",1132
"2019-10-21 06:47:08",1132
"2019-10-21 07:47:12",1132
"2019-10-21 08:47:12",1132
"2019-10-21 09:47:09",1132
"2019-10-21 10:47:09",1132
"2019-10-21 11:47:13",1132
"2019-10-21 13:10:41",1132
"2019-10-21 13:47:18",1132
"2019-10-21 14:47:10",1133
"2019-10-21 15:47:11",1134
"2019-10-21 16:47:13",1135
"2019-10-21 17:47:07",1135
"2019-10-21 18:47:10",1136
"2019-10-21 19:47:10",1130
"2019-10-21 20:47:08",1134
"2019-10-21 22:47:15",1134
"2019-10-21 23:47:08",1134
"2019-10-22 00:47:07",1134
"2019-10-22 01:47:10",1134
"2019-10-22 02:47:13",1134
"2019-10-22 03:47:16",1134
"2019-10-22 04:47:14",1134
"2019-10-22 05:47:09",1134
"2019-10-22 06:47:09",1134
"2019-10-22 07:47:16",1134
"2019-10-22 08:47:09",1134
"2019-10-22 09:47:13",1134
"2019-10-22 10:47:09",1134
"2019-10-22 11:47:07",1134
"2019-10-22 12:47:20",1134
"2019-10-22 13:47:10",1134
"2019-10-22 14:47:10",1145
"2019-10-22 15:47:16",1148
"2019-10-22 16:47:16",1149
"2019-10-22 17:47:13",1148
"2019-10-22 18:47:12",1148
"2019-10-22 19:47:08",1150
"2019-10-22 20:47:11",1150
"2019-10-22 21:47:09",1150
"2019-10-22 22:47:11",1150
"2019-10-22 23:47:11",1150
"2019-10-23 00:47:20",1150
"2019-10-23 01:47:13",1150
"2019-10-23 02:47:10",1150
"2019-10-23 03:47:09",1150
"2019-10-23 04:47:17",1150
"2019-10-23 05:47:11",1150
"2019-10-23 06:47:22",1150
"2019-10-23 07:47:14",1150
"2019-10-23 08:47:11",1150
"2019-10-23 09:47:17",1150
"2019-10-23 10:47:11",1150
"2019-10-23 11:47:08",1150
"2019-10-23 12:47:19",1150
"2019-10-23 13:47:19",1150
"2019-10-23 14:47:10",1149
"2019-10-23 15:47:08",1148
"2019-10-23 16:47:13",1146
"2019-10-23 17:47:09",1144
"2019-10-23 18:47:08",1145
"2019-10-23 19:47:08",1145
"2019-10-23 20:47:13",1144
"2019-10-23 21:47:08",1144
"2019-10-23 22:47:09",1144
"2019-10-23 23:47:10",1144
"2019-10-24 01:05:03",1144
"2019-10-24 01:47:12",1144
"2019-10-24 02:47:15",1144
"2019-10-24 03:47:14",1144
"2019-10-24 04:47:10",1144
"2019-10-24 05:47:15",1144
"2019-10-24 06:47:19",1144
"2019-10-24 07:47:10",1144
"2019-10-24 08:47:09",1144
"2019-10-24 09:47:15",1144
"2019-10-24 10:47:08",1144
"2019-10-24 11:47:08",1144
"2019-10-24 13:10:46",1144
"2019-10-24 13:47:11",1144
"2019-10-24 14:47:09",1147
"2019-10-24 15:47:15",1147
"2019-10-24 16:47:10",1147
"2019-10-24 17:47:12",1148
"2019-10-24 18:47:10",1149
"2019-10-24 19:47:15",1150
"2019-10-24 20:47:08",1150
"2019-10-24 21:47:10",1150
"2019-10-24 22:47:10",1150
"2019-10-24 23:47:12",1150
"2019-10-25 00:47:10",1150
"2019-10-25 01:47:12",1150
"2019-10-25 02:47:16",1150
"2019-10-25 03:47:11",1150
"2019-10-25 04:47:08",1150
"2019-10-25 05:47:15",1150
"2019-10-25 06:47:11",1150
"2019-10-25 07:47:14",1150
"2019-10-25 08:47:15",1150
"2019-10-25 09:47:09",1150
"2019-10-25 10:47:08",1150
"2019-10-25 11:47:19",1150
"2019-10-25 13:10:42",1151
"2019-10-25 13:47:16",1151
"2019-10-25 14:47:18",1155
"2019-10-25 15:47:10",1155
"2019-10-25 16:47:18",1154
"2019-10-25 17:47:09",1155
"2019-10-25 18:47:09",1155
"2019-10-25 19:47:08",1156
"2019-10-25 20:47:09",1156
"2019-10-25 21:47:08",1156
"2019-10-25 22:47:09",1157
"2019-10-25 23:47:10",1157
"2019-10-26 00:47:48",1157
"2019-10-26 01:47:16",1157
"2019-10-26 02:47:11",1157
"2019-10-26 03:47:11",1157
"2019-10-26 04:47:15",1157
"2019-10-26 05:47:10",1157
"2019-10-26 06:47:06",1157
"2019-10-26 07:47:18",1157
"2019-10-26 08:47:08",1157
"2019-10-26 09:47:08",1157
"2019-10-26 10:47:07",1157
"2019-10-26 11:47:14",1157
"2019-10-26 12:47:08",1157
"2019-10-26 13:47:13",1157
"2019-10-26 14:47:12",1157
"2019-10-26 15:47:14",1157
"2019-10-26 16:47:12",1157
"2019-10-26 17:47:13",1157
"2019-10-26 18:47:15",1157
"2019-10-26 19:47:13",1157
"2019-10-26 20:47:12",1157
"2019-10-26 21:47:13",1157
"2019-10-26 22:47:11",1157
"2019-10-26 23:47:13",1157
"2019-10-27 00:47:13",1157
"2019-10-27 01:47:10",1157
"2019-10-27 02:47:14",1157
"2019-10-27 03:47:14",1157
"2019-10-27 04:47:08",1157
"2019-10-27 05:47:16",1157
"2019-10-27 06:47:12",1157
"2019-10-27 07:47:08",1157
"2019-10-27 08:47:10",1157
"2019-10-27 09:47:08",1157
"2019-10-27 10:47:07",1157
"2019-10-27 11:47:08",1157
"2019-10-27 12:47:12",1157
"2019-10-27 13:47:10",1157
"2019-10-27 14:47:08",1157
"2019-10-27 15:47:18",1157
"2019-10-27 16:47:09",1157
"2019-10-27 17:47:09",1157
"2019-10-27 18:47:14",1157
"2019-10-27 19:47:12",1157
"2019-10-27 20:47:15",1157
"2019-10-27 21:47:09",1157
"2019-10-27 22:47:08",1157
"2019-10-27 23:47:08",1157
"2019-10-28 00:47:08",1157
"2019-10-28 01:47:10",1157
"2019-10-28 02:47:12",1157
"2019-10-28 03:47:13",1157
"2019-10-28 04:47:08",1157
"2019-10-28 05:47:07",1157
"2019-10-28 06:47:13",1157
"2019-10-28 07:47:11",1157
"2019-10-28 08:47:10",1157
"2019-10-28 09:47:09",1157
"2019-10-28 10:47:16",1157
"2019-10-28 11:47:06",1157
"2019-10-28 12:47:16",1157
"2019-10-28 14:47:13",1157
"2019-10-28 15:47:22",1157
"2019-10-28 16:47:19",1159
"2019-10-28 17:47:12",1158
"2019-10-28 18:47:14",1157
"2019-10-28 19:47:13",1154
"2019-10-28 23:47:11",1154
"2019-10-29 00:47:09",1154
"2019-10-29 01:47:16",1154
"2019-10-29 02:47:14",1154
"2019-10-29 03:47:16",1154
"2019-10-29 04:47:09",1154
"2019-10-29 05:47:12",1154
"2019-10-29 06:47:14",1154
"2019-10-29 07:47:12",1154
"2019-10-29 08:47:12",1154
"2019-10-29 09:47:08",1154
"2019-10-29 10:47:13",1154
"2019-10-29 11:47:09",1154
"2019-10-29 12:47:10",1154
"2019-10-29 13:47:20",1154
"2019-10-29 14:47:10",1155
"2019-10-29 15:47:11",1154
"2019-10-29 16:47:14",1154
"2019-10-29 17:47:08",1155
"2019-10-29 18:47:13",1157
"2019-10-29 19:47:12",1159
"2019-10-29 20:47:09",1160
"2019-10-29 21:47:14",1160
"2019-10-29 22:47:10",1160
"2019-10-29 23:47:10",1160
"2019-10-30 00:47:18",1160
"2019-10-30 01:47:12",1160
"2019-10-30 02:47:10",1160
"2019-10-30 03:47:11",1160
"2019-10-30 04:47:16",1160
"2019-10-30 05:47:16",1160
"2019-10-30 06:47:11",1160
"2019-10-30 07:47:22",1160
"2019-10-30 08:47:10",1160
"2019-10-30 09:47:12",1160
"2019-10-30 10:47:16",1160
"2019-10-30 11:47:07",1160
"2019-10-30 13:47:48",1160
"2019-10-30 14:47:09",1158
"2019-10-30 15:47:08",1157
"2019-10-30 16:47:12",1156
"2019-10-30 17:47:11",1155
"2019-10-30 18:47:09",1155
"2019-10-30 19:47:09",1155
"2019-10-30 20:47:14",1155
"2019-10-30 21:47:10",1155
"2019-10-30 22:47:09",1154
"2019-10-30 23:47:09",1154
"2019-10-31 00:47:10",1154
"2019-10-31 01:47:11",1154
"2019-10-31 02:47:08",1154
"2019-10-31 03:47:13",1154
"2019-10-31 04:47:09",1154
"2019-10-31 05:47:09",1154
"2019-10-31 06:47:14",1154
"2019-10-31 07:47:11",1154
"2019-10-31 08:47:10",1154
"2019-10-31 09:47:15",1154
"2019-10-31 10:47:09",1154
"2019-10-31 11:47:11",1154
"2019-10-31 13:12:17",1154
"2019-10-31 13:47:13",1154
"2019-10-31 14:47:11",1151
"2019-10-31 15:47:14",1152
"2019-10-31 16:47:14",1151
"2019-10-31 17:47:11",1153
"2019-10-31 18:47:10",1153
"2019-10-31 19:47:09",1155
"2019-10-31 20:47:12",1159
"2019-10-31 22:10:15",1160
"2019-10-31 22:47:17",1160
"2019-10-31 23:47:10",1160
"2019-11-01 00:47:10",1160
"2019-11-01 01:47:10",1160
"2019-11-01 02:47:10",1160
"2019-11-01 03:47:16",1160
"2019-11-01 04:47:10",1160
"2019-11-01 05:47:15",1160
"2019-11-01 06:47:08",1160
"2019-11-01 07:47:17",1160
"2019-11-01 08:47:10",1160
"2019-11-01 09:47:14",1160
"2019-11-01 10:47:14",1160
"2019-11-01 11:47:16",1160
"2019-11-01 13:43:23",1162
"2019-11-01 13:52:38",1162
"2019-11-01 14:47:10",1162
"2019-11-01 15:47:08",1164
"2019-11-01 16:47:15",1165
"2019-11-01 17:47:12",1167
"2019-11-01 18:47:17",1167
"2019-11-01 19:47:09",1165
"2019-11-01 20:47:09",1167
"2019-11-01 21:47:07",1167
"2019-11-01 22:47:07",1167
"2019-11-01 23:47:08",1167
"2019-11-02 00:47:13",1167
"2019-11-02 01:47:10",1167
"2019-11-02 02:47:10",1167
"2019-11-02 03:47:17",1167
"2019-11-02 04:47:10",1167
"2019-11-02 05:47:11",1167
"2019-11-02 06:47:13",1167
"2019-11-02 07:47:09",1167
"2019-11-02 08:47:10",1167
"2019-11-02 09:47:08",1167
"2019-11-02 10:47:13",1167
"2019-11-02 11:47:08",1167
"2019-11-02 12:47:17",1167
"2019-11-02 13:47:10",1167
"2019-11-02 14:47:12",1167
"2019-11-02 15:47:15",1167
"2019-11-02 16:47:09",1167
"2019-11-02 17:47:10",1167
"2019-11-02 18:47:11",1167
"2019-11-02 19:47:09",1167
"2019-11-02 20:47:09",1167
"2019-11-02 23:47:13",1167
"2019-11-03 00:47:08",1167
"2019-11-03 01:47:11",1167
"2019-11-03 03:47:13",1167
"2019-11-03 05:47:13",1167
"2019-11-03 06:47:09",1167
"2019-11-03 07:47:10",1167
"2019-11-03 21:47:14",1167
"2019-11-03 22:47:08",1167
"2019-11-03 23:47:14",1167
"2019-11-04 00:47:09",1167
"2019-11-04 01:47:10",1167
"2019-11-04 02:47:09",1167
"2019-11-04 03:47:09",1167
"2019-11-04 04:47:09",1167
"2019-11-04 05:47:13",1167
"2019-11-04 06:47:10",1167
"2019-11-04 07:47:07",1167
"2019-11-04 08:47:09",1167
"2019-11-04 09:47:12",1167
"2019-11-04 10:47:09",1167
"2019-11-04 11:47:07",1167
"2019-11-04 12:47:08",1167
"2019-11-04 14:12:42",1167
"2019-11-04 15:47:10",1159
"2019-11-04 16:47:11",1163
"2019-11-04 17:47:10",1164
"2019-11-04 18:47:10",1165
"2019-11-04 19:47:12",1168
"2019-11-04 20:47:09",1170
"2019-11-04 21:47:10",1175
"2019-11-04 22:47:09",1175
"2019-11-04 23:47:09",1175
"2019-11-05 00:47:11",1175
"2019-11-05 01:47:10",1175
"2019-11-05 02:47:14",1175
"2019-11-05 03:47:10",1175
"2019-11-05 04:47:08",1175
"2019-11-05 05:47:15",1175
"2019-11-05 06:47:11",1175
"2019-11-05 07:47:09",1175
"2019-11-05 08:47:12",1175
"2019-11-05 09:47:14",1175
"2019-11-05 10:47:10",1175
"2019-11-05 11:47:10",1175
"2019-11-05 12:47:10",1175
"2019-11-05 14:12:44",1175
"2019-11-05 14:47:17",1175
"2019-11-05 15:47:10",1174
"2019-11-05 16:47:10",1173
"2019-11-05 17:47:10",1172
"2019-11-05 18:47:09",1172
"2019-11-05 19:47:13",1172
"2019-11-05 20:47:14",1173
"2019-11-05 21:47:10",1172
"2019-11-05 22:47:11",1173
"2019-11-05 23:47:09",1173
"2019-11-06 00:47:09",1173
"2019-11-06 01:47:11",1173
"2019-11-06 02:47:41",1173
"2019-11-06 03:47:11",1173
"2019-11-06 04:47:15",1173
"2019-11-06 05:47:10",1173
"2019-11-06 06:47:16",1173
"2019-11-06 07:47:08",1173
"2019-11-06 08:47:10",1173
"2019-11-06 09:47:13",1173
"2019-11-06 10:47:13",1173
"2019-11-06 11:47:09",1173
"2019-11-06 12:47:09",1173
"2019-11-06 13:47:10",1173
"2019-11-06 14:47:17",1173
"2019-11-06 15:47:12",1180
"2019-11-06 16:47:14",1179
"2019-11-06 17:47:12",1179
"2019-11-06 18:47:13",1178
"2019-11-06 19:47:12",1181
"2019-11-06 20:47:17",1181
"2019-11-06 21:47:13",1180
"2019-11-06 22:47:12",1180
"2019-11-06 23:47:12",1180
"2019-11-07 00:47:11",1180
"2019-11-07 01:47:10",1180
"2019-11-07 02:47:12",1180
"2019-11-07 03:47:11",1180
"2019-11-07 04:47:15",1180
"2019-11-07 05:47:13",1180
"2019-11-07 06:47:10",1180
"2019-11-07 07:47:13",1180
"2019-11-07 08:47:11",1180
"2019-11-07 09:47:12",1180
"2019-11-07 10:47:08",1180
"2019-11-07 11:47:09",1180
"2019-11-07 12:47:10",1180
"2019-11-07 14:11:12",1180
"2019-11-07 14:47:44",1180
"2019-11-07 15:47:15",1176
"2019-11-07 16:47:14",1173
"2019-11-07 17:47:14",1171
"2019-11-07 18:47:13",1169
"2019-11-07 19:47:13",1169
"2019-11-07 21:11:48",1164
"2019-11-07 21:47:15",1164
"2019-11-07 22:47:19",1164
"2019-11-07 23:47:20",1164
"2019-11-08 00:47:22",1164
"2019-11-08 01:47:17",1164
"2019-11-08 02:47:25",1164
"2019-11-08 03:47:21",1164
"2019-11-08 04:47:19",1164
"2019-11-08 05:47:22",1164
"2019-11-08 06:47:15",1164
"2019-11-08 07:47:15",1164
"2019-11-08 08:47:22",1164
"2019-11-08 09:47:18",1164
"2019-11-08 10:47:17",1164
"2019-11-08 11:47:14",1164
"2019-11-08 12:47:15",1164
"2019-11-08 14:12:54",1163
"2019-11-08 14:47:53",1163
"2019-11-08 15:47:18",1171
"2019-11-08 16:47:17",1171
"2019-11-08 17:47:19",1171
"2019-11-08 18:47:18",1173
"2019-11-08 19:47:23",1174
"2019-11-08 20:47:17",1175
"2019-11-08 21:47:20",1176
"2019-11-08 22:47:19",1176
"2019-11-08 23:47:20",1176
"2019-11-09 00:47:21",1176
"2019-11-09 01:47:19",1176
"2019-11-09 02:47:19",1176
"2019-11-09 03:47:18",1176
"2019-11-09 04:47:22",1176
"2019-11-09 05:47:16",1176
"2019-11-09 06:47:17",1176
"2019-11-09 07:47:20",1176
"2019-11-09 08:47:20",1176
"2019-11-09 09:47:18",1176
"2019-11-09 10:47:16",1176
"2019-11-09 11:47:22",1176
"2019-11-09 12:47:18",1176
"2019-11-09 13:47:17",1176
"2019-11-09 14:47:21",1176
"2019-11-09 15:47:23",1176
"2019-11-09 16:47:18",1176
"2019-11-09 18:47:17",1176
"2019-11-09 19:47:19",1176
"2019-11-09 20:47:23",1176
"2019-11-09 21:47:17",1176
"2019-11-09 22:47:22",1176
"2019-11-09 23:47:19",1176
"2019-11-10 00:47:17",1176
"2019-11-10 01:47:19",1176
"2019-11-10 02:47:21",1176
"2019-11-10 03:47:17",1176
"2019-11-10 04:47:18",1176
"2019-11-10 05:47:18",1176
"2019-11-10 06:47:17",1176
"2019-11-10 07:47:15",1176
"2019-11-10 08:47:23",1176
"2019-11-10 09:47:21",1176
"2019-11-10 10:47:16",1176
"2019-11-10 11:47:16",1176
"2019-11-10 12:47:19",1176
"2019-11-10 13:47:16",1176
"2019-11-10 14:47:15",1176
"2019-11-10 15:47:21",1176
"2019-11-10 16:47:17",1176
"2019-11-10 17:47:18",1176
"2019-11-10 18:47:20",1176
"2019-11-10 19:47:16",1176
"2019-11-10 20:47:17",1176
"2019-11-10 21:47:15",1176
"2019-11-10 22:47:19",1176
"2019-11-10 23:47:21",1176
"2019-11-11 00:47:18",1176
"2019-11-11 01:47:21",1176
"2019-11-11 02:47:19",1176
"2019-11-11 03:47:19",1176
"2019-11-11 04:47:20",1176
"2019-11-11 05:47:22",1176
"2019-11-11 06:47:18",1176
"2019-11-11 07:47:19",1176
"2019-11-11 08:47:24",1176
"2019-11-11 09:47:21",1176
"2019-11-11 10:47:20",1176
"2019-11-11 11:47:17",1176
"2019-11-11 12:47:20",1176
"2019-11-11 13:47:21",1176
"2019-11-11 14:47:25",1176
"2019-11-11 15:47:26",1179
"2019-11-11 16:47:21",1179
"2019-11-11 17:47:23",1178
"2019-11-11 18:47:26",1177
"2019-11-11 19:47:20",1175
"2019-11-11 21:47:20",1175
"2019-11-11 22:47:17",1175
"2019-11-11 23:47:18",1175
"2019-11-12 00:47:15",1175
"2019-11-12 01:47:16",1175
"2019-11-12 02:47:25",1175
"2019-11-12 03:47:19",1175
"2019-11-12 04:47:16",1175
"2019-11-12 05:47:22",1175
"2019-11-12 06:47:18",1175
"2019-11-12 07:47:21",1175
"2019-11-12 08:47:17",1175
"2019-11-12 09:47:16",1175
"2019-11-12 10:47:15",1175
"2019-11-12 11:47:21",1175
"2019-11-12 12:47:22",1175
"2019-11-12 14:11:21",1175
"2019-11-12 14:47:24",1175
"2019-11-12 15:47:18",1173
"2019-11-12 16:47:19",1177
"2019-11-12 17:47:21",1177
"2019-11-12 18:47:23",1177
"2019-11-12 19:47:16",1178
"2019-11-12 20:47:16",1177
"2019-11-12 21:47:17",1178
"2019-11-12 22:47:23",1178
"2019-11-12 23:47:18",1178
"2019-11-13 00:47:24",1178
"2019-11-13 01:47:18",1178
"2019-11-13 02:47:20",1178
"2019-11-13 03:47:21",1178
"2019-11-13 04:47:18",1178
"2019-11-13 05:47:28",1178
"2019-11-13 06:47:18",1178
"2019-11-13 07:47:26",1178
"2019-11-13 08:47:21",1178
"2019-11-13 09:47:19",1178
"2019-11-13 10:47:18",1178
"2019-11-13 11:47:24",1178
"2019-11-13 12:47:16",1178
"2019-11-13 13:47:16",1178
"2019-11-13 15:47:25",1182
"2019-11-13 16:47:18",1181
"2019-11-13 17:47:19",1177
"2019-11-13 18:47:22",1179
"2019-11-13 19:47:17",1179
"2019-11-13 20:47:16",1176
"2019-11-13 21:47:16",1179
"2019-11-13 22:47:18",1179
"2019-11-13 23:47:19",1179
"2019-11-14 00:47:17",1179
"2019-11-14 01:47:16",1179
"2019-11-14 02:47:24",1179
"2019-11-14 03:47:16",1179
"2019-11-14 04:47:16",1179
"2019-11-14 05:47:24",1179
"2019-11-14 06:47:15",1179
"2019-11-14 07:47:24",1179
"2019-11-14 08:47:21",1179
"2019-11-14 09:47:21",1179
"2019-11-14 10:47:21",1179
"2019-11-14 11:47:24",1179
"2019-11-14 12:47:15",1179
"2019-11-14 14:11:00",1179
"2019-11-14 14:47:22",1179
"2019-11-14 15:47:19",1176
"2019-11-14 17:47:20",1173
"2019-11-14 18:47:17",1173
"2019-11-14 19:47:18",1172
"2019-11-14 20:47:19",1171
"2019-11-14 21:47:26",1172
"2019-11-14 22:47:17",1172
"2019-11-14 23:47:20",1172
"2019-11-15 00:47:19",1172
"2019-11-15 01:47:19",1172
"2019-11-15 02:47:18",1172
"2019-11-15 03:47:19",1172
"2019-11-15 04:47:20",1172
"2019-11-15 05:47:20",1172
"2019-11-15 06:47:21",1172
"2019-11-15 07:47:18",1172
"2019-11-15 08:47:29",1172
"2019-11-15 09:47:17",1172
"2019-11-15 10:47:17",1172
"2019-11-15 11:47:16",1172
"2019-11-15 12:47:24",1172
"2019-11-15 14:13:50",1173
"2019-11-15 15:47:27",1177
"2019-11-15 16:47:17",1180
"2019-11-15 17:47:18",1181
"2019-11-15 18:47:27",1179
"2019-11-15 19:47:21",1178
"2019-11-15 20:47:23",1178
"2019-11-15 21:47:15",1178
"2019-11-15 22:47:19",1178
"2019-11-15 23:47:19",1178
"2019-11-16 00:47:20",1178
"2019-11-16 01:47:16",1178
"2019-11-16 02:47:20",1178
"2019-11-16 03:47:16",1178
"2019-11-16 04:47:19",1178
"2019-11-16 05:47:18",1178
"2019-11-16 06:47:19",1178
"2019-11-16 07:47:17",1178
"2019-11-16 08:47:20",1178
"2019-11-16 09:47:24",1178
"2019-11-16 10:47:16",1178
"2019-11-16 11:47:16",1178
"2019-11-16 12:47:23",1178
"2019-11-16 13:47:21",1178
"2019-11-16 14:47:18",1178
"2019-11-16 15:47:18",1178
"2019-11-16 16:47:17",1178
"2019-11-16 17:47:20",1178
"2019-11-16 18:47:16",1178
"2019-11-16 19:47:17",1178
"2019-11-16 20:47:14",1178
"2019-11-16 21:47:15",1178
"2019-11-16 22:47:16",1178
"2019-11-17 00:47:15",1178
"2019-11-17 01:47:14",1178
"2019-11-17 02:47:20",1178
"2019-11-17 03:47:15",1178
"2019-11-17 04:47:17",1178
"2019-11-17 05:47:17",1178
"2019-11-17 06:47:18",1178
"2019-11-17 07:47:19",1178
"2019-11-17 08:47:16",1178
"2019-11-17 10:47:24",1178
"2019-11-17 11:47:20",1178
"2019-11-17 12:47:16",1178
"2019-11-17 13:47:17",1178
"2019-11-17 14:47:15",1178
"2019-11-17 15:47:14",1178
"2019-11-17 16:47:18",1178
"2019-11-17 17:47:13",1178
"2019-11-17 18:47:14",1178
"2019-11-17 19:47:15",1178
"2019-11-17 20:47:20",1178
"2019-11-17 21:47:21",1178
"2019-11-17 22:47:17",1178
"2019-11-17 23:47:20",1178
"2019-11-18 00:47:14",1178
"2019-11-18 01:47:14",1178
"2019-11-18 02:47:17",1178
"2019-11-18 03:47:15",1178
"2019-11-18 04:47:14",1178
"2019-11-18 05:47:16",1178
"2019-11-18 06:47:12",1178
"2019-11-18 07:47:15",1178
"2019-11-18 08:47:22",1178
"2019-11-18 09:47:22",1178
"2019-11-18 10:47:17",1178
"2019-11-18 11:47:14",1178
"2019-11-18 12:47:17",1178
"2019-11-18 14:12:24",1179
"2019-11-18 14:47:17",1179
"2019-11-18 15:47:24",1182
"2019-11-18 16:47:20",1181
"2019-11-18 17:47:23",1186
"2019-11-18 18:47:22",1187
"2019-11-18 19:47:17",1187
"2019-11-18 20:47:22",1189
"2019-11-18 21:47:20",1189
"2019-11-18 22:47:15",1190
"2019-11-18 23:47:20",1190
"2019-11-19 00:47:17",1190
"2019-11-19 01:47:17",1190
"2019-11-19 02:47:16",1190
"2019-11-19 03:47:16",1190
"2019-11-19 04:47:19",1190
"2019-11-19 05:47:14",1190
"2019-11-19 06:47:18",1190
"2019-11-19 07:47:16",1190
"2019-11-19 08:47:17",1190
"2019-11-19 09:47:23",1190
"2019-11-19 10:47:16",1190
"2019-11-19 11:47:15",1190
"2019-11-19 12:47:16",1190
"2019-11-19 14:12:23",1190
"2019-11-19 14:47:19",1190
"2019-11-19 15:47:20",1193
"2019-11-19 16:47:17",1192
"2019-11-19 17:47:24",1192
"2019-11-19 18:47:15",1191
"2019-11-19 19:47:19",1191
"2019-11-19 20:47:19",1192
"2019-11-19 21:47:21",1198
"2019-11-19 22:47:18",1198
"2019-11-19 23:47:18",1198
"2019-11-20 00:47:20",1198
"2019-11-20 01:47:18",1198
"2019-11-20 02:47:20",1198
"2019-11-20 03:47:20",1198
"2019-11-20 04:47:18",1198
"2019-11-20 05:47:18",1198
"2019-11-20 06:47:19",1198
"2019-11-20 07:47:20",1198
"2019-11-20 08:47:25",1198
"2019-11-20 09:47:28",1198
"2019-11-20 10:47:29",1198
"2019-11-20 11:47:26",1198
"2019-11-20 12:47:26",1198
"2019-11-20 14:11:58",1198
"2019-11-20 14:47:28",1198
"2019-11-20 15:47:25",1197
"2019-11-20 16:47:25",1199
"2019-11-20 22:47:23",1199
"2019-11-20 23:47:16",1200
"2019-11-21 00:47:15",1200
"2019-11-21 01:47:16",1200
"2019-11-21 02:47:19",1200
"2019-11-21 03:47:17",1200
"2019-11-21 04:47:15",1200
"2019-11-21 05:47:18",1200
"2019-11-21 06:47:20",1200
"2019-11-21 07:47:15",1200
"2019-11-21 08:47:15",1200
"2019-11-21 09:47:17",1200
"2019-11-21 10:47:17",1200
"2019-11-21 11:47:17",1200
"2019-11-21 12:47:15",1200
"2019-11-21 14:11:20",1200
"2019-11-21 14:47:23",1200
"2019-11-21 15:47:16",1206
"2019-11-21 16:47:17",1206
"2019-11-21 17:47:19",1206
"2019-11-21 18:47:14",1204
"2019-11-21 19:47:15",1206
"2019-11-21 20:47:15",1207
"2019-11-21 21:47:16",1208
"2019-11-21 22:47:16",1207
"2019-11-21 23:47:16",1207
"2019-11-22 00:47:16",1207
"2019-11-22 01:47:20",1207
"2019-11-22 02:47:15",1207
"2019-11-22 03:47:15",1207
"2019-11-22 04:47:14",1207
"2019-11-22 05:47:20",1207
"2019-11-22 06:47:17",1207
"2019-11-22 07:47:20",1207
"2019-11-22 08:47:24",1207
"2019-11-22 09:47:24",1207
"2019-11-22 10:47:22",1207
"2019-11-22 11:47:17",1207
"2019-11-22 12:48:17",1207
"2019-11-22 13:47:14",1207
"2019-11-22 14:47:18",1207
"2019-11-22 15:47:13",1207
"2019-11-22 16:47:14",1206
"2019-11-22 17:47:20",1207
"2019-11-22 18:47:20",1208
"2019-11-22 19:47:15",1208
"2019-11-22 20:47:16",1205
"2019-11-22 21:47:15",1205
"2019-11-22 22:47:15",1205
"2019-11-22 23:47:17",1205
"2019-11-23 00:47:23",1205
"2019-11-23 01:47:15",1205
"2019-11-23 02:47:15",1205
"2019-11-23 03:47:14",1205
"2019-11-23 04:47:21",1205
"2019-11-23 05:47:15",1205
"2019-11-23 06:47:17",1205
"2019-11-23 07:47:17",1205
"2019-11-23 08:47:18",1205
"2019-11-23 09:47:19",1205
"2019-11-23 10:47:18",1205
"2019-11-23 11:47:13",1205
"2019-11-23 12:47:14",1205
"2019-11-23 13:47:15",1205
"2019-11-23 14:47:15",1205
"2019-11-23 15:47:15",1205
"2019-11-23 16:47:14",1205
"2019-11-23 17:47:16",1205
"2019-11-23 18:47:15",1205
"2019-11-23 19:47:17",1205
"2019-11-23 20:47:13",1205
"2019-11-23 21:47:17",1205
"2019-11-23 22:47:12",1205
"2019-11-23 23:47:13",1205
"2019-11-24 00:47:17",1205
"2019-11-24 01:47:13",1205
"2019-11-24 02:47:13",1205
"2019-11-24 03:47:13",1205
"2019-11-24 04:47:12",1205
"2019-11-24 05:47:13",1205
"2019-11-24 06:47:14",1205
"2019-11-24 07:47:11",1205
"2019-11-24 08:47:16",1205
"2019-11-24 09:47:19",1205
"2019-11-24 10:47:17",1205
"2019-11-24 11:47:14",1205
"2019-11-24 12:47:12",1205
"2019-11-24 13:47:12",1205
"2019-11-24 14:47:14",1205
"2019-11-24 15:47:15",1205
"2019-11-24 16:47:14",1205
"2019-11-24 17:47:14",1205
"2019-11-24 18:47:16",1205
"2019-11-24 19:47:14",1205
"2019-11-24 20:47:16",1205
"2019-11-24 21:47:13",1205
"2019-11-24 22:47:19",1205
"2019-11-24 23:47:15",1205
"2019-11-25 00:47:15",1205
"2019-11-25 01:47:19",1205
"2019-11-25 02:47:16",1205
"2019-11-25 04:47:13",1205
"2019-11-25 05:47:15",1205
"2019-11-25 06:47:14",1205
"2019-11-25 07:47:15",1205
"2019-11-25 08:47:22",1205
"2019-11-25 09:47:22",1205
"2019-11-25 10:47:21",1205
"2019-11-25 11:47:19",1205
"2019-11-25 12:47:19",1205
"2019-11-25 13:47:13",1205
"2019-11-25 14:47:16",1205
"2019-11-25 15:47:19",1207
"2019-11-25 16:47:14",1205
"2019-11-25 17:47:20",1207
"2019-11-25 18:47:13",1206
"2019-11-25 19:47:16",1206
"2019-11-25 20:47:16",1206
"2019-11-25 21:47:13",1207
"2019-11-25 22:47:21",1207
"2019-11-25 23:47:15",1206
"2019-11-26 00:47:17",1206
"2019-11-26 01:47:15",1206
"2019-11-26 02:47:19",1206
"2019-11-26 03:47:18",1206
"2019-11-26 04:47:15",1206
"2019-11-26 05:47:20",1206
"2019-11-26 06:47:26",1206
"2019-11-26 07:47:16",1206
"2019-11-26 08:47:21",1206
"2019-11-26 20:47:22",1209
"2019-11-26 21:47:18",1209
"2019-11-26 22:47:24",1209
"2019-11-26 23:47:18",1209
"2019-11-27 00:47:22",1209
"2019-11-27 01:47:18",1209
"2019-11-27 02:47:16",1209
"2019-11-27 03:47:18",1209
"2019-11-27 04:47:16",1209
"2019-11-27 05:47:19",1209
"2019-11-27 06:47:20",1209
"2019-11-27 07:47:17",1209
"2019-11-27 08:47:26",1209
"2019-11-27 09:47:27",1209
"2019-11-27 10:47:15",1209
"2019-11-27 11:47:13",1209
"2019-11-27 12:47:23",1209
"2019-11-27 13:47:16",1209
"2019-11-27 14:47:19",1209
"2019-11-27 15:47:25",1210
"2019-11-27 16:47:21",1210
"2019-11-27 17:47:17",1209
"2019-11-27 18:47:21",1210
"2019-11-27 19:47:20",1210
"2019-11-27 20:47:16",1210
"2019-11-27 21:47:16",1212
"2019-11-27 22:47:19",1212
"2019-11-27 23:47:19",1212
"2019-11-28 00:47:18",1212
"2019-11-28 01:47:20",1212
"2019-11-28 02:47:23",1212
"2019-11-28 03:47:20",1212
"2019-11-28 04:47:19",1212
"2019-11-28 05:47:16",1212
"2019-11-28 06:47:17",1212
"2019-11-28 07:47:21",1212
"2019-11-28 08:47:20",1212
"2019-11-28 09:47:27",1212
"2019-11-28 10:47:22",1212
"2019-11-28 11:47:17",1212
"2019-11-28 12:47:16",1212
"2019-11-28 13:47:15",1212
"2019-11-28 14:47:16",1212
"2019-11-28 15:47:17",1212
"2019-11-28 16:47:17",1212
"2019-11-28 17:47:18",1212
"2019-11-28 18:47:17",1212
"2019-11-28 19:47:16",1212
"2019-11-28 20:47:15",1212
"2019-11-28 21:47:16",1212
"2019-11-28 22:47:15",1212
"2019-11-28 23:47:18",1212
"2019-11-29 00:47:16",1212
"2019-11-29 01:47:17",1212
"2019-11-29 02:47:16",1212
"2019-11-29 04:47:20",1212
"2019-11-29 05:47:19",1212
"2019-11-29 06:47:15",1212
"2019-11-29 07:47:19",1212
"2019-11-29 08:47:29",1212
"2019-11-29 09:47:31",1212
"2019-11-29 10:47:40",1212
"2019-11-29 11:47:24",1212
"2019-11-29 12:47:23",1212
"2019-11-29 13:47:28",1212
"2019-11-29 14:47:29",1212
"2019-11-29 15:47:25",1218
"2019-11-29 16:47:29",1217
"2019-11-29 17:47:32",1220
"2019-11-29 18:47:27",1222
"2019-11-29 20:47:24",1222
"2019-11-29 21:47:15",1222
"2019-11-29 22:47:26",1222
"2019-11-29 23:47:23",1222
"2019-11-30 00:47:18",1222
"2019-11-30 01:47:16",1222
"2019-11-30 02:47:19",1222
"2019-11-30 03:47:21",1222
"2019-11-30 04:47:22",1222
"2019-11-30 05:47:25",1222
"2019-11-30 06:47:23",1222
"2019-11-30 07:47:22",1222
"2019-11-30 08:47:21",1222
"2019-11-30 21:47:54",1222
"2019-11-30 22:47:29",1222
"2019-11-30 23:47:22",1222
"2019-12-01 00:47:24",1222
"2019-12-01 01:47:17",1222
"2019-12-01 02:47:28",1222
"2019-12-01 22:47:34",1222
"2019-12-01 23:47:18",1222
"2019-12-02 00:47:15",1222
"2019-12-02 01:47:23",1222
"2019-12-02 02:47:20",1222
"2019-12-02 06:21:49",1222
"2019-12-02 06:50:29",1222
"2019-12-02 07:50:29",1222
"2019-12-02 08:50:20",1222
"2019-12-02 09:50:21",1222
"2019-12-02 10:50:23",1222
"2019-12-02 11:50:23",1222
"2019-12-02 12:50:17",1222
"2019-12-02 14:12:07",1222
"2019-12-02 14:50:29",1222
"2019-12-02 15:50:33",1222
"2019-12-02 16:50:24",1216
"2019-12-02 17:50:57",1216
"2019-12-02 18:50:48",1216
"2019-12-02 19:50:55",1216
"2019-12-02 20:50:48",1217
"2019-12-02 21:50:53",1219
"2019-12-02 22:51:25",1219
"2019-12-02 23:50:54",1218
"2019-12-03 00:50:30",1218
"2019-12-03 01:50:56",1218
"2019-12-03 02:50:45",1218
"2019-12-03 03:50:53",1218
"2019-12-03 04:50:53",1218
"2019-12-03 05:50:56",1218
"2019-12-03 06:50:24",1218
"2019-12-03 07:50:21",1218
"2019-12-03 08:50:21",1218
"2019-12-03 09:50:46",1218
"2019-12-03 10:50:52",1218
"2019-12-03 11:50:30",1218
"2019-12-03 12:50:17",1218
"2019-12-03 13:50:14",1218
"2019-12-03 14:50:54",1218
"2019-12-03 15:50:22",1223
"2019-12-03 16:50:53",1221
"2019-12-03 17:50:50",1221
"2019-12-03 18:50:49",1221
"2019-12-03 19:50:47",1220
"2019-12-03 20:50:49",1220
"2019-12-03 21:51:30",1220
"2019-12-03 22:50:52",1221
"2019-12-03 23:51:20",1220
"2019-12-04 00:51:39",1220
"2019-12-04 01:51:38",1220
"2019-12-04 02:51:18",1220
"2019-12-04 03:51:03",1220
"2019-12-04 04:51:00",1220
"2019-12-04 06:51:05",1220
"2019-12-04 07:51:01",1220
"2019-12-04 08:50:35",1220
"2019-12-04 09:50:36",1220
"2019-12-04 10:50:31",1220
"2019-12-04 11:50:35",1220
"2019-12-04 12:50:32",1220
"2019-12-04 14:11:38",1220
"2019-12-04 14:51:12",1220
"2019-12-04 15:51:07",1216
"2019-12-04 16:50:59",1216
"2019-12-04 17:51:00",1214
"2019-12-04 18:51:00",1217
"2019-12-04 19:51:03",1217
"2019-12-04 20:50:57",1217
"2019-12-04 21:50:52",1217
"2019-12-04 22:50:51",1218
"2019-12-04 23:50:54",1218
"2019-12-05 01:50:59",1218
"2019-12-05 02:50:57",1218
"2019-12-05 03:50:57",1218
"2019-12-05 04:50:56",1218
"2019-12-05 06:50:57",1218
"2019-12-05 07:50:25",1218
"2019-12-05 08:50:55",1218
"2019-12-05 09:50:20",1218
"2019-12-05 10:50:20",1218
"2019-12-05 11:50:21",1218
"2019-12-05 12:50:18",1218
"2019-12-05 13:50:51",1218
"2019-12-05 14:51:00",1218
"2019-12-05 15:50:50",1218
"2019-12-05 16:50:53",1218
"2019-12-05 17:50:53",1219
"2019-12-05 18:50:54",1219
"2019-12-05 20:12:09",1218
"2019-12-05 20:51:06",1218
"2019-12-05 21:50:50",1219
"2019-12-05 22:50:52",1219
"2019-12-05 23:50:27",1219
"2019-12-06 00:50:54",1219
"2019-12-06 01:50:50",1219
"2019-12-06 02:51:00",1219
"2019-12-06 03:50:54",1219
"2019-12-06 04:50:50",1219
"2019-12-06 05:51:09",1219
"2019-12-06 06:51:13",1219
"2019-12-06 07:51:00",1219
"2019-12-06 08:50:55",1219
"2019-12-06 09:50:42",1219
"2019-12-06 10:50:54",1219
"2019-12-06 11:50:43",1219
"2019-12-06 12:50:35",1219
"2019-12-06 13:52:50",1219
"2019-12-06 14:51:06",1219
"2019-12-06 15:51:37",1220
"2019-12-06 16:50:57",1225
"2019-12-06 17:50:52",1225
"2019-12-06 18:50:52",1222
"2019-12-06 19:50:56",1221
"2019-12-06 20:50:53",1221
"2019-12-06 21:50:19",1223
"2019-12-06 22:50:23",1223
"2019-12-06 23:50:27",1224
"2019-12-07 00:50:40",1224
"2019-12-07 01:51:42",1224
"2019-12-07 02:50:58",1224
"2019-12-07 03:50:55",1224
"2019-12-07 04:50:31",1224
"2019-12-07 05:51:17",1224
"2019-12-07 06:50:25",1224
"2019-12-07 07:50:29",1224
"2019-12-07 08:50:24",1224
"2019-12-07 09:50:24",1224
"2019-12-07 10:50:22",1224
"2019-12-07 11:50:22",1224
"2019-12-07 12:50:39",1224
"2019-12-07 13:51:48",1224
"2019-12-07 14:51:00",1224
"2019-12-07 15:51:01",1224
"2019-12-07 16:50:56",1224
"2019-12-07 17:51:01",1224
"2019-12-07 18:50:55",1224
"2019-12-07 19:50:27",1224
"2019-12-07 20:50:56",1224
"2019-12-07 21:51:01",1224
"2019-12-07 22:50:30",1224
"2019-12-07 23:50:25",1224
"2019-12-08 00:50:52",1224
"2019-12-08 01:50:24",1224
"2019-12-08 02:50:59",1224
"2019-12-08 03:50:56",1224
"2019-12-08 04:50:51",1224
"2019-12-08 05:50:59",1224
"2019-12-08 06:50:59",1224
"2019-12-08 07:50:56",1224
"2019-12-08 08:50:54",1224
"2019-12-08 09:50:52",1224
"2019-12-08 10:50:55",1224
"2019-12-08 11:50:23",1224
"2019-12-08 12:50:36",1224
"2019-12-08 13:50:48",1224
"2019-12-08 14:50:52",1224
"2019-12-08 15:50:27",1224
"2019-12-08 16:50:54",1224
"2019-12-08 17:50:59",1224
"2019-12-08 18:50:23",1224
"2019-12-08 19:50:49",1224
"2019-12-08 20:50:50",1224
"2019-12-08 21:50:56",1224
"2019-12-08 22:50:58",1224
"2019-12-08 23:50:56",1224
"2019-12-09 00:50:55",1224
"2019-12-09 01:50:23",1224
"2019-12-09 02:50:58",1224
"2019-12-09 03:51:07",1224
"2019-12-09 04:50:27",1224
"2019-12-09 05:50:33",1224
"2019-12-09 06:50:52",1224
"2019-12-09 07:50:31",1224
"2019-12-09 08:50:29",1224
"2019-12-09 09:50:21",1224
"2019-12-09 10:50:25",1224
"2019-12-09 11:50:19",1224
"2019-12-09 12:50:42",1224
"2019-12-09 14:12:38",1224
"2019-12-09 14:50:40",1224
"2019-12-09 15:50:43",1228
"2019-12-09 16:51:10",1228
"2019-12-09 17:51:14",1228
"2019-12-09 18:50:42",1228
"2019-12-09 19:50:23",1231
"2019-12-09 20:51:11",1228
"2019-12-09 21:51:01",1228
"2019-12-09 22:50:25",1227
"2019-12-09 23:50:50",1227
"2019-12-10 00:51:10",1227
"2019-12-10 01:50:54",1227
"2019-12-10 02:50:59",1227
"2019-12-10 03:51:04",1227
"2019-12-10 04:50:56",1227
"2019-12-10 05:51:07",1227
"2019-12-10 06:51:01",1227
"2019-12-10 07:50:55",1227
"2019-12-10 08:51:01",1227
"2019-12-10 09:50:26",1227
"2019-12-10 10:50:26",1227
"2019-12-10 11:50:24",1227
"2019-12-10 12:51:04",1227
"2019-12-10 13:50:27",1227
"2019-12-10 14:50:34",1227
"2019-12-10 15:50:35",1226
"2019-12-10 16:51:12",1228
"2019-12-10 17:50:54",1228
"2019-12-10 18:50:55",1227
"2019-12-10 19:50:29",1228
"2019-12-10 20:50:55",1227
"2019-12-10 21:50:54",1227
"2019-12-10 22:51:02",1227
"2019-12-10 23:51:10",1228
"2019-12-11 00:51:10",1228
"2019-12-11 01:51:13",1228
"2019-12-11 02:51:26",1228
"2019-12-11 03:50:56",1228
"2019-12-11 04:51:10",1228
"2019-12-11 05:51:07",1228
"2019-12-11 06:50:38",1228
"2019-12-11 07:50:38",1228
"2019-12-11 08:50:58",1228
"2019-12-11 09:50:36",1228
"2019-12-11 10:50:40",1228
"2019-12-11 11:50:53",1228
"2019-12-11 12:51:04",1228
"2019-12-11 13:50:47",1228
"2019-12-11 14:51:37",1228
"2019-12-11 15:50:48",1229
"2019-12-11 16:51:11",1231
"2019-12-11 17:51:23",1229
"2019-12-11 18:51:14",1227
"2019-12-11 19:51:18",1226
"2019-12-11 20:51:25",1225
"2019-12-11 21:51:02",1226
"2019-12-11 22:51:05",1226
"2019-12-11 23:51:20",1226
"2019-12-12 00:50:44",1226
"2019-12-12 01:51:39",1226
"2019-12-12 02:51:09",1226
"2019-12-12 03:50:45",1226
"2019-12-12 04:51:11",1226
"2019-12-12 05:51:05",1226
"2019-12-12 06:51:14",1226
"2019-12-12 07:51:03",1226
"2019-12-12 08:50:40",1226
"2019-12-12 09:51:04",1226
"2019-12-12 10:51:02",1226
"2019-12-12 11:50:40",1226
"2019-12-12 12:50:44",1226
"2019-12-12 14:11:09",1226
"2019-12-12 15:50:46",1225
"2019-12-12 16:51:08",1227
"2019-12-12 17:50:42",1227
"2019-12-12 18:50:45",1228
"2019-12-12 19:50:46",1230
"2019-12-12 20:50:52",1231
"2019-12-12 21:50:42",1230
"2019-12-12 22:50:41",1230
"2019-12-12 23:50:50",1230
"2019-12-13 00:52:09",1230
"2019-12-13 01:52:46",1230
"2019-12-13 02:52:27",1230
"2019-12-13 03:52:45",1230
"2019-12-13 04:52:37",1230
"2019-12-13 05:52:55",1230
"2019-12-13 06:53:15",1230
"2019-12-13 08:52:12",1230
"2019-12-13 09:52:23",1230
"2019-12-13 10:51:46",1230
"2019-12-13 11:52:02",1230
"2019-12-13 12:52:15",1230
"2019-12-13 14:43:18",1230
"2019-12-13 14:53:23",1230
"2019-12-13 15:52:55",1235
"2019-12-13 16:52:34",1235
"2019-12-13 17:52:40",1234
"2019-12-13 18:52:33",1235
"2019-12-13 19:52:18",1233
"2019-12-13 20:53:08",1232
"2019-12-13 21:52:17",1232
"2019-12-13 22:52:14",1233
"2019-12-13 23:52:01",1234
"2019-12-14 00:52:14",1234
"2019-12-14 01:52:14",1234
"2019-12-14 02:52:22",1234
"2019-12-14 04:52:23",1234
"2019-12-14 05:52:29",1234
"2019-12-14 06:52:10",1234
"2019-12-14 07:51:41",1234
"2019-12-14 08:52:03",1234
"2019-12-14 09:51:48",1234
"2019-12-14 11:51:58",1234
"2019-12-14 12:51:44",1234
"2019-12-14 13:52:48",1234
"2019-12-14 14:52:11",1234
"2019-12-14 15:52:16",1234
"2019-12-14 16:52:30",1234
"2019-12-14 17:52:18",1234
"2019-12-14 18:52:38",1234
"2019-12-14 19:52:10",1234
"2019-12-14 22:52:30",1234
"2019-12-14 23:52:03",1234
"2019-12-15 00:52:29",1234
"2019-12-15 01:52:46",1234
"2019-12-15 02:52:28",1234
"2019-12-15 03:52:13",1234
"2019-12-15 04:52:29",1234
"2019-12-15 05:51:47",1234
"2019-12-15 06:52:18",1234
"2019-12-15 07:51:49",1234
"2019-12-15 08:51:54",1234
"2019-12-15 09:51:35",1234
"2019-12-15 10:51:36",1234
"2019-12-15 11:51:57",1234
"2019-12-15 13:51:47",1234
"2019-12-15 14:51:56",1234
"2019-12-15 15:52:36",1234
"2019-12-15 17:52:24",1234
"2019-12-15 19:52:21",1234
"2019-12-15 20:52:20",1234
"2019-12-15 21:52:13",1234
"2019-12-15 22:52:01",1234
"2019-12-15 23:52:29",1234
"2019-12-16 00:52:13",1234
"2019-12-16 01:52:27",1234
"2019-12-16 02:52:08",1234
"2019-12-16 04:53:13",1234
"2019-12-16 05:52:34",1234
"2019-12-16 06:52:36",1234
"2019-12-16 07:51:54",1234
"2019-12-16 08:51:33",1234
"2019-12-16 09:51:48",1234
"2019-12-16 10:51:50",1234
"2019-12-16 11:51:58",1234
"2019-12-16 12:52:10",1234
"2019-12-16 13:52:07",1234
"2019-12-16 14:54:55",1235
"2019-12-16 16:10:38",1233
"2019-12-16 16:53:22",1233
"2019-12-16 17:52:44",1230
"2019-12-16 18:52:59",1230
"2019-12-16 19:52:23",1232
"2019-12-16 20:52:32",1231
"2019-12-16 21:52:17",1231
"2019-12-16 22:52:21",1231
"2019-12-16 23:52:13",1231
"2019-12-17 00:51:57",1231
"2019-12-17 01:52:38",1231
"2019-12-17 02:52:50",1231
"2019-12-17 03:52:33",1231
"2019-12-17 05:52:37",1230
"2019-12-17 06:52:46",1230
"2019-12-17 07:52:00",1230
"2019-12-17 08:52:39",1230
"2019-12-17 09:51:46",1230
"2019-12-17 10:51:57",1230
"2019-12-17 11:51:41",1230
"2019-12-17 12:51:45",1230
"2019-12-17 14:12:08",1230
"2019-12-17 14:53:33",1230
"2019-12-17 15:53:05",1231
"2019-12-17 16:52:45",1229
"2019-12-17 17:52:46",1229
"2019-12-17 18:52:34",1231
"2019-12-17 19:52:59",1231
"2019-12-17 20:52:52",1231
"2019-12-17 21:52:13",1230
"2019-12-17 22:52:30",1230
"2019-12-17 23:52:31",1230
"2019-12-18 01:53:20",1230
"2019-12-18 02:52:38",1230
"2019-12-18 03:52:22",1230
"2019-12-18 04:51:57",1230
"2019-12-18 05:52:14",1230
"2019-12-18 06:52:07",1230
"2019-12-18 07:51:44",1230
"2019-12-18 08:52:10",1230
"2019-12-18 09:51:57",1230
"2019-12-18 10:51:53",1230
"2019-12-18 11:51:56",1230
"2019-12-18 12:51:48",1230
"2019-12-18 14:11:08",1230
"2019-12-18 14:53:42",1230
"2019-12-18 15:52:43",1227
"2019-12-18 16:52:38",1228
"2019-12-18 17:53:03",1228
"2019-12-18 18:52:37",1225
"2019-12-18 19:52:32",1225
"2019-12-18 20:52:37",1224
"2019-12-18 21:52:07",1223
"2019-12-18 22:52:25",1223
"2019-12-18 23:52:08",1223
"2019-12-19 00:52:27",1223
"2019-12-19 01:52:13",1223
"2019-12-19 02:52:40",1223
"2019-12-19 03:52:15",1223
"2019-12-19 04:52:26",1223
"2019-12-19 05:51:55",1223
"2019-12-19 06:52:36",1223
"2019-12-19 07:52:16",1223
"2019-12-19 08:51:42",1223
"2019-12-19 09:51:49",1223
"2019-12-19 10:51:38",1223
"2019-12-19 11:51:37",1223
"2019-12-19 12:52:00",1223
"2019-12-19 14:12:40",1223
"2019-12-19 14:53:09",1223
"2019-12-19 15:53:50",1220
"2019-12-19 16:53:05",1221
"2019-12-19 17:53:10",1222
"2019-12-19 18:52:48",1224
"2019-12-19 19:52:59",1225
"2019-12-19 21:12:43",1226
"2019-12-19 21:52:29",1226
"2019-12-19 22:52:50",1226
"2019-12-19 23:53:00",1226
"2019-12-20 00:52:52",1226
"2019-12-20 01:52:45",1226
"2019-12-20 02:52:37",1226
"2019-12-20 03:52:43",1226
"2019-12-20 04:53:04",1226
"2019-12-20 05:52:41",1226
"2019-12-20 06:53:15",1226
"2019-12-20 07:52:40",1226
"2019-12-20 08:52:27",1226
"2019-12-20 09:52:23",1226
"2019-12-20 10:51:29",1226
"2019-12-20 11:52:15",1226
"2019-12-20 12:52:24",1226
"2019-12-20 14:11:39",1226
"2019-12-20 14:54:11",1226
"2019-12-20 15:53:59",1228
"2019-12-20 16:53:53",1228
"2019-12-20 17:53:42",1232
"2019-12-20 18:53:24",1232
"2019-12-20 19:53:44",1233
"2019-12-20 20:53:33",1231
"2019-12-20 21:52:50",1231
"2019-12-20 22:52:44",1231
"2019-12-20 23:52:55",1231
"2019-12-21 00:52:32",1231
"2019-12-21 01:52:45",1231
"2019-12-21 02:53:20",1231
"2019-12-21 03:52:35",1231
"2019-12-21 04:53:00",1231
"2019-12-21 05:52:20",1231
"2019-12-21 06:52:29",1231
"2019-12-21 07:52:29",1231
"2019-12-21 08:52:16",1231
"2019-12-21 09:51:42",1231
"2019-12-21 10:51:40",1231
"2019-12-21 11:51:24",1231
"2019-12-21 12:52:06",1231
"2019-12-21 13:51:55",1231
"2019-12-21 14:52:11",1231
"2019-12-21 15:52:11",1231
"2019-12-21 16:52:51",1231
"2019-12-21 17:52:12",1231
"2019-12-21 18:52:12",1231
"2019-12-21 19:52:11",1231
"2019-12-21 20:52:05",1231
"2019-12-21 22:52:50",1231
"2019-12-21 23:51:52",1231
"2019-12-22 00:52:14",1231
"2019-12-22 01:52:02",1231
"2019-12-22 02:52:05",1231
"2019-12-22 04:52:22",1231
"2019-12-22 05:52:02",1231
"2019-12-22 06:51:39",1231
"2019-12-22 07:51:52",1231
"2019-12-22 08:51:58",1231
"2019-12-22 09:51:44",1231
"2019-12-22 10:51:36",1231
"2019-12-22 11:51:25",1231
"2019-12-22 12:51:39",1231
"2019-12-22 13:51:58",1231
"2019-12-22 14:52:07",1231
"2019-12-22 15:52:35",1231
"2019-12-22 16:52:20",1231
"2019-12-22 17:52:03",1231
"2019-12-22 18:52:20",1231
"2019-12-22 19:52:44",1231
"2019-12-22 20:52:29",1231
"2019-12-22 22:52:00",1231
"2019-12-22 23:52:28",1231
"2019-12-23 00:52:39",1231
"2019-12-23 01:52:50",1231
"2019-12-23 02:52:23",1231
"2019-12-23 03:52:50",1231
"2019-12-23 04:53:07",1231
"2019-12-23 05:52:27",1231
"2019-12-23 06:52:27",1231
"2019-12-23 07:51:52",1231
"2019-12-23 08:51:57",1231
"2019-12-23 09:51:31",1231
"2019-12-23 10:51:39",1231
"2019-12-23 11:52:00",1231
"2019-12-23 12:52:08",1231
"2019-12-23 14:12:43",1231
"2019-12-23 14:54:06",1231
"2019-12-23 15:53:02",1240
"2019-12-23 16:52:44",1242
"2019-12-23 17:53:07",1243
"2019-12-23 18:52:54",1245
"2019-12-23 19:53:05",1243
"2019-12-23 20:53:10",1242
"2019-12-23 21:52:52",1242
"2019-12-23 22:52:33",1243
"2019-12-23 23:52:46",1243
"2019-12-24 00:52:13",1243
"2019-12-24 01:52:29",1243
"2019-12-24 02:52:56",1243
"2019-12-24 03:53:02",1243
"2019-12-24 04:52:57",1243
"2019-12-24 05:52:21",1243
"2019-12-24 06:52:49",1243
"2019-12-24 07:51:48",1243
"2019-12-24 08:52:19",1243
"2019-12-24 09:51:53",1243
"2019-12-24 10:51:33",1243
"2019-12-24 11:51:54",1243
"2019-12-24 12:51:45",1243
"2019-12-24 13:51:56",1243
"2019-12-24 14:54:00",1243
"2019-12-24 15:52:35",1241
"2019-12-24 16:52:21",1247
"2019-12-24 17:52:29",1245
"2019-12-24 18:52:12",1246
"2019-12-24 20:52:00",1246
"2019-12-24 21:51:57",1246
"2019-12-24 22:53:02",1246
"2019-12-24 23:52:18",1246
"2019-12-25 00:52:25",1246
"2019-12-25 01:51:46",1246
"2019-12-25 02:51:52",1246
"2019-12-25 03:52:24",1246
"2019-12-25 04:52:38",1246
"2019-12-25 05:52:33",1246
"2019-12-25 06:52:21",1246
"2019-12-25 07:52:14",1246
"2019-12-25 08:52:38",1246
"2019-12-25 09:51:57",1246
"2019-12-25 10:51:44",1246
"2019-12-25 11:51:45",1246
"2019-12-25 12:51:35",1246
"2019-12-25 13:51:57",1246
"2019-12-25 14:52:12",1246
"2019-12-25 15:52:34",1246
"2019-12-25 16:52:10",1246
"2019-12-25 17:52:32",1246
"2019-12-25 18:52:00",1246
"2019-12-25 19:51:51",1246
"2019-12-25 20:51:58",1246
"2019-12-25 21:52:00",1246
"2019-12-25 22:52:09",1246
"2019-12-26 00:52:23",1246
"2019-12-26 01:52:40",1246
"2019-12-26 02:52:53",1246
"2019-12-26 03:52:55",1246
"2019-12-26 04:53:00",1246
"2019-12-26 05:52:19",1246
"2019-12-26 06:52:36",1246
"2019-12-26 07:52:19",1246
"2019-12-26 08:51:52",1246
"2019-12-26 09:51:45",1246
"2019-12-26 10:51:47",1246
"2019-12-26 11:51:34",1246
"2019-12-26 12:51:35",1246
"2019-12-26 13:52:18",1246
"2019-12-26 14:53:18",1246
"2019-12-26 15:52:53",1249
"2019-12-26 16:52:32",1249
"2019-12-26 17:53:22",1248
"2019-12-26 18:52:30",1244
"2019-12-26 19:52:32",1244
"2019-12-26 20:53:32",1247
"2019-12-26 21:52:50",1248
"2019-12-26 23:52:40",1250
"2019-12-27 00:52:12",1250
"2019-12-27 01:53:04",1250
"2019-12-27 02:53:20",1250
"2019-12-27 03:52:35",1250
"2019-12-27 04:53:03",1250
"2019-12-27 05:53:09",1250
"2019-12-27 06:53:09",1250
"2019-12-27 07:52:18",1250
"2019-12-27 08:52:32",1250
"2019-12-27 09:51:43",1250
"2019-12-27 10:51:40",1250
"2019-12-27 11:51:47",1250
"2019-12-27 12:51:46",1250
"2019-12-27 14:12:40",1250
"2019-12-27 14:53:24",1250
"2019-12-27 15:52:57",1252
"2019-12-27 16:52:35",1254
"2019-12-27 17:52:42",1254
"2019-12-27 18:52:56",1259
"2019-12-27 19:53:31",1261
"2019-12-27 20:52:38",1260
"2019-12-27 21:53:14",1259
"2019-12-27 22:52:57",1259
"2019-12-27 23:52:02",1259
"2019-12-28 00:52:41",1259
"2019-12-28 01:52:30",1259
"2019-12-28 02:52:17",1259
"2019-12-28 03:52:20",1259
"2019-12-28 04:52:38",1259
"2019-12-28 05:52:50",1259
"2019-12-28 06:52:49",1259
"2019-12-28 07:52:29",1259
"2019-12-28 08:52:40",1259
"2019-12-28 09:51:52",1259
"2019-12-28 10:52:12",1259
"2019-12-28 11:51:48",1259
"2019-12-28 12:51:41",1259
"2019-12-28 13:52:04",1259
"2019-12-28 14:52:41",1259
"2019-12-28 15:52:51",1259
"2019-12-28 16:52:34",1259
"2019-12-28 17:52:49",1259
"2019-12-28 18:52:18",1259
"2019-12-28 19:52:19",1259
"2019-12-28 20:52:57",1259
"2019-12-28 21:52:16",1259
"2019-12-28 22:52:16",1259
"2019-12-28 23:52:34",1259
"2019-12-29 00:52:22",1259
"2019-12-29 01:53:04",1259
"2019-12-29 02:52:42",1259
"2019-12-29 03:53:11",1259
"2019-12-29 05:52:59",1259
"2019-12-29 06:52:54",1259
"2019-12-29 07:52:04",1259
"2019-12-29 08:52:36",1259
"2019-12-29 09:51:59",1259
"2019-12-29 10:52:04",1259
"2019-12-29 11:51:49",1259
"2019-12-29 12:51:50",1259
"2019-12-29 13:52:09",1259
"2019-12-29 14:52:34",1259
"2019-12-29 15:52:49",1259
"2019-12-29 16:52:37",1259
"2019-12-29 17:52:04",1259
"2019-12-29 18:52:42",1259
"2019-12-29 19:52:36",1259
"2019-12-29 20:52:08",1259
"2019-12-29 21:53:37",1259
"2019-12-29 22:52:16",1259
"2019-12-29 23:52:21",1259
"2019-12-30 00:52:06",1259
"2019-12-30 01:52:59",1259
"2019-12-30 02:53:34",1259
"2019-12-30 03:52:12",1259
"2019-12-30 04:52:59",1259
"2019-12-30 05:52:30",1259
"2019-12-30 06:52:00",1259
"2019-12-30 07:51:43",1259
"2019-12-30 08:52:14",1259
"2019-12-30 09:52:20",1259
"2019-12-30 10:51:34",1259
"2019-12-30 11:52:09",1259
"2019-12-30 12:51:52",1259
"2019-12-30 14:12:37",1259
"2019-12-30 14:54:04",1259
"2019-12-30 15:52:52",1259
"2019-12-30 16:52:41",1260
"2019-12-30 17:52:36",1261
"2019-12-30 18:52:55",1259
"2019-12-30 19:52:55",1258
"2019-12-30 20:52:34",1260
"2019-12-30 21:52:18",1263
"2019-12-30 23:52:20",1262
"2019-12-31 00:52:19",1262
"2019-12-31 01:52:32",1262
"2019-12-31 02:52:33",1262
"2019-12-31 03:52:52",1262
"2019-12-31 04:52:12",1262
"2019-12-31 05:52:08",1262
"2019-12-31 06:52:19",1262
"2019-12-31 07:52:19",1262
"2019-12-31 08:52:25",1262
"2019-12-31 09:52:17",1262
"2019-12-31 10:52:41",1262
"2019-12-31 11:52:21",1262
"2019-12-31 12:51:59",1262
"2019-12-31 14:13:41",1262
"2019-12-31 14:53:49",1262
"2019-12-31 15:53:34",1265
"2019-12-31 16:52:32",1269
"2019-12-31 17:52:34",1273
"2019-12-31 18:52:30",1274
"2019-12-31 19:52:46",1275
"2019-12-31 20:52:28",1276
"2019-12-31 21:52:19",1277
"2019-12-31 22:52:15",1277
"2019-12-31 23:52:17",1277
"2020-01-01 00:52:05",1277
"2020-01-01 01:52:04",1277
"2020-01-01 02:52:17",1277
"2020-01-01 03:52:29",1277
"2020-01-01 04:51:54",1277
"2020-01-01 05:52:49",1277
"2020-01-01 06:52:40",1277
"2020-01-01 07:52:27",1277
"2020-01-01 08:52:00",1277
"2020-01-01 09:51:34",1277
"2020-01-01 10:51:32",1277
"2020-01-01 11:51:48",1277
"2020-01-01 12:52:00",1277
"2020-01-01 13:51:52",1277
"2020-01-01 14:51:49",1277
"2020-01-01 15:52:04",1277
"2020-01-01 16:52:14",1277
"2020-01-01 17:52:13",1277
"2020-01-01 18:52:20",1277
"2020-01-01 19:52:12",1277
"2020-01-01 20:52:25",1277
"2020-01-01 21:52:27",1277
"2020-01-01 22:52:37",1277
"2020-01-01 23:52:52",1277
"2020-01-02 00:53:07",1277
"2020-01-02 01:52:54",1277
"2020-01-02 02:53:32",1277
"2020-01-02 03:52:58",1277
"2020-01-02 04:52:18",1277
"2020-01-02 05:52:05",1277
"2020-01-02 06:52:11",1277
"2020-01-02 07:52:02",1277
"2020-01-02 08:52:19",1277
"2020-01-02 09:51:55",1277
"2020-01-02 10:51:47",1277
"2020-01-02 11:52:02",1277
"2020-01-02 12:52:07",1277
"2020-01-02 14:14:09",1277
"2020-01-02 14:54:42",1277
"2020-01-02 15:53:18",1273
"2020-01-02 16:52:58",1272
"2020-01-02 17:53:06",1272
"2020-01-02 18:53:11",1265
"2020-01-02 19:52:59",1268
"2020-01-02 20:53:20",1268
"2020-01-02 21:52:30",1272
"2020-01-02 22:53:20",1274
"2020-01-02 23:52:14",1273
"2020-01-03 00:52:50",1273
"2020-01-03 01:52:37",1273
"2020-01-03 02:53:03",1273
"2020-01-03 03:52:38",1273
"2020-01-03 04:52:34",1273
"2020-01-03 05:52:39",1273
"2020-01-03 06:52:40",1273
"2020-01-03 07:52:23",1273
"2020-01-03 08:52:49",1273
"2020-01-03 09:52:06",1273
"2020-01-03 10:52:07",1273
"2020-01-03 11:52:04",1273
"2020-01-03 12:51:53",1273
"2020-01-03 14:14:09",1273
"2020-01-03 14:57:42",1273
"2020-01-03 15:52:49",1290
"2020-01-03 16:52:59",1281
"2020-01-03 17:53:36",1281
"2020-01-03 18:52:48",1276
"2020-01-03 19:52:39",1276
"2020-01-03 20:53:07",1276
"2020-01-03 21:52:15",1268
"2020-01-03 22:52:28",1268
"2020-01-03 23:52:28",1270
"2020-01-04 00:52:33",1270
"2020-01-04 01:52:20",1270
"2020-01-04 02:52:24",1270
"2020-01-04 03:53:14",1270
"2020-01-04 04:52:40",1270
"2020-01-04 05:52:31",1270
"2020-01-04 06:52:28",1270
"2020-01-04 07:51:56",1270
"2020-01-04 08:52:11",1270
"2020-01-04 09:51:40",1270
"2020-01-04 10:51:51",1270
"2020-01-04 11:51:38",1270
"2020-01-04 12:52:04",1270
"2020-01-04 13:52:10",1270
"2020-01-04 14:52:15",1270
"2020-01-04 15:52:38",1270
"2020-01-04 16:52:38",1270
"2020-01-04 17:52:52",1270
"2020-01-04 19:52:39",1270
"2020-01-04 20:52:50",1270
"2020-01-04 21:53:12",1270
"2020-01-04 22:52:45",1270
"2020-01-04 23:52:54",1270
"2020-01-05 00:52:04",1270
"2020-01-05 01:53:44",1270
"2020-01-05 02:53:08",1270
"2020-01-05 03:52:40",1270
"2020-01-05 04:52:18",1270
"2020-01-05 05:52:16",1270
"2020-01-05 06:52:10",1270
"2020-01-05 07:51:57",1270
"2020-01-05 08:51:42",1270
"2020-01-05 09:51:42",1270
"2020-01-05 10:51:33",1270
"2020-01-05 11:52:06",1270
"2020-01-05 12:51:38",1270
"2020-01-05 13:52:10",1270
"2020-01-05 14:51:59",1270
"2020-01-05 15:51:47",1270
"2020-01-05 16:52:23",1270
"2020-01-05 17:54:01",1270
"2020-01-05 18:52:48",1270
"2020-01-05 20:52:32",1270
"2020-01-05 21:52:51",1270
"2020-01-05 22:52:17",1270
"2020-01-05 23:52:23",1270
"2020-01-06 00:52:31",1270
"2020-01-06 01:52:38",1270
"2020-01-06 02:53:19",1270
"2020-01-06 03:53:14",1270
"2020-01-06 04:53:29",1270
"2020-01-06 05:52:54",1270
"2020-01-06 06:52:44",1270
"2020-01-06 07:52:05",1270
"2020-01-06 08:52:13",1270
"2020-01-16 06:51:54",1533
"2020-01-16 07:51:52",1533
"2020-01-16 08:51:48",1533
"2020-01-16 09:51:24",1533
"2020-01-16 10:51:31",1533
"2020-01-16 11:51:21",1533
"2020-01-16 12:51:34",1533
"2020-01-16 14:14:09",1533
"2020-01-16 15:52:09",1548
"2020-01-16 16:52:08",1558
"2020-01-16 17:52:11",1562
"2020-01-16 18:51:57",1560
"2020-01-16 19:52:05",1562
"2020-01-16 20:52:09",1563
"2020-01-16 21:51:39",1566
"2020-01-16 22:52:17",1566
"2020-01-16 23:52:16",1566
"2020-01-17 00:52:45",1566
"2020-01-17 01:52:59",1566
"2020-01-17 02:51:44",1566
"2020-01-17 03:51:30",1566
"2020-01-17 04:51:32",1566
"2020-01-17 05:51:51",1566
"2020-01-17 06:51:36",1566
"2020-01-17 07:51:04",1566
"2020-01-17 08:50:54",1566
"2020-01-17 09:52:35",1566
"2020-01-17 10:50:51",1566
"2020-01-17 11:51:05",1566
"2020-01-17 12:51:30",1566
"2020-01-17 14:12:12",1565
"2020-01-17 14:52:19",1565
"2020-01-17 15:51:54",1559
"2020-01-17 16:51:47",1562
"2020-01-17 17:51:43",1563
"2020-01-17 18:51:36",1559
"2020-01-17 19:51:45",1561
"2020-01-17 20:51:32",1559
"2020-01-17 21:51:19",1559
"2020-01-17 22:51:26",1560
"2020-01-17 23:51:18",1560
"2020-01-18 00:52:25",1560
"2020-01-18 01:51:36",1560
"2020-01-18 02:51:57",1560
"2020-01-18 03:51:48",1560
"2020-01-18 04:51:23",1560
"2020-01-18 05:51:29",1560
"2020-01-18 06:50:59",1560
"2020-01-18 07:51:15",1560
"2020-01-18 08:51:15",1560
"2020-01-18 09:51:07",1560
"2020-01-18 10:51:02",1560
"2020-01-18 11:50:54",1560
"2020-01-18 12:51:24",1560
"2020-01-18 13:51:16",1560
"2020-01-18 14:51:19",1560
"2020-01-18 15:51:38",1560
"2020-01-18 16:51:14",1560
"2020-01-18 17:51:40",1560
"2020-01-18 18:51:31",1560
"2020-01-18 19:52:01",1560
"2020-01-18 20:51:22",1560
"2020-01-18 21:51:33",1560
"2020-01-18 23:51:46",1560
"2020-01-19 00:51:05",1560
"2020-01-19 01:51:32",1560
"2020-01-19 02:51:40",1560
"2020-01-19 03:51:30",1560
"2020-01-19 04:51:29",1560
"2020-01-19 05:51:15",1560
"2020-01-19 06:51:19",1560
"2020-01-19 07:51:12",1560
"2020-01-19 08:51:51",1560
"2020-01-19 09:51:03",1560
"2020-01-19 10:50:50",1560
"2020-01-19 11:50:54",1560
"2020-01-19 12:51:11",1560
"2020-01-19 13:51:13",1560
"2020-01-19 14:52:00",1560
"2020-01-19 15:52:08",1560
"2020-01-19 16:51:02",1560
"2020-01-19 17:51:18",1560
"2020-01-19 18:51:16",1560
"2020-01-19 19:52:31",1560
"2020-01-19 20:51:20",1560
"2020-01-19 21:51:27",1560
"2020-01-19 23:52:53",1560
"2020-01-20 00:52:38",1560
"2020-01-20 01:52:07",1560
"2020-01-20 02:52:03",1560
"2020-01-20 03:52:26",1560
"2020-01-20 04:52:24",1560
"2020-01-20 05:51:28",1560
"2020-01-20 06:52:31",1560
"2020-01-20 07:51:05",1560
"2020-01-20 08:52:30",1560
"2020-01-20 09:57:01",1560
"2020-01-20 10:51:56",1560
"2020-01-20 11:50:52",1560
"2020-01-20 12:51:15",1560
"2020-01-20 13:52:23",1560
"2020-01-20 14:51:31",1560
"2020-01-20 15:52:27",1560
"2020-01-20 16:51:17",1560
"2020-01-20 17:52:12",1560
"2020-01-20 18:51:10",1560
"2020-01-20 19:52:10",1560
"2020-01-20 21:52:46",1560
"2020-01-20 22:52:33",1560
"2020-01-20 23:52:19",1560
"2020-01-21 00:52:42",1560
"2020-01-21 01:52:09",1560
"2020-01-21 02:52:40",1560
"2020-01-21 03:51:15",1560
"2020-01-21 04:51:26",1560
"2020-01-21 05:51:14",1560
"2020-01-21 06:51:06",1560
"2020-01-21 07:51:00",1560
"2020-01-21 08:51:17",1560
"2020-01-21 10:05:38",1560
"2020-01-21 10:52:25",1560
"2020-01-21 11:51:14",1560
"2020-01-21 12:51:18",1560
"2020-01-21 13:51:18",1560
"2020-01-21 15:52:48",1574
"2020-01-21 16:52:04",1569
"2020-01-21 17:52:33",1561
"2020-01-21 18:51:52",1560
"2020-01-21 19:52:50",1560
"2020-01-21 20:51:44",1558
"2020-01-21 21:52:48",1553
"2020-01-21 22:52:31",1553
"2020-01-21 23:52:06",1554
"2020-01-22 00:51:49",1554
"2020-01-22 01:52:13",1554
"2020-01-22 02:52:29",1554
"2020-01-22 03:51:33",1554
"2020-01-22 04:51:45",1554
"2020-01-22 05:51:32",1554
"2020-01-22 06:51:15",1554
"2020-01-22 07:51:18",1554
"2020-01-22 08:51:24",1554
"2020-01-22 10:01:45",1554
"2020-01-22 10:50:54",1554
"2020-01-22 11:51:01",1554
"2020-01-22 12:51:49",1554
"2020-01-22 13:51:50",1554
"2020-01-22 14:52:51",1554
"2020-01-22 15:52:18",1553
"2020-01-22 16:52:50",1552
"2020-01-22 17:52:40",1553
"2020-01-22 18:51:51",1554
"2020-01-22 19:52:50",1552
"2020-01-22 20:52:35",1551
"2020-01-22 21:52:44",1553
"2020-01-22 22:52:19",1553
"2020-01-22 23:52:35",1553
"2020-01-23 00:52:17",1553
"2020-01-23 01:52:48",1553
"2020-01-23 02:51:43",1553
"2020-01-23 03:51:44",1553
"2020-01-23 04:51:30",1553
"2020-01-23 05:51:05",1553
"2020-01-23 06:51:34",1553
"2020-01-23 07:51:30",1553
"2020-01-23 08:51:18",1553
"2020-01-23 10:51:08",1553
"2020-01-23 11:51:14",1553
"2020-01-23 12:51:27",1553
"2020-01-23 14:13:43",1553
"2020-01-23 14:52:44",1553
"2020-01-23 15:51:59",1545
"2020-01-23 16:51:45",1545
"2020-01-23 17:51:31",1550
"2020-01-23 18:51:54",1547
"2020-01-23 19:51:36",1546
"2020-01-23 20:51:55",1549
"2020-01-23 21:51:59",1547
"2020-01-23 22:51:23",1548
"2020-01-23 23:51:21",1548
"2020-01-24 00:51:26",1548
"2020-01-24 01:51:42",1548
"2020-01-24 02:52:26",1548
"2020-01-24 03:51:16",1548
"2020-01-24 04:51:29",1548
"2020-01-24 05:51:49",1548
"2020-01-24 06:50:56",1548
"2020-01-24 07:51:37",1548
"2020-01-24 08:51:00",1548
"2020-01-24 09:59:51",1548
"2020-01-24 10:51:25",1548
"2020-01-24 11:51:04",1548
"2020-01-24 12:51:12",1548
"2020-01-24 14:12:41",1548
"2020-01-24 14:52:05",1548
"2020-01-24 15:52:04",1547
"2020-01-24 16:51:48",1547
"2020-01-24 17:51:36",1547
"2020-01-24 18:51:29",1550
"2020-01-24 19:51:50",1549
"2020-01-24 20:52:00",1549
"2020-01-24 21:51:20",1548
"2020-01-24 22:51:18",1548
"2020-01-24 23:51:26",1548
"2020-01-25 00:51:23",1548
"2020-01-25 01:51:27",1548
"2020-01-25 02:52:00",1548
"2020-01-25 03:51:55",1548
"2020-01-25 04:51:16",1548
"2020-01-25 05:51:34",1548
"2020-01-25 07:51:22",1548
"2020-01-25 08:51:26",1548
"2020-01-25 10:00:15",1547
"2020-01-25 10:50:58",1547
"2020-01-25 11:51:04",1547
"2020-01-25 12:51:18",1547
"2020-01-25 14:51:27",1547
"2020-01-25 15:51:12",1547
"2020-01-25 16:51:31",1547
"2020-01-25 17:51:23",1547
"2020-01-25 18:51:27",1547
"2020-01-25 19:51:25",1547
"2020-01-25 20:51:18",1547
"2020-01-25 21:51:20",1547
"2020-01-25 22:51:22",1547
"2020-01-25 23:51:23",1547
"2020-01-26 00:51:33",1547
"2020-01-26 01:51:17",1547
"2020-01-26 02:51:36",1547
"2020-01-26 03:51:26",1547
"2020-01-26 04:51:10",1547
"2020-01-26 06:50:54",1547
"2020-01-26 07:50:53",1547
"2020-01-27 02:51:42",1547
"2020-01-27 03:51:35",1547
"2020-01-27 04:51:27",1547
"2020-01-27 05:51:38",1547
"2020-01-27 06:51:31",1547
"2020-01-27 07:51:21",1547
"2020-01-27 08:51:22",1547
"2020-01-27 09:51:40",1547
"2020-01-27 10:51:20",1547
"2020-01-27 11:51:24",1547
"2020-01-27 12:50:40",1547
"2020-01-27 13:51:40",1547
"2020-01-27 14:53:24",1547
"2020-01-27 15:52:23",1548
"2020-01-27 16:51:57",1543
"2020-01-27 17:52:06",1542
"2020-01-27 18:52:06",1543
"2020-01-27 19:52:17",1542
"2020-01-27 20:52:10",1542
"2020-01-27 21:52:07",1542
"2020-01-27 22:52:59",1542
"2020-01-27 23:52:16",1542
"2020-01-28 00:51:21",1542
"2020-01-28 01:52:16",1542
"2020-01-28 02:52:14",1542
"2020-01-28 03:51:45",1542
"2020-01-28 04:52:00",1542
"2020-01-28 05:51:29",1542
"2020-01-28 06:50:58",1542
"2020-01-28 07:51:15",1542
"2020-01-28 08:51:32",1542
"2020-01-28 09:52:10",1542
"2020-01-28 10:51:21",1542
"2020-01-28 11:51:06",1542
"2020-01-28 12:51:19",1542
"2020-01-28 14:13:15",1542
"2020-01-28 14:53:00",1542
"2020-01-28 15:52:04",1539
"2020-01-28 16:52:28",1540
"2020-01-28 17:51:51",1540
"2020-01-28 18:52:09",1540
"2020-01-28 19:51:53",1540
"2020-01-28 21:52:50",1540
"2020-01-28 22:52:03",1540
"2020-01-28 23:51:40",1540
"2020-01-29 00:51:40",1540
"2020-01-29 01:52:08",1540
"2020-01-29 02:52:32",1540
"2020-01-29 03:51:48",1540
"2020-01-29 04:52:03",1540
"2020-01-29 05:52:02",1540
"2020-01-29 06:51:45",1540
"2020-01-29 07:51:15",1540
"2020-01-29 08:51:29",1540
"2020-01-29 09:51:41",1540
"2020-01-29 10:50:59",1540
"2020-01-29 11:51:17",1540
"2020-01-29 12:51:29",1540
"2020-01-29 13:52:04",1540
"2020-01-29 14:52:53",1540
"2020-01-29 15:52:15",1541
"2020-01-29 16:52:14",1542
"2020-01-29 17:52:47",1541
"2020-01-29 18:52:19",1543
"2020-01-29 19:52:26",1541
"2020-01-29 20:52:16",1540
"2020-01-29 21:52:12",1541
"2020-01-29 22:51:47",1542
"2020-01-29 23:51:35",1542
"2020-01-30 00:51:53",1542
"2020-01-30 01:52:07",1542
"2020-01-30 02:52:06",1542
"2020-01-30 03:51:53",1542
"2020-01-30 04:52:23",1542
"2020-01-30 05:52:29",1542
"2020-01-30 06:51:35",1542
"2020-01-30 07:51:17",1542
"2020-01-30 08:51:32",1542
"2020-01-30 09:51:33",1542
"2020-01-30 10:51:00",1542
"2020-01-30 11:51:22",1542
"2020-01-30 12:51:23",1542
"2020-01-30 13:51:33",1542
"2020-01-30 14:52:48",1548
"2020-01-30 15:52:24",1549
"2020-01-30 16:52:29",1545
"2020-01-30 17:52:18",1545
"2020-01-30 18:52:14",1544
"2020-01-30 19:52:29",1545
"2020-01-30 20:51:43",1544
"2020-01-30 21:52:14",1545
"2020-01-30 22:51:17",1545
"2020-01-30 23:51:27",1547
"2020-01-31 00:51:35",1547
"2020-01-31 01:52:11",1547
"2020-01-31 02:51:48",1547
"2020-01-31 03:51:59",1547
"2020-01-31 04:51:44",1547
"2020-01-31 05:51:26",1547
"2020-01-31 06:51:18",1547
"2020-01-31 07:51:34",1547
"2020-01-31 08:51:48",1547
"2020-01-31 09:51:58",1547
"2020-01-31 10:51:23",1547
"2020-01-31 11:51:21",1547
"2020-01-31 12:51:19",1547
"2020-01-31 13:51:41",1547
"2020-01-31 14:52:08",1547
"2020-01-31 15:52:03",1548
"2020-01-31 16:51:54",1547
"2020-01-31 17:51:52",1546
"2020-01-31 18:51:49",1546
"2020-01-31 19:52:08",1547
"2020-01-31 20:51:55",1547
"2020-01-31 21:51:22",1548
"2020-01-31 22:51:24",1547
"2020-01-31 23:51:27",1547
"2020-02-01 00:51:16",1547
"2020-02-01 01:52:15",1547
"2020-02-01 02:51:47",1547
"2020-02-01 03:51:35",1547
"2020-02-01 04:51:33",1547
"2020-02-01 05:51:50",1547
"2020-02-01 06:52:02",1547
"2020-02-01 07:51:18",1547
"2020-02-01 08:51:33",1547
"2020-02-01 09:51:47",1547
"2020-02-01 10:51:02",1547
"2020-02-01 11:51:25",1547
"2020-02-01 12:51:08",1547
"2020-02-01 13:51:23",1547
"2020-02-01 14:51:36",1547
"2020-02-01 15:51:39",1547
"2020-02-01 16:51:26",1547
"2020-02-01 17:51:42",1547
"2020-02-01 18:51:37",1547
"2020-02-01 19:51:36",1547
"2020-02-01 20:51:46",1547
"2020-02-01 21:52:03",1547
"2020-02-01 22:51:59",1547
"2020-02-01 23:52:06",1547
"2020-02-02 00:52:05",1547
"2020-02-02 01:52:08",1547
"2020-02-02 02:51:58",1547
"2020-02-02 03:52:01",1547
"2020-02-02 04:51:47",1547
"2020-02-02 05:51:50",1547
"2020-02-02 06:51:42",1547
"2020-02-02 07:51:50",1547
"2020-02-02 08:51:46",1547
"2020-02-02 09:51:33",1547
"2020-02-02 10:51:30",1547
"2020-02-02 11:51:37",1547
"2020-02-02 12:51:45",1547
"2020-02-02 13:52:02",1547
"2020-02-02 14:51:41",1547
"2020-02-02 15:51:42",1547
"2020-02-02 16:51:57",1547
"2020-02-02 17:52:14",1547
"2020-02-02 18:51:39",1547
"2020-02-02 19:51:58",1547
"2020-02-02 20:52:04",1547
"2020-02-02 21:51:52",1547
"2020-02-02 22:51:58",1547
"2020-02-02 23:52:14",1547
"2020-02-03 00:52:46",1547
"2020-02-03 01:52:20",1547
"2020-02-03 02:52:14",1547
"2020-02-03 03:52:17",1547
"2020-02-03 04:52:16",1547
"2020-02-03 05:52:09",1547
"2020-02-03 06:51:46",1547
"2020-02-03 07:51:41",1547
"2020-02-03 08:51:48",1547
"2020-02-03 09:51:50",1547
"2020-02-03 10:51:30",1547
"2020-02-03 11:51:33",1547
"2020-02-03 12:51:19",1547
"2020-02-03 14:49:56",1547
"2020-02-03 14:57:40",1547
"2020-02-03 15:52:39",1549
"2020-02-03 16:52:24",1541
"2020-02-03 17:52:32",1538
"2020-02-03 18:52:23",1537
"2020-02-03 19:52:12",1536
"2020-02-03 20:52:16",1539
"2020-02-03 21:52:10",1540
"2020-02-03 22:52:02",1539
"2020-02-03 23:52:10",1538
"2020-02-04 00:52:04",1538
"2020-02-04 01:52:19",1538
"2020-02-04 02:52:22",1538
"2020-02-04 03:52:28",1538
"2020-02-04 04:52:27",1538
"2020-02-04 05:52:36",1538
"2020-02-04 06:51:58",1538
"2020-02-04 07:52:11",1538
"2020-02-04 08:51:28",1538
"2020-02-04 09:52:11",1538
"2020-02-04 10:51:34",1538
"2020-02-04 11:51:59",1538
"2020-02-04 12:52:02",1538
"2020-02-04 14:16:50",1538
"2020-02-04 15:52:39",1538
"2020-02-04 16:52:29",1537
"2020-02-04 17:52:25",1539
"2020-02-04 18:52:09",1543
"2020-02-04 19:52:16",1556
"2020-02-04 20:52:13",1558
"2020-02-04 21:52:10",1562
"2020-02-04 22:52:03",1561
"2020-02-04 23:52:09",1561
"2020-02-05 00:52:24",1561
"2020-02-05 01:52:03",1561
"2020-02-05 02:52:32",1561
"2020-02-05 03:52:23",1561
"2020-02-05 04:53:34",1561
"2020-02-05 05:52:01",1561
"2020-02-05 06:52:13",1561
"2020-02-05 07:52:08",1561
"2020-02-05 08:51:52",1560
"2020-02-05 09:51:45",1560
"2020-02-05 10:52:01",1560
"2020-02-05 11:51:52",1560
"2020-02-05 12:52:06",1560
"2020-02-05 14:10:51",1560
"2020-02-05 14:53:03",1560
"2020-02-05 15:52:49",1569
"2020-02-05 16:52:36",1571
"2020-02-05 17:52:24",1572
"2020-02-05 18:52:26",1575
"2020-02-05 19:52:35",1575
"2020-02-05 20:52:36",1576
"2020-02-05 21:52:11",1576
"2020-02-05 22:52:13",1576
"2020-02-05 23:52:06",1575
"2020-02-06 00:52:23",1575
"2020-02-06 01:52:23",1575
"2020-02-06 02:52:34",1575
"2020-02-06 03:52:53",1575
"2020-02-06 04:52:33",1575
"2020-02-06 05:52:28",1575
"2020-02-06 06:52:02",1575
"2020-02-06 07:52:19",1575
"2020-02-06 08:52:06",1575
"2020-02-06 09:51:54",1575
"2020-02-06 10:51:53",1575
"2020-02-06 11:51:51",1575
"2020-02-06 12:51:46",1575
"2020-02-06 13:51:58",1575
"2020-02-06 14:52:58",1575
"2020-02-06 15:52:53",1577
"2020-02-06 16:52:34",1579
"2020-02-06 17:52:36",1579
"2020-02-06 18:52:28",1579
"2020-02-06 19:52:27",1581
"2020-02-06 20:52:29",1580
"2020-02-06 21:52:12",1578
"2020-02-06 22:52:26",1578
"2020-02-06 23:52:08",1578
"2020-02-07 00:52:27",1578
"2020-02-07 01:52:29",1578
"2020-02-07 02:52:05",1578
"2020-02-07 03:52:34",1578
"2020-02-07 04:52:11",1578
"2020-02-07 05:52:32",1578
"2020-02-07 06:52:30",1578
"2020-02-07 07:52:18",1578
"2020-02-07 08:52:07",1578
"2020-02-07 09:52:17",1578
"2020-02-07 10:51:56",1578
"2020-02-07 11:52:00",1578
"2020-02-07 12:52:13",1578
"2020-02-07 14:12:21",1580
"2020-02-07 14:52:56",1580
"2020-02-07 15:52:33",1579
"2020-02-07 16:52:40",1584
"2020-02-07 17:52:51",1584
"2020-02-07 18:52:30",1587
"2020-02-07 19:52:31",1585
"2020-02-07 20:52:44",1584
"2020-02-07 21:52:12",1583
"2020-02-07 22:52:30",1583
"2020-02-07 23:51:46",1583
"2020-02-08 00:52:02",1583
"2020-02-08 01:51:55",1583
"2020-02-08 02:52:22",1583
"2020-02-08 03:52:06",1583
"2020-02-08 04:52:22",1583
"2020-02-08 05:52:09",1583
"2020-02-08 06:51:57",1583
"2020-02-08 07:52:05",1583
"2020-02-08 08:51:49",1583
"2020-02-08 09:51:53",1583
"2020-02-08 10:51:32",1583
"2020-02-08 11:51:42",1583
"2020-02-08 12:51:53",1583
"2020-02-08 13:51:44",1583
"2020-02-08 14:52:28",1583
"2020-02-08 15:52:04",1583
"2020-02-08 16:52:10",1583
"2020-02-08 17:52:07",1583
"2020-02-08 18:55:01",1583
"2020-02-08 19:51:58",1583
"2020-02-08 20:52:01",1583
"2020-02-08 21:52:12",1583
"2020-02-08 22:52:21",1583
"2020-02-08 23:52:02",1583
"2020-02-09 00:51:51",1583
"2020-02-09 01:52:14",1583
"2020-02-09 02:52:08",1583
"2020-02-09 03:52:18",1583
"2020-02-09 04:51:58",1583
"2020-02-09 05:52:02",1583
"2020-02-09 06:51:58",1583
"2020-02-09 07:52:01",1583
"2020-02-09 08:51:51",1583
"2020-02-09 09:52:02",1583
"2020-02-09 10:52:00",1583
"2020-02-09 11:52:08",1583
"2020-02-09 12:51:53",1583
"2020-02-09 13:51:58",1583
"2020-02-09 14:51:57",1583
"2020-02-09 15:52:06",1583
"2020-02-09 16:51:54",1583
"2020-02-09 17:52:15",1583
"2020-02-09 18:52:12",1583
"2020-02-09 19:52:06",1583
"2020-02-09 20:52:07",1583
"2020-02-09 21:52:27",1583
"2020-02-09 22:52:05",1583
"2020-02-09 23:53:10",1583
"2020-02-10 00:52:14",1583
"2020-02-10 01:52:27",1583
"2020-02-10 02:52:10",1583
"2020-02-10 03:52:01",1583
"2020-02-10 04:52:13",1583
"2020-02-10 05:52:13",1583
"2020-02-10 06:52:06",1583
"2020-02-10 07:52:04",1583
"2020-02-10 08:52:04",1583
"2020-02-10 09:52:15",1583
"2020-02-10 10:52:00",1583
"2020-02-10 11:52:01",1583
"2020-02-10 12:51:45",1583
"2020-02-10 13:52:04",1583
"2020-02-10 14:52:46",1583
"2020-02-10 15:52:45",1587
"2020-02-10 16:52:39",1586
"2020-02-10 17:52:23",1585
"2020-02-10 18:52:22",1584
"2020-02-10 19:52:37",1578
"2020-02-10 20:52:51",1578
"2020-02-10 21:52:28",1576
"2020-02-10 22:52:15",1576
"2020-02-10 23:52:11",1576
"2020-02-11 00:52:16",1576
"2020-02-11 01:52:45",1576
"2020-02-11 02:52:22",1576
"2020-02-11 03:52:12",1576
"2020-02-11 04:52:35",1576
"2020-02-11 05:52:19",1576
"2020-02-11 06:52:05",1576
"2020-02-11 07:52:01",1576
"2020-02-11 08:52:07",1576
"2020-02-11 09:52:06",1576
"2020-02-11 10:51:46",1576
"2020-02-11 11:52:05",1576
"2020-02-11 12:51:39",1576
"2020-02-11 14:12:48",1576
"2020-02-11 14:52:58",1576
"2020-02-11 15:52:42",1572
"2020-02-11 16:52:37",1571
"2020-02-11 17:52:33",1566
"2020-02-11 18:52:32",1565
"2020-02-11 19:52:20",1565
"2020-02-11 20:52:45",1567
"2020-02-11 21:57:04",1569
"2020-02-11 22:52:49",1569
"2020-02-11 23:52:23",1569
"2020-02-12 00:52:58",1569
"2020-02-12 01:52:25",1569
"2020-02-12 02:53:05",1569
"2020-02-12 03:52:20",1569
"2020-02-12 04:52:19",1569
"2020-02-12 05:52:00",1569
"2020-02-12 06:52:04",1569
"2020-02-12 07:51:56",1569
"2020-02-12 08:52:04",1569
"2020-02-12 09:52:22",1569
"2020-02-12 10:51:57",1569
"2020-02-12 11:51:51",1569
"2020-02-12 12:51:56",1569
"2020-02-12 14:12:50",1569
"2020-02-12 14:52:54",1569
"2020-02-12 15:52:39",1567
"2020-02-12 16:52:32",1568
"2020-02-12 17:52:33",1569
"2020-02-12 18:52:33",1568
"2020-02-12 19:52:22",1567
"2020-02-12 20:52:35",1565
"2020-02-12 21:52:22",1567
"2020-02-12 22:51:39",1566
"2020-02-12 23:51:17",1566
"2020-02-13 00:52:08",1566
"2020-02-13 01:51:52",1566
"2020-02-13 02:52:45",1566
"2020-02-13 03:52:36",1566
"2020-02-13 04:52:13",1566
"2020-02-13 05:52:05",1566
"2020-02-13 06:52:13",1566
"2020-02-13 07:51:47",1566
"2020-02-13 08:51:51",1566
"2020-02-13 09:51:37",1566
"2020-02-13 10:51:18",1566
"2020-02-13 11:52:06",1566
"2020-02-13 12:51:37",1566
"2020-02-13 14:12:45",1566
"2020-02-13 14:52:29",1566
"2020-02-13 15:52:18",1565
"2020-02-13 16:52:13",1565
"2020-02-13 17:52:41",1565
"2020-02-13 18:52:37",1567
"2020-02-13 19:52:21",1565
"2020-02-13 20:51:59",1565
"2020-02-13 21:52:25",1564
"2020-02-13 22:51:47",1564
"2020-02-13 23:51:36",1563
"2020-02-14 00:51:39",1563
"2020-02-14 01:52:01",1563
"2020-02-14 02:52:18",1563
"2020-02-14 03:51:54",1563
"2020-02-14 04:51:56",1563
"2020-02-14 05:52:04",1563
"2020-02-14 06:51:24",1563
"2020-02-14 07:51:13",1563
"2020-02-14 08:51:45",1563
"2020-02-14 09:51:20",1563
"2020-02-14 10:51:42",1563
"2020-02-14 11:51:19",1563
"2020-02-14 12:51:40",1563
"2020-02-14 13:51:44",1563
"2020-02-14 14:52:22",1563
"2020-02-14 15:52:50",1564
"2020-02-14 16:52:03",1568
"2020-02-14 17:51:53",1569
"2020-02-14 18:51:58",1570
"2020-02-14 19:52:02",1570
"2020-02-14 20:52:23",1570
"2020-02-14 21:51:48",1570
"2020-02-14 22:51:37",1570
"2020-02-14 23:52:07",1569
"2020-02-15 00:51:42",1569
"2020-02-15 01:51:55",1569
"2020-02-15 02:52:09",1569
"2020-02-15 03:52:02",1569
"2020-02-15 04:51:46",1569
"2020-02-15 05:50:30",1569
"2020-02-15 06:50:42",1569
"2020-02-15 07:50:32",1569
"2020-02-15 08:50:33",1569
"2020-02-15 09:50:38",1569
"2020-02-15 10:50:24",1569
"2020-02-15 11:50:30",1569
"2020-02-15 12:50:39",1569
"2020-02-15 13:50:29",1569
"2020-02-15 14:50:39",1569
"2020-02-15 15:50:35",1569
"2020-02-15 16:50:32",1569
"2020-02-15 17:50:27",1569
"2020-02-15 18:50:55",1569
"2020-02-15 19:50:29",1569
"2020-02-15 20:50:33",1569
"2020-02-15 21:50:28",1569
"2020-02-15 22:50:29",1569
"2020-02-15 23:50:32",1569
"2020-02-16 00:50:31",1569
"2020-02-16 01:50:29",1569
"2020-02-16 02:50:37",1569
"2020-02-16 03:50:29",1569
"2020-02-16 04:50:33",1569
"2020-02-16 05:50:31",1569
"2020-02-16 06:50:27",1569
"2020-02-16 07:50:28",1569
"2020-02-16 08:50:26",1569
"2020-02-16 09:50:35",1569
"2020-02-16 10:50:26",1569
"2020-02-16 11:50:27",1569
"2020-02-16 12:50:31",1569
"2020-02-16 13:50:27",1569
"2020-02-16 14:50:34",1569
"2020-02-16 15:50:59",1569
"2020-02-16 16:50:44",1569
"2020-02-16 17:50:30",1569
"2020-02-16 18:50:34",1569
"2020-02-16 19:50:29",1569
"2020-02-16 20:50:30",1569
"2020-02-16 21:50:29",1569
"2020-02-16 22:50:31",1569
"2020-02-16 23:50:31",1569
"2020-02-17 00:50:29",1569
"2020-02-17 01:50:28",1569
"2020-02-17 02:50:33",1569
"2020-02-17 03:50:33",1569
"2020-02-17 04:50:30",1569
"2020-02-17 05:50:30",1569
"2020-02-17 06:50:32",1569
"2020-02-17 07:50:24",1569
"2020-02-17 08:50:31",1569
"2020-02-17 09:50:36",1569
"2020-02-17 10:50:27",1569
"2020-02-17 11:50:23",1569
"2020-02-17 12:50:43",1569
"2020-02-17 13:50:24",1569
"2020-02-17 14:50:21",1569
"2020-02-17 15:50:27",1569
"2020-02-17 16:50:53",1569
"2020-02-17 17:50:27",1569
"2020-02-17 18:50:33",1569
"2020-02-17 19:50:25",1569
"2020-02-17 20:50:24",1569
"2020-02-17 22:50:53",1569
"2020-02-17 23:50:58",1569
"2020-02-18 00:50:23",1569
"2020-02-18 01:50:33",1569
"2020-02-18 02:50:35",1569
"2020-02-18 03:50:37",1569
"2020-02-18 04:50:31",1569
"2020-02-18 05:51:44",1569
"2020-02-18 06:51:08",1569
"2020-02-18 07:51:31",1569
"2020-02-18 08:51:40",1569
"2020-02-18 09:51:32",1569
"2020-02-18 10:51:31",1569
"2020-02-18 11:51:23",1569
"2020-02-18 12:52:12",1569
"2020-02-18 14:13:14",1570
"2020-02-18 14:52:38",1570
"2020-02-18 15:52:20",1567
"2020-02-18 16:52:21",1567
"2020-02-18 18:52:11",1567
"2020-02-18 19:52:12",1566
"2020-02-18 20:51:50",1566
"2020-02-18 21:51:40",1566
"2020-02-18 22:51:31",1566
"2020-02-18 23:51:49",1566
"2020-02-19 01:51:39",1566
"2020-02-19 02:52:02",1566
"2020-02-19 03:51:55",1566
"2020-02-19 04:52:04",1566
"2020-02-19 05:51:20",1566
"2020-02-19 06:52:05",1566
"2020-02-19 07:51:44",1566
"2020-02-19 08:51:32",1566
"2020-02-19 09:52:04",1566
"2020-02-19 10:51:19",1566
"2020-02-19 11:51:16",1566
"2020-02-19 12:51:31",1566
"2020-02-19 14:14:45",1566
"2020-02-19 14:52:38",1566
"2020-02-19 15:52:17",1562
"2020-02-19 16:51:50",1558
"2020-02-19 17:52:10",1550
"2020-02-19 18:51:54",1551
"2020-02-19 19:51:46",1553
"2020-02-19 20:52:04",1554
"2020-02-19 21:52:32",1553
"2020-02-19 22:51:55",1552
"2020-02-19 23:51:50",1552
"2020-02-20 00:52:15",1552
"2020-02-20 01:52:06",1552
"2020-02-20 02:52:13",1552
"2020-02-20 03:52:12",1552
"2020-02-20 04:52:13",1552
"2020-02-20 05:52:15",1552
"2020-02-20 06:52:42",1552
"2020-02-20 07:52:30",1552
"2020-02-20 08:52:31",1552
"2020-02-20 09:51:49",1552
"2020-02-20 10:51:45",1552
"2020-02-20 11:52:06",1552
"2020-02-20 12:52:18",1552
"2020-02-20 13:52:27",1552
"2020-02-20 14:51:23",1552
"2020-02-20 15:51:33",1558
"2020-02-20 16:51:04",1559
"2020-02-20 17:52:13",1562
"2020-02-20 18:52:44",1564
"2020-02-20 19:53:16",1566
"2020-02-20 20:52:53",1564
"2020-02-20 21:52:49",1564
"2020-02-20 22:53:00",1564
"2020-02-20 23:52:25",1564
"2020-02-21 01:52:44",1564
"2020-02-21 02:53:01",1564
"2020-02-21 03:53:43",1564
"2020-02-21 04:53:50",1564
"2020-02-21 05:52:56",1564
"2020-02-21 06:52:53",1564
"2020-02-21 07:52:57",1564
"2020-02-21 08:52:33",1564
"2020-02-21 09:53:46",1564
"2020-02-21 10:54:44",1564
"2020-02-21 11:53:50",1564
"2020-02-21 12:53:24",1564
"2020-02-21 13:53:39",1564
"2020-02-21 14:53:46",1564
"2020-02-21 15:54:18",1574
"2020-02-21 16:55:12",1575
"2020-02-21 17:54:38",1575
"2020-02-21 18:53:58",1578
"2020-02-21 19:52:54",1577
"2020-02-21 20:52:58",1574
"2020-02-21 21:54:14",1576
"2020-02-21 22:53:11",1576
"2020-02-21 23:56:50",1576
"2020-02-22 00:54:21",1576
"2020-02-22 01:53:15",1576
"2020-02-22 02:53:11",1576
"2020-02-22 03:54:31",1576
"2020-02-22 04:53:31",1576
"2020-02-22 05:52:13",1576
"2020-02-22 06:51:08",1576
"2020-02-22 07:52:02",1576
"2020-02-22 08:53:02",1576
"2020-02-22 09:51:12",1576
"2020-02-22 10:51:45",1576
"2020-02-22 11:51:15",1576
"2020-02-22 12:52:24",1576
"2020-02-22 13:55:21",1576
"2020-02-22 14:51:14",1576
"2020-02-22 15:51:35",1576
"2020-02-22 16:53:53",1576
"2020-02-22 17:52:37",1576
"2020-02-22 18:51:25",1576
"2020-02-22 19:51:19",1576
"2020-02-22 20:52:22",1576
"2020-02-22 21:54:27",1576
"2020-02-22 22:52:58",1576
"2020-02-22 23:51:15",1576
"2020-02-23 00:51:31",1576
"2020-02-23 01:51:42",1576
"2020-02-23 02:52:08",1576
"2020-02-23 03:51:30",1576
"2020-02-23 04:52:22",1576
"2020-02-23 05:52:24",1576
"2020-02-23 06:51:36",1576
"2020-02-23 07:51:41",1576
"2020-02-23 08:53:05",1576
"2020-02-23 09:51:25",1576
"2020-02-23 10:51:36",1576
"2020-02-23 11:51:42",1576
"2020-02-23 12:51:34",1576
"2020-02-23 13:51:35",1576
"2020-02-23 14:52:30",1576
"2020-02-23 15:51:34",1576
"2020-02-23 16:51:39",1576
"2020-02-23 17:51:15",1576
"2020-02-23 18:51:36",1576
"2020-02-23 19:51:38",1576
"2020-02-23 20:51:30",1576
"2020-02-23 21:52:26",1576
"2020-02-23 22:51:07",1576
"2020-02-23 23:51:44",1576
"2020-02-24 00:52:44",1576
"2020-02-24 01:51:23",1576
"2020-02-24 02:52:37",1576
"2020-02-24 03:51:33",1576
"2020-02-24 04:51:53",1576
"2020-02-24 05:53:55",1576
"2020-02-24 06:52:47",1576
"2020-02-24 07:52:41",1576
"2020-02-24 08:52:46",1576
"2020-02-24 10:01:06",1576
"2020-02-24 10:52:19",1576
"2020-02-24 11:53:46",1576
"2020-02-24 12:52:37",1576
"2020-02-24 13:53:41",1576
"2020-02-24 14:54:48",1576
"2020-02-24 15:52:57",1586
"2020-02-24 16:54:14",1589
"2020-02-24 17:53:05",1587
"2020-02-24 18:53:20",1586
"2020-02-24 19:54:24",1585
"2020-02-24 20:54:31",1584
"2020-02-24 21:53:59",1584
"2020-02-24 22:53:58",1584
"2020-02-24 23:52:35",1584
"2020-02-25 00:52:50",1584
"2020-02-25 01:52:48",1584
"2020-02-25 02:53:29",1584
"2020-02-25 03:53:24",1584
"2020-02-25 04:53:17",1584
"2020-02-25 05:54:51",1584
"2020-02-25 06:53:24",1584
"2020-02-25 07:53:23",1584
"2020-02-25 08:53:38",1584
"2020-02-25 10:01:52",1584
"2020-02-25 10:53:39",1584
"2020-02-25 11:52:46",1584
"2020-02-25 12:53:21",1584
"2020-02-25 14:14:08",1584
"2020-02-25 14:53:39",1584
"2020-02-25 15:53:27",1570
"2020-02-25 16:53:26",1572
"2020-02-25 17:53:10",1567
"2020-02-25 18:53:56",1566
"2020-02-25 19:53:24",1573
"2020-02-25 20:54:24",1575
"2020-02-25 21:54:20",1582
"2020-02-25 22:53:17",1605
"2020-02-25 23:53:06",1611
"2020-02-26 00:52:57",1611
"2020-02-26 01:53:16",1611
"2020-02-26 02:53:31",1611
"2020-02-26 03:52:54",1611
"2020-02-26 04:54:37",1611
"2020-02-26 05:54:04",1611
"2020-02-26 06:53:56",1611
"2020-02-26 07:55:04",1610
"2020-02-26 08:53:42",1610
"2020-02-26 09:53:16",1610
"2020-02-26 10:52:56",1610
"2020-02-26 11:53:34",1610
"2020-02-26 12:52:57",1610
"2020-02-26 13:54:05",1610
"2020-02-26 14:54:49",1611
"2020-02-26 15:54:24",1627
"2020-02-26 16:53:24",1630
"2020-02-26 17:53:20",1628
"2020-02-26 18:53:31",1622
"2020-02-26 19:54:08",1619
"2020-02-26 20:53:57",1615
"2020-02-26 21:54:00",1616
"2020-02-26 22:54:01",1616
"2020-02-26 23:54:03",1616
"2020-02-27 00:52:55",1616
"2020-02-27 01:53:35",1616
"2020-02-27 02:52:44",1616
"2020-02-27 03:54:33",1616
"2020-02-27 04:52:59",1616
"2020-02-27 05:53:13",1616
"2020-02-27 06:53:12",1616
"2020-02-27 07:52:57",1616
"2020-02-27 08:53:39",1616
"2020-02-27 09:53:05",1616
"2020-02-27 10:54:14",1616
"2020-02-27 11:53:33",1616
"2020-02-27 12:53:57",1616
"2020-02-27 14:12:41",1616
"2020-02-27 14:55:09",1616
"2020-02-27 15:54:05",1585
"2020-02-27 16:54:21",1583
"2020-02-27 17:53:45",1586
"2020-02-27 18:53:53",1585
"2020-02-27 19:52:50",1584
"2020-02-27 20:53:41",1584
"2020-02-27 21:53:16",1582
"2020-02-27 22:53:58",1581
"2020-02-27 23:53:09",1581
"2020-02-28 00:54:20",1581
"2020-02-28 01:52:59",1581
"2020-02-28 02:53:06",1581
"2020-02-28 03:54:21",1581
"2020-02-28 04:54:34",1581
"2020-02-28 05:54:15",1581
"2020-02-28 06:53:29",1581
"2020-02-28 07:53:56",1581
"2020-02-28 08:54:35",1581
"2020-02-28 09:54:17",1581
"2020-02-28 10:52:52",1581
"2020-02-28 11:53:21",1581
"2020-02-28 12:53:54",1581
"2020-02-28 14:13:15",1580
"2020-02-28 14:53:35",1580
"2020-02-28 15:53:20",1578
"2020-02-28 16:53:32",1575
"2020-02-28 17:53:26",1571
"2020-02-28 18:53:26",1572
"2020-02-28 19:54:28",1571
"2020-02-28 20:53:15",1569
"2020-02-28 21:53:08",1565
"2020-02-28 22:54:01",1565
"2020-02-28 23:52:55",1565
"2020-02-29 00:53:24",1565
"2020-02-29 01:53:11",1565
"2020-02-29 02:53:10",1565
"2020-02-29 03:52:54",1565
"2020-02-29 04:53:36",1565
"2020-02-29 05:52:52",1565
"2020-02-29 06:52:27",1565
"2020-02-29 07:54:29",1565
"2020-02-29 09:54:27",1565
"2020-02-29 10:51:28",1565
"2020-02-29 11:51:24",1565
"2020-02-29 12:54:32",1565
"2020-02-29 13:54:35",1565
"2020-02-29 14:51:46",1565
"2020-02-29 15:51:42",1565
"2020-02-29 16:52:45",1565
"2020-02-29 17:52:28",1565
"2020-02-29 18:51:42",1565
"2020-02-29 19:51:34",1565
"2020-02-29 20:51:20",1565
"2020-02-29 21:52:09",1565
"2020-02-29 22:55:34",1565
"2020-02-29 23:54:20",1565
"2020-03-01 00:54:25",1565
"2020-03-01 01:54:29",1565
"2020-03-01 02:51:42",1565
"2020-03-01 03:54:23",1565
"2020-03-01 04:51:31",1565
"2020-03-01 05:52:32",1565
"2020-03-01 06:51:36",1565
"2020-03-01 07:52:18",1565
"2020-03-01 08:51:23",1565
"2020-03-01 09:54:27",1565
"2020-03-01 10:54:19",1565
"2020-03-01 11:52:14",1565
"2020-03-01 12:52:28",1565
"2020-03-01 13:51:23",1565
"2020-03-01 14:51:18",1565
"2020-03-01 15:54:33",1565
"2020-03-01 16:52:41",1565
"2020-03-01 17:54:19",1565
"2020-03-01 18:54:35",1565
"2020-03-01 19:54:40",1565
"2020-03-01 20:54:34",1565
"2020-03-01 21:51:31",1565
"2020-03-01 22:51:35",1565
"2020-03-01 23:54:31",1565
"2020-03-02 00:51:12",1565
"2020-03-02 01:52:36",1565
"2020-03-02 02:54:27",1565
"2020-03-02 03:55:37",1565
"2020-03-02 04:52:40",1565
"2020-03-02 05:56:23",1565
"2020-03-02 07:53:09",1565
"2020-03-02 08:56:08",1565
"2020-03-02 09:55:30",1565
"2020-03-02 10:53:35",1565
"2020-03-02 11:53:00",1565
"2020-03-02 12:54:02",1565
"2020-03-02 13:56:14",1565
"2020-03-02 18:52:38",1563
"2020-03-03 00:54:11",1571
"2020-03-03 01:54:41",1571
"2020-03-03 02:54:03",1571
"2020-03-03 03:55:05",1571
"2020-03-03 04:56:10",1571
"2020-03-03 06:57:11",1571
"2020-03-03 07:53:44",1571
"2020-03-03 08:57:10",1571
"2020-03-03 09:57:26",1571
"2020-03-03 10:54:00",1571
"2020-03-03 11:58:23",1570
"2020-03-03 12:53:51",1570
"2020-03-03 13:57:40",1570
"2020-03-03 14:56:11",1571
"2020-03-03 16:58:52",1571
"2020-03-03 17:57:47",1568
"2020-03-03 18:53:08",1568
"2020-03-03 19:53:09",1568
"2020-03-03 20:54:29",1568
"2020-03-03 21:54:04",1567
"2020-03-03 22:58:49",1567
"2020-03-03 23:55:55",1567
"2020-03-04 00:57:06",1567
"2020-03-04 01:56:25",1567
"2020-03-04 02:53:18",1567
"2020-03-04 03:53:55",1567
"2020-03-04 04:57:03",1567
"2020-03-04 05:53:24",1567
"2020-03-04 06:57:11",1567
"2020-03-04 07:53:49",1567
"2020-03-04 08:56:13",1567
"2020-03-04 09:53:41",1567
"2020-03-04 10:52:39",1567
"2020-03-04 11:56:57",1567
"2020-03-04 12:56:43",1567
"2020-03-04 13:54:49",1567
"2020-03-04 14:53:17",1567
"2020-03-04 15:57:28",1569
"2020-03-04 16:53:15",1565
"2020-03-04 17:54:08",1566
"2020-03-04 18:56:19",1563
"2020-03-04 20:01:47",1560
"2020-03-04 20:56:33",1560
"2020-03-04 21:53:00",1559
"2020-03-04 22:56:10",1559
"2020-03-04 23:53:29",1559
"2020-03-05 00:53:41",1559
"2020-03-05 01:54:15",1559
"2020-03-05 02:53:16",1559
"2020-03-05 03:53:25",1559
"2020-03-05 04:54:01",1559
"2020-03-05 05:54:07",1559
"2020-03-05 06:53:31",1559
"2020-03-05 07:53:09",1559
"2020-03-05 08:54:53",1559
"2020-03-05 09:54:03",1559
"2020-03-05 10:53:08",1559
"2020-03-05 11:57:12",1559
"2020-03-05 12:54:01",1559
"2020-03-05 13:53:56",1559
"2020-03-05 14:56:38",1559
"2020-03-05 15:54:19",1557
"2020-03-05 16:56:32",1554
"2020-03-05 17:53:15",1554
"2020-03-05 18:53:32",1553
"2020-03-05 19:53:28",1550
"2020-03-05 20:53:17",1549
"2020-03-05 21:53:07",1549
"2020-03-05 22:56:08",1550
"2020-03-05 23:56:12",1550
"2020-03-06 00:53:09",1550
"2020-03-06 01:53:20",1550
"2020-03-06 02:58:01",1550
"2020-03-06 03:56:14",1550
"2020-03-06 04:56:20",1550
"2020-03-06 05:56:33",1550
"2020-03-06 06:57:03",1550
"2020-03-06 07:55:56",1550
"2020-03-06 08:53:30",1550
"2020-03-06 09:56:22",1550
"2020-03-06 10:53:02",1550
"2020-03-06 11:56:57",1550
"2020-03-06 12:53:29",1550
"2020-03-06 13:52:46",1550
"2020-03-06 14:57:58",1550
"2020-03-06 15:54:24",1555
"2020-03-06 16:54:22",1552
"2020-03-06 17:53:45",1553
"2020-03-06 18:53:06",1551
"2020-03-06 19:54:04",1551
"2020-03-06 20:53:32",1554
"2020-03-06 21:53:06",1551
"2020-03-06 22:53:14",1551
"2020-03-06 23:54:10",1551
"2020-03-07 00:53:00",1551
"2020-03-07 01:54:15",1551
"2020-03-07 02:53:09",1551
"2020-03-07 03:57:05",1551
"2020-03-07 04:57:16",1551
"2020-03-07 05:56:31",1551
"2020-03-07 06:56:10",1551
"2020-03-07 07:54:13",1551
"2020-03-07 08:55:56",1551
"2020-03-07 09:53:29",1551
"2020-03-07 10:53:58",1551
"2020-03-07 11:55:57",1551
"2020-03-07 12:53:53",1551
"2020-03-07 13:52:52",1551
"2020-03-07 14:53:27",1551
"2020-03-07 15:52:53",1551
"2020-03-07 16:53:16",1551
"2020-03-07 17:54:05",1551
"2020-03-07 18:53:18",1551
"2020-03-07 19:53:27",1551
"2020-03-07 20:56:19",1551
"2020-03-07 21:57:21",1551
"2020-03-07 22:56:26",1551
"2020-03-07 23:56:21",1551
"2020-03-08 00:53:08",1551
"2020-03-08 01:54:07",1551
"2020-03-08 02:54:16",1551
"2020-03-08 03:56:28",1551
"2020-03-08 04:56:14",1551
"2020-03-08 05:56:19",1551
"2020-03-08 06:54:45",1551
"2020-03-08 07:56:11",1551
"2020-03-08 08:56:18",1551
"2020-03-08 09:53:59",1551
"2020-03-08 10:56:07",1551
"2020-03-08 11:54:01",1551
"2020-03-08 12:57:00",1551
"2020-03-08 13:57:17",1551
"2020-03-08 14:53:15",1551
"2020-03-08 15:56:20",1551
"2020-03-08 16:53:04",1551
"2020-03-08 17:53:19",1551
"2020-03-08 18:57:32",1551
"2020-03-08 19:55:05",1551
"2020-03-08 20:54:22",1551
"2020-03-08 21:53:10",1551
"2020-03-08 22:56:06",1551
"2020-03-08 23:53:21",1551
"2020-03-09 00:56:54",1551
"2020-03-09 01:53:15",1551
"2020-03-09 02:56:59",1551
"2020-03-09 03:56:42",1551
"2020-03-09 04:56:20",1551
"2020-03-09 05:53:18",1551
"2020-03-09 06:53:07",1551
"2020-03-09 07:53:23",1551
"2020-03-09 08:52:57",1551
"2020-03-09 09:53:43",1551
"2020-03-09 10:55:53",1551
"2020-03-09 11:56:07",1551
"2020-03-09 12:54:53",1551
"2020-03-09 13:52:10",1552
"2020-03-09 14:55:40",1555
"2020-03-09 15:53:45",1555
"2020-03-09 16:52:58",1555
"2020-03-09 17:51:52",1554
"2020-03-09 18:52:21",1554
"2020-03-09 19:53:13",1556
"2020-03-09 20:53:25",1557
"2020-03-09 21:56:08",1557
"2020-03-09 22:56:02",1557
"2020-03-09 23:57:09",1557
"2020-03-10 00:52:58",1557
"2020-03-10 01:56:10",1557
"2020-03-10 02:54:04",1557
"2020-03-10 03:56:58",1557
"2020-03-10 04:54:02",1557
"2020-03-10 06:57:19",1557
"2020-03-10 07:56:41",1557
"2020-03-10 08:53:22",1557
"2020-03-10 09:55:43",1557
"2020-03-10 10:55:34",1557
"2020-03-10 11:56:00",1557
"2020-03-10 12:53:52",1557
"2020-03-10 13:54:34",1556
"2020-03-10 14:57:18",1556
"2020-03-10 15:57:30",1557
"2020-03-10 16:53:02",1560
"2020-03-10 17:56:33",1560
"2020-03-10 18:56:24",1562
"2020-03-10 19:56:35",1567
"2020-03-10 20:59:33",1565
"2020-03-10 21:56:57",1565
"2020-03-10 22:56:03",1565
"2020-03-10 23:53:54",1565
"2020-03-11 00:56:41",1565
"2020-03-11 01:56:52",1565
"2020-03-11 02:57:24",1565
"2020-03-11 03:54:03",1565
"2020-03-11 04:54:19",1565
"2020-03-11 05:56:56",1565
"2020-03-11 06:56:08",1565
"2020-03-11 07:53:01",1565
"2020-03-11 08:53:59",1565
"2020-03-11 09:52:43",1565
"2020-03-11 10:52:57",1565
"2020-03-11 11:56:27",1565
"2020-03-11 12:56:52",1565
"2020-03-11 13:56:19",1565
"2020-03-11 14:54:17",1566
"2020-03-11 15:53:29",1566
"2020-03-11 16:57:07",1568
"2020-03-11 17:54:09",1567
"2020-03-11 18:53:18",1570
"2020-03-11 19:57:23",1570
"2020-03-11 20:57:20",1571
"2020-03-11 21:54:07",1571
"2020-03-11 22:54:14",1571
"2020-03-11 23:54:40",1571
"2020-03-12 00:53:03",1571
"2020-03-12 01:56:29",1571
"2020-03-12 02:53:53",1571
"2020-03-12 03:56:28",1571
"2020-03-12 04:57:09",1571
"2020-03-12 05:54:17",1571
"2020-03-12 06:53:43",1571
"2020-03-12 07:53:58",1571
"2020-03-12 08:56:27",1571
"2020-03-12 09:54:52",1571
"2020-03-12 10:56:17",1571
"2020-03-12 11:56:11",1571
"2020-03-12 12:56:09",1571
"2020-03-12 13:57:38",1572
"2020-03-12 14:53:03",1568
"2020-03-12 15:53:00",1561
"2020-03-12 16:53:32",1565
"2020-03-12 17:53:17",1566
"2020-03-12 18:57:19",1566
"2020-03-12 19:54:22",1567
"2020-03-12 20:53:29",1565
"2020-03-12 21:57:35",1565
"2020-03-12 22:53:13",1566
"2020-03-12 23:57:06",1566
"2020-03-13 00:57:28",1566
"2020-03-13 01:53:05",1566
"2020-03-13 02:56:27",1566
"2020-03-13 03:56:29",1566
"2020-03-13 04:54:02",1566
"2020-03-13 05:54:52",1566
"2020-03-13 06:58:27",1566
"2020-03-13 07:57:48",1565
"2020-03-13 08:57:57",1565
"2020-03-13 09:58:09",1565
"2020-03-13 10:53:58",1565
"2020-03-13 11:56:00",1565
"2020-03-13 13:12:50",1565
"2020-03-13 13:55:06",1565
"2020-03-13 14:54:34",1562
"2020-03-13 15:54:29",1560
"2020-03-13 16:56:37",1562
"2020-03-13 17:56:20",1564
"2020-03-13 18:57:25",1563
"2020-03-13 19:56:43",1563
"2020-03-13 20:53:30",1564
"2020-03-13 21:54:03",1565
"2020-03-13 22:53:12",1565
"2020-03-13 23:56:06",1565
"2020-03-14 00:54:19",1565
"2020-03-14 01:57:05",1565
"2020-03-14 02:56:35",1565
"2020-03-14 03:54:03",1565
"2020-03-14 04:57:22",1565
"2020-03-14 05:56:31",1565
"2020-03-14 06:54:26",1565
"2020-03-14 07:57:12",1565
"2020-03-14 08:56:15",1565
"2020-03-14 09:56:15",1564
"2020-03-14 10:53:44",1564
"2020-03-14 11:53:33",1564
"2020-03-14 12:53:50",1564
"2020-03-14 13:53:12",1564
"2020-03-14 14:56:22",1564
"2020-03-14 15:53:13",1564
"2020-03-14 16:56:14",1564
"2020-03-14 17:54:06",1564
"2020-03-14 18:56:27",1564
"2020-03-14 19:54:25",1564
"2020-03-14 20:57:07",1564
"2020-03-14 21:56:22",1564
"2020-03-14 22:57:26",1564
"2020-03-14 23:56:10",1564
"2020-03-15 00:53:51",1564
"2020-03-15 01:54:03",1564
"2020-03-15 02:57:09",1564
"2020-03-15 03:57:20",1564
"2020-03-15 04:53:23",1564
"2020-03-15 05:57:18",1564
"2020-03-15 06:54:23",1564
"2020-03-15 07:57:27",1564
"2020-03-15 09:05:45",1564
"2020-03-15 09:55:03",1564
"2020-03-15 10:55:58",1564
"2020-03-15 11:57:15",1564
"2020-03-15 12:56:15",1564
"2020-03-15 13:53:26",1564
"2020-03-15 14:54:49",1564
"2020-03-15 15:53:56",1564
"2020-03-15 16:56:13",1564
"2020-03-15 17:54:23",1564
"2020-03-15 18:57:10",1564
"2020-03-15 19:56:26",1564
"2020-03-15 20:54:14",1564
"2020-03-15 21:54:19",1564
"2020-03-15 22:56:17",1564
"2020-03-15 23:56:13",1564
"2020-03-16 00:53:23",1564
"2020-03-16 01:53:26",1564
"2020-03-16 02:53:15",1564
"2020-03-16 03:55:26",1564
"2020-03-16 04:56:20",1564
"2020-03-16 05:57:28",1564
"2020-03-16 06:54:07",1564
"2020-03-16 07:57:10",1564
"2020-03-16 09:04:19",1564
"2020-03-16 09:56:11",1564
"2020-03-16 10:54:10",1564
"2020-03-16 11:55:58",1564
"2020-03-16 13:14:30",1565
"2020-03-16 14:54:10",1572
"2020-03-16 15:56:14",1569
"2020-03-16 16:53:30",1574
"2020-03-16 17:54:16",1576
"2020-03-16 18:53:31",1586
"2020-03-16 19:57:21",1588
"2020-03-16 20:53:09",1588
"2020-03-16 21:54:26",1588
"2020-03-16 22:53:36",1588
"2020-03-16 23:56:44",1588
"2020-03-17 00:56:35",1588
"2020-03-17 01:53:28",1588
"2020-03-17 02:56:25",1588
"2020-03-17 20:16:14",1581
"2020-03-17 20:26:06",1581
"2020-03-17 20:54:14",1581
"2020-03-17 21:53:39",1581
"2020-03-17 22:53:20",1581
"2020-03-17 23:53:50",1581
"2020-03-18 00:54:26",1581
"2020-03-18 01:54:29",1581
"2020-03-18 02:54:27",1581
"2020-03-18 03:54:48",1581
"2020-03-18 04:54:32",1581
"2020-03-18 05:54:44",1581
"2020-03-18 06:53:50",1581
"2020-03-18 07:54:44",1581
"2020-03-18 08:52:56",1581
"2020-03-18 09:54:05",1581
"2020-03-18 10:53:18",1581
"2020-03-18 11:53:19",1581
"2020-03-18 13:14:20",1581
"2020-03-18 13:54:56",1581
"2020-03-18 14:54:06",1586
"2020-03-18 15:54:02",1589
"2020-03-18 16:53:48",1590
"2020-03-18 17:54:50",1589
"2020-03-18 18:53:39",1589
"2020-03-18 19:54:33",1589
"2020-03-18 20:53:47",1590
"2020-03-18 21:53:39",1590
"2020-03-18 22:53:31",1590
"2020-03-18 23:54:06",1590
"2020-03-19 00:53:46",1590
"2020-03-19 01:54:28",1590
"2020-03-19 02:53:28",1590
"2020-03-19 03:53:20",1590
"2020-03-19 04:53:38",1590
"2020-03-19 05:57:05",1590
"2020-03-19 06:53:50",1590
"2020-03-19 07:53:59",1590
"2020-03-19 08:53:29",1590
"2020-03-19 09:54:07",1590
"2020-03-19 10:53:05",1590
"2020-03-19 11:53:26",1590
"2020-03-19 12:53:11",1590
"2020-03-19 13:53:54",1590
"2020-03-19 14:53:58",1589
"2020-03-19 15:53:53",1586
"2020-03-19 16:53:57",1586
"2020-03-19 17:53:50",1587
"2020-03-19 18:53:20",1588
"2020-03-19 19:54:11",1590
"2020-03-19 20:54:48",1592
"2020-03-19 21:54:16",1592
"2020-03-19 22:53:28",1592
"2020-03-19 23:55:14",1592
"2020-03-20 00:53:26",1592
"2020-03-20 01:53:23",1592
"2020-03-20 02:55:31",1592
"2020-03-20 03:53:41",1592
"2020-03-20 04:53:46",1592
"2020-03-20 06:54:25",1592
"2020-03-20 07:53:53",1592
"2020-03-20 08:55:21",1592
"2020-03-20 09:54:21",1592
"2020-03-20 10:53:44",1592
"2020-03-20 11:53:23",1592
"2020-03-20 13:13:13",1591
"2020-03-20 13:55:03",1591
"2020-03-20 14:53:50",1588
"2020-03-20 15:53:39",1594
"2020-03-20 16:53:46",1591
"2020-03-20 17:53:51",1591
"2020-03-20 18:53:34",1593
"2020-03-20 19:53:59",1593
"2020-03-20 20:53:45",1596
"2020-03-20 21:53:23",1596
"2020-03-20 22:54:31",1596
"2020-03-20 23:54:53",1596
"2020-03-21 00:54:00",1596
"2020-03-21 01:53:49",1596
"2020-03-21 02:54:33",1596
"2020-03-21 03:54:35",1596
"2020-03-21 04:53:30",1596
"2020-03-21 05:53:19",1596
"2020-03-21 06:53:33",1596
"2020-03-21 07:54:19",1596
"2020-03-21 09:15:40",1596
"2020-03-21 09:53:39",1596
"2020-03-21 10:53:49",1596
"2020-03-21 11:54:02",1596
"2020-03-21 12:53:14",1596
"2020-03-21 13:53:34",1596
"2020-03-21 14:55:11",1596
"2020-03-21 15:54:24",1596
"2020-03-21 16:54:16",1596
"2020-03-21 17:54:56",1596
"2020-03-21 18:53:51",1596
"2020-03-21 19:53:52",1596
"2020-03-21 20:53:16",1596
"2020-03-21 21:53:46",1596
"2020-03-21 22:53:30",1596
"2020-03-21 23:53:35",1596
"2020-03-22 00:53:17",1596
"2020-03-22 01:54:11",1596
"2020-03-22 02:53:26",1596
"2020-03-22 03:54:59",1596
"2020-03-22 04:53:53",1596
"2020-03-22 05:53:54",1596
"2020-03-22 06:54:33",1596
"2020-03-22 07:54:20",1596
"2020-03-22 09:19:54",1596
"2020-03-22 09:53:40",1596
"2020-03-22 10:54:16",1596
"2020-03-22 11:53:22",1596
"2020-03-22 12:54:10",1596
"2020-03-22 22:03:26",1596
"2020-03-22 22:54:25",1596
"2020-03-22 23:53:46",1596
"2020-03-23 00:56:13",1596
"2020-03-23 01:54:44",1596
"2020-03-23 02:53:26",1596
"2020-03-23 03:53:36",1596
"2020-03-23 04:54:41",1596
"2020-03-23 05:54:25",1596
"2020-03-23 06:54:05",1596
"2020-03-23 07:53:34",1596
"2020-03-23 08:53:36",1596
"2020-03-23 09:54:30",1596
"2020-03-23 10:53:32",1596
"2020-03-23 11:54:19",1596
"2020-03-23 13:12:41",1596
"2020-03-23 13:54:18",1596
"2020-03-23 14:54:37",1606
"2020-03-23 15:53:58",1604
"2020-03-23 16:54:45",1606
"2020-03-23 17:53:48",1605
"2020-03-23 18:53:34",1604
"2020-03-23 19:54:23",1601
"2020-03-23 20:54:27",1603
"2020-03-23 21:53:37",1603
"2020-03-23 22:53:43",1603
"2020-03-23 23:53:43",1603
"2020-03-24 00:53:28",1603
"2020-03-24 01:53:30",1603
"2020-03-24 02:53:21",1603
"2020-03-24 03:53:50",1603
"2020-03-24 04:54:23",1603
"2020-03-24 05:56:58",1603
"2020-03-24 06:54:51",1603
"2020-03-24 07:55:09",1603
"2020-03-24 09:14:12",1603
"2020-03-24 09:53:04",1603
"2020-03-24 10:53:14",1603
"2020-03-24 11:53:19",1603
"2020-03-24 12:52:46",1603
"2020-03-24 13:55:47",1603
"2020-03-24 14:56:07",1608
"2020-03-24 15:55:19",1614
"2020-03-24 16:55:19",1614
"2020-03-24 17:54:39",1614
"2020-03-24 18:54:35",1612
"2020-03-24 19:53:59",1613
"2020-03-24 20:53:29",1613
"2020-03-24 21:53:13",1615
"2020-03-24 22:54:24",1615
"2020-03-24 23:54:18",1615
"2020-03-25 00:53:37",1615
"2020-03-25 01:53:46",1615
"2020-03-25 02:53:25",1615
"2020-03-25 03:53:27",1615
"2020-03-25 04:52:57",1615
"2020-03-25 06:54:50",1615
"2020-03-25 07:53:28",1615
"2020-03-25 09:55:24",1615
"2020-03-25 10:53:38",1615
"2020-03-25 11:54:11",1615
"2020-03-25 12:54:19",1615
"2020-03-25 13:55:07",1615
"2020-03-25 14:54:54",1620
"2020-03-25 15:55:29",1624
"2020-03-25 16:54:53",1622
"2020-03-25 17:55:40",1621
"2020-03-25 18:53:42",1616
"2020-03-25 19:53:47",1614
"2020-03-25 20:54:01",1615
"2020-03-25 21:53:20",1615
"2020-03-25 22:53:29",1615
"2020-03-25 23:53:40",1615
"2020-03-26 02:11:08",1615
"2020-03-26 02:53:41",1615
"2020-03-26 03:54:16",1615
"2020-03-26 04:55:25",1615
"2020-03-26 05:53:55",1615
"2020-03-26 06:54:08",1615
"2020-03-26 07:54:06",1615
"2020-03-26 08:53:32",1615
"2020-03-26 09:54:13",1615
"2020-03-26 10:52:54",1615
"2020-03-26 11:53:47",1615
"2020-03-26 12:53:44",1615
"2020-03-26 13:53:55",1616
"2020-03-26 14:54:15",1620
"2020-03-26 15:54:07",1619
"2020-03-26 16:53:48",1614
"2020-03-26 17:54:26",1614
"2020-03-26 18:53:40",1618
"2020-03-26 19:53:38",1619
"2020-03-26 20:53:46",1622
"2020-03-26 21:54:16",1622
"2020-03-26 22:53:27",1622
"2020-03-26 23:54:43",1622
"2020-03-27 00:53:47",1622
"2020-03-27 01:54:11",1622
"2020-03-27 02:54:27",1622
"2020-03-27 03:53:55",1622
"2020-03-27 04:54:14",1622
"2020-03-27 05:53:47",1622
"2020-03-27 06:54:25",1622
"2020-03-27 07:55:39",1622
"2020-03-27 08:57:59",1622
"2020-03-27 09:55:11",1622
"2020-03-27 10:54:05",1622
"2020-03-27 11:53:33",1622
"2020-03-27 12:53:24",1622
"2020-03-27 13:54:33",1622
"2020-03-27 14:53:46",1618
"2020-03-27 15:53:49",1617
"2020-03-27 16:54:13",1617
"2020-03-27 17:53:50",1618
"2020-03-27 18:54:47",1618
"2020-03-27 19:53:51",1618
"2020-03-27 20:53:44",1617
"2020-03-27 21:54:43",1617
"2020-03-27 22:53:51",1617
"2020-03-27 23:54:06",1617
"2020-03-28 00:54:26",1617
"2020-03-28 01:53:12",1617
"2020-03-28 02:53:25",1617
"2020-03-28 03:53:53",1617
"2020-03-28 04:53:38",1617
"2020-03-28 05:55:25",1617
"2020-03-28 06:53:48",1617
"2020-03-28 07:53:04",1617
"2020-03-28 08:53:34",1617
"2020-03-28 09:54:11",1617
"2020-03-28 10:54:40",1617
"2020-03-28 11:53:36",1617
"2020-03-28 12:54:24",1617
"2020-03-28 13:54:22",1617
"2020-03-28 14:53:50",1617
"2020-03-28 15:53:38",1617
"2020-03-28 16:53:25",1617
"2020-03-28 17:53:45",1617
"2020-03-28 18:54:00",1617
"2020-03-28 19:53:24",1617
"2020-03-28 20:53:50",1617
"2020-03-28 21:53:18",1617
"2020-03-28 22:55:13",1617
"2020-03-28 23:53:50",1617
"2020-03-29 00:54:06",1617
"2020-03-29 01:54:30",1617
"2020-03-29 02:55:20",1617
"2020-03-29 03:55:36",1617
"2020-03-29 04:54:26",1617
"2020-03-29 05:54:04",1617
"2020-03-29 06:55:31",1617
"2020-03-29 07:54:15",1617
"2020-03-29 08:53:40",1617
"2020-03-29 09:53:34",1617
"2020-03-29 10:54:47",1617
"2020-03-29 11:53:46",1617
"2020-03-29 12:53:30",1617
"2020-03-29 13:53:34",1617
"2020-03-29 14:53:27",1617
"2020-03-29 15:53:32",1617
"2020-03-29 16:53:45",1617
"2020-03-29 17:54:24",1617
"2020-03-29 18:53:41",1617
"2020-03-29 19:53:34",1617
"2020-03-29 20:53:27",1617
"2020-03-29 21:55:13",1617
"2020-03-29 22:53:48",1617
"2020-03-29 23:54:03",1617
"2020-03-30 00:53:50",1617
"2020-03-30 01:53:36",1617
"2020-03-30 02:54:51",1617
"2020-03-30 03:53:45",1617
"2020-03-30 04:54:41",1617
"2020-03-30 05:53:27",1617
"2020-03-30 06:53:54",1617
"2020-03-30 07:54:31",1617
"2020-03-30 08:53:31",1617
"2020-03-30 09:53:12",1617
"2020-03-30 10:53:26",1617
"2020-03-30 11:52:54",1617
"2020-03-30 12:53:26",1617
"2020-03-30 13:54:55",1617
"2020-03-30 14:53:39",1620
"2020-03-30 15:54:37",1621
"2020-03-30 16:53:47",1621
"2020-03-30 17:54:24",1621
"2020-03-30 18:53:58",1623
"2020-03-30 19:54:46",1625
"2020-03-30 20:53:42",1626
"2020-03-30 21:54:24",1626
"2020-03-30 22:53:29",1626
"2020-03-30 23:53:22",1626
"2020-03-31 00:53:12",1626
"2020-03-31 01:53:26",1626
"2020-03-31 02:53:32",1626
"2020-03-31 03:54:02",1626
"2020-03-31 04:53:29",1626
"2020-03-31 05:53:40",1626
"2020-03-31 06:53:29",1626
"2020-03-31 07:53:48",1626
"2020-03-31 08:53:41",1626
"2020-03-31 09:53:36",1626
"2020-03-31 10:53:27",1626
"2020-03-31 11:54:26",1626
"2020-03-31 13:11:46",1626
"2020-03-31 13:53:56",1626
"2020-03-31 14:55:02",1624
"2020-03-31 15:53:38",1624
"2020-03-31 16:54:59",1623
"2020-03-31 17:53:43",1624
"2020-03-31 18:54:21",1624
"2020-03-31 19:53:32",1625
"2020-03-31 20:54:28",1625
"2020-03-31 21:53:32",1625
"2020-03-31 22:53:27",1625
"2020-03-31 23:52:33",1625
"2020-04-01 00:51:50",1625
"2020-04-01 01:51:51",1625
"2020-04-01 02:51:46",1625
"2020-04-01 03:51:58",1625
"2020-04-01 04:52:27",1625
"2020-04-01 05:52:51",1625
"2020-04-01 06:52:07",1625
"2020-04-01 07:52:49",1625
"2020-04-01 08:51:49",1625
"2020-04-01 09:52:13",1625
"2020-04-01 10:51:21",1625
"2020-04-01 11:53:18",1625
"2020-04-01 13:14:46",1625
"2020-04-01 13:51:48",1625
"2020-04-01 14:53:19",1632
"2020-04-01 15:52:40",1634
"2020-04-01 16:51:29",1634
"2020-04-01 17:51:25",1639
"2020-04-01 18:51:34",1640
"2020-04-01 19:51:49",1640
"2020-04-01 20:51:52",1640
"2020-04-01 21:51:34",1640
"2020-04-01 22:51:33",1640
"2020-04-01 23:52:50",1640
"2020-04-02 00:51:44",1640
"2020-04-02 01:52:42",1640
"2020-04-02 02:51:40",1640
"2020-04-02 03:52:39",1640
"2020-04-02 04:51:47",1640
"2020-04-02 05:52:00",1640
"2020-04-02 06:51:15",1640
"2020-04-02 07:52:38",1640
"2020-04-02 08:53:47",1640
"2020-04-02 09:52:36",1640
"2020-04-02 10:51:51",1640
"2020-04-02 11:51:36",1640
"2020-04-02 13:15:49",1640
"2020-04-02 13:52:50",1640
"2020-04-02 14:51:28",1641
"2020-04-02 15:51:58",1637
"2020-04-02 16:51:19",1636
"2020-04-02 17:51:31",1634
"2020-04-02 19:51:35",1637
"2020-04-02 20:52:22",1640
"2020-04-02 21:53:30",1640
"2020-04-02 22:52:54",1640
"2020-04-02 23:51:32",1640
"2020-04-03 00:51:59",1640
"2020-04-03 01:52:34",1640
"2020-04-03 02:51:48",1640
"2020-04-03 03:51:34",1640
"2020-04-03 04:52:20",1640
"2020-04-03 05:52:38",1640
"2020-04-03 06:51:41",1640
"2020-04-03 08:51:43",1640
"2020-04-03 09:51:43",1640
"2020-04-03 10:52:31",1640
"2020-04-03 11:51:34",1640
"2020-04-03 13:16:49",1640
"2020-04-03 13:52:00",1640
"2020-04-03 14:52:04",1646
"2020-04-03 15:52:44",1646
"2020-04-03 16:52:39",1647
"2020-04-03 17:52:43",1646
"2020-04-03 18:52:45",1647
"2020-04-03 19:51:40",1647
"2020-04-03 20:51:36",1649
"2020-04-03 21:51:58",1649
"2020-04-03 22:53:21",1649
"2020-04-03 23:51:49",1649
"2020-04-04 00:51:29",1649
"2020-04-04 01:52:30",1649
"2020-04-04 02:51:53",1649
"2020-04-04 03:51:58",1649
"2020-04-04 04:52:15",1649
"2020-04-04 05:52:31",1649
"2020-04-04 06:51:29",1649
"2020-04-04 07:52:47",1649
"2020-04-04 08:52:20",1649
"2020-04-04 09:52:17",1649
"2020-04-04 10:51:43",1649
"2020-04-04 11:51:41",1649
"2020-04-04 12:51:38",1649
"2020-04-04 13:51:35",1649
"2020-04-04 14:52:10",1649
"2020-04-04 15:51:21",1649
"2020-04-04 16:51:42",1649
"2020-04-04 17:51:45",1649
"2020-04-04 18:51:36",1649
"2020-04-04 19:51:42",1649
"2020-04-04 20:51:27",1649
"2020-04-04 21:51:34",1649
"2020-04-04 22:52:43",1649
"2020-04-04 23:51:31",1649
"2020-04-05 00:53:08",1649
"2020-04-05 01:52:29",1649
"2020-04-05 02:51:26",1649
"2020-04-05 03:51:45",1649
"2020-04-05 04:52:32",1649
"2020-04-05 05:52:13",1649
"2020-04-05 06:52:21",1649
"2020-04-05 07:51:44",1649
"2020-04-05 08:51:54",1649
"2020-04-05 09:51:35",1649
"2020-04-05 10:52:44",1649
"2020-04-05 11:52:29",1649
"2020-04-05 12:51:29",1649
"2020-04-05 13:52:39",1649
"2020-04-05 14:51:42",1649
"2020-04-05 15:51:24",1649
"2020-04-05 16:52:31",1649
"2020-04-05 17:51:18",1649
"2020-04-05 18:51:46",1649
"2020-04-05 19:51:31",1649
"2020-04-05 20:51:43",1649
"2020-04-05 21:51:51",1649
"2020-04-05 22:52:24",1649
"2020-04-05 23:51:31",1649
"2020-04-06 00:51:27",1649
"2020-04-06 01:51:50",1649
"2020-04-06 02:52:20",1649
"2020-04-06 03:53:29",1649
"2020-04-06 04:51:12",1649
"2020-04-06 05:52:08",1649
"2020-04-06 06:52:09",1649
"2020-04-06 07:51:42",1649
"2020-04-06 08:52:33",1649
"2020-04-06 09:51:33",1649
"2020-04-06 10:52:08",1649
"2020-04-06 11:51:20",1649
"2020-04-06 12:52:05",1649
"2020-04-06 13:51:46",1649
"2020-04-06 14:51:44",1658
"2020-04-06 15:51:47",1658
"2020-04-06 16:51:30",1658
"2020-04-06 17:51:28",1660
"2020-04-06 18:55:14",1663
"2020-04-06 19:52:32",1662
"2020-04-06 20:51:36",1664
"2020-04-06 21:51:22",1664
"2020-04-06 22:51:46",1664
"2020-04-06 23:52:12",1664
"2020-04-07 00:51:48",1664
"2020-04-07 01:52:07",1664
"2020-04-07 02:51:50",1664
"2020-04-07 03:51:33",1664
"2020-04-07 04:51:38",1664
"2020-04-07 05:51:22",1664
"2020-04-07 06:52:00",1664
"2020-04-07 07:51:45",1664
"2020-04-07 08:52:25",1664
"2020-04-07 09:51:31",1664
"2020-04-07 10:51:11",1664
"2020-04-07 11:51:30",1664
"2020-04-07 12:51:30",1664
"2020-04-07 13:51:41",1664
"2020-04-07 14:51:05",1663
"2020-04-07 15:51:24",1660
"2020-04-07 16:51:53",1658
"2020-04-07 17:51:16",1659
"2020-04-07 18:51:21",1657
"2020-04-07 19:51:17",1656
"2020-04-07 20:51:41",1656
"2020-04-07 21:51:52",1656
"2020-04-07 22:51:26",1656
"2020-04-07 23:51:34",1656
"2020-04-08 00:51:48",1656
"2020-04-08 01:51:24",1656
"2020-04-08 02:51:01",1656
"2020-04-08 03:51:51",1656
"2020-04-08 04:51:13",1656
"2020-04-08 06:51:42",1656
"2020-04-08 07:52:02",1656
"2020-04-08 09:13:12",1656
"2020-04-08 09:51:32",1656
"2020-04-08 10:51:24",1656
"2020-04-08 11:51:18",1656
"2020-04-08 12:51:20",1656
"2020-04-08 13:51:31",1656
"2020-04-08 14:51:12",1660
"2020-04-08 15:51:39",1659
"2020-04-08 16:51:20",1659
"2020-04-08 17:52:02",1658
"2020-04-08 18:51:19",1655
"2020-04-08 19:51:57",1656
"2020-04-08 20:51:34",1654
"2020-04-08 21:51:22",1654
"2020-04-08 22:51:11",1654
"2020-04-08 23:51:28",1654
"2020-04-09 00:51:17",1654
"2020-04-09 02:51:27",1654
"2020-04-09 03:51:18",1654
"2020-04-09 04:52:05",1654
"2020-04-09 05:51:36",1654
"2020-04-09 06:52:13",1654
"2020-04-09 07:51:06",1654
"2020-04-09 08:51:12",1654
"2020-04-09 09:51:08",1654
"2020-04-09 10:51:22",1654
"2020-04-09 11:51:22",1654
"2020-04-09 12:51:16",1654
"2020-04-09 13:51:41",1654
"2020-04-09 14:51:40",1657
"2020-04-09 15:50:57",1671
"2020-04-09 16:51:22",1675
"2020-04-09 17:51:20",1675
"2020-04-09 18:50:54",1798
"2020-04-09 19:51:58",1788
"2020-04-09 20:51:20",1787
"2020-04-09 21:51:17",1789
"2020-04-09 22:51:12",1789
"2020-04-09 23:51:09",1789
"2020-04-10 00:51:24",1789
"2020-04-10 01:51:07",1789
"2020-04-10 02:51:31",1789
"2020-04-10 03:51:22",1789
"2020-04-10 04:51:13",1789
"2020-04-10 05:51:35",1789
"2020-04-10 06:51:11",1789
"2020-04-10 07:51:12",1789
"2020-04-10 08:51:35",1789
"2020-04-10 09:51:16",1789
"2020-04-10 10:51:24",1789
"2020-04-10 11:51:22",1789
"2020-04-10 12:51:17",1789
"2020-04-10 13:51:28",1789
"2020-04-10 14:51:45",1789
"2020-04-10 15:51:21",1789
"2020-04-10 16:51:04",1789
"2020-04-10 17:51:17",1789
"2020-04-10 18:51:18",1789
"2020-04-10 19:51:19",1789
"2020-04-10 20:52:06",1789
"2020-04-10 21:50:44",1789
"2020-04-10 22:50:40",1789
"2020-04-10 23:50:43",1789
"2020-04-11 00:50:53",1789
"2020-04-11 01:50:31",1789
"2020-04-11 02:50:43",1789
"2020-04-11 03:50:43",1789
"2020-04-11 04:50:52",1789
"2020-04-11 05:50:36",1789
"2020-04-11 06:50:43",1789
"2020-04-11 07:50:39",1789
"2020-04-11 08:50:28",1789
"2020-04-11 09:50:31",1789
"2020-04-11 10:50:54",1789
"2020-04-11 11:50:29",1789
"2020-04-11 12:50:39",1789
"2020-04-11 13:50:53",1789
"2020-04-11 14:50:28",1789
"2020-04-11 15:50:56",1789
"2020-04-11 16:50:48",1789
"2020-04-11 17:50:49",1789
"2020-04-11 18:50:46",1789
"2020-04-11 19:50:39",1789
"2020-04-11 20:50:27",1789
"2020-04-11 21:50:40",1789
"2020-04-11 22:50:38",1789
"2020-04-11 23:50:40",1789
"2020-04-12 00:50:55",1789
"2020-04-12 01:50:38",1789
"2020-04-12 02:50:38",1789
"2020-04-12 03:50:32",1789
"2020-04-12 04:51:03",1789
"2020-04-12 05:50:46",1789
"2020-04-12 06:50:45",1789
"2020-04-12 07:50:34",1789
"2020-04-12 08:50:37",1789
"2020-04-12 09:50:44",1789
"2020-04-12 10:50:44",1789
"2020-04-12 11:50:33",1789
"2020-04-12 12:50:41",1789
"2020-04-12 13:50:53",1789
"2020-04-12 14:50:43",1789
"2020-04-12 15:50:41",1789
"2020-04-12 16:50:39",1789
"2020-04-12 17:50:29",1789
"2020-04-12 18:50:49",1789
"2020-04-12 19:50:41",1789
"2020-04-12 20:51:09",1789
"2020-04-12 21:50:49",1789
"2020-04-12 22:50:57",1789
"2020-04-12 23:51:10",1789
"2020-04-13 00:51:26",1789
"2020-04-13 01:51:00",1789
"2020-04-13 02:51:06",1789
"2020-04-13 03:51:35",1789
"2020-04-13 04:51:14",1789
"2020-04-13 05:51:04",1789
"2020-04-13 06:50:43",1789
"2020-04-13 07:50:28",1789
"2020-04-13 08:50:44",1789
"2020-04-13 09:50:38",1789
"2020-04-13 10:50:37",1789
"2020-04-13 11:50:52",1789
"2020-04-13 13:13:38",1789
"2020-04-13 13:50:35",1789
"2020-04-13 14:50:34",1813
"2020-04-13 15:50:37",1807
"2020-04-13 16:50:46",1800
"2020-04-13 17:51:03",1796
"2020-04-13 18:50:29",1796
"2020-04-13 19:50:33",1796
"2020-04-13 20:50:44",1798
"2020-04-13 21:50:45",1799
"2020-04-13 22:50:31",1800
"2020-04-13 23:50:46",1800
"2020-04-14 00:51:31",1800
"2020-04-14 01:51:23",1800
"2020-04-14 02:51:13",1800
"2020-04-14 03:51:15",1800
"2020-04-14 04:51:14",1800
"2020-04-14 05:51:25",1800
"2020-04-14 06:50:55",1800
"2020-04-14 07:50:45",1800
"2020-04-14 08:50:49",1800
"2020-04-14 09:50:46",1800
"2020-04-14 10:50:45",1800
"2020-04-14 11:50:46",1800
"2020-04-14 12:50:42",1800
"2020-04-14 13:50:50",1801
"2020-04-14 14:51:05",1796
"2020-04-14 15:51:08",1794
"2020-04-14 16:51:11",1791
"2020-04-14 17:50:29",1792
"2020-04-14 18:51:19",1790
"2020-04-14 19:50:42",1791
"2020-04-14 20:50:39",1792
"2020-04-14 21:50:44",1792
"2020-04-14 22:50:39",1793
"2020-04-14 23:51:03",1793
"2020-04-15 00:51:09",1793
"2020-04-15 01:51:08",1793
"2020-04-15 02:51:09",1793
"2020-04-15 03:51:02",1793
"2020-04-15 04:51:03",1793
"2020-04-15 05:50:37",1793
"2020-04-15 06:50:32",1793
"2020-04-15 07:50:42",1793
"2020-04-15 08:50:49",1792
"2020-04-15 09:50:41",1792
"2020-04-15 10:50:32",1792
"2020-04-15 11:50:30",1792
"2020-04-15 13:16:42",1792
"2020-04-15 14:50:44",1789
"2020-04-15 15:50:34",1782
"2020-04-15 16:50:53",1780
"2020-04-15 17:50:34",1780
"2020-04-15 18:50:43",1781
"2020-04-15 19:50:55",1782
"2020-04-15 20:50:38",1781
"2020-04-15 21:50:51",1781
"2020-04-15 22:50:53",1781
"2020-04-15 23:50:59",1781
"2020-04-16 00:51:07",1781
"2020-04-16 01:51:16",1781
"2020-04-16 02:51:17",1781
"2020-04-16 03:51:19",1781
"2020-04-16 04:51:21",1781
"2020-04-16 05:50:51",1781
"2020-04-16 06:51:05",1781
"2020-04-16 07:50:47",1781
"2020-04-16 08:50:45",1781
"2020-04-16 09:50:35",1781
"2020-04-16 10:50:46",1781
"2020-04-16 11:50:45",1781
"2020-04-16 12:50:44",1781
"2020-04-16 13:50:44",1782
"2020-04-16 14:50:40",1780
"2020-04-16 15:51:19",1777
"2020-04-16 16:51:18",1779
"2020-04-16 17:50:50",1778
"2020-04-16 18:51:12",1775
"2020-04-16 19:50:38",1774
"2020-04-16 20:50:56",1774
"2020-04-16 21:51:19",1774
"2020-04-16 22:50:49",1774
"2020-04-16 23:51:22",1774
"2020-04-17 00:51:06",1774
"2020-04-17 01:51:10",1774
"2020-04-17 02:51:18",1774
"2020-04-17 03:50:55",1774
"2020-04-17 04:50:49",1774
"2020-04-17 05:50:55",1774
"2020-04-17 06:50:55",1774
"2020-04-17 07:51:10",1773
"2020-04-17 08:50:52",1773
"2020-04-17 09:50:46",1773
"2020-04-17 10:50:50",1773
"2020-04-17 11:50:35",1773
"2020-04-17 13:13:43",1773
"2020-04-17 13:51:10",1773
"2020-04-17 14:50:50",1773
"2020-04-17 15:50:58",1776
"2020-04-17 16:50:33",1774
"2020-04-17 17:50:43",1776
"2020-04-17 18:51:19",1773
"2020-04-17 19:51:07",1772
"2020-04-17 20:51:17",1773
"2020-04-17 21:51:13",1774
"2020-04-17 22:50:58",1775
"2020-04-17 23:51:12",1775
"2020-04-18 00:51:10",1775
"2020-04-18 01:51:05",1775
"2020-04-18 02:50:57",1775
"2020-04-18 03:50:59",1775
"2020-04-18 04:51:16",1775
"2020-04-18 05:51:13",1775
"2020-04-18 06:50:46",1775
"2020-04-18 07:50:39",1775
"2020-04-18 08:51:12",1775
"2020-04-18 09:50:28",1775
"2020-04-18 10:50:43",1775
"2020-04-18 11:50:50",1775
"2020-04-18 12:50:30",1775
"2020-04-18 13:51:02",1775
"2020-04-18 14:50:39",1775
"2020-04-18 15:50:57",1775
"2020-04-18 16:50:30",1775
"2020-04-18 17:50:50",1775
"2020-04-18 18:50:51",1775
"2020-04-18 19:50:46",1775
"2020-04-18 20:50:50",1775
"2020-04-18 21:50:40",1775
"2020-04-18 22:51:03",1775
"2020-04-18 23:51:26",1775
"2020-04-19 00:51:27",1775
"2020-04-19 01:51:48",1775
"2020-04-19 02:51:13",1775
"2020-04-19 03:51:18",1775
"2020-04-19 04:51:48",1775
"2020-04-19 05:51:06",1775
"2020-04-19 06:51:15",1775
"2020-04-19 07:51:01",1775
"2020-04-19 08:50:47",1775
"2020-04-19 09:50:45",1775
"2020-04-19 10:50:43",1775
"2020-04-19 11:50:30",1775
"2020-04-19 12:50:35",1775
"2020-04-19 13:51:11",1775
"2020-04-19 14:50:40",1775
"2020-04-19 15:50:51",1775
"2020-04-19 16:50:53",1775
"2020-04-19 17:51:17",1775
"2020-04-19 18:50:47",1775
"2020-04-19 19:50:43",1775
"2020-04-19 20:50:32",1775
"2020-04-19 21:51:36",1775
"2020-04-19 22:51:23",1775
"2020-04-19 23:51:07",1775
"2020-04-20 00:51:37",1775
"2020-04-20 01:51:22",1775
"2020-04-20 02:51:41",1775
"2020-04-20 03:51:41",1775
"2020-04-20 04:51:06",1775
"2020-04-20 05:51:36",1775
"2020-04-20 06:51:17",1775
"2020-04-20 07:50:44",1775
"2020-04-20 08:50:40",1775
"2020-04-20 09:50:42",1775
"2020-04-20 10:50:42",1775
"2020-04-20 11:50:40",1775
"2020-04-20 12:50:42",1775
"2020-04-20 13:50:37",1776
"2020-04-20 14:51:28",1782
"2020-04-20 15:50:49",1780
"2020-04-20 16:51:05",1779
"2020-04-20 17:51:02",1778
"2020-04-20 18:51:19",1780
"2020-04-20 20:52:09",1781
"2020-04-20 21:51:58",1780
"2020-04-20 22:52:30",1779
"2020-04-20 23:51:17",1779
"2020-04-21 00:51:38",1779
"2020-04-21 01:51:20",1779
"2020-04-21 02:51:15",1779
"2020-04-21 03:53:56",1779
"2020-04-21 04:54:41",1779
"2020-04-21 05:54:59",1779
"2020-04-21 06:51:15",1779
"2020-04-21 07:51:00",1779
"2020-04-21 08:50:54",1779
"2020-04-21 09:50:49",1779
"2020-04-21 10:50:48",1779
"2020-04-21 11:50:46",1779
"2020-04-21 12:50:50",1779
"2020-04-21 13:51:26",1781
"2020-04-21 14:51:17",1807
"2020-04-21 15:50:35",1804
"2020-04-21 16:50:30",1803
"2020-04-21 17:51:17",1805
"2020-04-21 18:50:31",1806
"2020-04-21 19:50:46",1808
"2020-04-21 20:51:28",1807
"2020-04-21 21:51:36",1808
"2020-04-21 22:51:27",1808
"2020-04-21 23:50:41",1808
"2020-04-22 00:51:11",1808
"2020-04-22 01:51:27",1808
"2020-04-22 02:51:31",1808
"2020-04-22 03:51:10",1808
"2020-04-22 04:50:40",1808
"2020-04-22 05:50:45",1808
"2020-04-22 06:51:20",1808
"2020-04-22 07:51:04",1808
"2020-04-22 08:50:36",1808
"2020-04-22 09:50:55",1808
"2020-04-22 10:51:34",1808
"2020-04-22 11:50:35",1808
"2020-04-22 12:50:46",1808
"2020-04-22 13:50:39",1808
"2020-04-22 14:51:17",1821
"2020-04-22 15:50:41",1821
"2020-04-22 16:51:24",1817
"2020-04-22 17:51:39",1815
"2020-04-22 18:51:12",1813
"2020-04-22 19:50:44",1811
"2020-04-22 20:51:03",1811
"2020-04-22 21:51:17",1811
"2020-04-22 22:51:12",1812
"2020-04-22 23:51:21",1812
"2020-04-23 00:50:41",1812
"2020-04-23 01:51:12",1812
"2020-04-23 02:51:24",1812
"2020-04-23 03:51:23",1812
"2020-04-23 04:51:00",1812
"2020-04-23 05:50:32",1812
"2020-04-23 06:50:45",1812
"2020-04-23 07:50:52",1812
"2020-04-23 08:50:43",1812
"2020-04-23 09:50:28",1812
"2020-04-23 10:50:43",1812
"2020-04-23 11:50:56",1812
"2020-04-23 12:50:32",1812
"2020-04-23 13:50:32",1812
"2020-04-23 14:50:35",1817
"2020-04-23 15:50:43",1811
"2020-04-23 16:51:16",1805
"2020-04-23 17:50:33",1804
"2020-04-23 18:50:54",1803
"2020-04-23 19:50:45",1804
"2020-04-23 20:51:25",1801
"2020-04-23 21:50:48",1802
"2020-04-23 22:50:40",1802
"2020-04-23 23:50:56",1802
"2020-04-24 00:51:10",1802
"2020-04-24 01:51:44",1802
"2020-04-24 02:50:29",1802
"2020-04-24 03:51:27",1802
"2020-04-24 04:51:09",1802
"2020-04-24 05:50:36",1802
"2020-04-24 06:50:37",1802
"2020-04-24 07:50:30",1802
"2020-04-24 08:50:53",1802
"2020-04-24 09:50:42",1802
"2020-04-24 10:50:39",1802
"2020-04-24 11:50:30",1802
"2020-04-24 13:14:45",1801
"2020-04-24 13:51:12",1801
"2020-04-24 14:50:51",1806
"2020-04-24 15:50:39",1810
"2020-04-24 16:50:42",1814
"2020-04-24 17:50:50",1821
"2020-04-24 18:52:01",1823
"2020-04-24 19:50:40",1823
"2020-04-24 20:50:55",1824
"2020-04-24 21:51:39",1825
"2020-04-24 22:51:34",1825
"2020-04-24 23:50:55",1825
"2020-04-25 00:51:19",1825
"2020-04-25 01:51:28",1825
"2020-04-25 02:51:22",1825
"2020-04-25 03:51:31",1825
"2020-04-25 04:51:20",1825
"2020-04-25 05:51:37",1825
"2020-04-25 06:50:58",1825
"2020-04-25 07:50:43",1825
"2020-04-25 08:50:57",1825
"2020-04-25 09:50:50",1825
"2020-04-25 10:50:36",1825
"2020-04-25 11:50:48",1825
"2020-04-25 12:50:43",1825
"2020-04-25 13:51:07",1825
"2020-04-25 14:50:51",1825
"2020-04-25 15:50:58",1825
"2020-04-25 16:51:06",1825
"2020-04-25 17:50:59",1825
"2020-04-25 18:50:43",1825
"2020-04-25 19:50:57",1825
"2020-04-25 20:50:45",1825
"2020-04-25 21:50:51",1825
"2020-04-25 22:50:50",1825
"2020-04-25 23:50:51",1825
"2020-04-26 00:50:49",1825
"2020-04-26 01:51:19",1825
"2020-04-26 02:51:15",1825
"2020-04-26 03:51:28",1825
"2020-04-26 04:50:40",1825
"2020-04-26 05:51:27",1825
"2020-04-26 06:51:02",1825
"2020-04-26 07:50:52",1825
"2020-04-26 08:50:48",1825
"2020-04-26 09:50:47",1825
"2020-04-26 10:50:38",1825
"2020-04-26 11:50:54",1825
"2020-04-26 12:50:48",1825
"2020-04-26 13:50:34",1825
"2020-04-26 14:50:44",1825
"2020-04-26 15:50:53",1825
"2020-04-26 16:50:50",1825
"2020-04-26 17:50:47",1825
"2020-04-26 18:50:45",1825
"2020-04-26 19:50:34",1825
"2020-04-26 20:50:42",1825
"2020-04-26 21:51:04",1825
"2020-04-26 22:51:13",1825
"2020-04-26 23:51:42",1825
"2020-04-27 00:51:38",1825
"2020-04-27 01:51:38",1825
"2020-04-27 02:51:23",1825
"2020-04-27 03:51:28",1825
"2020-04-27 04:51:30",1825
"2020-04-27 05:50:58",1825
"2020-04-27 06:50:53",1825
"2020-04-27 07:50:40",1825
"2020-04-27 08:50:55",1825
"2020-04-27 09:50:56",1825
"2020-04-27 10:50:57",1825
"2020-04-27 11:50:30",1825
"2020-04-27 12:50:46",1825
"2020-04-27 13:51:41",1825
"2020-04-27 14:51:00",1832
"2020-04-27 15:50:50",1834
"2020-04-27 16:50:30",1835
"2020-04-27 17:50:51",1840
"2020-04-27 18:50:43",1844
"2020-04-27 19:50:42",1849
"2020-04-27 20:50:42",1855
"2020-04-27 21:50:57",1855
"2020-04-27 22:50:39",1855
"2020-04-27 23:51:18",1855
"2020-04-28 00:51:57",1855
"2020-04-28 01:50:56",1855
"2020-04-28 02:51:34",1855
"2020-04-28 03:51:34",1855
"2020-04-28 04:51:23",1855
"2020-04-28 05:50:47",1854
"2020-04-28 06:50:43",1854
"2020-04-28 07:51:28",1854
"2020-04-28 08:51:15",1854
"2020-04-28 09:50:53",1854
"2020-04-28 10:50:32",1854
"2020-04-28 11:50:52",1854
"2020-04-28 12:50:54",1854
"2020-04-28 13:50:47",1854
"2020-04-28 14:51:39",1853
"2020-04-28 15:51:25",1847
"2020-04-28 16:50:37",1848
"2020-04-28 17:50:44",1845
"2020-04-28 18:50:43",1844
"2020-04-28 19:50:44",1842
"2020-04-28 20:50:49",1844
"2020-04-28 21:50:55",1844
"2020-04-28 22:50:33",1844
"2020-04-28 23:51:13",1844
"2020-04-29 00:51:42",1844
"2020-04-29 01:51:42",1844
"2020-04-29 02:51:32",1844
"2020-04-29 03:50:43",1844
"2020-04-29 04:50:48",1844
"2020-04-29 05:50:35",1844
"2020-04-29 06:50:56",1844
"2020-04-29 07:50:53",1844
"2020-04-29 08:50:49",1844
"2020-04-29 09:51:17",1844
"2020-04-29 10:50:51",1844
"2020-04-29 11:50:28",1844
"2020-04-29 13:12:36",1844
"2020-04-29 13:50:54",1844
"2020-04-29 14:50:36",1838
"2020-04-29 15:50:34",1830
"2020-04-29 16:50:55",1831
"2020-04-29 17:50:57",1830
"2020-04-29 18:51:33",1834
"2020-04-29 19:51:40",1835
"2020-04-29 20:50:53",1838
"2020-04-29 21:51:23",1838
"2020-04-29 22:51:37",1838
"2020-04-29 23:51:05",1838
"2020-04-30 00:51:34",1838
"2020-04-30 01:51:44",1838
"2020-04-30 02:52:30",1838
"2020-04-30 03:52:17",1838
"2020-04-30 04:51:19",1838
"2020-04-30 05:51:08",1838
"2020-04-30 06:50:52",1838
"2020-04-30 07:50:51",1838
"2020-04-30 08:50:55",1838
"2020-04-30 09:50:45",1838
"2020-04-30 10:50:32",1838
"2020-04-30 11:51:16",1838
"2020-04-30 12:50:52",1838
"2020-04-30 13:50:43",1838
"2020-04-30 14:51:11",1852
"2020-04-30 15:50:46",1856
"2020-04-30 16:50:41",1855
"2020-04-30 17:54:41",1859
"2020-04-30 18:51:06",1856
"2020-04-30 20:50:48",1863
"2020-04-30 21:50:53",1862
"2020-04-30 22:51:01",1862
"2020-04-30 23:50:50",1862
"2020-05-01 00:51:43",1862
"2020-05-01 01:51:32",1862
"2020-05-01 02:50:49",1862
"2020-05-01 03:50:37",1862
"2020-05-01 04:50:57",1862
"2020-05-01 05:51:03",1862
"2020-05-01 06:50:55",1862
"2020-05-01 07:50:56",1862
"2020-05-01 08:50:47",1862
"2020-05-01 09:50:51",1862
"2020-05-01 10:50:43",1862
"2020-05-01 11:50:42",1862
"2020-05-01 13:13:40",1862
"2020-05-01 13:51:47",1862
"2020-05-01 14:50:39",1865
"2020-05-01 15:50:37",1863
"2020-05-01 16:50:39",1865
"2020-05-01 17:50:39",1868
"2020-05-01 18:50:38",1867
"2020-05-01 19:50:58",1865
"2020-05-01 20:50:56",1866
"2020-05-01 21:51:16",1866
"2020-05-01 22:50:42",1865
"2020-05-01 23:50:41",1865
"2020-05-02 00:50:42",1865
"2020-05-02 01:51:07",1865
"2020-05-02 02:50:55",1865
"2020-05-02 03:51:19",1865
"2020-05-02 04:50:50",1865
"2020-05-02 05:51:11",1864
"2020-05-02 06:50:51",1864
"2020-05-02 07:50:58",1864
"2020-05-02 08:50:55",1864
"2020-05-02 09:50:49",1864
"2020-05-02 10:50:37",1864
"2020-05-02 11:50:53",1864
"2020-05-02 12:50:35",1864
"2020-05-02 13:50:54",1864
"2020-05-02 14:50:51",1864
"2020-05-02 15:51:03",1864
"2020-05-02 16:50:50",1864
"2020-05-02 17:50:47",1864
"2020-05-02 18:50:59",1864
"2020-05-02 19:50:53",1864
"2020-05-02 20:51:16",1864
"2020-05-02 21:50:54",1864
"2020-05-02 22:50:33",1864
"2020-05-02 23:51:25",1864
"2020-05-03 00:50:52",1864
"2020-05-03 01:51:29",1864
"2020-05-03 02:51:22",1864
"2020-05-03 03:51:22",1864
"2020-05-03 04:51:03",1864
"2020-05-03 05:50:43",1864
"2020-05-03 06:50:45",1864
"2020-05-03 07:50:56",1864
"2020-05-03 08:50:50",1864
"2020-05-03 09:51:46",1864
"2020-05-03 10:50:53",1864
"2020-05-03 11:50:51",1864
"2020-05-03 12:50:47",1864
"2020-05-03 13:50:52",1864
"2020-05-03 14:51:00",1864
"2020-05-03 15:50:54",1864
"2020-05-03 16:51:29",1864
"2020-05-03 17:51:40",1864
"2020-05-03 18:50:39",1864
"2020-05-03 19:52:12",1864
"2020-05-03 20:51:32",1864
"2020-05-03 21:51:20",1864
"2020-05-03 22:51:31",1864
"2020-05-03 23:51:35",1864
"2020-05-04 00:51:28",1864
"2020-05-04 01:51:28",1864
"2020-05-04 02:51:31",1864
"2020-05-04 03:51:32",1864
"2020-05-04 04:50:48",1864
"2020-05-04 05:50:49",1864
"2020-05-04 06:51:02",1864
"2020-05-04 09:36:55",1864
"2020-05-04 10:53:45",1864
"2020-05-04 11:01:28",1864
"2020-05-04 11:09:04",1864
"2020-05-04 11:51:06",1864
"2020-05-04 13:12:47",1864
"2020-05-04 13:50:47",1864
"2020-05-04 14:51:00",1864
"2020-05-04 15:50:49",1861
"2020-05-04 16:50:53",1853
"2020-05-04 17:50:48",1851
"2020-05-04 18:51:42",1850
"2020-05-04 19:51:31",1850
"2020-05-04 20:51:19",1850
"2020-05-04 21:51:28",1850
"2020-05-04 22:50:39",1850
"2020-05-04 23:50:43",1850
"2020-05-05 00:50:38",1850
"2020-05-05 01:51:17",1850
"2020-05-05 02:50:35",1850
"2020-05-05 03:51:40",1850
"2020-05-05 04:50:52",1850
"2020-05-05 05:50:50",1850
"2020-05-05 06:50:53",1850
"2020-05-05 07:51:05",1849
"2020-05-05 08:51:21",1849
"2020-05-05 09:50:35",1849
"2020-05-05 10:50:35",1849
"2020-05-05 11:51:15",1849
"2020-05-05 12:51:02",1849
"2020-05-05 13:50:52",1849
"2020-05-05 14:50:50",1845
"2020-05-05 15:50:47",1844
"2020-05-05 16:51:00",1846
"2020-05-05 17:50:45",1845
"2020-05-05 18:50:37",1841
"2020-05-05 19:51:38",1841
"2020-05-05 20:51:00",1838
"2020-05-05 21:50:32",1838
"2020-05-05 22:50:35",1838
"2020-05-05 23:51:31",1838
"2020-05-06 00:50:57",1838
"2020-05-06 01:50:57",1838
"2020-05-06 02:50:47",1838
"2020-05-06 03:50:34",1838
"2020-05-06 04:50:57",1838
"2020-05-06 05:50:49",1838
"2020-05-06 06:50:36",1838
"2020-05-06 17:51:31",1828
"2020-05-06 18:51:36",1826
"2020-05-06 19:50:40",1822
"2020-05-06 20:51:27",1824
"2020-05-06 21:51:27",1826
"2020-05-06 22:51:38",1827
"2020-05-06 23:51:40",1827
"2020-05-07 00:50:53",1827
"2020-05-07 01:51:10",1827
"2020-05-07 02:50:32",1827
"2020-05-07 03:50:55",1827
"2020-05-07 04:51:00",1827
"2020-05-07 05:50:40",1827
"2020-05-07 06:50:51",1827
"2020-05-07 08:50:58",1827
"2020-05-07 09:50:46",1827
"2020-05-07 10:51:19",1827
"2020-05-07 11:50:57",1827
"2020-05-07 12:51:01",1827
"2020-05-07 13:51:06",1826
"2020-05-07 14:51:21",1838
"2020-05-07 15:50:47",1835
"2020-05-07 16:50:59",1833
"2020-05-07 17:50:46",1834
"2020-05-07 18:50:35",1834
"2020-05-07 19:51:44",1834
"2020-05-07 20:50:38",1836
"2020-05-07 21:50:32",1836
"2020-05-07 22:50:32",1837
"2020-05-07 23:50:55",1837
"2020-05-08 00:50:46",1837
"2020-05-08 01:50:33",1837
"2020-05-08 02:50:43",1837
"2020-05-08 03:50:55",1837
"2020-05-08 04:50:36",1837
"2020-05-08 05:50:36",1837
"2020-05-08 06:50:42",1837
"2020-05-08 07:50:49",1837
"2020-05-08 08:51:05",1837
"2020-05-08 09:50:48",1837
"2020-05-08 10:50:45",1837
"2020-05-08 11:50:54",1837
"2020-05-08 13:12:40",1837
"2020-05-08 13:51:07",1837
"2020-05-08 14:50:52",1836
"2020-05-08 15:50:52",1830
"2020-05-08 16:51:29",1826
"2020-05-08 17:51:36",1827
"2020-05-08 18:50:56",1828
"2020-05-08 19:50:40",1825
"2020-05-08 20:50:57",1826
"2020-05-08 21:50:48",1826
"2020-05-08 22:51:01",1826
"2020-05-08 23:50:51",1826
"2020-05-09 00:50:46",1826
"2020-05-09 01:51:04",1826
"2020-05-09 02:50:52",1826
"2020-05-09 03:51:47",1826
"2020-05-09 04:50:47",1826
"2020-05-09 05:50:55",1826
"2020-05-09 06:51:12",1826
"2020-05-09 07:50:42",1826
"2020-05-09 08:51:10",1826
"2020-05-09 09:50:51",1826
"2020-05-09 10:50:51",1826
"2020-05-09 11:50:36",1826
"2020-05-09 12:50:42",1826
"2020-05-09 13:50:47",1826
"2020-05-09 14:50:39",1826
"2020-05-09 15:50:52",1826
"2020-05-09 16:50:38",1826
"2020-05-09 17:50:52",1826
"2020-05-09 18:50:54",1826
"2020-05-09 19:50:48",1826
"2020-05-09 20:50:40",1826
"2020-05-09 21:51:05",1826
"2020-05-09 22:50:54",1826
"2020-05-09 23:50:42",1826
"2020-05-10 00:51:25",1826
"2020-05-10 01:50:43",1826
"2020-05-10 02:51:37",1826
"2020-05-10 03:50:59",1826
"2020-05-10 04:51:02",1826
"2020-05-10 05:51:12",1826
"2020-05-10 06:50:51",1826
"2020-05-10 07:51:06",1826
"2020-05-10 08:50:54",1826
"2020-05-10 09:50:58",1826
"2020-05-10 10:50:56",1826
"2020-05-10 11:51:04",1826
"2020-05-10 12:50:47",1826
"2020-05-10 13:51:01",1826
"2020-05-10 14:50:38",1826
"2020-05-10 15:50:53",1826
"2020-05-10 16:50:45",1826
"2020-05-10 17:50:44",1826
"2020-05-10 18:50:59",1826
"2020-05-10 19:50:49",1826
"2020-05-10 20:51:06",1826
"2020-05-10 21:50:47",1826
"2020-05-10 22:50:54",1826
"2020-05-10 23:50:55",1826
"2020-05-11 00:50:57",1826
"2020-05-11 01:50:39",1826
"2020-05-11 02:50:54",1826
"2020-05-11 03:51:42",1826
"2020-05-11 04:50:50",1826
"2020-05-11 05:50:46",1826
"2020-05-11 06:50:54",1826
"2020-05-11 07:51:04",1826
"2020-05-11 08:51:14",1826
"2020-05-11 09:50:45",1826
"2020-05-11 10:50:48",1826
"2020-05-11 11:50:38",1826
"2020-05-11 13:11:39",1826
"2020-05-11 13:51:05",1826
"2020-05-11 14:51:00",1841
"2020-05-11 15:51:37",1839
"2020-05-11 16:50:59",1835
"2020-05-11 17:50:58",1837
"2020-05-11 18:50:57",1834
"2020-05-11 19:50:45",1832
"2020-05-11 20:50:45",1832
"2020-05-11 21:50:49",1831
"2020-05-11 22:50:33",1831
"2020-05-11 23:51:04",1831
"2020-05-12 00:50:53",1831
"2020-05-12 01:50:56",1831
"2020-05-12 02:50:46",1831
"2020-05-12 03:50:37",1831
"2020-05-12 04:50:46",1831
"2020-05-12 05:50:40",1831
"2020-05-12 06:51:00",1831
"2020-05-12 07:53:09",1831
"2020-05-12 08:50:47",1831
"2020-05-12 09:52:08",1831
"2020-05-12 10:50:59",1831
"2020-05-12 11:50:35",1831
"2020-05-12 13:17:39",1831
"2020-05-12 17:50:37",1842
"2020-05-12 18:50:38",1841
"2020-05-12 19:51:20",1844
"2020-05-12 20:51:17",1848
"2020-05-12 21:50:59",1848
"2020-05-12 22:50:38",1847
"2020-05-12 23:50:39",1847
"2020-05-13 00:51:19",1847
"2020-05-13 01:50:53",1847
"2020-05-13 02:51:31",1847
"2020-05-13 03:51:17",1847
"2020-05-13 06:50:43",1847
"2020-05-13 07:51:10",1847
"2020-05-13 08:51:13",1847
"2020-05-13 09:50:35",1847
"2020-05-13 10:50:44",1847
"2020-05-13 11:50:36",1847
"2020-05-13 12:50:37",1847
"2020-05-13 13:50:39",1847
"2020-05-13 14:50:39",1846
"2020-05-13 15:50:51",1872
"2020-05-13 16:51:17",2015
"2020-05-13 17:50:42",2029
"2020-05-13 18:51:08",2041
"2020-05-13 19:50:43",2054
"2020-05-13 20:50:38",2070
"2020-05-13 21:50:38",2073
"2020-05-13 22:50:46",2075
"2020-05-13 23:50:54",2075
"2020-05-14 00:51:27",2075
"2020-05-14 01:50:45",2075
"2020-05-14 02:50:39",2075
"2020-05-14 03:50:51",2075
"2020-05-14 04:50:40",2075
"2020-05-14 05:50:47",2075
"2020-05-14 06:51:02",2075
"2020-05-14 07:50:45",2075
"2020-05-14 08:51:03",2075
"2020-05-14 09:50:37",2075
"2020-05-14 10:50:51",2075
"2020-05-14 11:51:00",2075
"2020-05-14 12:50:49",2075
"2020-05-14 13:50:56",2078
"2020-05-14 14:50:51",2142
"2020-05-14 15:50:47",2161
"2020-05-14 16:50:32",2168
"2020-05-14 17:50:37",2177
"2020-05-14 18:51:07",2184
"2020-05-14 19:51:02",2198
"2020-05-14 20:50:38",2223
"2020-05-14 21:50:46",2231
"2020-05-14 22:51:07",2234
"2020-05-14 23:50:57",2234
"2020-05-15 00:51:10",2234
"2020-05-15 01:51:16",2234
"2020-05-15 02:51:27",2234
"2020-05-15 03:51:27",2234
"2020-05-15 04:51:28",2234
"2020-05-15 05:50:48",2234
"2020-05-15 06:51:10",2234
"2020-05-15 07:50:37",2234
"2020-05-15 08:50:54",2234
"2020-05-15 09:50:59",2234
"2020-05-15 10:50:39",2234
"2020-05-15 11:50:46",2234
"2020-05-15 12:50:42",2234
"2020-05-15 13:50:51",2228
"2020-05-15 14:50:37",2298
"2020-05-15 15:50:46",2344
"2020-05-15 16:50:34",2380
"2020-05-15 17:51:01",2392
"2020-05-15 18:50:38",2405
"2020-05-15 19:50:55",2421
"2020-05-15 20:50:47",2433
"2020-05-15 21:50:51",2433
"2020-05-15 22:50:34",2437
"2020-05-15 23:50:32",2437
"2020-05-16 00:51:16",2437
"2020-05-16 01:50:58",2437
"2020-05-16 02:51:47",2437
"2020-05-16 03:51:02",2437
"2020-05-16 04:50:45",2437
"2020-05-16 05:50:44",2437
"2020-05-16 06:51:31",2437
"2020-05-16 07:51:25",2437
"2020-05-16 08:50:45",2437
"2020-05-16 09:51:00",2437
"2020-05-16 10:50:39",2437
"2020-05-16 11:50:34",2437
"2020-05-16 12:50:53",2437
"2020-05-16 13:50:45",2437
"2020-05-16 14:50:36",2437
"2020-05-16 15:50:51",2437
"2020-05-16 16:50:43",2437
"2020-05-16 17:50:38",2437
"2020-05-16 18:50:46",2437
"2020-05-16 19:50:42",2437
"2020-05-16 20:50:51",2437
"2020-05-16 21:50:48",2437
"2020-05-16 22:50:52",2437
"2020-05-16 23:50:50",2437
"2020-05-17 00:51:14",2437
"2020-05-17 01:50:58",2437
"2020-05-18 10:13:20",2437
"2020-05-18 10:13:38",2437
"2020-05-18 10:15:26",2437
"2020-05-18 10:21:06",2437
"2020-05-18 10:29:25",2437
"2020-05-18 10:34:43",2437
"2020-05-18 10:37:38",2437
"2020-05-18 10:37:57",2437
"2020-05-18 10:38:04",2437
"2020-05-18 10:40:14",2437
"2020-05-18 10:44:31",2437
"2020-05-18 10:49:56",2437
"2020-05-18 10:50:55",2437
"2020-05-18 10:51:51",2437
"2020-05-18 10:52:21",2437
"2020-05-18 10:52:54",2437
"2020-05-18 10:53:40",2437
"2020-05-18 10:54:09",2437
"2020-05-18 10:54:39",2437
"2020-05-18 10:56:00",2437
"2020-05-18 11:02:06",2437
"2020-05-18 11:06:38",2437
"2020-05-18 11:16:17",2437
"2020-05-18 11:21:54",2437
"2020-05-18 11:25:53",2437
"2020-05-18 11:31:16",2437
"2020-05-18 11:34:57",2437
"2020-05-18 11:35:56",2437
"2020-05-18 11:40:41",2437
"2020-05-18 11:41:41",2437
"2020-05-18 11:49:19",2437
"2020-05-18 11:56:55",2437
"2020-05-18 12:04:32",2437
"2020-05-18 12:12:10",2437
"2020-05-18 13:12:09",2449
"2020-05-18 13:50:57",2449
"2020-05-18 14:50:49",2642
"2020-05-18 15:51:35",2670
"2020-05-18 16:51:55",2701
"2020-05-18 17:50:48",2740
"2020-05-18 18:51:33",2750
"2020-05-18 19:51:22",2778
"2020-05-18 20:50:55",2792
"2020-05-18 21:51:30",2797
"2020-05-18 22:51:39",2804
"2020-05-18 23:51:42",2804
"2020-05-19 01:50:41",2804
"2020-05-19 02:51:07",2804
"2020-05-19 03:51:01",2804
"2020-05-19 04:50:49",2804
"2020-05-19 05:50:58",2804
"2020-05-19 06:50:56",2804
"2020-05-19 07:50:59",2804
"2020-05-19 08:51:14",2804
"2020-05-19 09:51:51",2804
"2020-05-19 10:50:55",2804
"2020-05-19 11:51:14",2804
"2020-05-19 13:12:42",2801
"2020-05-19 13:51:00",2801
"2020-05-19 14:50:50",2802
"2020-05-19 15:50:42",2787
"2020-05-19 16:50:59",2770
"2020-05-19 17:50:45",2772
"2020-05-19 18:50:58",2764
"2020-05-19 19:50:55",2760
"2020-05-19 20:51:01",2752
"2020-05-19 21:51:03",2751
"2020-05-19 22:51:19",2755
"2020-05-19 23:50:52",2755
"2020-05-20 00:51:34",2755
"2020-05-20 01:51:45",2755
"2020-05-20 02:51:35",2755
"2020-05-20 03:51:36",2755
"2020-05-20 04:51:05",2755
"2020-05-20 05:50:53",2755
"2020-05-20 06:50:49",2755
"2020-05-20 07:51:11",2755
"2020-05-20 08:50:48",2755
"2020-05-20 09:50:58",2755
"2020-05-20 10:50:45",2755
"2020-05-20 11:50:46",2755
"2020-05-20 12:50:44",2755
"2020-05-20 13:50:57",2754
"2020-05-20 14:50:47",2737
"2020-05-20 15:51:38",2706
"2020-05-20 16:50:46",2704
"2020-05-20 17:51:34",2705
"2020-05-20 18:50:54",2705
"2020-05-20 19:50:55",2717
"2020-05-20 20:50:43",2719
"2020-05-20 21:51:00",2718
"2020-05-20 22:50:36",2718
"2020-05-20 23:50:49",2718
"2020-05-21 00:51:34",2718
"2020-05-21 01:50:40",2718
"2020-05-21 02:50:54",2718
"2020-05-21 03:50:55",2718
"2020-05-21 04:50:45",2718
"2020-05-21 05:50:51",2718
"2020-05-21 06:50:52",2718
"2020-05-21 07:51:04",2718
"2020-05-21 08:51:00",2718
"2020-05-21 09:50:42",2718
"2020-05-21 10:50:54",2718
"2020-05-21 11:50:56",2718
"2020-05-21 12:50:51",2718
"2020-05-21 13:50:57",2718
"2020-05-21 14:51:00",2727
"2020-05-21 15:50:46",2721
"2020-05-21 16:51:12",2710
"2020-05-21 17:51:02",2713
"2020-05-21 18:50:57",2707
"2020-05-21 19:50:44",2702
"2020-05-21 20:50:57",2691
"2020-05-21 21:50:59",2690
"2020-05-21 22:51:02",2689
"2020-05-21 23:51:34",2689
"2020-05-22 00:52:34",2689
"2020-05-22 01:50:57",2689
"2020-05-22 02:50:57",2689
"2020-05-22 03:51:41",2689
"2020-05-22 04:50:59",2689
"2020-05-22 05:51:06",2688
"2020-05-22 06:50:53",2688
"2020-05-22 07:50:57",2688
"2020-05-22 08:51:17",2688
"2020-05-22 09:50:59",2688
"2020-05-22 10:50:55",2688
"2020-05-22 11:50:50",2688
"2020-05-22 12:50:57",2688
"2020-05-22 13:51:06",2690
"2020-05-22 14:50:48",2692
"2020-05-22 15:50:48",2686
"2020-05-22 16:50:52",2683
"2020-05-22 17:50:52",2684
"2020-05-22 18:51:33",2689
"2020-05-22 19:50:50",2687
"2020-05-22 20:50:40",2681
"2020-05-22 21:50:42",2681
"2020-05-22 22:50:51",2681
"2020-05-22 23:50:43",2681
"2020-05-23 00:51:00",2681
"2020-05-23 01:50:46",2681
"2020-05-23 02:51:08",2681
"2020-05-23 03:50:55",2681
"2020-05-23 04:51:10",2681
"2020-05-23 05:50:54",2681
"2020-05-23 06:51:09",2681
"2020-05-23 07:51:09",2681
"2020-05-23 08:51:09",2681
"2020-05-23 09:50:59",2681
"2020-05-23 10:50:47",2681
"2020-05-23 11:51:14",2681
"2020-05-23 12:50:54",2681
"2020-05-23 13:51:03",2681
"2020-05-23 14:50:55",2681
"2020-05-23 15:50:43",2681
"2020-05-23 16:51:08",2681
"2020-05-23 17:50:57",2681
"2020-05-23 18:51:13",2681
"2020-05-23 19:50:52",2681
"2020-05-23 20:50:41",2681
"2020-05-23 21:50:43",2681
"2020-05-23 22:50:52",2681
"2020-05-23 23:50:50",2681
"2020-05-24 00:51:05",2681
"2020-05-24 01:51:06",2681
"2020-05-24 02:50:43",2681
"2020-05-24 03:50:52",2681
"2020-05-24 04:50:55",2681
"2020-05-24 05:50:43",2681
"2020-05-24 06:50:47",2681
"2020-05-24 07:50:46",2681
"2020-05-24 08:51:00",2681
"2020-05-24 09:50:42",2681
"2020-05-24 10:51:07",2681
"2020-05-24 11:50:59",2681
"2020-05-24 12:50:52",2681
"2020-05-24 13:51:05",2681
"2020-05-24 14:50:55",2681
"2020-05-24 15:50:40",2681
"2020-05-24 16:51:05",2681
"2020-05-24 17:51:00",2681
"2020-05-24 18:51:06",2681
"2020-05-24 19:50:58",2681
"2020-05-24 20:50:57",2681
"2020-05-24 21:51:22",2681
"2020-05-24 22:51:01",2681
"2020-05-24 23:50:43",2681
"2020-05-25 00:50:46",2681
"2020-05-25 01:51:20",2681
"2020-05-25 02:51:01",2681
"2020-05-25 03:51:22",2681
"2020-05-25 04:50:50",2681
"2020-05-25 06:53:05",2681
"2020-05-25 07:51:00",2681
"2020-05-25 08:51:11",2681
"2020-05-25 09:50:56",2681
"2020-05-25 10:50:53",2681
"2020-05-25 11:51:09",2681
"2020-05-25 12:50:54",2681
"2020-05-25 13:50:42",2681
"2020-05-25 14:51:07",2681
"2020-05-25 15:51:04",2681
"2020-05-25 16:50:38",2681
"2020-05-25 17:50:59",2681
"2020-05-25 18:50:54",2681
"2020-05-25 19:51:01",2681
"2020-05-25 20:50:59",2681
"2020-05-25 21:50:41",2681
"2020-05-25 22:50:38",2681
"2020-05-25 23:50:41",2681
"2020-05-26 00:50:58",2681
"2020-05-26 01:50:42",2681
"2020-05-26 02:50:39",2681
"2020-05-26 03:50:58",2681
"2020-05-26 04:51:07",2681
"2020-05-26 05:50:50",2681
"2020-05-26 06:50:57",2681
"2020-05-26 07:51:05",2681
"2020-05-26 08:51:06",2681
"2020-05-26 09:50:54",2681
"2020-05-26 10:50:51",2681
"2020-05-26 11:50:59",2681
"2020-05-26 12:50:50",2681
"2020-05-26 14:50:54",2684
"2020-05-26 15:50:49",2684
"2020-05-26 16:50:44",2678
"2020-05-26 17:50:57",2676
"2020-05-26 18:50:44",2675
"2020-05-26 19:50:44",2678
"2020-05-26 20:50:56",2671
"2020-05-26 21:51:10",2670
"2020-05-26 22:50:44",2670
"2020-05-26 23:50:46",2670
"2020-05-27 00:51:49",2670
"2020-05-27 01:50:44",2670
"2020-05-27 02:50:46",2670
"2020-05-27 03:50:52",2670
"2020-05-27 04:50:52",2670
"2020-05-27 05:50:47",2670
"2020-05-27 06:51:00",2670
"2020-05-27 07:50:56",2670
"2020-05-27 08:50:47",2670
"2020-05-27 09:50:41",2670
"2020-05-27 10:50:46",2670
"2020-05-27 11:50:37",2670
"2020-05-27 13:13:11",2670
"2020-05-27 13:51:10",2670
"2020-05-27 14:50:56",2666
"2020-05-27 15:50:41",2666
"2020-05-27 16:50:43",2656
"2020-05-27 17:50:40",2651
"2020-05-27 19:50:57",2644
"2020-05-27 20:50:51",2645
"2020-05-27 21:50:45",2646
"2020-05-27 22:50:48",2646
"2020-05-27 23:50:42",2646
"2020-05-28 00:50:57",2646
"2020-05-28 01:51:10",2646
"2020-05-28 02:50:47",2646
"2020-05-28 03:50:52",2646
"2020-05-28 04:50:49",2646
"2020-05-28 05:50:42",2646
"2020-05-28 06:50:51",2646
"2020-05-28 07:51:07",2646
"2020-05-28 08:51:00",2646
"2020-05-28 09:50:44",2646
"2020-05-28 10:51:05",2646
"2020-05-28 11:51:11",2646
"2020-05-28 13:13:46",2646
"2020-05-28 13:50:57",2646
"2020-05-28 14:51:05",2644
"2020-05-28 15:50:58",2620
"2020-05-28 16:51:20",2615
"2020-05-28 17:50:53",2608
"2020-05-28 18:50:51",2603
"2020-05-28 19:50:47",2592
"2020-05-28 20:51:14",2586
"2020-05-28 21:51:15",2587
"2020-05-28 22:50:47",2589
"2020-05-28 23:51:17",2589
"2020-05-29 00:50:56",2589
"2020-05-29 01:50:58",2589
"2020-05-29 02:51:44",2589
"2020-05-29 03:50:51",2589
"2020-05-29 04:51:00",2589
"2020-05-29 05:51:12",2589
"2020-05-29 06:51:14",2589
"2020-05-29 07:51:25",2589
"2020-05-29 08:51:10",2589
"2020-05-29 09:56:11",2589
"2020-05-29 10:51:03",2589
"2020-05-29 11:50:56",2589
"2020-05-29 12:51:38",2589
"2020-05-29 13:51:14",2588
"2020-05-29 14:50:57",2590
"2020-05-29 15:50:53",2587
"2020-05-29 16:50:41",2587
"2020-05-29 17:51:01",2581
"2020-05-29 18:51:04",2582
"2020-05-29 19:50:53",2581
"2020-05-29 20:51:15",2580
"2020-05-29 21:50:49",2579
"2020-05-29 22:50:56",2579
"2020-05-29 23:51:09",2579
"2020-05-30 00:50:46",2579
"2020-05-30 01:50:42",2579
"2020-05-30 02:50:54",2579
"2020-05-30 03:50:58",2579
"2020-05-30 04:50:53",2579
"2020-05-30 05:50:58",2579
"2020-05-30 06:51:02",2578
"2020-05-30 07:51:33",2578
"2020-05-30 09:32:23",2578
"2020-05-30 09:50:50",2578
"2020-05-30 10:51:01",2578
"2020-05-30 11:50:59",2578
"2020-05-30 12:50:56",2578
"2020-05-30 13:50:54",2578
"2020-05-30 14:50:47",2578
"2020-05-30 15:50:48",2578
"2020-05-30 16:51:16",2578
"2020-05-30 17:50:57",2578
"2020-05-30 18:50:54",2578
"2020-05-30 19:51:06",2578
"2020-05-30 20:50:51",2578
"2020-05-30 21:51:06",2578
"2020-05-30 22:50:53",2578
"2020-05-30 23:51:04",2578
"2020-05-31 00:51:05",2578
"2020-05-31 01:51:09",2578
"2020-05-31 02:51:01",2578
"2020-05-31 03:51:01",2578
"2020-05-31 04:50:52",2578
"2020-05-31 05:51:06",2578
"2020-05-31 06:51:01",2578
"2020-05-31 07:51:07",2578
"2020-05-31 09:34:17",2578
"2020-05-31 09:50:54",2578
"2020-05-31 13:17:25",2578
"2020-05-31 13:25:26",2578
"2020-05-31 13:26:53",2578
"2020-06-01 05:44:07",2578
"2020-06-01 05:44:52",2578
"2020-06-01 05:45:54",2578
"2020-06-01 05:47:43",2578
"2020-06-01 06:02:13",2578
"2020-06-01 06:08:28",2578
"2020-06-01 06:13:52",2578
"2020-06-01 06:18:04",2578
"2020-06-01 06:23:05",2578
"2020-06-01 06:23:28",2578
"2020-06-01 06:25:41",2578
"2020-06-01 06:31:55",2578
"2020-06-01 06:34:04",2578
"2020-06-01 06:34:34",2578
"2020-06-01 06:35:53",2578
"2020-06-01 06:42:45",2578
"2020-06-01 06:50:21",2578
"2020-06-01 06:57:57",2578
"2020-06-01 07:50:56",2578
"2020-06-01 08:51:15",2578
"2020-06-01 09:51:17",2578
"2020-06-01 10:50:48",2578
"2020-06-01 11:50:53",2578
"2020-06-01 13:11:46",2578
"2020-06-01 13:52:02",2578
"2020-06-01 14:51:01",2564
"2020-06-01 15:50:55",2560
"2020-06-01 16:51:47",2563
"2020-06-01 17:51:39",2563
"2020-06-01 18:51:37",2560
"2020-06-01 19:51:05",2558
"2020-06-01 20:51:00",2556
"2020-06-01 21:50:53",2557
"2020-06-01 22:50:46",2559
"2020-06-01 23:50:59",2559
"2020-06-02 00:51:01",2559
"2020-06-02 01:50:45",2559
"2020-06-02 02:50:46",2559
"2020-06-02 03:50:56",2559
"2020-06-02 04:50:53",2559
"2020-06-02 05:50:57",2559
"2020-06-02 06:51:11",2559
"2020-06-02 07:51:01",2559
"2020-06-02 08:51:13",2559
"2020-06-02 09:50:51",2559
"2020-06-02 10:51:09",2559
"2020-06-02 11:50:57",2559
"2020-06-02 12:51:11",2559
"2020-06-02 13:51:14",2559
"2020-06-02 14:51:51",2559
"2020-06-02 15:51:43",2550
"2020-06-02 16:50:54",2549
"2020-06-02 17:51:41",2554
"2020-06-02 18:50:48",2555
"2020-06-02 19:51:19",2561
"2020-06-02 20:51:47",2561
"2020-06-02 21:50:42",2559
"2020-06-02 22:51:02",2560
"2020-06-02 23:50:44",2560
"2020-06-03 00:51:17",2560
"2020-06-03 01:51:47",2560
"2020-06-03 02:50:42",2560
"2020-06-03 03:51:31",2560
"2020-06-03 04:51:25",2559
"2020-06-03 05:50:43",2559
"2020-06-03 06:50:54",2559
"2020-06-03 07:51:39",2559
"2020-06-03 09:26:37",2559
"2020-06-03 09:50:58",2559
"2020-06-03 10:50:55",2559
"2020-06-03 11:51:00",2559
"2020-06-03 13:15:20",2559
"2020-06-03 13:51:02",2559
"2020-06-03 14:50:48",2548
"2020-06-03 15:51:48",2542
"2020-06-03 16:51:37",2536
"2020-06-03 17:51:36",2536
"2020-06-03 18:51:58",2535
"2020-06-03 19:51:23",2533
"2020-06-03 20:50:56",2533
"2020-06-03 21:50:53",2530
"2020-06-03 22:50:54",2529
"2020-06-03 23:50:42",2529
"2020-06-04 00:51:38",2529
"2020-06-04 01:51:13",2529
"2020-06-04 02:50:56",2529
"2020-06-04 03:51:04",2529
"2020-06-04 04:51:02",2529
"2020-06-04 05:50:55",2529
"2020-06-04 06:50:57",2529
"2020-06-04 07:51:12",2529
"2020-06-04 08:51:24",2529
"2020-06-04 09:51:06",2529
"2020-06-04 10:50:51",2529
"2020-06-04 11:51:16",2529
"2020-06-04 12:50:52",2529
"2020-06-04 13:51:52",2530
"2020-06-04 14:52:14",2560
"2020-06-04 15:51:50",2566
"2020-06-04 17:13:53",2578
"2020-06-04 17:51:12",2578
"2020-06-04 18:51:39",2574
"2020-06-04 19:51:01",2572
"2020-06-04 20:51:47",2573
"2020-06-04 21:51:41",2576
"2020-06-04 22:50:55",2578
"2020-06-04 23:51:01",2578
"2020-06-05 00:51:10",2578
"2020-06-05 01:50:52",2578
"2020-06-05 02:50:53",2578
"2020-06-05 03:50:58",2578
"2020-06-05 04:51:06",2578
"2020-06-05 05:51:07",2578
"2020-06-05 06:51:02",2578
"2020-06-05 07:51:03",2578
"2020-06-05 09:30:25",2578
"2020-06-05 09:50:48",2578
"2020-06-05 10:50:50",2578
"2020-06-05 11:50:55",2578
"2020-06-05 13:16:21",2578
"2020-06-05 13:51:56",2578
"2020-06-05 14:50:59",2571
"2020-06-05 15:51:04",2564
"2020-06-05 16:51:54",2599
"2020-06-05 17:51:05",2613
"2020-06-05 18:51:09",2613
"2020-06-05 19:51:06",2620
"2020-06-05 20:51:50",2617
"2020-06-05 21:51:04",2617
"2020-06-05 22:51:01",2615
"2020-06-05 23:51:07",2615
"2020-06-06 00:51:11",2615
"2020-06-06 01:50:49",2615
"2020-06-06 02:50:57",2615
"2020-06-06 03:51:10",2615
"2020-06-06 04:51:11",2615
"2020-06-06 05:51:14",2615
"2020-06-06 06:51:04",2615
"2020-06-06 07:52:04",2615
"2020-06-06 08:51:11",2615
"2020-06-06 09:59:34",2615
"2020-06-06 10:50:52",2615
"2020-06-06 11:51:01",2615
"2020-06-06 12:51:07",2615
"2020-06-06 13:50:52",2615
"2020-06-06 14:51:54",2615
"2020-06-06 15:50:59",2615
"2020-06-06 16:51:38",2615
"2020-06-06 18:51:01",2615
"2020-06-06 19:50:47",2615
"2020-06-06 20:50:58",2615
"2020-06-06 21:50:58",2615
"2020-06-06 22:50:57",2615
"2020-06-06 23:51:13",2615
"2020-06-07 00:51:22",2615
"2020-06-07 01:50:58",2615
"2020-06-07 02:50:59",2615
"2020-06-07 03:51:00",2615
"2020-06-07 04:51:03",2615
"2020-06-07 05:51:02",2615
"2020-06-07 06:50:58",2615
"2020-06-07 07:51:12",2615
"2020-06-07 08:51:11",2615
"2020-06-08 04:50:50",2615
"2020-06-08 05:50:43",2615
"2020-06-08 06:51:18",2615
"2020-06-08 07:50:38",2615
"2020-06-08 08:51:01",2615
"2020-06-08 09:50:53",2615
"2020-06-08 10:50:50",2615
"2020-06-08 11:50:57",2615
"2020-06-08 12:51:51",2615
"2020-06-08 13:51:03",2613
"2020-06-08 14:52:05",2720
"2020-06-08 15:50:57",2775
"2020-06-08 17:51:23",2832
"2020-06-08 18:51:58",2847
"2020-06-08 19:51:55",2849
"2020-06-08 20:51:34",2863
"2020-06-08 21:51:16",2876
"2020-06-08 22:51:14",2882
"2020-06-08 23:51:06",2882
"2020-06-09 00:51:12",2882
"2020-06-09 01:51:29",2882
"2020-06-09 02:51:31",2882
"2020-06-09 03:50:56",2882
"2020-06-09 04:51:52",2882
"2020-06-09 05:51:58",2882
"2020-06-09 06:52:13",2882
"2020-06-09 07:51:28",2882
"2020-06-09 08:52:20",2882
"2020-06-09 09:51:41",2882
"2020-06-09 10:51:31",2882
"2020-06-09 11:51:24",2882
"2020-06-09 12:51:57",2882
"2020-06-09 13:51:59",2888
"2020-06-09 14:51:34",2897
"2020-06-09 15:51:55",2921
"2020-06-09 16:52:00",2915
"2020-06-09 17:51:13",2919
"2020-06-09 18:52:27",2915
"2020-06-09 19:52:31",2918
"2020-06-09 20:52:31",2918
"2020-06-09 21:51:44",2915
"2020-06-09 22:51:55",2915
"2020-06-09 23:51:58",2915
"2020-06-10 00:52:09",2915
"2020-06-10 01:51:41",2915
"2020-06-10 02:51:53",2915
"2020-06-10 03:52:01",2915
"2020-06-10 04:51:40",2915
"2020-06-10 05:51:54",2915
"2020-06-10 06:51:29",2915
"2020-06-10 07:50:54",2915
"2020-06-10 08:51:13",2915
"2020-06-10 09:50:53",2915
"2020-06-10 10:50:58",2915
"2020-06-10 11:51:09",2915
"2020-06-10 12:51:30",2915
"2020-06-10 13:52:06",2915
"2020-06-10 15:51:24",2895
"2020-06-10 16:51:25",2885
"2020-06-10 17:51:31",2878
"2020-06-10 18:51:32",2875
"2020-06-10 19:51:25",2878
"2020-06-10 20:51:08",2874
"2020-06-10 21:51:45",2875
"2020-06-10 22:51:00",2875
"2020-06-10 23:51:45",2875
"2020-06-11 00:53:07",2875
"2020-06-11 01:51:01",2875
"2020-06-11 02:52:19",2875
"2020-06-11 03:52:20",2875
"2020-06-11 04:51:31",2875
"2020-06-11 05:52:14",2875
"2020-06-11 06:51:44",2875
"2020-06-11 07:52:00",2875
"2020-06-11 08:51:17",2875
"2020-06-11 09:51:22",2875
"2020-06-11 10:51:19",2875
"2020-06-11 11:51:05",2875
"2020-06-11 12:51:29",2875
"2020-06-11 13:52:12",2876
"2020-06-11 14:51:25",2875
"2020-06-11 15:51:57",2870
"2020-06-11 16:52:37",2870
"2020-06-11 17:51:42",2873
"2020-06-11 18:52:11",2877
"2020-06-11 19:51:40",2880
"2020-06-11 20:51:07",2875
"2020-06-11 21:50:56",2873
"2020-06-11 22:50:51",2875
"2020-06-11 23:50:46",2875
"2020-06-12 00:51:07",2875
"2020-06-12 01:51:09",2875
"2020-06-12 02:51:08",2875
"2020-06-12 03:51:06",2875
"2020-06-12 04:51:04",2875
"2020-06-12 05:50:55",2875
"2020-06-12 06:51:18",2875
"2020-06-12 07:51:10",2875
"2020-06-12 08:50:58",2875
"2020-06-12 09:51:18",2875
"2020-06-12 10:51:20",2875
"2020-06-12 11:51:09",2875
"2020-06-12 14:15:55",2885
"2020-06-12 14:23:52",2885
"2020-06-12 14:51:48",2885
"2020-06-12 15:51:06",2893
"2020-06-12 16:51:19",2897
"2020-06-12 17:51:29",2906
"2020-06-12 18:51:16",2911
"2020-06-12 19:51:43",2926
"2020-06-12 20:51:40",2933
"2020-06-12 21:51:25",2934
"2020-06-12 22:50:53",2936
"2020-06-12 23:50:57",2936
"2020-06-13 00:50:50",2936
"2020-06-13 01:50:56",2936
"2020-06-13 02:50:58",2936
"2020-06-13 03:50:56",2936
"2020-06-13 04:51:00",2936
"2020-06-13 05:50:50",2936
"2020-06-13 06:51:02",2936
"2020-06-13 07:51:03",2936
"2020-06-13 08:50:51",2936
"2020-06-13 09:50:56",2936
"2020-06-13 10:50:54",2936
"2020-06-13 11:50:51",2936
"2020-06-13 12:50:49",2936
"2020-06-13 13:50:45",2936
"2020-06-13 14:50:58",2936
"2020-06-13 15:50:53",2936
"2020-06-13 16:51:17",2936
"2020-06-13 17:50:56",2936
"2020-06-13 18:51:00",2936
"2020-06-13 19:50:48",2936
"2020-06-13 20:50:56",2936
"2020-06-13 21:51:10",2936
"2020-06-13 22:51:05",2936
"2020-06-13 23:51:07",2936
"2020-06-14 00:51:02",2936
"2020-06-14 01:50:49",2936
"2020-06-14 02:51:04",2936
"2020-06-14 03:51:15",2936
"2020-06-14 04:50:41",2936
"2020-06-14 05:51:21",2936
"2020-06-14 06:51:00",2936
"2020-06-14 07:50:59",2936
"2020-06-14 08:50:52",2936
"2020-06-14 09:50:56",2936
"2020-06-14 10:51:00",2936
"2020-06-14 11:50:46",2936
"2020-06-14 12:50:55",2936
"2020-06-14 13:50:57",2936
"2020-06-14 14:51:24",2936
"2020-06-14 15:51:22",2936
"2020-06-14 16:50:52",2936
"2020-06-14 17:50:59",2936
"2020-06-14 18:51:11",2936
"2020-06-14 19:51:02",2936
"2020-06-14 20:51:03",2936
"2020-06-14 21:51:13",2936
"2020-06-14 22:50:55",2936
"2020-06-14 23:51:02",2936
"2020-06-15 00:51:31",2936
"2020-06-15 01:51:14",2936
"2020-06-15 02:51:04",2936
"2020-06-15 03:51:03",2936
"2020-06-15 04:51:24",2936
"2020-06-15 05:51:43",2936
"2020-06-15 06:51:00",2936
"2020-06-15 07:50:57",2936
"2020-06-15 08:51:58",2936
"2020-06-15 09:51:05",2936
"2020-06-15 10:50:49",2936
"2020-06-15 11:50:54",2936
"2020-06-15 12:51:07",2936
"2020-06-15 13:52:15",2936
"2020-06-15 14:52:00",2975
"2020-06-15 15:51:16",2974
"2020-06-15 16:51:42",2978
"2020-06-15 17:51:19",2983
"2020-06-15 18:46:49",2985
"2020-06-15 18:54:27",2985
"2020-06-15 19:02:09",2990
"2020-06-15 19:09:50",2990
"2020-06-15 19:17:41",2990
"2020-06-15 19:25:24",2990
"2020-06-15 19:33:05",2990
"2020-06-15 19:40:44",2990
"2020-06-15 19:48:23",2990
"2020-06-15 19:56:07",2990
"2020-06-15 20:03:54",2997
"2020-06-15 20:16:36",2997
"2020-06-15 20:24:13",2997
"2020-06-15 20:31:53",2997
"2020-06-15 20:39:30",2997
"2020-06-15 20:47:08",2997
"2020-06-15 20:54:47",2997
"2020-06-15 21:02:29",2996
"2020-06-15 21:10:12",2996
"2020-06-15 21:17:50",2996
"2020-06-15 21:25:27",2996
"2020-06-15 21:33:04",2996
"2020-06-15 21:40:42",2996
"2020-06-15 21:48:19",2996
"2020-06-15 21:56:00",2996
"2020-06-15 22:51:04",2998
"2020-06-15 23:50:51",2998
"2020-06-16 00:50:59",2998
"2020-06-16 01:50:51",2998
"2020-06-16 02:51:53",2998
"2020-06-16 03:50:58",2998
"2020-06-16 04:50:50",2998
"2020-06-16 05:50:57",2998
"2020-06-16 06:52:00",2998
"2020-06-16 07:51:45",2998
"2020-06-16 08:50:52",2998
"2020-06-16 09:50:50",2998
"2020-06-16 10:50:59",2998
"2020-06-16 11:50:50",2998
"2020-06-16 12:51:07",2998
"2020-06-16 13:51:06",2995
"2020-06-16 14:51:37",3001
"2020-06-16 15:51:10",3029
"2020-06-16 16:51:07",3028
"2020-06-16 17:52:01",3036
"2020-06-16 18:51:06",3030
"2020-06-16 19:51:10",3030
"2020-06-16 20:51:12",3029
"2020-06-16 21:50:57",3030
"2020-06-16 22:50:44",3030
"2020-06-16 23:50:46",3030
"2020-06-17 00:50:59",3030
"2020-06-17 01:51:33",3030
"2020-06-17 02:51:09",3030
"2020-06-17 03:51:45",3030
"2020-06-17 04:51:07",3030
"2020-06-17 05:51:00",3030
"2020-06-17 06:51:30",3030
"2020-06-17 07:50:57",3030
"2020-06-17 08:50:57",3030
"2020-06-17 09:50:45",3030
"2020-06-17 10:50:45",3030
"2020-06-17 11:51:01",3030
"2020-06-17 12:51:05",3030
"2020-06-17 13:51:19",3033
"2020-06-17 14:51:02",3027
"2020-06-17 15:51:02",3023
"2020-06-17 16:51:14",3027
"2020-06-17 17:51:12",3022
"2020-06-17 18:51:32",3020
"2020-06-17 19:51:46",3022
"2020-06-17 20:51:49",3024
"2020-06-17 21:51:24",3024
"2020-06-17 22:50:59",3024
"2020-06-17 23:51:05",3021
"2020-06-18 00:50:48",3021
"2020-06-18 01:51:02",3021
"2020-06-18 02:50:44",3021
"2020-06-18 03:51:19",3021
"2020-06-18 04:50:59",3021
"2020-06-18 05:50:44",3021
"2020-06-18 06:51:00",3021
"2020-06-18 07:51:22",3021
"2020-06-18 08:51:03",3021
"2020-06-18 09:50:53",3021
"2020-06-18 10:50:47",3021
"2020-06-18 11:51:23",3021
"2020-06-18 12:51:06",3021
"2020-06-18 13:51:35",3020
"2020-06-18 14:51:34",3014
"2020-06-18 17:12:51",3014
"2020-06-18 17:51:01",3014
"2020-06-18 18:51:25",3014
"2020-06-18 19:51:24",3014
"2020-06-18 20:51:11",3003
"2020-06-18 21:51:27",3004
"2020-06-18 22:50:58",3005
"2020-06-18 23:51:07",3005
"2020-06-19 00:51:41",3005
"2020-06-19 01:51:01",3005
"2020-06-19 02:50:54",3005
"2020-06-19 03:51:45",3005
"2020-06-19 04:53:30",3005
"2020-06-19 05:50:57",3005
"2020-06-19 06:50:53",3005
"2020-06-19 07:51:34",3005
"2020-06-19 08:51:56",3005
"2020-06-19 09:51:35",3005
"2020-06-19 10:50:58",3005
"2020-06-19 11:51:08",3005
"2020-06-19 13:13:49",3003
"2020-06-19 13:52:01",3003
"2020-06-19 14:51:08",2988
"2020-06-19 15:51:17",2988
"2020-06-19 16:50:56",2978
"2020-06-19 17:51:42",2977
"2020-06-19 18:50:59",2978
"2020-06-19 19:51:09",2978
"2020-06-19 20:51:04",2981
"2020-06-19 21:51:05",2981
"2020-06-19 22:51:07",2979
"2020-06-19 23:51:32",2979
"2020-06-20 00:51:05",2979
"2020-06-20 01:51:21",2979
"2020-06-20 02:51:09",2979
"2020-06-20 03:50:57",2979
"2020-06-20 04:50:41",2979
"2020-06-20 05:50:57",2979
"2020-06-20 06:50:51",2979
"2020-06-20 07:51:00",2979
"2020-06-20 08:50:57",2979
"2020-06-20 09:50:57",2979
"2020-06-20 10:50:55",2979
"2020-06-20 11:51:01",2979
"2020-06-20 12:50:58",2979
"2020-06-20 13:51:02",2979
"2020-06-20 14:51:00",2979
"2020-06-20 15:50:45",2979
"2020-06-20 16:51:38",2979
"2020-06-20 17:50:53",2979
"2020-06-20 18:50:53",2979
"2020-06-20 19:51:21",2979
"2020-06-20 20:50:57",2979
"2020-06-20 21:51:01",2979
"2020-06-20 22:51:10",2979
"2020-06-20 23:51:11",2979
"2020-06-21 00:51:08",2979
"2020-06-21 01:50:56",2979
"2020-06-21 02:51:02",2979
"2020-06-21 03:51:45",2979
"2020-06-21 04:50:56",2979
"2020-06-21 05:51:47",2979
"2020-06-21 06:51:00",2979
"2020-06-21 07:50:58",2979
"2020-06-21 08:50:49",2979
"2020-06-21 09:50:46",2979
"2020-06-21 10:50:41",2979
"2020-06-21 11:50:58",2979
"2020-06-21 12:51:11",2979
"2020-06-21 13:51:11",2979
"2020-06-21 14:51:55",2979
"2020-06-21 15:50:58",2979
"2020-06-21 16:50:46",2979
"2020-06-21 17:50:50",2979
"2020-06-21 18:51:02",2979
"2020-06-21 19:51:05",2979
"2020-06-21 20:51:04",2979
"2020-06-21 21:51:06",2979
"2020-06-21 22:51:41",2979
"2020-06-21 23:51:12",2979
"2020-06-22 00:50:50",2979
"2020-06-22 01:51:47",2979
"2020-06-22 02:51:08",2979
"2020-06-22 03:50:57",2979
"2020-06-22 04:51:08",2979
"2020-06-22 05:51:39",2979
"2020-06-22 06:51:03",2979
"2020-06-22 07:50:48",2979
"2020-06-22 08:51:08",2979
"2020-06-22 09:51:05",2979
"2020-06-22 10:51:31",2979
"2020-06-22 11:50:53",2979
"2020-06-22 12:51:06",2979
"2020-06-22 13:51:10",2981
"2020-06-22 14:51:13",2998
"2020-06-22 15:51:41",2990
"2020-06-22 16:51:10",2983
"2020-06-22 17:52:41",2982
"2020-06-22 18:51:04",2986
"2020-06-22 20:50:54",2987
"2020-06-22 21:52:11",2987
"2020-06-22 22:50:49",2987
"2020-06-22 23:50:58",2987
"2020-06-23 00:50:51",2987
"2020-06-23 01:51:00",2987
"2020-06-23 02:51:14",2987
"2020-06-23 03:51:15",2987
"2020-06-23 04:51:29",2987
"2020-06-23 05:51:21",2987
"2020-06-23 06:50:51",2987
"2020-06-23 07:51:13",2987
"2020-06-23 08:52:17",2987
"2020-06-23 09:50:53",2987
"2020-06-23 10:51:13",2987
"2020-06-23 11:51:07",2987
"2020-06-23 12:51:12",2987
"2020-06-23 13:51:28",2986
"2020-06-23 14:51:14",2989
"2020-06-23 15:51:25",2991
"2020-06-23 16:51:07",2991
"2020-06-23 17:51:18",2984
"2020-06-23 18:51:41",2983
"2020-06-23 19:50:51",2980
"2020-06-23 20:51:08",2981
"2020-06-23 21:50:56",2981
"2020-06-23 22:51:37",2982
"2020-06-23 23:51:47",2982
"2020-06-24 00:51:44",2982
"2020-06-24 01:51:38",2982
"2020-06-24 02:52:03",2982
"2020-06-24 03:50:59",2982
"2020-06-24 04:51:35",2982
"2020-06-24 05:51:51",2982
"2020-06-24 06:51:13",2982
"2020-06-24 07:50:58",2982
"2020-06-24 08:51:39",2982
"2020-06-24 09:51:11",2982
"2020-06-24 10:51:15",2982
"2020-06-24 11:50:53",2982
"2020-06-24 12:51:04",2982
"2020-06-24 13:51:10",2982
"2020-06-24 14:50:59",2982
"2020-06-24 15:50:56",2972
"2020-06-24 16:51:24",2970
"2020-06-24 17:51:39",2967
"2020-06-24 18:51:36",2969
"2020-06-24 19:51:43",2973
"2020-06-24 20:51:03",2979
"2020-06-24 21:51:23",2981
"2020-06-24 22:51:21",2982
"2020-06-24 23:51:04",2982
"2020-06-25 00:51:35",2982
"2020-06-25 01:51:05",2982
"2020-06-25 02:50:50",2982
"2020-06-25 03:50:56",2982
"2020-06-25 04:51:04",2982
"2020-06-25 05:51:04",2982
"2020-06-25 06:51:14",2982
"2020-06-25 07:51:15",2982
"2020-06-25 08:51:19",2982
"2020-06-25 09:51:44",2982
"2020-06-25 10:51:00",2982
"2020-06-25 11:52:01",2982
"2020-06-25 13:12:54",2983
"2020-06-25 13:51:38",2983
"2020-06-25 14:52:18",2986
"2020-06-25 15:51:57",2983
"2020-06-25 16:51:48",2981
"2020-06-25 17:51:57",2979
"2020-06-25 18:51:23",2978
"2020-06-25 19:51:16",3001
"2020-06-25 20:51:02",2998
"2020-06-25 21:51:44",2999
"2020-06-25 22:51:44",2997
"2020-06-25 23:50:54",2997
"2020-06-26 00:51:56",2997
"2020-06-26 01:51:15",2997
"2020-06-26 02:51:20",2997
"2020-06-26 03:51:39",2997
"2020-06-26 04:50:56",2997
"2020-06-26 05:51:11",2997
"2020-06-26 06:51:16",2997
"2020-06-26 07:51:37",2997
"2020-06-26 08:51:26",2997
"2020-06-26 09:51:11",2997
"2020-06-26 10:50:58",2997
"2020-06-26 11:51:04",2997
"2020-06-26 12:51:18",2997
"2020-06-26 13:52:22",2997
"2020-06-26 14:51:24",2996
"2020-06-26 15:51:05",2988
"2020-06-26 16:51:18",2987
"2020-06-26 17:51:04",2984
"2020-06-26 18:51:17",2985
"2020-06-26 19:51:23",2988
"2020-06-26 20:51:00",2993
"2020-06-26 21:51:07",2992
"2020-06-26 22:51:38",2992
"2020-06-26 23:50:56",2992
"2020-06-27 00:52:17",2992
"2020-06-27 01:51:39",2992
"2020-06-27 02:51:37",2992
"2020-06-27 03:51:36",2992
"2020-06-27 04:51:48",2992
"2020-06-27 05:50:50",2992
"2020-06-27 06:51:06",2992
"2020-06-27 07:51:08",2992
"2020-06-27 08:51:00",2992
"2020-06-27 09:50:59",2992
"2020-06-27 10:51:06",2992
"2020-06-27 11:50:49",2992
"2020-06-27 12:51:21",2992
"2020-06-27 13:51:09",2992
"2020-06-27 14:50:46",2992
"2020-06-27 15:51:44",2992
"2020-06-27 16:51:08",2992
"2020-06-27 17:51:07",2992
"2020-06-27 18:51:00",2992
"2020-06-27 19:51:04",2992
"2020-06-27 20:50:52",2992
"2020-06-27 21:50:57",2992
"2020-06-27 22:51:05",2992
"2020-06-27 23:50:53",2992
"2020-06-28 00:51:18",2992
"2020-06-28 01:50:51",2992
"2020-06-28 02:51:12",2992
"2020-06-28 03:50:52",2992
"2020-06-28 04:50:51",2992
"2020-06-28 05:51:02",2992
"2020-06-28 06:51:01",2992
"2020-06-28 07:51:25",2992
"2020-06-28 08:51:17",2992
"2020-06-28 09:50:58",2992
"2020-06-28 10:50:59",2992
"2020-06-28 11:50:52",2992
"2020-06-28 12:51:05",2992
"2020-06-28 13:51:06",2992
"2020-06-28 14:50:52",2992
"2020-06-28 15:51:11",2992
"2020-06-28 16:51:02",2992
"2020-06-28 17:51:01",2992
"2020-06-28 18:51:13",2992
"2020-06-28 19:51:10",2992
"2020-06-28 20:50:51",2992
"2020-06-28 21:51:13",2992
"2020-06-28 22:51:23",2992
"2020-06-28 23:51:17",2992
"2020-06-29 00:51:29",2992
"2020-06-29 01:50:51",2992
"2020-06-29 02:51:11",2992
"2020-06-29 03:51:03",2992
"2020-06-29 04:51:12",2992
"2020-06-29 05:50:57",2992
"2020-06-29 06:51:20",2992
"2020-06-29 07:51:24",2992
"2020-06-29 08:51:07",2992
"2020-06-29 09:51:10",2992
"2020-06-29 10:51:02",2992
"2020-06-29 11:50:58",2992
"2020-06-29 12:51:18",2992
"2020-06-29 13:51:33",2994
"2020-06-29 14:51:48",2986
"2020-06-29 15:51:20",2981
"2020-06-29 16:51:09",2983
"2020-06-29 17:51:08",2982
"2020-06-29 18:51:05",2981
"2020-06-29 19:51:19",3017
"2020-06-29 20:51:16",3020
"2020-06-29 21:51:15",3023
"2020-06-29 22:51:03",3025
"2020-06-29 23:51:17",3025
"2020-06-30 00:51:39",3025
"2020-06-30 01:51:12",3025
"2020-06-30 02:52:03",3025
"2020-06-30 03:51:02",3025
"2020-06-30 04:51:48",3025
"2020-06-30 05:51:13",3025
"2020-06-30 06:51:32",3025
"2020-06-30 07:51:05",3025
"2020-06-30 08:51:06",3025
"2020-06-30 09:51:16",3025
"2020-06-30 10:53:09",3025
"2020-06-30 11:51:05",3025
"2020-06-30 12:51:04",3025
"2020-06-30 13:52:33",3025
"2020-06-30 14:51:25",3013
"2020-06-30 15:51:41",3018
"2020-06-30 16:52:13",3012
"2020-06-30 17:51:13",3008
"2020-06-30 18:51:43",3013
"2020-06-30 19:51:08",3010
"2020-06-30 20:51:32",3007
"2020-06-30 21:51:47",3005
"2020-06-30 22:50:55",3007
"2020-06-30 23:51:02",3007
"2020-07-01 00:52:26",3007
"2020-07-01 01:52:41",3007
"2020-07-01 02:51:53",3007
"2020-07-01 03:51:18",3007
"2020-07-01 04:51:19",3007
"2020-07-01 05:51:27",3007
"2020-07-01 06:51:23",3007
"2020-07-01 07:51:24",3007
"2020-07-01 08:52:04",3007
"2020-07-01 09:52:25",3007
"2020-07-01 10:52:05",3007
"2020-07-01 11:51:29",3007
"2020-07-01 13:12:30",3007
"2020-07-01 13:52:19",3007
"2020-07-01 14:52:25",3014
"2020-07-01 15:52:22",3018
"2020-07-01 16:52:05",3021
"2020-07-01 17:51:54",3021
"2020-07-01 18:52:03",3022
"2020-07-01 19:52:15",3019
"2020-07-01 20:52:00",3021
"2020-07-01 21:51:12",3020
"2020-07-01 22:51:57",3020
"2020-07-01 23:51:13",3020
"2020-07-02 00:53:25",3020
"2020-07-02 01:51:18",3020
"2020-07-02 02:51:24",3020
"2020-07-02 03:51:38",3020
"2020-07-02 04:51:21",3020
"2020-07-02 05:51:28",3020
"2020-07-02 06:51:15",3020
"2020-07-02 07:51:06",3020
"2020-07-02 08:51:16",3020
"2020-07-02 09:51:38",3020
"2020-07-02 10:51:17",3020
"2020-07-02 11:51:28",3020
"2020-07-02 13:15:29",3020
"2020-07-02 13:51:57",3020
"2020-07-02 14:51:37",3016
"2020-07-02 16:51:45",3014
"2020-07-02 17:51:36",3010
"2020-07-02 18:51:39",3009
"2020-07-02 19:51:48",3009
"2020-07-02 20:51:03",3008
"2020-07-02 21:51:23",3008
"2020-07-02 22:51:15",3006
"2020-07-02 23:51:00",3006
"2020-07-03 00:51:50",3006
"2020-07-03 01:51:24",3006
"2020-07-03 02:51:46",3006
"2020-07-03 03:51:09",3006
"2020-07-03 04:51:58",3006
"2020-07-03 05:51:13",3006
"2020-07-03 06:51:15",3006
"2020-07-03 07:51:16",3006
"2020-07-03 08:51:13",3006
"2020-07-03 09:51:39",3006
"2020-07-03 10:51:19",3006
"2020-07-03 11:51:06",3006
"2020-07-03 12:51:08",3006
"2020-07-03 13:51:14",3006
"2020-07-03 14:51:22",3006
"2020-07-03 15:51:13",3006
"2020-07-03 16:51:13",3006
"2020-07-03 17:51:16",3006
"2020-07-03 18:51:28",3006
"2020-07-03 19:51:17",3006
"2020-07-03 20:51:22",3006
"2020-07-03 21:51:16",3006
"2020-07-03 22:51:08",3006
"2020-07-03 23:51:26",3006
"2020-07-04 00:51:05",3006
"2020-07-04 01:51:36",3006
"2020-07-04 02:51:47",3006
"2020-07-04 03:51:03",3006
"2020-07-04 04:50:57",3006
"2020-07-04 05:51:13",3006
"2020-07-04 06:51:24",3006
"2020-07-04 07:51:09",3006
"2020-07-04 08:51:19",3006
"2020-07-04 09:51:18",3006
"2020-07-04 11:42:27",3006
"2020-07-04 11:51:12",3006
"2020-07-04 12:51:23",3006
"2020-07-04 13:51:20",3006
"2020-07-04 14:51:33",3006
"2020-07-04 15:50:54",3006
"2020-07-04 16:51:41",3006
"2020-07-04 17:51:26",3006
"2020-07-04 18:51:18",3006
"2020-07-04 19:51:04",3006
"2020-07-04 20:51:13",3006
"2020-07-04 21:51:19",3006
"2020-07-04 22:51:01",3006
"2020-07-04 23:51:30",3006
"2020-07-05 00:51:20",3006
"2020-07-05 01:51:18",3006
"2020-07-05 02:50:57",3006
"2020-07-05 03:51:07",3006
"2020-07-05 04:51:03",3006
"2020-07-05 05:51:21",3006
"2020-07-05 06:51:26",3006
"2020-07-05 07:51:25",3006
"2020-07-05 08:51:18",3006
"2020-07-05 11:42:08",3006
"2020-07-05 11:43:56",3006
"2020-07-05 11:51:38",3006
"2020-07-05 12:51:03",3006
"2020-07-05 13:51:16",3006
"2020-07-05 14:51:02",3006
"2020-07-05 15:51:35",3006
"2020-07-05 16:51:13",3006
"2020-07-05 17:51:06",3006
"2020-07-05 18:51:02",3006
"2020-07-05 19:51:34",3006
"2020-07-05 20:51:16",3006
"2020-07-05 21:51:19",3006
"2020-07-05 22:50:59",3006
"2020-07-05 23:51:04",3006
"2020-07-06 00:51:16",3006
"2020-07-06 01:51:26",3006
"2020-07-06 02:51:21",3006
"2020-07-06 03:51:12",3006
"2020-07-06 04:51:07",3006
"2020-07-06 05:50:50",3006
"2020-07-06 06:51:26",3006
"2020-07-06 07:51:46",3006
"2020-07-06 08:51:25",3006
"2020-07-06 11:45:21",3006
"2020-07-06 11:48:26",3006
"2020-07-06 11:56:06",3006
"2020-07-06 14:14:03",3003
"2020-07-06 14:22:00",3003
"2020-07-06 14:51:58",3003
"2020-07-06 15:51:26",3003
"2020-07-06 16:52:13",2996
"2020-07-06 17:51:18",2996
"2020-07-06 18:51:07",2990
"2020-07-06 19:51:11",2990
"2020-07-06 20:51:27",2984
"2020-07-06 21:51:03",2984
"2020-07-06 22:51:51",2985
"2020-07-06 23:51:03",2985
"2020-07-07 00:51:20",2985
"2020-07-07 01:51:01",2985
"2020-07-07 02:51:09",2985
"2020-07-07 03:51:56",2985
"2020-07-07 04:51:06",2985
"2020-07-07 05:50:54",2985
"2020-07-07 06:50:59",2985
"2020-07-07 07:50:50",2985
"2020-07-07 08:51:04",2985
"2020-07-07 11:33:40",2985
"2020-07-07 11:36:13",2985
"2020-07-07 11:51:12",2985
"2020-07-07 12:51:23",2985
"2020-07-07 13:51:27",2985
"2020-07-07 14:51:12",2981
"2020-07-07 15:52:10",2978
"2020-07-07 16:52:52",2983
"2020-07-07 17:51:37",2981
"2020-07-07 18:51:07",2974
"2020-07-07 19:52:09",2972
"2020-07-07 20:51:33",2969
"2020-07-07 21:52:16",2968
"2020-07-07 22:51:20",2969
"2020-07-07 23:51:21",2969
"2020-07-08 00:53:50",2969
"2020-07-08 01:51:48",2969
"2020-07-08 02:51:18",2969
"2020-07-08 03:51:24",2969
"2020-07-08 04:51:14",2969
"2020-07-08 05:51:38",2969
"2020-07-08 06:51:22",2969
"2020-07-08 07:51:14",2969
"2020-07-08 08:51:32",2969
"2020-07-08 12:05:19",2969
"2020-07-08 12:06:03",2969
"2020-07-08 12:09:42",2969
"2020-07-08 13:16:34",2969
"2020-07-08 13:51:48",2969
"2020-07-08 14:51:22",2960
"2020-07-08 15:51:32",2953
"2020-07-08 16:51:16",2953
"2020-07-08 17:51:31",2953
"2020-07-08 18:51:47",2953
"2020-07-08 19:51:55",2944
"2020-07-08 20:51:18",2940
"2020-07-08 21:51:20",2938
"2020-07-08 22:51:21",2938
"2020-07-08 23:51:26",2938
"2020-07-09 00:53:31",2938
"2020-07-09 01:51:18",2938
"2020-07-09 18:53:37",2932
"2020-07-09 18:56:03",2932
"2020-07-09 19:03:45",2943
"2020-07-09 19:53:35",2943
"2020-07-09 20:51:30",2946
"2020-07-09 21:51:42",2947
"2020-07-09 22:51:46",2946
"2020-07-09 23:51:21",2946
"2020-07-10 00:53:13",2946
"2020-07-10 01:51:27",2946
"2020-07-10 02:51:54",2946
"2020-07-10 03:51:16",2946
"2020-07-10 04:50:53",2946
"2020-07-10 05:51:06",2946
"2020-07-10 06:51:24",2946
"2020-07-10 07:51:13",2946
"2020-07-10 08:51:10",2946
"2020-07-10 11:48:23",2946
"2020-07-10 11:55:46",2946
"2020-07-10 12:03:24",2946
"2020-07-10 13:16:26",2945
"2020-07-10 13:51:23",2945
"2020-07-10 14:51:00",2945
"2020-07-10 15:51:28",2938
"2020-07-10 16:51:29",2938
"2020-07-10 17:51:07",2942
"2020-07-10 18:51:23",2941
"2020-07-10 19:51:25",2935
"2020-07-10 20:51:09",2935
"2020-07-10 21:51:47",2936
"2020-07-10 22:51:01",2936
"2020-07-10 23:51:25",2936
"2020-07-11 00:51:06",2936
"2020-07-11 01:51:22",2936
"2020-07-11 02:50:55",2936
"2020-07-11 03:51:26",2936
"2020-07-11 04:51:20",2936
"2020-07-11 05:51:07",2936
"2020-07-11 06:51:11",2936
"2020-07-11 07:51:33",2936
"2020-07-11 08:51:24",2936
"2020-07-11 11:59:45",2936
"2020-07-11 12:05:47",2936
"2020-07-11 12:12:04",2936
"2020-07-11 12:51:16",2936
"2020-07-11 13:51:13",2936
"2020-07-11 14:51:23",2936
"2020-07-11 15:51:20",2936
"2020-07-11 16:50:55",2936
"2020-07-11 17:51:12",2936
"2020-07-11 18:51:14",2936
"2020-07-11 19:51:11",2936
"2020-07-11 20:50:52",2936
"2020-07-11 21:51:51",2936
"2020-07-11 22:51:33",2936
"2020-07-11 23:51:06",2936
"2020-07-12 00:51:11",2936
"2020-07-12 01:52:00",2936
"2020-07-12 02:51:11",2936
"2020-07-12 03:51:23",2936
"2020-07-12 04:50:58",2936
"2020-07-12 05:51:13",2936
"2020-07-12 06:51:41",2936
"2020-07-12 07:51:08",2936
"2020-07-12 08:50:59",2936
"2020-07-12 11:44:03",2936
"2020-07-12 11:47:58",2936
"2020-07-12 11:57:39",2936
"2020-07-12 12:51:00",2936
"2020-07-12 13:51:11",2936
"2020-07-12 14:50:55",2936
"2020-07-12 15:51:14",2936
"2020-07-12 16:51:22",2936
"2020-07-12 17:50:54",2936
"2020-07-12 18:51:12",2936
"2020-07-12 19:51:20",2936
"2020-07-12 20:51:09",2936
"2020-07-12 21:50:57",2936
"2020-07-12 22:51:35",2936
"2020-07-12 23:51:09",2936
"2020-07-13 00:51:36",2936
"2020-07-13 01:51:30",2936
"2020-07-13 02:52:12",2936
"2020-07-13 03:51:24",2936
"2020-07-13 04:51:23",2936
"2020-07-13 05:51:06",2936
"2020-07-13 06:51:30",2936
"2020-07-13 07:51:06",2936
"2020-07-13 08:51:21",2936
"2020-07-13 12:10:41",2936
"2020-07-13 12:13:36",2936
"2020-07-13 12:16:55",2936
"2020-07-13 12:52:05",2936
"2020-07-13 13:51:25",2937
"2020-07-13 14:51:15",2931
"2020-07-13 15:51:38",2931
"2020-07-13 16:52:13",2923
"2020-07-13 17:51:23",2929
"2020-07-13 18:51:33",2930
"2020-07-13 19:51:54",2930
"2020-07-13 20:51:37",2930
"2020-07-13 21:51:46",2930
"2020-07-13 22:51:39",2930
"2020-07-13 23:51:40",2930
"2020-07-14 00:53:14",2930
"2020-07-14 01:51:56",2930
"2020-07-14 02:51:57",2930
"2020-07-14 03:51:31",2930
"2020-07-14 04:51:14",2930
"2020-07-14 05:51:24",2930
"2020-07-14 06:51:16",2930
"2020-07-14 07:51:38",2930
"2020-07-14 08:51:35",2930
"2020-07-14 12:16:27",2930
"2020-07-14 12:22:43",2930
"2020-07-14 12:26:36",2930
"2020-07-14 12:51:32",2930
"2020-07-14 13:52:23",2931
"2020-07-14 14:51:59",2925
"2020-07-14 15:52:23",2926
"2020-07-14 16:52:47",2925
"2020-07-14 17:52:44",2923
"2020-07-14 18:52:24",2923
"2020-07-14 19:51:50",2921
"2020-07-14 20:51:59",2919
"2020-07-14 21:51:46",2919
"2020-07-14 22:52:00",2918
"2020-07-14 23:52:00",2918
"2020-07-15 00:52:38",2918
"2020-07-15 01:52:18",2918
"2020-07-15 02:34:52",2918
"2020-07-15 02:42:32",2918
"2020-07-15 02:50:11",2918
"2020-07-15 02:58:09",2918
"2020-07-15 03:19:36",2918
"2020-07-15 03:27:27",2918
"2020-07-15 03:35:19",2918
"2020-07-15 03:43:01",2918
"2020-07-15 03:50:45",2918
"2020-07-15 03:58:29",2918
"2020-07-15 04:06:20",2917
"2020-07-15 04:14:05",2917
"2020-07-15 04:21:51",2917
"2020-07-15 04:29:37",2917
"2020-07-15 04:37:29",2917
"2020-07-15 04:45:11",2917
"2020-07-15 04:52:55",2917
"2020-07-15 05:00:56",2917
"2020-07-15 05:09:17",2917
"2020-07-15 12:23:41",2917
"2020-07-15 12:31:34",2917
"2020-07-15 12:39:29",2917
"2020-07-15 12:47:22",2917
"2020-07-15 12:55:18",2917
"2020-07-15 13:03:13",2917
"2020-07-15 13:11:23",2917
"2020-07-15 13:19:32",2917
"2020-07-15 13:27:43",2917
"2020-07-15 13:35:44",2917
"2020-07-15 13:43:46",2917
"2020-07-15 13:51:44",2917
"2020-07-15 13:59:39",2917
"2020-07-15 14:07:42",2916
"2020-07-15 14:16:09",2916
"2020-07-15 14:23:57",2916
"2020-07-15 14:31:55",2916
"2020-07-15 14:39:49",2916
"2020-07-15 14:49:43",2916
"2020-07-15 14:59:38",2916
"2020-07-15 15:09:51",2911
"2020-07-15 15:19:46",2911
"2020-07-15 15:29:42",2911
"2020-07-15 15:39:38",2911
"2020-07-15 15:49:55",2911
"2020-07-15 15:59:56",2911
"2020-07-15 16:10:01",2913
"2020-07-15 16:20:02",2913
"2020-07-15 16:30:08",2913
"2020-07-15 16:40:23",2913
"2020-07-15 16:50:37",2913
"2020-07-15 17:00:36",2913
"2020-07-15 17:17:58",2915
"2020-07-15 17:25:44",2915
"2020-07-15 17:33:30",2915
"2020-07-15 17:41:16",2915
"2020-07-15 17:49:03",2915
"2020-07-15 17:56:55",2915
"2020-07-15 18:04:55",2914
"2020-07-15 18:12:50",2914
"2020-07-15 18:20:47",2914
"2020-07-15 18:28:38",2914
"2020-07-15 18:36:35",2914
"2020-07-15 18:44:42",2914
"2020-07-15 18:52:44",2914
"2020-07-15 19:00:45",2914
"2020-07-15 19:09:19",2909
"2020-07-15 19:16:56",2909
"2020-07-15 19:24:43",2909
"2020-07-15 19:32:44",2909
"2020-07-15 19:42:42",2909
"2020-07-15 19:52:32",2909
"2020-07-15 20:02:28",2909
"2020-07-15 20:12:23",2908
"2020-07-15 20:22:32",2908
"2020-07-15 20:32:19",2908
"2020-07-15 20:42:07",2908
"2020-07-15 20:51:53",2908
"2020-07-15 21:01:41",2908
"2020-07-15 21:11:30",2909
"2020-07-15 21:21:17",2909
"2020-07-15 21:31:01",2909
"2020-07-15 21:41:40",2909
"2020-07-15 21:51:46",2909
"2020-07-15 22:01:51",2909
"2020-07-15 22:11:44",2909
"2020-07-15 22:21:40",2909
"2020-07-15 22:31:26",2909
"2020-07-15 22:41:08",2909
"2020-07-15 22:50:52",2909
"2020-07-15 23:08:03",2909
"2020-07-15 23:14:11",2909
"2020-07-15 23:20:34",2909
"2020-07-15 23:30:20",2909
"2020-07-15 23:40:10",2909
"2020-07-15 23:49:53",2909
"2020-07-15 23:59:56",2909
"2020-07-16 00:10:34",2909
"2020-07-16 00:21:02",2909
"2020-07-16 00:31:28",2909
"2020-07-16 00:41:32",2909
"2020-07-16 00:51:21",2909
"2020-07-16 01:01:13",2909
"2020-07-16 01:11:04",2909
"2020-07-16 01:21:03",2909
"2020-07-16 01:30:49",2909
"2020-07-16 01:40:33",2909
"2020-07-16 01:50:22",2909
"2020-07-16 02:00:14",2909
"2020-07-16 02:10:11",2909
"2020-07-16 02:20:30",2909
"2020-07-16 02:30:41",2909
"2020-07-16 02:40:40",2909
"2020-07-16 02:51:00",2909
"2020-07-16 03:07:04",2909
"2020-07-16 03:11:08",2909
"2020-07-16 03:21:38",2909
"2020-07-16 03:31:40",2909
"2020-07-16 03:41:41",2909
"2020-07-16 03:51:42",2909
"2020-07-16 04:02:12",2909
"2020-07-16 04:12:17",2909
"2020-07-16 04:22:13",2909
"2020-07-16 04:32:11",2909
"2020-07-16 04:42:04",2909
"2020-07-16 04:51:58",2909
"2020-07-16 05:01:57",2909
"2020-07-16 05:11:49",2909
"2020-07-16 05:21:43",2909
"2020-07-16 05:31:34",2909
"2020-07-16 05:44:03",2909
"2020-07-16 05:55:27",2909
"2020-07-16 06:05:26",2909
"2020-07-16 06:15:17",2909
"2020-07-16 06:23:35",2909
"2020-07-16 06:32:53",2909
"2020-07-16 06:42:13",2909
"2020-07-16 06:51:34",2909
"2020-07-16 07:14:33",2909
"2020-07-16 07:18:52",2909
"2020-07-16 07:23:28",2909
"2020-07-16 07:34:39",2909
"2020-07-16 07:48:42",2909
"2020-07-16 08:05:55",2909
"2020-07-16 08:16:17",2909
"2020-07-16 08:25:40",2909
"2020-07-16 08:35:00",2909
"2020-07-16 08:44:28",2909
"2020-07-16 08:53:32",2909
"2020-07-16 09:02:57",2909
"2020-07-16 09:12:52",2909
"2020-07-16 09:22:56",2909
"2020-07-16 09:32:48",2909
"2020-07-16 09:41:59",2909
"2020-07-16 09:50:47",2909
"2020-07-16 09:59:31",2909
"2020-07-16 10:08:39",2909
"2020-07-16 10:17:50",2909
"2020-07-16 10:25:54",2909
"2020-07-16 10:34:18",2909
"2020-07-16 10:42:38",2909
"2020-07-16 10:53:09",2909
"2020-07-16 11:04:07",2909
"2020-07-16 11:15:06",2909
"2020-07-16 11:25:42",2909
"2020-07-16 11:36:06",2909
"2020-07-16 11:46:48",2909
"2020-07-16 11:57:49",2909
"2020-07-16 12:09:47",2909
"2020-07-16 12:20:54",2909
"2020-07-16 12:32:06",2909
"2020-07-16 12:43:13",2909
"2020-07-16 12:54:18",2909
"2020-07-16 13:05:45",2909
"2020-07-16 13:17:35",2912
"2020-07-16 13:29:03",2912
"2020-07-16 13:40:59",2912
"2020-07-16 13:51:59",2912
"2020-07-16 14:03:06",2921
"2020-07-16 14:14:14",2921
"2020-07-16 14:25:25",2921
"2020-07-16 14:44:11",2921
"2020-07-16 14:50:44",2921
"2020-07-16 14:57:36",2921
"2020-07-16 15:08:50",2921
"2020-07-16 15:19:58",2921
"2020-07-16 17:03:01",2919
"2020-07-16 17:11:11",2919
"2020-07-16 17:19:29",2919
"2020-07-16 17:27:33",2919
"2020-07-16 17:35:48",2919
"2020-07-16 17:43:58",2919
"2020-07-16 17:52:02",2919
"2020-07-16 18:00:05",2919
"2020-07-16 18:08:30",2919
"2020-07-16 18:16:41",2919
"2020-07-16 18:24:52",2913
"2020-07-16 18:32:59",2913
"2020-07-16 18:41:06",2913
"2020-07-16 18:49:17",2913
"2020-07-16 18:57:53",2913
"2020-07-16 19:05:48",2913
"2020-07-16 19:13:51",2916
"2020-07-16 19:21:57",2916
"2020-07-16 19:32:06",2916
"2020-07-16 19:42:11",2916
"2020-07-16 19:52:14",2916
"2020-07-16 20:02:21",2916
"2020-07-16 20:12:24",2912
"2020-07-16 20:22:24",2912
"2020-07-16 20:32:24",2912
"2020-07-16 20:42:28",2912
"2020-07-16 20:52:32",2912
"2020-07-16 21:02:38",2912
"2020-07-16 21:12:42",2912
"2020-07-16 21:22:47",2912
"2020-07-16 21:33:11",2912
"2020-07-16 21:43:19",2912
"2020-07-16 21:53:20",2912
"2020-07-16 22:03:30",2912
"2020-07-16 22:13:32",2912
"2020-07-16 22:23:33",2912
"2020-07-16 22:33:36",2912
"2020-07-16 22:43:36",2912
"2020-07-16 23:00:58",2912
"2020-07-16 23:07:13",2912
"2020-07-16 23:13:42",2912
"2020-07-16 23:23:42",2912
"2020-07-16 23:33:42",2912
"2020-07-16 23:43:40",2912
"2020-07-16 23:53:40",2912
"2020-07-17 00:04:23",2912
"2020-07-17 00:15:00",2912
"2020-07-17 00:25:32",2912
"2020-07-17 00:36:08",2912
"2020-07-17 00:46:24",2912
"2020-07-17 00:56:36",2912
"2020-07-17 01:06:51",2912
"2020-07-17 01:16:57",2912
"2020-07-17 01:26:57",2912
"2020-07-17 01:37:00",2912
"2020-07-17 01:47:02",2912
"2020-07-17 01:57:06",2912
"2020-07-17 02:07:11",2912
"2020-07-17 02:17:18",2912
"2020-07-17 02:27:19",2912
"2020-07-17 02:37:15",2912
"2020-07-17 02:47:12",2912
"2020-07-17 03:03:19",2912
"2020-07-17 03:07:20",2912
"2020-07-17 03:17:21",2912
"2020-07-17 03:27:25",2912
"2020-07-17 03:37:32",2912
"2020-07-17 03:47:37",2912
"2020-07-17 03:57:44",2912
"2020-07-17 04:08:00",2912
"2020-07-17 04:18:05",2912
"2020-07-17 04:28:10",2912
"2020-07-17 04:38:15",2912
"2020-07-17 04:48:18",2912
"2020-07-17 04:58:21",2912
"2020-07-17 05:08:30",2912
"2020-07-17 05:18:37",2912
"2020-07-17 05:28:36",2912
"2020-07-17 05:38:37",2912
"2020-07-17 05:48:37",2912
"2020-07-17 05:58:37",2912
"2020-07-17 06:08:53",2912
"2020-07-17 06:17:03",2912
"2020-07-17 06:25:09",2912
"2020-07-17 06:33:28",2912
"2020-07-17 06:41:38",2912
"2020-07-17 06:59:45",2912
"2020-07-17 07:03:03",2912
"2020-07-17 07:06:42",2912
"2020-07-17 07:14:52",2912
"2020-07-17 07:23:01",2912
"2020-07-17 07:31:11",2912
"2020-07-17 07:39:17",2912
"2020-07-17 07:47:22",2912
"2020-07-17 07:55:28",2912
"2020-07-17 08:03:43",2912
"2020-07-17 08:12:09",2912
"2020-07-17 08:20:41",2912
"2020-07-17 08:29:12",2912
"2020-07-17 08:37:47",2912
"2020-07-17 08:46:07",2912
"2020-07-17 08:54:19",2912
"2020-07-17 09:02:34",2912
"2020-07-17 09:10:42",2912
"2020-07-17 09:18:52",2912
"2020-07-17 09:26:59",2912
"2020-07-17 09:35:04",2912
"2020-07-17 09:43:04",2912
"2020-07-17 09:51:07",2912
"2020-07-17 09:59:22",2912
"2020-07-17 10:13:07",2912
"2020-07-17 10:19:38",2912
"2020-07-17 10:23:40",2912
"2020-07-17 10:31:42",2912
"2020-07-17 10:41:44",2912
"2020-07-17 10:51:48",2912
"2020-07-17 11:02:17",2912
"2020-07-17 11:12:25",2912
"2020-07-17 11:22:31",2912
"2020-07-17 11:32:39",2912
"2020-07-17 11:42:43",2912
"2020-07-17 11:52:48",2912
"2020-07-17 12:03:07",2912
"2020-07-17 12:13:31",2912
"2020-07-17 12:23:46",2912
"2020-07-17 12:33:52",2912
"2020-07-17 12:43:57",2912
"2020-07-17 12:54:01",2912
"2020-07-17 13:04:42",2912
"2020-07-17 13:15:16",2912
"2020-07-17 13:25:38",2912
"2020-07-17 13:34:12",2912
"2020-07-17 13:42:38",2912
"2020-07-17 13:50:41",2912
"2020-07-17 13:59:16",2912
"2020-07-17 14:08:03",2912
"2020-07-17 14:16:28",2912
"2020-07-17 14:24:49",2912
"2020-07-17 14:33:09",2912
"2020-07-17 14:41:15",2912
"2020-07-17 14:49:17",2912
"2020-07-17 14:57:44",2912
"2020-07-17 15:06:40",2900
"2020-07-17 15:15:33",2900
"2020-07-17 15:24:09",2900
"2020-07-17 15:32:42",2900
"2020-07-17 15:41:09",2900
"2020-07-17 15:49:30",2900
"2020-07-17 16:04:43",2902
"2020-07-17 16:20:58",2902
"2020-07-17 16:29:38",2902
"2020-07-17 16:38:19",2902
"2020-07-17 16:46:49",2902
"2020-07-17 16:55:16",2902
"2020-07-17 17:08:13",2899
"2020-07-17 17:16:25",2899
"2020-07-17 17:24:59",2899
"2020-07-17 17:33:24",2899
"2020-07-17 17:41:53",2899
"2020-07-17 17:50:19",2899
"2020-07-17 17:58:48",2899
"2020-07-17 18:07:38",2896
"2020-07-17 18:16:16",2896
"2020-07-17 18:24:42",2896
"2020-07-17 18:33:16",2896
"2020-07-17 18:41:42",2896
"2020-07-17 18:50:09",2896
"2020-07-17 18:58:35",2896
"2020-07-17 19:11:18",2896
"2020-07-17 19:19:45",2893
"2020-07-17 19:28:02",2893
"2020-07-17 19:36:12",2893
"2020-07-17 19:47:53",2893
"2020-07-17 19:55:58",2893
"2020-07-17 20:04:10",2888
"2020-07-17 20:12:15",2888
"2020-07-17 20:20:16",2888
"2020-07-17 20:28:14",2888
"2020-07-17 20:36:20",2888
"2020-07-17 20:44:19",2888
"2020-07-17 20:52:19",2888
"2020-07-17 21:00:28",2888
"2020-07-17 21:08:44",2887
"2020-07-17 21:16:44",2887
"2020-07-17 21:24:41",2887
"2020-07-17 21:32:38",2887
"2020-07-17 21:41:04",2887
"2020-07-17 21:48:55",2887
"2020-07-17 21:56:57",2887
"2020-07-17 22:05:17",2887
"2020-07-17 22:15:32",2886
"2020-07-17 22:25:37",2886
"2020-07-17 22:35:50",2886
"2020-07-17 22:46:16",2886
"2020-07-17 22:56:47",2886
"2020-07-17 23:07:36",2886
"2020-07-17 23:17:49",2886
"2020-07-17 23:27:52",2886
"2020-07-17 23:37:56",2886
"2020-07-17 23:47:58",2886
"2020-07-17 23:58:23",2886
"2020-07-18 00:10:46",2886
"2020-07-18 00:21:35",2886
"2020-07-18 00:32:05",2886
"2020-07-18 00:42:43",2886
"2020-07-18 00:53:07",2886
"2020-07-18 01:03:20",2886
"2020-07-18 01:13:28",2886
"2020-07-18 01:23:38",2886
"2020-07-18 01:33:43",2886
"2020-07-18 01:51:05",2886
"2020-07-18 01:57:22",2886
"2020-07-18 02:03:54",2886
"2020-07-18 02:14:00",2886
"2020-07-18 02:24:00",2886
"2020-07-18 02:33:59",2886
"2020-07-18 02:43:57",2886
"2020-07-18 02:53:57",2886
"2020-07-18 03:04:11",2886
"2020-07-18 03:14:22",2886
"2020-07-18 03:24:30",2886
"2020-07-18 03:34:35",2886
"2020-07-18 03:44:44",2886
"2020-07-18 03:54:57",2886
"2020-07-18 04:05:28",2886
"2020-07-18 04:16:04",2886
"2020-07-18 04:26:25",2886
"2020-07-18 04:36:32",2886
"2020-07-18 04:46:34",2886
"2020-07-18 04:56:39",2886
"2020-07-18 05:07:24",2886
"2020-07-18 05:17:47",2886
"2020-07-18 05:28:02",2886
"2020-07-18 05:38:01",2886
"2020-07-18 05:54:07",2886
"2020-07-18 05:58:07",2886
"2020-07-18 06:08:28",2886
"2020-07-18 06:20:39",2886
"2020-07-18 08:42:40",2886
"2020-07-18 08:50:47",2886
"2020-07-18 08:58:50",2886
"2020-07-18 09:06:56",2886
"2020-07-18 09:14:54",2886
"2020-07-18 09:22:54",2886
"2020-07-18 09:30:56",2886
"2020-07-18 09:38:58",2886
"2020-07-18 09:46:58",2886
"2020-07-18 09:54:59",2886
"2020-07-18 10:03:03",2886
"2020-07-18 10:11:07",2886
"2020-07-18 10:19:07",2886
"2020-07-18 10:27:08",2886
"2020-07-18 10:35:34",2886
"2020-07-18 10:43:16",2886
"2020-07-18 10:51:06",2886
"2020-07-18 10:59:07",2886
"2020-07-18 11:09:08",2886
"2020-07-18 11:19:07",2886
"2020-07-18 11:29:05",2886
"2020-07-18 11:39:05",2886
"2020-07-18 11:49:01",2886
"2020-07-18 11:59:01",2886
"2020-07-18 12:09:15",2886
"2020-07-18 12:19:22",2886
"2020-07-18 12:29:22",2886
"2020-07-18 12:39:25",2886
"2020-07-18 12:49:25",2886
"2020-07-18 12:59:38",2886
"2020-07-18 13:09:53",2886
"2020-07-18 13:20:01",2886
"2020-07-18 13:30:04",2886
"2020-07-18 13:39:59",2886
"2020-07-18 13:49:55",2886
"2020-07-18 13:59:53",2886
"2020-07-18 14:09:50",2886
"2020-07-18 14:19:48",2886
"2020-07-18 14:37:08",2886
"2020-07-18 14:43:20",2886
"2020-07-18 14:49:48",2886
"2020-07-18 14:59:50",2886
"2020-07-18 15:09:57",2886
"2020-07-18 15:20:00",2886
"2020-07-18 15:29:59",2886
"2020-07-18 15:39:57",2886
"2020-07-18 15:49:57",2886
"2020-07-18 15:59:55",2886
"2020-07-18 16:09:58",2886
"2020-07-18 16:19:57",2886
"2020-07-18 16:29:59",2886
"2020-07-18 16:40:00",2886
"2020-07-18 16:49:57",2886
"2020-07-18 16:59:57",2886
"2020-07-18 17:10:04",2886
"2020-07-18 17:20:06",2886
"2020-07-18 17:30:04",2886
"2020-07-18 17:40:03",2886
"2020-07-18 17:50:00",2886
"2020-07-18 17:59:56",2886
"2020-07-18 18:10:01",2886
"2020-07-18 18:19:59",2886
"2020-07-18 18:35:55",2886
"2020-07-18 18:39:53",2886
"2020-07-18 18:49:50",2886
"2020-07-18 18:59:51",2886
"2020-07-18 19:10:18",2886
"2020-07-18 19:20:18",2886
"2020-07-18 19:30:17",2886
"2020-07-18 19:40:34",2886
"2020-07-18 22:14:35",2886
"2020-07-18 22:22:08",2886
"2020-07-18 22:29:41",2886
"2020-07-18 22:37:14",2886
"2020-07-18 22:44:46",2886
"2020-07-18 22:52:19",2886
"2020-07-18 22:59:53",2886
"2020-07-18 23:07:27",2886
"2020-07-18 23:15:01",2886
"2020-07-18 23:22:33",2886
"2020-07-18 23:30:06",2886
"2020-07-18 23:37:42",2886
"2020-07-18 23:45:23",2886
"2020-07-18 23:53:05",2886
"2020-07-19 00:01:15",2886
"2020-07-19 00:08:34",2886
"2020-07-19 00:16:03",2886
"2020-07-19 00:23:37",2886
"2020-07-19 00:33:12",2886
"2020-07-19 00:42:47",2886
"2020-07-19 00:52:22",2886
"2020-07-19 01:01:58",2886
"2020-07-19 01:11:33",2886
"2020-07-19 01:21:08",2886
"2020-07-19 01:30:44",2886
"2020-07-19 01:40:20",2886
"2020-07-19 01:49:55",2886
"2020-07-19 01:59:31",2886
"2020-07-19 02:09:05",2886
"2020-07-19 02:18:39",2886
"2020-07-19 02:28:12",2886
"2020-07-19 02:37:46",2886
"2020-07-19 02:47:19",2886
"2020-07-19 02:56:53",2886
"2020-07-19 03:06:28",2886
"2020-07-19 03:16:02",2886
"2020-07-19 03:25:37",2886
"2020-07-19 03:35:11",2886
"2020-07-19 03:51:39",2886
"2020-07-19 03:57:40",2886
"2020-07-19 04:03:55",2886
"2020-07-19 04:13:28",2886
"2020-07-19 04:23:02",2886
"2020-07-19 04:32:35",2886
"2020-07-19 04:42:09",2886
"2020-07-19 04:51:42",2886
"2020-07-19 05:01:16",2886
"2020-07-19 05:10:47",2886
"2020-07-19 05:20:21",2886
"2020-07-19 05:29:53",2886
"2020-07-19 05:39:26",2886
"2020-07-19 05:48:58",2886
"2020-07-19 05:58:29",2886
"2020-07-19 06:08:02",2886
"2020-07-19 06:17:41",2886
"2020-07-19 06:27:16",2886
"2020-07-19 06:48:01",2886
"2020-07-19 06:55:36",2886
"2020-07-19 07:03:11",2886
"2020-07-19 07:10:48",2886
"2020-07-19 07:18:24",2886
"2020-07-19 07:25:58",2886
"2020-07-19 07:33:32",2886
"2020-07-19 07:41:06",2886
"2020-07-19 07:48:41",2886
"2020-07-19 07:56:15",2886
"2020-07-19 08:03:50",2886
"2020-07-19 08:11:23",2886
"2020-07-19 08:18:57",2886
"2020-07-19 08:26:30",2886
"2020-07-19 08:34:30",2886
"2020-07-19 08:41:44",2886
"2020-07-19 08:49:11",2886
"2020-07-19 08:56:45",2886
"2020-07-19 09:06:21",2886
"2020-07-19 09:15:56",2886
"2020-07-19 09:25:31",2886
"2020-07-19 09:35:09",2886
"2020-07-19 09:44:51",2886
"2020-07-19 09:54:34",2886
"2020-07-19 10:04:19",2886
"2020-07-19 10:13:53",2886
"2020-07-19 10:23:28",2886
"2020-07-19 10:33:04",2886
"2020-07-19 10:42:41",2886
"2020-07-19 10:52:19",2886
"2020-07-19 11:01:54",2886
"2020-07-19 11:11:28",2886
"2020-07-19 11:21:03",2886
"2020-07-19 11:30:38",2886
"2020-07-19 11:40:16",2886
"2020-07-19 11:49:51",2886
"2020-07-19 11:59:26",2886
"2020-07-19 12:09:02",2886
"2020-07-19 12:25:36",2886
"2020-07-19 12:31:35",2886
"2020-07-19 12:37:50",2886
"2020-07-19 12:47:26",2886
"2020-07-19 12:57:04",2886
"2020-07-19 13:06:40",2886
"2020-07-19 13:16:16",2886
"2020-07-19 13:25:54",2886
"2020-07-19 13:35:30",2886
"2020-07-19 13:45:04",2886
"2020-07-19 13:54:39",2886
"2020-07-19 14:04:14",2886
"2020-07-19 14:13:48",2886
"2020-07-19 14:23:22",2886
"2020-07-19 14:32:58",2886
"2020-07-19 14:42:33",2886
"2020-07-19 14:52:08",2886
"2020-07-19 15:01:43",2886
"2020-07-19 15:11:20",2886
"2020-07-19 15:20:56",2886
"2020-07-19 15:30:32",2886
"2020-07-19 15:40:06",2886
"2020-07-19 15:49:42",2886
"2020-07-19 15:59:17",2886
"2020-07-19 16:14:39",2886
"2020-07-19 16:18:32",2886
"2020-07-19 16:28:07",2886
"2020-07-19 16:37:43",2886
"2020-07-19 16:47:19",2886
"2020-07-19 16:57:00",2886
"2020-07-19 17:06:37",2886
"2020-07-19 17:16:14",2886
"2020-07-19 17:25:48",2886
"2020-07-19 17:35:22",2886
"2020-07-19 17:44:56",2886
"2020-07-19 17:54:31",2886
"2020-07-19 18:04:06",2886
"2020-07-19 18:13:40",2886
"2020-07-19 18:23:15",2886
"2020-07-19 18:32:51",2886
"2020-07-19 18:42:26",2886
"2020-07-19 18:52:00",2886
"2020-07-19 19:01:36",2886
"2020-07-19 19:11:11",2886
"2020-07-19 19:18:46",2886
"2020-07-19 19:26:21",2886
"2020-07-19 19:33:56",2886
"2020-07-19 19:41:33",2886
"2020-07-19 19:58:11",2886
"2020-07-19 20:01:04",2886
"2020-07-19 20:04:21",2886
"2020-07-19 20:11:56",2886
"2020-07-19 20:19:32",2886
"2020-07-19 20:27:07",2886
"2020-07-19 20:34:42",2886
"2020-07-19 20:42:18",2886
"2020-07-19 20:49:53",2886
"2020-07-19 20:57:29",2886
"2020-07-19 21:05:05",2886
"2020-07-19 21:12:39",2886
"2020-07-19 21:20:13",2886
"2020-07-19 21:27:47",2886
"2020-07-19 21:35:22",2886
"2020-07-19 21:42:56",2886
"2020-07-19 21:50:31",2886
"2020-07-19 21:58:07",2886
"2020-07-19 22:05:43",2886
"2020-07-19 22:13:20",2886
"2020-07-19 22:20:53",2886
"2020-07-19 22:28:27",2886
"2020-07-19 22:36:03",2886
"2020-07-19 22:43:37",2886
"2020-07-19 22:56:30",2886
"2020-07-19 23:02:35",2886
"2020-07-19 23:06:22",2886
"2020-07-19 23:13:57",2886
"2020-07-19 23:23:30",2886
"2020-07-19 23:33:04",2886
"2020-07-19 23:42:37",2886
"2020-07-19 23:52:13",2886
"2020-07-20 00:01:47",2886
"2020-07-20 00:11:24",2886
"2020-07-20 00:21:00",2886
"2020-07-20 00:30:35",2886
"2020-07-20 00:40:10",2886
"2020-07-20 00:49:46",2886
"2020-07-20 00:59:20",2886
"2020-07-20 01:08:55",2886
"2020-07-20 01:18:30",2886
"2020-07-20 01:28:06",2886
"2020-07-20 01:37:41",2886
"2020-07-20 01:47:18",2886
"2020-07-20 01:56:54",2886
"2020-07-20 02:04:31",2886
"2020-07-20 02:12:08",2886
"2020-07-20 02:19:44",2886
"2020-07-20 02:27:19",2886
"2020-07-20 02:34:56",2886
"2020-07-20 02:42:32",2886
"2020-07-20 02:50:08",2886
"2020-07-20 02:57:43",2886
"2020-07-20 03:05:19",2886
"2020-07-20 03:12:55",2886
"2020-07-20 03:20:31",2886
"2020-07-20 03:28:07",2886
"2020-07-20 03:35:44",2886
"2020-07-20 03:43:20",2886
"2020-07-20 03:50:55",2886
"2020-07-20 03:58:30",2886
"2020-07-20 04:06:06",2886
"2020-07-20 04:19:07",2886
"2020-07-20 04:33:09",2886
"2020-07-20 04:40:45",2886
"2020-07-20 04:48:24",2886
"2020-07-20 04:56:04",2886
"2020-07-20 05:03:53",2886
"2020-07-20 05:11:38",2886
"2020-07-20 05:19:23",2886
"2020-07-20 05:27:07",2886
"2020-07-20 05:34:52",2886
"2020-07-20 05:42:38",2886
"2020-07-20 05:50:22",2886
"2020-07-20 05:58:07",2886
"2020-07-20 06:05:52",2886
"2020-07-20 06:13:36",2886
"2020-07-20 06:21:21",2886
"2020-07-20 06:29:06",2886
"2020-07-20 06:36:50",2886
"2020-07-20 06:44:34",2886
"2020-07-20 06:52:19",2886
"2020-07-20 07:00:01",2886
"2020-07-20 07:07:46",2886
"2020-07-20 07:15:29",2886
"2020-07-20 07:23:12",2886
"2020-07-20 07:30:54",2886
"2020-07-20 07:38:37",2886
"2020-07-20 07:46:21",2886
"2020-07-20 07:54:05",2886
"2020-07-20 08:01:49",2886
"2020-07-20 08:09:32",2886
"2020-07-20 08:17:16",2886
"2020-07-20 08:24:57",2886
"2020-07-20 08:32:39",2886
"2020-07-20 08:40:22",2886
"2020-07-20 08:48:05",2886
"2020-07-20 08:55:49",2886
"2020-07-20 09:03:35",2886
"2020-07-20 09:11:19",2886
"2020-07-20 09:19:02",2886
"2020-07-20 09:26:45",2886
"2020-07-20 09:34:29",2886
"2020-07-20 09:42:13",2886
"2020-07-20 09:49:56",2886
"2020-07-20 09:57:39",2886
"2020-07-20 10:05:25",2886
"2020-07-20 10:13:10",2886
"2020-07-20 10:20:53",2886
"2020-07-20 10:28:36",2886
"2020-07-20 10:36:22",2886
"2020-07-20 10:44:08",2886
"2020-07-20 10:51:53",2886
"2020-07-20 10:59:36",2886
"2020-07-20 11:07:23",2886
"2020-07-20 11:15:09",2886
"2020-07-20 11:22:51",2886
"2020-07-20 11:30:35",2886
"2020-07-20 11:38:18",2886
"2020-07-20 11:46:01",2886
"2020-07-20 11:53:45",2886
"2020-07-20 12:01:29",2886
"2020-07-20 12:09:14",2886
"2020-07-20 12:17:00",2886
"2020-07-20 12:24:44",2886
"2020-07-20 12:32:29",2886
"2020-07-20 12:40:14",2886
"2020-07-20 12:47:56",2886
"2020-07-20 12:55:40",2886
"2020-07-20 13:03:25",2886
"2020-07-20 13:11:12",2886
"2020-07-20 13:18:56",2886
"2020-07-20 13:26:44",2886
"2020-07-20 13:34:30",2886
"2020-07-20 13:42:18",2886
"2020-07-20 13:50:03",2886
"2020-07-20 13:57:48",2886
"2020-07-20 14:05:33",2886
"2020-07-20 14:13:17",2886
"2020-07-20 14:21:03",2886
"2020-07-20 14:49:04",2886
"2020-07-20 15:49:37",2898
"2020-07-20 16:48:53",2895
"2020-07-20 17:48:51",2888
"2020-07-20 18:49:18",2888
"2020-07-20 19:49:42",2889
"2020-07-20 20:49:42",2889
"2020-07-20 21:49:36",2888
"2020-07-20 22:49:08",2889
"2020-07-20 23:49:14",2889
"2020-07-21 00:49:09",2889
"2020-07-21 01:49:14",2889
"2020-07-21 02:49:14",2889
"2020-07-21 03:49:31",2889
"2020-07-21 04:49:37",2889
"2020-07-21 05:49:38",2889
"2020-07-21 06:49:41",2889
"2020-07-21 07:49:36",2889
"2020-07-21 08:49:16",2889
"2020-07-21 09:48:42",2889
"2020-07-21 10:49:12",2889
"2020-07-21 11:49:14",2889
"2020-07-21 12:48:38",2889
"2020-07-21 13:49:07",2889
"2020-07-21 14:49:05",2885
"2020-07-21 15:48:44",2885
"2020-07-21 16:49:32",2885
"2020-07-21 17:49:40",2885
"2020-07-21 18:49:09",2889
"2020-07-21 19:48:42",2888
"2020-07-21 20:49:06",2887
"2020-07-21 21:48:38",2888
"2020-07-21 22:49:26",2888
"2020-07-21 23:49:39",2888
"2020-07-22 00:49:07",2888
"2020-07-22 01:49:09",2888
"2020-07-22 02:48:39",2888
"2020-07-22 03:49:35",2888
"2020-07-22 04:48:39",2888
"2020-07-22 05:48:41",2888
"2020-07-22 06:48:35",2888
"2020-07-22 07:48:33",2888
"2020-07-22 08:48:36",2888
"2020-07-22 09:48:36",2888
"2020-07-22 10:48:40",2888
"2020-07-22 11:48:35",2888
"2020-07-22 12:48:42",2888
"2020-07-22 13:48:44",2889
"2020-07-22 14:49:00",2901
"2020-07-22 15:48:40",2922
"2020-07-22 16:49:14",2923
"2020-07-22 17:49:02",2921
"2020-07-22 18:49:31",2981
"2020-07-22 19:48:35",2999
"2020-07-22 20:49:03",3012
"2020-07-22 21:49:03",3009
"2020-07-22 22:49:07",3015
"2020-07-22 23:48:34",3015
"2020-07-23 00:49:05",3015
"2020-07-23 01:49:07",3015
"2020-07-23 02:49:07",3015
"2020-07-23 03:49:10",3015
"2020-07-23 04:48:51",3015
"2020-07-23 05:49:29",3015
"2020-07-23 06:48:35",3015
"2020-07-23 07:48:41",3015
"2020-07-23 08:49:01",3015
"2020-07-23 09:49:10",3015
"2020-07-23 10:49:36",3015
"2020-07-23 11:49:08",3015
"2020-07-23 13:13:44",3021
"2020-07-23 13:50:24",3021
"2020-07-23 14:49:07",3020
"2020-07-23 15:49:29",3016
"2020-07-23 16:48:41",3049
"2020-07-23 17:49:02",3042
"2020-07-23 18:48:39",3039
"2020-07-23 19:49:29",3032
"2020-07-23 20:49:05",3039
"2020-07-23 21:49:08",3039
"2020-07-23 22:49:06",3039
"2020-07-23 23:48:41",3039
"2020-07-24 00:49:37",3039
"2020-07-24 01:48:49",3039
"2020-07-24 02:49:04",3039
"2020-07-24 03:49:10",3039
"2020-07-24 04:49:05",3039
"2020-07-24 05:49:32",3039
"2020-07-24 06:48:43",3039
"2020-07-24 07:49:35",3039
"2020-07-24 08:49:12",3039
"2020-07-24 09:49:15",3039
"2020-07-24 10:49:11",3039
"2020-07-24 11:49:11",3039
"2020-07-24 12:49:28",3039
"2020-07-24 13:48:47",3038
"2020-07-24 14:49:07",3038
"2020-07-24 15:49:34",3030
"2020-07-24 16:49:09",3029
"2020-07-24 17:48:40",3030
"2020-07-24 18:49:04",3032
"2020-07-24 19:49:00",3035
"2020-07-24 20:49:05",3037
"2020-07-24 21:48:34",3038
"2020-07-24 22:49:27",3040
"2020-07-24 23:49:07",3040
"2020-07-25 00:48:43",3040
"2020-07-25 01:48:46",3040
"2020-07-25 02:49:10",3040
"2020-07-25 03:49:12",3040
"2020-07-25 04:49:08",3040
"2020-07-25 05:49:39",3040
"2020-07-25 06:49:11",3040
"2020-07-25 07:49:44",3040
"2020-07-25 08:49:33",3040
"2020-07-25 09:49:47",3040
"2020-07-25 10:48:46",3040
"2020-07-25 11:49:36",3040
"2020-07-25 12:49:11",3040
"2020-07-25 13:49:33",3040
"2020-07-25 14:49:08",3040
"2020-07-25 15:49:08",3040
"2020-07-25 16:49:23",3040
"2020-07-25 17:49:10",3040
"2020-07-25 18:49:10",3040
"2020-07-25 19:48:46",3040
"2020-07-25 20:49:36",3040
"2020-07-25 21:49:15",3040
"2020-07-25 22:49:09",3040
"2020-07-25 23:49:14",3040
"2020-07-26 00:49:12",3040
"2020-07-26 01:49:21",3040
"2020-07-26 02:49:37",3040
"2020-07-26 03:49:10",3040
"2020-07-26 04:49:09",3040
"2020-07-26 05:49:11",3040
"2020-07-26 06:49:09",3040
"2020-07-26 07:49:10",3040
"2020-07-26 08:49:11",3040
"2020-07-26 09:49:16",3040
"2020-07-26 10:48:47",3040
"2020-07-26 11:49:14",3040
"2020-07-26 12:49:39",3040
"2020-07-26 13:49:36",3040
"2020-07-26 14:48:43",3040
"2020-07-26 15:49:23",3040
"2020-07-26 16:49:11",3040
"2020-07-26 17:49:10",3040
"2020-07-26 18:49:15",3040
"2020-07-26 19:49:10",3040
"2020-07-26 20:49:12",3040
"2020-07-26 21:49:42",3040
"2020-07-26 22:49:37",3040
"2020-07-26 23:49:14",3040
"2020-07-27 00:49:39",3040
"2020-07-27 01:49:22",3040
"2020-07-27 02:49:45",3040
"2020-07-27 03:49:48",3040
"2020-07-27 04:49:20",3040
"2020-07-27 05:49:44",3040
"2020-07-27 06:49:35",3040
"2020-07-27 07:49:27",3040
"2020-07-27 08:49:12",3040
"2020-07-27 09:49:15",3040
"2020-07-27 10:48:44",3040
"2020-07-27 11:49:34",3040
"2020-07-27 12:49:11",3040
"2020-07-27 13:49:14",3040
"2020-07-27 14:49:22",3041
"2020-07-27 15:49:19",3037
"2020-07-27 16:49:26",3034
"2020-07-27 17:49:45",3036
"2020-07-27 18:49:38",3034
"2020-07-27 19:49:11",3035
"2020-07-27 20:49:40",3036
"2020-07-27 21:49:13",3039
"2020-07-27 22:49:12",3039
"2020-07-27 23:49:29",3039
"2020-07-28 00:49:55",3039
"2020-07-28 01:49:49",3039
"2020-07-28 02:50:23",3039
"2020-07-28 03:49:21",3039
"2020-07-28 04:49:47",3039
"2020-07-28 07:11:31",3039
"2020-07-28 07:17:41",3039
"2020-07-28 07:49:34",3039
"2020-07-28 08:49:07",3039
"2020-07-28 09:48:56",3039
"2020-07-28 10:49:32",3039
"2020-07-28 11:49:27",3039
"2020-07-28 13:17:16",3039
"2020-07-28 13:49:20",3039
"2020-07-28 14:48:48",3049
"2020-07-28 15:49:10",3046
"2020-07-28 16:49:00",3040
"2020-07-28 17:48:44",3040
"2020-07-28 18:48:49",3058
"2020-07-28 19:49:08",3058
"2020-07-28 20:49:08",3063
"2020-07-28 21:48:49",3068
"2020-07-28 22:49:14",3068
"2020-07-28 23:49:44",3068
"2020-07-29 00:49:09",3068
"2020-07-29 01:49:36",3068
"2020-07-29 02:48:43",3068
"2020-07-29 03:49:09",3068
"2020-07-29 04:48:42",3068
"2020-07-29 05:49:35",3068
"2020-07-29 06:48:41",3068
"2020-07-29 07:49:10",3068
"2020-07-29 08:49:14",3068
"2020-07-29 09:49:17",3068
"2020-07-29 10:49:20",3068
"2020-07-29 11:49:33",3068
"2020-07-29 13:19:48",3067
"2020-07-29 13:49:20",3067
"2020-07-29 14:49:48",3071
"2020-07-29 15:49:58",3060
"2020-07-29 16:50:08",3060
"2020-07-29 17:49:54",3055
"2020-07-29 18:49:49",3056
"2020-07-29 19:49:41",3051
"2020-07-29 20:49:40",3051
"2020-07-29 21:49:37",3053
"2020-07-29 22:49:41",3055
"2020-07-29 23:49:45",3055
"2020-07-30 00:49:47",3055
"2020-07-30 01:49:56",3055
"2020-07-30 02:49:45",3055
"2020-07-30 03:49:38",3055
"2020-07-30 04:50:44",3055
"2020-07-30 05:50:05",3055
"2020-07-30 06:49:32",3055
"2020-07-30 07:49:39",3055
"2020-07-30 08:49:47",3055
"2020-07-30 09:49:40",3055
"2020-07-30 10:49:29",3055
"2020-07-30 11:49:40",3055
"2020-07-30 13:12:17",3055
"2020-07-30 13:49:40",3055
"2020-07-30 14:49:39",3065
"2020-07-30 15:49:37",3056
"2020-07-30 16:48:57",3059
"2020-07-30 17:49:34",3055
"2020-07-30 18:49:43",3055
"2020-07-30 19:49:37",3053
"2020-07-30 20:49:10",3053
"2020-07-30 21:49:13",3053
"2020-07-30 22:49:33",3053
"2020-07-30 23:48:55",3053
"2020-07-31 00:49:39",3053
"2020-07-31 01:48:58",3053
"2020-07-31 02:49:43",3053
"2020-07-31 03:49:13",3053
"2020-07-31 04:48:49",3053
"2020-07-31 05:49:11",3053
"2020-07-31 06:48:42",3053
"2020-07-31 07:49:13",3053
"2020-07-31 08:49:14",3053
"2020-07-31 09:49:11",3053
"2020-07-31 10:48:53",3053
"2020-07-31 11:48:41",3053
"2020-07-31 12:48:42",3053
"2020-07-31 13:49:41",3053
"2020-07-31 14:48:47",3046
"2020-07-31 15:49:07",3045
"2020-07-31 16:49:17",3042
"2020-07-31 17:49:09",3039
"2020-07-31 18:49:11",3037
"2020-07-31 19:49:10",3037
"2020-07-31 20:49:10",3040
"2020-07-31 21:49:09",3039
"2020-07-31 22:48:44",3040
"2020-07-31 23:49:30",3040
"2020-08-01 00:49:33",3040
"2020-08-01 01:48:43",3040
"2020-08-01 02:48:44",3040
"2020-08-01 03:49:08",3040
"2020-08-01 04:49:30",3040
"2020-08-01 05:49:12",3040
"2020-08-01 06:49:08",3040
"2020-08-01 07:49:33",3040
"2020-08-01 08:49:32",3040
"2020-08-01 09:49:30",3040
"2020-08-01 10:49:08",3040
"2020-08-01 11:49:06",3040
"2020-08-01 12:49:09",3040
"2020-08-01 13:49:06",3040
"2020-08-01 14:48:40",3040
"2020-08-01 15:49:43",3040
"2020-08-01 16:49:37",3040
"2020-08-01 17:49:11",3040
"2020-08-01 18:49:05",3040
"2020-08-01 19:49:05",3040
"2020-08-01 20:49:03",3040
"2020-08-01 21:49:03",3040
"2020-08-01 22:49:03",3040
"2020-08-01 23:49:10",3040
"2020-08-02 00:49:40",3040
"2020-08-02 01:49:05",3040
"2020-08-02 02:48:42",3040
"2020-08-02 03:49:39",3040
"2020-08-02 04:48:40",3040
"2020-08-02 05:49:11",3040
"2020-08-02 06:49:31",3040
"2020-08-02 07:49:30",3040
"2020-08-02 08:49:30",3040
"2020-08-02 09:49:35",3040
"2020-08-02 10:49:34",3040
"2020-08-02 11:48:44",3040
"2020-08-02 12:49:04",3040
"2020-08-02 13:48:47",3040
"2020-08-02 14:48:42",3040
"2020-08-02 15:49:43",3040
"2020-08-02 16:48:39",3040
"2020-08-02 17:49:08",3040
"2020-08-02 18:49:08",3040
"2020-08-02 19:49:09",3040
"2020-08-02 20:48:43",3040
"2020-08-02 21:49:13",3040
"2020-08-02 22:49:12",3040
"2020-08-02 23:49:13",3040
"2020-08-03 00:49:34",3040
"2020-08-03 01:49:08",3040
"2020-08-03 02:49:13",3040
"2020-08-03 03:49:08",3040
"2020-08-03 04:49:07",3040
"2020-08-03 05:49:22",3040
"2020-08-03 06:48:46",3040
"2020-08-03 07:49:04",3040
"2020-08-03 08:48:44",3040
"2020-08-03 09:49:37",3040
"2020-08-03 10:49:27",3040
"2020-08-03 11:49:02",3040
"2020-08-03 12:49:28",3040
"2020-08-03 13:49:12",3040
"2020-08-03 14:48:49",3035
"2020-08-03 15:49:37",3039
"2020-08-03 16:49:22",3036
"2020-08-03 17:49:07",3033
"2020-08-03 18:48:51",3027
"2020-08-03 19:49:12",3024
"2020-08-03 20:49:04",3021
"2020-08-03 21:48:36",3021
"2020-08-03 22:49:04",3021
"2020-08-03 23:49:19",3021
"2020-08-04 00:49:34",3021
"2020-08-04 01:49:15",3021
"2020-08-04 02:49:34",3021
"2020-08-04 03:49:28",3021
"2020-08-04 04:50:15",3021
"2020-08-04 05:49:13",3021
"2020-08-04 06:49:15",3021
"2020-08-04 07:48:51",3021
"2020-08-04 08:49:18",3021
"2020-08-04 09:49:11",3021
"2020-08-04 10:48:40",3021
"2020-08-04 11:49:02",3021
"2020-08-04 12:48:41",3021
"2020-08-04 13:49:37",3021
"2020-08-04 14:49:06",3022
"2020-08-04 15:49:12",3019
"2020-08-04 16:49:12",3021
"2020-08-04 17:49:18",3020
"2020-08-04 18:49:38",3035
"2020-08-04 19:48:59",3036
"2020-08-04 20:49:04",3038
"2020-08-04 21:49:13",3038
"2020-08-04 22:49:08",3041
"2020-08-04 23:49:42",3041
"2020-08-05 00:49:17",3041
"2020-08-05 01:49:37",3041
"2020-08-05 02:48:51",3041
"2020-08-05 03:49:36",3041
"2020-08-05 04:49:27",3041
"2020-08-05 05:49:24",3041
"2020-08-05 06:48:41",3041
"2020-08-05 07:48:47",3041
"2020-08-05 08:49:11",3041
"2020-08-05 09:49:39",3041
"2020-08-05 10:49:05",3041
"2020-08-05 11:49:08",3041
"2020-08-05 13:15:47",3040
"2020-08-05 13:49:34",3040
"2020-08-05 14:49:12",3045
"2020-08-05 15:48:47",3045
"2020-08-05 16:49:07",3042
"2020-08-05 17:49:05",3037
"2020-08-05 18:49:08",3038
"2020-08-05 19:49:29",3039
"2020-08-05 20:49:01",3039
"2020-08-05 21:48:45",3038
"2020-08-05 22:49:26",3038
"2020-08-05 23:49:08",3038
"2020-08-06 00:49:42",3038
"2020-08-06 01:49:09",3038
"2020-08-06 02:48:56",3038
"2020-08-06 03:49:12",3038
"2020-08-06 04:49:10",3038
"2020-08-06 05:50:05",3037
"2020-08-06 06:49:17",3037
"2020-08-06 07:49:38",3037
"2020-08-06 08:49:41",3037
"2020-08-06 09:49:10",3037
"2020-08-06 10:49:41",3037
"2020-08-06 11:49:04",3037
"2020-08-06 12:49:39",3037
"2020-08-06 13:48:52",3037
"2020-08-06 14:48:41",3028
"2020-08-06 15:49:07",3029
"2020-08-06 16:49:35",3028
"2020-08-06 17:49:05",3028
"2020-08-06 18:49:09",3024
"2020-08-06 19:49:07",3026
"2020-08-06 20:49:34",3030
"2020-08-06 21:49:12",3029
"2020-08-06 22:48:43",3030
"2020-08-06 23:49:42",3030
"2020-08-07 00:49:08",3030
"2020-08-07 01:49:30",3030
"2020-08-07 02:49:10",3030
"2020-08-07 03:49:04",3030
"2020-08-07 04:49:36",3030
"2020-08-07 05:49:28",3030
"2020-08-07 06:48:40",3030
"2020-08-07 07:49:26",3030
"2020-08-07 08:49:04",3030
"2020-08-07 09:49:06",3030
"2020-08-07 10:49:06",3030
"2020-08-07 11:48:39",3030
"2020-08-07 12:48:38",3030
"2020-08-07 13:49:06",3030
"2020-08-07 14:48:36",3031
"2020-08-07 15:49:31",3031
"2020-08-07 16:49:05",3024
"2020-08-07 17:49:02",3024
"2020-08-07 18:49:05",3024
"2020-08-07 19:48:39",3024
"2020-08-07 20:49:10",3026
"2020-08-07 21:49:02",3026
"2020-08-07 22:49:02",3026
"2020-08-07 23:49:05",3026
"2020-08-08 00:48:40",3026
"2020-08-08 01:49:29",3026
"2020-08-08 02:48:56",3026
"2020-08-08 03:48:35",3026
"2020-08-08 04:48:37",3026
"2020-08-08 05:48:48",3026
"2020-08-08 06:49:09",3026
"2020-08-08 07:49:09",3026
"2020-08-08 08:49:35",3026
"2020-08-08 09:49:09",3026
"2020-08-08 10:49:17",3026
"2020-08-08 11:49:13",3026
"2020-08-08 12:48:52",3026
"2020-08-08 13:49:10",3026
"2020-08-08 14:49:04",3026
"2020-08-08 15:49:04",3026
"2020-08-08 16:49:06",3026
"2020-08-08 17:48:39",3026
"2020-08-08 18:48:39",3026
"2020-08-08 19:49:05",3026
"2020-08-08 20:49:30",3026
"2020-08-08 21:49:10",3026
"2020-08-08 22:49:08",3026
"2020-08-08 23:49:18",3026
"2020-08-09 00:49:40",3026
"2020-08-09 01:49:18",3026
"2020-08-09 02:49:35",3026
"2020-08-09 03:49:34",3026
"2020-08-09 04:49:09",3026
"2020-08-09 05:49:36",3026
"2020-08-09 06:49:30",3026
"2020-08-09 07:49:11",3026
"2020-08-09 08:48:44",3026
"2020-08-09 09:49:23",3026
"2020-08-09 10:48:50",3026
"2020-08-09 11:48:44",3026
"2020-08-09 12:49:19",3026
"2020-08-09 13:49:38",3026
"2020-08-09 14:49:14",3026
"2020-08-09 15:49:06",3026
"2020-08-09 16:49:36",3026
"2020-08-09 17:49:08",3026
"2020-08-09 18:49:09",3026
"2020-08-09 19:49:35",3026
"2020-08-09 20:49:11",3026
"2020-08-09 21:49:06",3026
"2020-08-09 22:49:09",3026
"2020-08-09 23:49:11",3026
"2020-08-10 00:49:33",3026
"2020-08-10 01:49:09",3026
"2020-08-10 02:49:37",3026
"2020-08-10 03:49:09",3026
"2020-08-10 04:48:41",3026
"2020-08-10 05:49:09",3026
"2020-08-10 06:48:34",3026
"2020-08-10 07:48:37",3026
"2020-08-10 08:49:13",3026
"2020-08-10 09:49:12",3026
"2020-08-10 10:49:09",3026
"2020-08-10 11:49:11",3026
"2020-08-10 12:48:38",3026
"2020-08-10 13:49:18",3027
"2020-08-10 14:49:07",3037
"2020-08-10 15:49:34",3034
"2020-08-10 16:49:08",3034
"2020-08-10 17:49:32",3037
"2020-08-10 18:49:08",3039
"2020-08-10 19:49:28",3039
"2020-08-10 20:49:02",3051
"2020-08-10 21:49:33",3052
"2020-08-10 22:48:48",3054
