timestamp,users_holding
"2018-12-10 15:03:35",0
"2018-12-10 15:40:02",0
"2018-12-10 16:40:03",15
"2018-12-10 17:40:03",25
"2018-12-10 18:40:03",37
"2018-12-10 19:40:03",41
"2018-12-10 20:40:02",48
"2018-12-10 21:40:02",54
"2018-12-10 22:40:03",54
"2018-12-10 23:40:03",54
"2018-12-11 00:40:03",54
"2018-12-11 01:40:02",54
"2018-12-11 02:40:03",54
"2018-12-11 03:40:03",54
"2018-12-11 04:40:02",54
"2018-12-11 05:40:03",54
"2018-12-11 06:40:03",54
"2018-12-11 07:40:03",54
"2018-12-11 08:40:03",54
"2018-12-11 09:40:03",54
"2018-12-11 10:40:02",54
"2018-12-11 11:40:03",54
"2018-12-11 12:40:03",54
"2018-12-11 13:40:03",54
"2018-12-11 15:04:36",71
"2018-12-11 15:40:04",71
"2018-12-11 16:40:03",76
"2018-12-11 17:40:03",85
"2018-12-11 18:40:04",88
"2018-12-11 19:40:02",88
"2018-12-11 20:40:03",89
"2018-12-11 21:40:04",90
"2018-12-11 22:40:03",89
"2018-12-11 23:40:03",89
"2018-12-12 00:40:02",89
"2018-12-12 01:40:02",89
"2018-12-12 02:40:03",89
"2018-12-12 03:40:03",89
"2018-12-12 04:40:02",89
"2018-12-12 05:40:02",89
"2018-12-12 06:40:02",89
"2018-12-12 07:40:02",89
"2018-12-12 08:40:03",89
"2018-12-12 09:40:03",89
"2018-12-12 10:40:02",89
"2018-12-12 11:40:03",89
"2018-12-12 12:40:03",89
"2018-12-12 14:05:36",89
"2018-12-12 14:40:03",89
"2018-12-12 15:40:02",89
"2018-12-12 16:40:03",115
"2018-12-12 17:40:02",118
"2018-12-12 18:40:02",121
"2018-12-12 19:40:03",125
"2018-12-12 20:40:03",126
"2018-12-12 21:40:03",129
"2018-12-12 22:40:02",130
"2018-12-12 23:40:03",131
"2018-12-13 00:40:02",131
"2018-12-13 01:40:02",131
"2018-12-13 02:40:03",131
"2018-12-13 03:40:03",131
"2018-12-13 04:40:03",131
"2018-12-13 05:40:03",131
"2018-12-13 06:40:03",131
"2018-12-13 07:40:02",131
"2018-12-13 08:40:02",131
"2018-12-13 09:40:02",131
"2018-12-13 10:40:02",131
"2018-12-13 11:40:03",131
"2018-12-13 12:40:02",131
"2018-12-13 14:04:05",132
"2018-12-13 14:40:03",132
"2018-12-13 15:40:03",170
"2018-12-13 16:40:03",178
"2018-12-13 17:40:02",183
"2018-12-13 18:40:02",186
"2018-12-13 19:40:03",189
"2018-12-13 20:40:03",194
"2018-12-13 21:40:02",199
"2018-12-13 22:40:03",198
"2018-12-13 23:40:03",198
"2018-12-14 00:40:03",198
"2018-12-14 01:40:03",198
"2018-12-14 02:40:02",198
"2018-12-14 03:40:02",198
"2018-12-14 04:40:03",198
"2018-12-14 05:40:02",198
"2018-12-14 06:40:02",198
"2018-12-14 07:40:03",198
"2018-12-14 08:40:03",198
"2018-12-14 09:40:03",198
"2018-12-14 10:40:03",198
"2018-12-14 11:40:03",198
"2018-12-14 12:40:03",198
"2018-12-14 14:04:05",198
"2018-12-14 14:40:03",198
"2018-12-14 15:40:03",208
"2018-12-14 16:40:03",213
"2018-12-14 17:40:02",217
"2018-12-14 18:40:03",222
"2018-12-14 19:40:03",222
"2018-12-14 20:40:02",223
"2018-12-14 21:40:02",223
"2018-12-14 22:40:03",222
"2018-12-14 23:40:03",223
"2018-12-15 00:40:03",223
"2018-12-15 01:40:04",223
"2018-12-15 02:40:02",223
"2018-12-15 03:40:03",223
"2018-12-15 04:40:03",223
"2018-12-15 05:40:03",223
"2018-12-15 06:40:03",223
"2018-12-15 07:40:03",223
"2018-12-15 08:40:02",223
"2018-12-15 09:40:03",223
"2018-12-15 10:40:03",223
"2018-12-15 11:40:03",223
"2018-12-15 12:40:03",223
"2018-12-15 13:40:03",223
"2018-12-15 14:40:03",223
"2018-12-15 15:40:03",223
"2018-12-15 16:40:03",223
"2018-12-15 17:40:03",223
"2018-12-15 18:40:03",223
"2018-12-15 19:40:03",223
"2018-12-15 20:40:02",223
"2018-12-15 21:40:03",223
"2018-12-15 22:40:03",223
"2018-12-15 23:40:02",223
"2018-12-16 00:40:03",223
"2018-12-16 01:40:03",223
"2018-12-16 02:40:03",223
"2018-12-16 03:40:02",223
"2018-12-16 04:40:02",223
"2018-12-16 05:40:02",223
"2018-12-16 06:40:03",223
"2018-12-16 07:40:02",223
"2018-12-16 08:40:02",223
"2018-12-16 09:40:02",223
"2018-12-16 10:40:03",223
"2018-12-16 11:40:02",223
"2018-12-16 12:40:02",223
"2018-12-16 13:40:03",223
"2018-12-16 14:40:03",223
"2018-12-16 15:40:02",223
"2018-12-16 16:40:03",223
"2018-12-16 17:40:03",223
"2018-12-16 18:40:03",223
"2018-12-16 19:40:03",223
"2018-12-16 20:40:03",223
"2018-12-16 21:40:03",223
"2018-12-16 22:40:02",223
"2018-12-16 23:40:03",223
"2018-12-17 00:40:03",223
"2018-12-17 01:40:02",223
"2018-12-17 02:40:02",223
"2018-12-17 03:40:03",223
"2018-12-17 04:40:03",223
"2018-12-17 05:40:03",223
"2018-12-17 06:40:03",223
"2018-12-17 07:40:03",223
"2018-12-17 08:40:03",223
"2018-12-17 09:40:03",223
"2018-12-17 10:40:03",223
"2018-12-17 11:40:02",223
"2018-12-17 12:40:03",223
"2018-12-17 13:40:04",223
"2018-12-17 14:40:05",222
"2018-12-17 15:40:04",232
"2018-12-17 16:40:04",232
"2018-12-17 17:40:04",232
"2018-12-17 18:40:04",232
"2018-12-17 20:05:37",232
"2018-12-17 20:40:04",232
"2018-12-17 21:40:05",230
"2018-12-17 22:40:03",230
"2018-12-17 23:40:04",230
"2018-12-18 00:40:04",230
"2018-12-18 01:40:04",230
"2018-12-18 02:40:03",230
"2018-12-18 03:40:04",230
"2018-12-18 04:40:04",230
"2018-12-18 05:40:04",230
"2018-12-18 06:40:04",230
"2018-12-18 07:40:04",230
"2018-12-18 08:40:04",230
"2018-12-18 09:40:03",230
"2018-12-18 10:40:04",230
"2018-12-18 11:40:04",230
"2018-12-18 12:40:04",230
"2018-12-18 13:40:03",230
"2018-12-18 14:40:04",231
"2018-12-18 15:40:04",273
"2018-12-18 16:40:03",283
"2018-12-18 17:40:04",290
"2018-12-18 18:40:03",286
"2018-12-18 19:40:04",290
"2018-12-18 20:40:04",297
"2018-12-18 21:40:03",307
"2018-12-18 22:40:04",307
"2018-12-18 23:40:04",307
"2018-12-19 00:40:04",307
"2018-12-19 01:40:04",307
"2018-12-19 02:40:04",307
"2018-12-19 03:40:04",307
"2018-12-19 04:40:03",307
"2018-12-19 05:40:05",307
"2018-12-19 06:40:04",307
"2018-12-19 07:40:04",307
"2018-12-19 08:40:04",307
"2018-12-19 09:40:04",307
"2018-12-19 11:40:05",307
"2018-12-19 12:40:04",307
"2018-12-19 13:40:04",307
"2018-12-19 14:40:04",307
"2018-12-19 15:40:04",322
"2018-12-19 16:40:04",323
"2018-12-19 17:40:03",323
"2018-12-19 18:40:03",324
"2018-12-19 19:40:04",323
"2018-12-19 20:40:03",325
"2018-12-19 21:40:04",327
"2018-12-19 22:40:05",328
"2018-12-19 23:40:04",328
"2018-12-20 00:40:05",328
"2018-12-20 01:40:04",328
"2018-12-20 02:40:04",328
"2018-12-20 03:40:04",328
"2018-12-20 04:40:04",328
"2018-12-20 05:40:04",328
"2018-12-20 06:40:04",328
"2018-12-20 07:40:04",328
"2018-12-20 08:40:04",328
"2018-12-20 09:40:04",328
"2018-12-20 10:40:04",328
"2018-12-20 11:40:04",328
"2018-12-20 12:40:04",328
"2018-12-20 13:40:04",328
"2018-12-20 14:40:04",327
"2018-12-20 15:40:04",327
"2018-12-20 16:40:04",326
"2018-12-20 17:40:04",320
"2018-12-20 18:40:04",321
"2018-12-20 19:40:04",318
"2018-12-20 20:40:03",318
"2018-12-20 21:40:04",321
"2018-12-20 22:40:04",322
"2018-12-20 23:40:04",322
"2018-12-21 00:40:04",322
"2018-12-21 01:40:04",322
"2018-12-21 02:40:04",322
"2018-12-21 03:40:03",322
"2018-12-21 04:40:04",322
"2018-12-21 05:40:03",322
"2018-12-21 06:40:05",322
"2018-12-21 07:40:04",322
"2018-12-21 08:40:04",322
"2018-12-21 09:40:04",322
"2018-12-21 10:40:03",322
"2018-12-21 11:40:04",322
"2018-12-21 12:40:05",322
"2018-12-21 13:40:04",322
"2018-12-21 14:40:05",322
"2018-12-21 15:40:04",323
"2018-12-21 16:40:04",317
"2018-12-21 17:40:04",312
"2018-12-21 18:40:05",305
"2018-12-21 19:40:04",306
"2018-12-21 20:40:05",309
"2018-12-21 21:40:04",313
"2018-12-21 22:40:04",313
"2018-12-21 23:40:04",313
"2018-12-22 00:40:04",313
"2018-12-22 01:40:03",313
"2018-12-22 02:40:04",313
"2018-12-22 03:40:03",313
"2018-12-22 04:40:05",313
"2018-12-22 05:40:03",313
"2018-12-22 06:40:04",313
"2018-12-22 07:40:04",313
"2018-12-22 08:40:04",313
"2018-12-22 09:40:03",313
"2018-12-22 10:40:04",313
"2018-12-22 11:40:04",313
"2018-12-22 12:40:04",313
"2018-12-22 13:40:03",313
"2018-12-22 14:40:05",313
"2018-12-22 15:40:04",313
"2018-12-22 16:40:04",313
"2018-12-22 17:40:04",313
"2018-12-22 18:40:04",313
"2018-12-22 19:40:04",313
"2018-12-22 20:40:04",313
"2018-12-22 21:40:04",313
"2018-12-22 22:40:04",313
"2018-12-22 23:40:04",313
"2018-12-23 00:40:04",313
"2018-12-23 01:40:04",313
"2018-12-23 02:40:04",313
"2018-12-23 03:40:04",313
"2018-12-23 04:40:04",313
"2018-12-23 05:40:04",313
"2018-12-23 06:40:04",313
"2018-12-23 07:40:03",313
"2018-12-23 08:40:04",313
"2018-12-23 09:40:04",313
"2018-12-23 10:40:04",313
"2018-12-23 11:40:04",313
"2018-12-23 12:40:04",313
"2018-12-23 13:40:04",313
"2018-12-23 14:40:05",313
"2018-12-23 15:40:04",313
"2018-12-23 16:40:04",313
"2018-12-23 17:40:05",313
"2018-12-23 18:40:03",313
"2018-12-23 19:40:04",313
"2018-12-23 20:40:04",313
"2018-12-23 21:40:04",313
"2018-12-23 22:40:03",313
"2018-12-23 23:40:03",313
"2018-12-24 00:40:04",313
"2018-12-24 01:40:05",313
"2018-12-24 02:40:05",313
"2018-12-24 03:40:05",313
"2018-12-24 04:40:03",313
"2018-12-24 05:40:03",313
"2018-12-24 06:40:04",313
"2018-12-24 07:40:04",313
"2018-12-24 08:40:03",313
"2018-12-24 09:40:05",313
"2018-12-24 10:40:04",313
"2018-12-24 11:40:04",313
"2018-12-24 12:40:04",313
"2018-12-24 13:40:04",313
"2018-12-24 15:03:37",317
"2018-12-24 15:40:04",317
"2018-12-24 16:40:05",320
"2018-12-24 17:40:04",321
"2018-12-24 18:40:05",320
"2018-12-24 19:40:04",321
"2018-12-24 20:40:04",320
"2018-12-24 21:40:04",320
"2018-12-24 22:40:04",320
"2018-12-24 23:40:03",320
"2018-12-25 00:40:04",320
"2018-12-25 01:40:04",320
"2018-12-25 02:40:04",320
"2018-12-25 03:40:03",320
"2018-12-25 04:40:05",320
"2018-12-25 05:40:04",320
"2018-12-25 06:40:04",320
"2018-12-25 07:40:04",320
"2018-12-25 08:40:03",320
"2018-12-25 09:40:04",320
"2018-12-25 10:40:03",320
"2018-12-25 11:40:03",320
"2018-12-25 12:40:04",320
"2018-12-25 13:40:04",320
"2018-12-25 14:40:04",320
"2018-12-25 15:40:04",320
"2018-12-25 16:40:04",320
"2018-12-25 17:40:03",320
"2018-12-25 18:40:04",320
"2018-12-25 19:40:04",320
"2018-12-25 20:40:04",320
"2018-12-25 21:40:04",320
"2018-12-25 22:40:04",320
"2018-12-25 23:40:04",320
"2018-12-26 00:40:04",320
"2018-12-26 01:40:04",320
"2018-12-26 02:40:04",320
"2018-12-26 03:40:04",320
"2018-12-26 04:40:04",320
"2018-12-26 05:40:04",320
"2018-12-26 06:40:04",320
"2018-12-26 07:40:04",320
"2018-12-26 08:40:04",320
"2018-12-26 09:40:03",320
"2018-12-26 10:40:04",320
"2018-12-26 11:40:03",320
"2018-12-26 12:40:04",320
"2018-12-26 13:40:04",320
"2018-12-26 15:05:08",318
"2018-12-26 15:40:04",318
"2018-12-26 16:40:04",321
"2018-12-26 17:40:04",329
"2018-12-26 18:40:04",331
"2018-12-26 19:40:04",329
"2018-12-26 20:40:03",335
"2018-12-26 21:40:04",336
"2018-12-26 22:40:04",336
"2018-12-26 23:40:03",336
"2018-12-27 00:40:04",336
"2018-12-27 01:40:04",336
"2018-12-27 02:40:04",336
"2018-12-27 03:40:04",336
"2018-12-27 04:40:03",336
"2018-12-27 05:40:04",336
"2018-12-27 06:40:04",336
"2018-12-27 07:40:03",336
"2018-12-27 08:40:04",336
"2018-12-27 09:40:04",336
"2018-12-27 10:40:04",336
"2018-12-27 11:40:04",336
"2018-12-27 12:40:04",336
"2018-12-27 13:40:03",336
"2018-12-27 14:40:04",336
"2018-12-27 15:40:03",343
"2018-12-27 16:40:04",343
"2018-12-27 17:40:04",351
"2018-12-27 18:40:04",365
"2018-12-27 19:40:04",366
"2018-12-27 20:40:03",370
"2018-12-27 21:40:04",371
"2018-12-27 22:40:05",371
"2018-12-27 23:40:05",372
"2018-12-28 00:40:04",372
"2018-12-28 01:40:04",372
"2018-12-28 02:40:04",372
"2018-12-28 03:40:04",372
"2018-12-28 04:40:04",372
"2018-12-28 05:40:05",372
"2018-12-28 06:40:04",372
"2018-12-28 07:40:05",372
"2018-12-28 08:40:04",372
"2018-12-28 09:40:04",372
"2018-12-28 10:40:04",372
"2018-12-28 11:40:04",372
"2018-12-28 12:40:04",372
"2018-12-28 13:40:03",372
"2018-12-28 14:40:04",370
"2018-12-28 16:05:37",374
"2018-12-28 16:40:04",374
"2018-12-28 17:40:04",380
"2018-12-28 18:40:04",380
"2018-12-28 19:40:04",384
"2018-12-28 20:40:04",391
"2018-12-28 21:40:04",388
"2018-12-28 22:40:04",388
"2018-12-28 23:40:05",388
"2018-12-29 00:40:03",388
"2018-12-29 01:40:04",388
"2018-12-29 02:40:04",388
"2018-12-29 03:40:04",388
"2018-12-29 04:40:04",388
"2018-12-29 05:40:04",388
"2018-12-29 06:40:04",388
"2018-12-29 07:40:03",388
"2018-12-29 08:40:04",388
"2018-12-29 09:40:04",388
"2018-12-29 10:40:04",388
"2018-12-29 11:40:04",388
"2018-12-29 12:40:04",388
"2018-12-29 13:40:03",388
"2018-12-29 14:40:03",388
"2018-12-29 15:40:03",388
"2018-12-29 16:40:04",388
"2018-12-29 17:40:04",388
"2018-12-29 18:40:04",388
"2018-12-29 19:40:04",388
"2018-12-29 20:40:04",388
"2018-12-29 21:40:04",388
"2018-12-29 22:40:04",388
"2018-12-29 23:40:04",388
"2018-12-30 00:40:04",388
"2018-12-30 01:40:04",388
"2018-12-30 02:40:03",388
"2018-12-30 03:40:04",388
"2018-12-30 04:40:04",388
"2018-12-30 05:40:04",388
"2018-12-30 06:40:03",388
"2018-12-30 07:40:04",388
"2018-12-30 08:40:04",388
"2018-12-30 09:40:04",388
"2018-12-30 10:40:04",388
"2018-12-30 11:40:05",388
"2018-12-30 12:40:04",388
"2018-12-30 13:40:04",388
"2018-12-30 14:40:03",388
"2018-12-30 15:40:03",388
"2018-12-30 16:40:04",388
"2018-12-30 17:40:04",388
"2018-12-30 18:40:03",388
"2018-12-30 19:40:04",388
"2018-12-30 20:40:03",388
"2018-12-30 21:40:05",388
"2018-12-30 22:40:04",388
"2018-12-30 23:40:03",388
"2018-12-31 00:40:03",388
"2018-12-31 01:40:04",388
"2018-12-31 02:40:03",388
"2018-12-31 03:40:04",388
"2018-12-31 04:40:04",388
"2018-12-31 05:40:04",388
"2018-12-31 06:40:03",388
"2018-12-31 07:40:04",388
"2018-12-31 08:40:04",388
"2018-12-31 09:40:04",388
"2018-12-31 10:40:04",388
"2018-12-31 11:40:04",388
"2018-12-31 12:40:04",388
"2018-12-31 13:40:03",388
"2018-12-31 14:40:05",389
"2018-12-31 15:40:05",411
"2018-12-31 16:40:05",410
"2018-12-31 17:40:05",413
"2018-12-31 18:40:05",412
"2018-12-31 19:40:05",411
"2018-12-31 20:40:05",413
"2018-12-31 21:40:05",415
"2018-12-31 22:40:05",415
"2018-12-31 23:40:05",415
"2019-01-01 00:40:06",415
"2019-01-01 01:40:05",415
"2019-01-01 02:40:05",415
"2019-01-01 03:40:05",415
"2019-01-01 04:40:05",415
"2019-01-01 05:40:05",415
"2019-01-01 06:40:05",415
"2019-01-01 07:40:05",415
"2019-01-01 08:40:06",415
"2019-01-01 09:40:04",415
"2019-01-01 10:40:05",415
"2019-01-01 11:40:05",415
"2019-01-01 12:40:05",415
"2019-01-01 13:40:05",415
"2019-01-01 14:40:05",415
"2019-01-01 15:40:05",415
"2019-01-01 16:40:05",415
"2019-01-01 17:40:05",415
"2019-01-01 18:40:04",415
"2019-01-01 19:40:05",415
"2019-01-01 20:40:05",415
"2019-01-01 21:40:04",415
"2019-01-01 22:40:06",415
"2019-01-01 23:40:05",415
"2019-01-02 00:40:05",415
"2019-01-02 01:40:05",415
"2019-01-02 02:40:05",415
"2019-01-02 03:40:05",415
"2019-01-02 04:40:05",415
"2019-01-02 05:40:05",415
"2019-01-02 06:40:05",415
"2019-01-02 07:40:05",415
"2019-01-02 08:40:05",415
"2019-01-02 09:40:05",415
"2019-01-02 10:40:06",415
"2019-01-02 11:40:05",415
"2019-01-02 12:40:05",415
"2019-01-02 13:40:05",415
"2019-01-02 15:05:09",419
"2019-01-02 15:40:05",419
"2019-01-02 16:40:04",420
"2019-01-02 17:40:05",421
"2019-01-02 18:40:05",421
"2019-01-02 19:40:05",421
"2019-01-02 20:40:05",422
"2019-01-02 21:40:05",423
"2019-01-02 22:40:05",424
"2019-01-02 23:40:05",426
"2019-01-03 00:40:05",426
"2019-01-03 01:40:05",426
"2019-01-03 02:40:06",426
"2019-01-03 03:40:05",426
"2019-01-03 05:40:05",426
"2019-01-03 06:40:05",426
"2019-01-03 07:40:05",426
"2019-01-03 08:40:05",426
"2019-01-03 09:40:05",426
"2019-01-03 10:40:06",426
"2019-01-03 11:40:05",426
"2019-01-03 12:40:05",426
"2019-01-03 13:40:04",426
"2019-01-03 14:40:06",426
"2019-01-03 15:40:05",427
"2019-01-03 16:40:06",424
"2019-01-03 17:40:06",421
"2019-01-03 18:40:05",420
"2019-01-03 19:40:06",422
"2019-01-03 20:40:05",423
"2019-01-03 21:40:05",423
"2019-01-03 22:40:05",423
"2019-01-03 23:40:05",423
"2019-01-04 00:40:05",423
"2019-01-04 01:40:05",423
"2019-01-04 02:40:06",423
"2019-01-04 03:40:05",423
"2019-01-04 04:40:05",423
"2019-01-04 05:40:05",423
"2019-01-04 06:40:04",423
"2019-01-04 07:40:05",423
"2019-01-04 08:40:05",423
"2019-01-04 09:40:05",423
"2019-01-04 10:40:05",423
"2019-01-04 11:40:05",423
"2019-01-04 12:40:06",423
"2019-01-04 13:40:05",423
"2019-01-04 15:04:39",423
"2019-01-04 15:40:06",423
"2019-01-04 16:40:05",422
"2019-01-04 17:40:05",422
"2019-01-04 18:40:06",426
"2019-01-04 19:40:06",425
"2019-01-04 20:40:05",425
"2019-01-04 21:40:05",423
"2019-01-04 22:40:04",423
"2019-01-04 23:40:06",423
"2019-01-05 00:40:06",423
"2019-01-05 01:40:05",423
"2019-01-05 02:40:05",423
"2019-01-05 03:40:05",423
"2019-01-05 04:40:05",423
"2019-01-05 05:40:05",423
"2019-01-05 06:40:04",423
"2019-01-05 07:40:05",423
"2019-01-05 08:40:06",423
"2019-01-05 09:40:05",423
"2019-01-05 10:40:05",423
"2019-01-05 11:40:04",423
"2019-01-05 12:40:05",423
"2019-01-05 13:40:05",423
"2019-01-05 14:40:05",423
"2019-01-05 15:40:04",423
"2019-01-05 16:40:05",423
"2019-01-05 17:40:05",423
"2019-01-05 18:40:05",423
"2019-01-05 19:40:05",423
"2019-01-05 20:40:05",423
"2019-01-05 21:40:06",423
"2019-01-05 22:40:05",423
"2019-01-05 23:40:05",423
"2019-01-06 00:40:05",423
"2019-01-06 01:40:05",423
"2019-01-06 02:40:05",423
"2019-01-06 03:40:05",423
"2019-01-06 04:40:06",423
"2019-01-06 05:40:05",423
"2019-01-06 06:40:04",423
"2019-01-06 07:40:06",423
"2019-01-06 08:40:04",423
"2019-01-06 09:40:04",423
"2019-01-06 10:40:05",423
"2019-01-06 11:40:05",423
"2019-01-06 12:40:05",423
"2019-01-06 13:40:05",423
"2019-01-06 14:40:05",423
"2019-01-06 15:40:05",423
"2019-01-06 16:40:05",423
"2019-01-06 17:40:05",423
"2019-01-06 18:40:04",423
"2019-01-06 19:40:04",423
"2019-01-06 20:40:05",423
"2019-01-06 21:40:04",423
"2019-01-06 22:40:04",423
"2019-01-06 23:40:05",423
"2019-01-07 00:40:04",423
"2019-01-07 01:40:05",423
"2019-01-07 02:40:05",423
"2019-01-07 03:40:05",423
"2019-01-07 04:40:05",423
"2019-01-07 05:40:04",423
"2019-01-07 06:40:05",423
"2019-01-07 07:40:05",423
"2019-01-07 08:40:05",423
"2019-01-07 09:40:05",423
"2019-01-07 10:40:05",423
"2019-01-07 11:40:05",423
"2019-01-07 12:40:06",423
"2019-01-07 14:05:38",422
"2019-01-07 14:40:07",422
"2019-01-07 15:40:06",439
"2019-01-07 16:40:06",445
"2019-01-07 17:40:07",447
"2019-01-07 18:40:06",452
"2019-01-07 19:40:06",450
"2019-01-07 20:40:06",451
"2019-01-07 21:40:07",453
"2019-01-07 22:40:06",453
"2019-01-07 23:40:07",452
"2019-01-08 00:40:05",452
"2019-01-08 01:40:06",452
"2019-01-08 02:40:06",452
"2019-01-08 03:40:06",452
"2019-01-08 04:40:06",452
"2019-01-08 05:40:06",452
"2019-01-08 06:40:07",452
"2019-01-08 07:40:06",452
"2019-01-08 08:40:06",452
"2019-01-08 09:40:06",452
"2019-01-08 10:40:07",452
"2019-01-08 11:40:06",452
"2019-01-08 12:40:06",452
"2019-01-08 13:40:06",452
"2019-01-08 14:40:07",452
"2019-01-08 15:40:06",459
"2019-01-08 16:40:06",465
"2019-01-08 17:40:06",469
"2019-01-08 18:40:06",472
"2019-01-08 19:40:06",475
"2019-01-08 20:40:06",475
"2019-01-08 21:40:06",476
"2019-01-08 22:40:06",477
"2019-01-08 23:40:07",478
"2019-01-09 00:40:06",478
"2019-01-09 01:40:06",478
"2019-01-09 02:40:06",478
"2019-01-09 03:40:09",478
"2019-01-09 04:40:07",478
"2019-01-09 05:40:07",478
"2019-01-09 06:40:06",478
"2019-01-09 07:40:06",478
"2019-01-09 08:40:06",478
"2019-01-09 09:40:06",478
"2019-01-09 10:40:06",478
"2019-01-09 11:40:06",478
"2019-01-09 12:40:06",478
"2019-01-09 14:05:39",478
"2019-01-09 14:40:06",478
"2019-01-09 15:40:06",479
"2019-01-09 16:40:06",483
"2019-01-09 17:40:06",493
"2019-01-09 18:40:06",494
"2019-01-09 19:40:06",498
"2019-01-09 20:40:07",498
"2019-01-09 21:40:06",502
"2019-01-09 22:40:06",502
"2019-01-09 23:40:06",502
"2019-01-10 00:40:06",502
"2019-01-10 01:40:06",502
"2019-01-10 02:40:07",502
"2019-01-10 03:40:06",502
"2019-01-10 04:40:06",502
"2019-01-10 05:40:06",502
"2019-01-10 06:40:05",502
"2019-01-10 07:40:06",502
"2019-01-10 08:40:06",502
"2019-01-10 09:40:06",502
"2019-01-10 10:40:06",502
"2019-01-10 11:40:06",502
"2019-01-10 12:40:06",502
"2019-01-10 13:40:06",502
"2019-01-10 15:04:40",498
"2019-01-10 15:40:06",498
"2019-01-10 16:40:06",496
"2019-01-10 17:40:06",495
"2019-01-10 18:40:06",497
"2019-01-10 19:40:05",498
"2019-01-10 20:40:06",497
"2019-01-10 21:40:06",496
"2019-01-10 22:40:06",495
"2019-01-10 23:40:06",495
"2019-01-11 00:40:06",495
"2019-01-11 01:40:05",495
"2019-01-11 02:40:06",495
"2019-01-11 03:40:06",495
"2019-01-11 04:40:06",495
"2019-01-11 05:40:06",495
"2019-01-11 06:40:06",495
"2019-01-11 07:40:07",495
"2019-01-11 08:40:06",495
"2019-01-11 09:40:06",495
"2019-01-11 10:40:06",495
"2019-01-11 11:40:06",495
"2019-01-11 12:40:07",495
"2019-01-11 13:40:06",495
"2019-01-11 14:40:07",495
"2019-01-11 15:40:06",491
"2019-01-11 16:40:06",492
"2019-01-11 17:40:06",492
"2019-01-11 18:40:06",490
"2019-01-11 19:40:06",489
"2019-01-11 20:40:07",496
"2019-01-11 21:40:06",514
"2019-01-11 22:40:06",518
"2019-01-11 23:40:06",522
"2019-01-12 00:40:06",522
"2019-01-12 01:40:07",522
"2019-01-12 02:40:06",522
"2019-01-12 03:40:06",522
"2019-01-12 04:40:06",522
"2019-01-12 05:40:06",522
"2019-01-12 06:40:07",522
"2019-01-12 07:40:05",522
"2019-01-12 08:40:06",522
"2019-01-12 09:40:06",522
"2019-01-12 10:40:06",522
"2019-01-12 11:40:07",522
"2019-01-12 12:40:06",522
"2019-01-12 13:40:06",522
"2019-01-12 14:40:07",522
"2019-01-12 15:40:05",522
"2019-01-12 16:40:06",522
"2019-01-12 17:40:06",522
"2019-01-12 18:40:05",522
"2019-01-12 19:40:06",522
"2019-01-12 20:40:06",522
"2019-01-12 21:40:06",522
"2019-01-12 22:40:06",522
"2019-01-12 23:40:07",522
"2019-01-13 00:40:07",522
"2019-01-13 01:40:06",522
"2019-01-13 02:40:06",522
"2019-01-13 03:40:06",522
"2019-01-13 04:40:08",522
"2019-01-13 05:40:06",522
"2019-01-13 06:40:06",522
"2019-01-13 07:40:06",522
"2019-01-13 08:40:06",522
"2019-01-13 09:40:07",522
"2019-01-13 10:40:06",522
"2019-01-13 11:40:06",522
"2019-01-13 12:40:05",522
"2019-01-13 13:40:07",522
"2019-01-13 14:40:05",522
"2019-01-13 15:40:06",522
"2019-01-13 16:40:06",522
"2019-01-13 17:40:06",522
"2019-01-13 18:40:06",522
"2019-01-13 19:40:06",522
"2019-01-13 20:40:06",522
"2019-01-13 21:40:06",522
"2019-01-13 22:40:06",522
"2019-01-13 23:40:07",522
"2019-01-14 00:40:06",522
"2019-01-14 01:40:06",522
"2019-01-14 02:40:06",522
"2019-01-14 03:40:06",522
"2019-01-14 04:40:06",522
"2019-01-14 05:40:07",522
"2019-01-14 06:40:06",522
"2019-01-14 07:40:06",522
"2019-01-14 08:40:06",522
"2019-01-14 09:40:06",522
"2019-01-14 10:40:06",522
"2019-01-14 11:40:06",522
"2019-01-14 12:40:06",522
"2019-01-14 13:40:06",522
"2019-01-14 14:40:06",524
"2019-01-14 15:40:06",603
"2019-01-14 16:40:07",625
"2019-01-14 17:40:06",650
"2019-01-14 18:40:06",675
"2019-01-14 19:40:06",693
"2019-01-14 20:40:05",703
"2019-01-14 21:40:06",723
"2019-01-14 22:40:06",728
"2019-01-14 23:40:06",733
"2019-01-15 00:40:07",733
"2019-01-15 01:40:06",733
"2019-01-15 02:40:06",733
"2019-01-15 03:40:06",733
"2019-01-15 04:40:07",733
"2019-01-15 05:40:06",733
"2019-01-15 06:40:06",733
"2019-01-15 07:40:06",733
"2019-01-15 08:40:06",733
"2019-01-15 09:40:05",733
"2019-01-15 10:40:06",733
"2019-01-15 11:40:06",733
"2019-01-15 12:40:06",733
"2019-01-15 13:40:06",733
"2019-01-15 14:40:07",733
"2019-01-15 15:40:07",813
"2019-01-15 16:40:06",834
"2019-01-15 17:40:06",830
"2019-01-15 18:40:06",834
"2019-01-15 19:40:06",838
"2019-01-15 20:40:06",837
"2019-01-15 21:40:06",836
"2019-01-15 22:40:06",836
"2019-01-15 23:40:07",836
"2019-01-16 00:40:06",836
"2019-01-16 01:40:07",836
"2019-01-16 02:40:07",836
"2019-01-16 03:40:06",836
"2019-01-16 04:40:06",836
"2019-01-16 05:40:06",836
"2019-01-16 06:40:06",836
"2019-01-16 07:40:06",836
"2019-01-16 08:40:05",836
"2019-01-16 09:40:06",836
"2019-01-16 10:40:06",836
"2019-01-16 11:40:05",836
"2019-01-16 12:40:06",836
"2019-01-16 14:06:39",837
"2019-01-16 15:05:40",796
"2019-01-16 15:40:06",796
"2019-01-16 16:40:06",788
"2019-01-16 17:40:06",777
"2019-01-16 18:40:06",769
"2019-01-16 19:40:06",771
"2019-01-16 20:40:06",774
"2019-01-16 21:40:06",774
"2019-01-16 22:40:06",773
"2019-01-16 23:40:05",773
"2019-01-17 00:40:06",773
"2019-01-17 01:40:07",773
"2019-01-17 02:40:06",773
"2019-01-17 03:40:06",773
"2019-01-17 04:40:06",773
"2019-01-17 05:40:05",773
"2019-01-17 06:40:06",773
"2019-01-17 07:40:06",773
"2019-01-17 08:40:06",773
"2019-01-17 09:40:07",773
"2019-01-17 10:40:06",773
"2019-01-17 11:40:06",773
"2019-01-17 12:40:06",773
"2019-01-17 13:40:05",773
"2019-01-17 15:06:12",788
"2019-01-17 15:40:08",788
"2019-01-17 16:40:07",789
"2019-01-17 17:40:06",802
"2019-01-17 18:40:07",807
"2019-01-17 19:40:07",811
"2019-01-17 20:40:07",813
"2019-01-17 21:40:07",823
"2019-01-17 22:40:07",826
"2019-01-17 23:40:07",824
"2019-01-18 00:40:06",824
"2019-01-18 01:40:07",824
"2019-01-18 02:40:06",824
"2019-01-18 03:40:08",824
"2019-01-18 04:40:07",824
"2019-01-18 05:40:07",824
"2019-01-18 06:40:06",824
"2019-01-18 07:40:07",824
"2019-01-18 08:40:06",824
"2019-01-18 09:40:07",824
"2019-01-18 10:40:07",824
"2019-01-18 11:40:06",824
"2019-01-18 12:40:07",824
"2019-01-18 13:40:07",824
"2019-01-18 14:40:08",825
"2019-01-18 15:40:08",870
"2019-01-18 16:40:07",876
"2019-01-18 17:40:08",878
"2019-01-18 18:40:07",880
"2019-01-18 19:40:06",885
"2019-01-18 20:40:07",886
"2019-01-18 21:40:06",885
"2019-01-18 22:40:06",885
"2019-01-18 23:40:07",885
"2019-01-19 00:40:07",885
"2019-01-19 01:40:07",885
"2019-01-19 02:40:08",885
"2019-01-19 03:40:07",885
"2019-01-19 04:40:07",885
"2019-01-19 05:40:07",885
"2019-01-19 06:40:07",885
"2019-01-19 07:40:07",885
"2019-01-19 08:40:07",885
"2019-01-19 09:40:07",885
"2019-01-19 10:40:08",885
"2019-01-19 11:40:07",885
"2019-01-19 12:40:06",885
"2019-01-19 13:40:08",885
"2019-01-19 14:40:07",885
"2019-01-19 15:40:08",885
"2019-01-19 16:40:07",885
"2019-01-19 17:40:07",885
"2019-01-19 18:40:06",885
"2019-01-19 19:40:06",885
"2019-01-19 20:40:07",885
"2019-01-19 21:40:07",885
"2019-01-19 22:40:07",885
"2019-01-19 23:40:08",885
"2019-01-20 00:40:08",885
"2019-01-20 01:40:07",885
"2019-01-20 02:40:08",885
"2019-01-20 03:40:07",885
"2019-01-20 04:40:08",885
"2019-01-20 05:40:07",885
"2019-01-20 06:40:07",885
"2019-01-20 07:40:08",885
"2019-01-20 08:40:07",885
"2019-01-20 09:40:07",885
"2019-01-20 10:40:07",885
"2019-01-20 11:40:07",885
"2019-01-20 12:40:07",885
"2019-01-20 13:40:07",885
"2019-01-20 14:40:07",885
"2019-01-20 15:40:07",885
"2019-01-20 16:40:07",885
"2019-01-20 17:40:07",885
"2019-01-20 18:40:07",885
"2019-01-20 19:40:07",885
"2019-01-20 20:40:07",885
"2019-01-20 21:40:07",885
"2019-01-20 22:40:07",885
"2019-01-20 23:40:07",885
"2019-01-21 00:40:07",885
"2019-01-21 01:40:07",885
"2019-01-21 02:40:07",885
"2019-01-21 03:40:07",885
"2019-01-21 04:40:07",885
"2019-01-21 05:40:07",885
"2019-01-21 06:40:06",885
"2019-01-21 07:40:06",885
"2019-01-21 08:40:07",885
"2019-01-21 09:40:07",885
"2019-01-21 10:40:07",885
"2019-01-21 11:40:06",885
"2019-01-21 12:40:07",885
"2019-01-21 13:40:07",885
"2019-01-21 14:40:07",885
"2019-01-21 15:40:06",885
"2019-01-21 16:40:07",885
"2019-01-21 17:40:07",885
"2019-01-21 18:40:07",885
"2019-01-21 19:40:06",885
"2019-01-21 20:40:07",885
"2019-01-21 21:40:07",885
"2019-01-21 22:40:08",885
"2019-01-21 23:40:07",885
"2019-01-22 00:40:07",885
"2019-01-22 01:40:06",885
"2019-01-22 02:40:07",885
"2019-01-22 03:40:07",885
"2019-01-22 04:40:07",885
"2019-01-22 05:40:07",885
"2019-01-22 06:40:06",885
"2019-01-22 07:40:07",885
"2019-01-22 08:40:07",885
"2019-01-22 09:40:06",885
"2019-01-22 10:40:07",885
"2019-01-22 11:40:07",885
"2019-01-22 12:40:07",885
"2019-01-22 13:40:07",885
"2019-01-22 14:40:07",886
"2019-01-22 15:40:07",902
"2019-01-22 16:40:06",889
"2019-01-22 17:40:06",888
"2019-01-22 18:40:07",883
"2019-01-22 19:40:07",886
"2019-01-22 20:40:07",892
"2019-01-22 21:40:07",886
"2019-01-22 22:40:06",889
"2019-01-22 23:40:07",888
"2019-01-23 00:40:07",888
"2019-01-23 01:40:07",888
"2019-01-23 02:40:06",888
"2019-01-23 03:40:07",888
"2019-01-23 04:40:07",888
"2019-01-23 05:40:07",888
"2019-01-23 06:40:07",888
"2019-01-23 07:40:07",888
"2019-01-23 08:40:08",888
"2019-01-23 09:40:07",888
"2019-01-23 10:40:07",888
"2019-01-23 11:40:07",888
"2019-01-23 12:40:07",888
"2019-01-23 13:40:08",888
"2019-01-23 15:04:10",907
"2019-01-23 15:40:06",907
"2019-01-23 16:40:06",918
"2019-01-23 17:40:07",926
"2019-01-23 18:40:07",934
"2019-01-23 19:40:07",934
"2019-01-23 20:40:06",936
"2019-01-23 21:40:07",944
"2019-01-23 22:40:07",944
"2019-01-23 23:40:06",944
"2019-01-30 08:04:59",994
"2019-01-30 08:06:32",994
"2019-01-30 08:08:48",994
"2019-01-30 08:12:05",994
"2019-01-30 08:18:09",994
"2019-01-30 08:40:16",994
"2019-01-30 08:40:19",994
"2019-01-30 09:40:14",994
"2019-01-30 09:40:17",994
"2019-01-30 10:40:15",994
"2019-01-30 10:40:18",994
"2019-01-30 11:40:16",994
"2019-01-30 11:40:19",994
"2019-01-30 12:40:17",994
"2019-01-30 12:40:20",994
"2019-01-30 13:40:16",994
"2019-01-30 13:40:19",994
"2019-01-30 14:40:18",994
"2019-01-30 14:40:19",994
"2019-01-30 15:40:15",994
"2019-01-30 15:40:18",994
"2019-01-30 16:40:16",995
"2019-01-30 16:40:19",995
"2019-01-30 17:40:16",997
"2019-01-30 17:40:20",997
"2019-01-30 18:40:16",1002
"2019-01-30 18:40:18",1002
"2019-01-30 19:40:18",1002
"2019-01-30 19:40:21",1002
"2019-01-30 20:40:15",1002
"2019-01-30 20:40:18",1002
"2019-01-30 21:40:17",1002
"2019-01-30 21:40:20",1002
"2019-01-30 22:40:14",1004
"2019-01-30 22:40:17",1004
"2019-01-30 23:40:16",1003
"2019-01-30 23:40:19",1003
"2019-01-31 00:40:19",1003
"2019-01-31 00:40:20",1003
"2019-01-31 01:40:14",1003
"2019-01-31 01:40:17",1003
"2019-01-31 02:40:16",1003
"2019-01-31 02:40:20",1003
"2019-01-31 03:40:16",1003
"2019-01-31 03:40:19",1003
"2019-01-31 04:40:15",1003
"2019-01-31 04:40:18",1003
"2019-01-31 05:40:14",1003
"2019-01-31 05:40:18",1003
"2019-01-31 06:40:19",1003
"2019-01-31 06:40:20",1003
"2019-01-31 08:09:00",1003
"2019-01-31 08:13:35",1003
"2019-01-31 08:40:11",1003
"2019-01-31 10:03:44",1003
"2019-01-31 10:40:12",1003
"2019-01-31 11:40:10",1003
"2019-01-31 12:40:10",1003
"2019-01-31 13:40:11",1003
"2019-01-31 15:40:10",1016
"2019-01-31 16:40:15",1014
"2019-01-31 17:40:12",1010
"2019-01-31 18:40:11",1010
"2019-01-31 19:40:13",1012
"2019-01-31 20:40:12",1009
"2019-01-31 21:40:12",1017
"2019-01-31 22:40:11",1015
"2019-01-31 23:40:11",1015
"2019-02-01 00:40:11",1015
"2019-02-01 01:40:11",1015
"2019-02-01 02:40:13",1015
"2019-02-01 03:40:11",1015
"2019-02-01 04:40:11",1015
"2019-02-01 05:40:11",1015
"2019-02-01 06:40:11",1015
"2019-02-01 07:40:11",1015
"2019-02-01 08:40:11",1015
"2019-02-01 09:40:11",1015
"2019-02-01 10:40:11",1015
"2019-02-01 11:40:12",1015
"2019-02-01 12:40:11",1015
"2019-02-01 13:40:11",1015
"2019-02-01 14:40:12",1015
"2019-02-01 15:40:11",1016
"2019-02-01 16:40:11",1015
"2019-02-01 17:40:11",1020
"2019-02-01 18:40:12",1018
"2019-02-01 19:40:13",1021
"2019-02-01 20:40:10",1023
"2019-02-01 21:40:12",1021
"2019-02-01 22:40:12",1022
"2019-02-02 00:05:14",1021
"2019-02-02 00:40:13",1021
"2019-02-02 01:40:12",1021
"2019-02-02 02:40:13",1021
"2019-02-02 03:40:12",1021
"2019-02-02 04:40:11",1021
"2019-02-02 05:40:11",1021
"2019-02-02 06:40:12",1021
"2019-02-02 07:40:12",1021
"2019-02-02 08:40:12",1021
"2019-02-02 09:40:13",1021
"2019-02-02 10:40:12",1021
"2019-02-02 11:40:12",1021
"2019-02-02 12:40:12",1021
"2019-02-02 13:40:13",1021
"2019-02-02 14:40:13",1021
"2019-02-02 15:40:12",1021
"2019-02-02 16:40:14",1021
"2019-02-02 17:40:12",1021
"2019-02-02 18:40:13",1021
"2019-02-02 19:40:11",1021
"2019-02-02 20:40:13",1021
"2019-02-02 21:40:11",1021
"2019-02-02 22:40:13",1021
"2019-02-02 23:40:13",1021
"2019-02-03 00:40:13",1021
"2019-02-03 01:40:12",1021
"2019-02-03 02:40:13",1021
"2019-02-03 03:40:12",1021
"2019-02-03 04:40:14",1021
"2019-02-03 05:40:11",1021
"2019-02-03 06:40:12",1021
"2019-02-03 07:40:12",1021
"2019-02-03 08:40:11",1021
"2019-02-03 09:40:13",1021
"2019-02-03 10:40:12",1021
"2019-02-03 11:40:13",1021
"2019-02-03 12:40:12",1021
"2019-02-03 13:40:13",1021
"2019-02-03 14:40:14",1021
"2019-02-03 15:40:12",1021
"2019-02-03 16:40:13",1021
"2019-02-03 17:40:13",1021
"2019-02-03 18:40:14",1021
"2019-02-03 19:40:11",1021
"2019-02-03 20:40:12",1021
"2019-02-03 21:40:12",1021
"2019-02-03 22:40:14",1021
"2019-02-03 23:40:14",1021
"2019-02-04 00:40:14",1021
"2019-02-04 01:40:13",1021
"2019-02-04 02:40:13",1021
"2019-02-04 03:40:12",1021
"2019-02-04 04:40:14",1021
"2019-02-04 05:40:12",1021
"2019-02-04 06:40:12",1021
"2019-02-04 07:40:12",1021
"2019-02-04 08:40:13",1021
"2019-02-04 09:40:12",1021
"2019-02-04 10:40:13",1021
"2019-02-04 11:40:12",1021
"2019-02-04 12:40:11",1021
"2019-02-04 13:40:13",1021
"2019-02-04 14:40:13",1024
"2019-02-04 15:40:14",1038
"2019-02-04 16:40:13",1082
"2019-02-04 17:40:12",1091
"2019-02-04 18:40:14",1109
"2019-02-04 19:40:12",1121
"2019-02-04 20:40:14",1136
"2019-02-04 21:40:13",1142
"2019-02-04 22:40:13",1142
"2019-02-04 23:40:15",1149
"2019-02-05 00:40:15",1149
"2019-02-05 01:40:14",1149
"2019-02-05 02:40:13",1149
"2019-02-05 03:40:12",1149
"2019-02-05 04:40:13",1149
"2019-02-05 05:40:14",1149
"2019-02-05 06:40:14",1149
"2019-02-05 07:40:13",1149
"2019-02-05 08:40:13",1149
"2019-02-05 09:40:12",1149
"2019-02-05 10:40:14",1149
"2019-02-05 11:40:12",1149
"2019-02-05 12:40:12",1149
"2019-02-05 13:40:13",1149
"2019-02-05 14:40:13",1149
"2019-02-05 15:40:12",1201
"2019-02-05 16:40:14",1233
"2019-02-05 17:40:13",1247
"2019-02-05 18:40:13",1263
"2019-02-05 19:40:14",1269
"2019-02-05 20:40:12",1282
"2019-02-05 21:40:12",1286
"2019-02-05 22:40:14",1290
"2019-02-05 23:40:16",1291
"2019-02-06 00:40:14",1291
"2019-02-06 01:40:12",1291
"2019-02-06 02:40:13",1291
"2019-02-06 03:40:13",1291
"2019-02-06 04:40:12",1291
"2019-02-06 05:40:12",1291
"2019-02-06 06:40:14",1291
"2019-02-06 07:40:14",1291
"2019-02-06 08:40:10",1291
"2019-02-06 09:40:09",1291
"2019-02-07 02:40:14",1281
"2019-02-07 03:40:12",1281
"2019-02-07 04:40:13",1281
"2019-02-07 05:40:13",1281
"2019-02-07 06:40:11",1281
"2019-02-07 07:40:12",1281
"2019-02-07 08:40:12",1281
"2019-02-07 09:40:12",1281
"2019-02-07 10:40:13",1281
"2019-02-07 11:40:14",1281
"2019-02-07 12:40:14",1281
"2019-02-07 13:40:13",1281
"2019-02-07 15:03:44",1289
"2019-02-07 15:40:14",1289
"2019-02-07 16:40:17",1288
"2019-02-07 17:40:13",1287
"2019-02-07 18:40:15",1286
"2019-02-07 19:40:15",1287
"2019-02-07 20:40:14",1287
"2019-02-07 21:40:14",1282
"2019-02-07 22:40:13",1284
"2019-02-07 23:40:15",1283
"2019-02-08 00:40:15",1283
"2019-02-08 01:40:14",1283
"2019-02-08 02:40:14",1283
"2019-02-08 03:40:17",1283
"2019-02-08 04:40:13",1283
"2019-02-08 05:40:12",1283
"2019-02-08 06:40:13",1283
"2019-02-08 07:40:13",1283
"2019-02-08 08:40:13",1283
"2019-02-08 09:40:13",1283
"2019-02-08 10:40:14",1283
"2019-02-08 11:40:14",1283
"2019-02-08 12:40:15",1283
"2019-02-08 13:40:15",1283
"2019-02-08 15:04:47",1294
"2019-02-08 15:40:12",1294
"2019-02-08 16:40:13",1294
"2019-02-08 17:40:14",1293
"2019-02-08 18:40:16",1296
"2019-02-08 19:40:14",1298
"2019-02-08 20:40:15",1300
"2019-02-08 21:40:15",1303
"2019-02-08 22:40:13",1305
"2019-02-08 23:40:13",1305
"2019-02-09 00:40:14",1305
"2019-02-09 01:40:13",1305
"2019-02-09 02:40:13",1305
"2019-02-09 03:40:12",1305
"2019-02-09 04:40:14",1305
"2019-02-09 05:40:13",1305
"2019-02-09 06:40:13",1305
"2019-02-09 07:40:13",1305
"2019-02-09 08:40:13",1305
"2019-02-09 09:40:14",1305
"2019-02-09 10:40:14",1305
"2019-02-09 11:40:12",1305
"2019-02-09 12:40:14",1305
"2019-02-09 13:40:13",1305
"2019-02-09 14:40:13",1305
"2019-02-09 15:40:15",1305
"2019-02-09 16:40:14",1305
"2019-02-09 17:40:15",1305
"2019-02-09 18:40:13",1305
"2019-02-09 19:40:13",1305
"2019-02-09 20:40:13",1305
"2019-02-09 21:40:16",1305
"2019-02-09 22:40:13",1305
"2019-02-09 23:40:14",1305
"2019-02-10 00:40:12",1305
"2019-02-10 01:40:14",1305
"2019-02-10 02:40:13",1305
"2019-02-10 03:40:12",1305
"2019-02-10 04:40:15",1305
"2019-02-10 05:40:15",1305
"2019-02-10 06:40:13",1305
"2019-02-10 07:40:12",1305
"2019-02-10 08:40:13",1305
"2019-02-10 09:40:12",1305
"2019-02-10 10:40:13",1305
"2019-02-10 11:40:13",1305
"2019-02-10 12:40:13",1305
"2019-02-10 13:40:15",1305
"2019-02-10 14:40:14",1305
"2019-02-10 15:40:15",1305
"2019-02-10 16:40:15",1305
"2019-02-10 17:40:12",1305
"2019-02-10 18:40:12",1305
"2019-02-10 19:40:15",1305
"2019-02-10 20:40:14",1305
"2019-02-10 21:40:12",1305
"2019-02-10 22:40:14",1305
"2019-02-10 23:40:15",1305
"2019-02-11 00:40:14",1305
"2019-02-11 01:40:15",1305
"2019-02-11 02:40:15",1305
"2019-02-11 03:40:13",1305
"2019-02-11 04:40:16",1305
"2019-02-11 05:40:13",1305
"2019-02-11 06:40:14",1305
"2019-02-11 07:40:12",1305
"2019-02-11 08:40:13",1305
"2019-02-11 09:40:14",1305
"2019-02-11 10:40:14",1305
"2019-02-11 11:40:12",1305
"2019-02-11 12:40:13",1305
"2019-02-11 13:40:13",1305
"2019-02-11 14:40:13",1306
"2019-02-11 15:40:13",1354
"2019-02-11 16:40:13",1349
"2019-02-11 17:40:14",1355
"2019-02-11 18:40:13",1357
"2019-02-11 19:40:13",1361
"2019-02-11 20:40:13",1365
"2019-02-11 21:40:13",1363
"2019-02-11 22:40:13",1363
"2019-02-11 23:40:15",1365
"2019-02-12 00:40:13",1365
"2019-02-12 01:40:12",1365
"2019-02-12 02:40:17",1365
"2019-02-12 03:40:13",1365
"2019-02-12 04:40:15",1365
"2019-02-12 05:40:13",1365
"2019-02-12 06:40:13",1365
"2019-02-12 07:40:12",1365
"2019-02-12 08:40:11",1365
"2019-02-12 09:40:12",1365
"2019-02-12 10:40:12",1365
"2019-02-12 11:40:13",1365
"2019-02-12 12:40:12",1365
"2019-02-12 13:40:13",1365
"2019-02-12 14:40:12",1365
"2019-02-12 15:40:14",1376
"2019-02-12 16:40:12",1390
"2019-02-12 17:40:13",1394
"2019-02-12 18:40:15",1400
"2019-02-12 19:40:13",1400
"2019-02-12 20:40:13",1401
"2019-02-12 21:40:15",1405
"2019-02-12 22:40:13",1405
"2019-02-12 23:40:14",1405
"2019-02-13 00:40:14",1405
"2019-02-13 01:40:16",1405
"2019-02-13 02:40:14",1405
"2019-02-13 03:40:14",1405
"2019-02-13 04:40:15",1405
"2019-02-13 05:40:15",1405
"2019-02-13 06:40:14",1405
"2019-02-13 07:40:14",1405
"2019-02-13 08:40:15",1405
"2019-02-13 09:40:14",1405
"2019-02-13 10:40:15",1405
"2019-02-13 11:40:14",1405
"2019-02-13 12:40:16",1405
"2019-02-13 13:40:13",1405
"2019-02-13 14:40:13",1405
"2019-02-13 15:40:14",1415
"2019-02-13 16:40:13",1425
"2019-02-13 17:40:16",1427
"2019-02-13 18:40:14",1430
"2019-02-13 19:40:13",1429
"2019-02-13 20:40:14",1432
"2019-02-13 21:40:14",1427
"2019-02-13 22:40:14",1426
"2019-02-13 23:40:15",1427
"2019-02-14 00:40:13",1427
"2019-02-14 01:40:14",1427
"2019-02-14 02:40:14",1427
"2019-02-14 03:40:16",1427
"2019-02-14 04:40:13",1427
"2019-02-14 05:40:16",1427
"2019-02-14 06:40:13",1427
"2019-02-14 07:40:13",1427
"2019-02-14 08:40:13",1427
"2019-02-14 09:40:14",1427
"2019-02-14 10:40:15",1427
"2019-02-14 11:40:14",1427
"2019-02-14 12:40:14",1427
"2019-02-14 13:40:15",1427
"2019-02-14 14:40:14",1427
"2019-02-14 15:40:16",1436
"2019-02-14 16:40:13",1432
"2019-02-14 17:40:15",1435
"2019-02-14 18:40:14",1437
"2019-02-14 19:40:13",1434
"2019-02-14 20:40:15",1443
"2019-02-14 21:40:14",1446
"2019-02-14 22:40:14",1449
"2019-02-15 00:40:14",1453
"2019-02-15 01:40:14",1453
"2019-02-15 02:40:16",1453
"2019-02-15 03:40:16",1453
"2019-02-15 04:40:18",1453
"2019-02-15 05:40:14",1453
"2019-02-15 06:40:13",1453
"2019-02-15 07:40:15",1453
"2019-02-15 08:40:15",1453
"2019-02-15 09:40:14",1453
"2019-02-15 10:40:15",1453
"2019-02-15 11:40:15",1453
"2019-02-15 12:40:13",1453
"2019-02-15 14:05:16",1455
"2019-02-15 14:40:16",1455
"2019-02-15 15:40:19",1464
"2019-02-15 16:40:17",1487
"2019-02-15 17:40:13",1492
"2019-02-15 18:40:17",1496
"2019-02-15 19:40:15",1499
"2019-02-15 20:40:14",1506
"2019-02-15 21:40:16",1516
"2019-02-15 22:40:14",1518
"2019-02-15 23:40:15",1519
"2019-02-16 00:40:15",1519
"2019-02-16 01:40:21",1519
"2019-02-16 02:40:18",1519
"2019-02-16 03:40:16",1519
"2019-02-16 04:40:14",1519
"2019-02-16 05:40:15",1519
"2019-02-16 06:40:14",1519
"2019-02-16 07:40:14",1519
"2019-02-16 08:40:14",1519
"2019-02-16 09:40:16",1519
"2019-02-16 10:40:16",1519
"2019-02-16 11:40:13",1519
"2019-02-16 12:40:15",1519
"2019-02-16 13:40:15",1519
"2019-02-16 14:40:14",1519
"2019-02-16 15:40:18",1519
"2019-02-16 16:40:13",1519
"2019-02-16 17:40:14",1519
"2019-02-16 18:40:15",1519
"2019-02-16 19:40:14",1519
"2019-02-16 20:40:15",1519
"2019-02-16 21:40:15",1519
"2019-02-16 22:40:15",1519
"2019-02-16 23:40:13",1519
"2019-02-17 00:40:16",1519
"2019-02-17 01:40:16",1519
"2019-02-17 02:40:13",1519
"2019-02-17 03:40:14",1519
"2019-02-17 04:40:13",1519
"2019-02-17 05:40:14",1519
"2019-02-17 06:40:14",1519
"2019-02-17 07:40:15",1519
"2019-02-17 08:40:15",1519
"2019-02-17 09:40:13",1519
"2019-02-17 10:40:14",1519
"2019-02-17 11:40:16",1519
"2019-02-17 12:40:13",1519
"2019-02-17 13:40:15",1519
"2019-02-17 14:40:14",1519
"2019-02-17 15:40:15",1519
"2019-02-17 16:40:15",1519
"2019-02-17 17:40:14",1519
"2019-02-17 18:40:16",1519
"2019-02-17 19:40:14",1519
"2019-02-17 20:40:15",1519
"2019-02-17 21:40:13",1519
"2019-02-17 22:40:14",1519
"2019-02-17 23:40:15",1519
"2019-02-18 00:40:15",1519
"2019-02-18 01:40:15",1519
"2019-02-18 02:40:17",1519
"2019-02-18 03:40:15",1519
"2019-02-18 04:40:14",1519
"2019-02-18 05:40:14",1519
"2019-02-18 06:40:14",1519
"2019-02-18 07:40:15",1519
"2019-02-18 08:40:14",1519
"2019-02-18 09:40:17",1519
"2019-02-18 10:40:14",1519
"2019-02-18 11:40:14",1519
"2019-02-18 12:40:16",1519
"2019-02-18 13:40:19",1519
"2019-02-18 14:40:14",1519
"2019-02-18 15:40:15",1519
"2019-02-18 16:40:15",1519
"2019-02-18 17:40:15",1519
"2019-02-18 18:40:15",1519
"2019-02-18 19:40:15",1519
"2019-02-18 20:40:14",1519
"2019-02-18 21:40:14",1519
"2019-02-18 22:40:12",1519
"2019-02-18 23:40:14",1519
"2019-02-19 00:40:13",1519
"2019-02-19 01:40:17",1519
"2019-02-19 02:40:15",1519
"2019-02-19 03:40:15",1519
"2019-02-19 04:40:15",1519
"2019-02-19 05:40:14",1519
"2019-02-19 06:40:14",1519
"2019-02-19 07:40:15",1519
"2019-02-19 08:40:15",1519
"2019-02-19 09:40:14",1519
"2019-02-19 10:40:13",1519
"2019-02-19 11:40:12",1519
"2019-02-19 12:40:13",1519
"2019-02-19 14:04:47",1521
"2019-02-19 14:40:16",1521
"2019-02-19 15:40:16",1573
"2019-02-19 16:40:15",1584
"2019-02-19 17:40:15",1588
"2019-02-19 18:40:18",1593
"2019-02-19 19:40:15",1599
"2019-02-19 20:40:16",1602
"2019-02-19 21:40:15",1603
"2019-02-19 22:40:14",1604
"2019-02-19 23:40:13",1603
"2019-02-20 00:40:19",1603
"2019-02-20 01:40:14",1603
"2019-02-20 02:40:15",1603
"2019-02-20 03:40:19",1603
"2019-02-20 04:40:16",1603
"2019-02-20 05:40:15",1603
"2019-02-20 06:40:16",1603
"2019-02-20 07:40:14",1603
"2019-02-20 08:40:16",1603
"2019-02-20 09:40:15",1603
"2019-02-20 10:40:15",1603
"2019-02-20 11:40:17",1603
"2019-02-20 12:40:14",1603
"2019-02-20 13:40:14",1603
"2019-02-20 14:40:16",1603
"2019-02-20 15:40:15",1614
"2019-02-20 16:40:15",1611
"2019-02-20 17:40:16",1611
"2019-02-20 18:40:15",1614
"2019-02-20 19:40:16",1615
"2019-02-20 20:40:15",1620
"2019-02-20 21:40:17",1623
"2019-02-20 22:40:16",1626
"2019-02-20 23:40:13",1627
"2019-02-21 00:40:15",1627
"2019-02-21 01:40:17",1627
"2019-02-21 02:40:17",1627
"2019-02-21 03:40:14",1627
"2019-02-21 04:40:14",1627
"2019-02-21 05:40:16",1627
"2019-02-21 06:40:14",1627
"2019-02-21 07:40:15",1627
"2019-02-21 08:40:13",1627
"2019-02-21 09:40:15",1627
"2019-02-21 10:40:15",1627
"2019-02-21 11:40:15",1627
"2019-02-21 12:40:13",1627
"2019-02-21 13:40:14",1627
"2019-02-21 14:40:15",1627
"2019-02-21 15:40:16",1632
"2019-02-21 17:04:16",1639
"2019-02-21 17:40:14",1639
"2019-02-21 18:40:13",1641
"2019-02-21 19:40:13",1644
"2019-02-21 20:40:17",1641
"2019-02-21 21:40:13",1635
"2019-02-21 22:40:13",1637
"2019-02-21 23:40:13",1637
"2019-02-22 00:40:14",1637
"2019-02-22 01:40:16",1637
"2019-02-22 02:40:15",1637
"2019-02-22 03:40:16",1637
"2019-02-22 04:40:14",1637
"2019-02-22 05:40:14",1637
"2019-02-22 06:40:14",1637
"2019-02-22 07:40:16",1637
"2019-02-22 08:40:16",1637
"2019-02-22 09:40:14",1637
"2019-02-22 10:40:14",1637
"2019-02-22 11:40:15",1637
"2019-02-22 12:40:14",1637
"2019-02-22 13:40:13",1637
"2019-02-22 14:40:15",1637
"2019-02-22 15:40:16",1653
"2019-02-22 16:40:14",1658
"2019-02-22 17:40:14",1656
"2019-02-22 18:40:14",1654
"2019-02-22 19:40:13",1655
"2019-02-22 20:40:13",1665
"2019-02-22 21:40:17",1666
"2019-02-22 22:40:14",1667
"2019-02-22 23:40:16",1669
"2019-02-23 00:40:13",1669
"2019-02-23 01:40:15",1669
"2019-02-23 02:40:16",1669
"2019-02-23 03:40:16",1669
"2019-02-23 04:40:14",1669
"2019-02-23 05:40:15",1669
"2019-02-23 06:40:13",1669
"2019-02-23 07:40:12",1669
"2019-02-23 08:40:14",1669
"2019-02-23 09:40:14",1669
"2019-02-23 10:40:14",1669
"2019-02-23 11:40:15",1669
"2019-02-23 12:40:14",1669
"2019-02-23 13:40:13",1669
"2019-02-23 14:40:15",1669
"2019-02-23 15:40:14",1669
"2019-02-23 16:40:14",1669
"2019-02-23 17:40:14",1669
"2019-02-23 18:40:14",1669
"2019-02-23 19:40:13",1669
"2019-02-23 20:40:15",1669
"2019-02-23 21:40:15",1669
"2019-02-23 22:40:14",1669
"2019-02-23 23:40:14",1669
"2019-02-24 00:40:15",1669
"2019-02-24 01:40:14",1669
"2019-02-24 02:40:15",1669
"2019-02-24 03:40:15",1669
"2019-02-24 04:40:15",1669
"2019-02-24 05:40:14",1669
"2019-02-24 06:40:14",1669
"2019-02-24 07:40:15",1669
"2019-02-24 08:40:13",1669
"2019-02-24 09:40:14",1669
"2019-02-24 10:40:13",1669
"2019-02-24 11:40:14",1669
"2019-02-24 12:40:13",1669
"2019-02-24 13:40:13",1669
"2019-02-24 14:40:14",1669
"2019-02-24 15:40:15",1669
"2019-02-24 16:40:15",1669
"2019-02-24 17:40:15",1669
"2019-02-24 18:40:16",1669
"2019-02-24 19:40:15",1669
"2019-02-24 20:40:14",1669
"2019-02-24 21:40:13",1669
"2019-02-24 22:40:14",1669
"2019-02-24 23:37:15",1669
"2019-02-24 23:40:14",1669
"2019-02-25 00:40:15",1669
"2019-02-25 01:40:14",1669
"2019-02-25 02:40:13",1669
"2019-02-25 03:40:15",1669
"2019-02-25 04:40:14",1669
"2019-02-25 05:40:14",1669
"2019-02-25 06:40:13",1669
"2019-02-25 07:40:14",1669
"2019-02-25 08:40:13",1669
"2019-02-25 09:40:15",1669
"2019-02-25 10:40:14",1669
"2019-02-25 11:40:15",1669
"2019-02-25 12:40:13",1669
"2019-02-25 14:05:17",1668
"2019-02-25 14:40:14",1668
"2019-02-25 15:40:15",1695
"2019-02-25 16:40:15",1698
"2019-02-25 17:40:15",1702
"2019-02-25 18:40:16",1706
"2019-02-25 19:40:14",1709
"2019-02-25 20:40:14",1719
"2019-02-25 21:40:15",1719
"2019-02-25 22:40:14",1718
"2019-02-25 23:40:16",1718
"2019-02-26 00:40:15",1718
"2019-02-26 01:40:15",1718
"2019-02-26 02:40:15",1718
"2019-02-26 03:40:16",1718
"2019-02-26 04:40:17",1718
"2019-02-26 05:40:14",1718
"2019-02-26 06:40:15",1718
"2019-02-26 07:40:15",1718
"2019-02-26 08:40:14",1718
"2019-02-26 09:40:16",1718
"2019-02-26 10:40:13",1718
"2019-02-26 11:40:15",1718
"2019-02-26 12:40:14",1718
"2019-02-26 13:40:14",1718
"2019-02-26 14:40:15",1718
"2019-02-26 15:40:16",1722
"2019-02-26 16:40:15",1724
"2019-02-26 17:40:14",1726
"2019-02-26 18:40:14",1724
"2019-02-26 19:40:17",1725
"2019-02-26 20:40:15",1728
"2019-02-26 21:40:14",1727
"2019-02-26 22:40:16",1726
"2019-02-26 23:40:15",1725
"2019-02-27 00:40:17",1725
"2019-02-27 01:40:16",1725
"2019-02-27 02:40:14",1725
"2019-02-27 03:40:21",1725
"2019-02-27 04:40:17",1725
"2019-02-27 05:40:15",1725
"2019-02-27 06:40:17",1725
"2019-02-27 07:40:17",1725
"2019-02-27 08:40:17",1725
"2019-02-27 09:40:13",1725
"2019-02-27 10:40:14",1725
"2019-02-27 11:40:18",1725
"2019-02-27 12:40:19",1725
"2019-02-27 13:40:16",1725
"2019-02-27 14:40:16",1725
"2019-02-27 15:40:18",1736
"2019-02-27 16:40:15",1741
"2019-02-27 17:40:15",1741
"2019-02-27 18:40:16",1742
"2019-02-27 19:40:17",1744
"2019-02-27 20:40:16",1749
"2019-02-27 21:40:15",1745
"2019-02-27 22:40:17",1744
"2019-02-27 23:40:15",1743
"2019-02-28 00:40:15",1743
"2019-02-28 01:40:14",1743
"2019-02-28 02:40:16",1743
"2019-02-28 03:40:21",1743
"2019-02-28 04:40:15",1743
"2019-02-28 05:40:15",1743
"2019-02-28 06:40:14",1743
"2019-02-28 07:40:15",1743
"2019-02-28 08:40:15",1743
"2019-02-28 09:40:14",1743
"2019-02-28 10:40:15",1743
"2019-02-28 11:40:15",1743
"2019-02-28 12:40:16",1743
"2019-02-28 13:40:15",1743
"2019-02-28 15:04:20",1751
"2019-02-28 15:40:14",1751
"2019-02-28 16:40:18",1755
"2019-02-28 17:40:15",1762
"2019-02-28 18:40:17",1762
"2019-02-28 19:40:17",1769
"2019-02-28 20:40:15",1775
"2019-02-28 21:40:16",1775
"2019-02-28 22:40:17",1778
"2019-02-28 23:40:15",1778
"2019-03-01 00:40:16",1778
"2019-03-01 01:40:17",1778
"2019-03-01 02:40:17",1778
"2019-03-01 03:40:18",1778
"2019-03-01 04:40:16",1778
"2019-03-01 05:40:17",1778
"2019-03-01 06:40:16",1778
"2019-03-01 07:40:18",1778
"2019-03-01 08:40:16",1778
"2019-03-01 09:40:15",1778
"2019-03-01 10:40:17",1778
"2019-03-01 11:40:16",1778
"2019-03-01 12:40:15",1778
"2019-03-01 13:40:20",1777
"2019-03-01 14:40:17",1778
"2019-03-01 15:40:16",1797
"2019-03-01 16:40:16",1800
"2019-03-01 17:40:16",1799
"2019-03-01 18:40:17",1798
"2019-03-01 19:40:18",1799
"2019-03-01 20:40:19",1797
"2019-03-01 21:40:16",1800
"2019-03-01 22:40:17",1799
"2019-03-01 23:40:17",1801
"2019-03-02 07:40:15",1801
"2019-03-02 08:40:17",1801
"2019-03-02 09:40:15",1801
"2019-03-02 10:40:17",1801
"2019-03-02 11:40:17",1801
"2019-03-02 15:40:18",1801
"2019-03-02 16:40:16",1801
"2019-03-02 17:40:16",1801
"2019-03-04 02:40:15",1801
"2019-03-04 07:40:17",1801
"2019-03-04 10:40:14",1801
"2019-03-04 11:40:16",1801
"2019-03-04 12:40:15",1801
"2019-03-04 13:40:15",1801
"2019-03-04 14:40:17",1801
"2019-03-04 15:40:15",1810
"2019-03-04 16:40:17",1812
"2019-03-04 17:40:17",1815
"2019-03-04 18:40:16",1812
"2019-03-04 19:40:16",1815
"2019-03-04 20:40:16",1813
"2019-03-04 21:40:16",1813
"2019-03-04 22:40:17",1814
"2019-03-04 23:40:16",1814
"2019-03-05 00:40:18",1814
"2019-03-05 01:40:16",1814
"2019-03-05 02:40:18",1814
"2019-03-05 03:40:17",1814
"2019-03-05 04:40:16",1814
"2019-03-05 05:40:16",1814
"2019-03-05 06:40:15",1814
"2019-03-05 07:40:15",1814
"2019-03-05 08:40:16",1814
"2019-03-05 09:40:17",1814
"2019-03-05 10:40:16",1814
"2019-03-05 11:40:14",1814
"2019-03-05 12:40:16",1814
"2019-03-05 14:05:21",1816
"2019-03-05 14:40:17",1816
"2019-03-05 15:40:17",1820
"2019-03-05 16:40:17",1831
"2019-03-05 17:40:18",1827
"2019-03-05 18:40:18",1824
"2019-03-05 19:40:17",1822
"2019-03-05 20:40:18",1822
"2019-03-05 21:40:16",1821
"2019-03-05 22:40:20",1821
"2019-03-05 23:40:18",1823
"2019-03-06 00:40:18",1823
"2019-03-06 01:40:18",1823
"2019-03-06 02:40:17",1823
"2019-03-06 03:40:17",1823
"2019-03-06 04:40:18",1823
"2019-03-06 05:40:16",1823
"2019-03-06 06:40:21",1823
"2019-03-06 07:40:16",1823
"2019-03-06 08:40:15",1823
"2019-03-06 09:40:16",1823
"2019-03-06 10:40:17",1823
"2019-03-06 11:40:35",1823
"2019-03-06 12:40:20",1823
"2019-03-06 14:04:56",1824
"2019-03-06 14:40:29",1824
"2019-03-06 15:40:24",1835
"2019-03-06 16:40:15",1842
"2019-03-06 17:40:19",1842
"2019-03-06 18:40:19",1846
"2019-03-06 19:40:17",1847
"2019-03-06 20:40:17",1852
"2019-03-06 21:40:17",1852
"2019-03-06 22:40:15",1852
"2019-03-06 23:40:17",1852
"2019-03-07 00:40:16",1852
"2019-03-07 01:40:17",1852
"2019-03-07 02:40:17",1852
"2019-03-07 03:40:17",1852
"2019-03-07 04:40:20",1852
"2019-03-07 05:40:17",1852
"2019-03-07 06:40:17",1852
"2019-03-07 07:40:16",1852
"2019-03-07 08:40:18",1852
"2019-03-07 09:40:16",1852
"2019-03-07 10:40:16",1852
"2019-03-07 11:40:16",1852
"2019-03-07 12:40:15",1852
"2019-03-07 13:40:17",1852
"2019-03-07 14:40:19",1853
"2019-03-07 15:40:16",1859
"2019-03-07 16:40:17",1863
"2019-03-07 17:40:18",1871
"2019-03-07 18:40:18",1877
"2019-03-07 20:04:50",1886
"2019-03-07 20:40:17",1886
"2019-03-07 21:40:17",1894
"2019-03-07 22:40:21",1908
"2019-03-07 23:40:16",1908
"2019-03-08 00:40:16",1908
"2019-03-08 01:40:17",1908
"2019-03-08 02:40:17",1908
"2019-03-08 03:40:17",1908
"2019-03-08 04:40:15",1908
"2019-03-08 05:40:15",1908
"2019-03-08 06:40:16",1908
"2019-03-08 07:40:17",1908
"2019-03-08 08:40:16",1908
"2019-03-08 09:40:16",1908
"2019-03-08 10:40:16",1908
"2019-03-08 11:40:18",1908
"2019-03-08 12:40:15",1908
"2019-03-08 14:05:21",1908
"2019-03-08 14:40:17",1908
"2019-03-08 15:40:18",1929
"2019-03-08 16:40:17",1941
"2019-03-08 17:40:17",1942
"2019-03-08 18:40:19",1959
"2019-03-08 19:40:20",1960
"2019-03-08 20:40:16",1965
"2019-03-08 21:40:22",1965
"2019-03-08 22:40:16",1966
"2019-03-08 23:40:19",1968
"2019-03-09 00:40:21",1968
"2019-03-09 01:40:17",1968
"2019-03-09 02:40:18",1968
"2019-03-09 03:40:18",1968
"2019-03-09 04:40:19",1968
"2019-03-09 05:40:18",1968
"2019-03-09 06:40:17",1968
"2019-03-09 07:40:17",1968
"2019-03-09 08:40:16",1968
"2019-03-09 09:40:16",1968
"2019-03-09 10:40:18",1968
"2019-03-09 11:40:17",1968
"2019-03-09 12:40:17",1968
"2019-03-09 13:40:16",1968
"2019-03-09 14:40:17",1968
"2019-03-09 15:40:19",1968
"2019-03-09 16:40:17",1968
"2019-03-09 17:40:19",1968
"2019-03-09 18:40:18",1968
"2019-03-09 19:40:17",1968
"2019-03-09 20:40:17",1968
"2019-03-09 21:40:17",1968
"2019-03-09 22:40:18",1968
"2019-03-09 23:40:17",1968
"2019-03-10 00:40:16",1968
"2019-03-10 01:40:18",1968
"2019-03-10 02:40:19",1968
"2019-03-10 03:40:17",1968
"2019-03-10 04:40:18",1968
"2019-03-10 05:40:17",1968
"2019-03-10 06:40:18",1968
"2019-03-10 07:40:16",1968
"2019-03-10 08:40:17",1968
"2019-03-10 09:40:16",1968
"2019-03-10 10:40:16",1968
"2019-03-10 11:40:17",1968
"2019-03-10 12:40:18",1968
"2019-03-10 13:40:16",1968
"2019-03-10 14:40:18",1968
"2019-03-10 15:40:17",1968
"2019-03-10 16:40:17",1968
"2019-03-10 17:40:20",1968
"2019-03-10 18:40:19",1968
"2019-03-10 19:40:17",1968
"2019-03-10 20:40:17",1968
"2019-03-10 21:40:17",1968
"2019-03-10 22:40:16",1968
"2019-03-10 23:40:18",1968
"2019-03-11 00:40:18",1968
"2019-03-11 01:40:18",1968
"2019-03-11 02:40:17",1968
"2019-03-11 03:40:16",1968
"2019-03-11 04:40:18",1968
"2019-03-11 05:40:17",1968
"2019-03-11 06:40:17",1968
"2019-03-11 07:40:16",1968
"2019-03-11 08:40:15",1968
"2019-03-11 09:40:17",1968
"2019-03-11 10:40:18",1968
"2019-03-11 11:40:16",1968
"2019-03-11 12:40:20",1968
"2019-03-11 13:40:18",1971
"2019-03-11 14:40:19",1966
"2019-03-11 15:40:18",1963
"2019-03-11 16:40:17",1966
"2019-03-11 17:40:17",1961
"2019-03-11 18:40:17",1961
"2019-03-11 19:40:17",1970
"2019-03-11 20:40:17",1964
"2019-03-11 21:40:20",1963
"2019-03-11 22:40:17",1967
"2019-03-11 23:40:18",1967
"2019-03-12 00:40:19",1967
"2019-03-12 01:40:15",1967
"2019-03-12 02:40:17",1967
"2019-03-12 03:40:18",1967
"2019-03-12 04:40:17",1967
"2019-03-12 05:40:17",1967
"2019-03-12 06:40:19",1967
"2019-03-12 07:40:15",1967
"2019-03-12 08:40:17",1967
"2019-03-12 09:40:17",1967
"2019-03-12 10:40:20",1967
"2019-03-12 11:40:17",1967
"2019-03-12 12:40:18",1967
"2019-03-12 13:40:17",1968
"2019-03-12 14:40:16",1997
"2019-03-12 15:40:16",2015
"2019-03-12 16:40:17",2020
"2019-03-12 17:40:16",2030
"2019-03-12 18:40:18",2037
"2019-03-12 19:40:16",2047
"2019-03-12 20:40:17",2052
"2019-03-12 21:40:17",2053
"2019-03-12 22:40:16",2053
"2019-03-12 23:40:18",2053
"2019-03-13 00:40:16",2053
"2019-03-13 01:40:17",2053
"2019-03-13 02:40:17",2053
"2019-03-13 03:40:18",2053
"2019-03-13 04:40:17",2053
"2019-03-13 05:40:17",2053
"2019-03-13 06:40:16",2053
"2019-03-13 07:40:20",2053
"2019-03-13 08:40:16",2053
"2019-03-13 09:40:16",2053
"2019-03-13 10:40:16",2053
"2019-03-13 11:40:16",2053
"2019-03-13 13:04:19",2052
"2019-03-13 13:40:16",2052
"2019-03-13 14:40:16",2084
"2019-03-13 15:40:17",2086
"2019-03-13 16:40:17",2091
"2019-03-13 17:40:19",2090
"2019-03-13 18:40:16",2091
"2019-03-13 19:40:16",2091
"2019-03-13 20:40:17",2094
"2019-03-13 21:40:18",2098
"2019-03-13 22:40:16",2099
"2019-03-13 23:40:18",2099
"2019-03-14 00:40:16",2099
"2019-03-14 01:40:18",2099
"2019-03-14 02:40:18",2099
"2019-03-14 03:40:16",2099
"2019-03-14 04:40:17",2099
"2019-03-14 05:40:16",2099
"2019-03-14 06:40:17",2099
"2019-03-14 07:40:16",2099
"2019-03-14 08:40:16",2099
"2019-03-14 09:40:15",2099
"2019-03-14 10:40:17",2099
"2019-03-14 11:40:17",2099
"2019-03-14 13:04:51",2100
"2019-03-14 13:40:16",2100
"2019-03-14 14:40:17",2118
"2019-03-14 15:40:16",2118
"2019-03-14 16:40:17",2126
"2019-03-14 17:40:18",2133
"2019-03-14 18:40:16",2130
"2019-03-14 19:40:20",2132
"2019-03-14 20:40:16",2137
"2019-03-14 21:40:17",2138
"2019-03-14 22:40:20",2138
"2019-03-14 23:40:19",2138
"2019-03-15 00:40:18",2138
"2019-03-15 01:40:17",2138
"2019-03-15 02:40:20",2138
"2019-03-15 03:40:17",2138
"2019-03-15 04:40:17",2138
"2019-03-15 05:40:17",2138
"2019-03-15 06:40:15",2138
"2019-03-15 07:40:17",2138
"2019-03-15 08:40:17",2138
"2019-03-15 09:40:17",2138
"2019-03-15 10:40:19",2138
"2019-03-15 11:40:18",2138
"2019-03-15 12:40:18",2138
"2019-03-15 13:40:17",2138
"2019-03-15 14:40:17",2150
"2019-03-15 15:40:20",2156
"2019-03-15 16:40:18",2157
"2019-03-15 17:40:21",2167
"2019-03-15 18:40:18",2174
"2019-03-15 19:40:18",2181
"2019-03-15 20:40:18",2181
"2019-03-15 21:40:17",2188
"2019-03-15 22:40:17",2187
"2019-03-15 23:40:20",2187
"2019-03-16 00:40:18",2187
"2019-03-16 01:40:16",2187
"2019-03-16 02:40:19",2187
"2019-03-16 03:40:18",2187
"2019-03-16 04:40:19",2187
"2019-03-16 05:40:19",2187
"2019-03-16 06:40:18",2187
"2019-03-16 07:40:18",2187
"2019-03-16 08:40:21",2187
"2019-03-16 09:40:17",2187
"2019-03-16 10:40:17",2187
"2019-03-16 11:40:18",2187
"2019-03-16 12:40:17",2187
"2019-03-16 13:40:17",2187
"2019-03-16 14:40:18",2187
"2019-03-16 15:40:19",2187
"2019-03-16 16:40:18",2187
"2019-03-16 17:40:17",2187
"2019-03-16 18:40:17",2187
"2019-03-16 19:40:17",2187
"2019-03-16 20:40:19",2187
"2019-03-16 21:40:19",2187
"2019-03-16 22:40:19",2187
"2019-03-16 23:40:18",2187
"2019-03-17 00:40:20",2187
"2019-03-17 01:40:18",2187
"2019-03-17 02:40:20",2187
"2019-03-17 03:40:19",2187
"2019-03-17 04:40:17",2187
"2019-03-17 05:40:20",2187
"2019-03-17 06:40:17",2187
"2019-03-17 07:40:18",2187
"2019-03-17 08:40:16",2187
"2019-03-17 09:40:20",2187
"2019-03-17 10:40:18",2187
"2019-03-17 11:40:18",2187
"2019-03-17 12:40:18",2187
"2019-03-17 13:40:17",2187
"2019-03-17 14:40:16",2187
"2019-03-17 15:40:17",2187
"2019-03-17 16:40:16",2187
"2019-03-17 17:40:15",2187
"2019-03-17 18:40:17",2187
"2019-03-17 19:40:17",2187
"2019-03-17 20:40:16",2187
"2019-03-17 21:40:16",2187
"2019-03-17 22:40:15",2187
"2019-03-17 23:40:17",2187
"2019-03-18 00:40:16",2187
"2019-03-18 01:40:17",2187
"2019-03-18 02:40:18",2187
"2019-03-18 03:40:18",2187
"2019-03-18 04:40:17",2187
"2019-03-18 05:40:17",2187
"2019-03-18 06:40:16",2187
"2019-03-18 07:40:18",2187
"2019-03-18 08:40:16",2187
"2019-03-18 09:40:18",2187
"2019-03-18 10:40:17",2187
"2019-03-18 11:40:16",2187
"2019-03-18 12:40:18",2187
"2019-03-18 13:40:18",2187
"2019-03-18 14:40:18",2199
"2019-03-18 15:40:21",2210
"2019-03-18 16:40:16",2206
"2019-03-18 17:40:19",2204
"2019-03-18 18:40:19",2207
"2019-03-18 19:40:20",2207
"2019-03-18 20:40:18",2207
"2019-03-18 21:40:18",2209
"2019-03-18 22:40:20",2213
"2019-03-18 23:40:19",2213
"2019-03-19 00:40:22",2213
"2019-03-19 01:40:20",2213
"2019-03-19 02:40:20",2213
"2019-03-19 03:40:16",2213
"2019-03-19 04:40:17",2213
"2019-03-19 05:40:16",2213
"2019-03-19 06:40:21",2213
"2019-03-19 07:40:19",2213
"2019-03-19 08:40:17",2213
"2019-03-19 09:40:18",2213
"2019-03-19 10:40:17",2213
"2019-03-19 11:40:17",2213
"2019-03-19 12:40:20",2213
"2019-03-19 13:40:18",2213
"2019-03-19 14:40:19",2213
"2019-03-19 15:40:20",2209
"2019-03-19 16:40:19",2202
"2019-03-19 17:40:21",2195
"2019-03-19 18:40:19",2186
"2019-03-19 19:40:20",2184
"2019-03-19 20:40:20",2182
"2019-03-19 21:40:22",2183
"2019-03-19 22:40:21",2183
"2019-03-19 23:40:21",2183
"2019-03-20 00:40:21",2183
"2019-03-20 01:40:21",2183
"2019-03-20 02:40:20",2183
"2019-03-20 03:40:20",2183
"2019-03-20 04:40:20",2183
"2019-03-20 05:40:20",2183
"2019-03-20 06:40:24",2183
"2019-03-20 07:40:21",2183
"2019-03-20 08:40:22",2183
"2019-03-20 09:40:21",2183
"2019-03-20 10:40:21",2183
"2019-03-20 11:40:20",2183
"2019-03-20 13:04:26",2184
"2019-03-20 13:40:20",2184
"2019-03-20 14:40:21",2190
"2019-03-20 15:40:24",2199
"2019-03-20 16:40:21",2198
"2019-03-20 17:40:21",2199
"2019-03-20 18:40:20",2205
"2019-03-20 19:40:19",2202
"2019-03-20 20:40:18",2200
"2019-03-20 21:40:18",2200
"2019-03-20 22:40:18",2201
"2019-03-20 23:40:18",2201
"2019-03-21 00:40:18",2201
"2019-03-21 01:40:18",2201
"2019-03-21 02:40:20",2201
"2019-03-21 03:40:20",2201
"2019-03-21 04:40:19",2201
"2019-03-21 05:40:22",2201
"2019-03-21 06:40:18",2201
"2019-03-21 07:40:18",2201
"2019-03-21 08:40:17",2201
"2019-03-21 09:40:18",2201
"2019-03-21 10:40:19",2201
"2019-03-21 11:40:19",2201
"2019-03-21 13:05:21",2201
"2019-03-21 13:40:17",2201
"2019-03-21 14:40:17",2207
"2019-03-21 15:40:19",2209
"2019-03-21 16:40:17",2210
"2019-03-21 17:40:18",2214
"2019-03-21 18:40:18",2216
"2019-03-21 19:40:17",2220
"2019-03-21 20:40:15",2220
"2019-03-21 21:40:16",2221
"2019-03-21 22:40:16",2221
"2019-03-21 23:40:17",2221
"2019-03-22 00:40:17",2221
"2019-03-22 01:40:16",2221
"2019-03-22 02:40:20",2221
"2019-03-22 03:40:17",2221
"2019-03-22 04:40:16",2221
"2019-03-22 05:40:17",2221
"2019-03-22 06:40:16",2221
"2019-03-22 07:40:16",2221
"2019-03-22 08:40:25",2221
"2019-03-22 09:40:17",2221
"2019-03-22 10:40:17",2221
"2019-03-22 11:40:16",2221
"2019-03-22 12:40:20",2221
"2019-03-22 13:40:16",2222
"2019-03-22 14:40:16",2214
"2019-03-22 15:40:16",2211
"2019-03-22 16:40:17",2209
"2019-03-22 17:40:18",2207
"2019-03-22 18:40:17",2208
"2019-03-22 19:40:17",2206
"2019-03-22 20:40:17",2206
"2019-03-22 21:40:16",2208
"2019-03-22 22:40:16",2207
"2019-03-22 23:40:16",2207
"2019-03-23 00:40:17",2207
"2019-03-23 01:40:22",2207
"2019-03-23 02:40:17",2207
"2019-03-23 03:40:16",2207
"2019-03-23 04:40:16",2207
"2019-03-23 05:40:17",2207
"2019-03-23 06:40:16",2207
"2019-03-23 07:40:19",2207
"2019-03-23 08:40:17",2207
"2019-03-23 09:40:17",2207
"2019-03-23 10:40:16",2207
"2019-03-23 11:40:17",2207
"2019-03-23 12:40:16",2207
"2019-03-23 13:40:18",2207
"2019-03-23 14:40:17",2207
"2019-03-23 15:40:17",2207
"2019-03-23 16:40:16",2207
"2019-03-23 17:40:16",2207
"2019-03-23 18:40:16",2207
"2019-03-23 19:40:19",2207
"2019-03-23 20:40:17",2207
"2019-03-23 21:40:17",2207
"2019-03-23 22:40:17",2207
"2019-03-23 23:40:17",2207
"2019-03-24 00:40:17",2207
"2019-03-24 01:40:18",2207
"2019-03-24 02:40:17",2207
"2019-03-24 03:40:18",2207
"2019-03-24 04:40:21",2207
"2019-03-24 05:40:17",2207
"2019-03-24 06:40:18",2207
"2019-03-24 07:40:18",2207
"2019-03-24 08:40:17",2207
"2019-03-24 09:40:22",2207
"2019-03-24 10:40:19",2207
"2019-03-24 11:40:16",2207
"2019-03-24 12:40:17",2207
"2019-03-24 13:40:19",2207
"2019-03-24 14:40:17",2207
"2019-03-24 15:40:17",2207
"2019-03-24 16:40:17",2207
"2019-03-24 17:40:17",2207
"2019-03-24 18:40:17",2207
"2019-03-24 19:40:17",2207
"2019-03-24 20:40:17",2207
"2019-03-24 21:40:22",2207
"2019-03-24 22:40:17",2207
"2019-03-24 23:40:17",2207
"2019-03-25 00:40:18",2207
"2019-03-25 01:40:17",2207
"2019-03-25 02:40:18",2207
"2019-03-25 03:40:22",2207
"2019-03-25 04:40:17",2207
"2019-03-25 05:40:18",2207
"2019-03-25 06:40:17",2207
"2019-03-25 07:40:17",2207
"2019-03-25 08:40:19",2207
"2019-03-25 09:40:17",2207
"2019-03-25 10:40:17",2207
"2019-03-25 11:40:24",2207
"2019-03-25 13:04:21",2207
"2019-03-25 13:40:20",2207
"2019-03-25 14:40:18",2215
"2019-03-25 15:40:18",2209
"2019-03-25 16:40:18",2210
"2019-03-25 17:40:18",2206
"2019-03-25 18:40:19",2206
"2019-03-25 19:40:20",2211
"2019-03-25 20:40:18",2211
"2019-03-25 21:40:18",2212
"2019-03-25 22:40:24",2213
"2019-03-25 23:40:20",2213
"2019-03-26 00:40:20",2213
"2019-03-26 01:40:20",2213
"2019-03-26 02:40:17",2213
"2019-03-26 03:40:18",2213
"2019-03-26 04:40:18",2213
"2019-03-26 05:40:17",2213
"2019-03-26 06:40:18",2213
"2019-03-26 07:40:17",2213
"2019-03-26 08:40:16",2213
"2019-03-26 09:40:17",2213
"2019-03-26 10:40:19",2213
"2019-03-26 11:40:17",2213
"2019-03-26 12:40:18",2213
"2019-03-26 13:40:23",2213
"2019-03-26 14:40:16",2217
"2019-03-26 15:40:24",2218
"2019-03-26 16:40:21",2224
"2019-03-26 17:40:17",2228
"2019-03-26 18:40:21",2233
"2019-03-26 19:40:21",2238
"2019-03-26 20:40:19",2245
"2019-03-26 21:40:19",2246
"2019-03-26 22:40:18",2246
"2019-03-26 23:40:17",2246
"2019-03-27 00:40:19",2246
"2019-03-27 01:40:17",2246
"2019-03-27 02:40:17",2246
"2019-03-27 03:40:20",2246
"2019-03-27 04:40:18",2246
"2019-03-27 05:40:19",2246
"2019-03-27 06:40:21",2246
"2019-03-27 07:40:17",2246
"2019-03-27 08:40:16",2246
"2019-03-27 09:40:17",2246
"2019-03-27 10:40:20",2246
"2019-03-27 11:40:16",2246
"2019-03-27 13:04:54",2247
"2019-03-27 13:40:20",2247
"2019-03-27 14:40:23",2250
"2019-03-27 15:40:18",2249
"2019-03-27 16:40:19",2245
"2019-03-27 17:40:26",2244
"2019-03-27 18:40:18",2247
"2019-03-27 19:40:18",2244
"2019-03-27 20:40:22",2243
"2019-03-27 21:40:19",2242
"2019-03-27 22:40:25",2241
"2019-03-27 23:40:20",2241
"2019-03-28 00:40:20",2241
"2019-03-28 01:40:18",2241
"2019-03-28 02:40:25",2241
"2019-03-28 03:40:20",2241
"2019-03-28 04:40:21",2241
"2019-03-28 05:40:18",2241
"2019-03-28 06:40:17",2241
"2019-03-28 07:40:18",2241
"2019-03-28 08:40:17",2241
"2019-03-28 09:40:18",2241
"2019-03-28 10:40:18",2241
"2019-03-28 11:40:17",2241
"2019-03-28 13:04:50",2241
"2019-03-28 13:40:20",2241
"2019-03-28 14:40:19",2234
"2019-03-28 15:40:19",2243
"2019-03-28 16:40:20",2244
"2019-03-28 17:40:18",2248
"2019-03-28 18:40:19",2252
"2019-03-28 19:40:18",2251
"2019-03-28 20:40:20",2251
"2019-03-28 21:40:20",2253
"2019-03-28 22:40:17",2253
"2019-03-28 23:40:19",2253
"2019-03-29 00:40:17",2253
"2019-03-29 01:40:27",2253
"2019-03-29 02:40:21",2253
"2019-03-29 03:40:22",2253
"2019-03-29 04:40:20",2253
"2019-03-29 05:40:17",2253
"2019-03-29 06:40:17",2253
"2019-03-29 07:40:17",2253
"2019-03-29 08:40:22",2253
"2019-03-29 09:40:19",2253
"2019-03-29 10:40:18",2253
"2019-03-29 11:40:21",2253
"2019-03-29 13:05:20",2253
"2019-03-29 13:40:19",2253
"2019-03-29 14:40:21",2256
"2019-03-29 15:40:21",2259
"2019-03-29 16:40:16",2258
"2019-03-29 17:40:20",2257
"2019-03-29 18:40:26",2259
"2019-03-29 19:40:20",2257
"2019-03-29 20:40:20",2257
"2019-03-29 21:40:19",2257
"2019-03-29 22:40:22",2259
"2019-03-29 23:40:23",2259
"2019-03-30 00:40:21",2259
"2019-03-30 01:40:20",2259
"2019-03-30 02:40:24",2259
"2019-03-30 03:40:21",2259
"2019-03-30 04:40:24",2259
"2019-03-30 05:40:20",2259
"2019-03-30 06:40:19",2259
"2019-03-30 07:40:19",2259
"2019-03-30 08:40:32",2259
"2019-03-30 09:40:22",2259
"2019-03-30 10:40:19",2259
"2019-03-30 11:40:20",2259
"2019-03-30 12:40:24",2259
"2019-03-30 13:40:17",2259
"2019-03-30 14:40:19",2259
"2019-03-30 15:40:18",2259
"2019-03-30 16:40:18",2259
"2019-03-30 17:40:21",2259
"2019-03-30 18:40:18",2259
"2019-03-30 19:40:19",2259
"2019-03-30 20:40:17",2259
"2019-03-30 21:40:17",2259
"2019-03-30 22:40:23",2259
"2019-03-30 23:40:19",2259
"2019-03-31 00:40:19",2259
"2019-03-31 01:40:18",2259
"2019-03-31 02:40:22",2259
"2019-03-31 03:40:19",2259
"2019-03-31 04:40:18",2259
"2019-03-31 05:40:19",2259
"2019-03-31 06:40:23",2259
"2019-03-31 07:40:20",2259
"2019-03-31 08:40:17",2259
"2019-03-31 09:40:17",2259
"2019-03-31 10:40:22",2259
"2019-03-31 11:40:19",2259
"2019-03-31 12:40:18",2259
"2019-03-31 13:40:20",2259
"2019-03-31 14:40:18",2259
"2019-03-31 15:40:19",2259
"2019-03-31 16:40:19",2259
"2019-03-31 17:40:24",2259
"2019-03-31 18:40:17",2259
"2019-03-31 19:40:19",2259
"2019-03-31 20:40:18",2259
"2019-03-31 21:40:18",2259
"2019-03-31 22:40:18",2259
"2019-03-31 23:40:22",2259
"2019-04-01 00:40:22",2259
"2019-04-01 01:40:20",2259
"2019-04-01 02:40:22",2259
"2019-04-01 03:40:25",2259
"2019-04-01 04:40:19",2259
"2019-04-01 05:40:19",2259
"2019-04-01 06:40:17",2259
"2019-04-01 07:40:24",2259
"2019-04-01 08:40:19",2259
"2019-04-01 09:40:19",2259
"2019-04-01 10:40:24",2259
"2019-04-01 11:40:21",2259
"2019-04-01 13:03:29",2259
"2019-04-01 13:40:19",2259
"2019-04-01 14:40:22",2295
"2019-04-01 15:40:26",2301
"2019-04-01 16:40:23",2303
"2019-04-01 17:40:23",2301
"2019-04-01 18:40:20",2306
"2019-04-01 19:40:30",2305
"2019-04-01 20:40:20",2306
"2019-04-01 21:40:18",2308
"2019-04-01 22:40:21",2309
"2019-04-01 23:40:20",2309
"2019-04-02 00:40:23",2309
"2019-04-02 01:40:20",2309
"2019-04-02 02:40:21",2309
"2019-04-02 03:40:26",2309
"2019-04-02 04:40:17",2309
"2019-04-02 05:40:19",2309
"2019-04-02 06:40:19",2309
"2019-04-02 07:40:22",2309
"2019-04-02 08:40:20",2309
"2019-04-02 09:40:22",2309
"2019-04-02 10:40:19",2309
"2019-04-02 11:40:20",2309
"2019-04-02 13:04:55",2309
"2019-04-02 13:40:23",2309
"2019-04-02 14:40:18",2317
"2019-04-02 15:40:28",2313
"2019-04-02 16:40:20",2324
"2019-04-02 17:40:25",2327
"2019-04-02 18:40:19",2324
"2019-04-02 19:40:20",2325
"2019-04-02 20:40:25",2326
"2019-04-02 21:40:23",2325
"2019-04-02 22:40:21",2325
"2019-04-02 23:40:22",2325
"2019-04-03 00:40:28",2325
"2019-04-03 01:40:21",2325
"2019-04-03 02:40:20",2325
"2019-04-03 03:40:21",2325
"2019-04-03 04:40:23",2325
"2019-04-03 05:40:22",2325
"2019-04-03 06:40:24",2325
"2019-04-03 07:40:20",2325
"2019-04-03 08:40:20",2325
"2019-04-03 09:40:27",2325
"2019-04-03 10:40:22",2325
"2019-04-03 11:40:22",2325
"2019-04-03 13:04:56",2325
"2019-04-03 13:40:20",2325
"2019-04-03 14:40:25",2334
"2019-04-03 15:40:26",2340
"2019-04-03 16:40:21",2342
"2019-04-03 17:40:19",2340
"2019-04-03 18:40:19",2343
"2019-04-03 19:40:20",2342
"2019-04-03 20:40:22",2343
"2019-04-03 21:40:20",2344
"2019-04-03 22:40:20",2344
"2019-04-03 23:40:25",2344
"2019-04-04 00:40:18",2344
"2019-04-04 01:40:20",2344
"2019-04-04 02:40:21",2344
"2019-04-04 03:40:24",2344
"2019-04-04 04:40:19",2344
"2019-04-04 05:40:18",2344
"2019-04-04 06:40:19",2344
"2019-04-04 07:40:20",2344
"2019-04-04 08:40:23",2344
"2019-04-04 09:40:19",2344
"2019-04-04 10:40:21",2344
"2019-04-04 11:40:24",2344
"2019-04-04 12:40:20",2344
"2019-04-04 13:40:19",2344
"2019-04-04 14:40:25",2342
"2019-04-04 15:40:20",2342
"2019-04-04 16:40:24",2352
"2019-04-04 17:40:19",2353
"2019-04-04 18:40:21",2353
"2019-04-04 19:40:21",2355
"2019-04-04 20:40:20",2358
"2019-04-04 21:40:22",2361
"2019-04-04 22:40:26",2360
"2019-04-04 23:40:20",2360
"2019-04-05 00:40:21",2360
"2019-04-05 01:40:19",2360
"2019-04-05 02:40:20",2360
"2019-04-05 03:40:28",2360
"2019-04-05 04:40:21",2360
"2019-04-05 05:40:19",2360
"2019-04-05 06:40:18",2360
"2019-04-05 07:40:20",2360
"2019-04-05 08:40:24",2360
"2019-04-05 09:40:21",2360
"2019-04-05 10:40:25",2360
"2019-04-05 11:40:20",2360
"2019-04-05 13:04:23",2360
"2019-04-05 13:40:23",2360
"2019-04-05 14:40:22",2370
"2019-04-05 15:40:25",2365
"2019-04-05 16:40:19",2364
"2019-04-05 17:40:19",2364
"2019-04-05 18:40:22",2360
"2019-04-05 19:40:20",2360
"2019-04-05 20:40:19",2364
"2019-04-05 21:40:21",2365
"2019-04-05 22:40:22",2365
"2019-04-05 23:40:23",2365
"2019-04-06 00:40:21",2365
"2019-04-06 01:40:29",2365
"2019-04-06 02:40:23",2365
"2019-04-06 03:40:21",2365
"2019-04-06 04:40:23",2365
"2019-04-06 05:40:21",2365
"2019-04-06 06:40:19",2365
"2019-04-06 07:40:20",2365
"2019-04-06 08:40:27",2365
"2019-04-06 09:40:21",2365
"2019-04-06 10:40:20",2365
"2019-04-06 11:40:19",2365
"2019-04-06 12:40:21",2365
"2019-04-06 13:40:19",2365
"2019-04-06 14:40:19",2365
"2019-04-06 15:40:23",2365
"2019-04-06 16:40:19",2365
"2019-04-06 17:40:20",2365
"2019-04-06 18:40:21",2365
"2019-04-06 19:40:20",2365
"2019-04-06 20:40:19",2365
"2019-04-06 21:40:26",2365
"2019-04-06 22:40:19",2365
"2019-04-06 23:40:19",2365
"2019-04-07 00:40:19",2365
"2019-04-07 01:40:18",2365
"2019-04-07 02:40:22",2365
"2019-04-07 03:40:24",2365
"2019-04-07 04:40:20",2365
"2019-04-07 05:40:21",2365
"2019-04-07 06:40:21",2365
"2019-04-07 07:40:25",2365
"2019-04-07 08:40:22",2365
"2019-04-07 09:40:23",2365
"2019-04-07 10:40:20",2365
"2019-04-07 11:40:24",2365
"2019-04-07 12:40:21",2365
"2019-04-07 13:40:24",2365
"2019-04-07 14:40:20",2365
"2019-04-07 15:40:21",2365
"2019-04-07 16:40:23",2365
"2019-04-07 17:40:21",2365
"2019-04-07 18:40:20",2365
"2019-04-07 19:40:21",2365
"2019-04-07 20:40:26",2365
"2019-04-07 21:40:21",2365
"2019-04-07 22:40:20",2365
"2019-04-07 23:40:18",2365
"2019-04-08 00:40:27",2365
"2019-04-08 01:40:20",2365
"2019-04-08 02:40:20",2365
"2019-04-08 03:40:20",2365
"2019-04-08 04:40:18",2365
"2019-04-08 05:40:28",2365
"2019-04-08 06:40:18",2365
"2019-04-08 07:40:19",2365
"2019-04-08 08:40:20",2365
"2019-04-08 09:40:22",2365
"2019-04-08 10:40:19",2365
"2019-04-08 11:40:28",2365
"2019-04-08 12:40:19",2365
"2019-04-08 13:40:23",2365
"2019-04-08 14:40:20",2375
"2019-04-08 15:40:22",2384
"2019-04-08 16:40:25",2386
"2019-04-08 17:40:20",2395
"2019-04-08 18:40:19",2397
"2019-04-08 19:40:20",2403
"2019-04-08 20:40:20",2410
"2019-04-08 21:40:22",2414
"2019-04-08 22:40:21",2415
"2019-04-08 23:40:19",2415
"2019-04-09 00:40:24",2415
"2019-04-09 01:40:20",2415
"2019-04-09 02:40:22",2415
"2019-04-09 03:40:22",2415
"2019-04-09 04:40:21",2415
"2019-04-09 05:40:23",2415
"2019-04-09 06:40:20",2415
"2019-04-09 07:40:19",2415
"2019-04-09 08:40:23",2415
"2019-04-09 09:40:27",2415
"2019-04-09 10:40:21",2415
"2019-04-09 11:40:21",2415
"2019-04-09 13:05:33",2419
"2019-04-09 13:40:21",2419
"2019-04-09 14:40:22",2427
"2019-04-09 15:40:31",2419
"2019-04-09 16:40:22",2430
"2019-04-09 17:40:22",2434
"2019-04-09 18:40:21",2433
"2019-04-09 19:40:21",2434
"2019-04-09 20:40:22",2432
"2019-04-09 21:40:23",2431
"2019-04-09 22:40:20",2431
"2019-04-09 23:40:26",2431
"2019-04-10 00:40:22",2431
"2019-04-10 01:40:21",2431
"2019-04-10 02:40:22",2431
"2019-04-10 03:40:24",2431
"2019-04-10 04:40:25",2431
"2019-04-10 05:40:21",2431
"2019-04-10 06:40:22",2431
"2019-04-10 07:40:20",2431
"2019-04-10 08:40:24",2431
"2019-04-10 09:40:22",2431
"2019-04-10 10:40:22",2431
"2019-04-10 11:40:22",2431
"2019-04-10 12:40:29",2431
"2019-04-10 13:40:28",2430
"2019-04-10 14:40:22",2425
"2019-04-10 15:40:22",2426
"2019-04-10 16:40:23",2423
"2019-04-10 17:40:23",2420
"2019-04-10 18:40:24",2417
"2019-04-10 19:40:24",2420
"2019-04-10 20:40:21",2418
"2019-04-10 21:40:21",2419
"2019-04-10 22:40:19",2419
"2019-04-10 23:40:28",2419
"2019-04-11 00:40:21",2419
"2019-04-11 01:40:19",2419
"2019-04-11 02:40:22",2419
"2019-04-11 03:40:23",2419
"2019-04-11 04:40:23",2419
"2019-04-11 05:40:23",2419
"2019-04-11 06:40:19",2419
"2019-04-11 18:40:25",2455
"2019-04-11 19:40:31",2456
"2019-04-11 20:40:22",2463
"2019-04-11 21:40:24",2462
"2019-04-11 22:40:23",2464
"2019-04-11 23:40:23",2464
"2019-04-12 00:40:22",2464
"2019-04-12 01:40:23",2464
"2019-04-12 02:40:26",2464
"2019-04-12 03:40:24",2464
"2019-04-12 04:40:24",2464
"2019-04-12 05:40:24",2464
"2019-04-12 06:40:21",2464
"2019-04-12 07:40:22",2464
"2019-04-12 08:40:22",2464
"2019-04-12 09:40:25",2464
"2019-04-12 10:40:22",2464
"2019-04-12 11:40:22",2464
"2019-04-12 13:04:01",2465
"2019-04-12 13:40:24",2465
"2019-04-12 14:40:20",2488
"2019-04-12 15:40:22",2520
"2019-04-12 16:40:23",2533
"2019-04-12 17:40:23",2539
"2019-04-12 18:40:22",2548
"2019-04-12 19:40:21",2560
"2019-04-12 20:40:22",2567
"2019-04-12 21:40:21",2568
"2019-04-12 22:40:28",2568
"2019-04-12 23:40:22",2568
"2019-04-13 00:40:24",2568
"2019-04-13 01:40:22",2568
"2019-04-13 02:40:23",2568
"2019-04-13 03:40:29",2568
"2019-04-13 04:40:24",2568
"2019-04-13 05:40:25",2568
"2019-04-13 06:40:23",2568
"2019-04-13 07:40:21",2568
"2019-04-13 08:40:22",2568
"2019-04-13 09:40:25",2568
"2019-04-13 10:40:22",2568
"2019-04-13 11:40:23",2568
"2019-04-13 12:40:22",2568
"2019-04-13 13:40:22",2568
"2019-04-13 14:40:25",2568
"2019-04-13 15:40:24",2568
"2019-04-13 16:40:23",2568
"2019-04-13 17:40:21",2568
"2019-04-13 18:40:22",2568
"2019-04-13 19:40:23",2568
"2019-04-13 20:40:22",2568
"2019-04-13 21:40:25",2568
"2019-04-13 22:40:22",2568
"2019-04-13 23:40:22",2568
"2019-04-14 00:40:25",2568
"2019-04-14 01:40:25",2568
"2019-04-14 02:40:22",2568
"2019-04-14 03:40:21",2568
"2019-04-14 04:40:28",2568
"2019-04-14 05:40:22",2568
"2019-04-14 06:40:23",2568
"2019-04-14 07:40:25",2568
"2019-04-14 08:40:23",2568
"2019-04-14 09:40:24",2568
"2019-04-14 10:40:20",2568
"2019-04-14 11:40:24",2568
"2019-04-14 12:40:21",2568
"2019-04-14 13:40:22",2568
"2019-04-14 14:40:27",2568
"2019-04-14 15:40:26",2568
"2019-04-14 16:40:23",2568
"2019-04-14 17:40:22",2568
"2019-04-14 18:40:23",2568
"2019-04-14 19:40:23",2568
"2019-04-14 20:40:24",2568
"2019-04-14 21:40:28",2568
"2019-04-14 22:40:22",2568
"2019-04-14 23:40:24",2568
"2019-04-15 00:40:22",2568
"2019-04-15 01:40:21",2568
"2019-04-15 02:40:23",2568
"2019-04-15 03:40:29",2568
"2019-04-15 04:40:22",2568
"2019-04-15 05:40:23",2568
"2019-04-15 06:40:20",2568
"2019-04-15 07:40:22",2568
"2019-04-15 08:40:24",2568
"2019-04-15 09:40:22",2568
"2019-04-15 10:40:22",2568
"2019-04-15 11:40:23",2568
"2019-04-15 13:05:59",2568
"2019-04-15 13:40:20",2568
"2019-04-15 14:40:23",2622
"2019-04-15 15:40:25",2628
"2019-04-15 16:40:22",2630
"2019-04-15 17:40:25",2633
"2019-04-15 18:40:25",2631
"2019-04-15 19:40:33",2631
"2019-04-15 20:40:22",2629
"2019-04-15 21:40:22",2630
"2019-04-15 22:40:24",2631
"2019-04-15 23:40:25",2631
"2019-04-16 00:40:25",2631
"2019-04-16 01:40:22",2631
"2019-04-16 02:40:23",2631
"2019-04-16 03:40:26",2631
"2019-04-16 04:40:22",2631
"2019-04-16 05:40:23",2631
"2019-04-16 06:40:22",2631
"2019-04-16 07:40:21",2631
"2019-04-16 08:40:32",2631
"2019-04-16 09:40:21",2631
"2019-04-16 10:40:26",2631
"2019-04-16 11:40:23",2631
"2019-04-16 13:04:25",2631
"2019-04-16 13:40:22",2631
"2019-04-16 14:40:25",2636
"2019-04-16 15:40:21",2630
"2019-04-16 16:40:21",2627
"2019-04-16 17:40:20",2620
"2019-04-16 18:40:25",2623
"2019-04-16 19:40:23",2625
"2019-04-16 20:40:24",2629
"2019-04-16 21:40:21",2628
"2019-04-16 22:40:21",2630
"2019-04-16 23:40:21",2630
"2019-04-17 00:40:22",2630
"2019-04-17 01:40:23",2630
"2019-04-17 02:40:25",2630
"2019-04-17 03:40:22",2630
"2019-04-17 04:40:23",2630
"2019-04-17 05:40:22",2630
"2019-04-17 06:40:33",2630
"2019-04-17 07:40:24",2630
"2019-04-17 08:40:20",2630
"2019-04-17 09:40:26",2630
"2019-04-17 10:40:21",2630
"2019-04-17 11:40:23",2630
"2019-04-17 13:05:26",2629
"2019-04-17 13:40:25",2629
"2019-04-17 14:40:23",2623
"2019-04-17 15:40:25",2622
"2019-04-17 16:40:22",2625
"2019-04-17 17:40:27",2630
"2019-04-17 18:40:23",2630
"2019-04-17 19:40:23",2631
"2019-04-17 20:40:24",2628
"2019-04-17 21:40:22",2628
"2019-04-17 22:40:23",2627
"2019-04-17 23:40:27",2627
"2019-04-18 00:40:22",2627
"2019-04-18 01:40:23",2627
"2019-04-18 02:40:23",2627
"2019-04-18 03:40:29",2627
"2019-04-18 04:40:23",2627
"2019-04-18 05:40:29",2627
"2019-04-18 06:40:23",2627
"2019-04-18 07:40:23",2627
"2019-04-18 08:40:26",2627
"2019-04-18 09:40:23",2627
"2019-04-18 10:40:25",2627
"2019-04-18 11:40:25",2627
"2019-04-18 13:05:26",2627
"2019-04-18 13:40:23",2627
"2019-04-18 14:40:27",2626
"2019-04-18 15:40:24",2621
"2019-04-18 16:40:23",2622
"2019-04-18 17:40:28",2620
"2019-04-18 18:40:23",2625
"2019-04-18 19:40:22",2630
"2019-04-18 20:40:23",2635
"2019-04-18 21:40:25",2637
"2019-04-18 22:40:23",2640
"2019-04-18 23:40:26",2640
"2019-04-19 00:40:23",2640
"2019-04-19 01:41:23",2640
"2019-04-19 02:40:23",2640
"2019-04-19 03:40:27",2640
"2019-04-19 04:40:22",2640
"2019-04-19 05:40:22",2640
"2019-04-19 06:40:24",2640
"2019-04-19 07:40:26",2640
"2019-04-19 08:40:24",2640
"2019-04-19 09:40:24",2640
"2019-04-19 10:40:26",2640
"2019-04-19 11:40:22",2640
"2019-04-19 12:40:24",2640
"2019-04-19 13:40:26",2640
"2019-04-19 14:40:27",2640
"2019-04-19 15:40:22",2640
"2019-04-19 16:40:23",2640
"2019-04-19 17:40:26",2640
"2019-04-19 18:40:23",2640
"2019-04-19 19:40:22",2640
"2019-04-19 20:40:22",2640
"2019-04-19 21:40:22",2640
"2019-04-19 22:40:23",2640
"2019-04-19 23:40:24",2640
"2019-04-20 00:40:26",2640
"2019-04-20 01:40:25",2640
"2019-04-20 02:40:24",2640
"2019-04-20 03:40:23",2640
"2019-04-20 04:40:26",2640
"2019-04-20 05:40:22",2640
"2019-04-20 06:40:22",2640
"2019-04-20 07:40:25",2640
"2019-04-20 08:40:24",2640
"2019-04-20 09:40:26",2640
"2019-04-20 10:40:23",2640
"2019-04-20 11:40:21",2640
"2019-04-20 12:40:30",2640
"2019-04-20 13:40:43",2640
"2019-04-20 14:40:24",2640
"2019-04-20 15:40:21",2640
"2019-04-20 16:40:25",2640
"2019-04-20 17:40:25",2640
"2019-04-20 18:40:23",2640
"2019-04-20 19:40:23",2640
"2019-04-20 20:40:23",2640
"2019-04-20 21:40:21",2640
"2019-04-20 22:40:23",2640
"2019-04-20 23:40:28",2640
"2019-04-21 00:40:23",2640
"2019-04-21 01:40:21",2640
"2019-04-21 02:40:24",2640
"2019-04-21 03:40:24",2640
"2019-04-21 04:40:25",2640
"2019-04-21 05:40:23",2640
"2019-04-21 06:40:22",2640
"2019-04-21 07:40:27",2640
"2019-04-21 08:40:22",2640
"2019-04-21 09:40:21",2640
"2019-04-21 10:40:24",2640
"2019-04-21 11:40:23",2640
"2019-04-21 12:40:23",2640
"2019-04-21 13:40:22",2640
"2019-04-21 14:40:25",2640
"2019-04-21 15:40:23",2640
"2019-04-21 16:40:25",2640
"2019-04-21 17:40:23",2640
"2019-04-21 18:40:21",2640
"2019-04-21 19:40:27",2640
"2019-04-21 20:40:21",2640
"2019-04-21 21:40:23",2640
"2019-04-21 22:40:22",2640
"2019-04-21 23:40:22",2640
"2019-04-22 00:40:23",2640
"2019-04-22 01:40:25",2640
"2019-04-22 02:40:28",2640
"2019-04-22 03:40:24",2640
"2019-04-22 04:40:21",2640
"2019-04-22 05:40:21",2640
"2019-04-22 06:40:24",2640
"2019-04-22 07:40:24",2640
"2019-04-22 08:40:23",2640
"2019-04-22 09:40:21",2640
"2019-04-22 10:40:26",2640
"2019-04-22 11:40:26",2640
"2019-04-22 13:05:58",2639
"2019-04-22 13:40:24",2639
"2019-04-22 14:40:24",2682
"2019-04-22 15:40:23",2679
"2019-04-22 16:40:22",2681
"2019-04-22 17:40:24",2682
"2019-04-22 18:40:24",2684
"2019-04-22 19:40:26",2681
"2019-04-22 20:40:24",2680
"2019-04-22 21:40:23",2682
"2019-04-22 22:40:24",2681
"2019-04-22 23:40:25",2681
"2019-04-23 00:40:25",2681
"2019-04-23 01:40:21",2681
"2019-04-23 02:40:22",2681
"2019-04-23 03:40:25",2681
"2019-04-23 04:40:25",2681
"2019-04-23 05:40:24",2681
"2019-04-23 06:40:26",2681
"2019-04-23 07:40:23",2681
"2019-04-23 08:40:20",2681
"2019-04-23 09:40:23",2681
"2019-04-23 10:40:24",2681
"2019-04-23 11:40:26",2681
"2019-04-23 13:06:28",2681
"2019-04-23 13:40:24",2681
"2019-04-23 14:40:22",2685
"2019-04-23 15:40:25",2683
"2019-04-23 16:40:25",2678
"2019-04-23 17:40:23",2679
"2019-04-23 18:40:22",2678
"2019-04-23 19:40:24",2673
"2019-04-23 20:40:29",2672
"2019-04-23 21:40:27",2673
"2019-04-23 22:40:24",2674
"2019-04-23 23:40:25",2674
"2019-04-24 00:40:23",2674
"2019-04-24 01:40:25",2674
"2019-04-24 02:40:27",2674
"2019-04-24 03:40:25",2674
"2019-04-24 04:40:24",2674
"2019-04-24 05:40:23",2674
"2019-04-24 06:40:25",2674
"2019-04-24 07:40:27",2674
"2019-04-24 08:40:23",2674
"2019-04-24 09:40:25",2674
"2019-04-24 10:40:27",2674
"2019-04-24 11:40:27",2674
"2019-04-24 12:40:23",2674
"2019-04-24 13:40:30",2675
"2019-04-24 14:40:26",2675
"2019-04-24 15:40:24",2685
"2019-04-24 16:40:23",2682
"2019-04-24 17:40:26",2682
"2019-04-24 18:40:31",2682
"2019-04-24 19:40:24",2684
"2019-04-24 20:40:25",2686
"2019-04-24 21:40:25",2686
"2019-04-24 22:40:23",2686
"2019-04-24 23:40:30",2686
"2019-04-25 00:40:26",2686
"2019-04-25 01:40:26",2686
"2019-04-25 02:40:25",2686
"2019-04-25 03:40:29",2686
"2019-04-25 04:40:25",2686
"2019-04-25 05:40:24",2686
"2019-04-25 06:40:27",2686
"2019-04-25 07:40:23",2686
"2019-04-25 08:40:26",2686
"2019-04-25 09:40:25",2686
"2019-04-25 10:40:28",2686
"2019-04-25 11:40:26",2686
"2019-04-25 13:04:58",2685
"2019-04-25 13:40:26",2685
"2019-04-25 14:40:27",2705
"2019-04-25 15:40:24",2699
"2019-04-25 16:40:27",2695
"2019-04-25 17:40:23",2696
"2019-04-25 18:40:24",2696
"2019-04-25 19:40:26",2696
"2019-04-25 20:40:24",2696
"2019-04-25 21:40:30",2695
"2019-04-25 22:40:25",2694
"2019-04-25 23:40:23",2694
"2019-04-26 00:40:25",2694
"2019-04-26 01:40:27",2694
"2019-04-26 02:40:25",2694
"2019-04-26 03:40:26",2694
"2019-04-26 04:40:25",2694
"2019-04-26 05:40:26",2694
"2019-04-26 06:40:26",2694
"2019-04-26 07:40:23",2694
"2019-04-26 08:40:28",2694
"2019-04-26 09:40:23",2694
"2019-04-26 10:40:29",2694
"2019-04-26 11:40:23",2694
"2019-04-26 12:40:24",2694
"2019-04-26 13:40:27",2693
"2019-04-26 14:40:24",2696
"2019-04-26 15:40:27",2700
"2019-04-26 16:40:23",2698
"2019-04-26 17:40:25",2702
"2019-04-26 18:40:25",2708
"2019-04-26 19:40:23",2711
"2019-04-26 20:40:27",2714
"2019-04-26 21:40:24",2714
"2019-04-26 22:40:24",2715
"2019-04-26 23:40:24",2715
"2019-04-27 00:40:24",2715
"2019-04-27 01:40:26",2715
"2019-04-27 02:40:23",2715
"2019-04-27 03:40:24",2715
"2019-04-27 04:40:23",2715
"2019-04-27 05:40:25",2715
"2019-04-27 06:40:26",2715
"2019-04-27 07:40:23",2715
"2019-04-27 08:40:24",2715
"2019-04-27 09:40:26",2715
"2019-04-27 10:40:25",2715
"2019-04-27 11:40:23",2715
"2019-04-27 12:40:24",2715
"2019-04-27 13:40:24",2715
"2019-04-27 14:40:23",2715
"2019-04-27 15:40:22",2715
"2019-04-27 16:40:24",2715
"2019-04-27 17:40:30",2715
"2019-04-27 18:40:24",2715
"2019-04-27 19:40:22",2715
"2019-04-27 20:40:24",2715
"2019-04-27 21:40:25",2715
"2019-04-27 22:40:23",2715
"2019-04-27 23:40:22",2715
"2019-04-28 00:40:23",2715
"2019-04-28 01:40:24",2715
"2019-04-28 02:40:24",2715
"2019-04-28 03:40:22",2715
"2019-04-28 04:40:27",2715
"2019-04-28 05:40:24",2715
"2019-04-28 06:40:23",2715
"2019-04-28 07:40:23",2715
"2019-04-28 08:40:27",2715
"2019-04-28 09:40:23",2715
"2019-04-28 10:40:27",2715
"2019-04-28 11:40:24",2715
"2019-04-28 12:40:23",2715
"2019-04-28 13:40:23",2715
"2019-04-28 14:40:26",2715
"2019-04-28 15:40:24",2715
"2019-04-28 16:40:22",2715
"2019-04-28 17:40:23",2715
"2019-04-28 18:40:24",2715
"2019-04-28 19:40:27",2715
"2019-04-28 20:40:23",2715
"2019-04-28 21:40:25",2715
"2019-04-28 22:40:23",2715
"2019-04-28 23:40:25",2715
"2019-04-29 00:40:25",2715
"2019-04-29 01:40:22",2715
"2019-04-29 02:40:22",2715
"2019-04-29 03:40:25",2715
"2019-04-29 04:40:27",2715
"2019-04-29 05:40:23",2715
"2019-04-29 06:40:23",2715
"2019-04-29 07:40:24",2715
"2019-04-29 08:40:28",2715
"2019-04-29 09:40:25",2715
"2019-04-29 10:40:23",2715
"2019-04-29 11:40:23",2715
"2019-04-29 12:40:27",2715
"2019-04-29 13:40:22",2715
"2019-04-29 14:40:25",2728
"2019-04-29 15:40:22",2723
"2019-04-29 16:40:26",2725
"2019-04-29 17:40:25",2723
"2019-04-29 18:40:24",2723
"2019-04-29 19:40:24",2723
"2019-04-29 20:40:29",2725
"2019-04-29 21:40:23",2724
"2019-04-29 22:40:23",2724
"2019-04-29 23:40:25",2724
"2019-04-30 00:40:23",2724
"2019-04-30 01:40:24",2724
"2019-04-30 02:40:26",2724
"2019-04-30 03:40:27",2724
"2019-04-30 04:40:25",2724
"2019-04-30 05:40:25",2724
"2019-04-30 06:40:23",2724
"2019-04-30 07:40:25",2724
"2019-04-30 08:40:24",2724
"2019-04-30 09:40:28",2724
"2019-04-30 10:40:23",2724
"2019-04-30 11:40:25",2724
"2019-04-30 13:04:27",2724
"2019-04-30 13:40:27",2724
"2019-04-30 14:40:25",2724
"2019-04-30 15:40:28",2724
"2019-04-30 16:40:26",2721
"2019-04-30 17:40:30",2721
"2019-04-30 18:40:25",2723
"2019-04-30 19:40:26",2721
"2019-04-30 20:40:25",2718
"2019-04-30 21:40:25",2719
"2019-04-30 22:40:22",2718
"2019-04-30 23:40:27",2718
"2019-05-01 00:40:22",2718
"2019-05-01 01:40:30",2718
"2019-05-01 02:40:26",2718
"2019-05-01 03:40:28",2718
"2019-05-01 04:40:28",2718
"2019-05-01 05:40:26",2718
"2019-05-01 06:40:23",2718
"2019-05-01 07:40:26",2718
"2019-05-01 08:40:26",2718
"2019-05-01 09:40:27",2718
"2019-05-01 10:40:24",2718
"2019-05-01 11:40:23",2718
"2019-05-01 13:04:27",2717
"2019-05-01 13:40:27",2717
"2019-05-01 14:40:22",2721
"2019-05-01 15:40:26",2726
"2019-05-01 16:40:26",2726
"2019-05-01 17:40:23",2726
"2019-05-01 18:40:26",2726
"2019-05-01 19:40:30",2723
"2019-05-01 20:40:26",2725
"2019-05-01 21:40:24",2725
"2019-05-01 22:40:26",2726
"2019-05-01 23:40:27",2726
"2019-05-02 00:40:27",2726
"2019-05-02 01:40:24",2726
"2019-05-02 02:40:28",2726
"2019-05-02 03:40:24",2726
"2019-05-02 04:40:27",2726
"2019-05-02 05:40:28",2726
"2019-05-02 06:40:28",2726
"2019-05-02 07:40:25",2726
"2019-05-02 08:40:25",2726
"2019-05-02 09:40:25",2726
"2019-05-02 10:40:27",2726
"2019-05-02 11:40:24",2726
"2019-05-02 13:04:36",2728
"2019-05-02 13:40:30",2728
"2019-05-02 14:40:24",2731
"2019-05-02 15:40:25",2728
"2019-05-02 16:40:29",2726
"2019-05-02 17:40:25",2731
"2019-05-02 18:40:25",2735
"2019-05-02 19:40:29",2736
"2019-05-02 20:40:26",2738
"2019-05-02 21:40:27",2738
"2019-05-02 22:40:30",2738
"2019-05-02 23:40:24",2738
"2019-05-03 00:40:25",2738
"2019-05-03 01:40:30",2738
"2019-05-03 02:40:26",2738
"2019-05-03 03:40:30",2738
"2019-05-03 04:40:24",2738
"2019-05-03 05:40:36",2738
"2019-05-03 06:40:28",2738
"2019-05-03 07:40:28",2738
"2019-05-03 08:40:27",2738
"2019-05-03 09:40:28",2738
"2019-05-03 10:40:30",2738
"2019-05-03 11:40:27",2738
"2019-05-03 13:03:32",2738
"2019-05-03 13:40:34",2738
"2019-05-03 14:40:29",2740
"2019-05-03 15:40:27",2746
"2019-05-03 16:40:29",2748
"2019-05-03 17:40:30",2750
"2019-05-03 18:40:31",2747
"2019-05-03 19:40:31",2754
"2019-05-03 20:40:24",2753
"2019-05-03 21:40:33",2753
"2019-05-03 22:40:26",2753
"2019-05-03 23:40:30",2753
"2019-05-04 00:40:28",2753
"2019-05-04 01:40:28",2753
"2019-05-04 02:40:30",2753
"2019-05-04 03:40:33",2753
"2019-05-04 04:40:28",2753
"2019-05-04 05:40:29",2753
"2019-05-04 06:40:30",2753
"2019-05-04 07:40:29",2753
"2019-05-04 08:40:25",2753
"2019-05-04 09:40:29",2753
"2019-05-04 10:40:25",2753
"2019-05-04 11:40:28",2753
"2019-05-04 12:40:31",2753
"2019-05-04 13:40:29",2753
"2019-05-04 14:40:25",2753
"2019-05-04 15:40:26",2753
"2019-05-04 16:40:29",2753
"2019-05-04 17:40:26",2753
"2019-05-04 18:40:25",2753
"2019-05-04 19:40:29",2753
"2019-05-04 20:40:25",2753
"2019-05-04 21:40:27",2753
"2019-05-04 22:40:25",2753
"2019-05-04 23:40:31",2753
"2019-05-05 00:40:28",2753
"2019-05-05 01:40:28",2753
"2019-05-05 02:40:25",2753
"2019-05-05 03:40:26",2753
"2019-05-05 04:40:29",2753
"2019-05-05 05:40:29",2753
"2019-05-05 06:40:30",2753
"2019-05-05 07:40:28",2753
"2019-05-05 08:40:25",2753
"2019-05-05 09:40:26",2753
"2019-05-05 10:40:28",2753
"2019-05-05 11:40:28",2753
"2019-05-05 12:40:28",2753
"2019-05-05 13:40:27",2753
"2019-05-05 14:40:28",2753
"2019-05-05 15:40:26",2753
"2019-05-05 16:40:26",2753
"2019-05-05 17:40:30",2753
"2019-05-05 18:40:26",2753
"2019-05-05 19:40:24",2753
"2019-05-05 20:40:28",2753
"2019-05-05 21:40:25",2753
"2019-05-05 22:40:28",2753
"2019-05-05 23:40:29",2753
"2019-05-06 00:40:26",2753
"2019-05-06 01:40:25",2753
"2019-05-06 02:40:26",2753
"2019-05-06 03:40:28",2753
"2019-05-06 04:40:24",2753
"2019-05-06 05:40:25",2753
"2019-05-06 06:40:24",2753
"2019-05-06 07:40:29",2753
"2019-05-06 08:40:27",2753
"2019-05-06 09:40:24",2753
"2019-05-06 10:40:29",2753
"2019-05-06 11:40:28",2753
"2019-05-06 13:05:32",2753
"2019-05-06 13:40:29",2753
"2019-05-06 14:40:28",2767
"2019-05-06 15:40:24",2768
"2019-05-06 16:40:27",2768
"2019-05-06 17:26:22",2767
"2019-05-06 17:32:16",2767
"2019-05-06 17:40:26",2767
"2019-05-06 18:40:26",2767
"2019-05-06 19:40:29",2769
"2019-05-06 20:40:24",2764
"2019-05-06 21:40:25",2763
"2019-05-06 22:40:27",2762
"2019-05-06 23:40:24",2762
"2019-05-07 00:40:26",2762
"2019-05-07 01:40:30",2762
"2019-05-07 02:40:25",2762
"2019-05-07 03:40:28",2762
"2019-05-07 04:40:26",2762
"2019-05-07 05:40:26",2762
"2019-05-07 06:40:24",2762
"2019-05-07 07:40:26",2762
"2019-05-07 08:40:24",2762
"2019-05-07 09:40:28",2762
"2019-05-07 10:40:26",2762
"2019-05-07 11:40:24",2762
"2019-05-07 12:40:30",2762
"2019-05-07 13:40:27",2761
"2019-05-07 14:40:24",2771
"2019-05-07 15:40:24",2771
"2019-05-07 16:40:26",2779
"2019-05-07 17:40:27",2785
"2019-05-07 18:40:26",2786
"2019-05-07 19:40:28",2786
"2019-05-07 20:40:26",2789
"2019-05-07 21:40:25",2790
"2019-05-07 22:40:25",2791
"2019-05-07 23:40:28",2791
"2019-05-08 00:40:24",2791
"2019-05-08 01:40:25",2791
"2019-05-08 02:40:25",2791
"2019-05-08 03:40:29",2791
"2019-05-08 04:40:27",2791
"2019-05-08 05:40:26",2791
"2019-05-08 06:40:27",2791
"2019-05-08 07:40:25",2791
"2019-05-08 08:40:24",2791
"2019-05-08 09:40:29",2791
"2019-05-08 10:40:25",2791
"2019-05-08 11:40:27",2791
"2019-05-08 13:04:30",2791
"2019-05-08 13:40:26",2791
"2019-05-08 14:40:27",2800
"2019-05-08 15:40:29",2804
"2019-05-08 16:40:27",2813
"2019-05-08 17:40:29",2812
"2019-05-08 18:40:31",2809
"2019-05-08 19:40:27",2809
"2019-05-08 20:40:25",2809
"2019-05-08 21:40:27",2811
"2019-05-08 22:40:25",2811
"2019-05-08 23:40:32",2811
"2019-05-09 00:40:26",2811
"2019-05-09 01:40:28",2811
"2019-05-09 02:40:28",2811
"2019-05-09 03:40:32",2811
"2019-05-09 04:40:30",2811
"2019-05-09 05:40:28",2811
"2019-05-09 06:40:29",2811
"2019-05-09 07:40:28",2811
"2019-05-09 08:40:28",2811
"2019-05-09 09:40:31",2811
"2019-05-09 10:40:26",2811
"2019-05-09 11:40:30",2811
"2019-05-09 13:03:58",2811
"2019-05-09 13:40:28",2811
"2019-05-09 14:40:26",2821
"2019-05-09 15:40:30",2817
"2019-05-09 16:40:27",2813
"2019-05-09 17:40:30",2810
"2019-05-09 18:40:27",2808
"2019-05-09 19:40:28",2811
"2019-05-09 20:40:28",2812
"2019-05-09 21:40:26",2810
"2019-05-09 22:40:31",2809
"2019-05-09 23:40:26",2809
"2019-05-10 00:40:25",2809
"2019-05-10 01:40:29",2809
"2019-05-10 02:40:30",2809
"2019-05-10 03:40:25",2809
"2019-05-10 04:40:31",2809
"2019-05-10 05:40:26",2809
"2019-05-10 06:40:26",2809
"2019-05-10 07:40:25",2809
"2019-05-10 08:40:30",2809
"2019-05-10 09:40:27",2809
"2019-05-10 10:40:27",2809
"2019-05-10 11:40:26",2809
"2019-05-10 12:40:31",2809
"2019-05-10 13:40:27",2810
"2019-05-10 14:40:30",2812
"2019-05-10 15:40:28",2817
"2019-05-10 16:40:27",2819
"2019-05-10 17:40:27",2819
"2019-05-10 18:40:32",2816
"2019-05-10 19:40:27",2815
"2019-05-10 20:40:27",2815
"2019-05-10 21:40:27",2817
"2019-05-10 22:40:28",2817
"2019-05-10 23:40:28",2817
"2019-05-11 00:40:32",2817
"2019-05-11 01:40:27",2817
"2019-05-11 02:40:31",2817
"2019-05-11 03:40:26",2817
"2019-05-11 04:40:28",2817
"2019-05-11 05:40:35",2817
"2019-05-11 06:40:26",2817
"2019-05-11 07:40:27",2817
"2019-05-11 08:40:31",2817
"2019-05-11 09:40:27",2817
"2019-05-11 10:40:32",2817
"2019-05-11 11:40:27",2817
"2019-05-11 12:40:26",2817
"2019-05-11 13:40:29",2817
"2019-05-11 14:40:27",2817
"2019-05-11 15:40:28",2817
"2019-05-11 16:40:33",2817
"2019-05-11 17:40:28",2817
"2019-05-11 18:40:28",2817
"2019-05-11 19:40:28",2817
"2019-05-11 20:40:27",2817
"2019-05-11 21:40:28",2817
"2019-05-11 22:40:29",2817
"2019-05-11 23:40:28",2817
"2019-05-12 00:40:27",2817
"2019-05-12 01:40:28",2817
"2019-05-12 02:40:28",2817
"2019-05-12 03:40:30",2817
"2019-05-12 04:40:26",2817
"2019-05-12 05:40:29",2817
"2019-05-12 06:40:27",2817
"2019-05-12 07:40:31",2817
"2019-05-12 08:40:27",2817
"2019-05-12 09:40:30",2817
"2019-05-12 10:40:26",2817
"2019-05-12 11:40:27",2817
"2019-05-12 12:40:26",2817
"2019-05-12 13:40:31",2817
"2019-05-12 14:40:27",2817
"2019-05-12 15:40:28",2817
"2019-05-12 16:40:30",2817
"2019-05-12 17:40:32",2817
"2019-05-12 18:40:27",2817
"2019-05-12 19:40:27",2817
"2019-05-12 20:40:27",2817
"2019-05-12 21:40:25",2817
"2019-05-12 22:40:31",2817
"2019-05-12 23:40:26",2817
"2019-05-13 00:40:28",2817
"2019-05-13 01:40:26",2817
"2019-05-13 02:40:27",2817
"2019-05-13 03:40:31",2817
"2019-05-13 04:40:25",2817
"2019-05-13 05:40:24",2817
"2019-05-13 06:40:29",2817
"2019-05-13 07:40:24",2817
"2019-05-13 08:40:25",2817
"2019-05-13 09:40:27",2817
"2019-05-13 10:40:29",2817
"2019-05-13 11:40:26",2817
"2019-05-13 13:04:00",2817
"2019-05-13 13:40:28",2817
"2019-05-13 14:40:27",2813
"2019-05-13 15:40:31",2808
"2019-05-13 16:40:27",2811
"2019-05-13 17:40:27",2807
"2019-05-13 18:40:29",2808
"2019-05-13 19:40:29",2804
"2019-05-13 20:40:26",2806
"2019-05-13 21:40:29",2804
"2019-05-13 22:40:27",2803
"2019-05-13 23:40:27",2803
"2019-05-14 00:40:38",2803
"2019-05-14 01:40:26",2803
"2019-05-14 02:40:28",2803
"2019-05-14 03:40:30",2803
"2019-05-14 04:40:27",2803
"2019-05-14 05:40:26",2803
"2019-05-14 06:40:27",2803
"2019-05-14 07:40:30",2803
"2019-05-14 08:40:29",2803
"2019-05-14 09:40:31",2803
"2019-05-14 10:40:28",2803
"2019-05-14 11:40:28",2803
"2019-05-14 13:03:31",2803
"2019-05-14 13:40:30",2803
"2019-05-14 14:40:27",2806
"2019-05-14 15:40:29",2811
"2019-05-14 16:40:28",2815
"2019-05-14 17:40:26",2817
"2019-05-14 18:40:28",2818
"2019-05-14 19:40:26",2822
"2019-05-14 20:40:27",2822
"2019-05-14 21:40:26",2823
"2019-05-14 22:40:29",2824
"2019-05-14 23:40:29",2824
"2019-05-15 00:40:27",2824
"2019-05-15 01:40:27",2824
"2019-05-15 02:40:25",2824
"2019-05-15 03:40:29",2824
"2019-05-15 04:40:27",2824
"2019-05-15 05:40:29",2824
"2019-05-15 06:40:30",2824
"2019-05-15 07:40:28",2824
"2019-05-15 08:40:28",2824
"2019-05-15 09:40:31",2824
"2019-05-15 10:40:33",2824
"2019-05-15 11:40:27",2824
"2019-05-15 13:04:31",2824
"2019-05-15 13:40:27",2824
"2019-05-15 14:40:28",2842
"2019-05-15 15:40:26",2839
"2019-05-15 16:40:29",2840
"2019-05-15 17:40:28",2842
"2019-05-15 18:40:30",2840
"2019-05-15 19:40:28",2842
"2019-05-15 20:40:28",2843
"2019-05-15 21:40:29",2843
"2019-05-15 22:40:27",2843
"2019-05-15 23:40:27",2843
"2019-05-16 00:40:27",2843
"2019-05-16 01:40:30",2843
"2019-05-16 02:40:31",2843
"2019-05-16 03:40:26",2843
"2019-05-16 04:40:27",2843
"2019-05-16 05:40:30",2843
"2019-05-16 06:40:28",2843
"2019-05-16 07:40:30",2843
"2019-05-16 08:40:28",2843
"2019-05-16 09:40:29",2843
"2019-05-16 10:40:35",2843
"2019-05-16 11:40:27",2843
"2019-05-16 13:03:30",2843
"2019-05-16 13:40:35",2843
"2019-05-16 14:40:29",2840
"2019-05-16 15:40:27",2845
"2019-05-16 16:40:30",2843
"2019-05-16 17:40:28",2842
"2019-05-16 18:40:30",2841
"2019-05-16 19:40:31",2836
"2019-05-16 20:40:28",2839
"2019-05-16 21:40:29",2839
"2019-05-16 22:40:28",2840
"2019-05-16 23:40:28",2840
"2019-05-17 00:40:34",2840
"2019-05-17 01:40:29",2840
"2019-05-17 02:40:27",2840
"2019-05-17 03:40:27",2840
"2019-05-17 04:40:27",2840
"2019-05-17 05:40:29",2840
"2019-05-17 06:40:33",2840
"2019-05-17 07:40:30",2840
"2019-05-17 08:40:33",2840
"2019-05-17 09:40:32",2840
"2019-05-17 10:40:27",2840
"2019-05-17 11:40:31",2840
"2019-05-17 13:05:03",2839
"2019-05-17 13:40:34",2839
"2019-05-17 14:40:30",2873
"2019-05-17 15:40:29",2876
"2019-05-17 16:40:31",2874
"2019-05-17 17:40:30",2872
"2019-05-17 18:40:28",2877
"2019-05-17 19:40:32",2878
"2019-05-17 20:40:28",2878
"2019-05-17 21:40:30",2878
"2019-05-17 22:40:29",2878
"2019-05-17 23:40:30",2878
"2019-05-18 00:40:30",2878
"2019-05-18 01:40:31",2878
"2019-05-18 02:40:29",2878
"2019-05-18 04:40:26",2878
"2019-05-18 05:40:26",2878
"2019-05-18 06:40:28",2878
"2019-05-18 07:40:26",2878
"2019-05-18 08:40:26",2878
"2019-05-18 09:40:26",2878
"2019-05-18 10:40:25",2878
"2019-05-18 11:40:27",2878
"2019-05-18 12:40:25",2878
"2019-05-18 13:40:26",2878
"2019-05-18 14:40:26",2878
"2019-05-18 15:40:27",2878
"2019-05-18 16:40:25",2878
"2019-05-18 17:40:27",2878
"2019-05-18 18:40:25",2878
"2019-05-18 19:40:26",2878
"2019-05-18 20:40:26",2878
"2019-05-18 21:40:26",2878
"2019-05-18 22:40:26",2878
"2019-05-18 23:40:26",2878
"2019-05-19 00:40:25",2878
"2019-05-19 01:40:25",2878
"2019-05-19 02:40:25",2878
"2019-05-19 03:40:25",2878
"2019-05-19 04:40:27",2878
"2019-05-19 05:40:25",2878
"2019-05-19 06:40:25",2878
"2019-05-19 07:40:25",2878
"2019-05-19 08:40:25",2878
"2019-05-19 09:40:25",2878
"2019-05-19 10:40:25",2878
"2019-05-19 11:40:25",2878
"2019-05-19 12:40:26",2878
"2019-05-19 13:40:26",2878
"2019-05-19 14:40:25",2878
"2019-05-19 15:40:25",2878
"2019-05-19 16:40:26",2878
"2019-05-19 17:40:26",2878
"2019-05-19 18:40:25",2878
"2019-05-19 19:40:26",2878
"2019-05-19 20:40:25",2878
"2019-05-19 21:40:26",2878
"2019-05-19 22:40:26",2878
"2019-05-19 23:40:26",2878
"2019-05-20 00:40:26",2878
"2019-05-20 01:40:26",2878
"2019-05-20 02:40:27",2878
"2019-05-20 03:40:26",2878
"2019-05-20 04:40:27",2878
"2019-05-20 05:40:27",2878
"2019-05-20 06:40:27",2878
"2019-05-20 07:40:27",2878
"2019-05-20 08:40:26",2878
"2019-05-20 09:40:26",2878
"2019-05-20 10:40:26",2878
"2019-05-20 11:40:27",2878
"2019-05-20 12:40:28",2878
"2019-05-20 13:40:27",2879
"2019-05-20 14:40:27",2900
"2019-05-20 15:40:25",2907
"2019-05-20 16:40:27",2914
"2019-05-20 17:40:27",2915
"2019-05-20 18:40:25",2918
"2019-05-20 19:40:26",2916
"2019-05-20 20:40:26",2916
"2019-05-20 21:40:26",2916
"2019-05-20 22:40:26",2916
"2019-05-20 23:40:29",2916
"2019-05-21 00:40:26",2916
"2019-05-21 01:40:27",2916
"2019-05-21 02:40:26",2916
"2019-05-21 03:40:26",2916
"2019-05-21 04:40:26",2916
"2019-05-21 05:40:26",2916
"2019-05-21 06:40:25",2916
"2019-05-21 07:40:26",2916
"2019-05-21 08:40:25",2916
"2019-05-21 09:40:25",2916
"2019-05-21 10:40:25",2916
"2019-05-21 11:40:26",2916
"2019-05-21 13:04:29",2916
"2019-05-21 13:40:26",2916
"2019-05-21 14:40:26",2939
"2019-05-21 15:40:24",2944
"2019-05-21 16:40:25",2945
"2019-05-21 17:40:25",2945
"2019-05-21 18:40:26",2942
"2019-05-21 19:40:25",2944
"2019-05-21 20:40:26",2946
"2019-05-21 21:40:26",2946
"2019-05-21 22:40:28",2946
"2019-05-21 23:40:26",2946
"2019-05-22 00:40:25",2946
"2019-05-22 01:40:26",2946
"2019-05-22 02:40:25",2946
"2019-05-22 03:40:26",2946
"2019-05-22 04:40:27",2946
"2019-05-22 05:40:26",2946
"2019-05-22 06:40:25",2946
"2019-05-22 07:40:25",2946
"2019-05-22 08:40:26",2946
"2019-05-22 09:40:29",2946
"2019-05-22 10:40:25",2946
"2019-05-22 11:40:25",2946
"2019-05-22 12:40:26",2946
"2019-05-22 13:40:26",2946
"2019-05-22 14:40:26",2939
"2019-05-22 15:40:27",2937
"2019-05-22 16:40:26",2935
"2019-05-22 17:40:25",2930
"2019-05-22 18:40:25",2927
"2019-05-22 19:40:25",2923
"2019-05-22 20:40:25",2928
"2019-05-22 21:40:26",2929
"2019-05-22 22:40:26",2929
"2019-05-22 23:40:25",2929
"2019-05-23 00:40:25",2929
"2019-05-23 01:40:25",2929
"2019-05-23 02:40:26",2929
"2019-05-23 03:40:25",2929
"2019-05-23 04:40:28",2929
"2019-05-23 05:40:25",2929
"2019-05-23 06:40:26",2929
"2019-05-23 07:40:26",2929
"2019-05-23 08:40:26",2929
"2019-05-23 09:40:25",2929
"2019-05-23 10:40:26",2929
"2019-05-23 11:40:25",2929
"2019-05-23 12:40:27",2929
"2019-05-23 13:40:25",2929
"2019-05-23 14:40:26",2946
"2019-05-23 15:40:25",2952
"2019-05-23 16:40:25",2951
"2019-05-23 17:40:26",2953
"2019-05-23 18:40:25",2954
"2019-05-23 19:40:26",2956
"2019-05-23 20:40:25",2959
"2019-05-23 21:40:26",2959
"2019-05-23 22:40:26",2959
"2019-05-23 23:40:25",2959
"2019-05-24 00:40:26",2959
"2019-05-24 01:40:25",2959
"2019-05-24 02:40:25",2959
"2019-05-24 03:40:25",2959
"2019-05-24 04:40:26",2959
"2019-05-24 05:40:27",2959
"2019-05-24 06:40:26",2959
"2019-05-24 07:40:25",2959
"2019-05-24 08:40:26",2959
"2019-05-24 09:40:27",2959
"2019-05-24 10:40:26",2959
"2019-05-24 11:40:26",2959
"2019-05-24 13:04:30",2958
"2019-05-24 13:40:26",2958
"2019-05-24 14:40:27",2964
"2019-05-24 15:40:27",2969
"2019-05-24 16:40:26",2970
"2019-05-24 17:40:28",2974
"2019-05-24 18:40:28",2978
"2019-05-24 19:40:28",2977
"2019-05-24 20:40:28",2979
"2019-05-24 21:40:28",2979
"2019-05-24 22:40:27",2979
"2019-05-24 23:40:28",2979
"2019-05-25 00:40:27",2979
"2019-05-25 01:40:27",2979
"2019-05-25 04:40:27",2979
"2019-05-26 04:40:27",2979
"2019-05-26 05:40:28",2979
"2019-05-26 06:40:27",2979
"2019-05-26 07:40:28",2979
"2019-05-26 08:40:26",2979
"2019-05-26 09:40:26",2979
"2019-05-26 10:40:27",2979
"2019-05-26 11:40:27",2979
"2019-05-26 12:40:26",2979
"2019-05-26 13:40:26",2979
"2019-05-26 14:40:27",2979
"2019-05-26 15:40:26",2979
"2019-05-26 16:40:26",2979
"2019-05-26 17:40:28",2979
"2019-05-26 18:40:26",2979
"2019-05-26 19:40:26",2979
"2019-05-26 20:40:26",2979
"2019-05-26 21:40:26",2979
"2019-05-26 22:40:26",2979
"2019-05-26 23:40:26",2979
"2019-05-27 00:40:26",2979
"2019-05-27 01:40:27",2979
"2019-05-27 02:40:26",2979
"2019-05-27 03:40:27",2979
"2019-05-27 04:40:27",2979
"2019-05-27 05:40:26",2979
"2019-05-27 06:40:27",2979
"2019-05-27 07:40:30",2979
"2019-05-27 08:40:29",2979
"2019-05-27 09:40:28",2979
"2019-05-27 10:40:27",2979
"2019-05-27 11:40:26",2979
"2019-05-27 12:40:26",2979
"2019-05-27 13:40:26",2979
"2019-05-27 14:40:27",2979
"2019-05-27 15:40:27",2979
"2019-05-27 16:40:27",2979
"2019-05-27 17:40:27",2979
"2019-05-27 18:40:27",2979
"2019-05-27 19:40:26",2979
"2019-05-27 20:40:25",2979
"2019-05-27 21:40:27",2979
"2019-05-27 22:40:26",2979
"2019-05-27 23:40:26",2979
"2019-05-28 00:40:26",2979
"2019-05-28 01:40:27",2979
"2019-05-28 02:40:27",2979
"2019-05-28 03:40:27",2979
"2019-05-28 04:40:27",2979
"2019-05-28 05:40:26",2979
"2019-05-28 06:40:30",2979
"2019-05-28 07:40:28",2979
"2019-05-28 08:40:27",2979
"2019-05-28 09:40:28",2979
"2019-05-28 10:40:27",2979
"2019-05-28 11:40:26",2979
"2019-05-28 12:40:26",2979
"2019-05-28 13:40:28",2980
"2019-05-28 14:40:27",3035
"2019-05-28 15:40:27",3040
"2019-05-28 16:40:28",3045
"2019-05-28 17:40:29",3051
"2019-05-28 18:40:28",3055
"2019-05-28 19:40:27",3058
"2019-05-28 20:40:28",3063
"2019-05-28 21:40:27",3063
"2019-05-28 22:40:27",3063
"2019-05-28 23:40:28",3063
"2019-05-29 00:40:28",3063
"2019-05-29 01:40:27",3063
"2019-05-29 02:40:27",3063
"2019-05-29 03:40:26",3063
"2019-05-29 04:40:27",3063
"2019-05-29 05:40:30",3063
"2019-05-29 06:40:28",3063
"2019-05-29 07:40:29",3063
"2019-05-29 08:40:27",3063
"2019-05-29 09:40:30",3063
"2019-05-29 10:40:28",3063
"2019-05-29 11:40:27",3063
"2019-05-29 13:03:31",3062
"2019-05-29 13:40:29",3062
"2019-05-29 14:40:29",3078
"2019-05-29 15:40:28",3070
"2019-05-29 16:40:28",3070
"2019-05-29 17:40:29",3069
"2019-05-29 18:40:28",3071
"2019-05-29 19:40:29",3070
"2019-05-29 20:40:27",3071
"2019-05-29 21:40:27",3072
"2019-05-29 22:40:28",3071
"2019-05-29 23:40:28",3071
"2019-05-30 00:40:27",3071
"2019-05-30 01:40:28",3071
"2019-05-30 02:40:29",3071
"2019-05-30 03:40:27",3071
"2019-05-30 04:40:28",3071
"2019-05-30 05:40:29",3071
"2019-05-30 06:40:28",3071
"2019-05-30 07:40:28",3071
"2019-05-30 08:40:29",3071
"2019-05-30 09:40:28",3071
"2019-05-30 10:40:27",3071
"2019-05-30 11:40:28",3071
"2019-05-30 12:40:30",3071
"2019-05-30 13:40:27",3071
"2019-05-30 14:40:29",3075
"2019-05-30 15:40:28",3076
"2019-05-30 16:40:27",3071
"2019-05-30 17:40:28",3070
"2019-05-30 18:40:28",3067
"2019-05-30 19:40:28",3065
"2019-05-30 20:40:27",3063
"2019-05-30 21:40:27",3063
"2019-05-30 22:40:29",3063
"2019-05-30 23:40:27",3063
"2019-05-31 00:40:26",3063
"2019-05-31 01:40:27",3063
"2019-05-31 02:40:27",3063
"2019-05-31 03:40:27",3063
"2019-05-31 04:40:27",3063
"2019-05-31 05:40:27",3063
"2019-05-31 06:40:29",3063
"2019-05-31 07:40:27",3063
"2019-05-31 08:40:27",3063
"2019-05-31 09:40:29",3063
"2019-05-31 10:40:28",3063
"2019-05-31 11:40:27",3063
"2019-05-31 12:41:12",3063
"2019-05-31 13:40:27",3062
"2019-05-31 14:40:28",3058
"2019-05-31 15:40:28",3058
"2019-05-31 16:40:27",3055
"2019-05-31 17:40:30",3056
"2019-05-31 18:40:27",3052
"2019-05-31 19:40:27",3054
"2019-05-31 20:40:27",3059
"2019-05-31 21:40:28",3056
"2019-05-31 22:40:27",3056
"2019-05-31 23:40:27",3056
"2019-06-01 00:40:27",3056
"2019-06-01 01:40:27",3056
"2019-06-01 02:40:27",3056
"2019-06-01 03:40:27",3056
"2019-06-01 04:40:27",3056
"2019-06-01 05:40:27",3056
"2019-06-01 06:40:29",3056
"2019-06-01 07:40:27",3056
"2019-06-01 08:40:27",3056
"2019-06-01 09:40:27",3056
"2019-06-01 10:40:28",3056
"2019-06-01 11:40:27",3056
"2019-06-01 12:40:27",3056
"2019-06-01 13:40:27",3056
"2019-06-01 14:40:28",3056
"2019-06-01 15:40:28",3056
"2019-06-01 16:40:27",3056
"2019-06-01 17:40:27",3056
"2019-06-01 18:40:28",3056
"2019-06-01 19:40:29",3056
"2019-06-01 20:40:27",3056
"2019-06-01 21:40:28",3056
"2019-06-01 22:40:28",3056
"2019-06-01 23:40:27",3056
"2019-06-02 00:40:28",3056
"2019-06-02 01:40:29",3056
"2019-06-02 02:40:28",3056
"2019-06-02 03:40:28",3056
"2019-06-02 04:40:27",3056
"2019-06-02 05:40:30",3056
"2019-06-02 06:40:28",3056
"2019-06-02 07:40:28",3056
"2019-06-02 08:40:27",3056
"2019-06-02 09:40:27",3056
"2019-06-02 10:40:27",3056
"2019-06-02 11:40:28",3056
"2019-06-02 12:40:29",3056
"2019-06-02 13:40:28",3056
"2019-06-02 14:40:28",3056
"2019-06-02 15:40:26",3056
"2019-06-02 16:40:27",3056
"2019-06-02 17:40:28",3056
"2019-06-02 18:40:28",3056
"2019-06-02 19:40:28",3056
"2019-06-02 20:40:27",3056
"2019-06-02 21:40:28",3056
"2019-06-02 22:40:28",3056
"2019-06-02 23:40:27",3056
"2019-06-03 00:40:28",3056
"2019-06-03 01:40:29",3056
"2019-06-03 02:40:28",3056
"2019-06-03 03:40:27",3056
"2019-06-03 04:40:27",3056
"2019-06-03 05:40:28",3056
"2019-06-03 06:40:28",3056
"2019-06-03 07:40:28",3056
"2019-06-03 08:40:29",3056
"2019-06-03 09:40:27",3056
"2019-06-03 10:40:28",3056
"2019-06-03 11:40:29",3056
"2019-06-03 12:40:27",3056
"2019-06-03 13:40:29",3057
"2019-06-03 14:40:29",3062
"2019-06-03 15:40:28",3060
"2019-06-03 16:40:27",3057
"2019-06-03 17:40:27",3055
"2019-06-03 18:40:29",3053
"2019-06-03 19:40:28",3049
"2019-06-03 20:40:27",3046
"2019-06-03 21:40:28",3046
"2019-06-03 22:40:28",3046
"2019-06-03 23:40:30",3046
"2019-06-04 00:40:28",3046
"2019-06-04 01:40:28",3046
"2019-06-04 02:40:27",3046
"2019-06-04 03:40:28",3046
"2019-06-04 04:40:28",3046
"2019-06-04 05:40:28",3046
"2019-06-04 06:40:27",3046
"2019-06-04 07:40:27",3046
"2019-06-04 08:40:29",3046
"2019-06-04 09:40:27",3046
"2019-06-04 10:40:29",3046
"2019-06-04 11:40:27",3046
"2019-06-04 13:03:01",3046
"2019-06-04 13:40:29",3046
"2019-06-04 14:40:30",3055
"2019-06-04 15:40:29",3066
"2019-06-04 16:40:29",3063
"2019-06-04 17:40:29",3060
"2019-06-04 18:40:29",3063
"2019-06-04 19:40:28",3068
"2019-06-04 20:40:28",3064
"2019-06-04 21:40:28",3069
"2019-06-04 22:40:28",3069
"2019-06-04 23:40:31",3069
"2019-06-05 00:40:28",3069
"2019-06-05 01:40:29",3069
"2019-06-05 02:40:30",3069
"2019-06-05 03:40:30",3069
"2019-06-05 04:40:31",3069
"2019-06-05 05:40:29",3069
"2019-06-05 06:40:29",3069
"2019-06-05 07:40:29",3069
"2019-06-05 08:40:31",3069
"2019-06-05 09:40:28",3069
"2019-06-05 10:40:29",3069
"2019-06-05 11:40:31",3069
"2019-06-05 13:04:32",3069
"2019-06-05 13:40:27",3069
"2019-06-05 14:40:28",3095
"2019-06-05 15:40:29",3098
"2019-06-05 16:40:28",3099
"2019-06-05 17:40:29",3101
"2019-06-05 18:40:29",3100
"2019-06-05 19:40:30",3097
"2019-06-05 20:40:29",3097
"2019-06-05 21:40:28",3097
"2019-06-05 22:40:29",3097
"2019-06-05 23:40:28",3097
"2019-06-06 00:40:29",3097
"2019-06-06 01:40:28",3097
"2019-06-06 02:40:28",3097
"2019-06-06 03:40:29",3097
"2019-06-06 04:40:31",3097
"2019-06-06 05:40:29",3097
"2019-06-06 06:40:30",3097
"2019-06-06 07:40:29",3097
"2019-06-06 08:40:30",3097
"2019-06-06 09:40:29",3097
"2019-06-06 10:40:33",3097
"2019-06-06 11:40:28",3097
"2019-06-06 13:04:31",3097
"2019-06-06 13:40:29",3097
"2019-06-06 14:40:29",3101
"2019-06-06 15:40:30",3101
"2019-06-06 16:40:29",3102
"2019-06-06 17:40:30",3104
"2019-06-06 18:40:30",3103
"2019-06-06 19:40:30",3108
"2019-06-06 20:40:28",3111
"2019-06-06 21:40:29",3111
"2019-06-06 22:40:28",3111
"2019-06-06 23:40:28",3111
"2019-06-07 00:40:30",3111
"2019-06-07 01:40:29",3111
"2019-06-07 02:40:29",3111
"2019-06-07 03:40:29",3111
"2019-06-07 04:40:31",3111
"2019-06-07 05:40:28",3111
"2019-06-07 06:40:29",3111
"2019-06-07 07:40:29",3111
"2019-06-07 08:40:29",3111
"2019-06-07 09:40:30",3111
"2019-06-07 10:40:29",3111
"2019-06-07 11:40:29",3111
"2019-06-07 13:04:34",3111
"2019-06-07 13:40:30",3111
"2019-06-07 14:40:29",3121
"2019-06-07 15:40:29",3122
"2019-06-07 16:40:29",3126
"2019-06-07 17:40:29",3129
"2019-06-07 18:40:29",3134
"2019-06-07 19:40:29",3133
"2019-06-07 20:40:29",3134
"2019-06-07 21:40:29",3132
"2019-06-07 22:40:28",3132
"2019-06-07 23:40:30",3132
"2019-06-08 00:40:28",3132
"2019-06-08 01:40:30",3132
"2019-06-08 02:40:30",3132
"2019-06-08 03:40:30",3132
"2019-06-08 04:40:29",3132
"2019-06-08 05:40:33",3132
"2019-06-08 06:40:31",3132
"2019-06-08 07:40:30",3132
"2019-06-08 08:40:29",3132
"2019-06-08 09:40:30",3132
"2019-06-08 10:40:28",3132
"2019-06-08 11:40:30",3132
"2019-06-08 12:40:30",3132
"2019-06-08 13:40:28",3132
"2019-06-08 14:40:28",3132
"2019-06-08 15:40:30",3132
"2019-06-08 16:40:29",3132
"2019-06-08 17:40:30",3132
"2019-06-08 18:40:29",3132
"2019-06-08 19:40:28",3132
"2019-06-08 20:40:30",3132
"2019-06-08 21:40:28",3132
"2019-06-08 22:40:29",3132
"2019-06-08 23:40:30",3132
"2019-06-09 00:40:28",3132
"2019-06-09 01:40:29",3132
"2019-06-09 02:40:31",3132
"2019-06-09 03:40:32",3132
"2019-06-09 04:40:28",3132
"2019-06-09 05:40:31",3132
"2019-06-09 06:40:28",3132
"2019-06-09 07:40:30",3132
"2019-06-09 08:40:28",3132
"2019-06-09 09:40:30",3132
"2019-06-09 10:40:29",3132
"2019-06-09 11:40:29",3132
"2019-06-09 12:40:30",3132
"2019-06-09 13:40:29",3132
"2019-06-09 14:40:28",3132
"2019-06-09 15:40:31",3132
"2019-06-09 16:40:29",3132
"2019-06-09 17:40:30",3132
"2019-06-09 18:40:29",3132
"2019-06-09 19:40:29",3132
"2019-06-09 20:40:29",3132
"2019-06-09 21:40:29",3132
"2019-06-09 22:40:31",3132
"2019-06-09 23:40:29",3132
"2019-06-10 00:40:29",3132
"2019-06-10 01:40:31",3132
"2019-06-10 02:40:29",3132
"2019-06-10 03:40:30",3132
"2019-06-10 04:40:30",3132
"2019-06-10 05:40:30",3132
"2019-06-10 06:40:28",3132
"2019-06-10 07:40:30",3132
"2019-06-10 08:40:29",3132
"2019-06-10 09:40:29",3132
"2019-06-10 10:40:32",3132
"2019-06-10 11:40:30",3132
"2019-06-10 12:40:33",3132
"2019-06-10 13:40:31",3132
"2019-06-10 14:40:30",3191
"2019-06-10 15:40:30",3196
"2019-06-10 16:40:32",3198
"2019-06-10 17:40:29",3198
"2019-06-10 18:40:31",3208
"2019-06-10 19:40:32",3214
"2019-06-10 20:40:30",3212
"2019-06-10 21:40:29",3212
"2019-06-10 22:40:29",3212
"2019-06-10 23:40:30",3212
"2019-06-11 00:40:31",3212
"2019-06-11 01:40:32",3212
"2019-06-11 02:40:31",3212
"2019-06-11 03:40:30",3212
"2019-06-11 04:40:31",3212
"2019-06-11 05:40:30",3212
"2019-06-11 06:40:30",3212
"2019-06-11 07:40:30",3212
"2019-06-11 08:40:29",3212
"2019-06-11 09:40:31",3212
"2019-06-11 10:40:29",3212
"2019-06-11 11:40:29",3212
"2019-06-11 13:04:04",3212
"2019-06-11 13:40:31",3212
"2019-06-11 14:40:30",3247
"2019-06-11 15:40:30",3252
"2019-06-11 16:40:32",3252
"2019-06-11 17:40:30",3261
"2019-06-11 18:40:32",3259
"2019-06-11 19:40:30",3259
"2019-06-11 20:40:31",3259
"2019-06-11 21:40:30",3259
"2019-06-11 22:40:30",3259
"2019-06-11 23:40:30",3259
"2019-06-12 00:40:32",3259
"2019-06-12 01:40:30",3259
"2019-06-12 02:40:30",3259
"2019-06-12 03:40:34",3259
"2019-06-12 04:40:32",3259
"2019-06-12 05:40:31",3259
"2019-06-12 06:40:31",3259
"2019-06-12 07:40:32",3259
"2019-06-12 08:40:31",3259
"2019-06-12 09:40:34",3259
"2019-06-12 10:40:31",3259
"2019-06-12 11:40:31",3259
"2019-06-12 13:03:36",3259
"2019-06-12 13:40:31",3259
"2019-06-12 14:40:32",3273
"2019-06-12 15:40:32",3273
"2019-06-12 16:40:32",3276
"2019-06-12 17:40:31",3274
"2019-06-12 18:40:31",3271
"2019-06-12 19:40:31",3270
"2019-06-12 20:40:31",3268
"2019-06-12 21:40:31",3268
"2019-06-12 22:40:32",3268
"2019-06-12 23:40:31",3268
"2019-06-13 00:40:32",3268
"2019-06-13 01:40:31",3268
"2019-06-13 02:40:31",3268
"2019-06-13 03:40:32",3268
"2019-06-13 04:40:33",3268
"2019-06-13 05:40:32",3268
"2019-06-13 06:40:31",3268
"2019-06-13 07:40:31",3268
"2019-06-13 08:40:31",3268
"2019-06-13 09:40:31",3268
"2019-06-13 10:40:32",3268
"2019-06-13 11:40:31",3268
"2019-06-13 13:04:34",3268
"2019-06-13 13:40:33",3268
"2019-06-13 14:40:32",3271
"2019-06-13 15:40:33",3271
"2019-06-13 16:40:32",3273
"2019-06-13 17:40:31",3274
"2019-06-13 18:40:32",3283
"2019-06-13 19:40:32",3284
"2019-06-13 20:40:29",3288
"2019-06-13 21:40:31",3287
"2019-06-13 22:40:31",3287
"2019-06-13 23:40:32",3287
"2019-06-14 00:40:32",3287
"2019-06-14 01:40:32",3287
"2019-06-14 02:40:32",3287
"2019-06-14 03:40:31",3287
"2019-06-14 04:40:32",3287
"2019-06-14 05:40:32",3287
"2019-06-14 06:40:36",3287
"2019-06-14 07:40:32",3287
"2019-06-14 08:40:32",3287
"2019-06-14 09:40:31",3287
"2019-06-14 10:40:31",3287
"2019-06-14 11:40:32",3287
"2019-06-14 12:40:32",3287
"2019-06-14 13:40:31",3287
"2019-06-14 14:40:33",3299
"2019-06-14 15:40:33",3296
"2019-06-14 16:40:34",3298
"2019-06-14 17:40:32",3300
"2019-06-14 18:40:31",3300
"2019-06-14 19:40:32",3301
"2019-06-14 20:40:31",3306
"2019-06-14 21:40:33",3306
"2019-06-14 22:40:31",3307
"2019-06-14 23:40:32",3307
"2019-06-15 00:40:31",3307
"2019-06-15 01:40:34",3307
"2019-06-15 02:40:32",3307
"2019-06-15 03:40:32",3307
"2019-06-15 04:40:33",3307
"2019-06-15 05:40:33",3307
"2019-06-15 06:40:31",3307
"2019-06-15 07:40:31",3307
"2019-06-15 08:40:31",3307
"2019-06-15 09:40:33",3307
"2019-06-15 10:40:32",3307
"2019-06-15 11:40:31",3307
"2019-06-15 12:40:33",3307
"2019-06-15 13:40:32",3307
"2019-06-15 14:40:32",3307
"2019-06-15 15:40:32",3307
"2019-06-15 16:40:32",3307
"2019-06-15 17:40:31",3307
"2019-06-15 18:40:31",3307
"2019-06-15 19:40:31",3307
"2019-06-15 20:40:33",3307
"2019-06-15 21:40:34",3307
"2019-06-15 22:40:32",3307
"2019-06-15 23:40:31",3307
"2019-06-16 00:40:31",3307
"2019-06-16 01:40:32",3307
"2019-06-16 02:40:33",3307
"2019-06-16 03:40:32",3307
"2019-06-16 04:40:33",3307
"2019-06-16 05:40:33",3307
"2019-06-16 06:40:33",3307
"2019-06-16 07:40:32",3307
"2019-06-16 08:40:33",3307
"2019-06-16 09:40:32",3307
"2019-06-16 10:40:31",3307
"2019-06-16 11:40:32",3307
"2019-06-16 12:40:32",3307
"2019-06-16 13:40:31",3307
"2019-06-16 14:40:32",3307
"2019-06-16 15:40:32",3307
"2019-06-16 16:40:32",3307
"2019-06-16 17:40:33",3307
"2019-06-16 18:40:34",3307
"2019-06-16 19:40:32",3307
"2019-06-16 20:40:32",3307
"2019-06-16 21:40:32",3307
"2019-06-16 22:40:30",3307
"2019-06-16 23:40:32",3307
"2019-06-17 00:40:32",3307
"2019-06-17 01:40:31",3307
"2019-06-17 02:40:34",3307
"2019-06-17 03:40:33",3307
"2019-06-17 04:40:32",3307
"2019-06-17 05:40:32",3307
"2019-06-17 06:40:33",3307
"2019-06-17 07:40:31",3307
"2019-06-17 08:40:32",3307
"2019-06-17 09:40:31",3307
"2019-06-17 10:40:33",3307
"2019-06-17 11:40:33",3307
"2019-06-17 13:05:04",3308
"2019-06-17 13:40:32",3308
"2019-06-17 14:40:31",3389
"2019-06-17 15:40:32",3392
"2019-06-17 16:40:34",3390
"2019-06-17 17:40:33",3390
"2019-06-17 18:40:33",3387
"2019-06-17 19:40:32",3389
"2019-06-17 20:40:32",3391
"2019-06-17 21:40:31",3392
"2019-06-17 22:40:34",3390
"2019-06-17 23:40:31",3390
"2019-06-18 00:40:31",3390
"2019-06-18 01:40:32",3390
"2019-06-18 02:40:37",3390
"2019-06-18 03:40:34",3390
"2019-06-18 04:40:32",3390
"2019-06-18 05:40:34",3390
"2019-06-18 06:40:32",3390
"2019-06-18 07:40:34",3390
"2019-06-18 08:40:36",3390
"2019-06-18 09:40:31",3390
"2019-06-18 10:40:32",3390
"2019-06-18 11:40:31",3390
"2019-06-18 13:03:06",3390
"2019-06-18 13:40:33",3390
"2019-06-18 14:40:33",3385
"2019-06-18 15:40:33",3379
"2019-06-18 16:40:33",3381
"2019-06-18 17:40:32",3385
"2019-06-18 18:40:35",3382
"2019-06-18 19:40:34",3382
"2019-06-18 20:40:33",3380
"2019-06-18 21:40:32",3379
"2019-06-18 22:40:33",3380
"2019-06-18 23:40:33",3380
"2019-06-19 00:40:33",3380
"2019-06-19 01:40:34",3380
"2019-06-19 02:40:34",3380
"2019-06-19 03:40:34",3380
"2019-06-19 04:40:32",3380
"2019-06-19 05:40:36",3380
"2019-06-19 06:40:40",3380
"2019-06-19 07:40:34",3380
"2019-06-19 08:40:34",3380
"2019-06-19 09:40:33",3380
"2019-06-19 10:40:33",3380
"2019-06-19 11:40:32",3380
"2019-06-19 13:03:07",3380
"2019-06-19 13:40:33",3380
"2019-06-19 14:40:33",3386
"2019-06-19 15:40:33",3386
"2019-06-19 16:40:41",3382
"2019-06-19 17:40:34",3382
"2019-06-19 18:40:32",3384
"2019-06-19 19:40:34",3382
"2019-06-19 20:40:34",3385
"2019-06-19 21:40:33",3385
"2019-06-19 22:40:33",3387
"2019-06-19 23:40:33",3387
"2019-06-20 00:40:33",3387
"2019-06-20 01:40:33",3387
"2019-06-20 02:40:32",3387
"2019-06-20 03:40:33",3387
"2019-06-20 04:40:35",3387
"2019-06-20 05:40:32",3387
"2019-06-20 06:40:32",3387
"2019-06-20 07:40:33",3387
"2019-06-20 08:40:33",3387
"2019-06-20 09:40:34",3387
"2019-06-20 10:40:33",3387
"2019-06-20 11:40:32",3387
"2019-06-20 13:04:45",3387
"2019-06-20 13:40:35",3387
"2019-06-20 14:40:34",3391
"2019-06-20 15:40:33",3386
"2019-06-20 16:40:33",3387
"2019-06-20 17:40:35",3383
"2019-06-20 18:40:32",3382
"2019-06-20 19:40:33",3385
"2019-06-20 20:40:37",3390
"2019-06-20 21:40:33",3390
"2019-06-20 22:40:34",3389
"2019-06-20 23:40:35",3389
"2019-06-21 00:40:33",3389
"2019-06-21 01:40:34",3389
"2019-06-21 02:40:33",3389
"2019-06-21 03:40:34",3389
"2019-06-21 04:40:34",3389
"2019-06-21 05:40:34",3389
"2019-06-21 06:40:33",3389
"2019-06-21 07:40:35",3389
"2019-06-21 08:40:33",3389
"2019-06-21 09:40:33",3389
"2019-06-21 10:40:32",3389
"2019-06-21 11:40:32",3389
"2019-06-21 12:40:34",3389
"2019-06-21 13:40:34",3389
"2019-06-21 14:40:33",3392
"2019-06-21 15:40:33",3395
"2019-06-21 16:40:34",3392
"2019-06-21 17:40:33",3399
"2019-06-21 18:40:34",3403
"2019-06-21 19:40:32",3403
"2019-06-21 20:40:31",3409
"2019-06-21 21:40:33",3409
"2019-06-21 22:40:33",3409
"2019-06-21 23:40:33",3409
"2019-06-22 00:40:34",3409
"2019-06-22 01:40:35",3409
"2019-06-22 02:40:34",3409
"2019-06-22 03:40:33",3409
"2019-06-22 04:40:32",3409
"2019-06-22 05:40:34",3409
"2019-06-22 06:40:35",3409
"2019-06-22 07:40:34",3409
"2019-06-22 08:40:33",3409
"2019-06-22 09:40:34",3409
"2019-06-22 10:40:35",3409
"2019-06-22 11:40:32",3409
"2019-06-22 12:40:37",3409
"2019-06-22 13:40:33",3409
"2019-06-22 14:40:35",3409
"2019-06-22 15:40:41",3409
"2019-06-22 16:40:39",3409
"2019-06-22 17:40:33",3409
"2019-06-22 18:40:37",3409
"2019-06-22 19:40:33",3409
"2019-06-22 20:40:33",3409
"2019-06-22 21:40:33",3409
"2019-06-22 22:40:38",3409
"2019-06-22 23:40:34",3409
"2019-06-23 00:40:44",3409
"2019-06-23 01:40:34",3409
"2019-06-23 02:40:35",3409
"2019-06-23 03:40:34",3409
"2019-06-23 04:40:33",3409
"2019-06-23 05:40:33",3409
"2019-06-23 06:40:34",3409
"2019-06-23 07:40:32",3409
"2019-06-23 08:40:33",3409
"2019-06-23 09:40:33",3409
"2019-06-23 10:40:34",3409
"2019-06-23 11:40:34",3409
"2019-06-23 12:40:32",3409
"2019-06-23 13:40:34",3409
"2019-06-23 14:40:32",3409
"2019-06-23 15:40:32",3409
"2019-06-23 16:40:34",3409
"2019-06-23 17:40:34",3409
"2019-06-23 18:40:32",3409
"2019-06-23 19:40:32",3409
"2019-06-23 20:40:34",3409
"2019-06-23 21:40:33",3409
"2019-06-23 22:40:33",3409
"2019-06-23 23:40:33",3409
"2019-06-24 00:40:34",3409
"2019-06-24 01:40:33",3409
"2019-06-24 02:40:33",3409
"2019-06-24 03:40:35",3409
"2019-06-24 04:40:33",3409
"2019-06-24 05:40:35",3409
"2019-06-24 06:40:36",3409
"2019-06-24 07:40:33",3409
"2019-06-24 08:40:33",3409
"2019-06-24 09:40:35",3409
"2019-06-24 10:40:33",3409
"2019-06-24 11:40:37",3409
"2019-06-24 12:40:35",3409
"2019-06-24 13:40:33",3409
"2019-06-24 14:40:34",3422
"2019-06-24 15:40:33",3428
"2019-06-24 16:40:36",3430
"2019-06-24 17:40:34",3426
"2019-06-24 18:40:34",3427
"2019-06-24 19:40:34",3428
"2019-06-24 20:40:33",3429
"2019-06-24 21:40:35",3430
"2019-06-24 22:40:33",3432
"2019-06-24 23:40:33",3432
"2019-06-25 00:40:33",3432
"2019-06-25 01:40:33",3432
"2019-06-25 02:40:34",3432
"2019-06-25 03:40:34",3432
"2019-06-25 04:40:33",3432
"2019-06-25 05:40:34",3432
"2019-06-25 06:40:33",3432
"2019-06-25 07:40:34",3432
"2019-06-25 08:40:33",3432
"2019-06-25 09:40:37",3432
"2019-06-25 10:40:33",3432
"2019-06-25 11:40:32",3432
"2019-06-25 13:04:06",3431
"2019-06-25 13:40:34",3431
"2019-06-25 14:40:33",3459
"2019-06-25 15:40:33",3458
"2019-06-25 16:40:34",3453
"2019-06-25 17:40:36",3450
"2019-06-25 18:40:36",3451
"2019-06-25 19:40:33",3446
"2019-06-25 20:40:34",3446
"2019-06-25 21:40:32",3446
"2019-06-25 22:40:32",3445
"2019-06-25 23:40:36",3445
"2019-06-26 00:40:33",3445
"2019-06-26 01:40:34",3445
"2019-06-26 02:40:33",3445
"2019-06-26 03:40:42",3445
"2019-06-26 04:40:34",3445
"2019-06-26 05:40:33",3445
"2019-06-26 06:40:33",3445
"2019-06-26 07:40:34",3445
"2019-06-26 08:40:32",3445
"2019-06-26 09:40:31",3445
"2019-06-26 10:40:32",3445
"2019-06-26 11:40:32",3445
"2019-06-26 13:03:07",3444
"2019-06-26 13:40:35",3444
"2019-06-26 14:40:34",3443
"2019-06-26 15:40:35",3444
"2019-06-26 16:40:35",3437
"2019-06-26 17:40:33",3450
"2019-06-26 18:40:35",3458
"2019-06-26 19:40:34",3455
"2019-06-26 20:40:33",3466
"2019-06-26 21:40:34",3472
"2019-06-26 22:40:34",3472
"2019-06-26 23:40:34",3472
"2019-06-27 00:40:35",3472
"2019-06-27 01:40:34",3472
"2019-06-27 02:40:34",3472
"2019-06-27 03:40:33",3472
"2019-06-27 04:40:34",3472
"2019-06-27 05:40:34",3472
"2019-06-27 06:40:34",3472
"2019-06-27 07:40:32",3472
"2019-06-27 08:40:33",3472
"2019-06-27 09:40:34",3472
"2019-06-27 10:40:33",3472
"2019-06-27 11:40:33",3472
"2019-06-27 13:03:06",3474
"2019-06-27 13:40:33",3474
"2019-06-27 14:40:34",3540
"2019-06-27 15:40:34",3560
"2019-06-27 16:40:33",3591
"2019-06-27 17:40:33",3594
"2019-06-27 18:40:33",3600
"2019-06-27 19:40:32",3597
"2019-06-27 20:40:34",3606
"2019-06-27 21:40:36",3604
"2019-06-27 22:40:33",3607
"2019-06-27 23:40:47",3607
"2019-06-28 00:40:34",3607
"2019-06-28 01:40:34",3607
"2019-06-28 02:40:33",3607
"2019-06-28 03:40:36",3607
"2019-06-28 04:40:37",3607
"2019-06-28 05:40:34",3607
"2019-06-28 06:40:33",3607
"2019-06-28 07:40:33",3607
"2019-06-28 08:40:32",3607
"2019-06-28 09:40:33",3607
"2019-06-28 10:40:32",3607
"2019-06-28 11:40:34",3607
"2019-06-28 13:04:06",3609
"2019-06-28 13:40:33",3609
"2019-06-28 14:40:33",3639
"2019-06-28 15:40:34",3630
"2019-06-28 16:40:34",3633
"2019-06-28 17:40:33",3630
"2019-06-28 18:40:32",3624
"2019-06-28 19:40:32",3617
"2019-06-28 20:40:33",3613
"2019-06-28 21:40:34",3614
"2019-06-28 22:40:33",3613
"2019-06-28 23:40:33",3613
"2019-06-29 00:40:33",3613
"2019-06-29 01:40:36",3613
"2019-06-29 02:40:33",3613
"2019-06-29 03:40:33",3613
"2019-06-29 04:40:33",3613
"2019-06-29 05:40:33",3613
"2019-06-29 06:40:33",3613
"2019-06-29 07:40:33",3613
"2019-06-29 08:40:33",3613
"2019-06-29 09:40:33",3613
"2019-06-29 10:40:33",3613
"2019-06-29 11:40:37",3613
"2019-06-29 12:40:35",3613
"2019-06-29 13:40:34",3613
"2019-06-29 14:40:35",3613
"2019-06-29 15:40:35",3613
"2019-06-29 16:40:35",3613
"2019-06-29 17:40:33",3613
"2019-06-29 18:40:34",3613
"2019-06-29 19:40:34",3613
"2019-06-29 20:40:34",3613
"2019-06-29 21:40:34",3613
"2019-06-29 22:40:33",3613
"2019-06-29 23:40:34",3613
"2019-06-30 00:40:33",3613
"2019-06-30 01:40:37",3613
"2019-06-30 02:40:34",3613
"2019-06-30 03:40:34",3613
"2019-06-30 04:40:35",3613
"2019-06-30 05:40:33",3613
"2019-06-30 06:40:35",3613
"2019-06-30 07:40:34",3613
"2019-06-30 08:40:34",3613
"2019-06-30 09:40:34",3613
"2019-06-30 10:40:34",3613
"2019-06-30 11:40:33",3613
"2019-06-30 12:40:34",3613
"2019-06-30 13:40:34",3613
"2019-06-30 14:40:32",3613
"2019-06-30 15:40:34",3613
"2019-06-30 16:40:34",3613
"2019-06-30 17:40:34",3613
"2019-06-30 18:40:34",3613
"2019-06-30 19:40:35",3613
"2019-06-30 20:40:34",3613
"2019-06-30 21:40:33",3613
"2019-06-30 22:40:33",3613
"2019-06-30 23:40:33",3613
"2019-07-01 00:40:35",3613
"2019-07-01 01:40:33",3613
"2019-07-01 02:40:35",3613
"2019-07-01 03:40:34",3613
"2019-07-01 04:40:33",3613
"2019-07-01 05:40:35",3613
"2019-07-01 06:40:34",3613
"2019-07-01 07:40:35",3613
"2019-07-01 08:40:40",3613
"2019-07-01 09:40:34",3613
"2019-07-01 10:40:34",3613
"2019-07-01 11:40:34",3613
"2019-07-01 13:04:07",3613
"2019-07-01 13:40:37",3613
"2019-07-01 14:40:44",3642
"2019-07-01 15:40:36",3648
"2019-07-01 16:40:36",3659
"2019-07-01 17:40:35",3657
"2019-07-01 18:40:35",3665
"2019-07-01 19:40:37",3664
"2019-07-01 20:40:35",3709
"2019-07-01 21:40:35",3709
"2019-07-01 22:40:37",3726
"2019-07-01 23:40:36",3726
"2019-07-02 00:40:37",3726
"2019-07-02 01:40:35",3726
"2019-07-02 02:40:42",3726
"2019-07-02 03:40:41",3726
"2019-07-02 04:40:35",3726
"2019-07-02 05:40:47",3726
"2019-07-02 06:40:35",3726
"2019-07-02 07:40:36",3726
"2019-07-02 08:40:35",3726
"2019-07-02 09:40:35",3726
"2019-07-02 10:40:35",3726
"2019-07-02 11:40:35",3726
"2019-07-02 12:40:38",3726
"2019-07-02 13:40:35",3726
"2019-07-02 14:40:36",3808
"2019-07-02 15:40:35",3822
"2019-07-02 16:40:34",3831
"2019-07-02 17:40:36",3841
"2019-07-02 18:40:35",3849
"2019-07-02 19:40:35",3848
"2019-07-02 20:40:35",3847
"2019-07-02 21:40:35",3847
"2019-07-02 22:40:37",3847
"2019-07-02 23:40:38",3847
"2019-07-03 00:40:36",3847
"2019-07-03 01:40:34",3847
"2019-07-03 02:40:36",3847
"2019-07-03 03:40:36",3847
"2019-07-03 04:40:34",3847
"2019-07-03 05:40:35",3847
"2019-07-03 06:40:36",3847
"2019-07-03 07:40:35",3847
"2019-07-03 08:40:43",3847
"2019-07-03 09:40:35",3847
"2019-07-03 10:40:36",3847
"2019-07-03 11:40:35",3847
"2019-07-03 13:05:08",3849
"2019-07-03 13:40:36",3849
"2019-07-03 14:40:38",3835
"2019-07-03 15:40:35",3821
"2019-07-03 16:40:36",3821
"2019-07-03 17:40:36",3828
"2019-07-03 18:40:36",3829
"2019-07-03 19:40:35",3832
"2019-07-03 20:40:35",3832
"2019-07-03 21:40:35",3832
"2019-07-03 22:40:34",3832
"2019-07-03 23:40:36",3832
"2019-07-04 00:40:36",3832
"2019-07-04 01:40:35",3832
"2019-07-04 02:40:38",3832
"2019-07-04 03:40:35",3832
"2019-07-04 04:40:35",3832
"2019-07-04 05:40:36",3832
"2019-07-04 06:40:35",3832
"2019-07-04 07:40:35",3832
"2019-07-04 08:40:34",3832
"2019-07-04 09:40:35",3832
"2019-07-04 10:40:35",3832
"2019-07-04 11:40:35",3832
"2019-07-04 12:40:37",3832
"2019-07-04 13:40:37",3832
"2019-07-04 14:40:37",3832
"2019-07-04 15:40:35",3832
"2019-07-04 16:40:35",3832
"2019-07-04 17:40:34",3832
"2019-07-04 18:40:34",3832
"2019-07-04 19:40:34",3832
"2019-07-04 20:40:35",3832
"2019-07-04 21:40:35",3832
"2019-07-04 22:40:35",3832
"2019-07-04 23:40:35",3832
"2019-07-05 00:40:36",3832
"2019-07-05 01:40:34",3832
"2019-07-05 02:40:35",3832
"2019-07-05 03:40:36",3832
"2019-07-05 04:40:35",3832
"2019-07-05 05:40:36",3832
"2019-07-05 06:40:37",3832
"2019-07-05 07:40:35",3832
"2019-07-05 08:40:35",3832
"2019-07-05 09:40:35",3832
"2019-07-05 10:40:37",3832
"2019-07-05 11:40:40",3832
"2019-07-05 12:40:34",3832
"2019-07-05 13:40:39",3832
"2019-07-05 14:40:35",3869
"2019-07-05 15:40:35",3866
"2019-07-05 16:40:38",3865
"2019-07-05 17:40:35",3872
"2019-07-05 18:40:36",3874
"2019-07-05 19:40:35",3875
"2019-07-05 20:40:37",3878
"2019-07-05 21:40:36",3881
"2019-07-05 22:40:38",3881
"2019-07-05 23:40:34",3881
"2019-07-06 00:40:35",3881
"2019-07-06 01:40:36",3881
"2019-07-06 02:40:38",3881
"2019-07-06 03:40:35",3881
"2019-07-06 04:40:35",3881
"2019-07-06 05:40:36",3881
"2019-07-06 06:40:36",3881
"2019-07-06 07:40:35",3881
"2019-07-06 08:40:35",3881
"2019-07-06 09:40:35",3881
"2019-07-06 10:40:35",3881
"2019-07-06 11:40:44",3881
"2019-07-06 12:40:36",3881
"2019-07-06 13:40:34",3881
"2019-07-06 14:40:35",3881
"2019-07-06 15:40:34",3881
"2019-07-06 16:40:37",3881
"2019-07-06 17:40:37",3881
"2019-07-06 18:40:35",3881
"2019-07-06 19:40:36",3881
"2019-07-06 20:40:34",3881
"2019-07-06 21:40:35",3881
"2019-07-06 22:40:35",3881
"2019-07-06 23:40:35",3881
"2019-07-07 00:40:36",3881
"2019-07-07 01:40:35",3881
"2019-07-07 02:40:37",3881
"2019-07-07 03:40:35",3881
"2019-07-07 04:40:36",3881
"2019-07-07 05:40:39",3881
"2019-07-07 06:40:34",3881
"2019-07-07 07:40:35",3881
"2019-07-07 08:40:36",3881
"2019-07-07 09:40:35",3881
"2019-07-07 10:40:35",3881
"2019-07-07 11:40:34",3881
"2019-07-07 12:40:34",3881
"2019-07-07 13:40:34",3881
"2019-07-07 14:40:34",3881
"2019-07-07 15:40:35",3881
"2019-07-07 16:40:36",3881
"2019-07-07 17:40:35",3881
"2019-07-07 18:40:35",3881
"2019-07-07 19:40:34",3881
"2019-07-07 20:40:34",3881
"2019-07-07 21:40:34",3881
"2019-07-07 22:40:36",3881
"2019-07-07 23:40:34",3881
"2019-07-08 00:40:34",3881
"2019-07-08 01:40:37",3881
"2019-07-08 02:40:35",3881
"2019-07-08 03:40:35",3881
"2019-07-08 04:40:35",3881
"2019-07-08 05:40:34",3881
"2019-07-08 06:40:35",3881
"2019-07-08 07:40:37",3881
"2019-07-08 08:40:36",3881
"2019-07-08 09:40:40",3881
"2019-07-08 10:40:39",3881
"2019-07-08 11:40:42",3881
"2019-07-08 12:40:36",3881
"2019-07-08 13:40:36",3884
"2019-07-08 14:40:36",3879
"2019-07-08 15:40:36",3867
"2019-07-08 16:40:37",3862
"2019-07-08 17:40:35",3851
"2019-07-08 18:40:36",3849
"2019-07-08 19:40:35",3847
"2019-07-08 20:40:36",3843
"2019-07-08 21:40:36",3843
"2019-07-08 22:40:36",3843
"2019-07-08 23:40:35",3843
"2019-07-09 00:40:35",3843
"2019-07-09 01:40:35",3843
"2019-07-09 02:40:41",3843
"2019-07-09 03:40:37",3843
"2019-07-09 04:40:36",3843
"2019-07-09 05:40:40",3843
"2019-07-09 06:40:37",3843
"2019-07-09 07:40:38",3843
"2019-07-09 08:40:35",3843
"2019-07-09 09:40:35",3843
"2019-07-09 10:40:35",3843
"2019-07-09 11:40:36",3843
"2019-07-09 13:03:38",3843
"2019-07-09 13:40:35",3843
"2019-07-09 14:40:35",3833
"2019-07-09 15:40:36",3821
"2019-07-09 16:40:35",3821
"2019-07-09 17:40:36",3818
"2019-07-09 18:40:36",3822
"2019-07-09 19:40:36",3821
"2019-07-09 20:40:36",3818
"2019-07-09 21:40:35",3819
"2019-07-09 22:40:35",3819
"2019-07-09 23:40:36",3819
"2019-07-10 00:40:36",3819
"2019-07-10 01:40:37",3819
"2019-07-10 02:40:35",3819
"2019-07-10 03:40:35",3819
"2019-07-10 04:40:35",3819
"2019-07-10 05:40:38",3819
"2019-07-10 06:40:37",3819
"2019-07-10 07:40:34",3819
"2019-07-10 08:40:35",3819
"2019-07-10 09:40:35",3819
"2019-07-10 10:40:35",3819
"2019-07-10 11:40:36",3819
"2019-07-10 12:40:38",3819
"2019-07-10 13:40:36",3819
"2019-07-10 14:40:36",3813
"2019-07-10 15:40:37",3807
"2019-07-10 16:40:37",3805
"2019-07-10 17:40:35",3805
"2019-07-10 18:40:35",3804
"2019-07-10 19:40:35",3804
"2019-07-10 20:40:35",3801
"2019-07-10 21:40:35",3801
"2019-07-10 22:40:37",3800
"2019-07-10 23:40:35",3800
"2019-07-11 00:40:35",3800
"2019-07-11 01:40:36",3800
"2019-07-11 02:40:39",3800
"2019-07-11 03:40:37",3800
"2019-07-11 04:40:38",3800
"2019-07-11 05:40:37",3800
"2019-07-11 06:40:37",3800
"2019-07-11 07:40:36",3800
"2019-07-11 08:40:37",3800
"2019-07-11 09:40:35",3800
"2019-07-11 10:40:35",3800
"2019-07-11 11:40:36",3800
"2019-07-11 12:40:35",3800
"2019-07-11 13:40:35",3800
"2019-07-11 14:40:36",3800
"2019-07-11 15:40:36",3799
"2019-07-11 16:40:35",3803
"2019-07-11 17:40:35",3801
"2019-07-11 18:40:36",3806
"2019-07-11 19:40:36",3809
"2019-07-11 20:40:35",3807
"2019-07-11 21:40:41",3808
"2019-07-11 22:40:35",3809
"2019-07-11 23:40:36",3809
"2019-07-12 00:40:35",3809
"2019-07-12 01:40:35",3809
"2019-07-12 02:40:36",3809
"2019-07-12 03:40:35",3809
"2019-07-12 04:40:35",3809
"2019-07-12 05:40:37",3809
"2019-07-12 06:40:38",3809
"2019-07-12 07:40:35",3809
"2019-07-12 08:40:35",3809
"2019-07-12 09:40:38",3809
"2019-07-12 10:40:37",3809
"2019-07-12 11:40:35",3809
"2019-07-12 13:04:09",3809
"2019-07-12 13:40:36",3809
"2019-07-12 14:40:35",3822
"2019-07-12 15:40:46",3823
"2019-07-12 16:40:36",3822
"2019-07-12 17:40:38",3818
"2019-07-12 18:40:36",3811
"2019-07-12 19:40:35",3808
"2019-07-12 20:40:34",3810
"2019-07-12 21:40:35",3809
"2019-07-12 22:40:42",3808
"2019-07-12 23:40:36",3808
"2019-07-13 00:40:35",3808
"2019-07-13 01:40:36",3808
"2019-07-13 02:40:37",3808
"2019-07-13 03:40:34",3808
"2019-07-13 04:40:35",3808
"2019-07-13 05:40:35",3808
"2019-07-13 06:40:36",3808
"2019-07-13 07:40:35",3808
"2019-07-13 08:40:34",3808
"2019-07-13 09:40:36",3808
"2019-07-13 10:40:36",3808
"2019-07-13 11:40:37",3808
"2019-07-13 12:40:37",3808
"2019-07-13 13:40:36",3808
"2019-07-13 14:40:35",3808
"2019-07-13 15:40:36",3808
"2019-07-13 16:40:45",3808
"2019-07-13 17:40:37",3808
"2019-07-13 18:40:38",3808
"2019-07-13 19:40:37",3808
"2019-07-13 20:40:39",3808
"2019-07-13 21:40:36",3808
"2019-07-13 22:40:36",3808
"2019-07-13 23:40:36",3808
"2019-07-14 00:40:35",3808
"2019-07-14 01:40:42",3808
"2019-07-14 02:40:36",3808
"2019-07-14 03:40:36",3808
"2019-07-14 04:40:36",3808
"2019-07-14 05:40:36",3808
"2019-07-14 06:40:36",3808
"2019-07-14 07:40:35",3808
"2019-07-14 08:40:36",3808
"2019-07-14 09:40:35",3808
"2019-07-14 10:40:35",3808
"2019-07-14 11:40:36",3808
"2019-07-14 12:40:35",3808
"2019-07-14 13:40:36",3808
"2019-07-14 14:40:35",3808
"2019-07-14 15:40:36",3808
"2019-07-14 16:40:38",3808
"2019-07-14 17:40:35",3808
"2019-07-14 18:40:35",3808
"2019-07-14 19:40:35",3808
"2019-07-14 20:40:40",3808
"2019-07-14 21:40:34",3808
"2019-07-14 22:40:35",3808
"2019-07-14 23:40:35",3808
"2019-07-15 00:40:35",3808
"2019-07-15 01:40:35",3808
"2019-07-15 02:40:35",3808
"2019-07-15 03:40:35",3808
"2019-07-15 04:40:35",3808
"2019-07-15 05:40:37",3808
"2019-07-15 06:40:39",3808
"2019-07-15 07:40:36",3808
"2019-07-15 08:40:34",3808
"2019-07-15 09:40:35",3808
"2019-07-15 10:40:35",3808
"2019-07-15 11:40:35",3808
"2019-07-15 13:04:38",3808
"2019-07-15 13:40:36",3808
"2019-07-15 14:40:35",3812
"2019-07-15 15:40:35",3814
"2019-07-15 16:40:43",3811
"2019-07-15 17:40:36",3809
"2019-07-15 18:40:35",3808
"2019-07-15 19:40:35",3812
"2019-07-15 20:40:36",3810
"2019-07-15 21:40:36",3813
"2019-07-15 22:40:39",3813
"2019-07-15 23:40:35",3813
"2019-07-16 00:40:35",3813
"2019-07-16 01:40:35",3813
"2019-07-16 02:40:40",3813
"2019-07-16 03:40:35",3813
"2019-07-16 04:40:35",3813
"2019-07-16 05:40:38",3813
"2019-07-16 06:40:37",3813
"2019-07-16 07:40:35",3813
"2019-07-16 08:40:36",3813
"2019-07-16 09:40:35",3813
"2019-07-16 10:40:36",3813
"2019-07-16 11:40:35",3813
"2019-07-16 13:04:38",3813
"2019-07-16 13:40:36",3813
"2019-07-16 14:40:36",3822
"2019-07-16 15:40:41",3825
"2019-07-16 16:40:36",3832
"2019-07-16 17:40:37",3835
"2019-07-16 18:40:36",3833
"2019-07-16 19:40:35",3832
"2019-07-16 20:40:42",3830
"2019-07-16 21:40:36",3830
"2019-07-16 22:40:36",3831
"2019-07-16 23:40:36",3831
"2019-07-17 00:40:35",3831
"2019-07-17 01:40:36",3831
"2019-07-17 02:40:37",3831
"2019-07-17 03:40:35",3831
"2019-07-17 04:40:36",3831
"2019-07-17 05:40:47",3831
"2019-07-17 06:40:38",3831
"2019-07-17 07:40:39",3831
"2019-07-17 08:40:36",3831
"2019-07-17 09:40:35",3831
"2019-07-17 10:40:36",3831
"2019-07-17 11:40:35",3831
"2019-07-17 13:04:09",3832
"2019-07-17 13:40:36",3832
"2019-07-17 14:40:37",3846
"2019-07-17 15:40:39",3846
"2019-07-17 16:40:37",3845
"2019-07-17 17:40:35",3845
"2019-07-17 18:40:35",3853
"2019-07-17 19:40:35",3852
"2019-07-17 20:40:35",3848
"2019-07-17 21:40:35",3847
"2019-07-17 22:40:35",3847
"2019-07-17 23:40:35",3847
"2019-07-18 00:40:35",3847
"2019-07-18 01:40:36",3847
"2019-07-18 02:40:36",3847
"2019-07-18 03:40:36",3847
"2019-07-18 04:40:35",3847
"2019-07-18 05:40:36",3847
"2019-07-18 06:40:37",3847
"2019-07-18 07:40:35",3847
"2019-07-18 08:40:38",3847
"2019-07-18 09:40:35",3847
"2019-07-18 10:40:35",3847
"2019-07-18 11:40:35",3847
"2019-07-18 13:04:40",3847
"2019-07-18 13:40:36",3847
"2019-07-18 14:40:36",3855
"2019-07-18 15:40:36",3860
"2019-07-18 16:40:40",3861
"2019-07-18 17:40:37",3860
"2019-07-18 18:40:37",3857
"2019-07-18 19:40:38",3858
"2019-07-18 20:40:37",3859
"2019-07-18 21:40:38",3858
"2019-07-18 22:40:37",3857
"2019-07-18 23:40:39",3857
"2019-07-19 00:40:36",3857
"2019-07-19 01:40:37",3857
"2019-07-19 02:40:37",3857
"2019-07-19 03:40:37",3857
"2019-07-19 04:40:37",3857
"2019-07-19 05:40:50",3857
"2019-07-19 06:40:37",3857
"2019-07-19 07:40:38",3857
"2019-07-19 08:40:37",3857
"2019-07-19 09:40:37",3857
"2019-07-19 10:40:37",3857
"2019-07-19 11:40:37",3857
"2019-07-19 13:04:09",3857
"2019-07-19 13:40:37",3857
"2019-07-19 14:40:36",3860
"2019-07-19 15:40:37",3860
"2019-07-19 16:40:37",3855
"2019-07-19 17:40:37",3858
"2019-07-19 18:40:38",3860
"2019-07-19 19:40:37",3864
"2019-07-19 20:40:37",3866
"2019-07-19 21:40:36",3866
"2019-07-19 22:40:37",3867
"2019-07-19 23:40:36",3867
"2019-07-20 00:40:36",3867
"2019-07-20 01:40:42",3867
"2019-07-20 02:40:42",3867
"2019-07-20 03:40:36",3867
"2019-07-20 04:40:45",3867
"2019-07-20 05:40:40",3867
"2019-07-20 06:40:37",3867
"2019-07-20 07:40:36",3867
"2019-07-20 08:40:36",3867
"2019-07-20 09:40:35",3867
"2019-07-20 10:40:35",3867
"2019-07-20 11:40:36",3867
"2019-07-20 12:40:36",3867
"2019-07-20 13:40:36",3867
"2019-07-20 14:40:36",3867
"2019-07-20 15:40:35",3867
"2019-07-20 16:40:37",3867
"2019-07-20 17:40:36",3867
"2019-07-20 18:40:36",3867
"2019-07-20 19:40:37",3867
"2019-07-20 20:40:36",3867
"2019-07-20 21:40:37",3867
"2019-07-20 22:40:35",3867
"2019-07-20 23:40:36",3867
"2019-07-21 00:40:37",3867
"2019-07-21 01:40:36",3867
"2019-07-21 02:40:37",3867
"2019-07-21 03:40:36",3867
"2019-07-21 04:40:36",3867
"2019-07-21 05:40:42",3867
"2019-07-21 06:40:41",3867
"2019-07-21 07:40:35",3867
"2019-07-21 08:40:37",3867
"2019-07-21 09:40:37",3867
"2019-07-21 10:40:42",3867
"2019-07-21 11:40:37",3867
"2019-07-21 12:40:36",3867
"2019-07-21 13:40:38",3867
"2019-07-21 14:40:36",3867
"2019-07-21 15:40:36",3867
"2019-07-21 16:40:36",3867
"2019-07-21 17:40:36",3867
"2019-07-21 18:40:36",3867
"2019-07-21 19:40:36",3867
"2019-07-21 20:40:37",3867
"2019-07-21 21:40:37",3867
"2019-07-21 22:40:36",3867
"2019-07-21 23:40:37",3867
"2019-07-22 00:40:36",3867
"2019-07-22 01:40:37",3867
"2019-07-22 02:40:36",3867
"2019-07-22 03:40:37",3867
"2019-07-22 04:40:37",3867
"2019-07-22 05:40:40",3867
"2019-07-22 06:40:41",3867
"2019-07-22 07:40:36",3867
"2019-07-22 08:40:36",3867
"2019-07-22 09:40:36",3867
"2019-07-22 10:40:35",3867
"2019-07-22 11:40:37",3867
"2019-07-22 12:40:38",3867
"2019-07-22 13:40:36",3868
"2019-07-22 14:40:37",3923
"2019-07-22 15:40:36",3923
"2019-07-22 16:40:38",3922
"2019-07-22 17:40:37",3920
"2019-07-22 18:40:40",3919
"2019-07-22 19:40:37",3921
"2019-07-22 20:40:38",3922
"2019-07-22 21:40:39",3923
"2019-07-22 22:40:37",3922
"2019-07-22 23:40:37",3922
"2019-07-23 00:40:36",3922
"2019-07-23 01:40:36",3922
"2019-07-23 02:40:38",3922
"2019-07-23 03:40:37",3922
"2019-07-23 04:40:37",3922
"2019-07-23 05:40:39",3922
"2019-07-23 06:40:41",3922
"2019-07-23 07:40:37",3922
"2019-07-23 08:40:35",3922
"2019-07-23 09:40:37",3922
"2019-07-23 10:40:38",3922
"2019-07-23 11:40:37",3922
"2019-07-23 13:03:40",3922
"2019-07-23 13:40:37",3922
"2019-07-23 14:40:37",3927
"2019-07-23 15:40:42",3928
"2019-07-23 16:40:37",3938
"2019-07-23 17:40:36",3942
"2019-07-23 18:40:37",3945
"2019-07-23 19:40:37",3948
"2019-07-23 20:40:37",3952
"2019-07-23 21:40:37",3953
"2019-07-23 22:40:38",3955
"2019-07-23 23:40:37",3955
"2019-07-24 00:40:37",3955
"2019-07-24 01:40:37",3955
"2019-07-24 02:40:41",3955
"2019-07-24 03:40:37",3955
"2019-07-24 04:40:37",3955
"2019-07-24 05:40:37",3955
"2019-07-24 06:40:36",3955
"2019-07-24 07:40:36",3955
"2019-07-24 08:40:36",3955
"2019-07-24 09:40:38",3955
"2019-07-24 10:40:37",3955
"2019-07-24 11:40:36",3955
"2019-07-24 13:03:10",3956
"2019-07-24 13:40:37",3956
"2019-07-24 14:40:36",3981
"2019-07-24 15:40:38",3993
"2019-07-24 16:40:37",3994
"2019-07-24 17:40:35",3995
"2019-07-24 18:40:37",3998
"2019-07-24 19:40:36",4000
"2019-07-24 20:40:37",4002
"2019-07-24 21:40:36",4002
"2019-07-24 22:40:36",4000
"2019-07-24 23:40:36",4000
"2019-07-25 00:40:36",4000
"2019-07-25 01:40:40",4000
"2019-07-25 02:40:41",4000
"2019-07-25 03:40:37",4000
"2019-07-25 04:40:36",4000
"2019-07-25 05:40:41",4000
"2019-07-25 06:40:38",4000
"2019-07-25 07:40:37",4000
"2019-07-25 08:40:37",4000
"2019-07-25 09:40:37",4000
"2019-07-25 10:40:44",4000
"2019-07-25 11:40:36",4000
"2019-07-25 13:03:42",4001
"2019-07-25 13:40:39",4001
"2019-07-25 14:40:38",4026
"2019-07-25 15:40:37",4019
"2019-07-25 16:40:40",4021
"2019-07-25 17:40:39",4019
"2019-07-25 18:40:45",4020
"2019-07-25 19:40:40",4017
"2019-07-25 20:40:40",4014
"2019-07-25 21:40:39",4014
"2019-07-25 22:40:38",4013
"2019-07-25 23:40:38",4013
"2019-07-26 00:40:45",4013
"2019-07-26 01:40:38",4013
"2019-07-26 02:40:39",4013
"2019-07-26 03:40:39",4013
"2019-07-26 04:40:42",4013
"2019-07-26 05:40:41",4013
"2019-07-26 06:40:48",4013
"2019-07-26 07:40:43",4013
"2019-07-26 08:40:37",4013
"2019-07-26 09:40:37",4013
"2019-07-26 10:40:39",4013
"2019-07-26 11:40:41",4013
"2019-07-26 13:05:41",4013
"2019-07-26 13:40:38",4013
"2019-07-26 14:40:39",4008
"2019-07-26 15:40:38",4007
"2019-07-26 16:40:39",4011
"2019-07-26 17:40:40",4016
"2019-07-26 18:40:38",4019
"2019-07-26 19:40:37",4020
"2019-07-26 20:40:37",4026
"2019-07-26 21:40:38",4026
"2019-07-26 22:40:37",4029
"2019-07-26 23:40:37",4029
"2019-07-27 00:40:37",4029
"2019-07-27 01:40:38",4029
"2019-07-27 02:40:39",4029
"2019-07-27 03:40:38",4029
"2019-07-27 04:40:37",4029
"2019-07-27 05:40:37",4029
"2019-07-27 06:40:38",4029
"2019-07-27 07:40:37",4029
"2019-07-27 08:40:37",4029
"2019-07-27 09:40:37",4029
"2019-07-27 10:40:38",4029
"2019-07-27 11:40:37",4029
"2019-07-27 12:40:38",4029
"2019-07-27 13:40:36",4029
"2019-07-27 14:40:38",4029
"2019-07-27 15:40:39",4029
"2019-07-27 16:40:43",4029
"2019-07-27 17:40:41",4029
"2019-07-27 18:40:38",4029
"2019-07-27 19:40:38",4029
"2019-07-27 20:40:38",4029
"2019-07-27 21:40:39",4029
"2019-07-27 22:40:37",4029
"2019-07-27 23:40:38",4029
"2019-07-28 00:40:37",4029
"2019-07-28 01:40:36",4029
"2019-07-28 02:40:37",4029
"2019-07-28 03:40:36",4029
"2019-07-28 04:40:38",4029
"2019-07-28 05:40:37",4029
"2019-07-28 06:40:36",4029
"2019-07-28 07:40:37",4029
"2019-07-28 08:40:36",4029
"2019-07-28 09:40:37",4029
"2019-07-28 10:40:36",4029
"2019-07-28 11:40:37",4029
"2019-07-28 12:40:37",4029
"2019-07-28 13:40:37",4029
"2019-07-28 14:40:38",4029
"2019-07-28 15:40:36",4029
"2019-07-28 16:40:38",4029
"2019-07-28 17:40:38",4029
"2019-07-28 18:40:37",4029
"2019-07-28 19:40:37",4029
"2019-07-28 20:40:37",4029
"2019-07-28 21:40:37",4029
"2019-07-28 22:40:37",4029
"2019-07-28 23:40:38",4029
"2019-07-29 00:40:38",4029
"2019-07-29 01:40:37",4029
"2019-07-29 02:40:38",4029
"2019-07-29 03:40:37",4029
"2019-07-29 04:40:38",4029
"2019-07-29 05:40:40",4029
"2019-07-29 06:40:42",4029
"2019-07-29 07:40:38",4029
"2019-07-29 08:40:37",4029
"2019-07-29 09:40:37",4029
"2019-07-29 10:40:38",4029
"2019-07-29 11:40:36",4029
"2019-07-29 13:04:41",4029
"2019-07-29 13:40:38",4029
"2019-07-29 14:40:37",4077
"2019-07-29 15:40:37",4086
"2019-07-29 16:40:38",4092
"2019-07-29 17:40:37",4090
"2019-07-29 18:40:38",4089
"2019-07-29 19:40:37",4089
"2019-07-29 20:40:37",4089
"2019-07-29 21:40:37",4087
"2019-07-29 22:40:37",4089
"2019-07-29 23:40:37",4089
"2019-07-30 00:40:37",4089
"2019-07-30 01:40:37",4089
"2019-07-30 02:40:38",4089
"2019-07-30 03:40:37",4089
"2019-07-30 04:40:36",4089
"2019-07-30 05:40:37",4089
"2019-07-30 06:40:38",4089
"2019-07-30 07:40:43",4089
"2019-07-30 08:40:37",4089
"2019-07-30 09:40:38",4089
"2019-07-30 10:40:37",4089
"2019-07-30 11:40:39",4089
"2019-07-30 12:40:37",4089
"2019-07-30 13:40:37",4090
"2019-07-30 14:40:38",4112
"2019-07-30 15:40:39",4112
"2019-07-30 16:40:38",4113
"2019-07-30 17:40:39",4115
"2019-07-30 18:40:40",4119
"2019-07-30 19:40:39",4118
"2019-07-30 20:40:39",4113
"2019-07-30 21:40:38",4113
"2019-07-30 22:40:39",4114
"2019-07-30 23:40:38",4114
"2019-07-31 00:40:38",4114
"2019-07-31 01:40:38",4114
"2019-07-31 02:40:38",4114
"2019-07-31 03:40:38",4114
"2019-07-31 04:40:39",4114
"2019-07-31 05:40:42",4114
"2019-07-31 06:40:39",4114
"2019-07-31 07:40:38",4114
"2019-07-31 08:40:39",4114
"2019-07-31 09:40:38",4114
"2019-07-31 10:40:38",4114
"2019-07-31 11:40:37",4114
"2019-07-31 13:04:43",4114
"2019-07-31 13:40:38",4114
"2019-07-31 14:40:39",4136
"2019-07-31 15:40:38",4140
"2019-07-31 16:40:41",4138
"2019-07-31 17:40:38",4138
"2019-07-31 18:40:38",4138
"2019-07-31 19:40:38",4142
"2019-07-31 20:40:39",4145
"2019-07-31 21:40:39",4145
"2019-07-31 22:40:37",4145
"2019-07-31 23:40:38",4145
"2019-08-01 00:40:38",4145
"2019-08-01 01:40:44",4145
"2019-08-01 02:40:40",4145
"2019-08-01 03:40:38",4145
"2019-08-01 04:40:37",4145
"2019-08-01 05:40:40",4145
"2019-08-01 06:40:40",4145
"2019-08-01 07:40:40",4145
"2019-08-01 08:40:38",4145
"2019-08-01 09:40:38",4145
"2019-08-01 10:40:38",4145
"2019-08-01 11:40:37",4145
"2019-08-01 13:03:11",4145
"2019-08-01 13:40:40",4145
"2019-08-01 14:40:40",4168
"2019-08-01 15:40:42",4172
"2019-08-01 16:40:44",4172
"2019-08-01 17:40:41",4172
"2019-08-01 18:40:39",4173
"2019-08-01 19:40:39",4177
"2019-08-01 20:40:39",4176
"2019-08-01 21:40:39",4176
"2019-08-01 22:40:38",4178
"2019-08-01 23:40:40",4178
"2019-08-02 00:40:38",4178
"2019-08-02 01:40:38",4178
"2019-08-02 02:40:39",4178
"2019-08-02 03:40:38",4178
"2019-08-02 04:40:39",4178
"2019-08-02 05:40:41",4178
"2019-08-02 06:40:39",4178
"2019-08-02 07:40:38",4178
"2019-08-02 08:40:38",4178
"2019-08-02 09:40:39",4178
"2019-08-02 10:40:43",4178
"2019-08-02 11:40:38",4178
"2019-08-02 13:04:43",4180
"2019-08-02 13:40:40",4180
"2019-08-02 14:40:40",4192
"2019-08-02 15:40:39",4197
"2019-08-02 16:40:39",4200
"2019-08-02 17:40:38",4204
"2019-08-02 18:40:39",4207
"2019-08-02 19:40:40",4212
"2019-08-02 20:40:39",4216
"2019-08-02 21:40:38",4217
"2019-08-02 22:40:38",4217
"2019-08-02 23:40:39",4217
"2019-08-03 00:40:39",4217
"2019-08-03 01:40:38",4217
"2019-08-03 02:40:39",4217
"2019-08-03 03:40:39",4217
"2019-08-03 04:40:38",4217
"2019-08-03 05:40:42",4217
"2019-08-03 06:40:39",4217
"2019-08-03 07:40:38",4217
"2019-08-03 08:40:39",4217
"2019-08-03 09:40:39",4217
"2019-08-03 10:40:39",4217
"2019-08-03 11:40:38",4217
"2019-08-03 12:40:39",4217
"2019-08-03 13:40:39",4217
"2019-08-03 14:40:38",4217
"2019-08-03 15:40:37",4217
"2019-08-03 16:40:38",4217
"2019-08-03 17:40:39",4217
"2019-08-03 18:40:40",4217
"2019-08-03 19:40:38",4217
"2019-08-03 20:40:38",4217
"2019-08-03 21:40:38",4217
"2019-08-03 22:40:38",4217
"2019-08-03 23:40:38",4217
"2019-08-04 00:40:39",4217
"2019-08-04 01:40:38",4217
"2019-08-04 02:40:43",4217
"2019-08-04 03:40:39",4217
"2019-08-04 04:40:39",4217
"2019-08-04 05:40:40",4217
"2019-08-04 06:40:38",4217
"2019-08-04 07:40:39",4217
"2019-08-04 08:40:39",4217
"2019-08-04 09:40:39",4217
"2019-08-04 10:40:38",4217
"2019-08-04 11:40:37",4217
"2019-08-04 12:40:38",4217
"2019-08-04 13:40:39",4217
"2019-08-04 14:40:38",4217
"2019-08-04 15:40:39",4217
"2019-08-04 16:40:39",4217
"2019-08-04 17:40:39",4217
"2019-08-04 18:40:39",4217
"2019-08-04 19:40:39",4217
"2019-08-04 20:40:38",4217
"2019-08-04 21:40:39",4217
"2019-08-04 22:40:39",4217
"2019-08-04 23:40:38",4217
"2019-08-05 00:40:38",4217
"2019-08-05 01:40:38",4217
"2019-08-05 02:40:40",4217
"2019-08-05 03:40:39",4217
"2019-08-05 04:40:39",4217
"2019-08-05 05:40:39",4217
"2019-08-05 06:40:38",4217
"2019-08-05 07:40:41",4217
"2019-08-05 08:40:39",4217
"2019-08-05 09:40:40",4217
"2019-08-05 10:40:39",4217
"2019-08-05 11:40:39",4217
"2019-08-05 13:05:13",4217
"2019-08-05 13:40:39",4217
"2019-08-05 14:40:39",4287
"2019-08-05 15:40:39",4287
"2019-08-05 16:40:39",4286
"2019-08-05 17:40:39",4288
"2019-08-05 18:40:40",4287
"2019-08-05 19:40:40",4282
"2019-08-05 20:40:39",4279
"2019-08-05 21:40:39",4280
"2019-08-05 22:40:39",4280
"2019-08-05 23:40:39",4280
"2019-08-06 00:40:47",4280
"2019-08-06 01:40:40",4280
"2019-08-06 02:40:39",4280
"2019-08-06 03:40:38",4280
"2019-08-06 04:40:39",4280
"2019-08-06 05:40:40",4280
"2019-08-06 06:40:38",4280
"2019-08-06 07:40:38",4280
"2019-08-06 08:40:39",4280
"2019-08-06 09:40:43",4280
"2019-08-06 10:40:38",4280
"2019-08-06 11:40:38",4280
"2019-08-06 12:40:39",4280
"2019-08-06 13:40:39",4280
"2019-08-06 14:40:38",4296
"2019-08-06 15:40:39",4296
"2019-08-06 16:40:40",4300
"2019-08-06 17:40:39",4302
"2019-08-06 18:40:38",4303
"2019-08-06 19:40:38",4302
"2019-08-06 20:40:39",4301
"2019-08-06 21:40:38",4299
"2019-08-06 22:40:38",4299
"2019-08-06 23:40:39",4299
"2019-08-07 00:40:39",4299
"2019-08-07 01:40:40",4299
"2019-08-07 02:40:40",4299
"2019-08-07 03:40:39",4299
"2019-08-07 04:40:38",4299
"2019-08-07 05:40:40",4299
"2019-08-07 06:40:42",4299
"2019-08-07 07:40:38",4299
"2019-08-07 08:40:39",4299
"2019-08-07 09:40:38",4299
"2019-08-07 10:40:45",4299
"2019-08-07 11:40:39",4299
"2019-08-07 12:40:39",4299
"2019-08-07 13:40:40",4299
"2019-08-07 14:40:40",4305
"2019-08-07 15:40:39",4309
"2019-08-07 16:40:39",4312
"2019-08-07 17:40:39",4316
"2019-08-07 18:40:39",4313
"2019-08-07 19:40:39",4318
"2019-08-07 20:40:39",4332
"2019-08-07 21:40:38",4334
"2019-08-07 22:40:38",4333
"2019-08-07 23:40:38",4333
"2019-08-08 00:40:39",4333
"2019-08-08 01:40:39",4333
"2019-08-08 02:40:43",4333
"2019-08-08 03:40:38",4333
"2019-08-08 04:40:38",4333
"2019-08-08 05:40:38",4333
"2019-08-08 06:40:41",4333
"2019-08-08 07:40:39",4333
"2019-08-08 08:40:39",4333
"2019-08-08 09:40:39",4333
"2019-08-08 10:40:40",4333
"2019-08-08 11:40:38",4333
"2019-08-08 12:40:40",4333
"2019-08-08 13:40:39",4333
"2019-08-08 14:40:40",4358
"2019-08-08 15:40:38",4362
"2019-08-08 16:40:40",4361
"2019-08-08 17:40:39",4358
"2019-08-08 18:40:40",4355
"2019-08-08 19:40:39",4353
"2019-08-08 20:40:39",4357
"2019-08-08 21:40:39",4358
"2019-08-08 22:40:39",4361
"2019-08-08 23:40:39",4361
"2019-08-09 00:40:40",4361
"2019-08-09 01:40:40",4361
"2019-08-09 02:40:40",4361
"2019-08-09 03:40:38",4361
"2019-08-09 04:40:40",4361
"2019-08-09 05:40:41",4361
"2019-08-09 06:40:40",4361
"2019-08-09 07:40:39",4361
"2019-08-09 08:40:41",4361
"2019-08-09 09:40:44",4361
"2019-08-09 10:40:40",4361
"2019-08-09 11:40:39",4361
"2019-08-09 13:04:44",4361
"2019-08-09 13:40:41",4361
"2019-08-09 14:40:44",4368
"2019-08-09 15:40:40",4378
"2019-08-09 16:40:44",4381
"2019-08-09 17:40:40",4390
"2019-08-09 18:40:40",4394
"2019-08-09 19:40:41",4398
"2019-08-09 20:40:40",4399
"2019-08-09 21:40:41",4398
"2019-08-09 22:40:41",4398
"2019-08-09 23:40:42",4398
"2019-08-10 00:40:42",4398
"2019-08-10 01:40:41",4398
"2019-08-10 02:40:48",4398
"2019-08-10 03:40:40",4398
"2019-08-10 04:40:41",4398
"2019-08-10 05:40:42",4398
"2019-08-10 06:40:40",4398
"2019-08-10 07:40:40",4398
"2019-08-10 08:40:40",4398
"2019-08-10 09:40:41",4398
"2019-08-10 10:40:41",4398
"2019-08-10 11:40:40",4398
"2019-08-10 12:40:41",4398
"2019-08-10 13:40:41",4398
"2019-08-10 14:40:39",4398
"2019-08-10 15:40:40",4398
"2019-08-10 16:40:47",4398
"2019-08-10 17:40:40",4398
"2019-08-10 18:40:40",4398
"2019-08-10 19:40:40",4398
"2019-08-10 20:40:41",4398
"2019-08-10 21:40:39",4398
"2019-08-10 22:40:40",4398
"2019-08-10 23:40:40",4398
"2019-08-11 00:40:39",4398
"2019-08-11 01:40:40",4398
"2019-08-11 02:40:48",4398
"2019-08-11 03:40:41",4398
"2019-08-11 04:40:40",4398
"2019-08-11 05:40:42",4398
"2019-08-11 06:40:40",4398
"2019-08-11 07:40:40",4398
"2019-08-11 08:40:39",4398
"2019-08-11 09:40:40",4398
"2019-08-11 10:40:40",4398
"2019-08-11 11:40:41",4398
"2019-08-11 12:40:41",4398
"2019-08-11 13:40:41",4398
"2019-08-11 14:40:40",4398
"2019-08-11 15:40:40",4398
"2019-08-11 16:40:41",4398
"2019-08-11 17:40:40",4398
"2019-08-11 18:40:41",4398
"2019-08-11 19:40:41",4398
"2019-08-11 20:40:42",4398
"2019-08-11 21:40:41",4398
"2019-08-11 22:40:41",4398
"2019-08-11 23:40:42",4398
"2019-08-12 00:40:41",4398
"2019-08-12 01:40:42",4398
"2019-08-12 02:40:42",4398
"2019-08-12 03:40:42",4398
"2019-08-12 04:40:41",4398
"2019-08-12 05:40:46",4398
"2019-08-12 06:40:47",4398
"2019-08-12 07:40:41",4398
"2019-08-12 08:40:41",4398
"2019-08-12 09:40:41",4398
"2019-08-12 10:40:45",4398
"2019-08-12 11:40:40",4398
"2019-08-12 12:40:44",4398
"2019-08-12 13:40:46",4398
"2019-08-12 14:40:40",4393
"2019-08-12 15:40:41",4394
"2019-08-12 16:40:49",4397
"2019-08-12 17:40:42",4397
"2019-08-12 18:40:40",4394
"2019-08-12 19:40:40",4394
"2019-08-12 20:40:41",4391
"2019-08-12 21:40:41",4391
"2019-08-12 22:40:41",4390
"2019-08-12 23:40:41",4390
"2019-08-13 00:40:40",4390
"2019-08-13 01:40:43",4390
"2019-08-13 02:40:43",4390
"2019-08-13 03:40:42",4390
"2019-08-13 04:40:40",4390
"2019-08-13 05:40:42",4390
"2019-08-13 06:40:40",4390
"2019-08-13 07:40:41",4390
"2019-08-13 08:40:40",4390
"2019-08-13 09:40:42",4390
"2019-08-13 10:40:41",4390
"2019-08-13 11:40:41",4390
"2019-08-13 12:40:42",4390
"2019-08-13 13:40:42",4391
"2019-08-13 14:40:41",4387
"2019-08-13 15:40:46",4389
"2019-08-13 16:40:43",4390
"2019-08-13 17:40:41",4385
"2019-08-13 18:40:42",4379
"2019-08-13 19:40:41",4382
"2019-08-13 20:40:41",4382
"2019-08-13 21:40:40",4381
"2019-08-13 22:40:45",4381
"2019-08-13 23:40:41",4381
"2019-08-14 00:40:44",4381
"2019-08-14 01:40:42",4381
"2019-08-14 02:40:41",4381
"2019-08-14 03:40:41",4381
"2019-08-14 04:40:40",4381
"2019-08-14 05:40:46",4381
"2019-08-14 06:40:41",4381
"2019-08-14 07:40:40",4381
"2019-08-14 08:40:40",4381
"2019-08-14 09:40:42",4381
"2019-08-14 10:40:40",4381
"2019-08-14 11:40:41",4381
"2019-08-14 13:03:45",4381
"2019-08-14 13:40:41",4381
"2019-08-14 14:40:43",4377
"2019-08-14 15:40:43",4373
"2019-08-14 16:40:41",4371
"2019-08-14 17:40:41",4371
"2019-08-14 18:40:42",4373
"2019-08-14 19:40:42",4373
"2019-08-14 20:40:40",4373
"2019-08-14 21:40:44",4373
"2019-08-14 22:40:41",4373
"2019-08-14 23:40:40",4373
"2019-08-15 00:40:41",4373
"2019-08-15 01:40:41",4373
"2019-08-15 02:40:42",4373
"2019-08-15 03:40:42",4373
"2019-08-15 04:40:41",4373
"2019-08-15 05:40:43",4373
"2019-08-15 06:40:40",4373
"2019-08-15 07:40:40",4373
"2019-08-15 08:40:55",4373
"2019-08-15 09:40:41",4373
"2019-08-15 10:40:40",4373
"2019-08-15 11:40:40",4373
"2019-08-15 13:03:45",4373
"2019-08-15 13:40:45",4373
"2019-08-15 14:40:41",4386
"2019-08-15 15:40:40",4387
"2019-08-15 16:40:43",4391
"2019-08-15 17:40:39",4394
"2019-08-15 18:40:42",4398
"2019-08-15 19:40:40",4403
"2019-08-15 20:40:41",4403
"2019-08-15 21:40:40",4405
"2019-08-15 22:40:39",4405
"2019-08-15 23:40:43",4405
"2019-08-16 00:40:40",4405
"2019-08-16 01:40:45",4405
"2019-08-16 02:40:42",4405
"2019-08-16 03:40:41",4405
"2019-08-16 04:40:39",4405
"2019-08-16 05:40:52",4405
"2019-08-16 06:40:39",4405
"2019-08-16 07:40:41",4405
"2019-08-16 08:40:40",4405
"2019-08-16 09:40:39",4405
"2019-08-16 10:40:40",4405
"2019-08-16 11:40:39",4405
"2019-08-16 12:40:39",4405
"2019-08-16 13:40:41",4405
"2019-08-16 14:40:40",4432
"2019-08-16 15:40:42",4433
"2019-08-16 16:40:42",4432
"2019-08-16 18:40:41",4425
"2019-08-16 19:40:42",4430
"2019-08-16 20:40:43",4432
"2019-08-16 21:40:41",4431
"2019-08-16 22:40:43",4431
"2019-08-16 23:40:40",4431
"2019-08-17 00:40:42",4431
"2019-08-17 01:40:42",4431
"2019-08-17 02:40:48",4431
"2019-08-17 03:40:41",4431
"2019-08-17 04:40:42",4431
"2019-08-17 05:40:41",4431
"2019-08-17 06:40:41",4431
"2019-08-17 07:40:41",4431
"2019-08-17 08:40:42",4431
"2019-08-17 09:40:41",4431
"2019-08-17 10:40:40",4431
"2019-08-17 11:40:40",4431
"2019-08-17 12:40:40",4431
"2019-08-17 13:40:42",4431
"2019-08-17 14:40:44",4431
"2019-08-17 15:40:42",4431
"2019-08-17 16:40:42",4431
"2019-08-17 17:40:40",4431
"2019-08-17 18:40:40",4431
"2019-08-17 19:40:40",4431
"2019-08-17 20:40:43",4431
"2019-08-17 21:40:41",4431
"2019-08-17 22:40:40",4431
"2019-08-17 23:40:41",4431
"2019-08-18 00:40:41",4431
"2019-08-18 01:40:40",4431
"2019-08-18 02:40:42",4431
"2019-08-18 03:40:41",4431
"2019-08-18 04:40:40",4431
"2019-08-18 05:40:42",4431
"2019-08-18 06:40:54",4431
"2019-08-18 07:40:41",4431
"2019-08-18 08:40:42",4431
"2019-08-18 09:40:42",4431
"2019-08-18 10:40:40",4431
"2019-08-18 11:40:41",4431
"2019-08-18 12:40:42",4431
"2019-08-18 13:40:42",4431
"2019-08-18 14:40:41",4431
"2019-08-18 15:40:42",4431
"2019-08-18 16:40:41",4431
"2019-08-18 17:40:41",4431
"2019-08-18 18:40:41",4431
"2019-08-18 19:40:42",4431
"2019-08-18 20:40:41",4431
"2019-08-18 21:40:42",4431
"2019-08-18 22:40:41",4431
"2019-08-18 23:40:41",4431
"2019-08-19 00:40:42",4431
"2019-08-19 01:40:41",4431
"2019-08-19 02:40:42",4431
"2019-08-19 03:40:40",4431
"2019-08-19 04:40:41",4431
"2019-08-19 05:40:42",4431
"2019-08-19 06:40:42",4431
"2019-08-19 07:40:50",4431
"2019-08-19 08:40:41",4431
"2019-08-19 09:40:47",4431
"2019-08-19 10:40:43",4431
"2019-08-19 11:40:40",4431
"2019-08-19 12:40:44",4431
"2019-08-19 13:40:41",4431
"2019-08-19 14:40:40",4419
"2019-08-19 15:40:41",4420
"2019-08-19 16:40:40",4418
"2019-08-19 17:40:41",4420
"2019-08-19 18:40:42",4422
"2019-08-19 19:40:40",4426
"2019-08-19 20:40:40",4430
"2019-08-19 21:40:41",4430
"2019-08-19 22:40:40",4429
"2019-08-19 23:40:41",4429
"2019-08-20 00:40:42",4429
"2019-08-20 01:40:41",4428
"2019-08-20 02:40:42",4428
"2019-08-20 03:40:40",4428
"2019-08-20 04:40:41",4428
"2019-08-20 05:40:45",4428
"2019-08-20 06:40:45",4428
"2019-08-20 07:40:40",4428
"2019-08-20 08:40:40",4428
"2019-08-20 09:40:40",4428
"2019-08-20 10:40:57",4428
"2019-08-20 11:40:40",4428
"2019-08-20 13:02:44",4428
"2019-08-20 13:40:48",4428
"2019-08-20 14:40:41",4440
"2019-08-20 15:40:41",4443
"2019-08-20 16:40:43",4442
"2019-08-20 17:40:42",4444
"2019-08-20 18:40:42",4446
"2019-08-20 19:40:42",4445
"2019-08-20 20:40:41",4443
"2019-08-20 21:40:44",4443
"2019-08-20 22:40:43",4442
"2019-08-20 23:40:41",4442
"2019-08-21 00:40:41",4442
"2019-08-21 01:40:42",4442
"2019-08-21 02:40:45",4442
"2019-08-21 03:40:43",4442
"2019-08-21 04:40:42",4442
"2019-08-21 05:40:42",4442
"2019-08-21 06:40:44",4442
"2019-08-21 07:40:41",4442
"2019-08-21 08:40:42",4442
"2019-08-21 09:40:42",4442
"2019-08-21 10:40:41",4442
"2019-08-21 11:40:41",4442
"2019-08-21 12:40:41",4442
"2019-08-21 13:40:42",4442
"2019-08-21 14:40:42",4443
"2019-08-21 15:40:43",4448
"2019-08-21 16:40:51",4454
"2019-08-21 17:40:41",4457
"2019-08-21 18:40:42",4459
"2019-08-21 19:40:42",4460
"2019-08-21 20:40:42",4459
"2019-08-21 21:40:42",4460
"2019-08-21 22:40:44",4462
"2019-08-21 23:40:42",4462
"2019-08-22 00:40:43",4462
"2019-08-22 01:40:41",4462
"2019-08-22 02:40:43",4462
"2019-08-22 03:40:41",4462
"2019-08-22 04:40:41",4462
"2019-08-22 05:40:43",4462
"2019-08-22 06:40:41",4462
"2019-08-22 07:40:41",4462
"2019-08-22 08:40:42",4462
"2019-08-22 09:40:43",4462
"2019-08-22 10:40:42",4462
"2019-08-22 11:40:43",4462
"2019-08-22 12:40:42",4462
"2019-08-22 13:40:41",4462
"2019-08-22 14:40:45",4463
"2019-08-22 15:40:43",4462
"2019-08-22 16:40:45",4461
"2019-08-22 17:40:44",4459
"2019-08-22 18:40:44",4461
"2019-08-22 19:40:43",4462
"2019-08-22 20:40:43",4461
"2019-08-22 21:40:44",4461
"2019-08-22 22:40:42",4461
"2019-08-22 23:40:43",4461
"2019-08-23 00:40:45",4461
"2019-08-23 01:40:47",4460
"2019-08-23 02:40:44",4460
"2019-08-23 03:40:42",4460
"2019-08-23 04:40:41",4460
"2019-08-23 05:40:42",4460
"2019-08-23 06:40:43",4460
"2019-08-23 07:40:43",4460
"2019-08-23 08:40:44",4460
"2019-08-23 09:40:42",4460
"2019-08-23 10:40:44",4460
"2019-08-23 11:40:41",4460
"2019-08-23 12:40:44",4460
"2019-08-23 13:40:41",4460
"2019-08-23 14:40:42",4467
"2019-08-23 15:40:44",4471
"2019-08-23 16:40:44",4473
"2019-08-23 17:40:41",4477
"2019-08-23 18:40:44",4476
"2019-08-23 19:40:44",4472
"2019-08-23 20:40:42",4472
"2019-08-23 21:40:43",4472
"2019-08-23 22:40:46",4472
"2019-08-23 23:40:43",4472
"2019-08-24 00:40:42",4472
"2019-08-24 01:40:41",4472
"2019-08-24 02:40:58",4472
"2019-08-24 03:40:41",4472
"2019-08-24 04:40:40",4472
"2019-08-24 05:40:44",4472
"2019-08-24 06:40:43",4472
"2019-08-24 07:40:45",4472
"2019-08-24 08:40:42",4472
"2019-08-24 09:40:42",4472
"2019-08-24 10:40:42",4472
"2019-08-24 11:40:42",4472
"2019-08-24 12:40:43",4472
"2019-08-24 13:40:42",4472
"2019-08-24 14:40:42",4472
"2019-08-24 15:40:42",4472
"2019-08-24 16:40:46",4472
"2019-08-24 17:40:42",4472
"2019-08-24 18:40:44",4472
"2019-08-24 19:40:41",4472
"2019-08-24 20:40:42",4472
"2019-08-24 21:40:42",4472
"2019-08-24 22:40:42",4472
"2019-08-24 23:40:42",4472
"2019-08-25 00:40:40",4472
"2019-08-25 01:40:45",4472
"2019-08-25 02:40:50",4472
"2019-08-25 03:40:41",4472
"2019-08-25 04:40:42",4472
"2019-08-25 05:40:42",4472
"2019-08-25 06:40:42",4472
"2019-08-25 07:40:42",4472
"2019-08-25 08:40:44",4472
"2019-08-25 09:40:40",4472
"2019-08-25 10:40:41",4472
"2019-08-25 11:40:43",4472
"2019-08-25 12:40:42",4472
"2019-08-25 13:40:41",4472
"2019-08-25 14:40:42",4472
"2019-08-25 15:40:43",4472
"2019-08-25 16:40:46",4472
"2019-08-25 17:40:40",4472
"2019-08-25 18:40:41",4472
"2019-08-25 19:40:44",4472
"2019-08-25 20:40:42",4472
"2019-08-25 21:40:42",4472
"2019-08-25 22:40:41",4472
"2019-08-25 23:40:42",4472
"2019-08-26 00:40:42",4472
"2019-08-26 01:40:40",4472
"2019-08-26 02:40:46",4472
"2019-08-26 03:40:41",4472
"2019-08-26 04:40:41",4472
"2019-08-26 05:40:41",4472
"2019-08-26 06:40:41",4472
"2019-08-26 07:40:43",4472
"2019-08-26 08:40:41",4472
"2019-08-26 09:40:41",4472
"2019-08-26 10:40:43",4472
"2019-08-26 11:40:41",4472
"2019-08-26 12:40:44",4472
"2019-08-26 13:40:42",4472
"2019-08-26 14:40:41",4479
"2019-08-26 15:40:43",4481
"2019-08-26 16:40:45",4482
"2019-08-26 17:40:42",4484
"2019-08-26 18:40:41",4485
"2019-08-26 19:40:44",4488
"2019-08-26 20:40:41",4487
"2019-08-26 21:40:42",4486
"2019-08-26 22:40:41",4485
"2019-08-26 23:40:41",4485
"2019-08-27 00:40:41",4485
"2019-08-27 01:40:41",4485
"2019-08-27 02:40:45",4485
"2019-08-27 03:40:41",4485
"2019-08-27 04:40:42",4485
"2019-08-27 05:40:43",4485
"2019-08-27 06:40:43",4485
"2019-08-27 07:40:42",4485
"2019-08-27 08:40:44",4485
"2019-08-27 09:40:41",4485
"2019-08-27 10:40:41",4485
"2019-08-27 11:40:45",4485
"2019-08-27 12:40:43",4485
"2019-08-27 13:40:53",4485
"2019-08-27 14:40:42",4485
"2019-08-27 15:40:44",4485
"2019-08-27 16:40:43",4486
"2019-08-27 17:40:41",4499
"2019-08-27 18:40:41",4503
"2019-08-27 19:40:44",4510
"2019-08-27 20:40:41",4513
"2019-08-27 21:40:43",4513
"2019-08-27 22:40:42",4513
"2019-08-27 23:40:43",4513
"2019-08-28 00:40:47",4513
"2019-08-28 01:40:43",4513
"2019-08-28 02:40:47",4513
"2019-08-28 03:40:50",4513
"2019-08-28 04:40:42",4513
"2019-08-28 05:40:44",4513
"2019-08-28 06:40:43",4513
"2019-08-28 07:40:45",4513
"2019-08-28 08:40:41",4513
"2019-08-28 09:40:44",4513
"2019-08-28 10:40:44",4513
"2019-08-28 11:40:43",4513
"2019-08-28 12:40:43",4513
"2019-08-28 13:40:42",4513
"2019-08-28 14:40:41",4556
"2019-08-28 15:40:40",4550
"2019-08-28 16:40:53",4538
"2019-08-28 17:40:41",4540
"2019-08-28 18:40:41",4538
"2019-08-28 19:40:42",4532
"2019-08-28 20:40:42",4553
"2019-08-28 21:40:41",4552
"2019-08-28 22:40:42",4553
"2019-08-28 23:40:43",4553
"2019-08-29 00:40:41",4553
"2019-08-29 01:40:42",4553
"2019-08-29 02:40:44",4553
"2019-08-29 03:40:41",4553
"2019-08-29 04:40:42",4553
"2019-08-29 05:40:49",4553
"2019-08-29 06:40:40",4553
"2019-08-29 07:40:42",4553
"2019-08-29 08:40:42",4553
"2019-08-29 09:40:44",4553
"2019-08-29 10:40:40",4553
"2019-08-29 11:40:40",4553
"2019-08-29 12:40:43",4553
"2019-08-29 13:40:42",4555
"2019-08-29 14:40:41",4568
"2019-08-29 15:40:41",4570
"2019-08-29 16:40:45",4565
"2019-08-29 17:40:41",4569
"2019-08-29 18:40:41",4570
"2019-08-29 19:40:39",4571
"2019-08-29 20:40:41",4568
"2019-08-29 21:40:41",4568
"2019-08-29 22:40:39",4570
"2019-08-29 23:40:40",4570
"2019-08-30 00:40:42",4570
"2019-08-30 01:40:43",4570
"2019-08-30 02:40:42",4570
"2019-08-30 03:40:41",4570
"2019-08-30 04:40:42",4570
"2019-08-30 05:40:45",4570
"2019-08-30 06:40:40",4570
"2019-08-30 07:40:40",4570
"2019-08-30 08:40:39",4570
"2019-08-30 09:40:40",4570
"2019-08-30 10:40:40",4570
"2019-08-30 11:40:39",4570
"2019-08-30 12:40:42",4570
"2019-08-30 13:40:41",4568
"2019-08-30 14:40:41",4588
"2019-08-30 15:40:42",4585
"2019-08-30 16:40:43",4602
"2019-08-30 17:40:42",4607
"2019-08-30 18:40:41",4599
"2019-08-30 19:40:40",4606
"2019-08-30 20:40:42",4600
"2019-08-30 21:40:42",4601
"2019-08-30 22:40:43",4603
"2019-08-30 23:40:42",4603
"2019-08-31 00:40:41",4603
"2019-08-31 01:40:43",4603
"2019-08-31 02:40:42",4603
"2019-08-31 03:40:42",4603
"2019-08-31 04:40:42",4603
"2019-08-31 23:40:47",4603
"2019-09-01 00:40:43",4603
"2019-09-01 01:40:42",4603
"2019-09-01 02:40:43",4603
"2019-09-01 03:40:42",4603
"2019-09-01 04:40:42",4603
"2019-09-01 05:40:42",4603
"2019-09-01 06:40:41",4603
"2019-09-01 07:40:41",4603
"2019-09-01 08:40:42",4603
"2019-09-01 09:40:41",4603
"2019-09-01 10:40:42",4603
"2019-09-01 11:40:41",4603
"2019-09-01 12:40:42",4603
"2019-09-01 13:40:42",4603
"2019-09-01 14:40:42",4603
"2019-09-01 15:40:41",4603
"2019-09-01 16:40:43",4603
"2019-09-01 17:40:44",4603
"2019-09-01 18:40:42",4603
"2019-09-01 19:40:41",4603
"2019-09-01 20:40:41",4603
"2019-09-01 21:40:41",4603
"2019-09-01 22:40:43",4603
"2019-09-01 23:40:42",4603
"2019-09-02 00:40:40",4603
"2019-09-02 01:40:40",4603
"2019-09-02 02:40:41",4603
"2019-09-02 03:40:42",4603
"2019-09-02 04:40:43",4603
"2019-09-02 05:40:47",4603
"2019-09-02 06:40:42",4603
"2019-09-02 07:40:43",4603
"2019-09-02 08:40:41",4603
"2019-09-02 09:40:41",4603
"2019-09-02 10:40:47",4603
"2019-09-02 11:40:43",4603
"2019-09-02 12:40:41",4603
"2019-09-02 13:40:43",4603
"2019-09-02 14:40:41",4603
"2019-09-02 15:40:41",4603
"2019-09-02 16:40:46",4603
"2019-09-02 17:40:41",4603
"2019-09-02 18:40:42",4603
"2019-09-02 19:40:41",4603
"2019-09-02 20:40:42",4603
"2019-09-02 21:40:42",4603
"2019-09-02 22:40:43",4603
"2019-09-02 23:40:41",4603
"2019-09-03 00:40:42",4603
"2019-09-03 01:40:43",4603
"2019-09-03 02:40:43",4603
"2019-09-03 03:40:41",4603
"2019-09-03 04:40:41",4603
"2019-09-03 05:40:44",4603
"2019-09-03 06:40:43",4603
"2019-09-03 07:40:41",4603
"2019-09-03 08:40:47",4603
"2019-09-03 09:40:41",4603
"2019-09-03 10:40:43",4603
"2019-09-03 11:40:41",4603
"2019-09-03 13:04:46",4603
"2019-09-03 13:40:46",4603
"2019-09-03 14:40:43",4690
"2019-09-03 15:40:42",4684
"2019-09-03 16:40:45",4687
"2019-09-03 17:40:42",4677
"2019-09-03 18:40:41",4679
"2019-09-03 19:40:40",4674
"2019-09-03 20:40:42",4665
"2019-09-03 21:40:41",4661
"2019-09-03 22:40:45",4662
"2019-09-03 23:40:41",4662
"2019-09-04 00:40:44",4662
"2019-09-04 01:40:42",4662
"2019-09-04 02:40:42",4662
"2019-09-04 03:40:41",4662
"2019-09-04 04:40:41",4662
"2019-09-04 05:40:47",4662
"2019-09-04 06:40:43",4662
"2019-09-04 07:40:41",4662
"2019-09-04 08:40:41",4662
"2019-09-04 09:40:43",4662
"2019-09-04 10:40:42",4662
"2019-09-04 11:40:41",4662
"2019-09-04 13:03:47",4662
"2019-09-04 13:40:43",4662
"2019-09-04 14:40:43",4671
"2019-09-04 15:40:43",4677
"2019-09-04 16:40:47",4680
"2019-09-04 17:40:42",4678
"2019-09-04 18:40:45",4679
"2019-09-04 19:40:43",4677
"2019-09-04 20:40:43",4678
"2019-09-04 21:40:42",4678
"2019-09-04 22:40:42",4678
"2019-09-04 23:40:42",4678
"2019-09-05 01:40:42",4678
"2019-09-05 02:40:46",4678
"2019-09-05 03:40:42",4678
"2019-09-05 04:40:43",4678
"2019-09-05 05:40:47",4678
"2019-09-05 06:40:42",4678
"2019-09-05 07:40:46",4678
"2019-09-05 08:40:43",4678
"2019-09-05 09:40:42",4678
"2019-09-05 10:40:45",4678
"2019-09-05 11:40:43",4678
"2019-09-05 13:04:46",4677
"2019-09-05 13:40:43",4677
"2019-09-05 14:40:46",4671
"2019-09-05 15:40:43",4676
"2019-09-05 16:40:54",4678
"2019-09-05 17:40:44",4680
"2019-09-05 18:40:42",4679
"2019-09-05 19:40:42",4678
"2019-09-05 20:40:45",4674
"2019-09-05 21:40:43",4674
"2019-09-05 22:40:44",4674
"2019-09-05 23:40:45",4674
"2019-09-06 00:40:43",4674
"2019-09-06 01:40:43",4674
"2019-09-06 02:40:42",4674
"2019-09-06 03:40:42",4674
"2019-09-06 04:40:42",4674
"2019-09-06 05:40:51",4674
"2019-09-06 06:40:43",4674
"2019-09-06 07:40:44",4674
"2019-09-06 08:40:42",4674
"2019-09-06 09:40:44",4674
"2019-09-06 10:40:43",4674
"2019-09-06 11:40:55",4674
"2019-09-06 13:03:47",4674
"2019-09-06 13:40:43",4674
"2019-09-06 14:40:42",4680
"2019-09-06 15:40:42",4684
"2019-09-06 16:40:48",4679
"2019-09-06 17:40:42",4684
"2019-09-06 18:40:46",4678
"2019-09-06 19:40:42",4673
"2019-09-06 20:40:43",4678
"2019-09-06 21:40:43",4678
"2019-09-06 22:40:44",4678
"2019-09-06 23:40:43",4678
"2019-09-07 00:40:42",4678
"2019-09-07 01:40:45",4678
"2019-09-07 02:40:43",4678
"2019-09-07 03:40:43",4678
"2019-09-07 04:40:43",4678
"2019-09-07 05:40:58",4678
"2019-09-07 06:40:43",4678
"2019-09-07 07:40:41",4678
"2019-09-07 08:40:42",4678
"2019-09-07 09:40:43",4678
"2019-09-07 10:40:46",4678
"2019-09-07 11:40:43",4678
"2019-09-07 12:40:42",4678
"2019-09-07 13:40:43",4678
"2019-09-07 14:40:42",4678
"2019-09-07 15:40:43",4678
"2019-09-07 16:40:42",4678
"2019-09-07 17:40:43",4678
"2019-09-07 18:40:43",4678
"2019-09-07 19:40:42",4678
"2019-09-07 20:40:42",4678
"2019-09-07 21:40:42",4678
"2019-09-07 22:40:42",4678
"2019-09-07 23:40:44",4678
"2019-09-08 00:40:43",4678
"2019-09-08 01:40:44",4678
"2019-09-08 02:40:45",4678
"2019-09-08 03:40:43",4678
"2019-09-08 04:40:43",4678
"2019-09-08 05:40:44",4678
"2019-09-08 06:40:43",4678
"2019-09-08 07:40:42",4678
"2019-09-08 08:40:44",4678
"2019-09-08 09:40:42",4678
"2019-09-08 10:40:46",4678
"2019-09-08 11:40:42",4678
"2019-09-08 12:40:42",4678
"2019-09-08 13:40:44",4678
"2019-09-08 14:40:43",4678
"2019-09-08 15:40:42",4678
"2019-09-08 16:40:47",4678
"2019-09-08 17:40:43",4678
"2019-09-08 18:40:43",4678
"2019-09-08 19:40:48",4678
"2019-09-08 20:40:44",4678
"2019-09-08 21:40:43",4678
"2019-09-08 22:40:42",4678
"2019-09-08 23:40:42",4678
"2019-09-09 00:40:43",4678
"2019-09-09 01:40:42",4678
"2019-09-09 02:40:43",4678
"2019-09-09 03:40:43",4678
"2019-09-09 04:40:42",4678
"2019-09-09 05:40:48",4678
"2019-09-09 06:40:42",4678
"2019-09-09 07:40:43",4678
"2019-09-09 08:40:42",4678
"2019-09-09 09:40:42",4678
"2019-09-09 10:40:42",4678
"2019-09-09 11:40:43",4678
"2019-09-09 13:03:47",4679
"2019-09-09 13:40:44",4679
"2019-09-09 14:40:48",4679
"2019-09-09 15:40:43",4737
"2019-09-09 16:40:49",4751
"2019-09-09 17:40:42",4758
"2019-09-09 18:40:43",4758
"2019-09-09 19:40:43",4756
"2019-09-09 20:40:42",4754
"2019-09-09 21:40:43",4758
"2019-09-09 22:40:41",4765
"2019-09-09 23:40:43",4765
"2019-09-10 00:40:43",4765
"2019-09-10 01:40:43",4765
"2019-09-10 02:40:43",4765
"2019-09-10 03:40:43",4765
"2019-09-10 04:40:43",4765
"2019-09-10 05:40:44",4765
"2019-09-10 06:40:43",4765
"2019-09-10 07:40:41",4765
"2019-09-10 08:40:44",4765
"2019-09-10 09:40:51",4765
"2019-09-10 10:40:43",4765
"2019-09-10 11:40:42",4765
"2019-09-10 12:40:43",4765
"2019-09-10 13:40:43",4771
"2019-09-10 14:40:43",4771
"2019-09-10 15:40:42",4937
"2019-09-10 16:40:44",4937
"2019-09-10 17:40:43",4937
"2019-09-10 18:40:43",4937
"2019-09-10 19:40:49",5015
"2019-09-10 20:40:42",5014
"2019-09-10 21:40:43",5015
"2019-09-10 22:40:42",5015
"2019-09-10 23:40:44",5015
"2019-09-11 00:40:42",5015
"2019-09-11 01:40:43",5015
"2019-09-11 02:40:42",5015
"2019-09-11 03:40:42",5015
"2019-09-11 04:40:43",5015
"2019-09-11 05:40:46",5015
"2019-09-11 06:40:44",5015
"2019-09-11 07:40:42",5015
"2019-09-11 08:40:43",5015
"2019-09-11 09:40:44",5015
"2019-09-11 10:40:50",5015
"2019-09-11 11:40:46",5015
"2019-09-11 12:40:44",5015
"2019-09-11 13:40:45",5016
"2019-09-11 14:40:43",5006
"2019-09-11 15:40:43",4999
"2019-09-11 16:40:43",5000
"2019-09-11 17:40:42",4996
"2019-09-11 18:40:43",4994
"2019-09-11 19:40:43",4998
"2019-09-11 20:40:43",4995
"2019-09-11 21:40:48",4996
"2019-09-11 22:40:43",4992
"2019-09-11 23:40:42",4992
"2019-09-12 00:40:43",4992
"2019-09-12 01:40:43",4992
"2019-09-12 02:40:49",4992
"2019-09-12 03:40:43",4992
"2019-09-12 04:40:42",4992
"2019-09-12 05:40:45",4992
"2019-09-12 06:40:44",4992
"2019-09-12 07:40:43",4992
"2019-09-12 08:40:42",4992
"2019-09-12 09:40:43",4992
"2019-09-12 10:40:52",4992
"2019-09-12 11:40:44",4992
"2019-09-12 13:04:47",4993
"2019-09-12 13:40:43",4993
"2019-09-12 14:40:45",5010
"2019-09-12 15:40:45",5008
"2019-09-12 16:40:44",5005
"2019-09-12 17:40:43",5007
"2019-09-12 18:40:43",5007
"2019-09-12 19:40:43",5006
"2019-09-12 20:40:42",5008
"2019-09-12 21:40:41",5007
"2019-09-12 22:40:42",5008
"2019-09-12 23:40:43",5008
"2019-09-13 00:40:42",5008
"2019-09-13 01:40:43",5008
"2019-09-13 02:40:42",5008
"2019-09-13 03:40:43",5008
"2019-09-13 04:40:41",5008
"2019-09-13 05:40:43",5008
"2019-09-13 06:40:43",5008
"2019-09-13 07:40:42",5008
"2019-09-13 08:40:43",5008
"2019-09-13 09:40:42",5008
"2019-09-13 10:40:43",5008
"2019-09-13 11:40:42",5008
"2019-09-13 13:04:45",5008
"2019-09-13 14:05:47",5020
"2019-09-13 14:40:43",5020
"2019-09-13 15:40:42",5019
"2019-09-13 16:40:43",5014
"2019-09-13 17:40:42",5012
"2019-09-13 18:40:42",5004
"2019-09-13 19:40:43",5001
"2019-09-13 20:40:41",5010
"2019-09-13 21:40:45",5010
"2019-09-13 22:40:42",5012
"2019-09-13 23:40:42",5012
"2019-09-14 00:40:45",5012
"2019-09-14 01:40:41",5012
"2019-09-14 02:40:43",5012
"2019-09-14 03:40:43",5012
"2019-09-14 04:40:40",5012
"2019-09-14 05:40:42",5012
"2019-09-14 06:40:42",5012
"2019-09-14 07:40:42",5012
"2019-09-14 08:40:42",5012
"2019-09-14 09:40:41",5012
"2019-09-14 10:40:43",5012
"2019-09-14 11:40:40",5012
"2019-09-14 12:40:42",5012
"2019-09-14 13:40:41",5012
"2019-09-14 14:40:42",5012
"2019-09-14 15:40:41",5012
"2019-09-14 16:40:42",5012
"2019-09-14 17:40:42",5012
"2019-09-14 18:40:40",5012
"2019-09-14 19:40:41",5012
"2019-09-14 20:40:41",5012
"2019-09-14 21:40:43",5012
"2019-09-14 22:40:42",5012
"2019-09-14 23:40:41",5012
"2019-09-15 00:40:42",5012
"2019-09-15 01:40:41",5012
"2019-09-15 02:40:43",5012
"2019-09-15 03:40:43",5012
"2019-09-15 04:40:42",5012
"2019-09-15 05:40:41",5012
"2019-09-15 06:40:44",5012
"2019-09-15 07:40:44",5012
"2019-09-15 08:40:43",5012
"2019-09-15 09:40:41",5012
"2019-09-15 10:40:43",5012
"2019-09-15 11:40:42",5012
"2019-09-15 12:40:43",5012
"2019-09-15 13:40:42",5012
"2019-09-15 14:40:41",5012
"2019-09-15 15:40:41",5012
"2019-09-15 16:40:43",5012
"2019-09-15 17:40:40",5012
"2019-09-15 18:40:41",5012
"2019-09-15 19:40:41",5012
"2019-09-15 20:40:41",5012
"2019-09-15 21:40:42",5012
"2019-09-15 22:40:41",5012
"2019-09-15 23:40:41",5012
"2019-09-16 00:40:43",5012
"2019-09-16 01:40:41",5012
"2019-09-16 02:40:42",5012
"2019-09-16 03:40:43",5012
"2019-09-16 04:40:41",5012
"2019-09-16 05:40:43",5012
"2019-09-16 06:40:43",5012
"2019-09-16 07:40:42",5012
"2019-09-16 08:40:42",5012
"2019-09-16 09:40:43",5012
"2019-09-16 10:40:42",5012
"2019-09-16 11:40:40",5012
"2019-09-16 13:04:17",5012
"2019-09-16 13:40:43",5012
"2019-09-16 14:40:44",5047
"2019-09-16 15:40:43",5063
"2019-09-16 16:40:45",5066
"2019-09-16 17:40:42",5067
"2019-09-16 18:40:43",5071
"2019-09-16 19:40:48",5075
"2019-09-16 20:40:45",5084
"2019-09-16 21:40:44",5082
"2019-09-16 22:40:45",5084
"2019-09-16 23:40:42",5084
"2019-09-17 00:40:43",5084
"2019-09-17 01:40:42",5084
"2019-09-17 02:40:44",5084
"2019-09-17 03:40:44",5084
"2019-09-17 04:40:43",5084
"2019-09-17 05:40:43",5084
"2019-09-17 06:40:41",5084
"2019-09-17 07:40:43",5084
"2019-09-17 08:40:41",5084
"2019-09-17 09:40:45",5084
"2019-09-17 10:40:44",5084
"2019-09-17 11:40:42",5084
"2019-09-17 12:40:42",5084
"2019-09-17 13:40:45",5085
"2019-09-17 14:40:44",5081
"2019-09-17 15:40:44",5084
"2019-09-17 16:40:46",5085
"2019-09-17 17:40:43",5086
"2019-09-17 18:40:44",5089
"2019-09-17 19:40:43",5092
"2019-09-17 20:40:44",5099
"2019-09-17 21:40:44",5098
"2019-09-17 22:40:46",5099
"2019-09-17 23:40:44",5099
"2019-09-18 00:40:44",5099
"2019-09-18 01:40:43",5099
"2019-09-18 02:40:42",5099
"2019-09-18 03:40:43",5099
"2019-09-18 04:40:50",5099
"2019-09-18 05:40:44",5099
"2019-09-18 06:40:46",5099
"2019-09-18 07:40:43",5099
"2019-09-18 08:40:45",5099
"2019-09-18 09:40:45",5099
"2019-09-18 10:40:43",5099
"2019-09-18 11:40:43",5099
"2019-09-18 13:35:52",5104
"2019-09-18 13:43:09",5104
"2019-09-18 14:40:44",5120
"2019-09-18 15:40:45",5111
"2019-09-18 16:40:47",5114
"2019-09-18 17:40:43",5112
"2019-09-18 18:40:43",5110
"2019-09-18 19:40:46",5105
"2019-09-18 20:40:44",5109
"2019-09-18 21:40:44",5109
"2019-09-18 22:40:44",5111
"2019-09-18 23:40:46",5111
"2019-09-19 00:40:42",5111
"2019-09-19 01:40:44",5111
"2019-09-19 02:40:46",5111
"2019-09-19 03:40:44",5111
"2019-09-19 04:40:43",5111
"2019-09-19 05:40:44",5111
"2019-09-19 06:40:45",5111
"2019-09-19 07:40:42",5111
"2019-09-19 08:40:44",5111
"2019-09-19 09:40:44",5111
"2019-09-19 10:40:45",5111
"2019-09-19 11:40:42",5111
"2019-09-19 13:04:18",5111
"2019-09-19 13:40:45",5111
"2019-09-19 14:40:42",5120
"2019-09-19 15:40:44",5129
"2019-09-19 16:40:46",5134
"2019-09-19 17:40:44",5141
"2019-09-19 18:40:45",5144
"2019-09-19 19:40:42",5146
"2019-09-19 20:40:45",5149
"2019-09-19 21:40:43",5152
"2019-09-19 22:40:45",5156
"2019-09-19 23:40:42",5156
"2019-09-20 00:40:45",5156
"2019-09-20 01:40:48",5156
"2019-09-20 02:40:42",5156
"2019-09-20 03:40:44",5156
"2019-09-20 04:40:44",5156
"2019-09-20 05:40:44",5156
"2019-09-20 06:40:43",5156
"2019-09-20 07:40:43",5156
"2019-09-20 08:40:44",5156
"2019-09-20 09:40:43",5156
"2019-09-20 10:40:43",5156
"2019-09-20 11:40:43",5156
"2019-09-20 12:40:45",5156
"2019-09-20 13:40:42",5156
"2019-09-20 14:40:43",5179
"2019-09-20 15:40:44",5183
"2019-09-20 16:40:44",5186
"2019-09-20 17:40:46",5186
"2019-09-20 18:40:43",5186
"2019-09-20 19:40:45",5187
"2019-09-20 20:40:42",5192
"2019-09-20 21:40:43",5191
"2019-09-20 22:40:45",5194
"2019-09-20 23:40:42",5194
"2019-09-21 00:40:42",5194
"2019-09-21 01:40:42",5194
"2019-09-21 02:40:43",5194
"2019-09-21 03:40:45",5194
"2019-09-21 04:40:41",5194
"2019-09-21 05:40:44",5194
"2019-09-21 06:40:44",5194
"2019-09-21 07:40:41",5194
"2019-09-21 08:40:42",5194
"2019-09-21 09:40:43",5194
"2019-09-21 10:40:41",5194
"2019-09-21 11:40:43",5194
"2019-09-21 12:40:44",5194
"2019-09-21 13:40:43",5194
"2019-09-21 14:40:42",5194
"2019-09-21 15:40:42",5194
"2019-09-21 16:40:43",5194
"2019-09-21 17:40:43",5194
"2019-09-21 18:40:42",5194
"2019-09-21 19:40:43",5194
"2019-09-21 20:40:42",5194
"2019-09-21 21:40:42",5194
"2019-09-21 22:40:43",5194
"2019-09-21 23:40:43",5194
"2019-09-22 00:40:42",5194
"2019-09-22 01:40:42",5194
"2019-09-22 02:40:42",5194
"2019-09-22 03:40:43",5194
"2019-09-22 04:40:43",5194
"2019-09-22 05:40:42",5194
"2019-09-22 06:40:44",5194
"2019-09-22 07:40:45",5194
"2019-09-22 08:40:42",5194
"2019-09-22 09:40:43",5194
"2019-09-22 10:40:43",5194
"2019-09-22 11:40:42",5194
"2019-09-22 12:40:44",5194
"2019-09-22 13:40:42",5194
"2019-09-22 14:40:44",5194
"2019-09-22 15:40:42",5194
"2019-09-22 16:40:44",5194
"2019-09-22 17:40:42",5194
"2019-09-22 18:40:42",5194
"2019-09-22 19:40:44",5194
"2019-09-22 20:40:42",5194
"2019-09-22 21:40:42",5194
"2019-09-22 22:40:42",5194
"2019-09-22 23:40:43",5194
"2019-09-23 00:40:43",5194
"2019-09-23 01:40:42",5194
"2019-09-23 02:40:42",5194
"2019-09-23 03:40:43",5194
"2019-09-23 04:40:42",5194
"2019-09-23 05:40:41",5194
"2019-09-23 06:40:43",5194
"2019-09-23 07:40:42",5194
"2019-09-23 08:40:43",5194
"2019-09-23 09:40:42",5194
"2019-09-23 10:40:42",5194
"2019-09-23 11:40:44",5194
"2019-09-23 12:40:43",5194
"2019-09-23 13:40:42",5193
"2019-09-23 14:40:44",5214
"2019-09-23 15:40:42",5209
"2019-09-23 16:40:43",5206
"2019-09-23 17:40:42",5202
"2019-09-23 18:40:44",5206
"2019-09-23 19:40:42",5210
"2019-09-23 20:40:43",5210
"2019-09-23 21:40:43",5209
"2019-09-23 22:40:43",5208
"2019-09-23 23:40:41",5208
"2019-09-24 00:40:43",5208
"2019-09-24 01:40:42",5208
"2019-09-24 02:40:47",5208
"2019-09-24 03:40:44",5208
"2019-09-24 04:40:43",5208
"2019-09-24 05:40:47",5208
"2019-09-24 06:40:42",5208
"2019-09-24 07:40:43",5208
"2019-09-24 08:40:43",5208
"2019-09-24 09:40:42",5208
"2019-09-24 10:40:43",5208
"2019-09-24 11:40:43",5208
"2019-09-24 12:40:44",5208
"2019-09-24 13:40:42",5208
"2019-09-24 14:40:43",5217
"2019-09-24 15:40:44",5218
"2019-09-24 16:40:43",5223
"2019-09-24 17:40:43",5218
"2019-09-24 18:40:43",5215
"2019-09-24 19:40:41",5213
"2019-09-24 20:40:42",5211
"2019-09-24 21:40:44",5211
"2019-09-24 22:40:42",5211
"2019-09-24 23:40:42",5211
"2019-09-25 00:40:43",5211
"2019-09-25 01:40:45",5211
"2019-09-25 02:40:41",5211
"2019-09-25 03:40:45",5211
"2019-09-25 04:40:44",5211
"2019-09-25 05:40:42",5211
"2019-09-25 06:40:44",5211
"2019-09-25 07:40:45",5211
"2019-09-25 08:40:42",5211
"2019-09-25 09:40:43",5211
"2019-09-25 10:40:44",5211
"2019-09-25 11:40:42",5211
"2019-09-25 12:40:44",5211
"2019-09-25 13:40:44",5211
"2019-09-25 14:40:45",5205
"2019-09-25 15:40:45",5195
"2019-09-25 16:40:43",5190
"2019-09-25 17:40:43",5185
"2019-09-25 18:40:43",5190
"2019-09-25 19:40:44",5199
"2019-09-25 20:40:42",5196
"2019-09-25 21:40:43",5196
"2019-09-25 22:40:42",5194
"2019-09-25 23:40:45",5194
"2019-09-26 00:40:42",5194
"2019-09-26 01:40:42",5194
"2019-09-26 02:40:44",5194
"2019-09-26 03:40:43",5194
"2019-09-26 04:40:46",5194
"2019-09-26 05:40:44",5194
"2019-09-26 06:40:43",5194
"2019-09-26 07:40:42",5194
"2019-09-26 08:40:43",5194
"2019-09-26 09:40:44",5194
"2019-09-26 10:40:42",5194
"2019-09-26 11:40:42",5194
"2019-09-26 13:03:47",5194
"2019-09-26 13:40:48",5194
"2019-09-26 14:40:43",5196
"2019-09-26 15:40:44",5199
"2019-09-26 16:40:45",5194
"2019-09-26 17:40:45",5191
"2019-09-26 18:40:45",5191
"2019-09-26 19:40:44",5193
"2019-09-26 20:40:43",5195
"2019-09-26 21:40:45",5195
"2019-09-26 22:40:44",5194
"2019-09-26 23:40:43",5194
"2019-09-27 00:40:44",5194
"2019-09-27 01:40:41",5194
"2019-09-27 02:40:45",5194
"2019-09-27 03:40:44",5194
"2019-09-27 04:40:43",5194
"2019-09-27 05:40:44",5194
"2019-09-27 06:40:44",5194
"2019-09-27 07:40:46",5194
"2019-09-27 08:40:43",5194
"2019-09-27 09:40:43",5194
"2019-09-27 10:40:45",5194
"2019-09-27 11:40:42",5194
"2019-09-27 13:04:49",5194
"2019-09-27 13:40:47",5194
"2019-09-27 14:40:45",5197
"2019-09-27 15:40:45",5197
"2019-09-27 16:40:45",5196
"2019-09-27 17:40:45",5195
"2019-09-27 18:40:43",5196
"2019-09-27 19:40:46",5202
"2019-09-27 20:40:42",5203
"2019-09-27 21:40:43",5204
"2019-09-27 22:40:47",5204
"2019-09-27 23:40:45",5204
"2019-09-28 00:40:44",5204
"2019-09-28 01:40:45",5204
"2019-09-28 02:40:44",5204
"2019-09-28 03:40:45",5204
"2019-09-28 04:40:45",5204
"2019-09-28 05:40:46",5204
"2019-09-28 06:40:42",5204
"2019-09-28 07:40:45",5204
"2019-09-28 08:40:44",5204
"2019-09-28 09:40:44",5204
"2019-09-28 10:40:42",5204
"2019-09-28 11:40:44",5204
"2019-09-28 12:40:44",5204
"2019-09-28 13:40:46",5204
"2019-09-28 14:40:44",5204
"2019-09-28 15:40:42",5204
"2019-09-28 16:40:46",5204
"2019-09-28 17:40:45",5204
"2019-09-28 18:40:42",5204
"2019-09-28 19:40:43",5204
"2019-09-28 20:40:44",5204
"2019-09-28 21:40:44",5204
"2019-09-28 22:40:44",5204
"2019-09-28 23:40:43",5204
"2019-09-29 00:40:43",5204
"2019-09-29 01:40:45",5204
"2019-09-29 02:40:45",5204
"2019-09-29 03:40:45",5204
"2019-09-29 04:40:44",5204
"2019-09-29 05:40:45",5204
"2019-09-29 06:40:43",5204
"2019-09-29 07:40:45",5204
"2019-09-29 08:40:43",5204
"2019-09-29 09:40:45",5204
"2019-09-29 10:40:43",5204
"2019-09-29 11:40:44",5204
"2019-09-29 12:40:44",5204
"2019-09-29 13:40:43",5204
"2019-09-29 14:40:45",5204
"2019-09-29 15:40:43",5204
"2019-09-29 16:40:45",5204
"2019-09-29 17:40:47",5204
"2019-09-29 18:40:43",5204
"2019-09-29 19:40:45",5204
"2019-09-29 20:40:45",5204
"2019-09-29 21:40:43",5204
"2019-09-29 22:40:43",5204
"2019-09-29 23:40:46",5204
"2019-09-30 00:40:42",5204
"2019-09-30 01:40:45",5204
"2019-09-30 02:40:43",5204
"2019-09-30 03:40:45",5204
"2019-09-30 04:40:43",5204
"2019-09-30 05:40:44",5204
"2019-09-30 06:40:42",5204
"2019-09-30 07:40:46",5204
"2019-09-30 08:40:44",5204
"2019-09-30 09:40:44",5204
"2019-09-30 10:40:43",5204
"2019-09-30 11:40:43",5204
"2019-09-30 12:40:46",5204
"2019-09-30 13:40:44",5206
"2019-09-30 14:40:46",5217
"2019-09-30 15:40:45",5215
"2019-09-30 16:40:50",5216
"2019-09-30 17:40:44",5218
"2019-09-30 18:40:47",5217
"2019-09-30 19:40:44",5215
"2019-09-30 20:40:43",5215
"2019-09-30 21:40:44",5215
"2019-09-30 22:40:43",5214
"2019-09-30 23:40:44",5214
"2019-10-01 00:40:44",5214
"2019-10-01 01:40:43",5214
"2019-10-01 02:40:43",5214
"2019-10-01 03:40:45",5214
"2019-10-01 04:40:42",5214
"2019-10-01 05:40:43",5214
"2019-10-01 06:40:44",5214
"2019-10-01 07:40:45",5214
"2019-10-01 08:40:43",5214
"2019-10-01 09:40:49",5214
"2019-10-01 10:40:44",5214
"2019-10-01 11:40:43",5214
"2019-10-01 13:03:48",5214
"2019-10-01 13:40:43",5214
"2019-10-01 14:40:43",5208
"2019-10-01 15:40:44",5215
"2019-10-01 16:40:45",5220
"2019-10-01 17:40:42",5225
"2019-10-01 18:40:44",5227
"2019-10-01 19:40:44",5232
"2019-10-01 20:40:43",5233
"2019-10-01 21:40:44",5233
"2019-10-01 22:40:44",5233
"2019-10-01 23:40:43",5233
"2019-10-02 00:40:47",5233
"2019-10-02 01:40:43",5233
"2019-10-02 02:40:43",5233
"2019-10-02 03:40:43",5233
"2019-10-02 04:40:45",5233
"2019-10-02 05:40:45",5233
"2019-10-02 06:40:43",5233
"2019-10-02 07:40:43",5233
"2019-10-02 08:40:43",5233
"2019-10-02 09:40:44",5233
"2019-10-02 10:40:42",5233
"2019-10-02 11:40:42",5233
"2019-10-02 13:04:17",5233
"2019-10-02 13:40:43",5233
"2019-10-02 14:40:43",5260
"2019-10-02 15:40:44",5259
"2019-10-02 16:40:42",5255
"2019-10-02 17:40:43",5261
"2019-10-02 18:40:43",5260
"2019-10-02 19:40:43",5257
"2019-10-02 20:40:43",5256
"2019-10-02 21:40:43",5255
"2019-10-02 22:40:45",5255
"2019-10-02 23:40:42",5255
"2019-10-03 00:40:42",5255
"2019-10-03 01:40:42",5255
"2019-10-03 02:40:42",5255
"2019-10-03 03:40:43",5255
"2019-10-03 04:40:43",5255
"2019-10-03 05:40:43",5255
"2019-10-03 06:40:43",5255
"2019-10-03 07:40:44",5255
"2019-10-03 08:40:42",5255
"2019-10-03 09:40:43",5255
"2019-10-03 10:40:45",5255
"2019-10-03 11:40:42",5255
"2019-10-03 13:04:15",5255
"2019-10-03 13:41:15",5255
"2019-10-03 14:40:44",5251
"2019-10-03 15:40:42",5249
"2019-10-03 16:40:43",5253
"2019-10-03 17:40:44",5256
"2019-10-03 18:40:44",5256
"2019-10-03 19:40:43",5256
"2019-10-03 20:40:43",5258
"2019-10-03 21:40:43",5258
"2019-10-03 22:40:43",5258
"2019-10-03 23:40:44",5258
"2019-10-04 00:40:42",5258
"2019-10-04 01:40:42",5258
"2019-10-04 02:40:42",5258
"2019-10-04 03:40:42",5258
"2019-10-04 04:40:43",5258
"2019-10-04 05:40:44",5258
"2019-10-04 06:40:44",5258
"2019-10-04 07:40:43",5258
"2019-10-04 08:40:43",5258
"2019-10-04 09:40:43",5258
"2019-10-04 10:40:44",5258
"2019-10-04 11:40:42",5258
"2019-10-04 12:40:44",5258
"2019-10-04 13:40:45",5258
"2019-10-04 14:40:43",5259
"2019-10-04 15:40:43",5262
"2019-10-04 16:40:45",5266
"2019-10-04 17:40:44",5269
"2019-10-04 18:40:44",5271
"2019-10-04 19:40:44",5269
"2019-10-04 20:40:44",5263
"2019-10-04 21:40:44",5263
"2019-10-04 22:40:43",5263
"2019-10-04 23:40:44",5263
"2019-10-05 00:40:45",5263
"2019-10-05 01:40:43",5263
"2019-10-05 02:40:43",5263
"2019-10-05 03:40:43",5263
"2019-10-05 04:40:43",5263
"2019-10-05 05:40:47",5263
"2019-10-05 06:40:43",5263
"2019-10-05 07:40:43",5263
"2019-10-05 08:40:45",5263
"2019-10-05 09:40:43",5263
"2019-10-05 10:40:43",5263
"2019-10-05 11:40:44",5263
"2019-10-05 12:40:44",5263
"2019-10-05 13:40:44",5263
"2019-10-05 14:40:44",5263
"2019-10-05 15:40:43",5263
"2019-10-05 16:40:44",5263
"2019-10-05 17:40:46",5263
"2019-10-05 18:40:44",5263
"2019-10-05 19:40:43",5263
"2019-10-05 20:40:45",5263
"2019-10-05 21:40:44",5263
"2019-10-05 22:40:44",5263
"2019-10-05 23:40:44",5263
"2019-10-06 00:40:44",5263
"2019-10-06 01:40:44",5263
"2019-10-06 02:40:46",5263
"2019-10-06 03:40:45",5263
"2019-10-06 04:40:44",5263
"2019-10-06 05:40:44",5263
"2019-10-06 06:40:46",5263
"2019-10-06 07:40:44",5263
"2019-10-06 08:40:45",5263
"2019-10-06 09:40:44",5263
"2019-10-06 10:40:44",5263
"2019-10-06 11:40:45",5263
"2019-10-06 12:40:45",5263
"2019-10-06 13:40:43",5263
"2019-10-06 14:40:45",5263
"2019-10-06 15:40:43",5263
"2019-10-06 16:40:44",5263
"2019-10-06 17:40:44",5263
"2019-10-06 18:40:46",5263
"2019-10-06 19:40:45",5263
"2019-10-06 20:40:43",5263
"2019-10-06 21:40:43",5263
"2019-10-06 22:40:43",5263
"2019-10-06 23:40:43",5263
"2019-10-07 00:40:44",5263
"2019-10-07 01:40:44",5263
"2019-10-07 02:40:45",5263
"2019-10-07 03:40:43",5263
"2019-10-07 04:40:43",5263
"2019-10-07 05:40:43",5263
"2019-10-07 06:40:44",5263
"2019-10-07 07:40:44",5263
"2019-10-07 08:40:43",5263
"2019-10-07 09:40:47",5263
"2019-10-07 10:40:44",5263
"2019-10-07 11:40:43",5263
"2019-10-07 12:40:48",5262
"2019-10-07 13:40:44",5263
"2019-10-07 14:40:43",5261
"2019-10-07 15:40:44",5263
"2019-10-07 16:40:45",5266
"2019-10-07 17:40:44",5271
"2019-10-07 18:40:44",5272
"2019-10-07 19:40:45",5271
"2019-10-07 20:40:43",5274
"2019-10-07 21:40:43",5275
"2019-10-07 22:40:44",5274
"2019-10-07 23:40:45",5274
"2019-10-08 00:40:43",5274
"2019-10-08 01:40:43",5274
"2019-10-08 02:40:43",5274
"2019-10-08 03:40:45",5274
"2019-10-08 04:40:43",5274
"2019-10-08 05:40:43",5274
"2019-10-08 06:40:45",5274
"2019-10-08 07:40:44",5274
"2019-10-08 08:40:44",5274
"2019-10-08 09:40:44",5274
"2019-10-08 10:40:45",5274
"2019-10-08 11:40:43",5274
"2019-10-08 12:40:43",5274
"2019-10-08 13:40:45",5273
"2019-10-08 14:40:43",5281
"2019-10-08 15:40:44",5284
"2019-10-08 16:40:46",5280
"2019-10-08 17:40:45",5278
"2019-10-08 18:40:45",5276
"2019-10-08 19:40:45",5274
"2019-10-08 20:40:44",5271
"2019-10-08 21:40:44",5267
"2019-10-08 22:40:43",5267
"2019-10-08 23:40:44",5267
"2019-10-09 00:40:44",5267
"2019-10-09 01:40:44",5267
"2019-10-09 02:40:44",5267
"2019-10-09 03:40:43",5267
"2019-10-09 04:40:45",5267
"2019-10-09 05:40:43",5267
"2019-10-09 06:40:45",5267
"2019-10-09 07:40:46",5267
"2019-10-09 08:40:45",5267
"2019-10-09 09:40:43",5267
"2019-10-09 10:40:45",5267
"2019-10-09 11:40:43",5267
"2019-10-09 12:40:47",5267
"2019-10-09 13:40:45",5267
"2019-10-09 14:40:45",5271
"2019-10-09 15:40:48",5273
"2019-10-09 16:40:45",5273
"2019-10-09 17:40:49",5272
"2019-10-09 18:40:45",5278
"2019-10-09 19:40:46",5276
"2019-10-09 20:40:44",5274
"2019-10-09 21:40:44",5274
"2019-10-09 22:40:44",5274
"2019-10-09 23:40:44",5274
"2019-10-10 00:40:45",5274
"2019-10-10 01:40:43",5274
"2019-10-10 02:40:45",5274
"2019-10-10 03:40:44",5274
"2019-10-10 04:40:44",5274
"2019-10-10 05:40:47",5274
"2019-10-10 06:40:44",5274
"2019-10-10 07:40:46",5274
"2019-10-10 08:40:44",5274
"2019-10-10 09:40:44",5274
"2019-10-10 10:40:44",5274
"2019-10-10 11:40:45",5274
"2019-10-10 13:03:48",5273
"2019-10-10 13:40:45",5273
"2019-10-10 14:40:44",5272
"2019-10-10 15:40:43",5272
"2019-10-10 16:40:44",5270
"2019-10-10 17:40:43",5267
"2019-10-10 18:40:44",5262
"2019-10-10 19:40:45",5259
"2019-10-10 20:40:45",5256
"2019-10-10 21:40:45",5255
"2019-10-10 22:40:44",5255
"2019-10-10 23:40:54",5255
"2019-10-11 00:40:45",5255
"2019-10-11 01:40:45",5255
"2019-10-11 02:40:45",5255
"2019-10-11 03:40:47",5255
"2019-10-11 04:40:44",5255
"2019-10-11 05:40:44",5255
"2019-10-11 06:40:46",5255
"2019-10-11 07:40:45",5255
"2019-10-11 08:40:45",5255
"2019-10-11 09:40:48",5255
"2019-10-11 10:40:44",5255
"2019-10-11 11:40:45",5255
"2019-10-11 13:04:18",5255
"2019-10-11 13:40:47",5255
"2019-10-11 14:40:44",5254
"2019-10-11 15:40:48",5255
"2019-10-11 16:40:46",5258
"2019-10-11 17:40:45",5266
"2019-10-11 18:40:45",5260
"2019-10-11 19:40:45",5262
"2019-10-11 20:40:44",5263
"2019-10-11 21:40:44",5263
"2019-10-11 22:40:45",5262
"2019-10-11 23:40:44",5262
"2019-10-12 00:40:45",5262
"2019-10-12 01:40:43",5262
"2019-10-12 02:40:44",5262
"2019-10-12 03:40:46",5262
"2019-10-12 04:40:44",5262
"2019-10-12 05:40:46",5262
"2019-10-12 06:40:47",5262
"2019-10-12 07:40:44",5262
"2019-10-12 08:40:45",5262
"2019-10-12 09:40:46",5262
"2019-10-12 10:40:44",5262
"2019-10-12 11:40:44",5262
"2019-10-12 12:40:46",5262
"2019-10-12 13:40:44",5262
"2019-10-12 14:40:45",5262
"2019-10-12 15:40:44",5262
"2019-10-12 16:40:46",5262
"2019-10-12 17:40:46",5262
"2019-10-12 18:40:44",5262
"2019-10-12 19:40:45",5262
"2019-10-12 20:40:45",5262
"2019-10-12 21:40:44",5262
"2019-10-12 22:40:45",5262
"2019-10-12 23:40:44",5262
"2019-10-13 00:40:46",5262
"2019-10-13 01:40:44",5262
"2019-10-13 02:40:44",5262
"2019-10-13 03:40:46",5262
"2019-10-13 04:40:44",5262
"2019-10-13 05:40:44",5262
"2019-10-13 06:40:45",5262
"2019-10-13 07:40:44",5262
"2019-10-13 08:40:45",5262
"2019-10-13 09:40:45",5262
"2019-10-13 10:40:43",5262
"2019-10-13 11:40:47",5262
"2019-10-13 12:40:44",5262
"2019-10-13 13:40:46",5262
"2019-10-13 14:40:45",5262
"2019-10-13 15:40:44",5262
"2019-10-13 16:40:47",5262
"2019-10-13 17:40:44",5262
"2019-10-13 18:40:45",5262
"2019-10-13 19:40:44",5262
"2019-10-13 20:40:46",5262
"2019-10-13 21:40:45",5262
"2019-10-13 22:40:45",5262
"2019-10-13 23:40:47",5262
"2019-10-14 00:40:45",5262
"2019-10-14 01:40:45",5262
"2019-10-14 02:40:44",5262
"2019-10-14 03:40:44",5262
"2019-10-14 04:40:46",5262
"2019-10-14 05:40:44",5262
"2019-10-14 06:40:46",5262
"2019-10-14 07:40:44",5262
"2019-10-14 08:40:45",5262
"2019-10-14 09:40:47",5262
"2019-10-14 10:40:45",5262
"2019-10-14 11:40:45",5262
"2019-10-14 12:40:47",5262
"2019-10-14 13:40:45",5262
"2019-10-14 14:40:45",5289
"2019-10-14 15:40:46",5295
"2019-10-14 16:40:48",5304
"2019-10-14 17:40:44",5304
"2019-10-14 18:40:46",5302
"2019-10-14 19:40:44",5303
"2019-10-14 20:40:46",5309
"2019-10-14 21:40:45",5309
"2019-10-14 22:40:46",5309
"2019-10-14 23:40:50",5309
"2019-10-15 00:40:43",5309
"2019-10-15 01:40:45",5309
"2019-10-15 02:40:48",5309
"2019-10-15 03:40:44",5309
"2019-10-15 04:40:44",5309
"2019-10-15 05:40:46",5309
"2019-10-15 06:40:45",5309
"2019-10-15 07:40:48",5309
"2019-10-15 08:40:45",5309
"2019-10-15 09:40:44",5309
"2019-10-15 10:40:45",5309
"2019-10-15 11:40:46",5309
"2019-10-15 12:40:45",5309
"2019-10-15 13:40:47",5308
"2019-10-15 14:40:44",5323
"2019-10-15 15:40:43",5320
"2019-10-15 16:40:46",5319
"2019-10-15 17:40:45",5317
"2019-10-15 18:40:47",5321
"2019-10-15 19:40:46",5317
"2019-10-15 20:40:48",5318
"2019-10-15 21:40:44",5318
"2019-10-15 22:40:44",5316
"2019-10-15 23:40:44",5316
"2019-10-16 00:40:45",5316
"2019-10-16 01:40:45",5316
"2019-10-16 02:40:45",5316
"2019-10-16 03:40:47",5316
"2019-10-16 04:40:46",5316
"2019-10-16 05:40:45",5316
"2019-10-16 06:40:43",5316
"2019-10-16 07:40:48",5316
"2019-10-16 08:40:48",5316
"2019-10-16 09:40:45",5316
"2019-10-16 10:40:46",5316
"2019-10-16 11:40:44",5316
"2019-10-16 12:40:44",5316
"2019-10-16 13:40:47",5316
"2019-10-16 14:40:44",5323
"2019-10-16 15:40:47",5324
"2019-10-16 16:40:45",5328
"2019-10-16 17:40:44",5329
"2019-10-16 18:40:45",5333
"2019-10-16 19:40:44",5331
"2019-10-16 20:40:45",5334
"2019-10-16 21:40:46",5336
"2019-10-16 22:40:44",5336
"2019-10-16 23:40:45",5336
"2019-10-17 00:40:45",5336
"2019-10-17 01:40:45",5336
"2019-10-17 02:40:44",5336
"2019-10-17 03:40:48",5336
"2019-10-17 04:40:45",5336
"2019-10-17 05:40:44",5336
"2019-10-17 06:40:44",5336
"2019-10-17 07:40:45",5336
"2019-10-17 08:40:45",5336
"2019-10-17 09:40:44",5336
"2019-10-17 10:40:43",5336
"2019-10-17 11:40:45",5336
"2019-10-17 12:40:44",5336
"2019-10-17 13:40:46",5336
"2019-10-17 14:40:45",5345
"2019-10-17 15:40:44",5346
"2019-10-17 16:40:44",5350
"2019-10-17 17:40:45",5355
"2019-10-17 18:40:45",5355
"2019-10-17 19:40:45",5358
"2019-10-17 20:40:45",5359
"2019-10-17 21:40:45",5359
"2019-10-17 22:40:45",5358
"2019-10-17 23:40:44",5358
"2019-10-18 00:40:44",5358
"2019-10-18 01:40:45",5358
"2019-10-18 02:40:44",5358
"2019-10-18 03:40:46",5358
"2019-10-18 04:40:44",5358
"2019-10-18 05:40:45",5358
"2019-10-18 06:40:47",5358
"2019-10-18 07:40:45",5358
"2019-10-18 08:40:45",5358
"2019-10-18 09:40:45",5358
"2019-10-18 10:40:47",5358
"2019-10-18 11:40:45",5358
"2019-10-18 13:03:20",5358
"2019-10-18 13:40:44",5358
"2019-10-18 14:40:45",5363
"2019-10-18 15:40:47",5360
"2019-10-18 16:40:45",5362
"2019-10-18 17:40:46",5366
"2019-10-18 18:40:45",5367
"2019-10-18 19:40:46",5367
"2019-10-18 20:40:47",5365
"2019-10-18 21:40:45",5366
"2019-10-18 22:40:45",5366
"2019-10-18 23:40:46",5366
"2019-10-19 00:40:45",5366
"2019-10-19 01:40:47",5366
"2019-10-19 02:40:45",5366
"2019-10-19 03:40:45",5366
"2019-10-19 04:40:46",5366
"2019-10-19 05:40:45",5366
"2019-10-19 06:40:48",5366
"2019-10-19 07:40:46",5366
"2019-10-19 08:40:46",5366
"2019-10-19 09:40:46",5366
"2019-10-19 10:40:47",5366
"2019-10-19 11:40:45",5366
"2019-10-19 12:40:47",5366
"2019-10-19 13:40:44",5366
"2019-10-19 14:40:46",5366
"2019-10-19 15:40:45",5366
"2019-10-19 16:40:47",5366
"2019-10-19 17:40:45",5366
"2019-10-19 18:40:45",5366
"2019-10-19 19:40:47",5366
"2019-10-19 20:40:45",5366
"2019-10-19 21:40:44",5366
"2019-10-19 22:40:45",5366
"2019-10-19 23:40:45",5366
"2019-10-20 00:40:45",5366
"2019-10-20 01:40:44",5366
"2019-10-20 02:40:47",5366
"2019-10-20 03:40:45",5366
"2019-10-20 04:40:46",5366
"2019-10-20 05:40:47",5366
"2019-10-20 06:40:46",5366
"2019-10-20 07:40:47",5366
"2019-10-20 08:40:45",5366
"2019-10-20 09:40:45",5366
"2019-10-20 10:40:47",5366
"2019-10-20 11:40:45",5366
"2019-10-20 12:40:46",5366
"2019-10-20 13:40:45",5366
"2019-10-20 14:40:45",5366
"2019-10-20 15:40:45",5366
"2019-10-20 16:40:47",5366
"2019-10-20 17:40:45",5366
"2019-10-20 18:40:45",5366
"2019-10-20 19:40:44",5366
"2019-10-20 20:40:44",5366
"2019-10-20 21:40:44",5366
"2019-10-20 22:40:45",5366
"2019-10-20 23:40:45",5366
"2019-10-21 00:40:46",5366
"2019-10-21 01:40:47",5366
"2019-10-21 02:40:45",5366
"2019-10-21 03:40:46",5366
"2019-10-21 04:40:45",5366
"2019-10-21 05:40:48",5366
"2019-10-21 06:40:46",5366
"2019-10-21 07:40:45",5366
"2019-10-21 08:40:46",5366
"2019-10-21 09:40:46",5366
"2019-10-21 10:40:45",5366
"2019-10-21 11:40:47",5366
"2019-10-21 13:04:18",5366
"2019-10-21 13:40:48",5366
"2019-10-21 14:40:45",5366
"2019-10-21 15:40:47",5363
"2019-10-21 16:40:46",5364
"2019-10-21 17:40:45",5367
"2019-10-21 18:40:46",5377
"2019-10-21 19:40:46",5375
"2019-10-21 20:40:45",5375
"2019-10-21 21:40:45",5374
"2019-10-21 22:40:47",5373
"2019-10-21 23:40:46",5373
"2019-10-22 00:40:45",5373
"2019-10-22 01:40:45",5373
"2019-10-22 02:40:47",5373
"2019-10-22 03:40:48",5373
"2019-10-22 04:40:46",5373
"2019-10-22 05:40:46",5373
"2019-10-22 06:40:46",5373
"2019-10-22 07:40:47",5373
"2019-10-22 08:40:46",5373
"2019-10-22 09:40:47",5373
"2019-10-22 10:40:45",5373
"2019-10-22 11:40:45",5373
"2019-10-22 12:40:49",5373
"2019-10-22 13:40:45",5373
"2019-10-22 14:40:45",5368
"2019-10-22 15:40:49",5371
"2019-10-22 16:40:46",5372
"2019-10-22 17:40:48",5378
"2019-10-22 18:40:47",5377
"2019-10-22 19:40:45",5376
"2019-10-22 20:40:47",5377
"2019-10-22 21:40:46",5378
"2019-10-22 22:40:47",5379
"2019-10-22 23:40:47",5379
"2019-10-23 00:40:49",5379
"2019-10-23 01:40:47",5379
"2019-10-23 02:40:46",5379
"2019-10-23 03:40:45",5379
"2019-10-23 04:40:48",5379
"2019-10-23 05:40:47",5379
"2019-10-23 06:40:50",5379
"2019-10-23 07:40:47",5379
"2019-10-23 08:40:46",5379
"2019-10-23 09:40:47",5379
"2019-10-23 10:40:47",5379
"2019-10-23 11:40:45",5379
"2019-10-23 12:40:48",5379
"2019-10-23 13:40:48",5379
"2019-10-23 14:40:45",5386
"2019-10-23 15:40:46",5384
"2019-10-23 16:40:47",5380
"2019-10-23 17:40:46",5375
"2019-10-23 18:40:45",5372
"2019-10-23 19:40:46",5368
"2019-10-23 20:40:47",5372
"2019-10-23 21:40:46",5372
"2019-10-23 22:40:46",5371
"2019-10-23 23:40:46",5371
"2019-10-24 00:42:45",5371
"2019-10-24 01:40:46",5371
"2019-10-24 02:40:47",5371
"2019-10-24 03:40:48",5371
"2019-10-24 04:40:45",5371
"2019-10-24 05:40:47",5371
"2019-10-24 06:40:51",5371
"2019-10-24 07:40:46",5371
"2019-10-24 08:40:46",5371
"2019-10-24 09:40:48",5371
"2019-10-24 10:40:45",5371
"2019-10-24 11:40:45",5371
"2019-10-24 13:04:20",5371
"2019-10-24 13:40:46",5371
"2019-10-24 14:40:45",5373
"2019-10-24 15:40:47",5368
"2019-10-24 16:40:46",5367
"2019-10-24 17:40:46",5371
"2019-10-24 18:40:46",5367
"2019-10-24 19:40:48",5368
"2019-10-24 20:40:46",5367
"2019-10-24 21:40:45",5370
"2019-10-24 22:40:46",5371
"2019-10-24 23:40:46",5371
"2019-10-25 00:40:46",5371
"2019-10-25 01:40:46",5371
"2019-10-25 02:40:48",5371
"2019-10-25 03:40:46",5371
"2019-10-25 04:40:44",5371
"2019-10-25 05:40:47",5371
"2019-10-25 06:40:47",5371
"2019-10-25 07:40:47",5371
"2019-10-25 08:40:47",5371
"2019-10-25 09:40:46",5371
"2019-10-25 10:40:46",5371
"2019-10-25 11:40:49",5371
"2019-10-25 13:04:19",5371
"2019-10-25 13:40:46",5371
"2019-10-25 14:40:48",5375
"2019-10-25 15:40:45",5374
"2019-10-25 16:40:49",5373
"2019-10-25 17:40:46",5381
"2019-10-25 18:40:45",5384
"2019-10-25 19:40:45",5383
"2019-10-25 20:40:45",5388
"2019-10-25 21:40:45",5388
"2019-10-25 22:40:46",5387
"2019-10-25 23:40:45",5387
"2019-10-26 00:40:45",5387
"2019-10-26 01:40:48",5387
"2019-10-26 02:40:46",5387
"2019-10-26 03:40:47",5387
"2019-10-26 04:40:48",5387
"2019-10-26 05:40:45",5387
"2019-10-26 06:40:44",5387
"2019-10-26 07:40:48",5387
"2019-10-26 08:40:46",5387
"2019-10-26 09:40:45",5387
"2019-10-26 10:40:45",5387
"2019-10-26 11:40:47",5387
"2019-10-26 12:40:46",5387
"2019-10-26 13:40:46",5387
"2019-10-26 14:40:48",5387
"2019-10-26 15:40:47",5387
"2019-10-26 16:40:46",5387
"2019-10-26 17:40:46",5387
"2019-10-26 18:40:46",5387
"2019-10-26 19:40:46",5387
"2019-10-26 20:40:46",5387
"2019-10-26 21:40:47",5387
"2019-10-26 22:40:46",5387
"2019-10-26 23:40:46",5387
"2019-10-27 00:40:47",5387
"2019-10-27 01:40:46",5387
"2019-10-27 02:40:47",5387
"2019-10-27 03:40:47",5387
"2019-10-27 04:40:46",5387
"2019-10-27 05:40:49",5387
"2019-10-27 06:40:46",5387
"2019-10-27 07:40:45",5387
"2019-10-27 08:40:46",5387
"2019-10-27 09:40:45",5387
"2019-10-27 10:40:45",5387
"2019-10-27 11:40:45",5387
"2019-10-27 12:40:47",5387
"2019-10-27 13:40:46",5387
"2019-10-27 14:40:45",5387
"2019-10-27 15:40:49",5387
"2019-10-27 16:40:45",5387
"2019-10-27 17:40:46",5387
"2019-10-27 18:40:47",5387
"2019-10-27 19:40:48",5387
"2019-10-27 20:40:49",5387
"2019-10-27 21:40:45",5387
"2019-10-27 22:40:45",5387
"2019-10-27 23:40:45",5387
"2019-10-28 00:40:45",5387
"2019-10-28 01:40:47",5387
"2019-10-28 02:40:46",5387
"2019-10-28 03:40:48",5387
"2019-10-28 04:40:46",5387
"2019-10-28 05:40:45",5387
"2019-10-28 06:40:47",5387
"2019-10-28 07:40:47",5387
"2019-10-28 08:40:46",5387
"2019-10-28 09:40:45",5387
"2019-10-28 10:40:47",5387
"2019-10-28 11:40:44",5387
"2019-10-28 12:40:49",5387
"2019-10-28 14:40:48",5412
"2019-10-28 15:40:51",5412
"2019-10-28 16:40:49",5416
"2019-10-28 17:40:47",5411
"2019-10-28 18:40:48",5408
"2019-10-28 19:40:48",5409
"2019-10-28 23:40:46",5408
"2019-10-29 00:40:47",5408
"2019-10-29 01:40:48",5408
"2019-10-29 02:40:46",5408
"2019-10-29 03:40:49",5408
"2019-10-29 04:40:46",5408
"2019-10-29 05:40:48",5408
"2019-10-29 06:40:48",5408
"2019-10-29 07:40:47",5408
"2019-10-29 08:40:47",5408
"2019-10-29 09:40:45",5408
"2019-10-29 10:40:48",5408
"2019-10-29 11:40:46",5408
"2019-10-29 12:40:47",5408
"2019-10-29 13:40:51",5408
"2019-10-29 14:40:47",5411
"2019-10-29 15:40:49",5409
"2019-10-29 16:40:49",5415
"2019-10-29 17:40:46",5415
"2019-10-29 18:40:48",5416
"2019-10-29 19:40:50",5415
"2019-10-29 20:40:47",5410
"2019-10-29 21:40:48",5412
"2019-10-29 22:40:47",5412
"2019-10-29 23:40:48",5412
"2019-10-30 00:40:51",5412
"2019-10-30 01:40:48",5412
"2019-10-30 02:40:48",5412
"2019-10-30 03:40:48",5412
"2019-10-30 04:40:49",5412
"2019-10-30 05:40:51",5412
"2019-10-30 06:40:48",5412
"2019-10-30 07:40:53",5412
"2019-10-30 08:40:48",5412
"2019-10-30 09:40:48",5412
"2019-10-30 10:40:48",5412
"2019-10-30 11:40:46",5412
"2019-10-30 13:04:49",5412
"2019-10-30 13:40:49",5412
"2019-10-30 14:40:47",5419
"2019-10-30 15:40:47",5418
"2019-10-30 16:40:48",5419
"2019-10-30 17:40:48",5421
"2019-10-30 18:40:47",5420
"2019-10-30 19:40:47",5414
"2019-10-30 20:40:47",5412
"2019-10-30 21:40:47",5412
"2019-10-30 22:40:47",5414
"2019-10-30 23:40:47",5414
"2019-10-31 00:40:47",5414
"2019-10-31 01:40:48",5414
"2019-10-31 02:40:47",5414
"2019-10-31 03:40:48",5414
"2019-10-31 04:40:47",5414
"2019-10-31 05:40:47",5414
"2019-10-31 06:40:49",5414
"2019-10-31 07:40:48",5414
"2019-10-31 08:40:48",5414
"2019-10-31 09:40:49",5414
"2019-10-31 10:40:47",5414
"2019-10-31 11:40:48",5414
"2019-10-31 13:05:52",5414
"2019-10-31 13:40:48",5414
"2019-10-31 14:40:48",5415
"2019-10-31 15:40:49",5415
"2019-10-31 16:40:48",5414
"2019-10-31 17:40:48",5417
"2019-10-31 18:40:47",5412
"2019-10-31 19:40:47",5410
"2019-10-31 20:40:50",5410
"2019-10-31 22:03:51",5410
"2019-10-31 22:40:50",5410
"2019-10-31 23:40:47",5410
"2019-11-01 00:40:47",5410
"2019-11-01 01:40:47",5410
"2019-11-01 02:40:48",5410
"2019-11-01 03:40:48",5410
"2019-11-01 04:40:47",5410
"2019-11-01 05:40:50",5410
"2019-11-01 06:40:47",5410
"2019-11-01 07:40:50",5410
"2019-11-01 08:40:48",5410
"2019-11-01 09:40:48",5410
"2019-11-01 10:40:48",5410
"2019-11-01 11:40:50",5410
"2019-11-01 13:36:55",5411
"2019-11-01 13:46:14",5411
"2019-11-01 14:40:47",5408
"2019-11-01 15:40:47",5406
"2019-11-01 16:40:50",5406
"2019-11-01 17:40:48",5408
"2019-11-01 18:40:51",5410
"2019-11-01 19:40:47",5411
"2019-11-01 20:40:47",5410
"2019-11-01 21:40:47",5408
"2019-11-01 22:40:47",5407
"2019-11-01 23:40:47",5407
"2019-11-02 00:40:49",5407
"2019-11-02 01:40:47",5407
"2019-11-02 02:40:47",5407
"2019-11-02 03:40:49",5407
"2019-11-02 04:40:47",5407
"2019-11-02 05:40:46",5407
"2019-11-02 06:40:49",5407
"2019-11-02 07:40:47",5407
"2019-11-02 08:40:48",5407
"2019-11-02 09:40:46",5407
"2019-11-02 10:40:49",5407
"2019-11-02 11:40:47",5407
"2019-11-02 12:40:49",5407
"2019-11-02 13:40:48",5407
"2019-11-02 14:40:48",5407
"2019-11-02 15:40:50",5407
"2019-11-02 16:40:47",5407
"2019-11-02 17:40:48",5407
"2019-11-02 18:40:48",5407
"2019-11-02 19:40:47",5407
"2019-11-02 20:40:47",5407
"2019-11-02 21:40:48",5407
"2019-11-02 22:40:50",5407
"2019-11-02 23:40:47",5407
"2019-11-03 00:40:47",5407
"2019-11-03 01:40:47",5407
"2019-11-03 02:40:48",5407
"2019-11-03 03:40:47",5407
"2019-11-03 04:40:47",5407
"2019-11-03 05:40:48",5407
"2019-11-03 06:40:47",5407
"2019-11-03 07:40:48",5407
"2019-11-03 21:40:48",5407
"2019-11-03 22:40:47",5407
"2019-11-03 23:40:49",5407
"2019-11-04 00:40:47",5407
"2019-11-04 01:40:47",5407
"2019-11-04 02:40:46",5407
"2019-11-04 03:40:47",5407
"2019-11-04 04:40:47",5407
"2019-11-04 05:40:49",5407
"2019-11-04 06:40:47",5407
"2019-11-04 07:40:46",5407
"2019-11-04 08:40:47",5407
"2019-11-04 09:40:48",5407
"2019-11-04 10:40:46",5407
"2019-11-04 11:40:46",5407
"2019-11-04 12:40:47",5407
"2019-11-04 14:06:20",5407
"2019-11-04 15:40:46",5410
"2019-11-04 16:40:47",5408
"2019-11-04 17:40:48",5409
"2019-11-04 18:40:47",5411
"2019-11-04 19:40:49",5418
"2019-11-04 20:40:47",5421
"2019-11-04 21:40:48",5424
"2019-11-04 22:40:49",5425
"2019-11-04 23:40:48",5425
"2019-11-05 00:40:48",5425
"2019-11-05 01:40:48",5425
"2019-11-05 02:40:50",5425
"2019-11-05 03:40:49",5425
"2019-11-05 04:40:48",5425
"2019-11-05 05:40:48",5425
"2019-11-05 06:40:49",5425
"2019-11-05 07:40:49",5425
"2019-11-05 08:40:48",5425
"2019-11-05 09:40:49",5425
"2019-11-05 10:40:48",5425
"2019-11-05 11:40:48",5425
"2019-11-05 12:40:48",5425
"2019-11-05 14:06:21",5425
"2019-11-05 14:40:50",5425
"2019-11-05 15:40:48",5430
"2019-11-05 16:40:49",5424
"2019-11-05 17:40:48",5425
"2019-11-05 18:40:48",5425
"2019-11-05 19:40:49",5424
"2019-11-05 20:40:49",5428
"2019-11-05 21:40:48",5431
"2019-11-05 22:40:48",5433
"2019-11-05 23:40:48",5433
"2019-11-06 00:40:48",5433
"2019-11-06 01:40:48",5433
"2019-11-06 02:40:49",5433
"2019-11-06 03:40:49",5433
"2019-11-06 04:40:51",5433
"2019-11-06 05:40:49",5433
"2019-11-06 06:40:51",5433
"2019-11-06 07:40:48",5433
"2019-11-06 08:40:48",5433
"2019-11-06 09:40:49",5433
"2019-11-06 10:40:50",5433
"2019-11-06 11:40:48",5433
"2019-11-06 12:40:48",5433
"2019-11-06 13:40:48",5433
"2019-11-06 14:40:50",5436
"2019-11-06 15:40:49",5450
"2019-11-06 16:40:49",5454
"2019-11-06 17:40:50",5461
"2019-11-06 18:40:49",5460
"2019-11-06 19:40:49",5459
"2019-11-06 20:40:49",5463
"2019-11-06 21:40:49",5463
"2019-11-06 22:40:48",5463
"2019-11-06 23:40:49",5463
"2019-11-07 00:40:49",5463
"2019-11-07 01:40:49",5463
"2019-11-07 02:40:50",5463
"2019-11-07 03:40:49",5463
"2019-11-07 04:40:50",5463
"2019-11-07 05:40:50",5463
"2019-11-07 06:40:48",5463
"2019-11-07 07:40:49",5463
"2019-11-07 08:40:49",5463
"2019-11-07 09:40:49",5463
"2019-11-07 10:40:48",5463
"2019-11-07 11:40:48",5463
"2019-11-07 12:40:48",5463
"2019-11-07 14:04:51",5463
"2019-11-07 14:41:20",5463
"2019-11-07 15:40:50",5459
"2019-11-07 16:40:50",5457
"2019-11-07 17:40:49",5463
"2019-11-07 18:40:50",5466
"2019-11-07 19:40:50",5469
"2019-11-07 21:05:23",5480
"2019-11-07 21:40:49",5480
"2019-11-07 22:40:49",5480
"2019-11-07 23:40:50",5480
"2019-11-08 00:40:51",5480
"2019-11-08 01:40:50",5480
"2019-11-08 02:40:51",5480
"2019-11-08 03:40:49",5480
"2019-11-08 04:40:49",5480
"2019-11-08 05:40:51",5480
"2019-11-08 06:40:49",5480
"2019-11-08 07:40:50",5480
"2019-11-08 08:40:53",5480
"2019-11-08 09:40:49",5480
"2019-11-08 10:40:50",5480
"2019-11-08 11:40:49",5480
"2019-11-08 12:40:49",5480
"2019-11-08 14:06:24",5480
"2019-11-08 14:41:25",5480
"2019-11-08 15:40:50",5486
"2019-11-08 16:40:51",5488
"2019-11-08 17:40:52",5488
"2019-11-08 18:40:50",5485
"2019-11-08 19:40:51",5481
"2019-11-08 20:40:50",5484
"2019-11-08 21:40:51",5484
"2019-11-08 22:40:51",5486
"2019-11-08 23:40:50",5486
"2019-11-09 00:40:51",5486
"2019-11-09 01:40:52",5486
"2019-11-09 02:40:51",5486
"2019-11-09 03:40:50",5486
"2019-11-09 04:40:52",5486
"2019-11-09 05:40:50",5486
"2019-11-09 06:40:51",5486
"2019-11-09 07:40:51",5486
"2019-11-09 08:40:52",5486
"2019-11-09 09:40:50",5486
"2019-11-09 10:40:50",5486
"2019-11-09 11:40:52",5486
"2019-11-09 12:40:50",5486
"2019-11-09 13:40:50",5486
"2019-11-09 14:40:51",5486
"2019-11-09 15:40:51",5486
"2019-11-09 16:40:51",5486
"2019-11-09 17:40:51",5486
"2019-11-09 18:40:50",5486
"2019-11-09 19:40:51",5486
"2019-11-09 20:40:52",5486
"2019-11-09 21:40:51",5486
"2019-11-09 22:40:52",5486
"2019-11-09 23:40:50",5486
"2019-11-10 00:40:50",5486
"2019-11-10 01:40:51",5486
"2019-11-10 02:40:52",5486
"2019-11-10 03:40:49",5486
"2019-11-10 04:40:50",5486
"2019-11-10 05:40:50",5486
"2019-11-10 06:40:50",5486
"2019-11-10 07:40:49",5486
"2019-11-10 08:40:51",5486
"2019-11-10 09:40:52",5486
"2019-11-10 10:40:49",5486
"2019-11-10 11:40:50",5486
"2019-11-10 12:40:50",5486
"2019-11-10 13:40:50",5486
"2019-11-10 14:40:50",5486
"2019-11-10 15:40:51",5486
"2019-11-10 16:40:50",5486
"2019-11-10 17:40:50",5486
"2019-11-10 18:40:51",5486
"2019-11-10 19:40:49",5486
"2019-11-10 20:40:50",5486
"2019-11-10 21:40:49",5486
"2019-11-10 22:40:51",5486
"2019-11-10 23:40:51",5486
"2019-11-11 00:40:51",5486
"2019-11-11 01:40:52",5486
"2019-11-11 02:40:52",5486
"2019-11-11 03:40:52",5486
"2019-11-11 04:40:50",5486
"2019-11-11 05:40:51",5486
"2019-11-11 06:40:51",5486
"2019-11-11 07:40:52",5486
"2019-11-11 08:40:53",5486
"2019-11-11 09:40:52",5486
"2019-11-11 10:40:51",5486
"2019-11-11 11:40:51",5486
"2019-11-11 12:40:51",5486
"2019-11-11 13:40:51",5486
"2019-11-11 14:40:52",5486
"2019-11-11 15:40:54",5508
"2019-11-11 16:40:51",5508
"2019-11-11 17:40:52",5508
"2019-11-11 18:40:52",5511
"2019-11-11 19:40:51",5507
"2019-11-11 21:40:51",5507
"2019-11-11 22:40:51",5506
"2019-11-11 23:40:50",5504
"2019-11-12 00:40:50",5504
"2019-11-12 01:40:49",5504
"2019-11-12 02:40:52",5504
"2019-11-12 03:40:51",5504
"2019-11-12 04:40:50",5504
"2019-11-12 05:40:51",5504
"2019-11-12 06:40:50",5504
"2019-11-12 07:40:52",5504
"2019-11-12 08:40:49",5504
"2019-11-12 09:40:51",5504
"2019-11-12 10:40:50",5504
"2019-11-12 11:40:51",5504
"2019-11-12 12:40:53",5504
"2019-11-12 14:04:53",5505
"2019-11-12 14:40:51",5505
"2019-11-12 15:40:50",5520
"2019-11-12 16:40:52",5513
"2019-11-12 17:40:51",5509
"2019-11-12 18:40:52",5504
"2019-11-12 19:40:50",5502
"2019-11-12 20:40:50",5505
"2019-11-12 21:40:51",5506
"2019-11-12 22:40:51",5509
"2019-11-12 23:40:51",5510
"2019-11-13 00:40:53",5510
"2019-11-13 01:40:50",5510
"2019-11-13 02:40:51",5510
"2019-11-13 03:40:53",5510
"2019-11-13 04:40:51",5510
"2019-11-13 05:40:54",5510
"2019-11-13 06:40:50",5510
"2019-11-13 07:40:54",5510
"2019-11-13 08:40:52",5510
"2019-11-13 09:40:52",5510
"2019-11-13 10:40:51",5510
"2019-11-13 11:40:53",5510
"2019-11-13 12:40:50",5510
"2019-11-13 13:40:50",5510
"2019-11-13 15:40:53",5534
"2019-11-13 16:40:50",5537
"2019-11-13 17:40:52",5533
"2019-11-13 18:40:53",5529
"2019-11-13 19:40:51",5531
"2019-11-13 20:40:51",5529
"2019-11-13 21:40:49",5528
"2019-11-13 22:40:51",5528
"2019-11-13 23:40:51",5528
"2019-11-14 00:40:51",5528
"2019-11-14 01:40:50",5528
"2019-11-14 02:40:52",5528
"2019-11-14 03:40:50",5528
"2019-11-14 04:40:50",5528
"2019-11-14 05:40:53",5528
"2019-11-14 06:40:49",5528
"2019-11-14 07:40:53",5528
"2019-11-14 08:40:51",5528
"2019-11-14 09:40:52",5528
"2019-11-14 10:40:51",5528
"2019-11-14 11:40:53",5528
"2019-11-14 12:40:49",5528
"2019-11-14 14:04:26",5528
"2019-11-14 14:40:51",5528
"2019-11-14 15:40:51",5532
"2019-11-14 17:40:51",5522
"2019-11-14 18:40:49",5519
"2019-11-14 19:40:50",5517
"2019-11-14 20:40:52",5516
"2019-11-14 21:40:53",5514
"2019-11-14 22:40:50",5514
"2019-11-14 23:40:51",5514
"2019-11-15 00:40:51",5514
"2019-11-15 01:40:50",5514
"2019-11-15 02:40:50",5514
"2019-11-15 03:40:51",5514
"2019-11-15 04:40:51",5514
"2019-11-15 05:40:51",5514
"2019-11-15 06:40:51",5514
"2019-11-15 07:40:50",5514
"2019-11-15 08:40:55",5514
"2019-11-15 09:40:50",5514
"2019-11-15 10:40:51",5514
"2019-11-15 11:40:50",5514
"2019-11-15 12:40:52",5514
"2019-11-15 14:07:24",5514
"2019-11-15 15:40:53",5513
"2019-11-15 16:40:50",5510
"2019-11-15 17:40:51",5507
"2019-11-15 18:40:54",5503
"2019-11-15 19:40:52",5502
"2019-11-15 20:40:51",5499
"2019-11-15 21:40:50",5499
"2019-11-15 22:40:52",5499
"2019-11-15 23:40:51",5498
"2019-11-16 00:40:52",5498
"2019-11-16 01:40:50",5498
"2019-11-16 02:40:51",5498
"2019-11-16 03:40:51",5498
"2019-11-16 04:40:53",5498
"2019-11-16 05:40:51",5498
"2019-11-16 06:40:51",5498
"2019-11-16 07:40:51",5498
"2019-11-16 08:40:51",5498
"2019-11-16 09:40:51",5498
"2019-11-16 10:40:50",5498
"2019-11-16 11:40:51",5498
"2019-11-16 12:40:52",5498
"2019-11-16 13:40:53",5498
"2019-11-16 14:40:52",5498
"2019-11-16 15:40:50",5498
"2019-11-16 16:40:51",5498
"2019-11-16 17:40:52",5498
"2019-11-16 18:40:50",5498
"2019-11-16 19:40:49",5498
"2019-11-16 20:40:49",5498
"2019-11-16 21:40:50",5498
"2019-11-16 22:40:50",5498
"2019-11-16 23:40:49",5498
"2019-11-17 00:40:50",5498
"2019-11-17 01:40:49",5498
"2019-11-17 02:40:51",5498
"2019-11-17 03:40:49",5498
"2019-11-17 04:40:51",5498
"2019-11-17 05:40:51",5498
"2019-11-17 06:40:53",5498
"2019-11-17 07:40:51",5498
"2019-11-17 08:40:50",5498
"2019-11-17 09:40:51",5498
"2019-11-17 10:40:52",5498
"2019-11-17 11:40:53",5498
"2019-11-17 12:40:50",5498
"2019-11-17 13:40:52",5498
"2019-11-17 14:40:50",5498
"2019-11-17 15:40:49",5498
"2019-11-17 16:40:52",5498
"2019-11-17 17:40:49",5498
"2019-11-17 18:40:49",5498
"2019-11-17 19:40:50",5498
"2019-11-17 20:40:52",5498
"2019-11-17 21:40:52",5498
"2019-11-17 22:40:50",5498
"2019-11-17 23:40:52",5498
"2019-11-18 00:40:49",5498
"2019-11-18 01:40:50",5498
"2019-11-18 02:40:51",5498
"2019-11-18 03:40:50",5498
"2019-11-18 04:40:49",5498
"2019-11-18 05:40:52",5498
"2019-11-18 06:40:49",5498
"2019-11-18 07:40:50",5498
"2019-11-18 08:40:52",5498
"2019-11-18 09:40:52",5498
"2019-11-18 10:40:52",5498
"2019-11-18 11:40:49",5498
"2019-11-18 12:40:51",5498
"2019-11-18 14:05:54",5499
"2019-11-18 14:40:50",5499
"2019-11-18 15:40:53",5492
"2019-11-18 16:40:51",5487
"2019-11-18 17:40:52",5487
"2019-11-18 18:40:52",5488
"2019-11-18 19:40:51",5487
"2019-11-18 20:40:51",5483
"2019-11-18 21:40:51",5480
"2019-11-18 22:40:49",5480
"2019-11-18 23:40:52",5480
"2019-11-19 00:40:51",5480
"2019-11-19 01:40:51",5480
"2019-11-19 02:40:50",5480
"2019-11-19 03:40:50",5480
"2019-11-19 04:40:51",5480
"2019-11-19 05:40:49",5480
"2019-11-19 06:40:51",5480
"2019-11-19 07:40:50",5480
"2019-11-19 08:40:51",5480
"2019-11-19 09:40:51",5480
"2019-11-19 10:40:51",5480
"2019-11-19 11:40:50",5480
"2019-11-19 12:40:51",5480
"2019-11-19 14:05:56",5480
"2019-11-19 14:40:52",5480
"2019-11-19 15:40:53",5476
"2019-11-19 16:40:52",5473
"2019-11-19 17:40:52",5472
"2019-11-19 18:40:51",5473
"2019-11-19 19:40:52",5468
"2019-11-19 20:40:52",5472
"2019-11-19 21:40:55",5468
"2019-11-19 22:40:53",5468
"2019-11-19 23:40:52",5470
"2019-11-20 00:40:53",5470
"2019-11-20 01:40:52",5470
"2019-11-20 02:40:54",5470
"2019-11-20 03:40:53",5470
"2019-11-20 04:40:52",5470
"2019-11-20 05:40:52",5470
"2019-11-20 06:40:52",5470
"2019-11-20 07:40:53",5470
"2019-11-20 08:40:53",5470
"2019-11-20 09:40:55",5470
"2019-11-20 10:40:56",5470
"2019-11-20 11:40:56",5470
"2019-11-20 12:40:54",5470
"2019-11-20 14:05:26",5469
"2019-11-20 14:40:56",5469
"2019-11-20 15:40:53",5469
"2019-11-20 16:40:54",5471
"2019-11-20 22:40:52",5469
"2019-11-20 23:40:51",5469
"2019-11-21 00:40:52",5469
"2019-11-21 01:40:51",5469
"2019-11-21 02:40:54",5469
"2019-11-21 03:40:52",5469
"2019-11-21 04:40:51",5469
"2019-11-21 05:40:53",5469
"2019-11-21 06:40:55",5469
"2019-11-21 07:40:51",5469
"2019-11-21 08:40:51",5469
"2019-11-21 09:40:52",5469
"2019-11-21 10:40:53",5469
"2019-11-21 11:40:51",5469
"2019-11-21 12:40:51",5469
"2019-11-21 14:04:55",5469
"2019-11-21 14:40:55",5469
"2019-11-21 15:40:51",5485
"2019-11-21 16:40:52",5489
"2019-11-21 17:40:53",5490
"2019-11-21 18:40:51",5491
"2019-11-21 19:40:51",5488
"2019-11-21 20:40:51",5485
"2019-11-21 21:40:51",5488
"2019-11-21 22:40:52",5488
"2019-11-21 23:40:52",5488
"2019-11-22 00:40:53",5488
"2019-11-22 01:40:54",5488
"2019-11-22 02:40:51",5488
"2019-11-22 03:40:51",5488
"2019-11-22 04:40:51",5488
"2019-11-22 05:40:54",5488
"2019-11-22 06:40:53",5488
"2019-11-22 07:40:54",5488
"2019-11-22 08:40:55",5488
"2019-11-22 09:40:54",5488
"2019-11-22 10:40:54",5488
"2019-11-22 11:40:52",5488
"2019-11-22 12:40:52",5488
"2019-11-22 13:40:51",5488
"2019-11-22 14:40:53",5490
"2019-11-22 15:40:50",5498
"2019-11-22 16:40:51",5504
"2019-11-22 17:40:55",5503
"2019-11-22 18:40:54",5499
"2019-11-22 19:40:51",5501
"2019-11-22 20:40:52",5500
"2019-11-22 21:40:52",5498
"2019-11-22 22:40:50",5498
"2019-11-22 23:40:53",5497
"2019-11-23 00:40:57",5497
"2019-11-23 01:40:51",5497
"2019-11-23 02:40:51",5497
"2019-11-23 03:40:51",5497
"2019-11-23 04:40:54",5497
"2019-11-23 05:40:52",5497
"2019-11-23 06:40:52",5497
"2019-11-23 07:40:52",5497
"2019-11-23 08:40:52",5497
"2019-11-23 09:40:54",5497
"2019-11-23 10:40:54",5497
"2019-11-23 11:40:51",5497
"2019-11-23 12:40:51",5497
"2019-11-23 13:40:50",5497
"2019-11-23 14:40:51",5497
"2019-11-23 15:40:51",5497
"2019-11-23 16:40:51",5497
"2019-11-23 17:40:52",5497
"2019-11-23 18:40:52",5497
"2019-11-23 19:40:53",5497
"2019-11-23 20:40:49",5497
"2019-11-23 21:40:51",5497
"2019-11-23 22:40:50",5497
"2019-11-23 23:40:50",5497
"2019-11-24 00:40:52",5497
"2019-11-24 01:40:50",5497
"2019-11-24 02:40:51",5497
"2019-11-24 03:40:51",5497
"2019-11-24 04:40:50",5497
"2019-11-24 05:40:51",5497
"2019-11-24 06:40:51",5497
"2019-11-24 07:40:50",5497
"2019-11-24 08:40:51",5497
"2019-11-24 09:40:52",5497
"2019-11-24 10:40:54",5497
"2019-11-24 11:40:51",5497
"2019-11-24 12:40:50",5497
"2019-11-24 13:40:50",5497
"2019-11-24 14:40:51",5497
"2019-11-24 15:40:52",5497
"2019-11-24 16:40:51",5497
"2019-11-24 17:40:50",5497
"2019-11-24 18:40:52",5497
"2019-11-24 19:40:51",5497
"2019-11-24 20:40:53",5497
"2019-11-24 21:40:50",5497
"2019-11-24 22:40:53",5497
"2019-11-24 23:40:51",5497
"2019-11-25 00:40:51",5497
"2019-11-25 01:40:53",5497
"2019-11-25 02:40:52",5497
"2019-11-25 03:40:52",5497
"2019-11-25 04:40:50",5497
"2019-11-25 05:40:51",5497
"2019-11-25 06:40:51",5497
"2019-11-25 07:40:52",5497
"2019-11-25 08:40:55",5497
"2019-11-25 09:40:54",5497
"2019-11-25 10:40:55",5497
"2019-11-25 11:40:53",5497
"2019-11-25 12:40:55",5497
"2019-11-25 13:40:51",5497
"2019-11-25 14:40:51",5496
"2019-11-25 15:40:53",5494
"2019-11-25 16:40:52",5496
"2019-11-25 17:40:52",5500
"2019-11-25 18:40:51",5503
"2019-11-25 19:40:53",5504
"2019-11-25 20:40:52",5503
"2019-11-25 21:40:51",5509
"2019-11-25 22:40:55",5511
"2019-11-25 23:40:52",5511
"2019-11-26 00:40:53",5511
"2019-11-26 01:40:52",5511
"2019-11-26 02:40:52",5511
"2019-11-26 03:40:52",5511
"2019-11-26 04:40:51",5511
"2019-11-26 05:40:54",5511
"2019-11-26 06:40:56",5511
"2019-11-26 07:40:53",5511
"2019-11-26 08:40:52",5511
"2019-11-26 09:40:56",5511
"2019-11-26 20:40:52",5522
"2019-11-26 21:40:53",5522
"2019-11-26 22:40:55",5522
"2019-11-26 23:40:52",5522
"2019-11-27 00:40:54",5522
"2019-11-27 01:40:52",5522
"2019-11-27 02:40:52",5522
"2019-11-27 03:40:53",5522
"2019-11-27 04:40:51",5522
"2019-11-27 05:40:52",5522
"2019-11-27 06:40:52",5522
"2019-11-27 07:40:52",5522
"2019-11-27 08:40:56",5522
"2019-11-27 09:40:55",5522
"2019-11-27 10:40:52",5522
"2019-11-27 11:40:50",5522
"2019-11-27 12:40:57",5522
"2019-11-27 13:40:52",5522
"2019-11-27 14:40:52",5522
"2019-11-27 15:40:55",5525
"2019-11-27 16:40:53",5529
"2019-11-27 17:40:52",5524
"2019-11-27 18:40:53",5520
"2019-11-27 19:40:52",5519
"2019-11-27 20:40:52",5519
"2019-11-27 21:40:51",5519
"2019-11-27 22:40:53",5519
"2019-11-27 23:40:51",5519
"2019-11-28 00:40:52",5519
"2019-11-28 01:40:53",5519
"2019-11-28 02:40:55",5519
"2019-11-28 03:40:54",5519
"2019-11-28 04:40:53",5519
"2019-11-28 05:40:52",5519
"2019-11-28 06:40:53",5519
"2019-11-28 07:40:54",5519
"2019-11-28 08:40:52",5519
"2019-11-28 09:40:55",5519
"2019-11-28 10:40:53",5519
"2019-11-28 11:40:52",5519
"2019-11-28 12:40:51",5519
"2019-11-28 13:40:51",5519
"2019-11-28 14:40:52",5519
"2019-11-28 15:40:52",5519
"2019-11-28 16:40:52",5519
"2019-11-28 17:40:53",5519
"2019-11-28 18:40:53",5519
"2019-11-28 19:40:52",5519
"2019-11-28 20:40:51",5519
"2019-11-28 21:40:53",5519
"2019-11-28 22:40:52",5519
"2019-11-28 23:40:52",5519
"2019-11-29 00:40:52",5519
"2019-11-29 01:40:52",5519
"2019-11-29 02:40:52",5519
"2019-11-29 03:40:51",5519
"2019-11-29 04:40:53",5519
"2019-11-29 05:40:53",5519
"2019-11-29 06:40:52",5519
"2019-11-29 07:40:53",5519
"2019-11-29 08:40:57",5519
"2019-11-29 09:41:00",5519
"2019-11-29 10:41:02",5519
"2019-11-29 11:40:54",5519
"2019-11-29 12:40:53",5519
"2019-11-29 13:40:57",5519
"2019-11-29 14:40:57",5519
"2019-11-29 15:40:55",5538
"2019-11-29 16:40:57",5536
"2019-11-29 17:40:55",5539
"2019-11-29 18:40:56",5534
"2019-11-29 19:40:55",5534
"2019-11-29 20:40:55",5533
"2019-11-29 21:40:52",5533
"2019-11-29 22:40:56",5533
"2019-11-29 23:40:54",5533
"2019-11-30 00:40:54",5533
"2019-11-30 01:40:52",5533
"2019-11-30 02:40:54",5533
"2019-11-30 03:40:55",5533
"2019-11-30 04:40:53",5533
"2019-11-30 05:40:55",5533
"2019-11-30 06:40:54",5533
"2019-11-30 07:40:55",5533
"2019-11-30 08:40:54",5533
"2019-11-30 21:40:54",5533
"2019-11-30 22:40:55",5533
"2019-11-30 23:40:53",5533
"2019-12-01 00:40:53",5533
"2019-12-01 01:40:52",5533
"2019-12-01 02:40:54",5533
"2019-12-01 22:40:58",5533
"2019-12-01 23:40:53",5533
"2019-12-02 00:40:51",5533
"2019-12-02 01:40:54",5533
"2019-12-02 02:40:52",5533
"2019-12-02 06:12:33",5533
"2019-12-02 06:41:10",5533
"2019-12-02 07:41:15",5533
"2019-12-02 08:41:10",5533
"2019-12-02 09:41:10",5533
"2019-12-02 10:41:11",5533
"2019-12-02 11:41:11",5533
"2019-12-02 12:41:09",5533
"2019-12-02 14:05:27",5533
"2019-12-02 14:41:11",5533
"2019-12-02 15:41:14",5533
"2019-12-02 16:41:11",5570
"2019-12-02 17:41:14",5569
"2019-12-02 18:41:15",5569
"2019-12-02 19:41:17",5566
"2019-12-02 20:41:13",5561
"2019-12-02 21:41:14",5555
"2019-12-02 22:41:14",5554
"2019-12-02 23:41:14",5553
"2019-12-03 00:41:13",5553
"2019-12-03 01:41:13",5553
"2019-12-03 02:41:15",5553
"2019-12-03 03:41:13",5553
"2019-12-03 04:41:13",5553
"2019-12-03 05:41:14",5553
"2019-12-03 06:41:10",5553
"2019-12-03 07:41:11",5553
"2019-12-03 08:41:10",5553
"2019-12-03 09:41:12",5553
"2019-12-03 10:41:15",5553
"2019-12-03 11:41:12",5553
"2019-12-03 12:41:10",5553
"2019-12-03 13:41:10",5553
"2019-12-03 14:41:14",5553
"2019-12-03 15:41:11",5546
"2019-12-03 16:41:15",5550
"2019-12-03 17:41:14",5552
"2019-12-03 18:41:14",5552
"2019-12-03 19:41:14",5549
"2019-12-03 20:41:14",5548
"2019-12-03 21:41:17",5546
"2019-12-03 22:41:14",5545
"2019-12-03 23:41:14",5545
"2019-12-04 00:41:19",5545
"2019-12-04 01:41:21",5545
"2019-12-04 02:41:19",5545
"2019-12-04 03:41:16",5545
"2019-12-04 04:41:16",5545
"2019-12-04 05:41:16",5545
"2019-12-04 06:41:13",5545
"2019-12-04 07:41:15",5545
"2019-12-04 08:41:13",5545
"2019-12-04 09:41:12",5545
"2019-12-04 10:41:12",5545
"2019-12-04 11:41:13",5545
"2019-12-04 12:41:12",5545
"2019-12-04 14:04:57",5545
"2019-12-04 14:41:17",5545
"2019-12-04 15:41:20",5552
"2019-12-04 16:41:16",5552
"2019-12-04 17:41:15",5552
"2019-12-04 18:41:16",5553
"2019-12-04 19:41:15",5552
"2019-12-04 20:41:15",5553
"2019-12-04 21:41:14",5551
"2019-12-04 22:41:13",5551
"2019-12-04 23:41:14",5551
"2019-12-05 00:41:15",5551
"2019-12-05 01:41:16",5551
"2019-12-05 02:41:15",5551
"2019-12-05 03:41:14",5551
"2019-12-05 04:41:15",5551
"2019-12-05 05:41:14",5551
"2019-12-05 06:41:18",5551
"2019-12-05 07:41:12",5551
"2019-12-05 08:41:14",5551
"2019-12-05 09:41:10",5551
"2019-12-05 10:41:11",5551
"2019-12-05 11:41:11",5551
"2019-12-05 12:41:11",5551
"2019-12-05 13:41:16",5551
"2019-12-05 14:41:14",5551
"2019-12-05 15:41:16",5557
"2019-12-05 16:41:14",5557
"2019-12-05 17:41:15",5552
"2019-12-05 18:41:15",5547
"2019-12-05 20:05:28",5544
"2019-12-05 20:41:19",5544
"2019-12-05 21:41:15",5550
"2019-12-05 22:41:15",5550
"2019-12-05 23:41:16",5550
"2019-12-06 00:41:15",5550
"2019-12-06 01:41:15",5550
"2019-12-06 02:41:16",5550
"2019-12-06 03:41:15",5550
"2019-12-06 04:41:14",5550
"2019-12-06 05:41:18",5550
"2019-12-06 06:41:14",5550
"2019-12-06 07:41:15",5550
"2019-12-06 08:41:16",5550
"2019-12-06 09:41:14",5550
"2019-12-06 10:41:15",5550
"2019-12-06 11:41:15",5550
"2019-12-06 12:41:12",5550
"2019-12-06 13:41:24",5550
"2019-12-06 14:41:17",5550
"2019-12-06 15:41:19",5554
"2019-12-06 16:41:16",5558
"2019-12-06 17:41:13",5553
"2019-12-06 18:41:15",5550
"2019-12-06 19:41:15",5549
"2019-12-06 20:41:14",5548
"2019-12-06 21:41:10",5550
"2019-12-06 22:41:11",5552
"2019-12-06 23:41:14",5552
"2019-12-07 00:41:11",5552
"2019-12-07 01:41:15",5552
"2019-12-07 02:41:16",5552
"2019-12-07 03:41:14",5552
"2019-12-07 04:41:15",5552
"2019-12-07 05:41:19",5552
"2019-12-07 06:41:13",5552
"2019-12-07 07:41:11",5552
"2019-12-07 08:41:13",5552
"2019-12-07 09:41:10",5552
"2019-12-07 10:41:12",5552
"2019-12-07 11:41:11",5552
"2019-12-07 12:41:14",5552
"2019-12-07 13:41:21",5552
"2019-12-07 14:41:14",5552
"2019-12-07 15:41:16",5552
"2019-12-07 16:41:14",5552
"2019-12-07 17:41:16",5552
"2019-12-07 18:41:15",5552
"2019-12-07 19:41:12",5552
"2019-12-07 20:41:15",5552
"2019-12-07 21:41:15",5552
"2019-12-07 22:41:11",5552
"2019-12-07 23:41:12",5552
"2019-12-08 00:41:15",5552
"2019-12-08 01:41:12",5552
"2019-12-08 02:41:15",5552
"2019-12-08 03:41:15",5552
"2019-12-08 04:41:13",5552
"2019-12-08 05:41:16",5552
"2019-12-08 06:41:15",5552
"2019-12-08 07:41:14",5552
"2019-12-08 08:41:15",5552
"2019-12-08 09:41:14",5552
"2019-12-08 10:41:15",5552
"2019-12-08 11:41:10",5552
"2019-12-08 12:41:10",5552
"2019-12-08 13:41:15",5552
"2019-12-08 14:41:11",5552
"2019-12-08 15:41:14",5552
"2019-12-08 16:41:14",5552
"2019-12-08 17:41:16",5552
"2019-12-08 18:41:11",5552
"2019-12-08 19:41:13",5552
"2019-12-08 20:41:13",5552
"2019-12-08 21:41:15",5552
"2019-12-08 22:41:15",5552
"2019-12-08 23:41:14",5552
"2019-12-09 00:41:14",5552
"2019-12-09 01:41:11",5552
"2019-12-09 02:41:11",5552
"2019-12-09 03:41:15",5552
"2019-12-09 04:41:12",5552
"2019-12-09 05:41:15",5552
"2019-12-09 06:41:16",5552
"2019-12-09 07:41:12",5552
"2019-12-09 08:41:12",5552
"2019-12-09 09:41:11",5552
"2019-12-09 10:41:12",5552
"2019-12-09 11:41:10",5552
"2019-12-09 12:41:10",5552
"2019-12-09 14:05:59",5552
"2019-12-09 14:41:14",5552
"2019-12-09 15:41:13",5541
"2019-12-09 16:41:17",5540
"2019-12-09 17:41:19",5540
"2019-12-09 18:41:15",5534
"2019-12-09 19:41:11",5529
"2019-12-09 20:41:15",5531
"2019-12-09 21:41:15",5528
"2019-12-09 22:41:12",5531
"2019-12-09 23:41:14",5531
"2019-12-10 00:41:20",5531
"2019-12-10 01:41:14",5531
"2019-12-10 02:41:15",5531
"2019-12-10 03:41:16",5531
"2019-12-10 04:41:14",5531
"2019-12-10 05:41:16",5530
"2019-12-10 06:41:17",5530
"2019-12-10 07:41:16",5530
"2019-12-10 08:41:17",5530
"2019-12-10 09:41:12",5530
"2019-12-10 10:41:11",5530
"2019-12-10 11:41:10",5530
"2019-12-10 12:41:22",5530
"2019-12-10 13:41:11",5530
"2019-12-10 14:41:12",5530
"2019-12-10 15:41:12",5539
"2019-12-10 16:41:15",5538
"2019-12-10 17:41:14",5537
"2019-12-10 18:41:15",5538
"2019-12-10 19:41:11",5537
"2019-12-10 20:41:14",5538
"2019-12-10 21:41:14",5537
"2019-12-10 22:41:16",5537
"2019-12-10 23:41:15",5537
"2019-12-11 00:41:15",5537
"2019-12-11 01:41:16",5537
"2019-12-11 02:41:20",5537
"2019-12-11 03:41:13",5537
"2019-12-11 04:41:14",5537
"2019-12-11 05:41:15",5537
"2019-12-11 06:41:14",5537
"2019-12-11 07:41:12",5537
"2019-12-11 08:41:13",5537
"2019-12-11 09:41:10",5537
"2019-12-11 10:41:11",5537
"2019-12-11 11:41:11",5537
"2019-12-11 12:41:15",5537
"2019-12-11 13:41:13",5537
"2019-12-11 14:41:21",5537
"2019-12-11 15:41:12",5539
"2019-12-11 16:41:18",5535
"2019-12-11 17:41:17",5536
"2019-12-11 18:41:17",5531
"2019-12-11 19:41:17",5535
"2019-12-11 20:41:10",5536
"2019-12-11 21:41:14",5540
"2019-12-11 22:41:15",5540
"2019-12-11 23:41:14",5541
"2019-12-12 00:41:15",5541
"2019-12-12 01:41:17",5541
"2019-12-12 02:41:17",5541
"2019-12-12 03:41:13",5541
"2019-12-12 04:41:13",5541
"2019-12-12 05:41:17",5541
"2019-12-12 06:41:18",5541
"2019-12-12 07:41:14",5541
"2019-12-12 08:41:12",5541
"2019-12-12 09:41:13",5541
"2019-12-12 10:41:14",5541
"2019-12-12 11:41:11",5541
"2019-12-12 12:41:11",5541
"2019-12-12 14:04:30",5541
"2019-12-12 14:41:25",5541
"2019-12-12 15:41:18",5540
"2019-12-12 16:41:19",5536
"2019-12-12 17:41:16",5543
"2019-12-12 18:41:16",5546
"2019-12-12 19:41:15",5546
"2019-12-12 20:41:16",5544
"2019-12-12 21:41:15",5546
"2019-12-12 22:41:14",5545
"2019-12-12 23:41:14",5544
"2019-12-13 00:41:24",5544
"2019-12-13 01:41:14",5544
"2019-12-13 02:41:13",5544
"2019-12-13 03:41:14",5544
"2019-12-13 04:41:13",5544
"2019-12-13 05:41:17",5544
"2019-12-13 06:41:19",5544
"2019-12-13 07:41:14",5544
"2019-12-13 08:41:15",5544
"2019-12-13 09:41:14",5544
"2019-12-13 10:41:15",5544
"2019-12-13 11:41:15",5544
"2019-12-13 12:41:15",5544
"2019-12-13 14:36:34",5544
"2019-12-13 14:44:18",5544
"2019-12-13 15:41:14",5539
"2019-12-13 16:41:14",5538
"2019-12-13 17:41:17",5537
"2019-12-13 18:41:15",5535
"2019-12-13 19:41:12",5537
"2019-12-13 20:41:22",5538
"2019-12-13 21:41:13",5540
"2019-12-13 22:41:14",5540
"2019-12-13 23:41:12",5540
"2019-12-14 00:41:13",5540
"2019-12-14 01:41:14",5540
"2019-12-14 02:41:13",5540
"2019-12-14 03:41:16",5540
"2019-12-14 04:41:14",5540
"2019-12-14 05:41:15",5540
"2019-12-14 06:41:15",5540
"2019-12-14 07:41:13",5540
"2019-12-14 08:41:14",5540
"2019-12-14 09:41:13",5540
"2019-12-14 10:41:13",5540
"2019-12-14 11:41:16",5540
"2019-12-14 12:41:13",5540
"2019-12-14 13:41:14",5540
"2019-12-14 14:41:14",5540
"2019-12-14 15:41:13",5540
"2019-12-14 16:41:15",5540
"2019-12-14 17:41:13",5540
"2019-12-14 18:41:14",5540
"2019-12-14 19:41:13",5540
"2019-12-14 20:41:14",5540
"2019-12-14 22:41:18",5540
"2019-12-14 23:41:14",5540
"2019-12-15 00:41:13",5540
"2019-12-15 01:41:16",5540
"2019-12-15 02:41:14",5540
"2019-12-15 03:41:13",5540
"2019-12-15 04:41:15",5540
"2019-12-15 05:41:13",5540
"2019-12-15 06:41:13",5540
"2019-12-15 07:41:16",5540
"2019-12-15 08:41:14",5540
"2019-12-15 09:41:14",5540
"2019-12-15 10:41:14",5540
"2019-12-15 11:41:13",5540
"2019-12-15 13:41:13",5540
"2019-12-15 14:41:14",5540
"2019-12-15 15:41:15",5540
"2019-12-15 16:41:14",5540
"2019-12-15 17:41:14",5540
"2019-12-15 19:41:13",5540
"2019-12-15 20:41:13",5540
"2019-12-15 21:41:14",5540
"2019-12-15 22:41:15",5540
"2019-12-15 23:41:15",5540
"2019-12-16 00:41:14",5540
"2019-12-16 01:41:17",5540
"2019-12-16 02:41:14",5540
"2019-12-16 04:41:18",5540
"2019-12-16 05:41:14",5540
"2019-12-16 06:41:14",5540
"2019-12-16 07:41:13",5540
"2019-12-16 08:41:14",5540
"2019-12-16 09:41:15",5540
"2019-12-16 10:41:15",5540
"2019-12-16 11:41:14",5540
"2019-12-16 12:41:13",5540
"2019-12-16 13:41:13",5540
"2019-12-16 14:41:19",5540
"2019-12-16 16:03:59",5539
"2019-12-16 16:41:14",5539
"2019-12-16 17:41:14",5545
"2019-12-16 18:41:13",5545
"2019-12-16 19:41:15",5545
"2019-12-16 20:41:15",5546
"2019-12-16 21:41:15",5553
"2019-12-16 22:41:13",5554
"2019-12-16 23:41:15",5553
"2019-12-17 00:41:13",5553
"2019-12-17 01:41:14",5553
"2019-12-17 02:41:18",5553
"2019-12-17 03:41:13",5553
"2019-12-17 04:41:14",5553
"2019-12-17 05:41:14",5553
"2019-12-17 06:41:14",5553
"2019-12-17 07:41:14",5553
"2019-12-17 08:41:16",5553
"2019-12-17 09:41:14",5553
"2019-12-17 10:41:14",5553
"2019-12-17 11:41:14",5553
"2019-12-17 12:41:13",5553
"2019-12-17 14:05:29",5553
"2019-12-17 14:41:15",5553
"2019-12-17 15:41:16",5543
"2019-12-17 16:41:14",5539
"2019-12-17 17:41:13",5534
"2019-12-17 18:41:14",5532
"2019-12-17 19:41:17",5534
"2019-12-17 20:41:15",5530
"2019-12-17 21:41:14",5529
"2019-12-17 22:41:15",5531
"2019-12-17 23:41:13",5531
"2019-12-18 00:41:13",5531
"2019-12-18 01:41:13",5531
"2019-12-18 02:41:18",5531
"2019-12-18 03:41:14",5531
"2019-12-18 04:41:13",5531
"2019-12-18 05:41:13",5531
"2019-12-18 06:41:13",5531
"2019-12-18 07:41:14",5531
"2019-12-18 08:41:15",5531
"2019-12-18 09:41:14",5531
"2019-12-18 10:41:23",5531
"2019-12-18 11:41:14",5531
"2019-12-18 12:41:13",5531
"2019-12-18 14:04:28",5531
"2019-12-18 14:41:14",5531
"2019-12-18 15:41:13",5533
"2019-12-18 16:41:14",5519
"2019-12-18 17:41:16",5513
"2019-12-18 18:41:13",5502
"2019-12-18 19:41:13",5500
"2019-12-18 20:41:13",5501
"2019-12-18 21:41:13",5504
"2019-12-18 22:41:14",5504
"2019-12-18 23:41:13",5503
"2019-12-19 00:41:14",5503
"2019-12-19 01:41:15",5503
"2019-12-19 02:41:18",5503
"2019-12-19 03:41:12",5503
"2019-12-19 04:41:13",5503
"2019-12-19 05:41:14",5503
"2019-12-19 06:41:13",5503
"2019-12-19 07:41:13",5503
"2019-12-19 08:41:15",5503
"2019-12-19 09:41:14",5503
"2019-12-19 10:41:13",5503
"2019-12-19 11:41:12",5503
"2019-12-19 12:41:14",5503
"2019-12-19 14:06:00",5503
"2019-12-19 14:41:17",5503
"2019-12-19 15:41:18",5509
"2019-12-19 16:41:17",5515
"2019-12-19 17:41:17",5526
"2019-12-19 18:41:18",5526
"2019-12-19 19:41:17",5529
"2019-12-19 21:06:01",5534
"2019-12-19 21:41:17",5534
"2019-12-19 22:41:18",5532
"2019-12-19 23:41:16",5534
"2019-12-20 00:41:18",5534
"2019-12-20 01:41:17",5534
"2019-12-20 02:41:23",5534
"2019-12-20 03:41:17",5534
"2019-12-20 04:41:19",5534
"2019-12-20 05:41:18",5534
"2019-12-20 06:41:17",5534
"2019-12-20 07:41:18",5534
"2019-12-20 08:41:18",5534
"2019-12-20 09:41:20",5534
"2019-12-20 10:41:14",5534
"2019-12-20 11:41:20",5534
"2019-12-20 12:41:17",5534
"2019-12-20 14:05:01",5535
"2019-12-20 14:41:25",5535
"2019-12-20 15:41:20",5542
"2019-12-20 16:41:23",5548
"2019-12-20 17:41:23",5546
"2019-12-20 18:41:20",5550
"2019-12-20 19:41:20",5560
"2019-12-20 20:41:24",5561
"2019-12-20 21:41:19",5562
"2019-12-20 22:41:19",5564
"2019-12-20 23:41:19",5564
"2019-12-21 00:41:24",5564
"2019-12-21 01:41:20",5564
"2019-12-21 02:41:19",5564
"2019-12-21 03:41:19",5564
"2019-12-21 04:41:19",5564
"2019-12-21 05:41:16",5564
"2019-12-21 06:41:16",5564
"2019-12-21 07:41:18",5564
"2019-12-21 08:41:21",5564
"2019-12-21 09:41:16",5564
"2019-12-21 10:41:15",5564
"2019-12-21 11:41:14",5564
"2019-12-21 12:41:14",5564
"2019-12-21 13:41:14",5564
"2019-12-21 14:41:15",5564
"2019-12-21 15:41:16",5564
"2019-12-21 16:41:19",5564
"2019-12-21 17:41:18",5564
"2019-12-21 18:41:16",5564
"2019-12-21 19:41:16",5564
"2019-12-21 20:41:15",5564
"2019-12-21 21:41:15",5564
"2019-12-21 22:41:19",5564
"2019-12-21 23:41:15",5564
"2019-12-22 00:41:16",5564
"2019-12-22 01:41:20",5564
"2019-12-22 02:41:17",5564
"2019-12-22 04:41:15",5564
"2019-12-22 05:41:17",5564
"2019-12-22 06:41:16",5564
"2019-12-22 07:41:17",5564
"2019-12-22 08:41:18",5564
"2019-12-22 09:41:15",5564
"2019-12-22 10:41:15",5564
"2019-12-22 11:41:15",5564
"2019-12-22 12:41:16",5564
"2019-12-22 13:41:16",5564
"2019-12-22 14:41:16",5564
"2019-12-22 15:41:19",5564
"2019-12-22 16:41:20",5564
"2019-12-22 17:41:15",5564
"2019-12-22 18:41:15",5564
"2019-12-22 19:41:19",5564
"2019-12-22 20:41:19",5564
"2019-12-22 22:41:15",5564
"2019-12-22 23:41:18",5564
"2019-12-23 00:41:20",5564
"2019-12-23 01:41:22",5564
"2019-12-23 02:41:20",5564
"2019-12-23 03:41:20",5564
"2019-12-23 04:41:19",5564
"2019-12-23 05:41:19",5564
"2019-12-23 06:41:18",5564
"2019-12-23 07:41:17",5564
"2019-12-23 08:41:16",5564
"2019-12-23 09:41:17",5564
"2019-12-23 10:41:16",5564
"2019-12-23 11:41:16",5564
"2019-12-23 12:41:15",5564
"2019-12-23 14:06:05",5563
"2019-12-23 14:41:23",5563
"2019-12-23 15:41:16",5587
"2019-12-23 16:41:15",5588
"2019-12-23 17:41:20",5584
"2019-12-23 18:41:17",5585
"2019-12-23 19:41:19",5585
"2019-12-23 20:41:23",5587
"2019-12-23 21:41:18",5586
"2019-12-23 22:41:16",5587
"2019-12-23 23:41:18",5587
"2019-12-24 00:41:16",5587
"2019-12-24 01:41:18",5587
"2019-12-24 02:41:22",5587
"2019-12-24 03:41:20",5587
"2019-12-24 04:41:24",5587
"2019-12-24 05:41:16",5587
"2019-12-24 06:41:20",5587
"2019-12-24 07:41:16",5587
"2019-12-24 08:41:15",5587
"2019-12-24 09:41:15",5587
"2019-12-24 10:41:18",5587
"2019-12-24 11:41:15",5587
"2019-12-24 12:41:15",5587
"2019-12-24 13:41:14",5587
"2019-12-24 14:41:19",5587
"2019-12-24 15:41:19",5583
"2019-12-24 16:41:18",5579
"2019-12-24 17:41:14",5572
"2019-12-24 18:41:14",5568
"2019-12-24 19:41:14",5568
"2019-12-24 20:41:15",5568
"2019-12-24 21:41:15",5568
"2019-12-24 22:41:14",5568
"2019-12-24 23:41:20",5568
"2019-12-25 00:41:16",5568
"2019-12-25 01:41:15",5568
"2019-12-25 02:41:16",5568
"2019-12-25 03:41:16",5568
"2019-12-25 04:41:20",5568
"2019-12-25 05:41:18",5568
"2019-12-25 06:41:16",5568
"2019-12-25 07:41:15",5568
"2019-12-25 08:41:21",5568
"2019-12-25 09:41:16",5568
"2019-12-25 10:41:17",5568
"2019-12-25 11:41:16",5568
"2019-12-25 12:41:15",5568
"2019-12-25 13:41:15",5568
"2019-12-25 14:41:14",5568
"2019-12-25 15:41:18",5568
"2019-12-25 16:41:15",5568
"2019-12-25 17:41:19",5568
"2019-12-25 18:41:15",5568
"2019-12-25 19:41:14",5568
"2019-12-25 20:41:15",5568
"2019-12-25 21:41:14",5568
"2019-12-25 22:41:15",5568
"2019-12-25 23:41:16",5568
"2019-12-26 00:41:18",5568
"2019-12-26 01:41:19",5568
"2019-12-26 02:41:18",5568
"2019-12-26 03:41:18",5568
"2019-12-26 04:41:19",5568
"2019-12-26 05:41:17",5568
"2019-12-26 06:41:19",5568
"2019-12-26 07:41:15",5568
"2019-12-26 08:41:16",5568
"2019-12-26 09:41:16",5568
"2019-12-26 10:41:15",5568
"2019-12-26 11:41:14",5568
"2019-12-26 12:41:14",5568
"2019-12-26 13:41:14",5568
"2019-12-26 14:41:15",5569
"2019-12-26 15:41:14",5564
"2019-12-26 16:41:18",5565
"2019-12-26 17:41:21",5568
"2019-12-26 18:41:15",5569
"2019-12-26 19:41:14",5572
"2019-12-26 20:41:24",5574
"2019-12-26 21:41:17",5573
"2019-12-26 22:41:18",5574
"2019-12-26 23:41:18",5573
"2019-12-27 00:41:15",5573
"2019-12-27 01:41:18",5573
"2019-12-27 02:41:20",5573
"2019-12-27 03:41:18",5573
"2019-12-27 04:41:18",5573
"2019-12-27 05:41:18",5573
"2019-12-27 06:41:18",5573
"2019-12-27 07:41:15",5573
"2019-12-27 08:41:18",5573
"2019-12-27 09:41:16",5573
"2019-12-27 10:41:16",5573
"2019-12-27 11:41:15",5573
"2019-12-27 12:41:15",5573
"2019-12-27 14:06:03",5574
"2019-12-27 14:41:18",5574
"2019-12-27 15:41:16",5577
"2019-12-27 16:41:16",5578
"2019-12-27 17:41:19",5587
"2019-12-27 18:41:20",5576
"2019-12-27 19:41:26",5575
"2019-12-27 20:41:19",5581
"2019-12-27 21:41:26",5583
"2019-12-27 22:41:22",5582
"2019-12-27 23:41:18",5582
"2019-12-28 00:41:21",5582
"2019-12-28 01:41:18",5582
"2019-12-28 02:41:23",5582
"2019-12-28 03:41:18",5582
"2019-12-28 04:41:20",5582
"2019-12-28 05:41:21",5582
"2019-12-28 06:41:21",5582
"2019-12-28 07:41:20",5582
"2019-12-28 08:41:24",5582
"2019-12-28 09:41:18",5582
"2019-12-28 10:41:20",5582
"2019-12-28 11:41:18",5582
"2019-12-28 12:41:17",5582
"2019-12-28 13:41:17",5582
"2019-12-28 14:41:19",5582
"2019-12-28 15:41:18",5582
"2019-12-28 16:41:18",5582
"2019-12-28 17:41:22",5582
"2019-12-28 18:41:19",5582
"2019-12-28 19:41:18",5582
"2019-12-28 20:41:18",5582
"2019-12-28 21:41:18",5582
"2019-12-28 22:41:21",5582
"2019-12-28 23:41:26",5582
"2019-12-29 00:41:19",5582
"2019-12-29 01:41:22",5582
"2019-12-29 02:41:22",5582
"2019-12-29 03:41:23",5582
"2019-12-29 04:41:20",5582
"2019-12-29 05:41:23",5582
"2019-12-29 06:41:23",5582
"2019-12-29 07:41:21",5582
"2019-12-29 08:41:25",5582
"2019-12-29 09:41:18",5582
"2019-12-29 10:41:20",5582
"2019-12-29 11:41:20",5582
"2019-12-29 12:41:20",5582
"2019-12-29 13:41:18",5582
"2019-12-29 14:41:19",5582
"2019-12-29 15:41:23",5582
"2019-12-29 16:41:20",5582
"2019-12-29 17:41:18",5582
"2019-12-29 18:41:21",5582
"2019-12-29 19:41:20",5582
"2019-12-29 20:41:17",5582
"2019-12-29 21:41:25",5582
"2019-12-29 22:41:19",5582
"2019-12-29 23:41:19",5582
"2019-12-30 00:41:19",5582
"2019-12-30 01:41:23",5582
"2019-12-30 02:41:26",5582
"2019-12-30 03:41:21",5582
"2019-12-30 04:41:26",5582
"2019-12-30 05:41:19",5582
"2019-12-30 06:41:16",5582
"2019-12-30 07:41:18",5582
"2019-12-30 08:41:20",5582
"2019-12-30 09:41:29",5582
"2019-12-30 10:41:18",5582
"2019-12-30 11:41:18",5582
"2019-12-30 12:41:17",5582
"2019-12-30 14:06:01",5582
"2019-12-30 14:41:20",5582
"2019-12-30 15:41:16",5582
"2019-12-30 16:41:16",5608
"2019-12-30 17:41:19",5605
"2019-12-30 18:41:21",5604
"2019-12-30 19:41:18",5613
"2019-12-30 20:41:17",5612
"2019-12-30 21:41:16",5612
"2019-12-30 22:41:17",5612
"2019-12-30 23:41:17",5611
"2019-12-31 00:41:16",5611
"2019-12-31 01:41:15",5611
"2019-12-31 02:41:17",5611
"2019-12-31 03:41:19",5611
"2019-12-31 04:41:16",5611
"2019-12-31 05:41:19",5611
"2019-12-31 06:41:19",5611
"2019-12-31 07:41:18",5611
"2019-12-31 08:41:19",5611
"2019-12-31 09:41:21",5611
"2019-12-31 10:41:22",5611
"2019-12-31 11:41:20",5611
"2019-12-31 12:41:21",5611
"2019-12-31 14:07:02",5611
"2019-12-31 14:41:25",5611
"2019-12-31 15:41:21",5614
"2019-12-31 16:41:17",5605
"2019-12-31 17:41:16",5607
"2019-12-31 18:41:17",5607
"2019-12-31 19:41:18",5605
"2019-12-31 20:41:18",5605
"2019-12-31 21:41:18",5601
"2019-12-31 22:41:16",5601
"2019-12-31 23:41:17",5601
"2020-01-01 00:41:16",5601
"2020-01-01 01:41:19",5601
"2020-01-01 02:41:17",5601
"2020-01-01 03:41:22",5601
"2020-01-01 04:41:18",5601
"2020-01-01 05:41:22",5601
"2020-01-01 06:41:21",5601
"2020-01-01 07:41:22",5601
"2020-01-01 08:41:21",5601
"2020-01-01 09:41:20",5601
"2020-01-01 10:41:17",5601
"2020-01-01 11:41:17",5601
"2020-01-01 12:41:17",5601
"2020-01-01 13:41:19",5601
"2020-01-01 14:41:18",5601
"2020-01-01 15:41:18",5601
"2020-01-01 16:41:17",5601
"2020-01-01 17:41:17",5601
"2020-01-01 18:41:17",5601
"2020-01-01 19:41:18",5601
"2020-01-01 20:41:18",5601
"2020-01-01 21:41:18",5601
"2020-01-01 22:41:21",5601
"2020-01-01 23:41:28",5601
"2020-01-02 00:41:20",5601
"2020-01-02 01:41:21",5601
"2020-01-02 02:41:27",5601
"2020-01-02 03:41:18",5601
"2020-01-02 04:41:17",5601
"2020-01-02 05:41:18",5601
"2020-01-02 06:41:17",5601
"2020-01-02 07:41:17",5601
"2020-01-02 08:41:19",5601
"2020-01-02 09:41:19",5601
"2020-01-02 10:41:22",5601
"2020-01-02 11:41:17",5601
"2020-01-02 12:41:19",5601
"2020-01-02 14:07:32",5602
"2020-01-02 14:41:31",5602
"2020-01-02 15:41:17",5595
"2020-01-02 16:41:17",5601
"2020-01-02 17:41:17",5598
"2020-01-02 18:41:19",5606
"2020-01-02 19:41:17",5604
"2020-01-02 20:41:17",5604
"2020-01-02 21:41:16",5604
"2020-01-02 22:41:20",5603
"2020-01-02 23:41:15",5602
"2020-01-03 00:41:20",5602
"2020-01-03 01:41:17",5602
"2020-01-03 02:41:20",5602
"2020-01-03 03:41:16",5602
"2020-01-03 04:41:16",5602
"2020-01-03 05:41:16",5602
"2020-01-03 06:41:18",5602
"2020-01-03 07:41:16",5602
"2020-01-03 08:41:19",5602
"2020-01-03 09:41:15",5602
"2020-01-03 10:41:17",5602
"2020-01-03 11:41:16",5602
"2020-01-03 12:41:16",5602
"2020-01-03 14:07:32",5602
"2020-01-03 14:43:28",5602
"2020-01-03 15:41:17",5627
"2020-01-03 16:41:19",5628
"2020-01-03 17:41:16",5633
"2020-01-03 18:41:15",5632
"2020-01-03 19:41:16",5627
"2020-01-03 20:41:14",5627
"2020-01-03 21:41:15",5626
"2020-01-03 22:41:16",5628
"2020-01-03 23:41:15",5628
"2020-01-04 00:41:18",5628
"2020-01-04 01:41:15",5628
"2020-01-04 02:41:17",5628
"2020-01-04 03:41:16",5628
"2020-01-04 04:41:16",5628
"2020-01-04 05:41:16",5628
"2020-01-04 06:41:16",5628
"2020-01-04 07:41:15",5628
"2020-01-04 08:41:18",5628
"2020-01-04 09:41:14",5628
"2020-01-04 10:41:16",5628
"2020-01-04 11:41:14",5628
"2020-01-04 12:41:17",5628
"2020-01-04 13:41:15",5628
"2020-01-04 14:41:16",5628
"2020-01-04 15:41:17",5628
"2020-01-04 16:41:15",5628
"2020-01-04 17:41:17",5628
"2020-01-04 18:41:16",5628
"2020-01-04 19:41:16",5628
"2020-01-04 20:41:16",5628
"2020-01-04 21:41:23",5628
"2020-01-04 22:41:15",5628
"2020-01-04 23:41:21",5628
"2020-01-05 00:41:16",5628
"2020-01-05 01:41:24",5628
"2020-01-05 02:41:22",5628
"2020-01-05 03:41:20",5628
"2020-01-05 04:41:16",5628
"2020-01-05 05:41:16",5628
"2020-01-05 06:41:15",5628
"2020-01-05 07:41:16",5628
"2020-01-05 08:41:17",5628
"2020-01-05 09:41:16",5628
"2020-01-05 10:41:15",5628
"2020-01-05 11:41:16",5628
"2020-01-05 12:41:16",5628
"2020-01-05 13:41:14",5628
"2020-01-05 14:41:16",5628
"2020-01-05 15:41:16",5628
"2020-01-05 16:41:17",5628
"2020-01-05 17:41:25",5628
"2020-01-05 18:41:19",5628
"2020-01-05 19:41:16",5628
"2020-01-05 20:41:16",5628
"2020-01-05 21:41:25",5628
"2020-01-05 22:41:16",5628
"2020-01-05 23:41:17",5628
"2020-01-06 00:41:17",5628
"2020-01-06 01:41:16",5628
"2020-01-06 02:41:21",5628
"2020-01-06 03:41:20",5628
"2020-01-06 04:41:20",5628
"2020-01-06 05:41:16",5628
"2020-01-06 06:41:18",5628
"2020-01-06 07:41:16",5628
"2020-01-06 08:41:17",5628
"2020-01-16 06:41:18",5614
"2020-01-16 07:41:18",5614
"2020-01-16 08:41:19",5614
"2020-01-16 09:41:21",5614
"2020-01-16 10:41:18",5614
"2020-01-16 11:41:19",5614
"2020-01-16 12:41:17",5614
"2020-01-16 14:07:35",5614
"2020-01-16 15:41:19",5628
"2020-01-16 16:41:21",5622
"2020-01-16 17:41:21",5620
"2020-01-16 18:41:19",5618
"2020-01-16 19:41:20",5616
"2020-01-16 20:41:18",5616
"2020-01-16 21:41:19",5609
"2020-01-16 22:41:19",5609
"2020-01-16 23:41:21",5610
"2020-01-17 00:41:28",5610
"2020-01-17 01:41:30",5610
"2020-01-17 02:41:19",5610
"2020-01-17 03:41:19",5610
"2020-01-17 04:41:19",5610
"2020-01-17 05:41:19",5610
"2020-01-17 06:41:21",5610
"2020-01-17 07:41:18",5610
"2020-01-17 08:41:21",5610
"2020-01-17 09:41:30",5610
"2020-01-17 10:41:18",5610
"2020-01-17 11:41:20",5610
"2020-01-17 12:41:21",5610
"2020-01-17 14:05:36",5610
"2020-01-17 14:41:22",5610
"2020-01-17 15:41:20",5616
"2020-01-17 16:41:20",5607
"2020-01-17 17:41:21",5612
"2020-01-17 18:41:20",5610
"2020-01-17 19:41:20",5610
"2020-01-17 20:41:19",5607
"2020-01-17 21:41:19",5608
"2020-01-17 22:41:22",5608
"2020-01-17 23:41:19",5609
"2020-01-18 00:41:22",5609
"2020-01-18 01:41:19",5609
"2020-01-18 02:41:19",5609
"2020-01-18 03:41:19",5609
"2020-01-18 04:41:18",5609
"2020-01-18 05:41:20",5609
"2020-01-18 06:41:20",5609
"2020-01-18 07:41:20",5609
"2020-01-18 08:41:20",5609
"2020-01-18 09:41:19",5609
"2020-01-18 10:41:19",5609
"2020-01-18 11:41:19",5609
"2020-01-18 12:41:20",5609
"2020-01-18 13:41:22",5609
"2020-01-18 14:41:19",5609
"2020-01-18 15:41:19",5609
"2020-01-18 16:41:19",5609
"2020-01-18 17:41:21",5609
"2020-01-18 18:41:20",5609
"2020-01-18 19:41:29",5609
"2020-01-18 20:41:20",5609
"2020-01-18 21:41:19",5609
"2020-01-18 22:41:21",5609
"2020-01-18 23:41:20",5609
"2020-01-19 00:41:19",5609
"2020-01-19 01:41:18",5609
"2020-01-19 02:41:19",5609
"2020-01-19 03:41:21",5609
"2020-01-19 04:41:19",5609
"2020-01-19 05:41:20",5609
"2020-01-19 06:41:20",5609
"2020-01-19 07:41:20",5609
"2020-01-19 08:41:25",5609
"2020-01-19 09:41:22",5609
"2020-01-19 10:41:19",5609
"2020-01-19 11:41:19",5609
"2020-01-19 12:41:19",5609
"2020-01-19 13:41:20",5609
"2020-01-19 14:41:18",5609
"2020-01-19 15:41:30",5609
"2020-01-19 16:41:19",5609
"2020-01-19 17:41:18",5609
"2020-01-19 18:41:19",5609
"2020-01-19 19:41:28",5609
"2020-01-19 20:41:19",5609
"2020-01-19 21:41:18",5609
"2020-01-19 22:41:20",5609
"2020-01-19 23:41:29",5609
"2020-01-20 00:41:29",5609
"2020-01-20 01:41:28",5609
"2020-01-20 02:41:28",5609
"2020-01-20 03:41:29",5609
"2020-01-20 04:41:27",5609
"2020-01-20 05:41:19",5609
"2020-01-20 06:41:29",5609
"2020-01-20 07:41:19",5609
"2020-01-20 08:41:29",5609
"2020-01-20 09:50:28",5609
"2020-01-20 10:41:25",5609
"2020-01-20 11:41:23",5609
"2020-01-20 12:41:19",5609
"2020-01-20 13:41:26",5609
"2020-01-20 14:41:28",5609
"2020-01-20 15:41:28",5609
"2020-01-20 16:41:21",5609
"2020-01-20 17:41:28",5609
"2020-01-20 18:41:20",5609
"2020-01-20 19:41:28",5609
"2020-01-20 20:41:28",5609
"2020-01-20 21:41:29",5609
"2020-01-20 22:41:29",5609
"2020-01-20 23:41:27",5609
"2020-01-21 00:41:28",5609
"2020-01-21 01:41:28",5609
"2020-01-21 02:41:29",5609
"2020-01-21 03:41:20",5609
"2020-01-21 04:41:21",5609
"2020-01-21 05:41:21",5609
"2020-01-21 06:41:20",5609
"2020-01-21 07:41:20",5609
"2020-01-21 08:41:22",5609
"2020-01-21 09:58:55",5609
"2020-01-21 10:41:28",5609
"2020-01-21 11:41:22",5609
"2020-01-21 12:41:20",5609
"2020-01-21 13:41:19",5609
"2020-01-21 15:41:29",5621
"2020-01-21 16:41:21",5619
"2020-01-21 17:41:23",5620
"2020-01-21 18:41:22",5632
"2020-01-21 19:41:30",5632
"2020-01-21 20:41:19",5631
"2020-01-21 21:41:27",5633
"2020-01-21 22:41:27",5632
"2020-01-21 23:41:19",5632
"2020-01-22 00:41:21",5632
"2020-01-22 01:41:20",5632
"2020-01-22 02:41:28",5632
"2020-01-22 03:41:21",5632
"2020-01-22 04:41:18",5632
"2020-01-22 05:41:20",5632
"2020-01-22 06:41:21",5632
"2020-01-22 07:41:19",5632
"2020-01-22 08:41:19",5632
"2020-01-22 09:55:08",5632
"2020-01-22 10:41:19",5632
"2020-01-22 11:41:18",5631
"2020-01-22 12:41:28",5631
"2020-01-22 13:41:27",5631
"2020-01-22 14:41:24",5631
"2020-01-22 15:41:21",5633
"2020-01-22 16:41:28",5635
"2020-01-22 17:41:26",5627
"2020-01-22 18:41:29",5625
"2020-01-22 19:41:27",5621
"2020-01-22 20:41:29",5624
"2020-01-22 21:41:30",5622
"2020-01-22 22:41:20",5623
"2020-01-22 23:41:24",5624
"2020-01-23 00:41:30",5624
"2020-01-23 01:41:30",5624
"2020-01-23 02:41:21",5624
"2020-01-23 03:41:20",5624
"2020-01-23 04:41:21",5624
"2020-01-23 05:41:21",5624
"2020-01-23 06:41:20",5624
"2020-01-23 07:41:19",5624
"2020-01-23 08:41:20",5624
"2020-01-23 10:41:20",5624
"2020-01-23 11:41:20",5624
"2020-01-23 12:41:20",5624
"2020-01-23 14:07:05",5624
"2020-01-23 14:41:24",5624
"2020-01-23 15:41:21",5627
"2020-01-23 16:41:21",5629
"2020-01-23 17:41:19",5633
"2020-01-23 18:41:20",5632
"2020-01-23 19:41:19",5626
"2020-01-23 20:41:20",5625
"2020-01-23 21:41:25",5626
"2020-01-23 22:41:23",5626
"2020-01-23 23:41:20",5627
"2020-01-24 00:41:21",5627
"2020-01-24 01:41:21",5627
"2020-01-24 02:41:30",5627
"2020-01-24 03:41:18",5627
"2020-01-24 04:41:20",5627
"2020-01-24 05:41:21",5627
"2020-01-24 06:41:19",5627
"2020-01-24 07:41:19",5627
"2020-01-24 08:41:21",5627
"2020-01-24 09:53:11",5627
"2020-01-24 10:41:21",5627
"2020-01-24 11:41:19",5627
"2020-01-24 12:41:20",5627
"2020-01-24 14:06:05",5627
"2020-01-24 14:41:20",5627
"2020-01-24 15:41:21",5632
"2020-01-24 16:41:20",5626
"2020-01-24 17:41:19",5623
"2020-01-24 18:41:20",5627
"2020-01-24 19:41:21",5625
"2020-01-24 20:41:23",5632
"2020-01-24 21:41:19",5633
"2020-01-24 22:41:19",5632
"2020-01-24 23:41:20",5632
"2020-01-25 00:41:20",5632
"2020-01-25 01:41:20",5632
"2020-01-25 02:41:25",5632
"2020-01-25 03:41:22",5632
"2020-01-25 04:41:19",5632
"2020-01-25 05:41:21",5632
"2020-01-25 06:41:21",5632
"2020-01-25 07:41:21",5632
"2020-01-25 08:41:21",5632
"2020-01-25 09:53:39",5631
"2020-01-25 10:41:22",5631
"2020-01-25 11:41:18",5631
"2020-01-25 12:41:21",5631
"2020-01-25 13:41:20",5631
"2020-01-25 14:41:20",5631
"2020-01-25 15:41:20",5631
"2020-01-25 16:41:21",5631
"2020-01-25 17:41:18",5631
"2020-01-25 18:41:19",5631
"2020-01-25 19:41:19",5631
"2020-01-25 20:41:19",5631
"2020-01-25 21:41:20",5631
"2020-01-25 22:41:19",5631
"2020-01-25 23:41:20",5631
"2020-01-26 00:41:20",5631
"2020-01-26 01:41:21",5631
"2020-01-26 02:41:22",5631
"2020-01-26 03:41:24",5631
"2020-01-26 04:41:20",5631
"2020-01-26 05:41:19",5631
"2020-01-26 06:41:19",5631
"2020-01-26 07:41:20",5631
"2020-01-27 02:41:20",5631
"2020-01-27 03:41:19",5631
"2020-01-27 04:41:26",5631
"2020-01-27 05:41:22",5631
"2020-01-27 06:41:23",5631
"2020-01-27 07:41:21",5631
"2020-01-27 08:41:21",5631
"2020-01-27 09:41:23",5631
"2020-01-27 10:41:21",5631
"2020-01-27 11:41:22",5631
"2020-01-27 12:41:24",5631
"2020-01-27 13:41:22",5631
"2020-01-27 14:41:33",5631
"2020-01-27 15:41:26",5648
"2020-01-27 16:41:22",5650
"2020-01-27 17:41:23",5650
"2020-01-27 18:41:22",5649
"2020-01-27 19:41:25",5647
"2020-01-27 20:41:22",5648
"2020-01-27 21:41:23",5649
"2020-01-27 22:41:29",5647
"2020-01-27 23:41:24",5647
"2020-01-28 00:41:21",5647
"2020-01-28 01:41:25",5647
"2020-01-28 02:41:24",5647
"2020-01-28 03:41:25",5647
"2020-01-28 04:41:23",5647
"2020-01-28 05:41:28",5647
"2020-01-28 06:41:19",5647
"2020-01-28 07:41:20",5647
"2020-01-28 08:41:23",5647
"2020-01-28 09:41:25",5647
"2020-01-28 10:41:18",5647
"2020-01-28 11:41:19",5647
"2020-01-28 12:41:19",5647
"2020-01-28 14:06:38",5647
"2020-01-28 14:41:30",5647
"2020-01-28 15:41:23",5652
"2020-01-28 16:41:28",5655
"2020-01-28 17:41:25",5656
"2020-01-28 18:41:25",5668
"2020-01-28 19:41:27",5667
"2020-01-28 21:41:28",5666
"2020-01-28 22:41:26",5667
"2020-01-28 23:41:25",5668
"2020-01-29 00:41:24",5668
"2020-01-29 01:41:27",5668
"2020-01-29 02:41:33",5668
"2020-01-29 03:41:28",5668
"2020-01-29 04:41:22",5668
"2020-01-29 05:41:26",5668
"2020-01-29 06:41:23",5668
"2020-01-29 07:41:23",5668
"2020-01-29 08:41:27",5668
"2020-01-29 09:41:25",5668
"2020-01-29 10:41:23",5668
"2020-01-29 11:41:22",5668
"2020-01-29 12:41:24",5668
"2020-01-29 13:41:28",5668
"2020-01-29 14:41:28",5667
"2020-01-29 15:41:29",5668
"2020-01-29 16:41:25",5667
"2020-01-29 17:41:29",5668
"2020-01-29 18:41:26",5667
"2020-01-29 19:41:28",5669
"2020-01-29 20:41:26",5666
"2020-01-29 21:41:27",5666
"2020-01-29 22:41:22",5666
"2020-01-29 23:41:24",5666
"2020-01-30 00:41:27",5666
"2020-01-30 01:41:30",5666
"2020-01-30 02:41:27",5666
"2020-01-30 03:41:22",5666
"2020-01-30 04:41:27",5666
"2020-01-30 05:41:31",5666
"2020-01-30 06:41:23",5666
"2020-01-30 07:41:24",5666
"2020-01-30 08:41:24",5666
"2020-01-30 09:41:26",5666
"2020-01-30 10:41:21",5666
"2020-01-30 11:41:22",5666
"2020-01-30 12:41:23",5666
"2020-01-30 13:41:23",5666
"2020-01-30 14:41:25",5666
"2020-01-30 15:41:25",5667
"2020-01-30 16:41:29",5666
"2020-01-30 17:41:29",5660
"2020-01-30 18:41:28",5658
"2020-01-30 19:41:27",5652
"2020-01-30 20:41:25",5651
"2020-01-30 21:41:32",5650
"2020-01-30 22:41:23",5650
"2020-01-30 23:41:23",5652
"2020-01-31 00:41:28",5652
"2020-01-31 01:41:28",5652
"2020-01-31 02:41:23",5652
"2020-01-31 03:41:26",5652
"2020-01-31 04:41:23",5652
"2020-01-31 05:41:24",5652
"2020-01-31 06:41:24",5652
"2020-01-31 07:41:23",5652
"2020-01-31 08:41:29",5652
"2020-01-31 09:41:27",5652
"2020-01-31 10:41:23",5652
"2020-01-31 11:41:23",5652
"2020-01-31 12:41:23",5652
"2020-01-31 13:41:23",5652
"2020-01-31 14:41:25",5651
"2020-01-31 15:41:27",5651
"2020-01-31 16:41:27",5649
"2020-01-31 17:41:23",5648
"2020-01-31 18:41:24",5645
"2020-01-31 19:41:25",5646
"2020-01-31 20:41:24",5644
"2020-01-31 21:41:22",5646
"2020-01-31 22:41:24",5646
"2020-01-31 23:41:23",5646
"2020-02-01 00:41:21",5646
"2020-02-01 01:42:27",5646
"2020-02-01 02:41:25",5646
"2020-02-01 03:41:25",5646
"2020-02-01 04:41:26",5646
"2020-02-01 05:41:26",5646
"2020-02-01 06:41:24",5646
"2020-02-01 07:41:29",5646
"2020-02-01 08:41:26",5646
"2020-02-01 09:41:24",5646
"2020-02-01 10:41:24",5645
"2020-02-01 11:41:23",5645
"2020-02-01 12:41:22",5645
"2020-02-01 13:41:23",5645
"2020-02-01 14:41:23",5645
"2020-02-01 15:41:23",5645
"2020-02-01 16:41:24",5645
"2020-02-01 17:41:22",5645
"2020-02-01 18:41:23",5645
"2020-02-01 19:41:22",5645
"2020-02-01 20:41:25",5645
"2020-02-01 21:41:30",5645
"2020-02-01 22:41:26",5645
"2020-02-01 23:41:28",5645
"2020-02-02 00:41:28",5645
"2020-02-02 01:41:27",5645
"2020-02-02 02:41:27",5645
"2020-02-02 03:41:27",5645
"2020-02-02 04:41:28",5645
"2020-02-02 05:41:24",5645
"2020-02-02 06:41:27",5645
"2020-02-02 07:41:27",5645
"2020-02-02 08:41:27",5645
"2020-02-02 09:41:27",5645
"2020-02-02 10:41:26",5645
"2020-02-02 11:41:24",5645
"2020-02-02 12:41:29",5645
"2020-02-02 13:41:26",5645
"2020-02-02 14:41:27",5645
"2020-02-02 15:41:26",5645
"2020-02-02 16:41:26",5645
"2020-02-02 17:41:27",5645
"2020-02-02 18:41:25",5645
"2020-02-02 19:41:27",5645
"2020-02-02 20:41:26",5645
"2020-02-02 21:41:27",5645
"2020-02-02 22:41:26",5645
"2020-02-02 23:41:30",5645
"2020-02-03 00:41:33",5645
"2020-02-03 01:41:27",5645
"2020-02-03 02:41:27",5645
"2020-02-03 03:41:28",5645
"2020-02-03 04:41:27",5645
"2020-02-03 05:41:27",5645
"2020-02-03 06:41:27",5645
"2020-02-03 07:41:29",5645
"2020-02-03 08:41:29",5645
"2020-02-03 09:41:30",5645
"2020-02-03 10:41:27",5645
"2020-02-03 11:41:28",5645
"2020-02-03 12:41:26",5645
"2020-02-03 14:43:15",5648
"2020-02-03 14:51:02",5648
"2020-02-03 15:41:30",5649
"2020-02-03 16:41:31",5644
"2020-02-03 17:41:30",5646
"2020-02-03 18:41:28",5647
"2020-02-03 19:41:26",5642
"2020-02-03 20:41:28",5642
"2020-02-03 21:41:28",5641
"2020-02-03 22:41:28",5640
"2020-02-03 23:41:28",5640
"2020-02-04 00:41:26",5640
"2020-02-04 01:41:28",5640
"2020-02-04 02:41:26",5640
"2020-02-04 03:41:32",5640
"2020-02-04 04:41:28",5640
"2020-02-04 05:41:29",5640
"2020-02-04 06:41:28",5640
"2020-02-04 07:41:32",5640
"2020-02-04 08:41:23",5640
"2020-02-04 09:41:30",5640
"2020-02-04 10:41:25",5640
"2020-02-04 11:41:28",5640
"2020-02-04 12:41:27",5640
"2020-02-04 14:10:10",5640
"2020-02-04 14:41:32",5640
"2020-02-04 15:41:30",5637
"2020-02-04 16:41:30",5644
"2020-02-04 17:41:27",5649
"2020-02-04 18:41:29",5647
"2020-02-04 19:41:27",5654
"2020-02-04 20:41:26",5652
"2020-02-04 21:41:26",5652
"2020-02-04 22:41:28",5653
"2020-02-04 23:41:27",5653
"2020-02-05 00:41:26",5653
"2020-02-05 01:41:29",5653
"2020-02-05 02:41:26",5653
"2020-02-05 03:41:28",5653
"2020-02-05 04:41:34",5653
"2020-02-05 05:41:27",5653
"2020-02-05 06:41:28",5653
"2020-02-05 07:41:26",5653
"2020-02-05 08:41:29",5653
"2020-02-05 09:41:27",5653
"2020-02-05 10:41:26",5653
"2020-02-05 11:41:30",5653
"2020-02-05 12:41:28",5653
"2020-02-05 14:04:10",5653
"2020-02-05 14:41:30",5653
"2020-02-05 15:41:29",5652
"2020-02-05 16:41:29",5647
"2020-02-05 17:41:28",5646
"2020-02-05 18:41:26",5644
"2020-02-05 19:41:29",5639
"2020-02-05 20:41:29",5640
"2020-02-05 21:41:27",5644
"2020-02-05 22:41:28",5645
"2020-02-05 23:41:31",5645
"2020-02-06 00:41:29",5645
"2020-02-06 01:41:30",5645
"2020-02-06 02:41:31",5645
"2020-02-06 03:41:34",5645
"2020-02-06 04:41:33",5645
"2020-02-06 05:41:28",5645
"2020-02-06 06:41:24",5645
"2020-02-06 07:41:31",5645
"2020-02-06 08:41:30",5645
"2020-02-06 09:41:29",5645
"2020-02-06 10:41:26",5645
"2020-02-06 11:41:27",5645
"2020-02-06 12:41:28",5645
"2020-02-06 13:41:27",5645
"2020-02-06 14:41:31",5644
"2020-02-06 15:41:34",5641
"2020-02-06 16:41:27",5643
"2020-02-06 17:41:28",5646
"2020-02-06 18:41:29",5643
"2020-02-06 19:41:28",5641
"2020-02-06 20:41:28",5641
"2020-02-06 21:41:29",5640
"2020-02-06 22:41:27",5638
"2020-02-06 23:41:28",5638
"2020-02-07 00:41:29",5638
"2020-02-07 01:41:31",5638
"2020-02-07 02:41:28",5638
"2020-02-07 03:41:29",5638
"2020-02-07 04:41:29",5638
"2020-02-07 05:41:32",5638
"2020-02-07 06:41:33",5638
"2020-02-07 07:41:27",5638
"2020-02-07 08:41:30",5638
"2020-02-07 09:41:31",5638
"2020-02-07 10:41:33",5638
"2020-02-07 11:41:28",5638
"2020-02-07 12:41:27",5638
"2020-02-07 14:05:39",5638
"2020-02-07 14:41:29",5638
"2020-02-07 15:41:30",5639
"2020-02-07 16:41:27",5632
"2020-02-07 17:41:29",5631
"2020-02-07 18:41:29",5628
"2020-02-07 19:41:28",5635
"2020-02-07 20:41:29",5634
"2020-02-07 21:41:28",5636
"2020-02-07 22:41:29",5633
"2020-02-07 23:41:26",5634
"2020-02-08 00:41:27",5634
"2020-02-08 01:41:27",5634
"2020-02-08 02:41:28",5634
"2020-02-08 03:41:28",5634
"2020-02-08 04:41:28",5634
"2020-02-08 05:41:27",5634
"2020-02-08 06:41:29",5634
"2020-02-08 07:41:28",5634
"2020-02-08 08:41:27",5634
"2020-02-08 09:41:32",5634
"2020-02-08 10:41:23",5634
"2020-02-08 11:41:27",5634
"2020-02-08 12:41:26",5634
"2020-02-08 13:41:26",5634
"2020-02-08 14:41:27",5634
"2020-02-08 15:41:28",5634
"2020-02-08 16:41:28",5634
"2020-02-08 17:41:29",5634
"2020-02-08 18:42:49",5634
"2020-02-08 19:41:27",5634
"2020-02-08 20:41:29",5634
"2020-02-08 21:41:28",5634
"2020-02-08 22:41:29",5634
"2020-02-08 23:41:27",5634
"2020-02-09 00:41:27",5634
"2020-02-09 01:41:29",5634
"2020-02-09 02:41:30",5634
"2020-02-09 03:41:27",5634
"2020-02-09 04:41:28",5634
"2020-02-09 05:41:28",5634
"2020-02-09 06:41:32",5634
"2020-02-09 07:41:28",5634
"2020-02-09 08:41:31",5634
"2020-02-09 09:41:29",5634
"2020-02-09 10:41:28",5634
"2020-02-09 11:41:30",5634
"2020-02-09 12:41:29",5634
"2020-02-09 13:41:27",5634
"2020-02-09 14:41:29",5634
"2020-02-09 15:41:27",5634
"2020-02-09 16:41:30",5634
"2020-02-09 17:41:27",5634
"2020-02-09 18:41:29",5634
"2020-02-09 19:41:29",5634
"2020-02-09 20:41:27",5634
"2020-02-09 21:41:33",5634
"2020-02-09 22:41:27",5634
"2020-02-09 23:41:36",5634
"2020-02-10 00:41:29",5634
"2020-02-10 01:41:28",5634
"2020-02-10 02:41:29",5634
"2020-02-10 03:41:27",5634
"2020-02-10 04:41:28",5634
"2020-02-10 05:41:32",5634
"2020-02-10 06:41:31",5634
"2020-02-10 07:41:28",5634
"2020-02-10 08:41:28",5634
"2020-02-10 09:41:30",5634
"2020-02-10 10:41:29",5634
"2020-02-10 11:41:28",5634
"2020-02-10 12:41:28",5634
"2020-02-10 13:41:27",5634
"2020-02-10 14:41:31",5634
"2020-02-10 15:41:32",5664
"2020-02-10 16:41:31",5668
"2020-02-10 17:41:28",5663
"2020-02-10 18:41:27",5655
"2020-02-10 19:41:28",5662
"2020-02-10 20:41:30",5661
"2020-02-10 21:41:30",5662
"2020-02-10 22:41:29",5665
"2020-02-10 23:41:26",5679
"2020-02-11 00:41:29",5679
"2020-02-11 01:41:33",5679
"2020-02-11 02:41:29",5679
"2020-02-11 03:41:27",5679
"2020-02-11 04:41:28",5679
"2020-02-11 05:41:27",5679
"2020-02-11 06:41:30",5679
"2020-02-11 07:41:28",5679
"2020-02-11 08:41:29",5679
"2020-02-11 09:41:31",5679
"2020-02-11 10:41:26",5679
"2020-02-11 11:41:30",5679
"2020-02-11 12:41:28",5679
"2020-02-11 14:06:09",5679
"2020-02-11 14:41:31",5679
"2020-02-11 15:41:31",5681
"2020-02-11 16:41:32",5695
"2020-02-11 17:41:28",5698
"2020-02-11 18:41:29",5713
"2020-02-11 19:41:30",5727
"2020-02-11 20:41:28",5777
"2020-02-11 21:42:08",5820
"2020-02-11 22:41:33",5824
"2020-02-11 23:41:28",5826
"2020-02-12 00:41:32",5826
"2020-02-12 01:41:29",5826
"2020-02-12 02:41:36",5826
"2020-02-12 03:41:27",5826
"2020-02-12 04:41:28",5826
"2020-02-12 05:41:28",5826
"2020-02-12 06:41:30",5826
"2020-02-12 07:41:29",5826
"2020-02-12 08:41:28",5826
"2020-02-12 09:41:30",5826
"2020-02-12 10:41:27",5826
"2020-02-12 11:41:27",5826
"2020-02-12 12:41:29",5826
"2020-02-12 14:06:09",5834
"2020-02-12 14:41:31",5834
"2020-02-12 15:41:29",5870
"2020-02-12 16:41:27",5886
"2020-02-12 17:41:29",5896
"2020-02-12 18:41:30",5905
"2020-02-12 19:41:27",5905
"2020-02-12 20:41:31",5905
"2020-02-12 21:41:28",5918
"2020-02-12 22:41:23",5921
"2020-02-12 23:41:23",5923
"2020-02-13 00:41:27",5923
"2020-02-13 01:41:26",5923
"2020-02-13 02:41:28",5923
"2020-02-13 03:41:28",5923
"2020-02-13 04:41:26",5923
"2020-02-13 05:41:28",5923
"2020-02-13 06:41:30",5923
"2020-02-13 07:41:25",5923
"2020-02-13 08:41:25",5923
"2020-02-13 09:41:25",5923
"2020-02-13 10:41:22",5923
"2020-02-13 11:41:28",5923
"2020-02-13 12:41:23",5923
"2020-02-13 14:06:09",5923
"2020-02-13 14:41:26",5923
"2020-02-13 15:41:30",5935
"2020-02-13 16:41:27",5934
"2020-02-13 17:41:30",5932
"2020-02-13 18:41:31",5934
"2020-02-13 19:41:30",5924
"2020-02-13 20:41:30",5936
"2020-02-13 21:41:30",5933
"2020-02-13 22:41:27",5933
"2020-02-13 23:41:25",5933
"2020-02-14 00:41:27",5933
"2020-02-14 01:41:26",5933
"2020-02-14 02:41:31",5933
"2020-02-14 03:41:26",5933
"2020-02-14 04:41:25",5933
"2020-02-14 05:41:27",5933
"2020-02-14 06:41:26",5933
"2020-02-14 07:41:26",5933
"2020-02-14 08:41:31",5933
"2020-02-14 09:41:28",5933
"2020-02-14 10:41:25",5933
"2020-02-14 11:41:26",5933
"2020-02-14 12:41:25",5933
"2020-02-14 13:41:28",5933
"2020-02-14 14:41:26",5933
"2020-02-14 15:41:33",5922
"2020-02-14 16:41:27",5914
"2020-02-14 17:41:27",5908
"2020-02-14 18:41:26",5910
"2020-02-14 19:41:26",5906
"2020-02-14 20:41:30",5905
"2020-02-14 21:41:25",5904
"2020-02-14 22:41:25",5904
"2020-02-14 23:41:29",5904
"2020-02-15 00:41:26",5904
"2020-02-15 01:41:27",5904
"2020-02-15 02:41:26",5904
"2020-02-15 03:41:27",5904
"2020-02-15 04:41:28",5904
"2020-02-15 05:41:25",5904
"2020-02-15 06:41:26",5904
"2020-02-15 07:41:27",5904
"2020-02-15 08:41:25",5904
"2020-02-15 09:41:28",5904
"2020-02-15 10:41:24",5904
"2020-02-15 11:41:26",5904
"2020-02-15 12:41:30",5904
"2020-02-15 13:41:26",5904
"2020-02-15 14:41:28",5904
"2020-02-15 15:41:27",5904
"2020-02-15 16:41:25",5904
"2020-02-15 17:41:26",5904
"2020-02-15 18:41:30",5904
"2020-02-15 19:41:26",5904
"2020-02-15 20:41:26",5904
"2020-02-15 21:41:26",5904
"2020-02-15 22:41:26",5904
"2020-02-15 23:41:27",5904
"2020-02-16 00:41:24",5904
"2020-02-16 01:41:26",5904
"2020-02-16 02:41:25",5904
"2020-02-16 03:41:25",5904
"2020-02-16 04:41:26",5904
"2020-02-16 05:41:26",5904
"2020-02-16 06:41:25",5904
"2020-02-16 07:41:25",5904
"2020-02-16 08:41:26",5904
"2020-02-16 09:41:26",5904
"2020-02-16 10:41:26",5904
"2020-02-16 11:41:27",5904
"2020-02-16 12:41:26",5904
"2020-02-16 13:41:26",5904
"2020-02-16 14:41:26",5904
"2020-02-16 15:41:32",5904
"2020-02-16 16:41:30",5904
"2020-02-16 17:41:27",5904
"2020-02-16 18:41:27",5904
"2020-02-16 19:41:26",5904
"2020-02-16 20:41:25",5904
"2020-02-16 21:41:25",5904
"2020-02-16 22:41:26",5904
"2020-02-16 23:41:27",5904
"2020-02-17 00:41:26",5904
"2020-02-17 01:41:23",5904
"2020-02-17 02:41:26",5904
"2020-02-17 03:41:26",5904
"2020-02-17 04:41:26",5904
"2020-02-17 05:41:25",5904
"2020-02-17 06:41:27",5904
"2020-02-17 07:41:25",5904
"2020-02-17 08:41:26",5904
"2020-02-17 09:41:27",5904
"2020-02-17 10:41:26",5904
"2020-02-17 11:41:26",5904
"2020-02-17 12:41:27",5904
"2020-02-17 13:41:24",5904
"2020-02-17 14:41:23",5904
"2020-02-17 15:41:27",5904
"2020-02-17 16:41:28",5904
"2020-02-17 17:41:25",5904
"2020-02-17 18:41:26",5904
"2020-02-17 19:41:25",5904
"2020-02-17 20:41:26",5904
"2020-02-17 22:41:25",5904
"2020-02-17 23:41:30",5904
"2020-02-18 00:41:25",5904
"2020-02-18 01:41:26",5904
"2020-02-18 02:41:28",5904
"2020-02-18 03:41:26",5904
"2020-02-18 04:41:27",5904
"2020-02-18 05:41:28",5904
"2020-02-18 06:41:26",5904
"2020-02-18 07:41:26",5904
"2020-02-18 08:41:27",5904
"2020-02-18 09:41:28",5904
"2020-02-18 10:41:26",5904
"2020-02-18 11:41:26",5904
"2020-02-18 12:41:29",5904
"2020-02-18 14:06:39",5903
"2020-02-18 14:41:28",5903
"2020-02-18 15:41:27",5906
"2020-02-18 16:41:28",5904
"2020-02-18 17:41:25",5898
"2020-02-18 18:41:25",5897
"2020-02-18 19:41:24",5894
"2020-02-18 20:41:25",5895
"2020-02-18 21:41:24",5895
"2020-02-18 22:41:24",5896
"2020-02-18 23:41:25",5896
"2020-02-19 00:41:28",5896
"2020-02-19 01:41:25",5896
"2020-02-19 02:41:26",5896
"2020-02-19 03:41:28",5896
"2020-02-19 04:41:25",5896
"2020-02-19 05:41:26",5896
"2020-02-19 06:41:24",5896
"2020-02-19 07:41:26",5896
"2020-02-19 08:41:26",5896
"2020-02-19 09:41:25",5896
"2020-02-19 10:41:24",5896
"2020-02-19 11:41:24",5896
"2020-02-19 12:41:25",5896
"2020-02-19 14:08:09",5895
"2020-02-19 14:41:30",5895
"2020-02-19 15:41:27",5891
"2020-02-19 16:41:25",5885
"2020-02-19 17:41:25",5881
"2020-02-19 18:41:26",5883
"2020-02-19 19:41:25",5880
"2020-02-19 20:41:25",5884
"2020-02-19 21:41:29",5882
"2020-02-19 22:41:27",5882
"2020-02-19 23:41:25",5882
"2020-02-20 00:41:25",5882
"2020-02-20 01:41:27",5882
"2020-02-20 02:41:28",5882
"2020-02-20 03:41:25",5882
"2020-02-20 04:41:24",5882
"2020-02-20 05:41:25",5882
"2020-02-20 06:41:28",5882
"2020-02-20 07:41:24",5882
"2020-02-20 08:41:24",5882
"2020-02-20 09:41:27",5882
"2020-02-20 10:41:27",5882
"2020-02-20 11:41:24",5882
"2020-02-20 12:41:28",5882
"2020-02-20 13:41:29",5882
"2020-02-20 14:41:26",5882
"2020-02-20 15:41:26",5898
"2020-02-20 16:41:25",5903
"2020-02-20 17:41:28",5902
"2020-02-20 18:41:27",5902
"2020-02-20 19:41:32",5904
"2020-02-20 20:41:32",5904
"2020-02-20 21:41:29",5902
"2020-02-20 22:41:29",5902
"2020-02-20 23:41:30",5903
"2020-02-21 00:41:29",5903
"2020-02-21 01:41:30",5903
"2020-02-21 02:41:31",5903
"2020-02-21 03:41:37",5903
"2020-02-21 04:41:38",5903
"2020-02-21 05:41:32",5903
"2020-02-21 06:41:32",5903
"2020-02-21 07:41:31",5903
"2020-02-21 08:41:33",5903
"2020-02-21 09:41:40",5903
"2020-02-21 10:41:48",5903
"2020-02-21 11:41:38",5903
"2020-02-21 12:41:38",5903
"2020-02-21 13:41:37",5903
"2020-02-21 14:41:33",5901
"2020-02-21 15:41:41",5901
"2020-02-21 16:41:45",5901
"2020-02-21 17:41:44",5902
"2020-02-21 18:41:37",5902
"2020-02-21 19:41:31",5902
"2020-02-21 20:41:30",5907
"2020-02-21 21:41:38",5906
"2020-02-21 22:41:32",5907
"2020-02-21 23:42:00",5907
"2020-02-22 00:41:44",5907
"2020-02-22 01:41:34",5907
"2020-02-22 02:41:33",5907
"2020-02-22 03:41:43",5907
"2020-02-22 04:41:37",5907
"2020-02-22 05:41:39",5907
"2020-02-22 06:41:29",5907
"2020-02-22 07:41:38",5907
"2020-02-22 08:41:44",5907
"2020-02-22 09:41:31",5907
"2020-02-22 10:41:35",5907
"2020-02-22 11:41:31",5907
"2020-02-22 12:41:39",5907
"2020-02-22 13:42:02",5907
"2020-02-22 14:41:30",5907
"2020-02-22 15:41:33",5907
"2020-02-22 16:41:39",5907
"2020-02-22 17:41:41",5907
"2020-02-22 18:41:32",5907
"2020-02-22 19:41:32",5907
"2020-02-22 20:41:40",5907
"2020-02-22 21:41:56",5907
"2020-02-22 22:41:44",5907
"2020-02-22 23:41:29",5907
"2020-02-23 00:41:32",5907
"2020-02-23 01:41:34",5907
"2020-02-23 02:41:38",5907
"2020-02-23 03:41:32",5907
"2020-02-23 04:41:41",5907
"2020-02-23 05:41:40",5907
"2020-02-23 06:41:32",5907
"2020-02-23 07:41:36",5907
"2020-02-23 08:41:44",5907
"2020-02-23 09:41:33",5907
"2020-02-23 10:41:33",5907
"2020-02-23 11:41:33",5907
"2020-02-23 12:41:34",5907
"2020-02-23 13:41:33",5907
"2020-02-23 14:41:39",5907
"2020-02-23 15:41:32",5907
"2020-02-23 16:41:33",5907
"2020-02-23 17:41:32",5907
"2020-02-23 18:41:34",5907
"2020-02-23 19:41:34",5907
"2020-02-23 20:41:33",5907
"2020-02-23 21:41:39",5907
"2020-02-23 22:41:29",5907
"2020-02-23 23:41:34",5907
"2020-02-24 00:41:44",5907
"2020-02-24 01:41:30",5907
"2020-02-24 02:41:41",5907
"2020-02-24 03:41:33",5907
"2020-02-24 04:41:36",5907
"2020-02-24 05:41:43",5907
"2020-02-24 06:41:31",5907
"2020-02-24 07:41:32",5907
"2020-02-24 08:41:32",5907
"2020-02-24 09:54:35",5907
"2020-02-24 10:41:30",5907
"2020-02-24 11:41:40",5907
"2020-02-24 12:41:30",5907
"2020-02-24 13:41:37",5907
"2020-02-24 14:41:46",5907
"2020-02-24 15:41:31",5932
"2020-02-24 16:41:38",5938
"2020-02-24 17:41:31",5933
"2020-02-24 18:41:34",5934
"2020-02-24 19:41:41",5931
"2020-02-24 20:41:41",5929
"2020-02-24 21:41:41",5928
"2020-02-24 22:41:39",5928
"2020-02-24 23:41:29",5928
"2020-02-25 00:41:33",5928
"2020-02-25 01:41:29",5928
"2020-02-25 02:41:35",5928
"2020-02-25 03:41:36",5928
"2020-02-25 04:41:34",5928
"2020-02-25 05:41:45",5928
"2020-02-25 06:41:34",5928
"2020-02-25 07:41:35",5927
"2020-02-25 08:41:41",5927
"2020-02-25 09:55:19",5927
"2020-02-25 10:41:39",5927
"2020-02-25 11:41:35",5927
"2020-02-25 12:41:36",5927
"2020-02-25 14:07:37",5928
"2020-02-25 14:41:35",5928
"2020-02-25 15:41:34",5928
"2020-02-25 16:41:33",5935
"2020-02-25 17:41:33",5935
"2020-02-25 18:41:38",5935
"2020-02-25 19:41:33",5945
"2020-02-25 20:41:42",5943
"2020-02-25 21:41:40",5941
"2020-02-25 22:41:33",5941
"2020-02-25 23:41:33",5942
"2020-02-26 00:41:32",5942
"2020-02-26 01:41:32",5942
"2020-02-26 02:41:35",5942
"2020-02-26 03:41:32",5942
"2020-02-26 04:41:43",5942
"2020-02-26 05:41:41",5942
"2020-02-26 06:41:41",5942
"2020-02-26 07:41:46",5942
"2020-02-26 08:41:40",5942
"2020-02-26 09:41:37",5942
"2020-02-26 10:41:35",5942
"2020-02-26 11:41:40",5942
"2020-02-26 12:41:33",5942
"2020-02-26 13:41:40",5942
"2020-02-26 14:41:42",5942
"2020-02-26 15:41:44",5952
"2020-02-26 16:41:34",5951
"2020-02-26 17:41:37",5959
"2020-02-26 18:41:34",5961
"2020-02-26 19:41:42",5968
"2020-02-26 20:41:39",5973
"2020-02-26 21:41:40",5974
"2020-02-26 22:41:39",5973
"2020-02-26 23:41:41",5975
"2020-02-27 00:41:35",5975
"2020-02-27 01:41:34",5975
"2020-02-27 02:41:31",5975
"2020-02-27 03:41:42",5975
"2020-02-27 04:41:31",5975
"2020-02-27 05:41:34",5975
"2020-02-27 06:41:32",5975
"2020-02-27 07:41:33",5975
"2020-02-27 08:41:37",5975
"2020-02-27 09:41:35",5975
"2020-02-27 10:41:41",5975
"2020-02-27 11:41:36",5975
"2020-02-27 12:41:40",5975
"2020-02-27 14:06:09",5975
"2020-02-27 14:41:47",5975
"2020-02-27 15:41:39",5979
"2020-02-27 16:41:40",5981
"2020-02-27 17:41:34",5978
"2020-02-27 18:41:39",5982
"2020-02-27 19:41:31",5980
"2020-02-27 20:41:34",5984
"2020-02-27 21:41:34",5982
"2020-02-27 22:41:38",5982
"2020-02-27 23:41:32",5983
"2020-02-28 00:41:42",5983
"2020-02-28 01:41:32",5983
"2020-02-28 02:41:32",5983
"2020-02-28 03:41:41",5983
"2020-02-28 04:41:44",5983
"2020-02-28 05:41:40",5983
"2020-02-28 06:41:33",5983
"2020-02-28 07:41:42",5983
"2020-02-28 08:41:45",5983
"2020-02-28 09:41:43",5983
"2020-02-28 10:41:33",5983
"2020-02-28 11:41:37",5983
"2020-02-28 12:41:38",5983
"2020-02-28 14:06:42",5983
"2020-02-28 14:41:36",5983
"2020-02-28 15:41:34",5974
"2020-02-28 16:41:36",5974
"2020-02-28 17:41:36",5973
"2020-02-28 18:41:35",5976
"2020-02-28 19:41:42",5983
"2020-02-28 20:41:33",5984
"2020-02-28 21:41:33",5984
"2020-02-28 22:41:41",5983
"2020-02-28 23:41:33",5983
"2020-02-29 00:41:33",5983
"2020-02-29 01:41:33",5983
"2020-02-29 02:41:36",5983
"2020-02-29 03:41:32",5983
"2020-02-29 04:41:35",5983
"2020-02-29 05:41:46",5983
"2020-02-29 06:41:40",5983
"2020-02-29 07:41:59",5983
"2020-02-29 08:42:05",5983
"2020-02-29 09:41:57",5983
"2020-02-29 10:41:33",5983
"2020-02-29 11:41:32",5983
"2020-02-29 12:41:57",5983
"2020-02-29 13:41:58",5983
"2020-02-29 14:41:34",5983
"2020-02-29 15:41:34",5983
"2020-02-29 16:41:42",5983
"2020-02-29 17:41:42",5983
"2020-02-29 18:41:35",5983
"2020-02-29 19:41:34",5983
"2020-02-29 20:41:32",5983
"2020-02-29 21:41:38",5983
"2020-02-29 22:42:08",5983
"2020-02-29 23:41:56",5983
"2020-03-01 00:41:57",5983
"2020-03-01 01:41:57",5983
"2020-03-01 02:41:36",5983
"2020-03-01 03:41:57",5983
"2020-03-01 04:41:34",5983
"2020-03-01 05:41:41",5983
"2020-03-01 06:41:35",5983
"2020-03-01 07:41:41",5983
"2020-03-01 08:41:33",5983
"2020-03-01 09:41:57",5983
"2020-03-01 10:41:56",5983
"2020-03-01 11:41:39",5983
"2020-03-01 12:41:41",5983
"2020-03-01 13:41:34",5983
"2020-03-01 14:41:32",5983
"2020-03-01 15:41:58",5983
"2020-03-01 16:41:42",5983
"2020-03-01 17:41:56",5983
"2020-03-01 18:41:59",5983
"2020-03-01 19:41:59",5983
"2020-03-01 20:41:58",5983
"2020-03-01 21:41:34",5983
"2020-03-01 22:41:35",5983
"2020-03-01 23:41:58",5983
"2020-03-02 00:41:31",5983
"2020-03-02 01:41:42",5983
"2020-03-02 02:41:57",5983
"2020-03-02 03:42:06",5983
"2020-03-02 04:41:45",5983
"2020-03-02 05:41:59",5983
"2020-03-02 07:41:34",5983
"2020-03-02 08:41:56",5983
"2020-03-02 09:41:57",5983
"2020-03-02 10:41:40",5983
"2020-03-02 11:41:33",5983
"2020-03-02 12:41:40",5983
"2020-03-02 13:41:57",5983
"2020-03-02 18:43:11",6013
"2020-03-03 00:41:41",6055
"2020-03-03 01:41:46",6055
"2020-03-03 02:41:42",6055
"2020-03-03 03:41:47",6055
"2020-03-03 04:41:57",6055
"2020-03-03 05:43:44",6055
"2020-03-03 06:41:58",6055
"2020-03-03 07:41:41",6055
"2020-03-03 08:42:08",6055
"2020-03-03 09:42:11",6055
"2020-03-03 10:41:42",6055
"2020-03-03 11:42:15",6055
"2020-03-03 12:41:39",6055
"2020-03-03 13:42:09",6055
"2020-03-03 14:42:09",6055
"2020-03-03 16:42:16",6070
"2020-03-03 17:42:10",6065
"2020-03-03 18:41:33",6068
"2020-03-03 19:41:33",6066
"2020-03-03 20:41:42",6067
"2020-03-03 21:41:40",6069
"2020-03-03 22:42:18",6070
"2020-03-03 23:41:57",6070
"2020-03-04 00:42:04",6070
"2020-03-04 01:41:58",6070
"2020-03-04 02:41:36",6070
"2020-03-04 03:41:42",6070
"2020-03-04 04:42:10",6070
"2020-03-04 05:41:37",6070
"2020-03-04 06:42:01",6070
"2020-03-04 07:41:40",6070
"2020-03-04 08:41:58",6070
"2020-03-04 09:41:45",6070
"2020-03-04 10:41:33",6070
"2020-03-04 11:42:05",6070
"2020-03-04 12:42:05",6070
"2020-03-04 13:41:34",6070
"2020-03-04 14:41:33",6070
"2020-03-04 15:42:09",6065
"2020-03-04 16:41:34",6065
"2020-03-04 17:41:41",6070
"2020-03-04 18:41:57",6074
"2020-03-04 19:42:01",6071
"2020-03-04 20:42:00",6070
"2020-03-04 21:41:34",6067
"2020-03-04 22:41:57",6068
"2020-03-04 23:41:37",6068
"2020-03-05 00:41:38",6068
"2020-03-05 01:41:43",6068
"2020-03-05 02:41:34",6068
"2020-03-05 03:41:35",6068
"2020-03-05 04:41:41",6068
"2020-03-05 05:41:42",6068
"2020-03-05 06:41:35",6068
"2020-03-05 07:41:35",6068
"2020-03-05 08:42:11",6068
"2020-03-05 09:41:43",6068
"2020-03-05 10:41:34",6068
"2020-03-05 11:41:40",6068
"2020-03-05 12:41:41",6068
"2020-03-05 13:41:43",6068
"2020-03-05 14:41:58",6070
"2020-03-05 15:41:42",6082
"2020-03-05 16:41:59",6083
"2020-03-05 17:41:34",6081
"2020-03-05 18:41:36",6079
"2020-03-05 19:41:35",6084
"2020-03-05 20:41:33",6082
"2020-03-05 21:41:33",6080
"2020-03-05 22:41:58",6080
"2020-03-05 23:41:59",6080
"2020-03-06 00:41:33",6080
"2020-03-06 01:41:34",6080
"2020-03-06 02:41:59",6080
"2020-03-06 03:41:58",6080
"2020-03-06 04:41:59",6080
"2020-03-06 05:41:59",6080
"2020-03-06 06:42:05",6080
"2020-03-06 07:41:58",6080
"2020-03-06 08:41:38",6079
"2020-03-06 09:42:02",6079
"2020-03-06 10:41:37",6079
"2020-03-06 11:42:06",6079
"2020-03-06 12:41:38",6079
"2020-03-06 13:41:31",6079
"2020-03-06 14:42:10",6079
"2020-03-06 15:41:41",6092
"2020-03-06 16:41:40",6093
"2020-03-06 17:41:37",6096
"2020-03-06 18:41:33",6093
"2020-03-06 19:41:39",6091
"2020-03-06 20:41:34",6091
"2020-03-06 21:41:34",6091
"2020-03-06 22:41:33",6091
"2020-03-06 23:41:41",6090
"2020-03-07 00:41:34",6090
"2020-03-07 01:41:41",6090
"2020-03-07 02:41:35",6090
"2020-03-07 03:42:06",6090
"2020-03-07 04:42:06",6090
"2020-03-07 05:41:59",6090
"2020-03-07 06:41:59",6090
"2020-03-07 07:41:45",6090
"2020-03-07 08:41:58",6090
"2020-03-07 09:41:39",6090
"2020-03-07 10:41:42",6090
"2020-03-07 11:41:57",6090
"2020-03-07 12:41:40",6090
"2020-03-07 13:41:34",6090
"2020-03-07 14:41:36",6090
"2020-03-07 15:41:36",6090
"2020-03-07 16:41:34",6090
"2020-03-07 17:41:42",6090
"2020-03-07 18:41:36",6090
"2020-03-07 19:41:36",6090
"2020-03-07 20:42:01",6090
"2020-03-07 21:42:07",6090
"2020-03-07 22:42:00",6090
"2020-03-07 23:41:58",6090
"2020-03-08 00:41:35",6090
"2020-03-08 01:41:43",6090
"2020-03-08 02:41:44",6090
"2020-03-08 03:42:00",6090
"2020-03-08 04:41:58",6090
"2020-03-08 05:42:02",6090
"2020-03-08 06:41:48",6090
"2020-03-08 07:42:00",6090
"2020-03-08 08:42:01",6090
"2020-03-08 09:41:44",6090
"2020-03-08 10:42:03",6090
"2020-03-08 11:41:41",6090
"2020-03-08 12:42:07",6090
"2020-03-08 13:42:08",6090
"2020-03-08 14:41:32",6090
"2020-03-08 15:42:03",6090
"2020-03-08 16:41:33",6090
"2020-03-08 17:41:37",6090
"2020-03-08 18:42:09",6090
"2020-03-08 19:41:50",6090
"2020-03-08 20:41:43",6090
"2020-03-08 21:41:33",6090
"2020-03-08 22:41:57",6090
"2020-03-08 23:41:35",6090
"2020-03-09 00:42:01",6090
"2020-03-09 01:41:34",6090
"2020-03-09 02:42:01",6090
"2020-03-09 03:42:00",6090
"2020-03-09 04:42:01",6090
"2020-03-09 05:41:34",6090
"2020-03-09 06:41:35",6090
"2020-03-09 07:41:35",6090
"2020-03-09 08:41:34",6090
"2020-03-09 09:41:41",6090
"2020-03-09 10:41:57",6090
"2020-03-09 11:41:59",6090
"2020-03-09 12:41:47",6090
"2020-03-09 13:41:37",6090
"2020-03-09 14:42:07",6089
"2020-03-09 15:41:47",6089
"2020-03-09 16:41:40",6089
"2020-03-09 17:41:34",6086
"2020-03-09 18:41:34",6084
"2020-03-09 19:41:34",6083
"2020-03-09 20:41:35",6083
"2020-03-09 21:41:57",6083
"2020-03-09 22:41:57",6082
"2020-03-09 23:42:04",6082
"2020-03-10 00:41:31",6082
"2020-03-10 01:41:57",6082
"2020-03-10 02:41:41",6082
"2020-03-10 03:42:06",6082
"2020-03-10 04:41:41",6082
"2020-03-10 06:42:05",6082
"2020-03-10 07:42:05",6082
"2020-03-10 08:41:37",6082
"2020-03-10 09:41:57",6082
"2020-03-10 10:41:56",6082
"2020-03-10 11:41:58",6082
"2020-03-10 12:41:41",6082
"2020-03-10 13:41:44",6082
"2020-03-10 14:42:07",6086
"2020-03-10 15:42:05",6096
"2020-03-10 16:41:32",6102
"2020-03-10 17:41:59",6105
"2020-03-10 18:41:59",6112
"2020-03-10 19:42:00",6115
"2020-03-10 20:42:26",6122
"2020-03-10 21:42:06",6122
"2020-03-10 22:41:59",6122
"2020-03-10 23:41:40",6122
"2020-03-11 00:42:02",6122
"2020-03-11 01:42:04",6122
"2020-03-11 02:42:06",6122
"2020-03-11 03:41:41",6122
"2020-03-11 04:41:41",6122
"2020-03-11 05:42:06",6122
"2020-03-11 06:42:03",6122
"2020-03-11 07:41:33",6122
"2020-03-11 08:41:42",6122
"2020-03-11 09:41:31",6122
"2020-03-11 10:41:34",6122
"2020-03-11 11:41:59",6122
"2020-03-11 12:42:06",6122
"2020-03-11 13:42:00",6120
"2020-03-11 14:41:40",6128
"2020-03-11 15:41:35",6128
"2020-03-11 16:42:03",6125
"2020-03-11 17:41:40",6121
"2020-03-11 18:41:32",6121
"2020-03-11 19:42:05",6119
"2020-03-11 20:42:05",6120
"2020-03-11 21:41:40",6120
"2020-03-11 22:41:41",6120
"2020-03-11 23:41:45",6120
"2020-03-12 00:41:33",6120
"2020-03-12 01:42:00",6120
"2020-03-12 02:41:40",6120
"2020-03-12 03:41:58",6120
"2020-03-12 04:42:04",6120
"2020-03-12 05:41:40",6120
"2020-03-12 06:41:36",6119
"2020-03-12 07:41:38",6119
"2020-03-12 08:42:04",6119
"2020-03-12 09:41:49",6119
"2020-03-12 10:42:00",6119
"2020-03-12 11:41:58",6119
"2020-03-12 12:41:57",6119
"2020-03-12 13:42:05",6121
"2020-03-12 14:41:34",6112
"2020-03-12 15:41:31",6107
"2020-03-12 16:41:35",6106
"2020-03-12 17:41:32",6111
"2020-03-12 18:42:06",6112
"2020-03-12 19:41:41",6115
"2020-03-12 20:41:35",6113
"2020-03-12 21:42:07",6113
"2020-03-12 22:41:32",6112
"2020-03-12 23:42:08",6112
"2020-03-13 00:42:08",6112
"2020-03-13 01:41:33",6112
"2020-03-13 02:41:58",6112
"2020-03-13 03:41:59",6112
"2020-03-13 04:41:39",6112
"2020-03-13 05:41:42",6112
"2020-03-13 06:42:10",6112
"2020-03-13 07:42:10",6112
"2020-03-13 08:42:13",6112
"2020-03-13 09:42:13",6112
"2020-03-13 10:41:41",6112
"2020-03-13 11:41:56",6112
"2020-03-13 13:06:11",6112
"2020-03-13 13:41:44",6112
"2020-03-13 14:41:42",6126
"2020-03-13 15:41:43",6141
"2020-03-13 16:42:00",6154
"2020-03-13 17:41:56",6152
"2020-03-13 18:42:05",6148
"2020-03-13 19:41:58",6156
"2020-03-13 20:41:36",6157
"2020-03-13 21:41:40",6157
"2020-03-13 22:41:34",6159
"2020-03-13 23:41:56",6159
"2020-03-14 00:41:41",6159
"2020-03-14 01:42:04",6159
"2020-03-14 02:42:00",6159
"2020-03-14 03:41:40",6159
"2020-03-14 04:42:05",6159
"2020-03-14 05:42:01",6159
"2020-03-14 06:41:43",6159
"2020-03-14 07:42:06",6159
"2020-03-14 08:41:59",6159
"2020-03-14 09:41:59",6159
"2020-03-14 10:41:39",6159
"2020-03-14 11:41:35",6159
"2020-03-14 12:41:39",6159
"2020-03-14 13:41:35",6159
"2020-03-14 14:41:57",6159
"2020-03-14 15:41:34",6159
"2020-03-14 16:41:58",6159
"2020-03-14 17:41:41",6159
"2020-03-14 18:41:59",6159
"2020-03-14 19:41:42",6159
"2020-03-14 20:42:01",6159
"2020-03-14 21:41:59",6159
"2020-03-14 22:42:05",6159
"2020-03-14 23:41:56",6159
"2020-03-15 00:41:37",6159
"2020-03-15 01:41:40",6159
"2020-03-15 02:42:05",6159
"2020-03-15 03:42:04",6159
"2020-03-15 04:41:35",6159
"2020-03-15 05:42:05",6159
"2020-03-15 06:41:42",6159
"2020-03-15 07:42:09",6159
"2020-03-15 08:58:57",6159
"2020-03-15 09:41:47",6159
"2020-03-15 10:41:56",6159
"2020-03-15 11:42:06",6159
"2020-03-15 12:41:59",6159
"2020-03-15 13:41:35",6159
"2020-03-15 14:41:46",6159
"2020-03-15 15:41:39",6159
"2020-03-15 16:41:56",6159
"2020-03-15 17:41:41",6159
"2020-03-15 18:42:03",6159
"2020-03-15 19:41:59",6159
"2020-03-15 20:41:43",6159
"2020-03-15 21:41:42",6159
"2020-03-15 22:41:56",6159
"2020-03-15 23:41:55",6159
"2020-03-16 00:41:33",6159
"2020-03-16 01:41:35",6159
"2020-03-16 02:41:33",6159
"2020-03-16 03:41:54",6159
"2020-03-16 04:41:59",6159
"2020-03-16 05:42:07",6159
"2020-03-16 06:41:40",6159
"2020-03-16 07:42:05",6159
"2020-03-16 08:57:34",6159
"2020-03-16 09:41:57",6159
"2020-03-16 10:41:42",6159
"2020-03-16 11:41:57",6159
"2020-03-16 13:07:43",6163
"2020-03-16 13:42:04",6163
"2020-03-16 14:41:45",6213
"2020-03-16 15:42:01",6199
"2020-03-16 16:41:37",6204
"2020-03-16 17:41:44",6204
"2020-03-16 18:41:37",6252
"2020-03-16 19:42:07",6275
"2020-03-16 20:41:36",6283
"2020-03-16 21:41:44",6284
"2020-03-16 22:41:37",6285
"2020-03-16 23:42:02",6285
"2020-03-17 00:42:00",6285
"2020-03-17 01:41:39",6285
"2020-03-17 02:42:01",6285
"2020-03-17 20:09:36",6335
"2020-03-17 20:17:25",6335
"2020-03-17 20:41:44",6335
"2020-03-17 21:41:38",6336
"2020-03-17 22:41:38",6337
"2020-03-17 23:41:40",6337
"2020-03-18 00:41:43",6337
"2020-03-18 01:41:47",6337
"2020-03-18 02:41:46",6337
"2020-03-18 03:41:46",6337
"2020-03-18 04:41:47",6337
"2020-03-18 05:41:42",6337
"2020-03-18 06:41:38",6337
"2020-03-18 07:41:46",6337
"2020-03-18 08:41:37",6337
"2020-03-18 09:41:45",6337
"2020-03-18 10:41:37",6337
"2020-03-18 11:41:36",6337
"2020-03-18 13:07:43",6339
"2020-03-18 13:41:47",6339
"2020-03-18 14:41:40",6370
"2020-03-18 15:41:40",6374
"2020-03-18 16:41:38",6379
"2020-03-18 17:41:45",6376
"2020-03-18 18:41:36",6381
"2020-03-18 19:41:44",6382
"2020-03-18 20:41:40",6380
"2020-03-18 21:41:41",6380
"2020-03-18 22:41:36",6380
"2020-03-18 23:41:42",6380
"2020-03-19 00:41:41",6380
"2020-03-19 01:41:42",6380
"2020-03-19 02:41:36",6380
"2020-03-19 03:41:35",6380
"2020-03-19 04:41:39",6380
"2020-03-19 05:42:06",6380
"2020-03-19 06:41:38",6380
"2020-03-19 07:41:40",6380
"2020-03-19 08:41:38",6379
"2020-03-19 09:41:43",6379
"2020-03-19 10:41:36",6379
"2020-03-19 11:41:38",6379
"2020-03-19 12:41:38",6379
"2020-03-19 13:41:38",6379
"2020-03-19 14:41:39",6403
"2020-03-19 15:41:40",6404
"2020-03-19 16:41:38",6418
"2020-03-19 17:41:39",6425
"2020-03-19 18:41:35",6430
"2020-03-19 19:41:41",6436
"2020-03-19 20:41:47",6442
"2020-03-19 21:41:43",6443
"2020-03-19 22:41:36",6445
"2020-03-19 23:41:51",6445
"2020-03-20 00:41:37",6445
"2020-03-20 01:41:36",6445
"2020-03-20 02:41:53",6445
"2020-03-20 03:41:42",6445
"2020-03-20 04:41:39",6445
"2020-03-20 06:41:49",6445
"2020-03-20 07:41:41",6445
"2020-03-20 08:41:53",6445
"2020-03-20 09:41:45",6445
"2020-03-20 10:41:39",6445
"2020-03-20 11:41:39",6445
"2020-03-20 13:06:41",6445
"2020-03-20 13:41:46",6445
"2020-03-20 14:41:37",6495
"2020-03-20 15:41:36",6499
"2020-03-20 16:41:38",6508
"2020-03-20 17:41:39",6514
"2020-03-20 18:41:35",6519
"2020-03-20 19:41:39",6520
"2020-03-20 20:41:38",6530
"2020-03-20 21:41:36",6532
"2020-03-20 22:41:44",6535
"2020-03-20 23:41:47",6535
"2020-03-21 00:41:42",6535
"2020-03-21 01:41:38",6535
"2020-03-21 02:41:44",6535
"2020-03-21 03:41:47",6535
"2020-03-21 04:41:38",6535
"2020-03-21 05:41:36",6535
"2020-03-21 06:41:38",6535
"2020-03-21 07:41:45",6535
"2020-03-21 08:41:46",6535
"2020-03-21 09:41:39",6535
"2020-03-21 10:41:40",6535
"2020-03-21 11:41:42",6535
"2020-03-21 12:41:35",6535
"2020-03-21 13:41:38",6535
"2020-03-21 14:41:50",6535
"2020-03-21 15:41:44",6535
"2020-03-21 16:41:42",6535
"2020-03-21 17:41:48",6535
"2020-03-21 18:41:39",6535
"2020-03-21 19:41:40",6535
"2020-03-21 20:41:35",6535
"2020-03-21 21:41:39",6535
"2020-03-21 22:41:38",6535
"2020-03-21 23:41:40",6535
"2020-03-22 00:41:35",6535
"2020-03-22 01:41:43",6535
"2020-03-22 02:41:37",6535
"2020-03-22 03:41:52",6535
"2020-03-22 04:41:40",6535
"2020-03-22 05:41:41",6535
"2020-03-22 06:41:46",6535
"2020-03-22 07:41:48",6535
"2020-03-22 09:13:21",6535
"2020-03-22 09:41:39",6535
"2020-03-22 10:41:45",6535
"2020-03-22 11:41:37",6535
"2020-03-22 12:41:44",6535
"2020-03-22 21:51:39",6535
"2020-03-22 22:41:45",6535
"2020-03-22 23:41:39",6535
"2020-03-23 00:41:56",6535
"2020-03-23 01:41:52",6535
"2020-03-23 02:41:37",6535
"2020-03-23 03:41:40",6535
"2020-03-23 04:41:41",6535
"2020-03-23 05:41:42",6535
"2020-03-23 06:41:41",6535
"2020-03-23 07:41:38",6535
"2020-03-23 08:41:41",6535
"2020-03-23 09:41:47",6535
"2020-03-23 10:41:38",6535
"2020-03-23 11:41:43",6535
"2020-03-23 13:06:10",6537
"2020-03-23 13:41:51",6537
"2020-03-23 14:41:44",6688
"2020-03-23 15:41:43",6697
"2020-03-23 16:41:46",6691
"2020-03-23 17:41:39",6696
"2020-03-23 18:41:37",6700
"2020-03-23 19:41:43",6702
"2020-03-23 20:41:45",6709
"2020-03-23 21:41:39",6709
"2020-03-23 22:41:39",6709
"2020-03-23 23:41:42",6709
"2020-03-24 00:41:36",6709
"2020-03-24 01:41:39",6709
"2020-03-24 02:41:38",6709
"2020-03-24 03:41:37",6709
"2020-03-24 04:41:46",6709
"2020-03-24 05:41:59",6709
"2020-03-24 06:41:45",6709
"2020-03-24 07:41:48",6709
"2020-03-24 09:07:42",6709
"2020-03-24 09:41:37",6709
"2020-03-24 10:41:39",6709
"2020-03-24 11:41:40",6709
"2020-03-24 12:41:34",6709
"2020-03-24 13:41:51",6709
"2020-03-24 14:41:57",6708
"2020-03-24 15:41:50",6721
"2020-03-24 16:41:55",6712
"2020-03-24 17:41:45",6708
"2020-03-24 18:41:44",6704
"2020-03-24 19:41:39",6708
"2020-03-24 20:41:35",6709
"2020-03-24 21:41:35",6710
"2020-03-24 22:41:45",6714
"2020-03-24 23:41:45",6714
"2020-03-25 00:41:36",6714
"2020-03-25 01:41:38",6714
"2020-03-25 02:41:37",6714
"2020-03-25 03:41:35",6714
"2020-03-25 04:41:34",6714
"2020-03-25 06:41:46",6714
"2020-03-25 07:41:36",6714
"2020-03-25 09:41:39",6714
"2020-03-25 10:41:37",6714
"2020-03-25 11:41:43",6714
"2020-03-25 12:41:45",6714
"2020-03-25 13:41:47",6714
"2020-03-25 14:41:47",6737
"2020-03-25 15:41:50",6749
"2020-03-25 16:41:46",6760
"2020-03-25 17:41:38",6763
"2020-03-25 18:41:35",6780
"2020-03-25 19:41:36",6786
"2020-03-25 20:41:40",6789
"2020-03-25 21:41:35",6791
"2020-03-25 22:41:36",6797
"2020-03-25 23:41:37",6797
"2020-03-26 02:04:29",6797
"2020-03-26 02:41:41",6797
"2020-03-26 03:41:44",6797
"2020-03-26 04:41:51",6797
"2020-03-26 05:41:40",6797
"2020-03-26 06:41:39",6797
"2020-03-26 07:41:42",6797
"2020-03-26 08:41:37",6797
"2020-03-26 09:41:44",6797
"2020-03-26 10:41:36",6797
"2020-03-26 11:41:38",6797
"2020-03-26 12:41:38",6797
"2020-03-26 13:41:37",6797
"2020-03-26 14:41:40",6824
"2020-03-26 15:41:40",6823
"2020-03-26 16:41:37",6826
"2020-03-26 17:41:42",6830
"2020-03-26 18:41:37",6832
"2020-03-26 19:41:36",6822
"2020-03-26 20:41:38",6825
"2020-03-26 21:41:41",6828
"2020-03-26 22:41:35",6831
"2020-03-26 23:41:44",6831
"2020-03-27 00:41:40",6831
"2020-03-27 01:41:42",6831
"2020-03-27 02:41:45",6831
"2020-03-27 03:41:39",6831
"2020-03-27 04:41:42",6831
"2020-03-27 05:41:38",6831
"2020-03-27 06:41:42",6831
"2020-03-27 07:41:45",6831
"2020-03-27 08:42:13",6831
"2020-03-27 09:41:53",6831
"2020-03-27 10:41:41",6831
"2020-03-27 11:41:36",6831
"2020-03-27 12:41:36",6831
"2020-03-27 13:41:40",6832
"2020-03-27 14:41:37",6906
"2020-03-27 15:41:39",6906
"2020-03-27 16:41:40",6893
"2020-03-27 17:41:38",6899
"2020-03-27 18:41:46",6907
"2020-03-27 19:41:38",6917
"2020-03-27 20:41:37",6934
"2020-03-27 21:41:45",6939
"2020-03-27 22:41:40",6940
"2020-03-27 23:41:42",6940
"2020-03-28 00:41:45",6940
"2020-03-28 01:41:33",6940
"2020-03-28 02:41:37",6940
"2020-03-28 03:41:39",6940
"2020-03-28 04:41:37",6940
"2020-03-28 05:41:51",6940
"2020-03-28 06:41:41",6940
"2020-03-28 07:41:36",6940
"2020-03-28 08:41:39",6940
"2020-03-28 09:41:43",6940
"2020-03-28 10:41:47",6940
"2020-03-28 11:41:39",6940
"2020-03-28 12:41:45",6940
"2020-03-28 13:41:44",6940
"2020-03-28 14:41:41",6940
"2020-03-28 15:41:37",6940
"2020-03-28 16:41:37",6940
"2020-03-28 17:41:39",6940
"2020-03-28 18:41:41",6940
"2020-03-28 19:41:37",6940
"2020-03-28 20:41:39",6940
"2020-03-28 21:41:36",6940
"2020-03-28 22:41:51",6940
"2020-03-28 23:41:40",6940
"2020-03-29 00:41:41",6940
"2020-03-29 01:41:44",6940
"2020-03-29 02:41:53",6940
"2020-03-29 03:41:55",6940
"2020-03-29 04:41:47",6940
"2020-03-29 05:41:44",6940
"2020-03-29 06:41:54",6940
"2020-03-29 07:41:44",6940
"2020-03-29 08:41:42",6940
"2020-03-29 09:41:40",6940
"2020-03-29 10:41:51",6940
"2020-03-29 11:41:40",6940
"2020-03-29 12:41:38",6940
"2020-03-29 13:41:38",6940
"2020-03-29 14:41:36",6940
"2020-03-29 15:41:38",6940
"2020-03-29 16:41:38",6940
"2020-03-29 17:41:46",6940
"2020-03-29 18:41:39",6940
"2020-03-29 19:41:39",6940
"2020-03-29 20:41:38",6940
"2020-03-29 21:41:51",6940
"2020-03-29 22:41:40",6940
"2020-03-29 23:41:39",6940
"2020-03-30 00:41:40",6940
"2020-03-30 01:41:39",6940
"2020-03-30 02:41:47",6940
"2020-03-30 03:41:41",6940
"2020-03-30 04:41:49",6940
"2020-03-30 05:41:36",6940
"2020-03-30 06:41:39",6940
"2020-03-30 07:41:50",6940
"2020-03-30 08:41:40",6940
"2020-03-30 09:41:39",6940
"2020-03-30 10:41:38",6940
"2020-03-30 11:41:35",6940
"2020-03-30 12:41:38",6940
"2020-03-30 13:41:45",6944
"2020-03-30 14:41:38",7113
"2020-03-30 15:41:47",7110
"2020-03-30 16:41:39",7109
"2020-03-30 17:41:43",7110
"2020-03-30 18:41:40",7107
"2020-03-30 19:41:45",7114
"2020-03-30 20:41:38",7118
"2020-03-30 21:41:43",7118
"2020-03-30 22:41:39",7118
"2020-03-30 23:41:38",7118
"2020-03-31 00:41:36",7118
"2020-03-31 01:41:39",7118
"2020-03-31 02:41:38",7118
"2020-03-31 03:41:41",7118
"2020-03-31 04:41:39",7118
"2020-03-31 05:41:39",7118
"2020-03-31 06:41:37",7118
"2020-03-31 07:41:41",7118
"2020-03-31 08:41:40",7118
"2020-03-31 09:41:43",7118
"2020-03-31 10:41:40",7118
"2020-03-31 11:42:05",7118
"2020-03-31 13:05:11",7118
"2020-03-31 13:41:40",7118
"2020-03-31 14:41:49",7121
"2020-03-31 15:41:40",7117
"2020-03-31 16:41:50",7111
"2020-03-31 17:41:39",7114
"2020-03-31 18:41:46",7119
"2020-03-31 19:41:37",7115
"2020-03-31 20:41:44",7117
"2020-03-31 21:41:38",7117
"2020-03-31 22:41:40",7117
"2020-03-31 23:41:46",7117
"2020-04-01 00:41:41",7117
"2020-04-01 01:41:41",7117
"2020-04-01 02:41:39",7117
"2020-04-01 03:41:42",7117
"2020-04-01 04:41:46",7117
"2020-04-01 05:41:53",7117
"2020-04-01 06:41:42",7117
"2020-04-01 07:41:48",7117
"2020-04-01 08:41:39",7117
"2020-04-01 09:41:43",7117
"2020-04-01 10:41:38",7117
"2020-04-01 11:41:52",7117
"2020-04-01 13:08:12",7117
"2020-04-01 13:41:42",7117
"2020-04-01 14:41:52",7130
"2020-04-01 15:41:47",7128
"2020-04-01 16:41:39",7119
"2020-04-01 17:41:37",7118
"2020-04-01 18:41:37",7122
"2020-04-01 19:41:40",7127
"2020-04-01 20:41:40",7127
"2020-04-01 21:41:37",7127
"2020-04-01 22:41:37",7127
"2020-04-01 23:41:46",7127
"2020-04-02 00:41:40",7127
"2020-04-02 01:41:48",7127
"2020-04-02 02:41:40",7127
"2020-04-02 03:41:46",7127
"2020-04-02 04:41:40",7127
"2020-04-02 05:41:42",7127
"2020-04-02 06:41:37",7126
"2020-04-02 07:41:47",7126
"2020-04-02 08:41:57",7126
"2020-04-02 09:41:46",7126
"2020-04-02 10:41:40",7126
"2020-04-02 11:41:39",7126
"2020-04-02 13:09:12",7126
"2020-04-02 13:41:51",7126
"2020-04-02 14:41:38",7129
"2020-04-02 15:41:45",7135
"2020-04-02 16:41:36",7131
"2020-04-02 17:41:38",7133
"2020-04-02 18:41:52",7126
"2020-04-02 19:41:39",7127
"2020-04-02 20:41:48",7126
"2020-04-02 21:41:56",7125
"2020-04-02 22:41:50",7125
"2020-04-02 23:41:39",7125
"2020-04-03 00:41:42",7125
"2020-04-03 01:41:48",7125
"2020-04-03 02:41:41",7125
"2020-04-03 03:41:39",7125
"2020-04-03 04:41:45",7125
"2020-04-03 05:41:48",7125
"2020-04-03 06:41:43",7125
"2020-04-03 08:41:42",7125
"2020-04-03 09:41:40",7125
"2020-04-03 10:41:48",7125
"2020-04-03 11:41:39",7125
"2020-04-03 13:10:14",7125
"2020-04-03 13:41:47",7125
"2020-04-03 14:41:44",7127
"2020-04-03 15:41:50",7127
"2020-04-03 16:41:47",7126
"2020-04-03 17:41:49",7126
"2020-04-03 18:41:50",7123
"2020-04-03 19:41:39",7122
"2020-04-03 20:41:40",7123
"2020-04-03 21:41:42",7124
"2020-04-03 22:41:54",7123
"2020-04-03 23:41:41",7123
"2020-04-04 00:41:38",7123
"2020-04-04 01:41:48",7123
"2020-04-04 02:41:41",7123
"2020-04-04 03:41:43",7123
"2020-04-04 04:41:44",7123
"2020-04-04 05:41:46",7123
"2020-04-04 06:41:41",7123
"2020-04-04 07:41:50",7123
"2020-04-04 08:41:48",7123
"2020-04-04 09:41:46",7123
"2020-04-04 10:41:39",7123
"2020-04-04 11:41:40",7123
"2020-04-04 12:41:40",7123
"2020-04-04 13:41:40",7123
"2020-04-04 14:41:46",7123
"2020-04-04 15:41:38",7123
"2020-04-04 16:41:40",7123
"2020-04-04 17:41:40",7123
"2020-04-04 18:41:39",7123
"2020-04-04 19:41:42",7123
"2020-04-04 20:41:39",7123
"2020-04-04 21:41:38",7123
"2020-04-04 22:41:49",7123
"2020-04-04 23:41:39",7123
"2020-04-05 00:41:54",7123
"2020-04-05 01:41:46",7123
"2020-04-05 02:41:38",7123
"2020-04-05 03:41:40",7123
"2020-04-05 04:41:47",7123
"2020-04-05 05:41:47",7123
"2020-04-05 06:41:48",7123
"2020-04-05 07:41:41",7123
"2020-04-05 08:41:42",7123
"2020-04-05 09:41:38",7123
"2020-04-05 10:41:50",7123
"2020-04-05 11:41:46",7123
"2020-04-05 12:41:39",7123
"2020-04-05 13:41:48",7123
"2020-04-05 14:41:40",7123
"2020-04-05 15:41:39",7123
"2020-04-05 16:41:48",7123
"2020-04-05 17:41:37",7123
"2020-04-05 18:41:39",7123
"2020-04-05 19:41:39",7123
"2020-04-05 20:41:41",7123
"2020-04-05 21:41:42",7123
"2020-04-05 22:41:45",7123
"2020-04-05 23:41:38",7123
"2020-04-06 00:41:37",7123
"2020-04-06 01:41:41",7123
"2020-04-06 02:41:47",7123
"2020-04-06 03:41:54",7123
"2020-04-06 04:41:39",7123
"2020-04-06 05:41:44",7123
"2020-04-06 06:41:44",7123
"2020-04-06 07:41:41",7123
"2020-04-06 08:41:47",7123
"2020-04-06 09:41:41",7123
"2020-04-06 10:41:43",7123
"2020-04-06 11:41:37",7123
"2020-04-06 12:41:43",7123
"2020-04-06 13:41:43",7124
"2020-04-06 14:41:39",7223
"2020-04-06 15:41:41",7228
"2020-04-06 16:41:39",7231
"2020-04-06 17:41:38",7232
"2020-04-06 18:42:17",7238
"2020-04-06 19:41:46",7241
"2020-04-06 20:41:38",7244
"2020-04-06 21:41:37",7244
"2020-04-06 22:41:40",7245
"2020-04-06 23:41:44",7245
"2020-04-07 00:41:41",7245
"2020-04-07 01:41:43",7245
"2020-04-07 02:41:40",7245
"2020-04-07 03:41:40",7245
"2020-04-07 04:41:39",7245
"2020-04-07 05:41:37",7245
"2020-04-07 06:41:42",7245
"2020-04-07 07:41:42",7245
"2020-04-07 08:41:45",7245
"2020-04-07 09:41:39",7245
"2020-04-07 10:41:35",7245
"2020-04-07 11:41:37",7245
"2020-04-07 12:41:40",7245
"2020-04-07 13:41:40",7245
"2020-04-07 14:41:38",7249
"2020-04-07 15:41:37",7261
"2020-04-07 16:41:41",7264
"2020-04-07 17:41:36",7260
"2020-04-07 18:41:37",7264
"2020-04-07 19:41:35",7271
"2020-04-07 20:41:41",7270
"2020-04-07 21:41:42",7274
"2020-04-07 22:41:37",7274
"2020-04-07 23:41:38",7274
"2020-04-08 00:41:41",7274
"2020-04-08 01:41:37",7274
"2020-04-08 02:41:35",7274
"2020-04-08 03:41:41",7274
"2020-04-08 04:41:36",7274
"2020-04-08 06:41:39",7274
"2020-04-08 07:41:43",7274
"2020-04-08 08:41:43",7274
"2020-04-08 09:41:43",7274
"2020-04-08 10:41:38",7274
"2020-04-08 11:41:37",7274
"2020-04-08 12:41:37",7274
"2020-04-08 13:41:39",7274
"2020-04-08 14:41:36",7287
"2020-04-08 15:41:41",7290
"2020-04-08 16:41:37",7286
"2020-04-08 17:41:42",7288
"2020-04-08 18:41:36",7290
"2020-04-08 19:41:42",7295
"2020-04-08 20:41:40",7296
"2020-04-08 21:41:39",7297
"2020-04-08 22:41:35",7299
"2020-04-08 23:41:38",7299
"2020-04-09 00:41:36",7299
"2020-04-09 01:41:38",7299
"2020-04-09 02:41:38",7299
"2020-04-09 03:41:37",7299
"2020-04-09 04:41:44",7299
"2020-04-09 05:41:40",7299
"2020-04-09 06:41:44",7299
"2020-04-09 07:41:35",7299
"2020-04-09 08:41:36",7299
"2020-04-09 09:41:35",7299
"2020-04-09 10:41:38",7299
"2020-04-09 11:41:37",7299
"2020-04-09 12:41:36",7299
"2020-04-09 13:41:40",7300
"2020-04-09 14:41:39",7338
"2020-04-09 15:41:33",7336
"2020-04-09 16:41:37",7334
"2020-04-09 17:41:37",7341
"2020-04-09 18:41:33",7344
"2020-04-09 19:41:41",7350
"2020-04-09 20:41:36",7358
"2020-04-09 21:41:37",7359
"2020-04-09 22:41:36",7359
"2020-04-09 23:41:35",7359
"2020-04-10 00:41:37",7359
"2020-04-10 01:41:35",7359
"2020-04-10 02:41:39",7359
"2020-04-10 03:41:38",7359
"2020-04-10 04:41:36",7359
"2020-04-10 05:41:39",7359
"2020-04-10 06:41:36",7359
"2020-04-10 07:41:38",7359
"2020-04-10 08:41:38",7359
"2020-04-10 09:41:37",7359
"2020-04-10 10:41:40",7359
"2020-04-10 11:41:37",7359
"2020-04-10 12:41:37",7359
"2020-04-10 13:41:37",7359
"2020-04-10 14:41:41",7359
"2020-04-10 15:41:38",7359
"2020-04-10 16:41:35",7359
"2020-04-10 17:41:39",7359
"2020-04-10 18:41:37",7359
"2020-04-10 19:41:37",7359
"2020-04-10 20:41:44",7359
"2020-04-10 21:41:32",7359
"2020-04-10 22:41:31",7359
"2020-04-10 23:41:31",7359
"2020-04-11 00:41:33",7359
"2020-04-11 01:41:31",7359
"2020-04-11 02:41:31",7359
"2020-04-11 03:41:32",7359
"2020-04-11 04:41:32",7359
"2020-04-11 05:41:32",7359
"2020-04-11 06:41:31",7359
"2020-04-11 07:41:31",7359
"2020-04-11 08:41:29",7359
"2020-04-11 09:41:29",7359
"2020-04-11 10:41:32",7359
"2020-04-11 11:41:29",7359
"2020-04-11 12:41:30",7359
"2020-04-11 13:41:33",7359
"2020-04-11 14:41:29",7359
"2020-04-11 15:41:32",7359
"2020-04-11 16:41:32",7359
"2020-04-11 17:41:32",7359
"2020-04-11 18:41:32",7359
"2020-04-11 19:41:30",7359
"2020-04-11 20:41:29",7359
"2020-04-11 21:41:31",7359
"2020-04-11 22:41:31",7359
"2020-04-11 23:41:31",7359
"2020-04-12 00:41:33",7359
"2020-04-12 01:41:31",7359
"2020-04-12 02:41:31",7359
"2020-04-12 03:41:30",7359
"2020-04-12 04:41:34",7359
"2020-04-12 05:41:32",7359
"2020-04-12 06:41:31",7359
"2020-04-12 07:41:31",7359
"2020-04-12 08:41:30",7359
"2020-04-12 09:41:32",7359
"2020-04-12 10:41:32",7359
"2020-04-12 11:41:30",7359
"2020-04-12 12:41:31",7359
"2020-04-12 13:41:33",7359
"2020-04-12 14:41:33",7359
"2020-04-12 15:41:30",7359
"2020-04-12 16:41:30",7359
"2020-04-12 17:41:30",7359
"2020-04-12 18:41:32",7359
"2020-04-12 19:41:31",7359
"2020-04-12 20:41:35",7359
"2020-04-12 21:41:32",7359
"2020-04-12 22:41:34",7359
"2020-04-12 23:41:35",7359
"2020-04-13 00:41:38",7359
"2020-04-13 01:41:34",7359
"2020-04-13 02:41:34",7359
"2020-04-13 03:41:42",7359
"2020-04-13 04:41:35",7359
"2020-04-13 05:41:36",7359
"2020-04-13 06:41:32",7359
"2020-04-13 07:41:29",7359
"2020-04-13 08:41:33",7359
"2020-04-13 09:41:30",7359
"2020-04-13 10:41:30",7359
"2020-04-13 11:41:34",7359
"2020-04-13 13:07:11",7358
"2020-04-13 13:41:30",7358
"2020-04-13 14:41:30",7562
"2020-04-13 15:41:33",7572
"2020-04-13 16:41:33",7582
"2020-04-13 17:41:34",7586
"2020-04-13 18:41:30",7594
"2020-04-13 19:41:31",7598
"2020-04-13 20:41:32",7602
"2020-04-13 21:41:35",7603
"2020-04-13 22:41:32",7606
"2020-04-13 23:41:31",7606
"2020-04-14 00:41:40",7606
"2020-04-14 01:41:37",7606
"2020-04-14 02:41:36",7606
"2020-04-14 03:41:36",7606
"2020-04-14 04:41:36",7606
"2020-04-14 05:41:38",7606
"2020-04-14 06:41:33",7606
"2020-04-14 07:41:31",7606
"2020-04-14 08:41:33",7606
"2020-04-14 09:41:32",7606
"2020-04-14 10:41:31",7606
"2020-04-14 11:41:33",7606
"2020-04-14 12:41:34",7606
"2020-04-14 13:41:35",7606
"2020-04-14 14:41:37",7655
"2020-04-14 15:41:38",7673
"2020-04-14 16:41:41",7702
"2020-04-14 17:41:32",7725
"2020-04-14 18:41:39",7750
"2020-04-14 19:41:35",7758
"2020-04-14 20:41:34",7774
"2020-04-14 21:41:35",7776
"2020-04-14 22:41:35",7778
"2020-04-14 23:41:40",7778
"2020-04-15 00:41:37",7778
"2020-04-15 01:41:37",7778
"2020-04-15 02:41:35",7778
"2020-04-15 03:41:38",7778
"2020-04-15 04:41:39",7778
"2020-04-15 05:41:33",7778
"2020-04-15 06:41:34",7778
"2020-04-15 07:41:35",7778
"2020-04-15 08:41:35",7778
"2020-04-15 09:41:34",7778
"2020-04-15 10:41:33",7778
"2020-04-15 11:41:33",7778
"2020-04-15 13:10:14",7779
"2020-04-15 13:41:41",7779
"2020-04-15 14:41:34",7832
"2020-04-15 15:41:33",7829
"2020-04-15 16:41:38",7829
"2020-04-15 17:41:33",7827
"2020-04-15 18:41:34",7826
"2020-04-15 19:41:36",7827
"2020-04-15 20:41:35",7828
"2020-04-15 21:41:36",7831
"2020-04-15 22:41:38",7833
"2020-04-15 23:41:35",7833
"2020-04-16 00:41:39",7833
"2020-04-16 01:41:40",7833
"2020-04-16 02:41:40",7833
"2020-04-16 03:41:40",7833
"2020-04-16 04:41:42",7833
"2020-04-16 05:41:37",7833
"2020-04-16 06:41:39",7833
"2020-04-16 07:41:35",7833
"2020-04-16 08:41:35",7833
"2020-04-16 09:41:34",7833
"2020-04-16 10:41:34",7833
"2020-04-16 11:41:35",7833
"2020-04-16 12:41:34",7833
"2020-04-16 13:41:35",7833
"2020-04-16 14:41:34",7859
"2020-04-16 15:41:41",7850
"2020-04-16 16:41:41",7849
"2020-04-16 17:41:36",7848
"2020-04-16 18:41:39",7849
"2020-04-16 19:41:34",7848
"2020-04-16 20:41:35",7850
"2020-04-16 21:41:42",7851
"2020-04-16 22:41:35",7850
"2020-04-16 23:41:41",7850
"2020-04-17 00:41:40",7850
"2020-04-17 01:41:36",7850
"2020-04-17 02:41:40",7850
"2020-04-17 03:41:36",7850
"2020-04-17 04:41:34",7850
"2020-04-17 05:41:36",7850
"2020-04-17 06:41:38",7850
"2020-04-17 07:41:48",7850
"2020-04-17 08:41:37",7850
"2020-04-17 09:41:35",7850
"2020-04-17 10:41:35",7850
"2020-04-17 11:41:33",7850
"2020-04-17 13:07:13",7850
"2020-04-17 13:41:37",7850
"2020-04-17 14:41:35",7860
"2020-04-17 15:41:36",7869
"2020-04-17 16:41:34",7868
"2020-04-17 17:41:35",7862
"2020-04-17 18:41:39",7859
"2020-04-17 19:41:37",7867
"2020-04-17 20:41:39",7868
"2020-04-17 21:41:38",7873
"2020-04-17 22:41:37",7872
"2020-04-17 23:41:39",7872
"2020-04-18 00:41:38",7872
"2020-04-18 01:41:37",7872
"2020-04-18 02:41:36",7872
"2020-04-18 03:41:37",7872
"2020-04-18 04:41:39",7872
"2020-04-18 05:41:38",7872
"2020-04-18 06:41:35",7872
"2020-04-18 07:41:33",7872
"2020-04-18 08:41:38",7872
"2020-04-18 09:41:32",7870
"2020-04-18 10:41:34",7870
"2020-04-18 11:41:34",7870
"2020-04-18 12:41:32",7870
"2020-04-18 13:41:38",7870
"2020-04-18 14:41:36",7870
"2020-04-18 15:41:34",7870
"2020-04-18 16:41:33",7870
"2020-04-18 17:41:38",7870
"2020-04-18 18:41:35",7870
"2020-04-18 19:41:32",7870
"2020-04-18 20:41:37",7870
"2020-04-18 21:41:34",7870
"2020-04-18 22:41:38",7870
"2020-04-18 23:41:39",7870
"2020-04-19 00:41:40",7870
"2020-04-19 01:41:42",7870
"2020-04-19 02:41:40",7870
"2020-04-19 03:41:40",7870
"2020-04-19 04:41:45",7870
"2020-04-19 05:41:38",7870
"2020-04-19 06:41:38",7870
"2020-04-19 07:41:39",7870
"2020-04-19 08:41:35",7870
"2020-04-19 09:41:36",7870
"2020-04-19 10:41:35",7870
"2020-04-19 11:41:32",7870
"2020-04-19 12:41:32",7870
"2020-04-19 13:41:39",7870
"2020-04-19 14:41:33",7870
"2020-04-19 15:41:32",7870
"2020-04-19 16:41:36",7870
"2020-04-19 17:41:42",7870
"2020-04-19 18:41:35",7870
"2020-04-19 19:41:34",7870
"2020-04-19 20:41:33",7870
"2020-04-19 21:41:43",7870
"2020-04-19 22:41:41",7870
"2020-04-19 23:41:39",7870
"2020-04-20 00:41:41",7870
"2020-04-20 01:41:40",7870
"2020-04-20 02:41:43",7870
"2020-04-20 03:41:44",7870
"2020-04-20 04:41:41",7870
"2020-04-20 05:41:48",7870
"2020-04-20 06:41:39",7870
"2020-04-20 07:41:34",7870
"2020-04-20 08:41:35",7870
"2020-04-20 09:41:35",7870
"2020-04-20 10:41:34",7870
"2020-04-20 11:41:35",7870
"2020-04-20 12:41:35",7870
"2020-04-20 13:41:36",7864
"2020-04-20 14:41:38",7833
"2020-04-20 15:41:36",7927
"2020-04-20 16:41:38",7937
"2020-04-20 17:41:35",7955
"2020-04-20 18:41:39",7971
"2020-04-20 20:41:52",8007
"2020-04-20 21:41:46",8013
"2020-04-20 22:41:52",8020
"2020-04-20 23:41:41",8020
"2020-04-21 00:41:41",8020
"2020-04-21 01:41:40",8020
"2020-04-21 02:41:40",8020
"2020-04-21 03:42:00",8020
"2020-04-21 04:42:08",8020
"2020-04-21 05:42:20",8020
"2020-04-21 06:41:43",8020
"2020-04-21 07:41:38",8020
"2020-04-21 08:41:36",8020
"2020-04-21 09:41:35",8020
"2020-04-21 10:41:35",8020
"2020-04-21 11:41:34",8020
"2020-04-21 12:41:35",8020
"2020-04-21 13:41:38",8022
"2020-04-21 14:41:40",8103
"2020-04-21 15:41:34",8091
"2020-04-21 16:41:34",8085
"2020-04-21 17:41:41",8083
"2020-04-21 18:41:35",8082
"2020-04-21 19:41:36",8086
"2020-04-21 20:41:40",8093
"2020-04-21 21:41:43",8092
"2020-04-21 22:41:43",8093
"2020-04-21 23:41:35",8093
"2020-04-22 00:41:39",8093
"2020-04-22 01:41:42",8093
"2020-04-22 02:41:41",8093
"2020-04-22 03:41:36",8093
"2020-04-22 04:41:35",8093
"2020-04-22 05:41:36",8093
"2020-04-22 06:41:38",8093
"2020-04-22 07:41:37",8093
"2020-04-22 08:41:34",8093
"2020-04-22 09:41:37",8093
"2020-04-22 10:41:43",8093
"2020-04-22 11:41:33",8093
"2020-04-22 12:41:36",8093
"2020-04-22 13:41:34",8093
"2020-04-22 14:41:36",8092
"2020-04-22 15:41:35",8073
"2020-04-22 16:41:41",8180
"2020-04-22 17:41:44",8176
"2020-04-22 18:41:39",8187
"2020-04-22 19:41:36",8199
"2020-04-22 20:41:36",8207
"2020-04-22 21:41:40",8208
"2020-04-22 22:41:37",8207
"2020-04-22 23:41:40",8207
"2020-04-23 00:41:35",8207
"2020-04-23 01:41:38",8207
"2020-04-23 02:41:41",8207
"2020-04-23 03:41:42",8207
"2020-04-23 04:41:40",8207
"2020-04-23 05:41:33",8207
"2020-04-23 06:41:34",8207
"2020-04-23 07:41:36",8207
"2020-04-23 08:41:35",8207
"2020-04-23 09:41:32",8207
"2020-04-23 10:41:34",8207
"2020-04-23 11:41:39",8207
"2020-04-23 12:41:33",8207
"2020-04-23 13:41:34",8206
"2020-04-23 14:41:35",8207
"2020-04-23 15:41:36",8196
"2020-04-23 16:41:41",8177
"2020-04-23 17:41:34",8177
"2020-04-23 18:41:37",8177
"2020-04-23 19:41:34",8172
"2020-04-23 20:41:41",8177
"2020-04-23 21:41:38",8180
"2020-04-23 22:41:34",8178
"2020-04-23 23:41:36",8178
"2020-04-24 00:41:40",8178
"2020-04-24 01:41:51",8178
"2020-04-24 02:41:34",8178
"2020-04-24 03:41:42",8178
"2020-04-24 04:41:34",8178
"2020-04-24 05:41:34",8178
"2020-04-24 06:41:35",8178
"2020-04-24 07:41:32",8178
"2020-04-24 08:41:42",8178
"2020-04-24 09:41:35",8178
"2020-04-24 10:41:34",8178
"2020-04-24 11:41:33",8178
"2020-04-24 13:08:14",8178
"2020-04-24 13:41:44",8178
"2020-04-24 14:41:38",8160
"2020-04-24 15:41:36",8178
"2020-04-24 16:41:35",8176
"2020-04-24 17:41:36",8174
"2020-04-24 18:41:39",8171
"2020-04-24 19:41:35",8165
"2020-04-24 20:41:40",8164
"2020-04-24 21:41:39",8165
"2020-04-24 22:41:45",8165
"2020-04-24 23:41:37",8165
"2020-04-25 00:41:46",8165
"2020-04-25 01:41:43",8165
"2020-04-25 02:41:41",8165
"2020-04-25 03:41:38",8165
"2020-04-25 04:41:42",8165
"2020-04-25 05:41:42",8165
"2020-04-25 06:41:38",8165
"2020-04-25 07:41:36",8165
"2020-04-25 08:41:37",8165
"2020-04-25 09:41:36",8165
"2020-04-25 10:41:35",8165
"2020-04-25 11:41:36",8165
"2020-04-25 12:41:35",8165
"2020-04-25 13:41:41",8165
"2020-04-25 14:41:36",8165
"2020-04-25 15:41:37",8165
"2020-04-25 16:41:38",8165
"2020-04-25 17:41:38",8165
"2020-04-25 18:41:36",8165
"2020-04-25 19:41:39",8165
"2020-04-25 20:41:36",8165
"2020-04-25 21:41:35",8165
"2020-04-25 22:41:39",8165
"2020-04-25 23:41:41",8165
"2020-04-26 00:41:35",8165
"2020-04-26 01:41:40",8165
"2020-04-26 02:41:39",8165
"2020-04-26 03:41:41",8165
"2020-04-26 04:41:35",8165
"2020-04-26 05:41:44",8165
"2020-04-26 06:41:39",8165
"2020-04-26 07:41:37",8165
"2020-04-26 08:41:35",8165
"2020-04-26 09:41:36",8165
"2020-04-26 10:41:35",8165
"2020-04-26 11:41:38",8165
"2020-04-26 12:41:36",8165
"2020-04-26 13:41:33",8165
"2020-04-26 14:41:34",8165
"2020-04-26 15:41:37",8165
"2020-04-26 16:41:36",8165
"2020-04-26 17:41:36",8165
"2020-04-26 18:41:37",8165
"2020-04-26 19:41:37",8165
"2020-04-26 20:41:35",8165
"2020-04-26 21:41:35",8165
"2020-04-26 22:41:39",8165
"2020-04-26 23:41:43",8165
"2020-04-27 00:41:43",8165
"2020-04-27 01:41:43",8165
"2020-04-27 02:41:40",8165
"2020-04-27 03:41:44",8165
"2020-04-27 04:41:44",8165
"2020-04-27 05:41:39",8165
"2020-04-27 06:41:36",8165
"2020-04-27 07:41:35",8165
"2020-04-27 08:41:38",8165
"2020-04-27 09:41:37",8165
"2020-04-27 10:41:35",8165
"2020-04-27 11:41:32",8165
"2020-04-27 12:41:35",8165
"2020-04-27 13:41:44",8168
"2020-04-27 14:41:38",8173
"2020-04-27 15:41:36",8208
"2020-04-27 16:41:33",8200
"2020-04-27 17:41:36",8198
"2020-04-27 18:41:36",8206
"2020-04-27 19:41:35",8205
"2020-04-27 20:41:35",8204
"2020-04-27 21:41:42",8204
"2020-04-27 22:41:40",8206
"2020-04-27 23:41:41",8206
"2020-04-28 00:41:48",8206
"2020-04-28 01:41:38",8206
"2020-04-28 02:41:46",8206
"2020-04-28 03:41:43",8206
"2020-04-28 04:41:46",8206
"2020-04-28 05:41:35",8206
"2020-04-28 06:41:36",8206
"2020-04-28 07:41:43",8206
"2020-04-28 08:41:36",8206
"2020-04-28 09:41:37",8206
"2020-04-28 10:41:33",8206
"2020-04-28 11:41:36",8206
"2020-04-28 12:41:38",8206
"2020-04-28 13:41:36",8200
"2020-04-28 14:41:45",8218
"2020-04-28 15:41:42",8228
"2020-04-28 16:41:36",8235
"2020-04-28 17:41:42",8235
"2020-04-28 18:41:42",8227
"2020-04-28 19:41:37",8233
"2020-04-28 20:41:37",8237
"2020-04-28 21:41:38",8238
"2020-04-28 22:41:36",8239
"2020-04-28 23:41:37",8239
"2020-04-29 00:41:46",8239
"2020-04-29 01:41:51",8239
"2020-04-29 02:41:43",8239
"2020-04-29 03:41:37",8239
"2020-04-29 04:41:43",8239
"2020-04-29 05:41:36",8239
"2020-04-29 06:41:38",8239
"2020-04-29 07:41:38",8239
"2020-04-29 08:41:36",8239
"2020-04-29 09:41:41",8239
"2020-04-29 10:41:40",8239
"2020-04-29 11:41:35",8239
"2020-04-29 13:06:13",8239
"2020-04-29 13:41:38",8239
"2020-04-29 14:41:36",8244
"2020-04-29 15:41:34",8236
"2020-04-29 16:41:39",8235
"2020-04-29 17:41:37",8226
"2020-04-29 18:41:46",8213
"2020-04-29 19:41:45",8217
"2020-04-29 20:41:37",8222
"2020-04-29 21:41:45",8222
"2020-04-29 22:41:45",8225
"2020-04-29 23:41:44",8225
"2020-04-30 00:41:45",8225
"2020-04-30 01:41:44",8225
"2020-04-30 02:41:53",8225
"2020-04-30 03:41:49",8225
"2020-04-30 04:41:44",8225
"2020-04-30 05:41:40",8225
"2020-04-30 06:41:38",8225
"2020-04-30 07:41:38",8225
"2020-04-30 08:41:39",8225
"2020-04-30 09:41:38",8225
"2020-04-30 10:41:35",8225
"2020-04-30 11:41:37",8225
"2020-04-30 12:41:36",8225
"2020-04-30 13:41:38",8224
"2020-04-30 14:41:43",8212
"2020-04-30 15:41:35",8205
"2020-04-30 16:41:36",8211
"2020-04-30 17:42:12",8212
"2020-04-30 18:41:41",8217
"2020-04-30 20:41:38",8226
"2020-04-30 21:41:39",8225
"2020-04-30 22:41:39",8232
"2020-04-30 23:41:38",8232
"2020-05-01 00:41:45",8232
"2020-05-01 01:41:44",8232
"2020-05-01 02:41:38",8232
"2020-05-01 03:41:37",8232
"2020-05-01 04:41:39",8232
"2020-05-01 05:41:40",8232
"2020-05-01 06:41:38",8232
"2020-05-01 07:41:39",8232
"2020-05-01 08:41:37",8232
"2020-05-01 09:41:36",8232
"2020-05-01 10:41:35",8232
"2020-05-01 11:41:37",8232
"2020-05-01 13:07:15",8232
"2020-05-01 13:41:47",8232
"2020-05-01 14:41:36",8255
"2020-05-01 15:41:37",8259
"2020-05-01 16:41:40",8256
"2020-05-01 17:41:41",8257
"2020-05-01 18:41:36",8257
"2020-05-01 19:41:38",8254
"2020-05-01 20:41:35",8258
"2020-05-01 21:41:45",8262
"2020-05-01 22:41:37",8261
"2020-05-01 23:41:36",8261
"2020-05-02 00:41:38",8261
"2020-05-02 01:41:44",8261
"2020-05-02 02:41:43",8261
"2020-05-02 03:41:38",8261
"2020-05-02 04:41:37",8261
"2020-05-02 05:41:42",8261
"2020-05-02 06:41:38",8261
"2020-05-02 07:41:43",8261
"2020-05-02 08:41:38",8261
"2020-05-02 09:41:38",8261
"2020-05-02 10:41:35",8261
"2020-05-02 11:41:37",8261
"2020-05-02 12:41:36",8261
"2020-05-02 13:41:38",8261
"2020-05-02 14:41:40",8261
"2020-05-02 15:41:38",8261
"2020-05-02 16:41:40",8261
"2020-05-02 17:41:38",8261
"2020-05-02 18:41:42",8261
"2020-05-02 19:41:37",8261
"2020-05-02 20:41:36",8261
"2020-05-02 21:41:37",8261
"2020-05-02 22:41:35",8261
"2020-05-02 23:41:43",8261
"2020-05-03 00:41:38",8261
"2020-05-03 01:41:45",8261
"2020-05-03 02:41:42",8261
"2020-05-03 03:41:42",8261
"2020-05-03 04:41:43",8261
"2020-05-03 05:41:38",8261
"2020-05-03 06:41:38",8261
"2020-05-03 07:41:40",8261
"2020-05-03 08:41:40",8261
"2020-05-03 09:41:45",8261
"2020-05-03 10:41:39",8261
"2020-05-03 11:41:37",8261
"2020-05-03 12:41:37",8261
"2020-05-03 13:41:38",8261
"2020-05-03 14:41:40",8261
"2020-05-03 15:41:38",8261
"2020-05-03 16:41:43",8261
"2020-05-03 17:41:45",8261
"2020-05-03 18:41:37",8261
"2020-05-03 19:41:51",8261
"2020-05-03 20:41:44",8261
"2020-05-03 21:41:41",8261
"2020-05-03 22:41:44",8261
"2020-05-03 23:41:44",8261
"2020-05-04 00:41:43",8261
"2020-05-04 01:41:44",8261
"2020-05-04 02:41:43",8261
"2020-05-04 03:41:44",8261
"2020-05-04 04:41:37",8261
"2020-05-04 05:41:39",8261
"2020-05-04 06:41:39",8261
"2020-05-04 09:28:21",8261
"2020-05-04 10:47:16",8261
"2020-05-04 10:55:06",8261
"2020-05-04 11:02:41",8261
"2020-05-04 11:41:42",8261
"2020-05-04 13:06:16",8260
"2020-05-04 13:41:39",8260
"2020-05-04 14:41:40",8260
"2020-05-04 15:41:38",8265
"2020-05-04 16:41:39",8253
"2020-05-04 17:41:38",8251
"2020-05-04 18:41:37",8249
"2020-05-04 19:41:44",8249
"2020-05-04 20:41:44",8249
"2020-05-04 21:41:45",8250
"2020-05-04 22:41:38",8253
"2020-05-04 23:41:38",8253
"2020-05-05 00:41:37",8253
"2020-05-05 01:41:43",8253
"2020-05-05 02:41:36",8253
"2020-05-05 03:41:41",8253
"2020-05-05 04:41:38",8253
"2020-05-05 05:41:38",8253
"2020-05-05 06:41:40",8253
"2020-05-05 07:41:40",8253
"2020-05-05 08:41:48",8253
"2020-05-05 09:41:36",8253
"2020-05-05 10:41:36",8253
"2020-05-05 11:41:45",8253
"2020-05-05 12:41:39",8253
"2020-05-05 13:41:39",8254
"2020-05-05 14:41:38",8259
"2020-05-05 15:41:37",8272
"2020-05-05 16:41:39",8274
"2020-05-05 17:41:38",8272
"2020-05-05 18:41:37",8269
"2020-05-05 19:41:44",8271
"2020-05-05 20:41:40",8275
"2020-05-05 21:41:35",8274
"2020-05-05 22:41:35",8275
"2020-05-05 23:41:45",8275
"2020-05-06 00:41:39",8275
"2020-05-06 01:41:39",8275
"2020-05-06 02:41:37",8275
"2020-05-06 03:41:35",8275
"2020-05-06 04:41:39",8274
"2020-05-06 05:41:40",8274
"2020-05-06 06:41:36",8274
"2020-05-06 17:41:51",8273
"2020-05-06 18:41:50",8276
"2020-05-06 19:41:40",8275
"2020-05-06 20:41:44",8277
"2020-05-06 21:41:49",8277
"2020-05-06 22:41:47",8276
"2020-05-06 23:41:48",8276
"2020-05-07 00:41:47",8276
"2020-05-07 01:41:42",8276
"2020-05-07 02:41:37",8276
"2020-05-07 03:41:41",8276
"2020-05-07 04:41:43",8276
"2020-05-07 05:41:40",8276
"2020-05-07 06:41:41",8276
"2020-05-07 08:41:42",8276
"2020-05-07 09:41:40",8276
"2020-05-07 10:41:45",8276
"2020-05-07 11:41:42",8276
"2020-05-07 12:41:43",8276
"2020-05-07 13:41:44",8276
"2020-05-07 14:41:46",8285
"2020-05-07 15:41:40",8291
"2020-05-07 16:41:42",8293
"2020-05-07 17:41:39",8300
"2020-05-07 18:41:38",8302
"2020-05-07 19:41:49",8308
"2020-05-07 20:41:38",8308
"2020-05-07 21:41:38",8307
"2020-05-07 22:41:39",8306
"2020-05-07 23:41:42",8306
"2020-05-08 00:41:41",8306
"2020-05-08 01:41:37",8306
"2020-05-08 02:41:38",8306
"2020-05-08 03:41:41",8306
"2020-05-08 04:41:38",8306
"2020-05-08 05:41:39",8306
"2020-05-08 06:41:38",8306
"2020-05-08 07:41:42",8306
"2020-05-08 08:41:43",8306
"2020-05-08 09:41:43",8306
"2020-05-08 10:41:41",8306
"2020-05-08 11:41:41",8306
"2020-05-08 13:06:16",8306
"2020-05-08 13:41:43",8306
"2020-05-08 14:41:41",8313
"2020-05-08 15:41:41",8305
"2020-05-08 16:41:47",8295
"2020-05-08 17:41:42",8292
"2020-05-08 18:41:43",8291
"2020-05-08 19:41:39",8295
"2020-05-08 20:41:42",8294
"2020-05-08 21:41:40",8292
"2020-05-08 22:41:42",8293
"2020-05-08 23:41:41",8293
"2020-05-09 00:41:39",8293
"2020-05-09 01:41:48",8293
"2020-05-09 02:41:41",8293
"2020-05-09 03:41:48",8293
"2020-05-09 04:41:40",8293
"2020-05-09 05:41:42",8291
"2020-05-09 06:41:43",8291
"2020-05-09 07:41:38",8291
"2020-05-09 08:41:42",8291
"2020-05-09 09:41:40",8291
"2020-05-09 10:41:40",8291
"2020-05-09 11:41:37",8291
"2020-05-09 12:41:39",8291
"2020-05-09 13:41:40",8291
"2020-05-09 14:41:39",8291
"2020-05-09 15:41:40",8291
"2020-05-09 16:41:37",8291
"2020-05-09 17:41:41",8291
"2020-05-09 18:41:41",8291
"2020-05-09 19:41:39",8291
"2020-05-09 20:41:39",8291
"2020-05-09 21:41:41",8291
"2020-05-09 22:41:41",8291
"2020-05-09 23:41:40",8291
"2020-05-10 00:41:46",8291
"2020-05-10 01:41:41",8291
"2020-05-10 02:41:48",8291
"2020-05-10 03:41:43",8291
"2020-05-10 04:41:43",8291
"2020-05-10 05:41:44",8291
"2020-05-10 06:41:41",8291
"2020-05-10 07:41:43",8291
"2020-05-10 08:41:42",8291
"2020-05-10 09:41:43",8291
"2020-05-10 10:41:41",8291
"2020-05-10 11:41:42",8291
"2020-05-10 12:41:40",8291
"2020-05-10 13:41:41",8291
"2020-05-10 14:41:38",8291
"2020-05-10 15:41:41",8291
"2020-05-10 16:41:43",8291
"2020-05-10 17:41:40",8291
"2020-05-10 18:41:42",8291
"2020-05-10 19:41:41",8291
"2020-05-10 20:41:43",8291
"2020-05-10 21:41:40",8291
"2020-05-10 22:41:40",8291
"2020-05-10 23:41:42",8291
"2020-05-11 00:41:43",8291
"2020-05-11 01:41:38",8291
"2020-05-11 02:41:41",8291
"2020-05-11 03:41:48",8291
"2020-05-11 04:41:41",8291
"2020-05-11 05:41:42",8291
"2020-05-11 06:41:40",8291
"2020-05-11 07:41:41",8291
"2020-05-11 08:41:45",8291
"2020-05-11 09:43:40",8291
"2020-05-11 10:41:41",8291
"2020-05-11 11:41:38",8291
"2020-05-11 13:05:15",8292
"2020-05-11 13:41:44",8292
"2020-05-11 14:41:41",8362
"2020-05-11 15:41:45",8366
"2020-05-11 16:41:40",8367
"2020-05-11 17:41:40",8371
"2020-05-11 18:41:40",8367
"2020-05-11 19:41:38",8365
"2020-05-11 20:41:37",8364
"2020-05-11 21:41:39",8363
"2020-05-11 22:41:36",8363
"2020-05-11 23:41:41",8363
"2020-05-12 00:41:40",8363
"2020-05-12 01:41:39",8363
"2020-05-12 02:41:38",8363
"2020-05-12 03:41:36",8363
"2020-05-12 04:41:38",8363
"2020-05-12 05:41:38",8363
"2020-05-12 06:41:42",8363
"2020-05-12 07:41:38",8363
"2020-05-12 08:41:40",8363
"2020-05-12 09:41:39",8363
"2020-05-12 10:41:40",8363
"2020-05-12 11:41:37",8363
"2020-05-12 13:11:17",8365
"2020-05-12 17:41:38",8371
"2020-05-12 18:41:40",8374
"2020-05-12 19:41:45",8368
"2020-05-12 20:41:47",8371
"2020-05-12 21:41:48",8371
"2020-05-12 22:41:38",8370
"2020-05-12 23:41:39",8370
"2020-05-13 00:41:46",8370
"2020-05-13 01:41:41",8370
"2020-05-13 02:41:46",8370
"2020-05-13 03:41:48",8370
"2020-05-13 06:41:41",8370
"2020-05-13 07:41:47",8370
"2020-05-13 08:41:45",8370
"2020-05-13 09:41:38",8370
"2020-05-13 10:41:40",8370
"2020-05-13 11:41:39",8370
"2020-05-13 12:41:39",8370
"2020-05-13 13:41:39",8371
"2020-05-13 14:41:39",8394
"2020-05-13 15:41:41",8392
"2020-05-13 16:41:48",8393
"2020-05-13 17:41:41",8390
"2020-05-13 18:41:44",8392
"2020-05-13 19:41:41",8393
"2020-05-13 20:41:41",8394
"2020-05-13 21:41:38",8394
"2020-05-13 22:41:41",8393
"2020-05-13 23:41:41",8393
"2020-05-14 00:41:40",8393
"2020-05-14 01:41:43",8393
"2020-05-14 02:41:40",8393
"2020-05-14 03:41:41",8393
"2020-05-14 04:41:41",8393
"2020-05-14 05:41:43",8393
"2020-05-14 06:41:43",8393
"2020-05-14 07:41:41",8393
"2020-05-14 08:41:43",8393
"2020-05-14 09:41:39",8393
"2020-05-14 10:41:41",8393
"2020-05-14 11:41:42",8393
"2020-05-14 12:41:42",8393
"2020-05-14 13:41:43",8393
"2020-05-14 14:41:42",8399
"2020-05-14 15:41:40",8394
"2020-05-14 16:41:39",8398
"2020-05-14 17:41:39",8399
"2020-05-14 18:41:44",8399
"2020-05-14 19:41:46",8399
"2020-05-14 20:41:39",8396
"2020-05-14 21:41:41",8396
"2020-05-14 22:41:46",8395
"2020-05-14 23:41:43",8395
"2020-05-15 00:41:47",8395
"2020-05-15 01:42:05",8395
"2020-05-15 02:41:47",8395
"2020-05-15 03:41:47",8395
"2020-05-15 04:41:47",8395
"2020-05-15 05:41:41",8395
"2020-05-15 06:41:46",8395
"2020-05-15 07:41:40",8395
"2020-05-15 08:41:42",8395
"2020-05-15 09:41:48",8395
"2020-05-15 10:41:39",8395
"2020-05-15 11:41:40",8395
"2020-05-15 12:41:41",8395
"2020-05-15 13:41:42",8395
"2020-05-15 14:41:39",8403
"2020-05-15 15:41:41",8395
"2020-05-15 16:41:39",8403
"2020-05-15 17:41:46",8407
"2020-05-15 18:41:39",8405
"2020-05-15 19:41:43",8409
"2020-05-15 20:41:41",8413
"2020-05-15 21:41:41",8415
"2020-05-15 22:41:40",8417
"2020-05-15 23:41:38",8417
"2020-05-16 00:41:45",8417
"2020-05-16 01:41:52",8417
"2020-05-16 02:41:49",8417
"2020-05-16 03:41:43",8417
"2020-05-16 04:41:41",8417
"2020-05-16 05:41:41",8417
"2020-05-16 06:41:47",8417
"2020-05-16 07:41:47",8417
"2020-05-16 08:41:40",8417
"2020-05-16 09:41:43",8417
"2020-05-16 10:41:39",8417
"2020-05-16 11:41:39",8417
"2020-05-16 12:41:42",8417
"2020-05-16 13:41:40",8417
"2020-05-16 14:41:39",8417
"2020-05-16 15:41:44",8417
"2020-05-16 16:41:42",8417
"2020-05-16 17:41:39",8417
"2020-05-16 18:41:40",8417
"2020-05-16 19:41:39",8417
"2020-05-16 20:41:41",8417
"2020-05-16 21:41:40",8417
"2020-05-16 22:41:42",8417
"2020-05-16 23:41:40",8417
"2020-05-17 00:41:40",8417
"2020-05-17 01:41:42",8417
"2020-05-18 08:10:06",8417
"2020-05-18 08:14:45",8417
"2020-05-18 08:15:04",8417
"2020-05-18 08:15:32",8417
"2020-05-18 08:15:41",8417
"2020-05-18 08:15:50",8417
"2020-05-18 08:15:55",8417
"2020-05-18 08:16:01",8417
"2020-05-18 08:16:46",8417
"2020-05-18 08:23:27",8417
"2020-05-18 08:24:09",8417
"2020-05-18 08:24:18",8417
"2020-05-18 08:24:36",8417
"2020-05-18 08:26:44",8417
"2020-05-18 08:27:29",8417
"2020-05-18 08:28:29",8417
"2020-05-18 08:29:29",8417
"2020-05-18 08:31:36",8417
"2020-05-18 08:36:46",8417
"2020-05-18 08:36:47",8417
"2020-05-18 08:38:35",8417
"2020-05-18 08:49:30",8417
"2020-05-18 08:50:07",8417
"2020-05-18 08:50:52",8417
"2020-05-18 08:51:51",8417
"2020-05-18 08:52:00",8417
"2020-05-18 08:52:49",8417
"2020-05-18 09:29:44",8417
"2020-05-18 09:30:24",8417
"2020-05-18 09:30:30",8417
"2020-05-18 11:42:58",8417
"2020-05-18 11:50:35",8417
"2020-05-18 11:58:11",8417
"2020-05-18 12:05:48",8417
"2020-05-18 13:05:46",8417
"2020-05-18 13:41:44",8417
"2020-05-18 14:41:40",8387
"2020-05-18 15:41:51",8389
"2020-05-18 16:41:53",8393
"2020-05-18 17:41:41",8392
"2020-05-18 18:41:46",8395
"2020-05-18 19:41:44",8401
"2020-05-18 20:41:42",8401
"2020-05-18 21:41:49",8402
"2020-05-18 22:41:48",8407
"2020-05-18 23:41:50",8407
"2020-05-19 00:42:30",8407
"2020-05-19 01:41:40",8407
"2020-05-19 02:41:43",8407
"2020-05-19 03:41:42",8407
"2020-05-19 04:41:45",8407
"2020-05-19 05:41:43",8407
"2020-05-19 06:41:43",8407
"2020-05-19 07:41:42",8407
"2020-05-19 08:41:46",8407
"2020-05-19 09:41:53",8407
"2020-05-19 10:41:42",8407
"2020-05-19 11:41:48",8407
"2020-05-19 13:06:18",8409
"2020-05-19 13:41:43",8409
"2020-05-19 14:41:41",8436
"2020-05-19 15:41:41",8438
"2020-05-19 16:41:46",8437
"2020-05-19 17:41:40",8434
"2020-05-19 18:41:43",8440
"2020-05-19 19:41:42",8444
"2020-05-19 20:41:44",8452
"2020-05-19 21:41:44",8454
"2020-05-19 22:41:48",8460
"2020-05-19 23:41:41",8460
"2020-05-20 00:41:51",8460
"2020-05-20 01:41:55",8460
"2020-05-20 02:41:46",8460
"2020-05-20 03:41:48",8460
"2020-05-20 04:41:44",8460
"2020-05-20 05:41:42",8460
"2020-05-20 06:41:40",8460
"2020-05-20 07:41:44",8460
"2020-05-20 08:41:41",8460
"2020-05-20 09:41:46",8460
"2020-05-20 10:41:40",8460
"2020-05-20 11:41:41",8460
"2020-05-20 12:41:40",8460
"2020-05-20 13:41:43",8460
"2020-05-20 14:41:43",8491
"2020-05-20 15:41:41",8475
"2020-05-20 16:41:41",8479
"2020-05-20 17:41:48",8476
"2020-05-20 18:41:42",8472
"2020-05-20 19:41:42",8471
"2020-05-20 20:41:39",8464
"2020-05-20 21:41:42",8466
"2020-05-20 22:41:39",8469
"2020-05-20 23:41:41",8469
"2020-05-21 00:41:48",8469
"2020-05-21 01:41:40",8469
"2020-05-21 02:41:42",8469
"2020-05-21 03:41:43",8469
"2020-05-21 04:41:40",8469
"2020-05-21 05:41:40",8469
"2020-05-21 06:41:43",8469
"2020-05-21 07:41:40",8469
"2020-05-21 08:41:42",8469
"2020-05-21 09:41:41",8469
"2020-05-21 10:41:42",8469
"2020-05-21 11:41:44",8469
"2020-05-21 12:41:41",8469
"2020-05-21 13:41:44",8467
"2020-05-21 14:41:39",8518
"2020-05-21 15:41:41",8531
"2020-05-21 16:41:47",8533
"2020-05-21 17:41:43",8533
"2020-05-21 18:41:41",8535
"2020-05-21 19:41:40",8533
"2020-05-21 20:41:42",8523
"2020-05-21 21:41:43",8525
"2020-05-21 22:41:43",8527
"2020-05-21 23:41:48",8527
"2020-05-22 00:42:14",8527
"2020-05-22 01:41:42",8527
"2020-05-22 02:41:47",8527
"2020-05-22 03:41:48",8527
"2020-05-22 04:41:44",8527
"2020-05-22 05:41:45",8527
"2020-05-22 06:41:40",8527
"2020-05-22 07:41:42",8527
"2020-05-22 08:41:44",8527
"2020-05-22 09:41:42",8527
"2020-05-22 10:41:40",8527
"2020-05-22 11:41:41",8527
"2020-05-22 12:41:42",8527
"2020-05-22 13:41:45",8527
"2020-05-22 14:41:41",8531
"2020-05-22 15:41:41",8521
"2020-05-22 16:41:42",8524
"2020-05-22 17:41:41",8518
"2020-05-22 18:41:48",8517
"2020-05-22 19:41:41",8513
"2020-05-22 20:41:40",8514
"2020-05-22 21:41:41",8516
"2020-05-22 22:41:41",8519
"2020-05-22 23:41:42",8519
"2020-05-23 00:41:41",8519
"2020-05-23 01:41:42",8519
"2020-05-23 02:41:47",8519
"2020-05-23 03:41:44",8519
"2020-05-23 04:41:49",8519
"2020-05-23 05:41:42",8519
"2020-05-23 06:41:45",8519
"2020-05-23 07:41:45",8519
"2020-05-23 08:41:45",8519
"2020-05-23 09:41:43",8519
"2020-05-23 10:41:42",8519
"2020-05-23 11:41:47",8519
"2020-05-23 12:41:44",8519
"2020-05-23 13:41:44",8519
"2020-05-23 14:41:43",8519
"2020-05-23 15:41:42",8519
"2020-05-23 16:41:46",8519
"2020-05-23 17:41:44",8519
"2020-05-23 18:41:48",8519
"2020-05-23 19:41:43",8519
"2020-05-23 20:41:42",8519
"2020-05-23 21:41:41",8519
"2020-05-23 22:41:43",8519
"2020-05-23 23:41:44",8519
"2020-05-24 00:41:52",8519
"2020-05-24 01:41:42",8519
"2020-05-24 02:41:42",8519
"2020-05-24 03:41:44",8519
"2020-05-24 04:41:43",8519
"2020-05-24 05:41:43",8519
"2020-05-24 06:41:43",8519
"2020-05-24 07:41:43",8519
"2020-05-24 08:41:47",8519
"2020-05-24 09:41:41",8519
"2020-05-24 10:41:45",8519
"2020-05-24 11:41:43",8519
"2020-05-24 12:41:43",8519
"2020-05-24 13:41:44",8519
"2020-05-24 14:41:45",8519
"2020-05-24 15:41:41",8519
"2020-05-24 16:41:45",8519
"2020-05-24 17:41:45",8519
"2020-05-24 18:41:45",8519
"2020-05-24 19:41:44",8519
"2020-05-24 20:41:44",8519
"2020-05-24 21:41:46",8519
"2020-05-24 22:41:45",8519
"2020-05-24 23:41:41",8519
"2020-05-25 00:41:42",8519
"2020-05-25 01:41:47",8519
"2020-05-25 02:41:43",8519
"2020-05-25 03:41:55",8519
"2020-05-25 04:41:42",8519
"2020-05-25 05:42:38",8519
"2020-05-25 06:42:03",8519
"2020-05-25 07:41:45",8519
"2020-05-25 08:41:48",8519
"2020-05-25 09:41:43",8519
"2020-05-25 10:41:42",8519
"2020-05-25 11:41:50",8519
"2020-05-25 12:41:43",8519
"2020-05-25 13:41:41",8519
"2020-05-25 14:41:45",8519
"2020-05-25 15:41:42",8519
"2020-05-25 16:41:41",8519
"2020-05-25 17:41:43",8519
"2020-05-25 18:41:43",8519
"2020-05-25 19:41:44",8519
"2020-05-25 20:41:46",8519
"2020-05-25 21:41:41",8519
"2020-05-25 22:41:41",8519
"2020-05-25 23:41:42",8519
"2020-05-26 00:41:44",8519
"2020-05-26 01:41:43",8519
"2020-05-26 02:41:41",8519
"2020-05-26 03:41:45",8519
"2020-05-26 04:41:45",8519
"2020-05-26 05:41:41",8519
"2020-05-26 06:41:44",8519
"2020-05-26 07:41:45",8519
"2020-05-26 08:41:46",8519
"2020-05-26 09:41:42",8519
"2020-05-26 10:41:42",8519
"2020-05-26 11:41:45",8519
"2020-05-26 12:41:43",8519
"2020-05-26 13:41:45",8519
"2020-05-26 14:41:44",8572
"2020-05-26 15:41:42",8572
"2020-05-26 16:41:43",8559
"2020-05-26 17:41:43",8555
"2020-05-26 18:41:42",8547
"2020-05-26 19:41:44",8539
"2020-05-26 20:41:42",8530
"2020-05-26 21:41:48",8527
"2020-05-26 22:41:41",8528
"2020-05-26 23:41:43",8528
"2020-05-27 00:41:53",8528
"2020-05-27 01:41:42",8528
"2020-05-27 02:41:43",8528
"2020-05-27 03:41:43",8528
"2020-05-27 04:41:43",8528
"2020-05-27 05:41:43",8528
"2020-05-27 06:41:45",8528
"2020-05-27 07:41:44",8528
"2020-05-27 08:41:42",8528
"2020-05-27 09:41:41",8528
"2020-05-27 10:41:42",8528
"2020-05-27 11:41:41",8528
"2020-05-27 13:06:48",8527
"2020-05-27 13:41:48",8527
"2020-05-27 14:41:45",8528
"2020-05-27 15:41:41",8533
"2020-05-27 16:41:42",8573
"2020-05-27 17:41:41",8574
"2020-05-27 18:41:41",8574
"2020-05-27 19:41:44",8580
"2020-05-27 20:41:43",8585
"2020-05-27 21:41:45",8584
"2020-05-27 22:41:42",8587
"2020-05-27 23:41:41",8587
"2020-05-28 00:41:43",8587
"2020-05-28 01:41:45",8587
"2020-05-28 02:41:41",8587
"2020-05-28 03:41:42",8587
"2020-05-28 04:41:42",8587
"2020-05-28 05:41:41",8587
"2020-05-28 06:41:42",8587
"2020-05-28 07:41:47",8587
"2020-05-28 08:41:43",8587
"2020-05-28 09:41:41",8587
"2020-05-28 10:41:45",8587
"2020-05-28 11:41:45",8587
"2020-05-28 13:07:21",8587
"2020-05-28 13:41:44",8587
"2020-05-28 14:41:45",8589
"2020-05-28 15:41:44",8588
"2020-05-28 16:41:45",8586
"2020-05-28 17:41:44",8592
"2020-05-28 18:41:43",8596
"2020-05-28 19:41:42",8587
"2020-05-28 20:41:47",8597
"2020-05-28 21:41:51",8598
"2020-05-28 22:41:45",8604
"2020-05-28 23:41:47",8604
"2020-05-29 00:41:46",8604
"2020-05-29 01:41:45",8604
"2020-05-29 02:41:50",8604
"2020-05-29 03:41:44",8604
"2020-05-29 04:41:43",8604
"2020-05-29 05:41:49",8604
"2020-05-29 06:41:49",8604
"2020-05-29 07:41:48",8604
"2020-05-29 08:41:48",8604
"2020-05-29 09:49:44",8604
"2020-05-29 10:41:47",8604
"2020-05-29 11:41:43",8604
"2020-05-29 12:41:45",8604
"2020-05-29 13:41:47",8604
"2020-05-29 14:41:49",8670
"2020-05-29 15:41:44",8674
"2020-05-29 16:41:41",8674
"2020-05-29 17:41:46",8692
"2020-05-29 18:41:44",8688
"2020-05-29 19:41:45",8695
"2020-05-29 20:41:47",8698
"2020-05-29 21:41:44",8698
"2020-05-29 22:41:43",8698
"2020-05-29 23:41:50",8698
"2020-05-30 00:41:42",8698
"2020-05-30 01:41:41",8698
"2020-05-30 02:41:42",8698
"2020-05-30 03:41:43",8698
"2020-05-30 04:41:42",8698
"2020-05-30 05:41:45",8698
"2020-05-30 06:41:47",8698
"2020-05-30 07:41:51",8698
"2020-05-30 08:41:45",8698
"2020-05-30 09:41:42",8698
"2020-05-30 10:41:46",8698
"2020-05-30 11:41:44",8698
"2020-05-30 12:41:43",8698
"2020-05-30 13:41:43",8698
"2020-05-30 14:41:42",8698
"2020-05-30 15:41:43",8698
"2020-05-30 16:41:51",8698
"2020-05-30 17:41:44",8698
"2020-05-30 18:41:43",8698
"2020-05-30 19:41:46",8698
"2020-05-30 20:41:44",8698
"2020-05-30 21:41:45",8698
"2020-05-30 22:41:44",8698
"2020-05-30 23:41:45",8698
"2020-05-31 00:41:45",8698
"2020-05-31 01:41:46",8698
"2020-05-31 02:41:44",8698
"2020-05-31 03:41:45",8698
"2020-05-31 04:41:45",8698
"2020-05-31 05:41:46",8698
"2020-05-31 06:41:47",8698
"2020-05-31 07:41:46",8698
"2020-05-31 09:27:45",8698
"2020-05-31 09:41:45",8698
"2020-05-31 10:41:44",8698
"2020-05-31 13:08:08",8698
"2020-05-31 13:16:54",8698
"2020-06-01 04:45:31",8698
"2020-06-01 04:55:11",8698
"2020-06-01 04:55:36",8698
"2020-06-01 04:55:46",8698
"2020-06-01 04:56:43",8698
"2020-06-01 04:57:24",8698
"2020-06-01 04:57:29",8698
"2020-06-01 04:57:42",8698
"2020-06-01 04:57:50",8698
"2020-06-01 04:59:13",8698
"2020-06-01 05:06:09",8698
"2020-06-01 05:06:26",8698
"2020-06-01 05:06:32",8698
"2020-06-01 05:06:54",8698
"2020-06-01 05:07:42",8698
"2020-06-01 06:36:27",8698
"2020-06-01 06:44:02",8698
"2020-06-01 06:51:38",8698
"2020-06-01 07:41:44",8698
"2020-06-01 08:41:47",8698
"2020-06-01 09:41:44",8698
"2020-06-01 10:41:42",8698
"2020-06-01 11:41:45",8698
"2020-06-01 13:05:20",8699
"2020-06-01 13:41:53",8699
"2020-06-01 14:41:47",8723
"2020-06-01 15:41:44",8722
"2020-06-01 16:41:52",8717
"2020-06-01 17:41:51",8718
"2020-06-01 18:41:51",8716
"2020-06-01 19:41:46",8721
"2020-06-01 20:41:45",8724
"2020-06-01 21:41:45",8727
"2020-06-01 22:41:42",8727
"2020-06-01 23:41:44",8727
"2020-06-02 00:41:46",8727
"2020-06-02 01:41:42",8727
"2020-06-02 02:41:43",8727
"2020-06-02 03:41:44",8727
"2020-06-02 04:41:43",8727
"2020-06-02 05:41:43",8727
"2020-06-02 06:41:43",8727
"2020-06-02 07:41:46",8727
"2020-06-02 08:41:45",8727
"2020-06-02 09:41:43",8727
"2020-06-02 10:41:46",8727
"2020-06-02 11:41:43",8727
"2020-06-02 12:41:52",8727
"2020-06-02 13:41:47",8727
"2020-06-02 14:41:52",8727
"2020-06-02 15:41:52",8763
"2020-06-02 16:41:42",8768
"2020-06-02 17:41:52",8768
"2020-06-02 18:41:44",8769
"2020-06-02 19:41:50",8767
"2020-06-02 20:41:50",8766
"2020-06-02 21:41:41",8768
"2020-06-02 22:41:44",8769
"2020-06-02 23:41:41",8769
"2020-06-03 00:41:47",8769
"2020-06-03 01:41:52",8769
"2020-06-03 02:41:41",8769
"2020-06-03 03:41:49",8769
"2020-06-03 04:41:48",8769
"2020-06-03 05:41:42",8769
"2020-06-03 06:41:45",8769
"2020-06-03 07:41:50",8769
"2020-06-03 08:41:42",8769
"2020-06-03 09:41:43",8769
"2020-06-03 10:41:44",8769
"2020-06-03 11:41:43",8769
"2020-06-03 13:08:50",8767
"2020-06-03 13:41:45",8767
"2020-06-03 14:41:43",8830
"2020-06-03 15:41:50",8872
"2020-06-03 16:41:51",8872
"2020-06-03 17:41:54",8870
"2020-06-03 18:41:57",8880
"2020-06-03 19:41:55",8881
"2020-06-03 20:41:45",8881
"2020-06-03 21:41:46",8899
"2020-06-03 22:41:45",8901
"2020-06-03 23:41:44",8901
"2020-06-04 00:41:54",8901
"2020-06-04 01:41:51",8901
"2020-06-04 02:41:46",8901
"2020-06-04 03:41:47",8901
"2020-06-04 04:41:50",8901
"2020-06-04 05:41:45",8901
"2020-06-04 06:41:47",8901
"2020-06-04 07:41:52",8901
"2020-06-04 08:41:51",8901
"2020-06-04 09:41:48",8901
"2020-06-04 10:41:46",8901
"2020-06-04 11:41:47",8901
"2020-06-04 12:41:49",8901
"2020-06-04 13:41:51",8905
"2020-06-04 14:42:01",8959
"2020-06-04 15:41:53",8958
"2020-06-04 17:07:23",8952
"2020-06-04 17:41:47",8952
"2020-06-04 18:41:53",8947
"2020-06-04 19:41:44",8949
"2020-06-04 20:41:54",8945
"2020-06-04 21:41:54",8947
"2020-06-04 22:41:47",8947
"2020-06-04 23:41:49",8947
"2020-06-05 00:41:48",8947
"2020-06-05 01:41:45",8947
"2020-06-05 02:41:47",8947
"2020-06-05 03:41:47",8947
"2020-06-05 04:41:47",8947
"2020-06-05 05:41:49",8946
"2020-06-05 06:41:48",8946
"2020-06-05 07:41:48",8946
"2020-06-05 08:41:49",8946
"2020-06-05 09:41:44",8946
"2020-06-05 10:41:44",8946
"2020-06-05 11:41:47",8946
"2020-06-05 13:09:51",8944
"2020-06-05 13:41:54",8944
"2020-06-05 14:41:52",8950
"2020-06-05 15:41:47",8959
"2020-06-05 16:41:59",8956
"2020-06-05 17:41:47",8955
"2020-06-05 18:41:47",8952
"2020-06-05 19:41:47",8955
"2020-06-05 20:41:55",8950
"2020-06-05 21:41:49",8952
"2020-06-05 22:41:47",8952
"2020-06-05 23:41:47",8952
"2020-06-06 00:41:50",8952
"2020-06-06 01:41:45",8952
"2020-06-06 02:41:47",8952
"2020-06-06 03:41:48",8952
"2020-06-06 04:41:48",8952
"2020-06-06 05:41:50",8952
"2020-06-06 06:41:48",8952
"2020-06-06 07:41:58",8952
"2020-06-06 08:41:48",8952
"2020-06-06 09:53:08",8952
"2020-06-06 10:41:45",8952
"2020-06-06 11:41:48",8952
"2020-06-06 12:41:47",8952
"2020-06-06 13:41:46",8952
"2020-06-06 14:41:54",8952
"2020-06-06 15:41:47",8952
"2020-06-06 16:41:54",8952
"2020-06-06 18:41:48",8952
"2020-06-06 19:41:47",8952
"2020-06-06 20:41:47",8952
"2020-06-06 21:41:46",8952
"2020-06-06 22:41:47",8952
"2020-06-06 23:41:49",8952
"2020-06-07 00:41:50",8952
"2020-06-07 01:41:45",8952
"2020-06-07 02:41:46",8952
"2020-06-07 03:41:49",8952
"2020-06-07 04:41:48",8952
"2020-06-07 05:41:46",8952
"2020-06-07 06:41:48",8952
"2020-06-07 07:41:48",8952
"2020-06-07 08:41:48",8952
"2020-06-08 04:41:44",8952
"2020-06-08 05:41:44",8952
"2020-06-08 06:41:55",8952
"2020-06-08 07:41:44",8952
"2020-06-08 08:41:47",8952
"2020-06-08 09:41:46",8952
"2020-06-08 10:41:45",8952
"2020-06-08 11:41:46",8952
"2020-06-08 12:41:52",8952
"2020-06-08 13:41:45",8957
"2020-06-08 14:42:02",8981
"2020-06-08 15:41:45",9097
"2020-06-08 16:41:51",9109
"2020-06-08 17:41:49",9114
"2020-06-08 18:41:57",9124
"2020-06-08 19:41:55",9131
"2020-06-08 20:41:49",9139
"2020-06-08 21:41:50",9144
"2020-06-08 22:41:47",9147
"2020-06-08 23:41:49",9147
"2020-06-09 00:41:48",9147
"2020-06-09 01:41:51",9147
"2020-06-09 02:41:50",9147
"2020-06-09 03:41:47",9147
"2020-06-09 04:41:58",9147
"2020-06-09 05:42:02",9147
"2020-06-09 06:41:57",9147
"2020-06-09 07:41:49",9147
"2020-06-09 08:41:50",9147
"2020-06-09 09:41:57",9147
"2020-06-09 10:41:48",9147
"2020-06-09 11:41:52",9147
"2020-06-09 12:42:00",9147
"2020-06-09 13:41:53",9144
"2020-06-09 14:41:53",9143
"2020-06-09 15:41:54",9195
"2020-06-09 16:42:01",9189
"2020-06-09 17:41:48",9184
"2020-06-09 18:41:55",9184
"2020-06-09 19:42:02",9185
"2020-06-09 20:42:04",9185
"2020-06-09 21:41:56",9193
"2020-06-09 22:41:56",9195
"2020-06-09 23:41:56",9195
"2020-06-10 00:41:58",9195
"2020-06-10 01:41:54",9195
"2020-06-10 02:41:54",9195
"2020-06-10 03:41:58",9195
"2020-06-10 04:41:54",9194
"2020-06-10 05:41:57",9194
"2020-06-10 06:41:50",9194
"2020-06-10 07:41:45",9194
"2020-06-10 08:41:51",9194
"2020-06-10 09:41:44",9194
"2020-06-10 10:41:44",9194
"2020-06-10 11:41:48",9194
"2020-06-10 12:41:50",9194
"2020-06-10 13:41:52",9195
"2020-06-10 14:41:56",9203
"2020-06-10 15:41:48",9188
"2020-06-10 16:41:53",9183
"2020-06-10 17:41:51",9183
"2020-06-10 18:41:50",9187
"2020-06-10 19:41:49",9190
"2020-06-10 20:41:47",9189
"2020-06-10 21:41:52",9187
"2020-06-10 22:41:47",9185
"2020-06-10 23:41:55",9185
"2020-06-11 00:42:25",9185
"2020-06-11 01:41:46",9185
"2020-06-11 02:42:00",9185
"2020-06-11 03:42:00",9185
"2020-06-11 04:41:49",9185
"2020-06-11 05:42:00",9185
"2020-06-11 06:41:51",9185
"2020-06-11 07:41:55",9185
"2020-06-11 08:41:47",9185
"2020-06-11 09:41:49",9185
"2020-06-11 10:41:48",9185
"2020-06-11 11:41:45",9185
"2020-06-11 12:41:51",9185
"2020-06-11 13:42:02",9192
"2020-06-11 14:41:51",9177
"2020-06-11 15:42:03",9170
"2020-06-11 16:42:11",9171
"2020-06-11 17:41:55",9149
"2020-06-11 18:41:59",9153
"2020-06-11 19:41:54",9153
"2020-06-11 20:41:48",9150
"2020-06-11 21:41:49",9153
"2020-06-11 22:41:45",9153
"2020-06-11 23:41:45",9153
"2020-06-12 00:41:50",9153
"2020-06-12 01:41:50",9153
"2020-06-12 02:41:49",9153
"2020-06-12 03:41:50",9153
"2020-06-12 04:41:49",9153
"2020-06-12 05:41:48",9152
"2020-06-12 06:41:51",9152
"2020-06-12 07:41:51",9152
"2020-06-12 08:41:46",9152
"2020-06-12 09:41:50",9152
"2020-06-12 10:41:52",9152
"2020-06-12 11:41:47",9152
"2020-06-12 14:09:30",9186
"2020-06-12 14:17:29",9186
"2020-06-12 14:42:01",9186
"2020-06-12 15:41:53",9197
"2020-06-12 16:41:55",9208
"2020-06-12 17:41:48",9217
"2020-06-12 18:41:52",9219
"2020-06-12 19:41:55",9225
"2020-06-12 20:41:56",9229
"2020-06-12 21:41:53",9229
"2020-06-12 22:41:47",9232
"2020-06-12 23:41:47",9232
"2020-06-13 00:41:46",9232
"2020-06-13 01:41:48",9232
"2020-06-13 02:41:48",9232
"2020-06-13 03:41:47",9232
"2020-06-13 04:41:47",9232
"2020-06-13 05:41:47",9232
"2020-06-13 06:41:48",9232
"2020-06-13 07:41:47",9232
"2020-06-13 08:41:45",9232
"2020-06-13 09:41:47",9232
"2020-06-13 10:41:46",9232
"2020-06-13 11:41:45",9232
"2020-06-13 12:41:46",9232
"2020-06-13 13:41:46",9232
"2020-06-13 14:41:47",9232
"2020-06-13 15:41:47",9232
"2020-06-13 16:41:50",9232
"2020-06-13 17:41:48",9232
"2020-06-13 18:41:48",9232
"2020-06-13 19:41:48",9232
"2020-06-13 20:41:49",9232
"2020-06-13 21:41:49",9232
"2020-06-13 22:41:49",9232
"2020-06-13 23:41:49",9232
"2020-06-14 00:41:48",9232
"2020-06-14 01:41:45",9232
"2020-06-14 02:41:48",9232
"2020-06-14 03:41:50",9232
"2020-06-14 04:41:44",9232
"2020-06-14 05:41:53",9232
"2020-06-14 06:41:46",9232
"2020-06-14 07:41:49",9232
"2020-06-14 08:41:47",9232
"2020-06-14 09:41:47",9232
"2020-06-14 10:41:48",9232
"2020-06-14 11:41:48",9232
"2020-06-14 12:41:45",9232
"2020-06-14 13:41:47",9232
"2020-06-14 14:41:49",9232
"2020-06-14 15:41:45",9232
"2020-06-14 16:41:46",9232
"2020-06-14 17:41:48",9232
"2020-06-14 18:41:48",9232
"2020-06-14 19:41:46",9232
"2020-06-14 20:41:47",9232
"2020-06-14 21:41:49",9232
"2020-06-14 22:41:45",9232
"2020-06-14 23:41:47",9232
"2020-06-15 00:41:53",9232
"2020-06-15 01:41:52",9232
"2020-06-15 02:41:49",9232
"2020-06-15 03:41:47",9232
"2020-06-15 04:41:48",9232
"2020-06-15 05:41:57",9232
"2020-06-15 06:41:47",9232
"2020-06-15 07:41:47",9232
"2020-06-15 08:41:48",9232
"2020-06-15 09:41:50",9232
"2020-06-15 10:41:45",9232
"2020-06-15 11:41:47",9232
"2020-06-15 12:41:50",9232
"2020-06-15 13:41:59",9232
"2020-06-15 14:41:56",9287
"2020-06-15 15:41:50",9282
"2020-06-15 16:41:53",9301
"2020-06-15 17:41:50",9299
"2020-06-15 18:40:26",9313
"2020-06-15 18:48:08",9313
"2020-06-15 18:55:47",9313
"2020-06-15 19:03:29",9313
"2020-06-15 19:11:13",9313
"2020-06-15 19:19:01",9313
"2020-06-15 19:26:44",9313
"2020-06-15 19:34:25",9313
"2020-06-15 19:42:04",9313
"2020-06-15 19:49:43",9313
"2020-06-15 19:57:28",9313
"2020-06-15 20:05:14",9320
"2020-06-15 20:10:16",9320
"2020-06-15 20:17:55",9320
"2020-06-15 20:25:33",9320
"2020-06-15 20:33:12",9320
"2020-06-15 20:40:50",9320
"2020-06-15 20:48:27",9320
"2020-06-15 20:56:07",9320
"2020-06-15 21:03:49",9322
"2020-06-15 21:11:32",9322
"2020-06-15 21:19:09",9322
"2020-06-15 21:26:46",9322
"2020-06-15 21:34:24",9322
"2020-06-15 21:42:01",9322
"2020-06-15 21:49:39",9322
"2020-06-15 22:41:47",9323
"2020-06-15 23:41:47",9323
"2020-06-16 00:41:49",9323
"2020-06-16 01:41:45",9323
"2020-06-16 02:42:00",9323
"2020-06-16 03:41:45",9323
"2020-06-16 04:41:45",9323
"2020-06-16 05:41:45",9323
"2020-06-16 06:41:55",9323
"2020-06-16 07:41:54",9323
"2020-06-16 08:41:47",9323
"2020-06-16 09:41:45",9323
"2020-06-16 10:41:47",9323
"2020-06-16 11:41:46",9323
"2020-06-16 12:41:50",9323
"2020-06-16 13:41:49",9323
"2020-06-16 14:41:55",9315
"2020-06-16 15:41:50",9361
"2020-06-16 16:41:49",9352
"2020-06-16 17:41:59",9362
"2020-06-16 18:41:50",9373
"2020-06-16 19:41:50",9377
"2020-06-16 20:41:48",9384
"2020-06-16 21:41:49",9384
"2020-06-16 22:41:46",9387
"2020-06-16 23:41:46",9387
"2020-06-17 00:41:48",9387
"2020-06-17 01:41:54",9387
"2020-06-17 02:41:50",9387
"2020-06-17 03:41:47",9387
"2020-06-17 04:41:50",9387
"2020-06-17 05:41:49",9387
"2020-06-17 06:41:55",9386
"2020-06-17 07:41:49",9386
"2020-06-17 08:41:47",9386
"2020-06-17 09:41:47",9386
"2020-06-17 10:41:46",9386
"2020-06-17 11:41:50",9386
"2020-06-17 12:41:48",9386
"2020-06-17 13:41:52",9378
"2020-06-17 14:41:47",9497
"2020-06-17 15:41:52",9535
"2020-06-17 16:41:53",9581
"2020-06-17 17:41:52",9618
"2020-06-17 18:41:53",9651
"2020-06-17 19:41:57",9665
"2020-06-17 20:41:57",9689
"2020-06-17 21:41:54",9689
"2020-06-17 22:41:47",9689
"2020-06-17 23:41:51",9701
"2020-06-18 00:41:50",9701
"2020-06-18 01:41:50",9701
"2020-06-18 02:41:49",9701
"2020-06-18 03:41:56",9701
"2020-06-18 04:41:50",9700
"2020-06-18 05:41:48",9700
"2020-06-18 06:41:49",9700
"2020-06-18 07:41:54",9700
"2020-06-18 08:41:46",9700
"2020-06-18 09:41:48",9700
"2020-06-18 10:41:46",9700
"2020-06-18 11:41:49",9700
"2020-06-18 12:41:49",9700
"2020-06-18 13:41:54",9702
"2020-06-18 14:41:53",9781
"2020-06-18 17:03:51",9781
"2020-06-18 17:41:52",9781
"2020-06-18 18:41:55",9781
"2020-06-18 19:41:52",9781
"2020-06-18 20:41:50",9852
"2020-06-18 21:41:56",9854
"2020-06-18 22:41:48",9855
"2020-06-18 23:41:54",9855
"2020-06-19 00:41:57",9855
"2020-06-19 01:41:49",9855
"2020-06-19 02:41:49",9855
"2020-06-19 03:41:57",9855
"2020-06-19 04:44:20",9855
"2020-06-19 05:41:51",9854
"2020-06-19 06:41:47",9854
"2020-06-19 07:41:58",9854
"2020-06-19 08:41:57",9854
"2020-06-19 09:41:54",9854
"2020-06-19 10:41:49",9854
"2020-06-19 11:41:45",9854
"2020-06-19 13:07:22",9854
"2020-06-19 13:41:55",9854
"2020-06-19 14:41:51",9895
"2020-06-19 15:41:54",9898
"2020-06-19 16:41:53",9885
"2020-06-19 17:41:58",9885
"2020-06-19 18:41:48",9891
"2020-06-19 19:41:53",9887
"2020-06-19 20:41:51",9890
"2020-06-19 21:41:47",9892
"2020-06-19 22:41:57",9891
"2020-06-19 23:41:56",9891
"2020-06-20 00:41:55",9891
"2020-06-20 01:41:52",9891
"2020-06-20 02:41:54",9891
"2020-06-20 03:41:49",9891
"2020-06-20 04:41:46",9891
"2020-06-20 05:41:54",9891
"2020-06-20 06:41:50",9891
"2020-06-20 07:41:51",9891
"2020-06-20 08:41:52",9891
"2020-06-20 09:41:50",9891
"2020-06-20 10:41:50",9891
"2020-06-20 11:41:50",9891
"2020-06-20 12:41:55",9891
"2020-06-20 13:41:52",9891
"2020-06-20 14:41:54",9891
"2020-06-20 15:41:48",9891
"2020-06-20 16:41:57",9891
"2020-06-20 17:41:49",9891
"2020-06-20 18:41:51",9891
"2020-06-20 19:41:55",9891
"2020-06-20 20:41:54",9891
"2020-06-20 21:41:50",9891
"2020-06-20 22:41:52",9891
"2020-06-20 23:41:53",9891
"2020-06-21 00:41:53",9891
"2020-06-21 01:41:52",9891
"2020-06-21 02:41:51",9891
"2020-06-21 03:42:00",9891
"2020-06-21 04:41:51",9891
"2020-06-21 05:41:59",9891
"2020-06-21 06:41:51",9891
"2020-06-21 07:41:52",9891
"2020-06-21 08:41:48",9891
"2020-06-21 09:41:50",9891
"2020-06-21 10:41:47",9891
"2020-06-21 11:41:52",9891
"2020-06-21 12:41:54",9891
"2020-06-21 13:41:53",9891
"2020-06-21 14:42:02",9891
"2020-06-21 15:41:53",9891
"2020-06-21 16:41:49",9891
"2020-06-21 17:41:52",9891
"2020-06-21 18:41:53",9891
"2020-06-21 19:41:54",9891
"2020-06-21 20:41:51",9891
"2020-06-21 21:41:52",9891
"2020-06-21 22:41:58",9891
"2020-06-21 23:41:56",9891
"2020-06-22 00:41:51",9891
"2020-06-22 01:41:55",9891
"2020-06-22 02:41:53",9891
"2020-06-22 03:41:52",9891
"2020-06-22 04:41:52",9891
"2020-06-22 05:41:58",9891
"2020-06-22 06:41:52",9891
"2020-06-22 07:41:48",9891
"2020-06-22 08:41:53",9891
"2020-06-22 09:41:54",9891
"2020-06-22 10:42:01",9891
"2020-06-22 11:41:49",9891
"2020-06-22 12:41:53",9891
"2020-06-22 13:41:54",9889
"2020-06-22 14:41:54",9906
"2020-06-22 15:41:58",9884
"2020-06-22 16:41:54",9894
"2020-06-22 17:41:59",9912
"2020-06-22 18:41:53",9917
"2020-06-22 19:41:56",9922
"2020-06-22 20:41:50",9929
"2020-06-22 21:41:50",9935
"2020-06-22 22:41:48",9935
"2020-06-22 23:41:50",9935
"2020-06-23 00:41:51",9935
"2020-06-23 01:41:53",9935
"2020-06-23 02:41:55",9935
"2020-06-23 03:41:54",9935
"2020-06-23 04:41:57",9935
"2020-06-23 05:42:05",9935
"2020-06-23 06:41:51",9935
"2020-06-23 07:41:53",9935
"2020-06-23 08:42:04",9935
"2020-06-23 09:41:53",9935
"2020-06-23 10:41:54",9935
"2020-06-23 11:41:51",9935
"2020-06-23 12:41:53",9935
"2020-06-23 13:41:54",9941
"2020-06-23 14:41:55",9990
"2020-06-23 15:42:06",9985
"2020-06-23 16:41:53",9990
"2020-06-23 17:41:55",9999
"2020-06-23 18:42:00",10002
"2020-06-23 19:41:52",10003
"2020-06-23 20:41:56",10006
"2020-06-23 21:41:49",10005
"2020-06-23 22:41:57",10004
"2020-06-23 23:42:01",10004
"2020-06-24 00:41:58",10004
"2020-06-24 01:42:02",10004
"2020-06-24 02:41:58",10004
"2020-06-24 03:41:51",10003
"2020-06-24 04:41:56",10003
"2020-06-24 05:42:01",10003
"2020-06-24 06:41:54",10003
"2020-06-24 07:41:54",10003
"2020-06-24 08:41:52",10003
"2020-06-24 09:41:53",10003
"2020-06-24 10:42:00",10003
"2020-06-24 11:41:49",10003
"2020-06-24 12:41:53",10003
"2020-06-24 13:41:55",10003
"2020-06-24 14:41:59",10000
"2020-06-24 15:41:50",9992
"2020-06-24 16:41:53",9981
"2020-06-24 17:42:01",9974
"2020-06-24 18:41:57",9977
"2020-06-24 19:41:58",9982
"2020-06-24 20:41:55",9977
"2020-06-24 21:41:52",9977
"2020-06-24 22:41:51",9984
"2020-06-24 23:41:53",9984
"2020-06-25 00:41:55",9984
"2020-06-25 01:41:52",9984
"2020-06-25 02:41:50",9984
"2020-06-25 03:41:51",9984
"2020-06-25 04:41:52",9984
"2020-06-25 05:41:51",9984
"2020-06-25 06:41:56",9983
"2020-06-25 07:41:56",9983
"2020-06-25 08:41:51",9983
"2020-06-25 09:41:59",9983
"2020-06-25 10:41:50",9983
"2020-06-25 11:42:04",9983
"2020-06-25 13:06:23",9984
"2020-06-25 13:42:01",9984
"2020-06-25 14:42:10",10073
"2020-06-25 15:42:01",10075
"2020-06-25 16:42:01",10073
"2020-06-25 17:42:00",10078
"2020-06-25 18:41:55",10085
"2020-06-25 19:41:58",10087
"2020-06-25 20:41:52",10084
"2020-06-25 21:41:58",10082
"2020-06-25 22:42:01",10083
"2020-06-25 23:41:53",10083
"2020-06-26 00:42:03",10083
"2020-06-26 01:42:01",10083
"2020-06-26 02:41:56",10083
"2020-06-26 03:41:59",10083
"2020-06-26 04:41:49",10082
"2020-06-26 05:41:53",10082
"2020-06-26 06:41:56",10082
"2020-06-26 07:41:55",10082
"2020-06-26 08:41:56",10082
"2020-06-26 09:41:50",10082
"2020-06-26 10:41:52",10082
"2020-06-26 11:41:58",10082
"2020-06-26 12:41:57",10082
"2020-06-26 13:42:02",10083
"2020-06-26 14:41:54",10082
"2020-06-26 15:41:54",10083
"2020-06-26 16:41:56",10080
"2020-06-26 17:41:56",10079
"2020-06-26 18:41:54",10085
"2020-06-26 19:41:57",10079
"2020-06-26 20:41:55",10089
"2020-06-26 21:41:56",10091
"2020-06-26 22:41:59",10090
"2020-06-26 23:41:52",10090
"2020-06-27 00:42:03",10090
"2020-06-27 01:42:01",10090
"2020-06-27 02:41:59",10090
"2020-06-27 03:42:00",10090
"2020-06-27 04:42:01",10090
"2020-06-27 05:41:51",10090
"2020-06-27 06:41:55",10090
"2020-06-27 07:41:54",10090
"2020-06-27 08:41:51",10090
"2020-06-27 09:41:53",10090
"2020-06-27 10:41:54",10090
"2020-06-27 11:41:51",10090
"2020-06-27 12:41:56",10090
"2020-06-27 13:41:55",10090
"2020-06-27 14:41:50",10090
"2020-06-27 15:42:03",10090
"2020-06-27 16:41:53",10090
"2020-06-27 17:41:53",10090
"2020-06-27 18:41:54",10090
"2020-06-27 19:41:53",10090
"2020-06-27 20:41:51",10090
"2020-06-27 21:41:53",10090
"2020-06-27 22:41:52",10090
"2020-06-27 23:41:51",10090
"2020-06-28 00:41:58",10090
"2020-06-28 01:41:51",10090
"2020-06-28 02:41:55",10090
"2020-06-28 03:41:53",10090
"2020-06-28 04:41:51",10090
"2020-06-28 05:41:53",10090
"2020-06-28 06:41:51",10090
"2020-06-28 07:41:56",10090
"2020-06-28 08:41:54",10090
"2020-06-28 09:41:51",10090
"2020-06-28 10:41:53",10090
"2020-06-28 11:41:50",10090
"2020-06-28 12:41:54",10090
"2020-06-28 13:41:53",10090
"2020-06-28 14:41:51",10090
"2020-06-28 15:41:55",10090
"2020-06-28 16:41:54",10090
"2020-06-28 17:41:51",10090
"2020-06-28 18:41:53",10090
"2020-06-28 19:41:54",10090
"2020-06-28 20:41:50",10090
"2020-06-28 21:41:55",10090
"2020-06-28 22:41:58",10090
"2020-06-28 23:41:54",10090
"2020-06-29 00:42:00",10090
"2020-06-29 01:41:50",10090
"2020-06-29 02:41:55",10090
"2020-06-29 03:41:53",10090
"2020-06-29 04:41:55",10090
"2020-06-29 05:41:52",10090
"2020-06-29 06:41:56",10090
"2020-06-29 07:41:56",10090
"2020-06-29 08:41:54",10090
"2020-06-29 09:41:55",10090
"2020-06-29 10:41:56",10090
"2020-06-29 11:41:53",10090
"2020-06-29 12:42:00",10090
"2020-06-29 13:42:00",10092
"2020-06-29 14:42:07",10119
"2020-06-29 15:41:55",10120
"2020-06-29 16:41:55",10115
"2020-06-29 17:41:54",10107
"2020-06-29 18:41:54",10102
"2020-06-29 19:41:54",10108
"2020-06-29 20:41:54",10102
"2020-06-29 21:41:53",10102
"2020-06-29 22:41:53",10101
"2020-06-29 23:41:56",10101
"2020-06-30 00:41:59",10101
"2020-06-30 01:41:59",10101
"2020-06-30 02:42:08",10101
"2020-06-30 03:41:53",10101
"2020-06-30 04:42:01",10101
"2020-06-30 05:41:59",10101
"2020-06-30 06:42:03",10101
"2020-06-30 07:41:53",10101
"2020-06-30 08:41:53",10101
"2020-06-30 09:41:58",10101
"2020-06-30 10:41:54",10101
"2020-06-30 11:41:52",10101
"2020-06-30 12:41:54",10101
"2020-06-30 13:42:10",10102
"2020-06-30 14:42:00",10103
"2020-06-30 15:42:00",10123
"2020-06-30 16:42:04",10140
"2020-06-30 17:41:55",10154
"2020-06-30 18:41:58",10167
"2020-06-30 19:41:55",10184
"2020-06-30 20:41:58",10187
"2020-06-30 21:42:00",10188
"2020-06-30 22:41:51",10189
"2020-06-30 23:41:55",10189
"2020-07-01 00:42:18",10189
"2020-07-01 01:41:56",10189
"2020-07-01 02:42:02",10189
"2020-07-01 03:41:57",10189
"2020-07-01 04:41:59",10189
"2020-07-01 05:41:56",10189
"2020-07-01 06:41:56",10189
"2020-07-01 07:41:57",10189
"2020-07-01 08:42:01",10189
"2020-07-01 09:42:11",10189
"2020-07-01 10:42:08",10189
"2020-07-01 11:41:55",10189
"2020-07-01 13:06:00",10189
"2020-07-01 13:42:06",10189
"2020-07-01 14:42:08",10239
"2020-07-01 15:42:07",10242
"2020-07-01 16:42:06",10249
"2020-07-01 17:42:01",10249
"2020-07-01 18:42:04",10258
"2020-07-01 19:42:07",10261
"2020-07-01 20:42:03",10259
"2020-07-01 21:41:57",10256
"2020-07-01 22:42:03",10256
"2020-07-01 23:42:00",10256
"2020-07-02 00:42:20",10256
"2020-07-02 01:41:58",10256
"2020-07-02 02:42:00",10256
"2020-07-02 03:42:00",10256
"2020-07-02 04:41:58",10255
"2020-07-02 05:41:58",10255
"2020-07-02 06:41:58",10255
"2020-07-02 07:41:54",10255
"2020-07-02 08:41:55",10255
"2020-07-02 09:41:58",10255
"2020-07-02 10:41:56",10255
"2020-07-02 11:41:57",10255
"2020-07-02 13:09:00",10257
"2020-07-02 13:42:13",10257
"2020-07-02 14:41:58",10323
"2020-07-02 15:41:58",10348
"2020-07-02 16:42:03",10348
"2020-07-02 17:42:03",10357
"2020-07-02 18:42:04",10361
"2020-07-02 19:41:59",10361
"2020-07-02 20:41:53",10377
"2020-07-02 21:41:59",10378
"2020-07-02 22:41:53",10380
"2020-07-02 23:41:54",10380
"2020-07-03 00:42:06",10380
"2020-07-03 01:41:58",10380
"2020-07-03 02:42:02",10380
"2020-07-03 03:41:56",10380
"2020-07-03 04:42:03",10380
"2020-07-03 05:41:56",10380
"2020-07-03 06:41:57",10379
"2020-07-03 07:41:55",10379
"2020-07-03 08:41:55",10379
"2020-07-03 09:42:08",10379
"2020-07-03 10:41:56",10379
"2020-07-03 11:41:56",10379
"2020-07-03 12:41:54",10379
"2020-07-03 13:41:55",10379
"2020-07-03 14:42:02",10379
"2020-07-03 15:41:54",10379
"2020-07-03 16:41:57",10379
"2020-07-03 17:41:56",10379
"2020-07-03 18:42:00",10379
"2020-07-03 19:41:56",10379
"2020-07-03 20:41:56",10379
"2020-07-03 21:41:57",10379
"2020-07-03 22:41:54",10379
"2020-07-03 23:41:56",10379
"2020-07-04 00:41:55",10379
"2020-07-04 01:41:59",10379
"2020-07-04 02:42:03",10379
"2020-07-04 03:41:57",10379
"2020-07-04 04:41:54",10379
"2020-07-04 05:41:57",10379
"2020-07-04 06:41:58",10379
"2020-07-04 07:41:56",10379
"2020-07-04 08:41:55",10379
"2020-07-04 09:41:57",10379
"2020-07-04 11:36:03",10379
"2020-07-04 11:43:51",10379
"2020-07-04 12:41:58",10379
"2020-07-04 13:41:56",10379
"2020-07-04 14:41:57",10379
"2020-07-04 15:41:53",10379
"2020-07-04 16:42:05",10379
"2020-07-04 17:41:56",10379
"2020-07-04 18:41:55",10379
"2020-07-04 19:41:53",10379
"2020-07-04 20:41:58",10379
"2020-07-04 21:41:55",10379
"2020-07-04 22:41:54",10379
"2020-07-04 23:41:59",10379
"2020-07-05 00:41:58",10379
"2020-07-05 01:41:57",10379
"2020-07-05 02:41:53",10379
"2020-07-05 03:41:56",10379
"2020-07-05 04:41:54",10379
"2020-07-05 05:41:57",10379
"2020-07-05 06:41:57",10379
"2020-07-05 07:41:58",10379
"2020-07-05 08:41:56",10379
"2020-07-05 09:41:56",10379
"2020-07-05 11:33:50",10379
"2020-07-05 11:45:20",10379
"2020-07-05 12:41:56",10379
"2020-07-05 13:41:57",10379
"2020-07-05 14:41:53",10379
"2020-07-05 15:41:59",10379
"2020-07-05 16:41:59",10379
"2020-07-05 17:41:54",10379
"2020-07-05 18:41:54",10379
"2020-07-05 19:41:56",10379
"2020-07-05 20:41:55",10379
"2020-07-05 21:41:57",10379
"2020-07-05 22:41:53",10379
"2020-07-05 23:41:54",10379
"2020-07-06 00:41:57",10379
"2020-07-06 01:41:58",10379
"2020-07-06 02:41:57",10379
"2020-07-06 03:41:56",10379
"2020-07-06 04:41:55",10379
"2020-07-06 05:41:52",10379
"2020-07-06 06:41:59",10379
"2020-07-06 07:42:01",10379
"2020-07-06 08:42:00",10379
"2020-07-06 09:41:56",10379
"2020-07-06 11:39:17",10379
"2020-07-06 11:49:49",10379
"2020-07-06 14:07:36",10491
"2020-07-06 14:15:41",10491
"2020-07-06 14:42:04",10491
"2020-07-06 15:41:58",10491
"2020-07-06 16:42:08",10505
"2020-07-06 17:41:59",10505
"2020-07-06 18:41:57",10522
"2020-07-06 19:41:55",10543
"2020-07-06 20:41:56",10583
"2020-07-06 21:41:55",10592
"2020-07-06 22:42:01",10601
"2020-07-06 23:41:55",10601
"2020-07-07 00:41:58",10601
"2020-07-07 01:41:53",10601
"2020-07-07 02:41:56",10601
"2020-07-07 03:42:02",10600
"2020-07-07 04:41:55",10600
"2020-07-07 05:41:53",10600
"2020-07-07 06:41:53",10600
"2020-07-07 07:41:52",10600
"2020-07-07 08:41:52",10600
"2020-07-07 11:22:45",10600
"2020-07-07 11:27:45",10600
"2020-07-07 11:41:55",10600
"2020-07-07 12:41:58",10600
"2020-07-07 13:41:57",10609
"2020-07-07 14:41:57",10671
"2020-07-07 15:42:04",10662
"2020-07-07 16:42:48",10655
"2020-07-07 17:42:01",10652
"2020-07-07 18:41:53",10657
"2020-07-07 19:42:06",10658
"2020-07-07 20:41:58",10646
"2020-07-07 21:42:07",10648
"2020-07-07 22:41:59",10644
"2020-07-07 23:41:57",10644
"2020-07-08 00:42:10",10644
"2020-07-08 01:42:03",10644
"2020-07-08 02:41:57",10644
"2020-07-08 03:41:59",10644
"2020-07-08 04:41:56",10644
"2020-07-08 05:42:04",10644
"2020-07-08 06:41:59",10644
"2020-07-08 07:41:59",10644
"2020-07-08 08:41:58",10644
"2020-07-08 11:47:54",10644
"2020-07-08 11:52:27",10644
"2020-07-08 11:54:01",10644
"2020-07-08 13:10:01",10642
"2020-07-08 13:42:06",10642
"2020-07-08 14:41:57",10645
"2020-07-08 15:41:58",10661
"2020-07-08 16:41:59",10684
"2020-07-08 17:42:01",10684
"2020-07-08 18:42:02",10684
"2020-07-08 19:42:02",10722
"2020-07-08 20:41:58",10855
"2020-07-08 21:41:58",10855
"2020-07-08 22:41:56",10850
"2020-07-08 23:41:59",10850
"2020-07-09 00:42:17",10850
"2020-07-09 01:41:58",10850
"2020-07-09 18:41:59",10979
"2020-07-09 18:44:20",10979
"2020-07-09 18:57:25",10979
"2020-07-09 19:43:34",11007
"2020-07-09 20:42:00",11018
"2020-07-09 21:41:58",11017
"2020-07-09 22:42:03",11022
"2020-07-09 23:41:58",11022
"2020-07-10 00:42:16",11022
"2020-07-10 01:41:57",11022
"2020-07-10 02:42:02",11022
"2020-07-10 03:41:58",11022
"2020-07-10 04:41:53",11022
"2020-07-10 05:41:54",11022
"2020-07-10 06:41:57",11022
"2020-07-10 07:41:58",11022
"2020-07-10 08:41:57",11022
"2020-07-10 11:41:38",11022
"2020-07-10 11:49:27",11022
"2020-07-10 11:57:03",11022
"2020-07-10 13:09:59",11018
"2020-07-10 13:42:00",11018
"2020-07-10 14:41:55",11018
"2020-07-10 15:41:57",11008
"2020-07-10 16:41:59",11005
"2020-07-10 17:41:57",11008
"2020-07-10 18:41:59",11022
"2020-07-10 19:42:00",11022
"2020-07-10 20:41:55",11028
"2020-07-10 21:42:08",11028
"2020-07-10 22:41:53",11029
"2020-07-10 23:42:00",11029
"2020-07-11 00:41:56",11029
"2020-07-11 01:41:57",11029
"2020-07-11 02:41:54",11029
"2020-07-11 03:41:58",11029
"2020-07-11 04:41:57",11029
"2020-07-11 05:41:54",11027
"2020-07-11 06:41:53",11027
"2020-07-11 07:41:59",11027
"2020-07-11 08:42:00",11027
"2020-07-11 11:46:20",11027
"2020-07-11 11:50:07",11027
"2020-07-11 11:55:16",11027
"2020-07-11 12:41:57",11027
"2020-07-11 13:41:58",11027
"2020-07-11 14:41:57",11027
"2020-07-11 15:42:00",11027
"2020-07-11 16:41:53",11027
"2020-07-11 17:41:58",11027
"2020-07-11 18:41:57",11027
"2020-07-11 19:41:55",11027
"2020-07-11 20:41:51",11027
"2020-07-11 21:41:57",11027
"2020-07-11 22:41:57",11027
"2020-07-11 23:41:56",11027
"2020-07-12 00:41:55",11027
"2020-07-12 01:42:04",11027
"2020-07-12 02:41:55",11027
"2020-07-12 03:41:59",11027
"2020-07-12 04:41:55",11027
"2020-07-12 05:41:56",11027
"2020-07-12 06:42:00",11027
"2020-07-12 07:41:56",11027
"2020-07-12 08:41:52",11027
"2020-07-12 11:32:33",11027
"2020-07-12 11:35:02",11027
"2020-07-12 11:51:21",11027
"2020-07-12 12:41:54",11027
"2020-07-12 13:41:58",11027
"2020-07-12 14:41:53",11027
"2020-07-12 15:41:56",11027
"2020-07-12 16:41:58",11027
"2020-07-12 17:41:52",11027
"2020-07-12 18:41:56",11027
"2020-07-12 19:41:56",11027
"2020-07-12 20:41:59",11027
"2020-07-12 21:41:53",11027
"2020-07-12 22:41:59",11027
"2020-07-12 23:41:54",11027
"2020-07-13 00:42:06",11027
"2020-07-13 01:42:08",11027
"2020-07-13 02:42:04",11027
"2020-07-13 03:41:58",11027
"2020-07-13 04:41:58",11027
"2020-07-13 05:41:54",11027
"2020-07-13 06:42:02",11027
"2020-07-13 07:41:56",11027
"2020-07-13 08:41:55",11027
"2020-07-13 11:56:02",11027
"2020-07-13 11:58:27",11027
"2020-07-13 12:00:34",11027
"2020-07-13 12:42:10",11027
"2020-07-13 13:41:57",11022
"2020-07-13 14:41:56",11151
"2020-07-13 15:42:05",11151
"2020-07-13 16:41:58",11191
"2020-07-13 17:41:58",11208
"2020-07-13 18:41:59",11221
"2020-07-13 19:42:04",11215
"2020-07-13 20:42:02",11198
"2020-07-13 21:42:00",11194
"2020-07-13 22:42:06",11193
"2020-07-13 23:42:00",11193
"2020-07-14 00:42:09",11193
"2020-07-14 01:42:04",11193
"2020-07-14 02:42:04",11193
"2020-07-14 03:41:57",11193
"2020-07-14 04:41:56",11193
"2020-07-14 05:41:56",11193
"2020-07-14 06:41:59",11193
"2020-07-14 07:41:59",11192
"2020-07-14 08:42:00",11192
"2020-07-14 12:04:37",11192
"2020-07-14 12:08:38",11192
"2020-07-14 12:14:08",11192
"2020-07-14 12:42:08",11192
"2020-07-14 13:42:13",11194
"2020-07-14 14:42:06",11195
"2020-07-14 15:42:11",11181
"2020-07-14 16:42:14",11188
"2020-07-14 17:42:15",11180
"2020-07-14 18:42:04",11182
"2020-07-14 19:42:02",11184
"2020-07-14 20:42:04",11195
"2020-07-14 21:42:06",11196
"2020-07-14 22:42:08",11191
"2020-07-14 23:42:10",11191
"2020-07-15 00:42:12",11191
"2020-07-15 01:42:08",11191
"2020-07-15 02:28:27",11191
"2020-07-15 02:36:15",11191
"2020-07-15 02:43:55",11191
"2020-07-15 02:51:36",11191
"2020-07-15 02:59:35",11191
"2020-07-15 03:13:14",11191
"2020-07-15 03:21:00",11191
"2020-07-15 03:28:52",11191
"2020-07-15 03:36:42",11191
"2020-07-15 03:44:25",11191
"2020-07-15 03:52:09",11191
"2020-07-15 03:59:53",11191
"2020-07-15 04:07:43",11191
"2020-07-15 04:15:29",11191
"2020-07-15 04:23:15",11191
"2020-07-15 04:31:05",11191
"2020-07-15 04:38:52",11191
"2020-07-15 04:46:35",11191
"2020-07-15 04:54:19",11191
"2020-07-15 05:02:31",11191
"2020-07-15 05:10:21",11191
"2020-07-15 12:16:38",11191
"2020-07-15 12:25:07",11191
"2020-07-15 12:33:00",11191
"2020-07-15 12:40:55",11191
"2020-07-15 12:48:48",11191
"2020-07-15 12:56:43",11191
"2020-07-15 13:04:40",11191
"2020-07-15 13:12:51",11190
"2020-07-15 13:21:00",11190
"2020-07-15 13:29:10",11190
"2020-07-15 13:37:09",11190
"2020-07-15 13:45:14",11190
"2020-07-15 13:53:10",11190
"2020-07-15 14:01:10",11190
"2020-07-15 14:09:14",11190
"2020-07-15 14:17:16",11175
"2020-07-15 14:25:19",11175
"2020-07-15 14:33:22",11175
"2020-07-15 14:43:15",11175
"2020-07-15 14:53:09",11175
"2020-07-15 15:03:10",11175
"2020-07-15 15:13:17",11173
"2020-07-15 15:23:12",11173
"2020-07-15 15:33:09",11173
"2020-07-15 15:43:09",11173
"2020-07-15 15:53:24",11173
"2020-07-15 16:03:24",11173
"2020-07-15 16:13:29",11168
"2020-07-15 16:23:31",11168
"2020-07-15 16:33:40",11168
"2020-07-15 16:43:50",11168
"2020-07-15 16:54:05",11168
"2020-07-15 17:04:09",11168
"2020-07-15 17:11:28",11168
"2020-07-15 17:19:23",11169
"2020-07-15 17:27:07",11169
"2020-07-15 17:34:54",11169
"2020-07-15 17:42:40",11169
"2020-07-15 17:50:27",11169
"2020-07-15 17:58:22",11169
"2020-07-15 18:06:21",11172
"2020-07-15 18:14:16",11172
"2020-07-15 18:22:12",11172
"2020-07-15 18:30:03",11172
"2020-07-15 18:38:02",11172
"2020-07-15 18:46:12",11172
"2020-07-15 18:54:10",11172
"2020-07-15 19:02:21",11172
"2020-07-15 19:10:26",11172
"2020-07-15 19:18:16",11162
"2020-07-15 19:26:09",11162
"2020-07-15 19:36:13",11162
"2020-07-15 19:46:08",11162
"2020-07-15 19:55:58",11162
"2020-07-15 20:05:54",11162
"2020-07-15 20:15:51",11171
"2020-07-15 20:25:58",11171
"2020-07-15 20:35:45",11171
"2020-07-15 20:45:32",11171
"2020-07-15 20:55:17",11171
"2020-07-15 21:05:06",11171
"2020-07-15 21:14:54",11172
"2020-07-15 21:24:41",11172
"2020-07-15 21:35:02",11172
"2020-07-15 21:45:05",11172
"2020-07-15 21:55:15",11172
"2020-07-15 22:05:17",11174
"2020-07-15 22:15:10",11174
"2020-07-15 22:25:04",11174
"2020-07-15 22:34:50",11174
"2020-07-15 22:44:32",11174
"2020-07-15 22:54:16",11174
"2020-07-15 22:58:03",11174
"2020-07-15 23:03:27",11174
"2020-07-15 23:23:58",11174
"2020-07-15 23:33:46",11174
"2020-07-15 23:43:34",11174
"2020-07-15 23:53:18",11174
"2020-07-16 00:03:36",11174
"2020-07-16 00:14:04",11174
"2020-07-16 00:24:33",11174
"2020-07-16 00:34:57",11174
"2020-07-16 00:44:58",11174
"2020-07-16 00:54:45",11174
"2020-07-16 01:04:38",11174
"2020-07-16 01:14:28",11174
"2020-07-16 01:24:27",11174
"2020-07-16 01:34:13",11174
"2020-07-16 01:43:57",11174
"2020-07-16 01:53:47",11174
"2020-07-16 02:03:40",11174
"2020-07-16 02:13:37",11174
"2020-07-16 02:24:06",11174
"2020-07-16 02:34:08",11174
"2020-07-16 02:44:10",11174
"2020-07-16 02:55:08",11174
"2020-07-16 02:57:41",11174
"2020-07-16 03:14:42",11174
"2020-07-16 03:25:06",11174
"2020-07-16 03:35:07",11174
"2020-07-16 03:45:08",11174
"2020-07-16 03:55:13",11174
"2020-07-16 04:05:45",11174
"2020-07-16 04:15:45",11174
"2020-07-16 04:25:40",11174
"2020-07-16 04:35:38",11174
"2020-07-16 04:45:31",11174
"2020-07-16 04:55:25",11174
"2020-07-16 05:05:22",11174
"2020-07-16 05:15:15",11174
"2020-07-16 05:25:08",11174
"2020-07-16 05:34:59",11174
"2020-07-16 05:47:28",11174
"2020-07-16 05:58:52",11174
"2020-07-16 06:08:51",11174
"2020-07-16 06:16:45",11174
"2020-07-16 06:25:13",11174
"2020-07-16 06:34:31",11174
"2020-07-16 06:43:50",11174
"2020-07-16 06:54:33",11174
"2020-07-16 06:57:44",11174
"2020-07-16 07:00:23",11174
"2020-07-16 07:25:34",11174
"2020-07-16 07:36:32",11174
"2020-07-16 07:40:50",11174
"2020-07-16 07:50:31",11174
"2020-07-16 07:57:03",11174
"2020-07-16 08:07:56",11174
"2020-07-16 08:17:57",11174
"2020-07-16 08:27:19",11174
"2020-07-16 08:36:50",11174
"2020-07-16 08:46:10",11174
"2020-07-16 08:55:14",11174
"2020-07-16 09:04:40",11174
"2020-07-16 09:14:36",11174
"2020-07-16 09:24:41",11174
"2020-07-16 09:34:31",11174
"2020-07-16 09:43:36",11174
"2020-07-16 09:52:20",11174
"2020-07-16 10:01:16",11174
"2020-07-16 10:10:22",11174
"2020-07-16 10:18:59",11174
"2020-07-16 10:27:18",11174
"2020-07-16 10:35:49",11174
"2020-07-16 10:46:13",11174
"2020-07-16 10:56:43",11174
"2020-07-16 11:07:42",11174
"2020-07-16 11:18:40",11174
"2020-07-16 11:29:10",11174
"2020-07-16 11:39:35",11174
"2020-07-16 11:50:25",11174
"2020-07-16 12:01:46",11174
"2020-07-16 12:13:29",11174
"2020-07-16 12:24:30",11174
"2020-07-16 12:35:48",11174
"2020-07-16 12:46:55",11174
"2020-07-16 12:57:52",11174
"2020-07-16 13:09:28",11174
"2020-07-16 13:21:19",11174
"2020-07-16 13:33:19",11174
"2020-07-16 13:44:39",11174
"2020-07-16 13:55:31",11174
"2020-07-16 14:06:43",11188
"2020-07-16 14:17:49",11188
"2020-07-16 14:29:00",11188
"2020-07-16 14:33:23",11188
"2020-07-16 14:39:09",11188
"2020-07-16 15:01:26",11188
"2020-07-16 15:12:28",11188
"2020-07-16 16:56:13",11166
"2020-07-16 17:04:30",11166
"2020-07-16 17:12:46",11166
"2020-07-16 17:20:56",11169
"2020-07-16 17:29:00",11169
"2020-07-16 17:37:16",11169
"2020-07-16 17:45:26",11169
"2020-07-16 17:53:30",11169
"2020-07-16 18:01:40",11169
"2020-07-16 18:09:57",11169
"2020-07-16 18:18:09",11169
"2020-07-16 18:26:20",11169
"2020-07-16 18:34:26",11164
"2020-07-16 18:42:33",11164
"2020-07-16 18:50:52",11164
"2020-07-16 18:58:58",11164
"2020-07-16 19:07:08",11164
"2020-07-16 19:15:20",11165
"2020-07-16 19:25:26",11165
"2020-07-16 19:35:34",11165
"2020-07-16 19:45:40",11165
"2020-07-16 19:55:42",11165
"2020-07-16 20:05:48",11159
"2020-07-16 20:15:51",11159
"2020-07-16 20:25:51",11159
"2020-07-16 20:35:52",11159
"2020-07-16 20:45:57",11159
"2020-07-16 20:55:59",11159
"2020-07-16 21:06:07",11163
"2020-07-16 21:16:11",11163
"2020-07-16 21:26:14",11163
"2020-07-16 21:36:38",11163
"2020-07-16 21:46:46",11163
"2020-07-16 21:56:47",11163
"2020-07-16 22:06:57",11163
"2020-07-16 22:16:58",11163
"2020-07-16 22:26:59",11165
"2020-07-16 22:37:03",11165
"2020-07-16 22:47:01",11165
"2020-07-16 22:50:56",11165
"2020-07-16 22:56:16",11165
"2020-07-16 23:17:09",11165
"2020-07-16 23:27:08",11165
"2020-07-16 23:37:08",11165
"2020-07-16 23:47:06",11165
"2020-07-16 23:57:08",11165
"2020-07-17 00:07:56",11165
"2020-07-17 00:18:33",11165
"2020-07-17 00:29:01",11165
"2020-07-17 00:39:39",11165
"2020-07-17 00:49:50",11165
"2020-07-17 01:00:04",11165
"2020-07-17 01:10:19",11165
"2020-07-17 01:20:24",11165
"2020-07-17 01:30:25",11165
"2020-07-17 01:40:28",11165
"2020-07-17 01:50:30",11165
"2020-07-17 02:00:35",11165
"2020-07-17 02:10:39",11165
"2020-07-17 02:20:46",11165
"2020-07-17 02:30:45",11165
"2020-07-17 02:40:42",11165
"2020-07-17 02:51:21",11165
"2020-07-17 02:53:55",11165
"2020-07-17 03:10:47",11165
"2020-07-17 03:20:48",11165
"2020-07-17 03:30:55",11165
"2020-07-17 03:41:01",11165
"2020-07-17 03:51:06",11165
"2020-07-17 04:01:16",11165
"2020-07-17 04:11:28",11165
"2020-07-17 04:21:33",11165
"2020-07-17 04:31:38",11165
"2020-07-17 04:41:42",11165
"2020-07-17 04:51:45",11165
"2020-07-17 05:01:52",11165
"2020-07-17 05:11:58",11165
"2020-07-17 05:22:04",11165
"2020-07-17 05:32:03",11165
"2020-07-17 05:42:04",11165
"2020-07-17 05:52:03",11165
"2020-07-17 06:02:06",11165
"2020-07-17 06:10:22",11165
"2020-07-17 06:18:30",11165
"2020-07-17 06:26:44",11165
"2020-07-17 06:34:56",11165
"2020-07-17 06:44:22",11165
"2020-07-17 06:46:55",11165
"2020-07-17 06:49:13",11165
"2020-07-17 07:08:11",11165
"2020-07-17 07:16:22",11165
"2020-07-17 07:24:29",11165
"2020-07-17 07:32:38",11165
"2020-07-17 07:40:43",11165
"2020-07-17 07:48:50",11165
"2020-07-17 07:56:54",11165
"2020-07-17 08:05:15",11165
"2020-07-17 08:13:41",11165
"2020-07-17 08:22:12",11165
"2020-07-17 08:30:47",11165
"2020-07-17 08:39:18",11165
"2020-07-17 08:47:35",11165
"2020-07-17 08:55:47",11165
"2020-07-17 09:04:03",11165
"2020-07-17 09:12:10",11165
"2020-07-17 09:20:19",11165
"2020-07-17 09:28:27",11165
"2020-07-17 09:36:31",11165
"2020-07-17 09:44:31",11165
"2020-07-17 09:52:34",11165
"2020-07-17 10:00:58",11165
"2020-07-17 10:05:06",11165
"2020-07-17 10:10:46",11165
"2020-07-17 10:25:09",11165
"2020-07-17 10:35:10",11165
"2020-07-17 10:45:13",11165
"2020-07-17 10:55:22",11165
"2020-07-17 11:05:49",11165
"2020-07-17 11:15:56",11165
"2020-07-17 11:26:02",11165
"2020-07-17 11:36:09",11165
"2020-07-17 11:46:13",11165
"2020-07-17 11:56:20",11165
"2020-07-17 12:06:40",11165
"2020-07-17 12:17:02",11165
"2020-07-17 12:27:14",11165
"2020-07-17 12:37:22",11165
"2020-07-17 12:47:25",11165
"2020-07-17 12:57:35",11165
"2020-07-17 13:08:17",11163
"2020-07-17 13:18:47",11163
"2020-07-17 13:27:10",11163
"2020-07-17 13:35:47",11163
"2020-07-17 13:44:07",11163
"2020-07-17 13:52:10",11163
"2020-07-17 14:01:01",11163
"2020-07-17 14:09:35",11163
"2020-07-17 14:18:00",11163
"2020-07-17 14:26:21",11163
"2020-07-17 14:34:39",11163
"2020-07-17 14:42:44",11163
"2020-07-17 14:50:47",11163
"2020-07-17 14:59:20",11163
"2020-07-17 15:08:17",11163
"2020-07-17 15:17:10",11188
"2020-07-17 15:25:43",11188
"2020-07-17 15:34:15",11188
"2020-07-17 15:42:41",11188
"2020-07-17 15:51:02",11188
"2020-07-17 15:57:10",11188
"2020-07-17 16:06:22",11195
"2020-07-17 16:13:41",11195
"2020-07-17 16:22:33",11195
"2020-07-17 16:31:16",11195
"2020-07-17 16:39:52",11195
"2020-07-17 16:48:22",11195
"2020-07-17 16:56:51",11195
"2020-07-17 17:01:26",11195
"2020-07-17 17:09:40",11195
"2020-07-17 17:17:55",11195
"2020-07-17 17:26:31",11195
"2020-07-17 17:34:54",11195
"2020-07-17 17:43:24",11195
"2020-07-17 17:51:49",11195
"2020-07-17 18:00:23",11195
"2020-07-17 18:09:12",11195
"2020-07-17 18:17:47",11195
"2020-07-17 18:26:14",11195
"2020-07-17 18:34:48",11195
"2020-07-17 18:43:15",11195
"2020-07-17 18:51:38",11195
"2020-07-17 19:00:17",11195
"2020-07-17 19:03:22",11195
"2020-07-17 19:12:51",11195
"2020-07-17 19:21:17",11192
"2020-07-17 19:29:30",11192
"2020-07-17 19:37:38",11192
"2020-07-17 19:41:18",11192
"2020-07-17 19:49:20",11192
"2020-07-17 19:57:26",11192
"2020-07-17 20:05:39",11188
"2020-07-17 20:13:42",11188
"2020-07-17 20:21:42",11188
"2020-07-17 20:29:40",11188
"2020-07-17 20:37:46",11188
"2020-07-17 20:45:46",11188
"2020-07-17 20:53:46",11188
"2020-07-17 21:02:00",11188
"2020-07-17 21:10:12",11189
"2020-07-17 21:18:10",11189
"2020-07-17 21:26:07",11189
"2020-07-17 21:34:09",11189
"2020-07-17 21:42:10",11189
"2020-07-17 21:50:17",11189
"2020-07-17 21:58:26",11189
"2020-07-17 22:08:47",11189
"2020-07-17 22:18:59",11189
"2020-07-17 22:29:05",11189
"2020-07-17 22:39:21",11189
"2020-07-17 22:49:47",11189
"2020-07-17 23:00:24",11189
"2020-07-17 23:11:06",11189
"2020-07-17 23:21:17",11189
"2020-07-17 23:31:21",11189
"2020-07-17 23:41:25",11189
"2020-07-17 23:51:31",11189
"2020-07-18 00:02:32",11189
"2020-07-18 00:14:24",11189
"2020-07-18 00:25:10",11189
"2020-07-18 00:35:37",11189
"2020-07-18 00:46:21",11189
"2020-07-18 00:56:35",11189
"2020-07-18 01:06:48",11189
"2020-07-18 01:16:56",11189
"2020-07-18 01:27:05",11189
"2020-07-18 01:37:10",11189
"2020-07-18 01:41:07",11189
"2020-07-18 01:46:28",11189
"2020-07-18 02:07:22",11189
"2020-07-18 02:17:27",11189
"2020-07-18 02:27:27",11189
"2020-07-18 02:37:25",11189
"2020-07-18 02:47:24",11189
"2020-07-18 02:57:24",11189
"2020-07-18 03:07:39",11189
"2020-07-18 03:17:49",11189
"2020-07-18 03:27:56",11189
"2020-07-18 03:38:03",11189
"2020-07-18 03:48:14",11189
"2020-07-18 03:58:25",11189
"2020-07-18 04:09:00",11189
"2020-07-18 04:19:36",11189
"2020-07-18 04:29:54",11189
"2020-07-18 04:39:59",11189
"2020-07-18 04:50:01",11189
"2020-07-18 05:00:12",11189
"2020-07-18 05:10:59",11189
"2020-07-18 05:21:19",11189
"2020-07-18 05:31:29",11189
"2020-07-18 05:42:09",11189
"2020-07-18 05:44:42",11189
"2020-07-18 06:01:40",11189
"2020-07-18 06:11:57",11189
"2020-07-18 08:35:56",11189
"2020-07-18 08:44:08",11189
"2020-07-18 08:52:13",11189
"2020-07-18 09:00:19",11189
"2020-07-18 09:08:23",11189
"2020-07-18 09:16:21",11189
"2020-07-18 09:24:20",11189
"2020-07-18 09:32:24",11189
"2020-07-18 09:40:24",11189
"2020-07-18 09:48:24",11189
"2020-07-18 09:56:27",11189
"2020-07-18 10:04:31",11189
"2020-07-18 10:12:34",11189
"2020-07-18 10:20:34",11189
"2020-07-18 10:28:40",11189
"2020-07-18 10:36:40",11189
"2020-07-18 10:44:35",11189
"2020-07-18 10:52:32",11189
"2020-07-18 11:02:34",11189
"2020-07-18 11:12:35",11189
"2020-07-18 11:22:33",11189
"2020-07-18 11:32:32",11189
"2020-07-18 11:42:31",11189
"2020-07-18 11:52:27",11189
"2020-07-18 12:02:31",11189
"2020-07-18 12:12:42",11189
"2020-07-18 12:22:49",11189
"2020-07-18 12:32:50",11189
"2020-07-18 12:42:52",11189
"2020-07-18 12:52:54",11189
"2020-07-18 13:03:07",11189
"2020-07-18 13:13:21",11189
"2020-07-18 13:23:28",11189
"2020-07-18 13:33:30",11189
"2020-07-18 13:43:25",11189
"2020-07-18 13:53:22",11189
"2020-07-18 14:03:19",11189
"2020-07-18 14:13:17",11189
"2020-07-18 14:23:14",11189
"2020-07-18 14:27:07",11189
"2020-07-18 14:32:29",11189
"2020-07-18 14:53:15",11189
"2020-07-18 15:03:19",11189
"2020-07-18 15:13:24",11189
"2020-07-18 15:23:27",11189
"2020-07-18 15:33:26",11189
"2020-07-18 15:43:24",11189
"2020-07-18 15:53:23",11189
"2020-07-18 16:03:24",11189
"2020-07-18 16:13:25",11189
"2020-07-18 16:23:25",11189
"2020-07-18 16:33:27",11189
"2020-07-18 16:43:26",11189
"2020-07-18 16:53:24",11189
"2020-07-18 17:03:25",11189
"2020-07-18 17:13:33",11189
"2020-07-18 17:23:33",11189
"2020-07-18 17:33:32",11189
"2020-07-18 17:43:29",11189
"2020-07-18 17:53:26",11189
"2020-07-18 18:03:25",11189
"2020-07-18 18:13:28",11189
"2020-07-18 18:24:06",11189
"2020-07-18 18:26:38",11189
"2020-07-18 18:43:19",11189
"2020-07-18 18:53:17",11189
"2020-07-18 19:03:20",11189
"2020-07-18 19:13:46",11189
"2020-07-18 19:23:43",11189
"2020-07-18 19:34:01",11189
"2020-07-18 19:44:01",11189
"2020-07-18 22:08:25",11189
"2020-07-18 22:15:57",11189
"2020-07-18 22:23:30",11189
"2020-07-18 22:31:03",11189
"2020-07-18 22:38:36",11189
"2020-07-18 22:46:08",11189
"2020-07-18 22:53:41",11189
"2020-07-18 23:01:15",11189
"2020-07-18 23:08:49",11189
"2020-07-18 23:16:22",11189
"2020-07-18 23:23:55",11189
"2020-07-18 23:31:28",11189
"2020-07-18 23:39:05",11189
"2020-07-18 23:46:47",11189
"2020-07-18 23:54:35",11189
"2020-07-19 00:02:19",11189
"2020-07-19 00:09:49",11189
"2020-07-19 00:17:25",11189
"2020-07-19 00:27:00",11189
"2020-07-19 00:36:35",11189
"2020-07-19 00:46:09",11189
"2020-07-19 00:55:45",11189
"2020-07-19 01:05:20",11189
"2020-07-19 01:14:55",11189
"2020-07-19 01:24:31",11189
"2020-07-19 01:34:07",11189
"2020-07-19 01:43:42",11189
"2020-07-19 01:53:18",11189
"2020-07-19 02:02:53",11189
"2020-07-19 02:12:28",11189
"2020-07-19 02:22:01",11189
"2020-07-19 02:31:34",11189
"2020-07-19 02:41:08",11189
"2020-07-19 02:50:42",11189
"2020-07-19 03:00:15",11189
"2020-07-19 03:09:50",11189
"2020-07-19 03:19:24",11189
"2020-07-19 03:28:59",11189
"2020-07-19 03:38:33",11189
"2020-07-19 03:42:14",11189
"2020-07-19 03:47:16",11189
"2020-07-19 04:07:17",11189
"2020-07-19 04:16:50",11189
"2020-07-19 04:26:24",11189
"2020-07-19 04:35:57",11189
"2020-07-19 04:45:31",11189
"2020-07-19 04:55:05",11189
"2020-07-19 05:04:37",11189
"2020-07-19 05:14:10",11189
"2020-07-19 05:23:43",11189
"2020-07-19 05:33:16",11189
"2020-07-19 05:42:48",11189
"2020-07-19 05:52:20",11189
"2020-07-19 06:01:52",11189
"2020-07-19 06:11:25",11189
"2020-07-19 06:21:03",11189
"2020-07-19 06:30:38",11189
"2020-07-19 06:41:47",11189
"2020-07-19 06:49:24",11189
"2020-07-19 06:56:58",11189
"2020-07-19 07:04:34",11189
"2020-07-19 07:12:11",11189
"2020-07-19 07:19:46",11189
"2020-07-19 07:27:20",11189
"2020-07-19 07:34:53",11189
"2020-07-19 07:42:29",11189
"2020-07-19 07:50:04",11189
"2020-07-19 07:57:37",11189
"2020-07-19 08:05:11",11189
"2020-07-19 08:12:45",11189
"2020-07-19 08:20:19",11189
"2020-07-19 08:27:57",11189
"2020-07-19 08:35:32",11189
"2020-07-19 08:42:59",11189
"2020-07-19 08:50:33",11189
"2020-07-19 09:00:07",11189
"2020-07-19 09:09:43",11189
"2020-07-19 09:19:19",11189
"2020-07-19 09:28:54",11189
"2020-07-19 09:38:33",11189
"2020-07-19 09:48:15",11189
"2020-07-19 09:57:58",11189
"2020-07-19 10:07:41",11189
"2020-07-19 10:17:16",11189
"2020-07-19 10:26:50",11189
"2020-07-19 10:36:26",11189
"2020-07-19 10:46:04",11189
"2020-07-19 10:55:41",11189
"2020-07-19 11:05:16",11189
"2020-07-19 11:14:51",11189
"2020-07-19 11:24:26",11189
"2020-07-19 11:34:01",11189
"2020-07-19 11:43:38",11189
"2020-07-19 11:53:13",11189
"2020-07-19 12:02:48",11189
"2020-07-19 12:12:24",11189
"2020-07-19 12:16:06",11189
"2020-07-19 12:21:11",11189
"2020-07-19 12:41:12",11189
"2020-07-19 12:50:52",11189
"2020-07-19 13:00:27",11189
"2020-07-19 13:10:02",11189
"2020-07-19 13:19:39",11189
"2020-07-19 13:29:17",11189
"2020-07-19 13:38:52",11189
"2020-07-19 13:48:26",11189
"2020-07-19 13:58:01",11189
"2020-07-19 14:07:36",11189
"2020-07-19 14:17:10",11189
"2020-07-19 14:26:45",11189
"2020-07-19 14:36:20",11189
"2020-07-19 14:45:55",11189
"2020-07-19 14:55:30",11189
"2020-07-19 15:05:06",11189
"2020-07-19 15:14:42",11189
"2020-07-19 15:24:18",11189
"2020-07-19 15:33:54",11189
"2020-07-19 15:43:28",11189
"2020-07-19 15:53:04",11189
"2020-07-19 16:03:18",11189
"2020-07-19 16:05:44",11189
"2020-07-19 16:21:55",11189
"2020-07-19 16:31:29",11189
"2020-07-19 16:41:05",11189
"2020-07-19 16:50:45",11189
"2020-07-19 17:00:23",11189
"2020-07-19 17:10:00",11189
"2020-07-19 17:19:36",11189
"2020-07-19 17:29:10",11189
"2020-07-19 17:38:44",11189
"2020-07-19 17:48:19",11189
"2020-07-19 17:57:53",11189
"2020-07-19 18:07:28",11189
"2020-07-19 18:17:03",11189
"2020-07-19 18:26:37",11189
"2020-07-19 18:36:13",11189
"2020-07-19 18:45:48",11189
"2020-07-19 18:55:23",11189
"2020-07-19 19:04:59",11189
"2020-07-19 19:12:33",11189
"2020-07-19 19:20:08",11189
"2020-07-19 19:27:43",11189
"2020-07-19 19:35:19",11189
"2020-07-19 19:44:03",11189
"2020-07-19 19:46:21",11189
"2020-07-19 19:48:25",11189
"2020-07-19 20:05:43",11189
"2020-07-19 20:13:18",11189
"2020-07-19 20:20:54",11189
"2020-07-19 20:28:29",11189
"2020-07-19 20:36:04",11189
"2020-07-19 20:43:40",11189
"2020-07-19 20:51:15",11189
"2020-07-19 20:58:51",11189
"2020-07-19 21:06:27",11189
"2020-07-19 21:14:01",11189
"2020-07-19 21:21:35",11189
"2020-07-19 21:29:09",11189
"2020-07-19 21:36:44",11189
"2020-07-19 21:44:18",11189
"2020-07-19 21:51:53",11189
"2020-07-19 21:59:29",11189
"2020-07-19 22:07:05",11189
"2020-07-19 22:14:41",11189
"2020-07-19 22:22:15",11189
"2020-07-19 22:29:50",11189
"2020-07-19 22:37:24",11189
"2020-07-19 22:45:05",11189
"2020-07-19 22:48:57",11189
"2020-07-19 22:54:17",11189
"2020-07-19 23:07:45",11189
"2020-07-19 23:17:20",11189
"2020-07-19 23:26:54",11189
"2020-07-19 23:36:27",11189
"2020-07-19 23:46:01",11189
"2020-07-19 23:55:36",11189
"2020-07-20 00:05:11",11189
"2020-07-20 00:14:47",11189
"2020-07-20 00:24:23",11189
"2020-07-20 00:33:59",11189
"2020-07-20 00:43:34",11189
"2020-07-20 00:53:09",11189
"2020-07-20 01:02:43",11189
"2020-07-20 01:12:18",11189
"2020-07-20 01:21:54",11189
"2020-07-20 01:31:30",11189
"2020-07-20 01:41:05",11189
"2020-07-20 01:50:42",11189
"2020-07-20 01:58:18",11189
"2020-07-20 02:05:56",11189
"2020-07-20 02:13:33",11189
"2020-07-20 02:21:08",11189
"2020-07-20 02:28:44",11189
"2020-07-20 02:36:20",11189
"2020-07-20 02:43:56",11189
"2020-07-20 02:51:33",11189
"2020-07-20 02:59:07",11189
"2020-07-20 03:06:43",11189
"2020-07-20 03:14:19",11189
"2020-07-20 03:21:55",11189
"2020-07-20 03:29:31",11189
"2020-07-20 03:37:08",11189
"2020-07-20 03:44:44",11189
"2020-07-20 03:52:19",11189
"2020-07-20 03:59:54",11189
"2020-07-20 04:07:30",11189
"2020-07-20 04:12:57",11189
"2020-07-20 04:20:31",11189
"2020-07-20 04:26:56",11189
"2020-07-20 04:34:33",11189
"2020-07-20 04:42:11",11189
"2020-07-20 04:49:49",11189
"2020-07-20 04:57:30",11189
"2020-07-20 05:05:19",11189
"2020-07-20 05:13:04",11189
"2020-07-20 05:20:49",11189
"2020-07-20 05:28:33",11189
"2020-07-20 05:36:19",11189
"2020-07-20 05:44:03",11189
"2020-07-20 05:51:48",11189
"2020-07-20 05:59:32",11189
"2020-07-20 06:07:18",11189
"2020-07-20 06:15:02",11189
"2020-07-20 06:22:47",11189
"2020-07-20 06:30:32",11189
"2020-07-20 06:38:16",11189
"2020-07-20 06:46:00",11189
"2020-07-20 06:53:44",11189
"2020-07-20 07:01:28",11189
"2020-07-20 07:09:12",11189
"2020-07-20 07:16:54",11189
"2020-07-20 07:24:37",11189
"2020-07-20 07:32:20",11189
"2020-07-20 07:40:03",11189
"2020-07-20 07:47:47",11189
"2020-07-20 07:55:30",11189
"2020-07-20 08:03:16",11189
"2020-07-20 08:10:58",11189
"2020-07-20 08:18:41",11189
"2020-07-20 08:26:23",11189
"2020-07-20 08:34:05",11189
"2020-07-20 08:41:48",11189
"2020-07-20 08:49:31",11189
"2020-07-20 08:57:15",11189
"2020-07-20 09:05:01",11189
"2020-07-20 09:12:45",11189
"2020-07-20 09:20:28",11189
"2020-07-20 09:28:11",11189
"2020-07-20 09:35:55",11189
"2020-07-20 09:43:38",11189
"2020-07-20 09:51:22",11189
"2020-07-20 09:59:05",11189
"2020-07-20 10:06:50",11189
"2020-07-20 10:14:36",11189
"2020-07-20 10:22:18",11189
"2020-07-20 10:30:02",11189
"2020-07-20 10:37:48",11189
"2020-07-20 10:45:34",11189
"2020-07-20 10:53:18",11189
"2020-07-20 11:01:05",11189
"2020-07-20 11:08:49",11189
"2020-07-20 11:16:35",11189
"2020-07-20 11:24:17",11189
"2020-07-20 11:32:01",11189
"2020-07-20 11:39:44",11189
"2020-07-20 11:47:27",11189
"2020-07-20 11:55:10",11189
"2020-07-20 12:02:55",11189
"2020-07-20 12:10:40",11189
"2020-07-20 12:18:26",11189
"2020-07-20 12:26:10",11189
"2020-07-20 12:33:55",11189
"2020-07-20 12:41:40",11189
"2020-07-20 12:49:22",11189
"2020-07-20 12:57:06",11189
"2020-07-20 13:04:52",11189
"2020-07-20 13:12:38",11189
"2020-07-20 13:20:22",11189
"2020-07-20 13:28:10",11189
"2020-07-20 13:35:56",11189
"2020-07-20 13:43:43",11189
"2020-07-20 13:51:29",11189
"2020-07-20 13:59:15",11189
"2020-07-20 14:06:58",11189
"2020-07-20 14:14:44",11189
"2020-07-20 14:22:29",11189
"2020-07-20 14:41:36",11189
"2020-07-20 15:41:41",11215
"2020-07-20 16:41:35",11212
"2020-07-20 17:41:32",11210
"2020-07-20 18:41:41",11215
"2020-07-20 19:41:44",11215
"2020-07-20 20:41:42",11223
"2020-07-20 21:41:42",11223
"2020-07-20 22:41:39",11223
"2020-07-20 23:41:36",11223
"2020-07-21 00:41:36",11223
"2020-07-21 01:41:39",11223
"2020-07-21 02:41:40",11223
"2020-07-21 03:41:41",11223
"2020-07-21 04:41:44",11223
"2020-07-21 05:41:42",11223
"2020-07-21 06:41:45",11223
"2020-07-21 07:41:41",11223
"2020-07-21 08:41:38",11223
"2020-07-21 09:41:33",11223
"2020-07-21 10:41:36",11223
"2020-07-21 11:41:37",11223
"2020-07-21 12:41:34",11223
"2020-07-21 13:41:40",11223
"2020-07-21 14:41:37",11217
"2020-07-21 15:41:35",11217
"2020-07-21 16:41:44",11175
"2020-07-21 17:41:45",11172
"2020-07-21 18:41:39",11172
"2020-07-21 19:41:35",11167
"2020-07-21 20:41:40",11177
"2020-07-21 21:41:33",11182
"2020-07-21 22:41:41",11184
"2020-07-21 23:41:43",11184
"2020-07-22 00:41:40",11184
"2020-07-22 01:41:37",11184
"2020-07-22 02:41:33",11184
"2020-07-22 03:41:45",11184
"2020-07-22 04:41:33",11184
"2020-07-22 05:41:33",11184
"2020-07-22 06:41:32",11184
"2020-07-22 07:41:32",11184
"2020-07-22 08:41:31",11184
"2020-07-22 09:41:32",11184
"2020-07-22 10:41:32",11184
"2020-07-22 11:41:31",11184
"2020-07-22 12:41:35",11184
"2020-07-22 13:41:38",11184
"2020-07-22 14:41:36",11207
"2020-07-22 15:41:34",11227
"2020-07-22 16:41:42",11230
"2020-07-22 17:41:36",11230
"2020-07-22 18:41:42",11232
"2020-07-22 19:41:32",11237
"2020-07-22 20:41:38",11238
"2020-07-22 21:41:37",11237
"2020-07-22 22:41:39",11232
"2020-07-22 23:41:31",11232
"2020-07-23 00:41:36",11232
"2020-07-23 01:41:40",11232
"2020-07-23 02:41:37",11232
"2020-07-23 03:41:38",11232
"2020-07-23 04:41:34",11232
"2020-07-23 05:41:41",11232
"2020-07-23 06:41:31",11232
"2020-07-23 07:41:35",11232
"2020-07-23 08:41:36",11232
"2020-07-23 09:41:39",11232
"2020-07-23 10:41:42",11232
"2020-07-23 11:41:38",11232
"2020-07-23 13:07:29",11231
"2020-07-23 13:41:51",11231
"2020-07-23 14:41:37",11256
"2020-07-23 15:41:42",11263
"2020-07-23 16:41:34",11263
"2020-07-23 17:41:38",11258
"2020-07-23 18:41:35",11255
"2020-07-23 19:41:41",11265
"2020-07-23 20:41:37",11273
"2020-07-23 21:41:39",11281
"2020-07-23 22:41:39",11280
"2020-07-23 23:41:32",11280
"2020-07-24 00:41:44",11280
"2020-07-24 01:41:36",11280
"2020-07-24 02:41:37",11280
"2020-07-24 03:41:39",11280
"2020-07-24 04:41:36",11280
"2020-07-24 05:41:42",11280
"2020-07-24 06:41:32",11280
"2020-07-24 07:41:42",11280
"2020-07-24 08:41:38",11280
"2020-07-24 09:41:41",11280
"2020-07-24 10:41:38",11280
"2020-07-24 11:41:37",11280
"2020-07-24 12:41:40",11280
"2020-07-24 13:41:35",11282
"2020-07-24 14:41:37",11274
"2020-07-24 15:41:43",11262
"2020-07-24 16:41:38",11250
"2020-07-24 17:41:33",11241
"2020-07-24 18:41:38",11242
"2020-07-24 19:41:35",11236
"2020-07-24 20:41:40",11243
"2020-07-24 21:41:31",11242
"2020-07-24 22:41:39",11242
"2020-07-24 23:41:38",11242
"2020-07-25 00:41:35",11242
"2020-07-25 01:41:34",11242
"2020-07-25 02:41:37",11242
"2020-07-25 03:41:40",11242
"2020-07-25 04:41:37",11242
"2020-07-25 05:41:39",11242
"2020-07-25 06:41:36",11241
"2020-07-25 07:41:45",11241
"2020-07-25 08:41:42",11241
"2020-07-25 09:41:36",11241
"2020-07-25 10:41:32",11241
"2020-07-25 11:41:42",11241
"2020-07-25 12:41:38",11241
"2020-07-25 13:41:41",11241
"2020-07-25 14:41:37",11241
"2020-07-25 15:41:38",11241
"2020-07-25 16:41:40",11241
"2020-07-25 17:41:38",11241
"2020-07-25 18:41:38",11241
"2020-07-25 19:41:35",11241
"2020-07-25 20:41:42",11241
"2020-07-25 21:41:38",11241
"2020-07-25 22:41:37",11241
"2020-07-25 23:41:39",11241
"2020-07-26 00:41:37",11241
"2020-07-26 01:41:40",11241
"2020-07-26 02:41:43",11241
"2020-07-26 03:41:37",11241
"2020-07-26 04:41:38",11241
"2020-07-26 05:41:39",11241
"2020-07-26 06:41:38",11241
"2020-07-26 07:41:37",11241
"2020-07-26 08:41:37",11241
"2020-07-26 09:41:38",11241
"2020-07-26 10:41:35",11241
"2020-07-26 11:41:40",11241
"2020-07-26 12:41:43",11241
"2020-07-26 13:41:44",11241
"2020-07-26 14:41:34",11241
"2020-07-26 15:41:39",11241
"2020-07-26 16:41:38",11241
"2020-07-26 17:41:37",11241
"2020-07-26 18:41:40",11241
"2020-07-26 19:41:37",11241
"2020-07-26 20:41:38",11241
"2020-07-26 21:41:42",11241
"2020-07-26 22:41:42",11241
"2020-07-26 23:41:38",11241
"2020-07-27 00:41:42",11241
"2020-07-27 01:41:38",11241
"2020-07-27 02:41:45",11241
"2020-07-27 03:41:45",11241
"2020-07-27 04:41:40",11241
"2020-07-27 05:41:46",11241
"2020-07-27 06:41:43",11241
"2020-07-27 07:41:42",11241
"2020-07-27 08:41:39",11241
"2020-07-27 09:41:39",11241
"2020-07-27 10:41:33",11241
"2020-07-27 11:41:41",11241
"2020-07-27 12:41:39",11241
"2020-07-27 13:41:39",11242
"2020-07-27 14:41:42",11228
"2020-07-27 15:41:43",11214
"2020-07-27 16:41:44",11213
"2020-07-27 17:41:45",11210
"2020-07-27 18:41:45",11198
"2020-07-27 19:41:38",11188
"2020-07-27 20:41:45",11182
"2020-07-27 21:41:39",11184
"2020-07-27 22:41:40",11189
"2020-07-27 23:41:41",11189
"2020-07-28 00:41:49",11189
"2020-07-28 01:41:45",11189
"2020-07-28 02:41:51",11189
"2020-07-28 03:41:47",11189
"2020-07-28 04:41:50",11189
"2020-07-28 07:03:46",11189
"2020-07-28 07:05:07",11189
"2020-07-28 07:41:40",11189
"2020-07-28 08:41:36",11189
"2020-07-28 09:41:39",11189
"2020-07-28 10:41:40",11189
"2020-07-28 11:41:40",11189
"2020-07-28 13:11:01",11187
"2020-07-28 13:41:41",11187
"2020-07-28 14:41:37",11187
"2020-07-28 15:41:40",11191
"2020-07-28 16:41:40",11176
"2020-07-28 17:41:34",11176
"2020-07-28 18:41:36",11172
"2020-07-28 19:41:41",11179
"2020-07-28 20:41:39",11178
"2020-07-28 21:41:36",11177
"2020-07-28 22:41:43",11178
"2020-07-28 23:41:45",11178
"2020-07-29 00:41:38",11178
"2020-07-29 01:41:45",11178
"2020-07-29 02:41:34",11178
"2020-07-29 03:41:39",11178
"2020-07-29 04:41:35",11178
"2020-07-29 05:41:45",11178
"2020-07-29 06:41:34",11177
"2020-07-29 07:41:40",11177
"2020-07-29 08:41:40",11177
"2020-07-29 09:41:41",11177
"2020-07-29 10:41:45",11177
"2020-07-29 11:41:44",11177
"2020-07-29 13:13:32",11175
"2020-07-29 13:41:43",11175
"2020-07-29 14:41:45",11183
"2020-07-29 15:41:45",11161
"2020-07-29 16:42:02",11156
"2020-07-29 17:41:46",11152
"2020-07-29 18:41:45",11155
"2020-07-29 19:41:43",11153
"2020-07-29 20:41:46",11152
"2020-07-29 21:41:45",11153
"2020-07-29 22:41:46",11152
"2020-07-29 23:41:47",11152
"2020-07-30 00:41:45",11152
"2020-07-30 01:41:47",11152
"2020-07-30 02:41:46",11152
"2020-07-30 03:41:46",11152
"2020-07-30 04:41:47",11151
"2020-07-30 05:41:46",11151
"2020-07-30 06:41:43",11151
"2020-07-30 07:41:45",11151
"2020-07-30 08:41:49",11151
"2020-07-30 09:41:43",11151
"2020-07-30 10:41:43",11151
"2020-07-30 11:41:44",11151
"2020-07-30 13:06:01",11151
"2020-07-30 13:41:47",11151
"2020-07-30 14:41:45",11183
"2020-07-30 15:41:45",11176
"2020-07-30 16:41:39",11173
"2020-07-30 17:41:46",11167
"2020-07-30 18:41:45",11171
"2020-07-30 19:41:44",11165
"2020-07-30 20:41:39",11175
"2020-07-30 21:41:42",11170
"2020-07-30 22:41:43",11169
"2020-07-30 23:41:37",11169
"2020-07-31 00:41:47",11169
"2020-07-31 01:41:37",11169
"2020-07-31 02:41:44",11169
"2020-07-31 03:41:40",11169
"2020-07-31 04:41:36",11169
"2020-07-31 05:41:39",11169
"2020-07-31 06:41:34",11169
"2020-07-31 07:41:43",11169
"2020-07-31 08:41:40",11169
"2020-07-31 09:41:38",11169
"2020-07-31 10:41:35",11169
"2020-07-31 11:41:34",11169
"2020-07-31 12:41:36",11169
"2020-07-31 13:41:47",11169
"2020-07-31 14:41:36",11166
"2020-07-31 15:41:39",11143
"2020-07-31 16:41:44",11136
"2020-07-31 17:41:40",11149
"2020-07-31 18:41:41",11147
"2020-07-31 19:41:41",11142
"2020-07-31 20:41:40",11143
"2020-07-31 21:41:42",11144
"2020-07-31 22:41:39",11146
"2020-07-31 23:41:42",11146
"2020-08-01 00:41:45",11146
"2020-08-01 01:41:35",11146
"2020-08-01 02:41:35",11146
"2020-08-01 03:41:41",11146
"2020-08-01 04:41:43",11146
"2020-08-01 05:41:41",11146
"2020-08-01 06:41:41",11146
"2020-08-01 07:41:45",11146
"2020-08-01 08:41:45",11146
"2020-08-01 09:41:43",11146
"2020-08-01 10:41:40",11146
"2020-08-01 11:41:38",11146
"2020-08-01 12:41:39",11146
"2020-08-01 13:41:41",11146
"2020-08-01 14:41:35",11146
"2020-08-01 15:41:56",11146
"2020-08-01 16:41:47",11146
"2020-08-01 17:41:39",11146
"2020-08-01 18:41:38",11146
"2020-08-01 19:41:40",11146
"2020-08-01 20:41:38",11146
"2020-08-01 21:41:38",11146
"2020-08-01 22:41:38",11146
"2020-08-01 23:41:41",11146
"2020-08-02 00:41:46",11146
"2020-08-02 01:41:39",11146
"2020-08-02 02:41:34",11146
"2020-08-02 03:41:46",11146
"2020-08-02 04:41:35",11146
"2020-08-02 05:41:42",11146
"2020-08-02 06:41:43",11146
"2020-08-02 07:41:43",11146
"2020-08-02 08:41:43",11146
"2020-08-02 09:41:45",11146
"2020-08-02 10:41:44",11146
"2020-08-02 11:41:35",11146
"2020-08-02 12:41:40",11146
"2020-08-02 13:41:37",11146
"2020-08-02 14:41:35",11146
"2020-08-02 15:41:47",11146
"2020-08-02 16:41:34",11146
"2020-08-02 17:41:41",11146
"2020-08-02 18:41:40",11146
"2020-08-02 19:41:41",11146
"2020-08-02 20:41:36",11146
"2020-08-02 21:41:40",11146
"2020-08-02 22:41:41",11146
"2020-08-02 23:41:43",11146
"2020-08-03 00:41:44",11146
"2020-08-03 01:41:42",11146
"2020-08-03 02:41:40",11146
"2020-08-03 03:41:41",11146
"2020-08-03 04:41:39",11146
"2020-08-03 05:41:44",11146
"2020-08-03 06:41:35",11146
"2020-08-03 07:41:41",11146
"2020-08-03 08:41:39",11146
"2020-08-03 09:41:45",11146
"2020-08-03 10:41:41",11146
"2020-08-03 11:41:38",11146
"2020-08-03 12:41:43",11146
"2020-08-03 13:41:44",11147
"2020-08-03 14:41:39",11114
"2020-08-03 15:41:47",11109
"2020-08-03 16:41:42",11103
"2020-08-03 17:41:42",11103
"2020-08-03 18:41:38",11103
"2020-08-03 19:41:41",11101
"2020-08-03 20:41:39",11100
"2020-08-03 21:41:37",11108
"2020-08-03 22:41:39",11109
"2020-08-03 23:41:43",11109
"2020-08-04 00:41:46",11109
"2020-08-04 01:41:45",11109
"2020-08-04 02:41:44",11109
"2020-08-04 03:41:44",11109
"2020-08-04 04:41:52",11109
"2020-08-04 05:41:40",11109
"2020-08-04 06:41:41",11109
"2020-08-04 07:41:36",11109
"2020-08-04 08:41:48",11109
"2020-08-04 09:41:40",11109
"2020-08-04 10:41:34",11109
"2020-08-04 11:41:39",11109
"2020-08-04 12:41:34",11109
"2020-08-04 13:41:48",11108
"2020-08-04 14:41:41",11105
"2020-08-04 15:41:42",11093
"2020-08-04 16:41:41",11102
"2020-08-04 17:41:43",11106
"2020-08-04 18:41:50",11113
"2020-08-04 19:41:37",11117
"2020-08-04 20:41:41",11119
"2020-08-04 21:41:43",11117
"2020-08-04 22:41:41",11116
"2020-08-04 23:41:48",11116
"2020-08-05 00:41:45",11116
"2020-08-05 01:41:46",11116
"2020-08-05 02:41:38",11116
"2020-08-05 03:41:47",11116
"2020-08-05 04:41:44",11116
"2020-08-05 05:41:42",11116
"2020-08-05 06:41:35",11116
"2020-08-05 07:41:36",11116
"2020-08-05 08:41:43",11116
"2020-08-05 09:41:48",11116
"2020-08-05 10:41:40",11116
"2020-08-05 11:41:41",11116
"2020-08-05 13:09:33",11115
"2020-08-05 13:41:52",11115
"2020-08-05 14:41:43",11113
"2020-08-05 15:41:39",11113
"2020-08-05 16:41:39",11094
"2020-08-05 17:41:39",11097
"2020-08-05 18:41:41",11096
"2020-08-05 19:41:44",11089
"2020-08-05 20:41:38",11084
"2020-08-05 21:41:40",11082
"2020-08-05 22:41:44",11081
"2020-08-05 23:41:41",11081
"2020-08-06 00:41:50",11081
"2020-08-06 01:41:41",11081
"2020-08-06 02:41:40",11081
"2020-08-06 03:41:44",11081
"2020-08-06 04:41:40",11081
"2020-08-06 05:41:54",11080
"2020-08-06 06:41:44",11080
"2020-08-06 07:41:45",11080
"2020-08-06 08:41:49",11080
"2020-08-06 09:41:40",11080
"2020-08-06 10:41:46",11080
"2020-08-06 11:41:39",11080
"2020-08-06 12:41:45",11080
"2020-08-06 13:41:36",11080
"2020-08-06 14:41:34",11075
"2020-08-06 15:41:40",11063
"2020-08-06 16:41:45",11056
"2020-08-06 17:41:40",11059
"2020-08-06 18:41:39",11062
"2020-08-06 19:41:41",11062
"2020-08-06 20:41:44",11058
"2020-08-06 21:41:42",11062
"2020-08-06 22:41:36",11062
"2020-08-06 23:41:46",11062
"2020-08-07 00:41:41",11062
"2020-08-07 01:41:43",11062
"2020-08-07 02:41:41",11062
"2020-08-07 03:41:38",11062
"2020-08-07 04:41:45",11062
"2020-08-07 05:41:43",11062
"2020-08-07 06:41:37",11062
"2020-08-07 07:41:43",11062
"2020-08-07 08:41:41",11062
"2020-08-07 09:41:39",11062
"2020-08-07 10:41:40",11062
"2020-08-07 11:41:34",11062
"2020-08-07 12:41:36",11062
"2020-08-07 13:41:40",11062
"2020-08-07 14:41:36",11029
"2020-08-07 15:41:45",11024
"2020-08-07 16:41:40",11018
"2020-08-07 17:41:40",11018
"2020-08-07 18:41:42",11013
"2020-08-07 19:41:36",11013
"2020-08-07 20:41:44",11009
"2020-08-07 21:41:41",11009
"2020-08-07 22:41:40",11007
"2020-08-07 23:41:40",11007
"2020-08-08 00:41:37",11007
"2020-08-08 01:41:45",11007
"2020-08-08 02:41:39",11007
"2020-08-08 03:41:35",11007
"2020-08-08 04:41:36",11007
"2020-08-08 05:41:38",11007
"2020-08-08 06:41:41",11007
"2020-08-08 07:41:41",11007
"2020-08-08 08:41:48",11007
"2020-08-08 09:41:39",11007
"2020-08-08 10:41:40",11007
"2020-08-08 11:41:42",11007
"2020-08-08 12:41:39",11007
"2020-08-08 13:41:40",11007
"2020-08-08 14:41:40",11007
"2020-08-08 15:41:40",11007
"2020-08-08 16:41:41",11007
"2020-08-08 17:41:38",11007
"2020-08-08 18:41:36",11007
"2020-08-08 19:41:41",11007
"2020-08-08 20:41:47",11007
"2020-08-08 21:41:42",11007
"2020-08-08 22:41:41",11007
"2020-08-08 23:41:45",11007
"2020-08-09 00:41:49",11007
"2020-08-09 01:41:42",11007
"2020-08-09 02:41:45",11007
"2020-08-09 03:41:48",11007
"2020-08-09 04:41:41",11007
"2020-08-09 05:41:48",11007
"2020-08-09 06:41:43",11007
"2020-08-09 07:41:43",11007
"2020-08-09 08:41:36",11007
"2020-08-09 09:41:42",11007
"2020-08-09 10:41:38",11007
"2020-08-09 11:41:35",11007
"2020-08-09 12:41:40",11007
"2020-08-09 13:41:47",11007
"2020-08-09 14:41:44",11007
"2020-08-09 15:41:41",11007
"2020-08-09 16:41:47",11007
"2020-08-09 17:41:40",11007
"2020-08-09 18:41:43",11007
"2020-08-09 19:41:45",11007
"2020-08-09 20:41:43",11007
"2020-08-09 21:41:42",11007
"2020-08-09 22:41:42",11007
"2020-08-09 23:41:41",11007
"2020-08-10 00:41:46",11007
"2020-08-10 01:41:42",11007
"2020-08-10 02:41:46",11007
"2020-08-10 03:41:40",11007
"2020-08-10 04:41:38",11007
"2020-08-10 05:41:40",11007
"2020-08-10 06:41:35",11007
"2020-08-10 07:41:36",11007
"2020-08-10 08:41:45",11007
"2020-08-10 09:41:40",11007
"2020-08-10 10:41:41",11007
"2020-08-10 11:41:40",11007
"2020-08-10 12:41:35",11007
"2020-08-10 13:41:43",11004
"2020-08-10 14:41:42",11024
"2020-08-10 15:41:48",11007
"2020-08-10 16:41:41",11007
"2020-08-10 17:41:45",11003
"2020-08-10 18:41:42",10995
"2020-08-10 19:41:46",10989
"2020-08-10 20:41:39",10991
"2020-08-10 21:41:46",10994
"2020-08-10 22:41:36",10993
"2020-08-10 23:41:39",10993
